dataset,mu_size,nu_size,cost,iterations,error,cost_rerr,time_unit,time,time_counter,gpu_mem_unit,peak_gpu_mem,combined_peak_gpu_ram,peak_gpu_util_pct,mean_gpu_util_pct,peak_ram_MiB,combined_peak_ram_MiB,max_cpu_util_pct,mean_cpu_util_pct,status,name,reg,maxiter
1D-gaussian-1c-32p,32,32,0.1260124076223937,11,1.0133394846210137e-16,,seconds,0.0,0.0024944879114627,megabytes,0.0,0.0,0.0,0.0,0.0,0.0,0.0,0.0,success,sinkhorn,1.0,100000
1D-gaussian-1c-32p,32,32,0.0074077707676164,11,8.334040486704435e-17,,seconds,0.0,0.0023869965225458,megabytes,0.0,0.0,0.0,0.0,0.0,0.0,0.0,0.0,success,sinkhorn,1.0,100000
1D-gaussian-1c-32p,32,32,0.0531170522563095,11,1.1102231569740467e-16,,seconds,0.0,0.0024209916591644,megabytes,0.0,0.0,0.0,0.0,0.0,0.0,0.0,0.0,success,sinkhorn,1.0,100000
1D-gaussian-1c-32p,32,32,0.2752044147789894,11,1.1188719530203923e-16,,seconds,0.0,0.0023772846907377,megabytes,0.0,0.0,0.0,0.0,0.0,0.0,0.0,0.0,success,sinkhorn,1.0,100000
1D-gaussian-1c-32p,32,32,0.4059174932078423,11,5.732469717779556e-17,,seconds,0.0,0.0023761764168739,megabytes,0.0,0.0,0.0,0.0,0.0,0.0,0.0,0.0,success,sinkhorn,1.0,100000
1D-gaussian-1c-32p,32,32,1.2468314532166374,11,1.144392213219615e-16,,seconds,0.0,0.0024167746305465,megabytes,0.0,0.0,0.0,0.0,0.0,0.0,0.0,0.0,success,sinkhorn,1.0,100000
1D-gaussian-1c-32p,32,32,0.3045595513068894,11,1.1188630228279544e-16,,seconds,0.0,0.0023486409336328,megabytes,0.0,0.0,0.0,0.0,0.0,0.0,0.0,0.0,success,sinkhorn,1.0,100000
1D-gaussian-1c-32p,32,32,0.5961204183069457,11,6.397968936961176e-17,,seconds,0.0,0.0023441668599843,megabytes,0.0,0.0,0.0,0.0,0.0,0.0,0.0,0.0,success,sinkhorn,1.0,100000
1D-gaussian-1c-32p,32,32,0.0340675923794042,11,5.721958538289194e-17,,seconds,0.0,0.0023518204689025,megabytes,0.0,0.0,0.0,0.0,0.0,0.0,0.0,0.0,success,sinkhorn,1.0,100000
1D-gaussian-1c-32p,32,32,0.0286741651191234,11,6.206951502561728e-17,,seconds,0.0,0.0022071432322263,megabytes,0.0,0.0,0.0,0.0,0.0,0.0,0.0,0.0,success,sinkhorn,1.0,100000
1D-gaussian-1c-32p,32,32,0.0891831135818453,11,5.725245167486163e-17,,seconds,0.0,0.0023469123989343,megabytes,0.0,0.0,0.0,0.0,0.0,0.0,0.0,0.0,success,sinkhorn,1.0,100000
1D-gaussian-1c-32p,32,32,0.0909952030654532,11,6.21610086024589e-17,,seconds,0.0,0.0023213122040033,megabytes,0.0,0.0,0.0,0.0,0.0,0.0,0.0,0.0,success,sinkhorn,1.0,100000
1D-gaussian-1c-32p,32,32,0.0167952443332976,11,2.225049137275502e-16,,seconds,0.0,0.0023665949702262,megabytes,0.0,0.0,0.0,0.0,0.0,0.0,0.0,0.0,success,sinkhorn,1.0,100000
1D-gaussian-1c-32p,32,32,0.006578311565228,11,3.925231150365094e-17,,seconds,0.0,0.0021991953253746,megabytes,0.0,0.0,0.0,0.0,0.0,0.0,0.0,0.0,success,sinkhorn,1.0,100000
1D-gaussian-1c-32p,32,32,0.1040114237340906,11,6.400283375059309e-17,,seconds,0.0,0.0023257490247488,megabytes,0.0,0.0,0.0,0.0,0.0,0.0,0.0,0.0,success,sinkhorn,1.0,100000
1D-gaussian-1c-32p,32,32,0.1359450296779727,11,6.206373855346191e-17,,seconds,0.0,0.0024500209838151,megabytes,0.0,0.0,0.0,0.0,0.0,0.0,0.0,0.0,success,sinkhorn,1.0,100000
1D-gaussian-1c-32p,32,32,0.3745339706621229,11,1.6004664019585816e-16,,seconds,0.0,0.0023062080144882,megabytes,0.0,0.0,0.0,0.0,0.0,0.0,0.0,0.0,success,sinkhorn,1.0,100000
1D-gaussian-1c-32p,32,32,0.2963975465040159,11,2.306599304766198e-16,,seconds,0.0,0.0024255253374576,megabytes,0.0,0.0,0.0,0.0,0.0,0.0,0.0,0.0,success,sinkhorn,1.0,100000
1D-gaussian-1c-32p,32,32,0.1521159178652697,11,1.112431592146854e-16,,seconds,0.0,0.0023463554680347,megabytes,0.0,0.0,0.0,0.0,0.0,0.0,0.0,0.0,success,sinkhorn,1.0,100000
1D-gaussian-1c-32p,32,32,0.0800694824996346,11,5.595663022856003e-17,,seconds,0.0,0.002272468060255,megabytes,0.0,0.0,0.0,0.0,0.0,0.0,0.0,0.0,success,sinkhorn,1.0,100000
1D-gaussian-1c-32p,32,32,0.0701590503063847,11,1.1102569054260746e-16,,seconds,0.0,0.0022751856595277,megabytes,0.0,0.0,0.0,0.0,0.0,0.0,0.0,0.0,success,sinkhorn,1.0,100000
1D-gaussian-1c-32p,32,32,0.021522998410928,11,5.562622843229091e-17,,seconds,0.0,0.0025279410183429,megabytes,0.0,0.0,0.0,0.0,0.0,0.0,0.0,0.0,success,sinkhorn,1.0,100000
1D-gaussian-1c-32p,32,32,0.0806053258449168,11,6.369060288287223e-17,,seconds,0.0,0.002335013821721,megabytes,0.0,0.0,0.0,0.0,0.0,0.0,0.0,0.0,success,sinkhorn,1.0,100000
1D-gaussian-1c-32p,32,32,0.5365202207305426,11,1.2412973806329319e-16,,seconds,0.0,0.0024257637560367,megabytes,0.0,0.0,0.0,0.0,0.0,0.0,0.0,0.0,success,sinkhorn,1.0,100000
1D-gaussian-1c-32p,32,32,0.0742860733483558,11,6.225702340681588e-17,,seconds,0.0,0.0023236032575368,megabytes,0.0,0.0,0.0,0.0,0.0,0.0,0.0,0.0,success,sinkhorn,1.0,100000
1D-gaussian-1c-32p,32,32,0.1372960379502417,11,1.2412973806257074e-16,,seconds,0.0,0.0023527182638645,megabytes,0.0,0.0,0.0,0.0,0.0,0.0,0.0,0.0,success,sinkhorn,1.0,100000
1D-gaussian-1c-32p,32,32,0.6678854524097633,11,6.941231453974858e-17,,seconds,0.0,0.0028075389564037,megabytes,0.0,0.0,0.0,0.0,0.0,0.0,0.0,0.0,success,sinkhorn,1.0,100000
1D-gaussian-1c-32p,32,32,0.5295859227267424,11,5.722000227120149e-17,,seconds,0.0,0.0023067686706781,megabytes,0.0,0.0,0.0,0.0,0.0,0.0,0.0,0.0,success,sinkhorn,1.0,100000
1D-gaussian-1c-32p,32,32,0.2176081923024536,11,6.211182190093513e-17,,seconds,0.0,0.0023856423795223,megabytes,0.0,0.0,0.0,0.0,0.0,0.0,0.0,0.0,success,sinkhorn,1.0,100000
1D-gaussian-1c-32p,32,32,0.1662381487776352,11,5.5517927184681e-17,,seconds,0.0,0.0024054870009422,megabytes,0.0,0.0,0.0,0.0,0.0,0.0,0.0,0.0,success,sinkhorn,1.0,100000
1D-gaussian-1c-64p,64,64,0.0168078283924913,11,6.400294853971722e-17,,seconds,0.4408493041992187,0.44013761729002,megabytes,88268.0,88268.0,0.0,0.0,0.043659264,0.043659264,0.70078125,0.529296875,success,sinkhorn,1.0,100000
1D-gaussian-1c-64p,64,64,0.137233340652627,11,6.567509922694652e-17,,seconds,0.0,0.0023623034358024,megabytes,0.0,0.0,0.0,0.0,0.0,0.0,0.0,0.0,success,sinkhorn,1.0,100000
1D-gaussian-1c-64p,64,64,0.0808824925110002,11,4.871205859211315e-17,,seconds,0.0,0.0024994332343339,megabytes,0.0,0.0,0.0,0.0,0.0,0.0,0.0,0.0,success,sinkhorn,1.0,100000
1D-gaussian-1c-64p,64,64,0.126012407622446,11,3.758117739181687e-17,,seconds,0.0,0.0027458705008029,megabytes,0.0,0.0,0.0,0.0,0.0,0.0,0.0,0.0,success,sinkhorn,1.0,100000
1D-gaussian-1c-64p,64,64,0.006561571646203,11,8.107170688483359e-17,,seconds,0.0,0.0023026838898658,megabytes,0.0,0.0,0.0,0.0,0.0,0.0,0.0,0.0,success,sinkhorn,1.0,100000
1D-gaussian-1c-64p,64,64,0.0286741650255774,11,2.950629206317021e-17,,seconds,0.0,0.0026864260435104,megabytes,0.0,0.0,0.0,0.0,0.0,0.0,0.0,0.0,success,sinkhorn,1.0,100000
1D-gaussian-1c-64p,64,64,0.406079864537283,11,4.870083662941674e-17,,seconds,0.0,0.0023912154138088,megabytes,0.0,0.0,0.0,0.0,0.0,0.0,0.0,0.0,success,sinkhorn,1.0,100000
1D-gaussian-1c-64p,64,64,0.0909952884813469,11,6.973502627933963e-17,,seconds,0.0,0.0024265572428703,megabytes,0.0,0.0,0.0,0.0,0.0,0.0,0.0,0.0,success,sinkhorn,1.0,100000
1D-gaussian-1c-64p,64,64,0.3745194662746733,11,3.986164855493405e-17,,seconds,0.0,0.0024174116551876,megabytes,0.0,0.0,0.0,0.0,0.0,0.0,0.0,0.0,success,sinkhorn,1.0,100000
1D-gaussian-1c-64p,64,64,0.5942144017056511,11,6.245192742557284e-17,,seconds,0.0,0.0024713035672903,megabytes,0.0,0.0,0.0,0.0,0.0,0.0,0.0,0.0,success,sinkhorn,1.0,100000
1D-gaussian-1c-64p,64,64,0.3053164570599055,11,4.165158167485056e-17,,seconds,0.0,0.0024520736187696,megabytes,0.0,0.0,0.0,0.0,0.0,0.0,0.0,0.0,success,sinkhorn,1.0,100000
1D-gaussian-1c-64p,64,64,0.0340675938584028,11,5.076845457057108e-17,,seconds,0.0,0.0024113021790981,megabytes,0.0,0.0,0.0,0.0,0.0,0.0,0.0,0.0,success,sinkhorn,1.0,100000
1D-gaussian-1c-64p,64,64,0.1521159183308799,11,5.204939054433524e-17,,seconds,0.0,0.0024717506021261,megabytes,0.0,0.0,0.0,0.0,0.0,0.0,0.0,0.0,success,sinkhorn,1.0,100000
1D-gaussian-1c-64p,64,64,0.1662893635694464,11,8.470117510120234e-17,,seconds,0.0,0.0024430658668279,megabytes,0.0,0.0,0.0,0.0,0.0,0.0,0.0,0.0,success,sinkhorn,1.0,100000
1D-gaussian-1c-64p,64,64,0.0074050595888516,11,3.199847884084331e-17,,seconds,0.0,0.002694210037589,megabytes,0.0,0.0,0.0,0.0,0.0,0.0,0.0,0.0,success,sinkhorn,1.0,100000
1D-gaussian-1c-64p,64,64,0.0891831131031452,11,9.752436584965141e-17,,seconds,0.0,0.0024081692099571,megabytes,0.0,0.0,0.0,0.0,0.0,0.0,0.0,0.0,success,sinkhorn,1.0,100000
1D-gaussian-1c-64p,64,64,0.0531419923052616,11,1.8200009706873643e-16,,seconds,0.0,0.0023182816803455,megabytes,0.0,0.0,0.0,0.0,0.0,0.0,0.0,0.0,success,sinkhorn,1.0,100000
1D-gaussian-1c-64p,64,64,0.2960551851950613,11,6.511570722111422e-17,,seconds,0.0,0.0023506544530391,megabytes,0.0,0.0,0.0,0.0,0.0,0.0,0.0,0.0,success,sinkhorn,1.0,100000
1D-gaussian-1c-64p,64,64,0.2176081906210666,11,5.0187670664140673e-17,,seconds,0.0,0.0027500018477439,megabytes,0.0,0.0,0.0,0.0,0.0,0.0,0.0,0.0,success,sinkhorn,1.0,100000
1D-gaussian-1c-64p,64,64,0.275508505398281,11,1.3952474228572463e-16,,seconds,0.0,0.0024045892059803,megabytes,0.0,0.0,0.0,0.0,0.0,0.0,0.0,0.0,success,sinkhorn,1.0,100000
1D-gaussian-1c-64p,64,64,0.0215214123173236,11,3.435689413326733e-17,,seconds,0.0,0.0026815179735422,megabytes,0.0,0.0,0.0,0.0,0.0,0.0,0.0,0.0,success,sinkhorn,1.0,100000
1D-gaussian-1c-64p,64,64,0.0800694824988212,11,4.020932259813113e-17,,seconds,0.0,0.0024820752441883,megabytes,0.0,0.0,0.0,0.0,0.0,0.0,0.0,0.0,success,sinkhorn,1.0,100000
1D-gaussian-1c-64p,64,64,0.070564464255429,11,6.838429012458524e-17,,seconds,0.0,0.0024232175201177,megabytes,0.0,0.0,0.0,0.0,0.0,0.0,0.0,0.0,success,sinkhorn,1.0,100000
1D-gaussian-1c-64p,64,64,0.1359487637340116,11,6.255247601572334e-17,,seconds,0.0,0.0024070236831903,megabytes,0.0,0.0,0.0,0.0,0.0,0.0,0.0,0.0,success,sinkhorn,1.0,100000
1D-gaussian-1c-64p,64,64,0.537428688218611,11,6.834086805508552e-17,,seconds,0.0,0.0022982042282819,megabytes,0.0,0.0,0.0,0.0,0.0,0.0,0.0,0.0,success,sinkhorn,1.0,100000
1D-gaussian-1c-64p,64,64,0.5294117579590129,11,8.106933249596001e-17,,seconds,0.0,0.0024474505335092,megabytes,0.0,0.0,0.0,0.0,0.0,0.0,0.0,0.0,success,sinkhorn,1.0,100000
1D-gaussian-1c-64p,64,64,0.0742860747625797,11,4.221669478636645e-17,,seconds,0.0,0.0023281630128622,megabytes,0.0,0.0,0.0,0.0,0.0,0.0,0.0,0.0,success,sinkhorn,1.0,100000
1D-gaussian-1c-64p,64,64,0.1040114237144481,11,5.4259093305019787e-17,,seconds,0.0,0.0026440098881721,megabytes,0.0,0.0,0.0,0.0,0.0,0.0,0.0,0.0,success,sinkhorn,1.0,100000
1D-gaussian-1c-64p,64,64,1.2470639823770364,11,7.974550208984942e-17,,seconds,0.0,0.0024491921067237,megabytes,0.0,0.0,0.0,0.0,0.0,0.0,0.0,0.0,success,sinkhorn,1.0,100000
1D-gaussian-1c-64p,64,64,0.6678854371682997,11,3.330677483017528e-17,,seconds,0.0,0.0023676287382841,megabytes,0.0,0.0,0.0,0.0,0.0,0.0,0.0,0.0,success,sinkhorn,1.0,100000
1D-gaussian-1c-128p,128,128,0.0286741650255774,11,6.273402415475413e-17,,seconds,0.459054946899414,0.4562142919749021,megabytes,88268.0,88268.0,0.0,0.0,0.04419584,0.04419584,0.68671875,0.51875,success,sinkhorn,1.0,100000
1D-gaussian-1c-128p,128,128,1.2470639823243506,11,2.97097734429897e-17,,seconds,0.0,0.0024929195642471,megabytes,0.0,0.0,0.0,0.0,0.0,0.0,0.0,0.0,success,sinkhorn,1.0,100000
1D-gaussian-1c-128p,128,128,0.0074050592864055,11,5.3785290131866715e-17,,seconds,0.0,0.002561654895544,megabytes,0.0,0.0,0.0,0.0,0.0,0.0,0.0,0.0,success,sinkhorn,1.0,100000
1D-gaussian-1c-128p,128,128,0.0909952788801742,11,6.672437294742675e-17,,seconds,0.0,0.0025342255830764,megabytes,0.0,0.0,0.0,0.0,0.0,0.0,0.0,0.0,success,sinkhorn,1.0,100000
1D-gaussian-1c-128p,128,128,0.0891831131022194,11,4.07015499402678e-17,,seconds,0.0,0.002487314864993,megabytes,0.0,0.0,0.0,0.0,0.0,0.0,0.0,0.0,success,sinkhorn,1.0,100000
1D-gaussian-1c-128p,128,128,0.0800694824988211,11,2.7607616841754906e-17,,seconds,0.0,0.0025744512677192,megabytes,0.0,0.0,0.0,0.0,0.0,0.0,0.0,0.0,success,sinkhorn,1.0,100000
1D-gaussian-1c-128p,128,128,0.1260124076223497,11,3.580133710484228e-17,,seconds,0.0,0.0025731809437274,megabytes,0.0,0.0,0.0,0.0,0.0,0.0,0.0,0.0,success,sinkhorn,1.0,100000
1D-gaussian-1c-128p,128,128,0.0215214123173236,11,3.872492071504913e-17,,seconds,0.0,0.0027372278273105,megabytes,0.0,0.0,0.0,0.0,0.0,0.0,0.0,0.0,success,sinkhorn,1.0,100000
1D-gaussian-1c-128p,128,128,0.0808824777681778,11,4.2385528139105315e-17,,seconds,0.0,0.0025984309613704,megabytes,0.0,0.0,0.0,0.0,0.0,0.0,0.0,0.0,success,sinkhorn,1.0,100000
1D-gaussian-1c-128p,128,128,0.2960551851950906,11,6.856694355320861e-17,,seconds,0.0,0.0024753883481025,megabytes,0.0,0.0,0.0,0.0,0.0,0.0,0.0,0.0,success,sinkhorn,1.0,100000
1D-gaussian-1c-128p,128,128,0.0742860731450346,11,3.169215300604969e-17,,seconds,0.0,0.0023835860192775,megabytes,0.0,0.0,0.0,0.0,0.0,0.0,0.0,0.0,success,sinkhorn,1.0,100000
1D-gaussian-1c-128p,128,128,0.0531419923052735,11,6.450165887170933e-17,,seconds,0.0,0.0024274997413158,megabytes,0.0,0.0,0.0,0.0,0.0,0.0,0.0,0.0,success,sinkhorn,1.0,100000
1D-gaussian-1c-128p,128,128,0.4060798645372822,11,4.002118238472379e-17,,seconds,0.0,0.0023612938821315,megabytes,0.0,0.0,0.0,0.0,0.0,0.0,0.0,0.0,success,sinkhorn,1.0,100000
1D-gaussian-1c-128p,128,128,0.104011423714448,11,3.3930562649746946e-17,,seconds,0.0,0.0024406518787145,megabytes,0.0,0.0,0.0,0.0,0.0,0.0,0.0,0.0,success,sinkhorn,1.0,100000
1D-gaussian-1c-128p,128,128,0.0340675938584026,11,4.599249026000345e-17,,seconds,0.0,0.0024151112884283,megabytes,0.0,0.0,0.0,0.0,0.0,0.0,0.0,0.0,success,sinkhorn,1.0,100000
1D-gaussian-1c-128p,128,128,0.1521159183308799,11,3.763627660586044e-17,,seconds,0.0,0.0024954155087471,megabytes,0.0,0.0,0.0,0.0,0.0,0.0,0.0,0.0,success,sinkhorn,1.0,100000
1D-gaussian-1c-128p,128,128,0.5942144021267551,11,4.2317277760405043e-17,,seconds,0.0,0.0024417545646429,megabytes,0.0,0.0,0.0,0.0,0.0,0.0,0.0,0.0,success,sinkhorn,1.0,100000
1D-gaussian-1c-128p,128,128,0.2176081906210619,11,3.546012466570292e-17,,seconds,0.0,0.0024462603032588,megabytes,0.0,0.0,0.0,0.0,0.0,0.0,0.0,0.0,success,sinkhorn,1.0,100000
1D-gaussian-1c-128p,128,128,0.1372333406526305,11,3.6944788107708727e-17,,seconds,0.0,0.0024011153727769,megabytes,0.0,0.0,0.0,0.0,0.0,0.0,0.0,0.0,success,sinkhorn,1.0,100000
1D-gaussian-1c-128p,128,128,0.3053164566650683,11,4.4057089788282905e-17,,seconds,0.0,0.0024187210947275,megabytes,0.0,0.0,0.0,0.0,0.0,0.0,0.0,0.0,success,sinkhorn,1.0,100000
1D-gaussian-1c-128p,128,128,0.5294117579590176,11,1.0695440831975643e-16,,seconds,0.0,0.0023523364216089,megabytes,0.0,0.0,0.0,0.0,0.0,0.0,0.0,0.0,success,sinkhorn,1.0,100000
1D-gaussian-1c-128p,128,128,0.0168078283924747,11,4.464405742242507e-17,,seconds,0.0,0.0024476926773786,megabytes,0.0,0.0,0.0,0.0,0.0,0.0,0.0,0.0,success,sinkhorn,1.0,100000
1D-gaussian-1c-128p,128,128,0.5374286882360425,11,5.016518090084078e-17,,seconds,0.0,0.0024113599210977,megabytes,0.0,0.0,0.0,0.0,0.0,0.0,0.0,0.0,success,sinkhorn,1.0,100000
1D-gaussian-1c-128p,128,128,0.1662893637395203,11,4.4742752477070875e-17,,seconds,0.0,0.0024486202746629,megabytes,0.0,0.0,0.0,0.0,0.0,0.0,0.0,0.0,success,sinkhorn,1.0,100000
1D-gaussian-1c-128p,128,128,0.6678854212105586,11,4.7798828715832403e-17,,seconds,0.0,0.0025152191519737,megabytes,0.0,0.0,0.0,0.0,0.0,0.0,0.0,0.0,success,sinkhorn,1.0,100000
1D-gaussian-1c-128p,128,128,0.006561571646204,11,6.285998744306049e-17,,seconds,0.0,0.0024377014487981,megabytes,0.0,0.0,0.0,0.0,0.0,0.0,0.0,0.0,success,sinkhorn,1.0,100000
1D-gaussian-1c-128p,128,128,0.070564464284186,11,3.4783844281252176e-17,,seconds,0.0,0.0024552457034587,megabytes,0.0,0.0,0.0,0.0,0.0,0.0,0.0,0.0,success,sinkhorn,1.0,100000
1D-gaussian-1c-128p,128,128,0.1359487637340116,11,4.09789071794895e-17,,seconds,0.0,0.002483868971467,megabytes,0.0,0.0,0.0,0.0,0.0,0.0,0.0,0.0,success,sinkhorn,1.0,100000
1D-gaussian-1c-128p,128,128,0.3745194662746734,11,7.251366671732856e-17,,seconds,0.0,0.0023719687014818,megabytes,0.0,0.0,0.0,0.0,0.0,0.0,0.0,0.0,success,sinkhorn,1.0,100000
1D-gaussian-1c-128p,128,128,0.2755085053949562,11,8.929332440268326e-17,,seconds,0.0,0.0024862419813871,megabytes,0.0,0.0,0.0,0.0,0.0,0.0,0.0,0.0,success,sinkhorn,1.0,100000
1D-gaussian-1c-256p,256,256,0.0909952722603313,11,7.48557969263253e-17,,seconds,0.6818130016326904,0.4838376380503177,megabytes,88268.0,88268.0,0.0,0.0,0.050020352,0.07817216,0.73359375,0.3783854166666667,success,sinkhorn,1.0,100000
1D-gaussian-1c-256p,256,256,0.0215214123173236,11,3.3248582312429603e-17,,seconds,0.0,0.0025516152381896,megabytes,0.0,0.0,0.0,0.0,0.0,0.0,0.0,0.0,success,sinkhorn,1.0,100000
1D-gaussian-1c-256p,256,256,0.1662893637395203,11,3.581908398465905e-17,,seconds,0.0,0.0027334000915288,megabytes,0.0,0.0,0.0,0.0,0.0,0.0,0.0,0.0,success,sinkhorn,1.0,100000
1D-gaussian-1c-256p,256,256,0.0742860720205844,11,2.2094766129019426e-17,,seconds,0.0,0.002570642158389,megabytes,0.0,0.0,0.0,0.0,0.0,0.0,0.0,0.0,success,sinkhorn,1.0,100000
1D-gaussian-1c-256p,256,256,0.0074050590575423,11,4.177015000189489e-17,,seconds,0.0,0.0024968795478343,megabytes,0.0,0.0,0.0,0.0,0.0,0.0,0.0,0.0,success,sinkhorn,1.0,100000
1D-gaussian-1c-256p,256,256,0.070564464284186,11,3.570064048104772e-17,,seconds,0.0,0.0025928951799869,megabytes,0.0,0.0,0.0,0.0,0.0,0.0,0.0,0.0,success,sinkhorn,1.0,100000
1D-gaussian-1c-256p,256,256,0.2755085053949563,11,2.457204851648487e-17,,seconds,0.0,0.0026632584631443,megabytes,0.0,0.0,0.0,0.0,0.0,0.0,0.0,0.0,success,sinkhorn,1.0,100000
1D-gaussian-1c-256p,256,256,0.3053164566650683,11,3.884134486428843e-17,,seconds,0.0,0.0029390063136816,megabytes,0.0,0.0,0.0,0.0,0.0,0.0,0.0,0.0,success,sinkhorn,1.0,100000
1D-gaussian-1c-256p,256,256,0.0340675938584025,11,5.5394466791709984e-17,,seconds,0.0,0.0025930274277925,megabytes,0.0,0.0,0.0,0.0,0.0,0.0,0.0,0.0,success,sinkhorn,1.0,100000
1D-gaussian-1c-256p,256,256,0.2960551851950906,11,3.1342542047648285e-17,,seconds,0.0,0.0025658421218395,megabytes,0.0,0.0,0.0,0.0,0.0,0.0,0.0,0.0,success,sinkhorn,1.0,100000
1D-gaussian-1c-256p,256,256,0.0800694824988212,11,2.257405974879909e-17,,seconds,0.0,0.0025964304804801,megabytes,0.0,0.0,0.0,0.0,0.0,0.0,0.0,0.0,success,sinkhorn,1.0,100000
1D-gaussian-1c-256p,256,256,0.0531419923052735,11,4.430483507705244e-17,,seconds,0.0,0.0025039073079824,megabytes,0.0,0.0,0.0,0.0,0.0,0.0,0.0,0.0,success,sinkhorn,1.0,100000
1D-gaussian-1c-256p,256,256,0.1040114237144481,11,3.667228766499753e-17,,seconds,0.0,0.0025196801871061,megabytes,0.0,0.0,0.0,0.0,0.0,0.0,0.0,0.0,success,sinkhorn,1.0,100000
1D-gaussian-1c-256p,256,256,0.1372333406526305,11,2.4058073295006818e-17,,seconds,0.0,0.0024747923016548,megabytes,0.0,0.0,0.0,0.0,0.0,0.0,0.0,0.0,success,sinkhorn,1.0,100000
1D-gaussian-1c-256p,256,256,0.6678854105477383,11,2.3803338264013e-17,,seconds,0.0,0.002562042325735,megabytes,0.0,0.0,0.0,0.0,0.0,0.0,0.0,0.0,success,sinkhorn,1.0,100000
1D-gaussian-1c-256p,256,256,0.3745194662746733,11,3.1097642152758586e-17,,seconds,0.0,0.0024622119963169,megabytes,0.0,0.0,0.0,0.0,0.0,0.0,0.0,0.0,success,sinkhorn,1.0,100000
1D-gaussian-1c-256p,256,256,0.2176081906210579,11,2.29711231140676e-17,,seconds,0.0,0.0024856142699718,megabytes,0.0,0.0,0.0,0.0,0.0,0.0,0.0,0.0,success,sinkhorn,1.0,100000
1D-gaussian-1c-256p,256,256,0.0891831131013894,11,2.9193638725584013e-17,,seconds,0.0,0.0024809557944536,megabytes,0.0,0.0,0.0,0.0,0.0,0.0,0.0,0.0,success,sinkhorn,1.0,100000
1D-gaussian-1c-256p,256,256,0.1260124076222694,11,2.0737433266887587e-17,,seconds,0.0,0.0026230290532112,megabytes,0.0,0.0,0.0,0.0,0.0,0.0,0.0,0.0,success,sinkhorn,1.0,100000
1D-gaussian-1c-256p,256,256,1.247063982324348,11,4.2861042224921816e-17,,seconds,0.0,0.002449506893754,megabytes,0.0,0.0,0.0,0.0,0.0,0.0,0.0,0.0,success,sinkhorn,1.0,100000
1D-gaussian-1c-256p,256,256,0.0286741650255774,11,5.825583876747447e-17,,seconds,0.0,0.0025371648371219,megabytes,0.0,0.0,0.0,0.0,0.0,0.0,0.0,0.0,success,sinkhorn,1.0,100000
1D-gaussian-1c-256p,256,256,0.006561571646204,11,2.6538691136463108e-17,,seconds,0.0,0.0023808293044567,megabytes,0.0,0.0,0.0,0.0,0.0,0.0,0.0,0.0,success,sinkhorn,1.0,100000
1D-gaussian-1c-256p,256,256,0.1359487637340116,11,4.304976272350618e-17,,seconds,0.0,0.0025013983249664,megabytes,0.0,0.0,0.0,0.0,0.0,0.0,0.0,0.0,success,sinkhorn,1.0,100000
1D-gaussian-1c-256p,256,256,0.0168078283924747,11,2.8855973234939e-17,,seconds,0.0,0.0025076586753129,megabytes,0.0,0.0,0.0,0.0,0.0,0.0,0.0,0.0,success,sinkhorn,1.0,100000
1D-gaussian-1c-256p,256,256,0.1521159183308799,11,2.0174907954265772e-17,,seconds,0.0,0.0026120636612176,megabytes,0.0,0.0,0.0,0.0,0.0,0.0,0.0,0.0,success,sinkhorn,1.0,100000
1D-gaussian-1c-256p,256,256,0.080882467950852,11,3.619157465229322e-17,,seconds,0.0,0.0026520807296037,megabytes,0.0,0.0,0.0,0.0,0.0,0.0,0.0,0.0,success,sinkhorn,1.0,100000
1D-gaussian-1c-256p,256,256,0.5374286882360425,11,3.943174637742216e-17,,seconds,0.0,0.0025704242289066,megabytes,0.0,0.0,0.0,0.0,0.0,0.0,0.0,0.0,success,sinkhorn,1.0,100000
1D-gaussian-1c-256p,256,256,0.5294117579590176,11,3.6129098727930806e-17,,seconds,0.0,0.0024702604860067,megabytes,0.0,0.0,0.0,0.0,0.0,0.0,0.0,0.0,success,sinkhorn,1.0,100000
1D-gaussian-1c-256p,256,256,0.4060798645372812,11,2.5572728395869866e-17,,seconds,0.0,0.0027260426431894,megabytes,0.0,0.0,0.0,0.0,0.0,0.0,0.0,0.0,success,sinkhorn,1.0,100000
1D-gaussian-1c-256p,256,256,0.5942144021267441,11,4.8381492250380515e-17,,seconds,0.0,0.0024584494531154,megabytes,0.0,0.0,0.0,0.0,0.0,0.0,0.0,0.0,success,sinkhorn,1.0,100000
1D-gaussian-1c-512p,512,512,0.0340675938584025,11,1.760114374062207e-17,,seconds,0.7046530246734619,0.5760279204696417,megabytes,88268.0,88268.0,0.0,0.0,0.049606656,0.049606656,0.759375,0.3981770833333333,success,sinkhorn,1.0,100000
1D-gaussian-1c-512p,512,512,0.1372333406526305,11,2.0376277116488565e-17,,seconds,0.0,0.0025098882615566,megabytes,0.0,0.0,0.0,0.0,0.0,0.0,0.0,0.0,success,sinkhorn,1.0,100000
1D-gaussian-1c-512p,512,512,0.5374286882360424,11,2.9351890327464454e-17,,seconds,0.0,0.002745846286416,megabytes,0.0,0.0,0.0,0.0,0.0,0.0,0.0,0.0,success,sinkhorn,1.0,100000
1D-gaussian-1c-512p,512,512,0.0074050589215119,11,3.7232797940343265e-17,,seconds,0.0,0.0030047185719013,megabytes,0.0,0.0,0.0,0.0,0.0,0.0,0.0,0.0,success,sinkhorn,1.0,100000
1D-gaussian-1c-512p,512,512,0.0909952684657144,11,2.883404767484489e-17,,seconds,0.0,0.0025737229734659,megabytes,0.0,0.0,0.0,0.0,0.0,0.0,0.0,0.0,success,sinkhorn,1.0,100000
1D-gaussian-1c-512p,512,512,0.5942144021267375,11,4.29162032210447e-17,,seconds,0.0,0.0027516931295394,megabytes,0.0,0.0,0.0,0.0,0.0,0.0,0.0,0.0,success,sinkhorn,1.0,100000
1D-gaussian-1c-512p,512,512,0.0215214123173236,11,2.1929356128165944e-17,,seconds,0.0,0.0028118453919887,megabytes,0.0,0.0,0.0,0.0,0.0,0.0,0.0,0.0,success,sinkhorn,1.0,100000
1D-gaussian-1c-512p,512,512,0.070564464284186,11,3.5141653055088664e-17,,seconds,0.0,0.0025933198630809,megabytes,0.0,0.0,0.0,0.0,0.0,0.0,0.0,0.0,success,sinkhorn,1.0,100000
1D-gaussian-1c-512p,512,512,0.0800694824988212,11,2.6967976290177716e-17,,seconds,0.0,0.0026302859187126,megabytes,0.0,0.0,0.0,0.0,0.0,0.0,0.0,0.0,success,sinkhorn,1.0,100000
1D-gaussian-1c-512p,512,512,0.2960551851950906,11,2.4982094078541225e-17,,seconds,0.0,0.002655079588294,megabytes,0.0,0.0,0.0,0.0,0.0,0.0,0.0,0.0,success,sinkhorn,1.0,100000
1D-gaussian-1c-512p,512,512,0.4060798645372805,11,3.1209976779128203e-17,,seconds,0.0,0.0024826619774103,megabytes,0.0,0.0,0.0,0.0,0.0,0.0,0.0,0.0,success,sinkhorn,1.0,100000
1D-gaussian-1c-512p,512,512,0.0168078283924747,11,2.8145428104000266e-17,,seconds,0.0,0.0026284717023372,megabytes,0.0,0.0,0.0,0.0,0.0,0.0,0.0,0.0,success,sinkhorn,1.0,100000
1D-gaussian-1c-512p,512,512,0.1521159183308799,11,1.7582326448045244e-17,,seconds,0.0,0.0024570375680923,megabytes,0.0,0.0,0.0,0.0,0.0,0.0,0.0,0.0,success,sinkhorn,1.0,100000
1D-gaussian-1c-512p,512,512,0.006561571646204,11,3.9374116829630265e-17,,seconds,0.0,0.0027807615697383,megabytes,0.0,0.0,0.0,0.0,0.0,0.0,0.0,0.0,success,sinkhorn,1.0,100000
1D-gaussian-1c-512p,512,512,0.0742860713738169,11,3.0423383266732677e-17,,seconds,0.0,0.0027838312089443,megabytes,0.0,0.0,0.0,0.0,0.0,0.0,0.0,0.0,success,sinkhorn,1.0,100000
1D-gaussian-1c-512p,512,512,0.0891831131008623,11,2.037731024125956e-17,,seconds,0.0,0.0025962088257074,megabytes,0.0,0.0,0.0,0.0,0.0,0.0,0.0,0.0,success,sinkhorn,1.0,100000
1D-gaussian-1c-512p,512,512,0.5294117579590176,11,3.8226550797663575e-17,,seconds,0.0,0.0025212541222572,megabytes,0.0,0.0,0.0,0.0,0.0,0.0,0.0,0.0,success,sinkhorn,1.0,100000
1D-gaussian-1c-512p,512,512,0.6678854045100482,11,1.3579708794043386e-17,,seconds,0.0,0.0024403966963291,megabytes,0.0,0.0,0.0,0.0,0.0,0.0,0.0,0.0,success,sinkhorn,1.0,100000
1D-gaussian-1c-512p,512,512,0.1359487637340116,11,2.3910846123592844e-17,,seconds,0.0,0.0025508385151624,megabytes,0.0,0.0,0.0,0.0,0.0,0.0,0.0,0.0,success,sinkhorn,1.0,100000
1D-gaussian-1c-512p,512,512,0.0531419923052735,11,2.253195491713035e-17,,seconds,0.0,0.0024917833507061,megabytes,0.0,0.0,0.0,0.0,0.0,0.0,0.0,0.0,success,sinkhorn,1.0,100000
1D-gaussian-1c-512p,512,512,0.2176081906210554,11,2.3893837903141e-17,,seconds,0.0,0.0024596229195594,megabytes,0.0,0.0,0.0,0.0,0.0,0.0,0.0,0.0,success,sinkhorn,1.0,100000
1D-gaussian-1c-512p,512,512,0.1260124076222199,11,1.6819361287878764e-17,,seconds,0.0,0.0026896242052316,megabytes,0.0,0.0,0.0,0.0,0.0,0.0,0.0,0.0,success,sinkhorn,1.0,100000
1D-gaussian-1c-512p,512,512,0.3745194662746732,11,2.978327573306917e-17,,seconds,0.0,0.0025129690766334,megabytes,0.0,0.0,0.0,0.0,0.0,0.0,0.0,0.0,success,sinkhorn,1.0,100000
1D-gaussian-1c-512p,512,512,1.2470639823243457,11,2.5949343180493665e-17,,seconds,0.0,0.0026776473969221,megabytes,0.0,0.0,0.0,0.0,0.0,0.0,0.0,0.0,success,sinkhorn,1.0,100000
1D-gaussian-1c-512p,512,512,0.1040114237144481,11,3.501964133826019e-17,,seconds,0.0,0.0025493018329143,megabytes,0.0,0.0,0.0,0.0,0.0,0.0,0.0,0.0,success,sinkhorn,1.0,100000
1D-gaussian-1c-512p,512,512,0.2755085053949564,11,3.1410146392241205e-17,,seconds,0.0,0.0026475079357624,megabytes,0.0,0.0,0.0,0.0,0.0,0.0,0.0,0.0,success,sinkhorn,1.0,100000
1D-gaussian-1c-512p,512,512,0.0286741650255773,11,1.61323725001016e-17,,seconds,0.0,0.0024685356765985,megabytes,0.0,0.0,0.0,0.0,0.0,0.0,0.0,0.0,success,sinkhorn,1.0,100000
1D-gaussian-1c-512p,512,512,0.1662893637395203,11,3.152910525019332e-17,,seconds,0.0,0.0025787390768527,megabytes,0.0,0.0,0.0,0.0,0.0,0.0,0.0,0.0,success,sinkhorn,1.0,100000
1D-gaussian-1c-512p,512,512,0.0808824623995604,11,1.896398736477769e-17,,seconds,0.0,0.0027867499738931,megabytes,0.0,0.0,0.0,0.0,0.0,0.0,0.0,0.0,success,sinkhorn,1.0,100000
1D-gaussian-1c-512p,512,512,0.3053164566650683,11,2.988562659496145e-17,,seconds,0.0,0.0026749949902296,megabytes,0.0,0.0,0.0,0.0,0.0,0.0,0.0,0.0,success,sinkhorn,1.0,100000
1D-gaussian-1c-1024p,1024,1024,0.0742860710290782,11,1.5182713765558906e-17,,seconds,0.736663818359375,0.7417876459658146,megabytes,88270.0,88270.0,0.0,0.0,0.054222848,0.054222848,0.7328125,0.4916666666666667,success,sinkhorn,1.0,100000
1D-gaussian-1c-1024p,1024,1024,0.0705644642841859,11,1.4926953930234662e-17,,seconds,0.0,0.0029258150607347,megabytes,0.0,0.0,0.0,0.0,0.0,0.0,0.0,0.0,success,sinkhorn,1.0,100000
1D-gaussian-1c-1024p,1024,1024,0.1359487637340115,11,2.1706167599342572e-17,,seconds,0.0,0.0025118347257375,megabytes,0.0,0.0,0.0,0.0,0.0,0.0,0.0,0.0,success,sinkhorn,1.0,100000
1D-gaussian-1c-1024p,1024,1024,0.3745194662746733,11,3.0085879330182385e-17,,seconds,0.0,0.0025615040212869,megabytes,0.0,0.0,0.0,0.0,0.0,0.0,0.0,0.0,success,sinkhorn,1.0,100000
1D-gaussian-1c-1024p,1024,1024,0.104011423714448,11,1.2900658962222387e-17,,seconds,0.0,0.0029003880918025,megabytes,0.0,0.0,0.0,0.0,0.0,0.0,0.0,0.0,success,sinkhorn,1.0,100000
1D-gaussian-1c-1024p,1024,1024,0.4060798645372801,11,1.2394279539238473e-17,,seconds,0.0,0.0027154013514518,megabytes,0.0,0.0,0.0,0.0,0.0,0.0,0.0,0.0,success,sinkhorn,1.0,100000
1D-gaussian-1c-1024p,1024,1024,0.2755085053949564,11,2.524768985725512e-17,,seconds,0.0,0.0026059970259666,megabytes,0.0,0.0,0.0,0.0,0.0,0.0,0.0,0.0,success,sinkhorn,1.0,100000
1D-gaussian-1c-1024p,1024,1024,0.1260124076221927,11,1.1238406800319425e-17,,seconds,0.0,0.0025791376829147,megabytes,0.0,0.0,0.0,0.0,0.0,0.0,0.0,0.0,success,sinkhorn,1.0,100000
1D-gaussian-1c-1024p,1024,1024,0.006561571646204,11,2.0450317038472545e-17,,seconds,0.0,0.0026197787374258,megabytes,0.0,0.0,0.0,0.0,0.0,0.0,0.0,0.0,success,sinkhorn,1.0,100000
1D-gaussian-1c-1024p,1024,1024,0.2960551851950906,11,1.737287085696328e-17,,seconds,0.0,0.0026054363697767,megabytes,0.0,0.0,0.0,0.0,0.0,0.0,0.0,0.0,success,sinkhorn,1.0,100000
1D-gaussian-1c-1024p,1024,1024,0.6678854013136042,11,9.688884466146501e-18,,seconds,0.0,0.0026192609220743,megabytes,0.0,0.0,0.0,0.0,0.0,0.0,0.0,0.0,success,sinkhorn,1.0,100000
1D-gaussian-1c-1024p,1024,1024,0.0531419923052735,11,1.650212821869923e-17,,seconds,0.0,0.0030450895428657,megabytes,0.0,0.0,0.0,0.0,0.0,0.0,0.0,0.0,success,sinkhorn,1.0,100000
1D-gaussian-1c-1024p,1024,1024,0.0891831131005694,11,1.0580164504035632e-17,,seconds,0.0,0.0027050748467445,megabytes,0.0,0.0,0.0,0.0,0.0,0.0,0.0,0.0,success,sinkhorn,1.0,100000
1D-gaussian-1c-1024p,1024,1024,0.0909952664461441,11,2.2591267515325808e-17,,seconds,0.0,0.0025956127792596,megabytes,0.0,0.0,0.0,0.0,0.0,0.0,0.0,0.0,success,sinkhorn,1.0,100000
1D-gaussian-1c-1024p,1024,1024,0.0168078283924747,11,1.3006544077379913e-17,,seconds,0.0,0.0027160607278347,megabytes,0.0,0.0,0.0,0.0,0.0,0.0,0.0,0.0,success,sinkhorn,1.0,100000
1D-gaussian-1c-1024p,1024,1024,0.1372333406526305,11,1.593099279918219e-17,,seconds,0.0,0.0025575384497642,megabytes,0.0,0.0,0.0,0.0,0.0,0.0,0.0,0.0,success,sinkhorn,1.0,100000
1D-gaussian-1c-1024p,1024,1024,0.217608190621054,11,1.1451892416979232e-17,,seconds,0.0,0.0026106648147106,megabytes,0.0,0.0,0.0,0.0,0.0,0.0,0.0,0.0,success,sinkhorn,1.0,100000
1D-gaussian-1c-1024p,1024,1024,0.0340675938584024,11,3.2478626977870365e-17,,seconds,0.0,0.0028286408632993,megabytes,0.0,0.0,0.0,0.0,0.0,0.0,0.0,0.0,success,sinkhorn,1.0,100000
1D-gaussian-1c-1024p,1024,1024,0.1521159183308799,11,1.3362896449168736e-17,,seconds,0.0,0.002794224768877,megabytes,0.0,0.0,0.0,0.0,0.0,0.0,0.0,0.0,success,sinkhorn,1.0,100000
1D-gaussian-1c-1024p,1024,1024,0.1662893637395203,11,1.684865127501272e-17,,seconds,0.0,0.0025777053087949,megabytes,0.0,0.0,0.0,0.0,0.0,0.0,0.0,0.0,success,sinkhorn,1.0,100000
1D-gaussian-1c-1024p,1024,1024,1.247063982324344,11,2.1754087256045168e-17,,seconds,0.0,0.0028638392686843,megabytes,0.0,0.0,0.0,0.0,0.0,0.0,0.0,0.0,success,sinkhorn,1.0,100000
1D-gaussian-1c-1024p,1024,1024,0.0074050588479874,11,1.2487247265294013e-17,,seconds,0.0,0.0026730932295322,megabytes,0.0,0.0,0.0,0.0,0.0,0.0,0.0,0.0,success,sinkhorn,1.0,100000
1D-gaussian-1c-1024p,1024,1024,0.5374286882360424,11,1.8901326527350257e-17,,seconds,0.0,0.0026085376739501,megabytes,0.0,0.0,0.0,0.0,0.0,0.0,0.0,0.0,success,sinkhorn,1.0,100000
1D-gaussian-1c-1024p,1024,1024,0.0286741650255774,11,1.2338404138738753e-17,,seconds,0.0,0.002822533249855,megabytes,0.0,0.0,0.0,0.0,0.0,0.0,0.0,0.0,success,sinkhorn,1.0,100000
1D-gaussian-1c-1024p,1024,1024,0.5942144021267339,11,2.670537058389642e-17,,seconds,0.0,0.0026139449328184,megabytes,0.0,0.0,0.0,0.0,0.0,0.0,0.0,0.0,success,sinkhorn,1.0,100000
1D-gaussian-1c-1024p,1024,1024,0.5294117579590176,11,1.73606631491321e-17,,seconds,0.0,0.0027545914053916,megabytes,0.0,0.0,0.0,0.0,0.0,0.0,0.0,0.0,success,sinkhorn,1.0,100000
1D-gaussian-1c-1024p,1024,1024,0.0808824594624175,11,1.768299508174095e-17,,seconds,0.0,0.0025787260383367,megabytes,0.0,0.0,0.0,0.0,0.0,0.0,0.0,0.0,success,sinkhorn,1.0,100000
1D-gaussian-1c-1024p,1024,1024,0.0800694824988211,11,1.7147560094772138e-17,,seconds,0.0,0.0026194956153631,megabytes,0.0,0.0,0.0,0.0,0.0,0.0,0.0,0.0,success,sinkhorn,1.0,100000
1D-gaussian-1c-1024p,1024,1024,0.3053164566650682,11,1.7806563215901018e-17,,seconds,0.0,0.002762472257018,megabytes,0.0,0.0,0.0,0.0,0.0,0.0,0.0,0.0,success,sinkhorn,1.0,100000
1D-gaussian-1c-1024p,1024,1024,0.0215214123173236,11,1.7260276814903046e-17,,seconds,0.0,0.0025737658143043,megabytes,0.0,0.0,0.0,0.0,0.0,0.0,0.0,0.0,success,sinkhorn,1.0,100000
1D-gaussian-1c-2048p,2048,2048,0.006561571646204,11,2.367832839393632e-17,,seconds,0.935149908065796,0.7945877984166145,megabytes,88270.0,88270.0,0.0,0.0,0.095113216,0.126783488,0.72421875,0.3916015625,success,sinkhorn,1.0,100000
1D-gaussian-1c-2048p,2048,2048,0.3053164566650683,11,1.644192551295438e-17,,seconds,0.0,0.0033654049038887,megabytes,0.0,0.0,0.0,0.0,0.0,0.0,0.0,0.0,success,sinkhorn,1.0,100000
1D-gaussian-1c-2048p,2048,2048,0.1662893637395203,11,1.6967346528574573e-17,,seconds,0.0,0.0033625792711973,megabytes,0.0,0.0,0.0,0.0,0.0,0.0,0.0,0.0,success,sinkhorn,1.0,100000
1D-gaussian-1c-2048p,2048,2048,0.5374286882360425,11,1.667535208262088e-17,,seconds,0.0,0.0032851602882146,megabytes,0.0,0.0,0.0,0.0,0.0,0.0,0.0,0.0,success,sinkhorn,1.0,100000
1D-gaussian-1c-2048p,2048,2048,0.2960551851950906,11,1.2469332658881106e-17,,seconds,0.0,0.0031937900930643,megabytes,0.0,0.0,0.0,0.0,0.0,0.0,0.0,0.0,success,sinkhorn,1.0,100000
1D-gaussian-1c-2048p,2048,2048,1.247063982324344,11,1.689125324396227e-17,,seconds,0.0,0.0032557714730501,megabytes,0.0,0.0,0.0,0.0,0.0,0.0,0.0,0.0,success,sinkhorn,1.0,100000
1D-gaussian-1c-2048p,2048,2048,0.0909952654058326,11,8.570993469192009e-18,,seconds,0.0,0.0031085759401321,megabytes,0.0,0.0,0.0,0.0,0.0,0.0,0.0,0.0,success,sinkhorn,1.0,100000
1D-gaussian-1c-2048p,2048,2048,0.0808824579535615,11,1.0782983487078053e-17,,seconds,0.0,0.0032555386424064,megabytes,0.0,0.0,0.0,0.0,0.0,0.0,0.0,0.0,success,sinkhorn,1.0,100000
1D-gaussian-1c-2048p,2048,2048,0.0215214123173236,11,1.0914170170870425e-17,,seconds,0.2251172065734863,0.0032614096999168,megabytes,88270.0,88270.0,0.0,0.0,0.066371584,0.066371584,0.03828125,0.03828125,success,sinkhorn,1.0,100000
1D-gaussian-1c-2048p,2048,2048,0.3745194662746733,11,9.279907117772262e-18,,seconds,0.0,0.0031715407967567,megabytes,0.0,0.0,0.0,0.0,0.0,0.0,0.0,0.0,success,sinkhorn,1.0,100000
1D-gaussian-1c-2048p,2048,2048,0.15211591833088,11,1.3380441526333669e-17,,seconds,0.0,0.003305897116661,megabytes,0.0,0.0,0.0,0.0,0.0,0.0,0.0,0.0,success,sinkhorn,1.0,100000
1D-gaussian-1c-2048p,2048,2048,0.2755085053949563,11,1.3775096410590269e-17,,seconds,0.0,0.0031871125102043,megabytes,0.0,0.0,0.0,0.0,0.0,0.0,0.0,0.0,success,sinkhorn,1.0,100000
1D-gaussian-1c-2048p,2048,2048,0.0531419923052735,11,1.1845749002082293e-17,,seconds,0.0,0.0030233543366193,megabytes,0.0,0.0,0.0,0.0,0.0,0.0,0.0,0.0,success,sinkhorn,1.0,100000
1D-gaussian-1c-2048p,2048,2048,0.0800694824988211,11,1.3721287510523379e-17,,seconds,0.0,0.0030631199479103,megabytes,0.0,0.0,0.0,0.0,0.0,0.0,0.0,0.0,success,sinkhorn,1.0,100000
1D-gaussian-1c-2048p,2048,2048,0.6678853996710745,11,1.0954613827932029e-17,,seconds,0.0,0.0031364038586616,megabytes,0.0,0.0,0.0,0.0,0.0,0.0,0.0,0.0,success,sinkhorn,1.0,100000
1D-gaussian-1c-2048p,2048,2048,0.1260124076221784,11,8.575991163558979e-18,,seconds,0.0,0.0029914546757936,megabytes,0.0,0.0,0.0,0.0,0.0,0.0,0.0,0.0,success,sinkhorn,1.0,100000
1D-gaussian-1c-2048p,2048,2048,0.0891831131004156,11,1.0003551021811265e-17,,seconds,0.0,0.0030412320047616,megabytes,0.0,0.0,0.0,0.0,0.0,0.0,0.0,0.0,success,sinkhorn,1.0,100000
1D-gaussian-1c-2048p,2048,2048,0.5294117579590176,11,1.0253062799855415e-17,,seconds,0.0,0.0031398683786392,megabytes,0.0,0.0,0.0,0.0,0.0,0.0,0.0,0.0,success,sinkhorn,1.0,100000
1D-gaussian-1c-2048p,2048,2048,0.40607986453728,11,2.0098243305067678e-17,,seconds,0.0,0.0031108576804399,megabytes,0.0,0.0,0.0,0.0,0.0,0.0,0.0,0.0,success,sinkhorn,1.0,100000
1D-gaussian-1c-2048p,2048,2048,0.1040114237144481,11,1.8172561880520774e-17,,seconds,0.0,0.003173092380166,megabytes,0.0,0.0,0.0,0.0,0.0,0.0,0.0,0.0,success,sinkhorn,1.0,100000
1D-gaussian-1c-2048p,2048,2048,0.074286070851375,11,8.103111793862897e-18,,seconds,0.0,0.0032194256782531,megabytes,0.0,0.0,0.0,0.0,0.0,0.0,0.0,0.0,success,sinkhorn,1.0,100000
1D-gaussian-1c-2048p,2048,2048,0.1372333406526305,11,1.756052970393878e-17,,seconds,0.0,0.0031010881066322,megabytes,0.0,0.0,0.0,0.0,0.0,0.0,0.0,0.0,success,sinkhorn,1.0,100000
1D-gaussian-1c-2048p,2048,2048,0.0340675938584024,11,1.0171722945687417e-17,,seconds,0.0,0.0031483620405197,megabytes,0.0,0.0,0.0,0.0,0.0,0.0,0.0,0.0,success,sinkhorn,1.0,100000
1D-gaussian-1c-2048p,2048,2048,0.2176081906210533,11,1.2161598131849449e-17,,seconds,0.0,0.0031496901065111,megabytes,0.0,0.0,0.0,0.0,0.0,0.0,0.0,0.0,success,sinkhorn,1.0,100000
1D-gaussian-1c-2048p,2048,2048,0.0074050588098456,11,1.0151085396831919e-17,,seconds,0.0,0.0029380992054939,megabytes,0.0,0.0,0.0,0.0,0.0,0.0,0.0,0.0,success,sinkhorn,1.0,100000
1D-gaussian-1c-2048p,2048,2048,0.0168078283924747,11,1.8615407397628277e-17,,seconds,0.0,0.0031332802027463,megabytes,0.0,0.0,0.0,0.0,0.0,0.0,0.0,0.0,success,sinkhorn,1.0,100000
1D-gaussian-1c-2048p,2048,2048,0.070564464284186,11,1.2585962795917461e-17,,seconds,0.0,0.0030282624065876,megabytes,0.0,0.0,0.0,0.0,0.0,0.0,0.0,0.0,success,sinkhorn,1.0,100000
1D-gaussian-1c-2048p,2048,2048,0.5942144021267319,11,2.970112469201814e-17,,seconds,0.0,0.0031447354704141,megabytes,0.0,0.0,0.0,0.0,0.0,0.0,0.0,0.0,success,sinkhorn,1.0,100000
1D-gaussian-1c-2048p,2048,2048,0.1359487637340116,11,2.1270019856362722e-17,,seconds,0.224151611328125,0.0031838901340961,megabytes,88270.0,88270.0,1.0,1.0,0.066306048,0.066306048,0.0,0.0,success,sinkhorn,1.0,100000
1D-gaussian-1c-2048p,2048,2048,0.0286741650255773,11,9.723190302234013e-18,,seconds,0.0,0.003153683617711,megabytes,0.0,0.0,0.0,0.0,0.0,0.0,0.0,0.0,success,sinkhorn,1.0,100000
1D-gaussian-1c-32p,32,32,0.1243999719969902,11,1.2576747542039116e-16,,seconds,0.0,0.002630528062582,megabytes,0.0,0.0,0.0,0.0,0.0,0.0,0.0,0.0,success,sinkhorn,0.1,100000
1D-gaussian-1c-32p,32,32,0.0069991291548597,11,1.2738208514157946e-16,,seconds,0.0,0.0025968868285417,megabytes,0.0,0.0,0.0,0.0,0.0,0.0,0.0,0.0,success,sinkhorn,0.1,100000
1D-gaussian-1c-32p,32,32,0.0529867793349361,11,2.797158870348428e-17,,seconds,0.0,0.0028949473053216,megabytes,0.0,0.0,0.0,0.0,0.0,0.0,0.0,0.0,success,sinkhorn,0.1,100000
1D-gaussian-1c-32p,32,32,0.2750414055692787,11,1.1775778290044544e-16,,seconds,0.0,0.0026092771440744,megabytes,0.0,0.0,0.0,0.0,0.0,0.0,0.0,0.0,success,sinkhorn,0.1,100000
1D-gaussian-1c-32p,32,32,0.4056950490626825,11,1.3877893692991368e-17,,seconds,0.0,0.002626309171319,megabytes,0.0,0.0,0.0,0.0,0.0,0.0,0.0,0.0,success,sinkhorn,0.1,100000
1D-gaussian-1c-32p,32,32,1.246702160238162,11,6.798838096179057e-17,,seconds,0.0,0.0025356840342283,megabytes,0.0,0.0,0.0,0.0,0.0,0.0,0.0,0.0,success,sinkhorn,0.1,100000
1D-gaussian-1c-32p,32,32,0.304469116179006,11,1.1274368132571444e-16,,seconds,0.0,0.0023798607289791,megabytes,0.0,0.0,0.0,0.0,0.0,0.0,0.0,0.0,success,sinkhorn,0.1,100000
1D-gaussian-1c-32p,32,32,0.5957818058372034,11,8.355534858997744e-17,,seconds,0.0,0.0026239678263664,megabytes,0.0,0.0,0.0,0.0,0.0,0.0,0.0,0.0,success,sinkhorn,0.1,100000
1D-gaussian-1c-32p,32,32,0.033264414407173,11,5.594315483496611e-17,,seconds,0.0,0.0024967771023511,megabytes,0.0,0.0,0.0,0.0,0.0,0.0,0.0,0.0,success,sinkhorn,0.1,100000
1D-gaussian-1c-32p,32,32,0.0277248089946039,11,6.245004661154384e-17,,seconds,0.0,0.0026065073907375,megabytes,0.0,0.0,0.0,0.0,0.0,0.0,0.0,0.0,success,sinkhorn,0.1,100000
1D-gaussian-1c-32p,32,32,0.0884894728193693,11,5.551168103791189e-17,,seconds,0.0,0.0025285761803388,megabytes,0.0,0.0,0.0,0.0,0.0,0.0,0.0,0.0,success,sinkhorn,0.1,100000
1D-gaussian-1c-32p,32,32,0.0902620864199871,11,6.206941477964775e-17,,seconds,0.0,0.0025844331830739,megabytes,0.0,0.0,0.0,0.0,0.0,0.0,0.0,0.0,success,sinkhorn,0.1,100000
1D-gaussian-1c-32p,32,32,0.016640877375103,11,1.2494828023664864e-16,,seconds,0.0,0.00255005992949,megabytes,0.0,0.0,0.0,0.0,0.0,0.0,0.0,0.0,success,sinkhorn,0.1,100000
1D-gaussian-1c-32p,32,32,0.0063846507518,11,1.1194013417579579e-16,,seconds,0.0,0.0026443060487508,megabytes,0.0,0.0,0.0,0.0,0.0,0.0,0.0,0.0,success,sinkhorn,0.1,100000
1D-gaussian-1c-32p,32,32,0.103064981311763,11,6.941603890487314e-17,,seconds,0.0,0.0024830121546983,megabytes,0.0,0.0,0.0,0.0,0.0,0.0,0.0,0.0,success,sinkhorn,0.1,100000
1D-gaussian-1c-32p,32,32,0.1356369769621204,11,5.551792708129603e-17,,seconds,0.0,0.002484044060111,megabytes,0.0,0.0,0.0,0.0,0.0,0.0,0.0,0.0,success,sinkhorn,0.1,100000
1D-gaussian-1c-32p,32,32,0.3742359449680165,11,6.206942069780186e-17,,seconds,0.0,0.0026080049574375,megabytes,0.0,0.0,0.0,0.0,0.0,0.0,0.0,0.0,success,sinkhorn,0.1,100000
1D-gaussian-1c-32p,32,32,0.2963009067974356,11,1.1188630233409482e-16,,seconds,0.0,0.0024735666811466,megabytes,0.0,0.0,0.0,0.0,0.0,0.0,0.0,0.0,success,sinkhorn,0.1,100000
1D-gaussian-1c-32p,32,32,0.1514977561632523,11,9.614911620508116e-17,,seconds,0.0,0.0025065094232559,megabytes,0.0,0.0,0.0,0.0,0.0,0.0,0.0,0.0,success,sinkhorn,0.1,100000
1D-gaussian-1c-32p,32,32,0.0787881881291723,11,8.832196402202306e-17,,seconds,0.0,0.0027772188186645,megabytes,0.0,0.0,0.0,0.0,0.0,0.0,0.0,0.0,success,sinkhorn,0.1,100000
1D-gaussian-1c-32p,32,32,0.069986840753327,11,1.110223032898982e-16,,seconds,0.0,0.0024982653558254,megabytes,0.0,0.0,0.0,0.0,0.0,0.0,0.0,0.0,success,sinkhorn,0.1,100000
1D-gaussian-1c-32p,32,32,0.021000677449192,11,7.979845837247299e-17,,seconds,0.0,0.0025768019258975,megabytes,0.0,0.0,0.0,0.0,0.0,0.0,0.0,0.0,success,sinkhorn,0.1,100000
1D-gaussian-1c-32p,32,32,0.080265807341596,11,1.144391828029802e-16,,seconds,0.0,0.0024876575917005,megabytes,0.0,0.0,0.0,0.0,0.0,0.0,0.0,0.0,success,sinkhorn,0.1,100000
1D-gaussian-1c-32p,32,32,0.5363465501195774,11,1.5701164162163426e-16,,seconds,0.0,0.002445001155138,megabytes,0.0,0.0,0.0,0.0,0.0,0.0,0.0,0.0,success,sinkhorn,0.1,100000
1D-gaussian-1c-32p,32,32,0.0732693418503035,11,6.216668158061e-17,,seconds,0.0,0.0026080217212438,megabytes,0.0,0.0,0.0,0.0,0.0,0.0,0.0,0.0,success,sinkhorn,0.1,100000
1D-gaussian-1c-32p,32,32,0.1371660104520727,11,1.2490009031700262e-16,,seconds,0.0,0.0025674868375062,megabytes,0.0,0.0,0.0,0.0,0.0,0.0,0.0,0.0,success,sinkhorn,0.1,100000
1D-gaussian-1c-32p,32,32,0.6660143248277945,11,4.1778236342325225e-17,,seconds,0.0,0.0027902293950319,megabytes,0.0,0.0,0.0,0.0,0.0,0.0,0.0,0.0,success,sinkhorn,0.1,100000
1D-gaussian-1c-32p,32,32,0.5292483575861837,11,7.88154624623397e-17,,seconds,0.0,0.0024574305862188,megabytes,0.0,0.0,0.0,0.0,0.0,0.0,0.0,0.0,success,sinkhorn,0.1,100000
1D-gaussian-1c-32p,32,32,0.2166279658001858,11,6.993734335026498e-18,,seconds,0.0,0.0024925824254751,megabytes,0.0,0.0,0.0,0.0,0.0,0.0,0.0,0.0,success,sinkhorn,0.1,100000
1D-gaussian-1c-32p,32,32,0.1661957373827426,11,2.775580060784677e-17,,seconds,0.0,0.0025514550507068,megabytes,0.0,0.0,0.0,0.0,0.0,0.0,0.0,0.0,success,sinkhorn,0.1,100000
1D-gaussian-1c-64p,64,64,0.0166558659946731,11,4.228114169273608e-17,,seconds,0.0,0.0029100496321916,megabytes,0.0,0.0,0.0,0.0,0.0,0.0,0.0,0.0,success,sinkhorn,0.1,100000
1D-gaussian-1c-64p,64,64,0.1371022802601275,11,1.3330539146703531e-16,,seconds,0.0,0.0024366546422243,megabytes,0.0,0.0,0.0,0.0,0.0,0.0,0.0,0.0,success,sinkhorn,0.1,100000
1D-gaussian-1c-64p,64,64,0.0805313118614312,11,6.632951998756781e-17,,seconds,0.0,0.0025202929973602,megabytes,0.0,0.0,0.0,0.0,0.0,0.0,0.0,0.0,success,sinkhorn,0.1,100000
1D-gaussian-1c-64p,64,64,0.124399971997049,11,5.242700718886852e-17,,seconds,0.0,0.0024410858750343,megabytes,0.0,0.0,0.0,0.0,0.0,0.0,0.0,0.0,success,sinkhorn,0.1,100000
1D-gaussian-1c-64p,64,64,0.0063688830721123,11,1.0163505201619055e-16,,seconds,0.0,0.0025110132992267,megabytes,0.0,0.0,0.0,0.0,0.0,0.0,0.0,0.0,success,sinkhorn,0.1,100000
1D-gaussian-1c-64p,64,64,0.0277248088167153,11,4.924955597309916e-17,,seconds,0.0,0.0027420371770858,megabytes,0.0,0.0,0.0,0.0,0.0,0.0,0.0,0.0,success,sinkhorn,0.1,100000
1D-gaussian-1c-64p,64,64,0.4058565970486185,11,6.527726048664193e-17,,seconds,0.0,0.0024435855448246,megabytes,0.0,0.0,0.0,0.0,0.0,0.0,0.0,0.0,success,sinkhorn,0.1,100000
1D-gaussian-1c-64p,64,64,0.0902621555441403,11,5.551835757499221e-17,,seconds,0.0,0.0024839844554662,megabytes,0.0,0.0,0.0,0.0,0.0,0.0,0.0,0.0,success,sinkhorn,0.1,100000
1D-gaussian-1c-64p,64,64,0.3742219021823868,11,6.973544218324145e-17,,seconds,0.0,0.0025328285992145,megabytes,0.0,0.0,0.0,0.0,0.0,0.0,0.0,0.0,success,sinkhorn,0.1,100000
1D-gaussian-1c-64p,64,64,0.5938735243660502,11,7.850582082909623e-17,,seconds,0.0,0.002470726147294,megabytes,0.0,0.0,0.0,0.0,0.0,0.0,0.0,0.0,success,sinkhorn,0.1,100000
1D-gaussian-1c-64p,64,64,0.305213772036722,11,2.7769339848554065e-17,,seconds,0.0,0.0026420541107654,megabytes,0.0,0.0,0.0,0.0,0.0,0.0,0.0,0.0,success,sinkhorn,0.1,100000
1D-gaussian-1c-64p,64,64,0.0332644152293017,11,5.949655315064551e-17,,seconds,0.0,0.0025320947170257,megabytes,0.0,0.0,0.0,0.0,0.0,0.0,0.0,0.0,success,sinkhorn,0.1,100000
1D-gaussian-1c-64p,64,64,0.151497756384079,11,4.2217686160674065e-17,,seconds,0.0,0.0026070941239595,megabytes,0.0,0.0,0.0,0.0,0.0,0.0,0.0,0.0,success,sinkhorn,0.1,100000
1D-gaussian-1c-64p,64,64,0.1662459186338621,11,7.888761160156157e-17,,seconds,0.0,0.002609284594655,megabytes,0.0,0.0,0.0,0.0,0.0,0.0,0.0,0.0,success,sinkhorn,0.1,100000
1D-gaussian-1c-64p,64,64,0.0069969322335081,11,4.8704224648236185e-17,,seconds,0.0,0.0023945048451423,megabytes,0.0,0.0,0.0,0.0,0.0,0.0,0.0,0.0,success,sinkhorn,0.1,100000
1D-gaussian-1c-64p,64,64,0.0884894724207941,11,7.522710970259818e-17,,seconds,0.0,0.0026679933071136,megabytes,0.0,0.0,0.0,0.0,0.0,0.0,0.0,0.0,success,sinkhorn,0.1,100000
1D-gaussian-1c-64p,64,64,0.0530135180406545,11,1.7757237811987421e-16,,seconds,0.0,0.0025174133479595,megabytes,0.0,0.0,0.0,0.0,0.0,0.0,0.0,0.0,success,sinkhorn,0.1,100000
1D-gaussian-1c-64p,64,64,0.2959592408666374,11,8.940142701570108e-17,,seconds,0.0,0.0028289053589105,megabytes,0.0,0.0,0.0,0.0,0.0,0.0,0.0,0.0,success,sinkhorn,0.1,100000
1D-gaussian-1c-64p,64,64,0.2166279642797633,11,4.616868486498416e-17,,seconds,0.0,0.0025630537420511,megabytes,0.0,0.0,0.0,0.0,0.0,0.0,0.0,0.0,success,sinkhorn,0.1,100000
1D-gaussian-1c-64p,64,64,0.2753382474685672,11,1.0593206108765566e-16,,seconds,0.0,0.0024327635765075,megabytes,0.0,0.0,0.0,0.0,0.0,0.0,0.0,0.0,success,sinkhorn,0.1,100000
1D-gaussian-1c-64p,64,64,0.020998947826356,11,6.973510628864974e-17,,seconds,0.0,0.0025570709258317,megabytes,0.0,0.0,0.0,0.0,0.0,0.0,0.0,0.0,success,sinkhorn,0.1,100000
1D-gaussian-1c-64p,64,64,0.0787881881285091,11,4.178737998684357e-17,,seconds,0.0,0.0023326948285102,megabytes,0.0,0.0,0.0,0.0,0.0,0.0,0.0,0.0,success,sinkhorn,0.1,100000
1D-gaussian-1c-64p,64,64,0.0703965429515359,11,6.400293130451672e-17,,seconds,0.0,0.0025628637522459,megabytes,0.0,0.0,0.0,0.0,0.0,0.0,0.0,0.0,success,sinkhorn,0.1,100000
1D-gaussian-1c-64p,64,64,0.1356408086624315,11,6.283435673291101e-17,,seconds,0.0,0.0024577248841524,megabytes,0.0,0.0,0.0,0.0,0.0,0.0,0.0,0.0,success,sinkhorn,0.1,100000
1D-gaussian-1c-64p,64,64,0.5372667970974213,11,6.798768970920529e-17,,seconds,0.0,0.0024233497679233,megabytes,0.0,0.0,0.0,0.0,0.0,0.0,0.0,0.0,success,sinkhorn,0.1,100000
1D-gaussian-1c-64p,64,64,0.529075950087212,11,6.369206199033614e-17,,seconds,0.0,0.0025576557964086,megabytes,0.0,0.0,0.0,0.0,0.0,0.0,0.0,0.0,success,sinkhorn,0.1,100000
1D-gaussian-1c-64p,64,64,0.0732693433601144,11,5.054580342056073e-17,,seconds,0.0,0.0025007594376802,megabytes,0.0,0.0,0.0,0.0,0.0,0.0,0.0,0.0,success,sinkhorn,0.1,100000
1D-gaussian-1c-64p,64,64,0.1030649812906424,11,4.9344421996015007e-17,,seconds,0.0,0.0023897122591733,megabytes,0.0,0.0,0.0,0.0,0.0,0.0,0.0,0.0,success,sinkhorn,0.1,100000
1D-gaussian-1c-64p,64,64,1.2469243673939805,11,6.406754208584603e-17,,seconds,0.0,0.0025300066918134,megabytes,0.0,0.0,0.0,0.0,0.0,0.0,0.0,0.0,success,sinkhorn,0.1,100000
1D-gaussian-1c-64p,64,64,0.6660143103945131,11,4.4610292906230107e-17,,seconds,0.0,0.0024570953100919,megabytes,0.0,0.0,0.0,0.0,0.0,0.0,0.0,0.0,success,sinkhorn,0.1,100000
1D-gaussian-1c-128p,128,128,0.0277248088167153,11,7.029066789702516e-17,,seconds,0.0,0.0028385538607835,megabytes,0.0,0.0,0.0,0.0,0.0,0.0,0.0,0.0,success,sinkhorn,0.1,100000
1D-gaussian-1c-128p,128,128,1.2469243673410677,11,4.221880001716108e-17,,seconds,0.0,0.0024402905255556,megabytes,0.0,0.0,0.0,0.0,0.0,0.0,0.0,0.0,success,sinkhorn,0.1,100000
1D-gaussian-1c-128p,128,128,0.0069969319540228,11,4.1777818689251975e-17,,seconds,0.2297272682189941,0.0026473030447959,megabytes,88270.0,88270.0,0.0,0.0,0.066269184,0.066269184,0.0,0.0,success,sinkhorn,0.1,100000
1D-gaussian-1c-128p,128,128,0.0902621463945818,11,6.654107877071731e-17,,seconds,0.0,0.0024569667875766,megabytes,0.0,0.0,0.0,0.0,0.0,0.0,0.0,0.0,success,sinkhorn,0.1,100000
1D-gaussian-1c-128p,128,128,0.088489472419931,11,3.684474867621811e-17,,seconds,0.0,0.0024351719766855,megabytes,0.0,0.0,0.0,0.0,0.0,0.0,0.0,0.0,success,sinkhorn,0.1,100000
1D-gaussian-1c-128p,128,128,0.0787881881285091,11,2.8918219510228826e-17,,seconds,0.0,0.0024722833186388,megabytes,0.0,0.0,0.0,0.0,0.0,0.0,0.0,0.0,success,sinkhorn,0.1,100000
1D-gaussian-1c-128p,128,128,0.124399971996964,11,4.274029890437589e-17,,seconds,0.0,0.0026185233145952,megabytes,0.0,0.0,0.0,0.0,0.0,0.0,0.0,0.0,success,sinkhorn,0.1,100000
1D-gaussian-1c-128p,128,128,0.020998947826356,11,3.827719677455909e-17,,seconds,0.0,0.0027606431394815,megabytes,0.0,0.0,0.0,0.0,0.0,0.0,0.0,0.0,success,sinkhorn,0.1,100000
1D-gaussian-1c-128p,128,128,0.0805312974269595,11,2.874312198548505e-17,,seconds,0.0,0.002378586679697,megabytes,0.0,0.0,0.0,0.0,0.0,0.0,0.0,0.0,success,sinkhorn,0.1,100000
1D-gaussian-1c-128p,128,128,0.2959592408666645,11,4.6029969415330186e-17,,seconds,0.0,0.0025508943945169,megabytes,0.0,0.0,0.0,0.0,0.0,0.0,0.0,0.0,success,sinkhorn,0.1,100000
1D-gaussian-1c-128p,128,128,0.0732693418520049,11,2.8862612618950894e-17,,seconds,0.0,0.0025485176593065,megabytes,0.0,0.0,0.0,0.0,0.0,0.0,0.0,0.0,success,sinkhorn,0.1,100000
1D-gaussian-1c-128p,128,128,0.0530135180406666,11,5.699255272877083e-17,,seconds,0.0,0.0025415234267711,megabytes,0.0,0.0,0.0,0.0,0.0,0.0,0.0,0.0,success,sinkhorn,0.1,100000
1D-gaussian-1c-128p,128,128,0.4058565970486174,11,5.1586296770369026e-17,,seconds,0.0,0.0024737361818552,megabytes,0.0,0.0,0.0,0.0,0.0,0.0,0.0,0.0,success,sinkhorn,0.1,100000
1D-gaussian-1c-128p,128,128,0.1030649812906423,11,3.371403916979389e-17,,seconds,0.0,0.0025267750024795,megabytes,0.0,0.0,0.0,0.0,0.0,0.0,0.0,0.0,success,sinkhorn,0.1,100000
1D-gaussian-1c-128p,128,128,0.0332644152293015,11,4.9168819045624875e-17,,seconds,0.0,0.0025274828076362,megabytes,0.0,0.0,0.0,0.0,0.0,0.0,0.0,0.0,success,sinkhorn,0.1,100000
1D-gaussian-1c-128p,128,128,0.151497756384079,11,4.184360538574318e-17,,seconds,0.0,0.0026584956794977,megabytes,0.0,0.0,0.0,0.0,0.0,0.0,0.0,0.0,success,sinkhorn,0.1,100000
1D-gaussian-1c-128p,128,128,0.5938735247868925,11,6.21243414079759e-17,,seconds,0.0,0.0024811588227748,megabytes,0.0,0.0,0.0,0.0,0.0,0.0,0.0,0.0,success,sinkhorn,0.1,100000
1D-gaussian-1c-128p,128,128,0.2166279642797589,11,4.514883031774727e-17,,seconds,0.0,0.0028095226734876,megabytes,0.0,0.0,0.0,0.0,0.0,0.0,0.0,0.0,success,sinkhorn,0.1,100000
1D-gaussian-1c-128p,128,128,0.1371022802601309,11,4.249477823906986e-17,,seconds,0.0,0.0024893376976251,megabytes,0.0,0.0,0.0,0.0,0.0,0.0,0.0,0.0,success,sinkhorn,0.1,100000
1D-gaussian-1c-128p,128,128,0.3052137716479607,11,4.1787415426778656e-17,,seconds,0.0,0.0025578662753105,megabytes,0.0,0.0,0.0,0.0,0.0,0.0,0.0,0.0,success,sinkhorn,0.1,100000
1D-gaussian-1c-128p,128,128,0.5290759500872163,11,8.138662113793413e-17,,seconds,0.0,0.0026984848082065,megabytes,0.0,0.0,0.0,0.0,0.0,0.0,0.0,0.0,success,sinkhorn,0.1,100000
1D-gaussian-1c-128p,128,128,0.0166558659946588,11,4.872937362045832e-17,,seconds,0.0,0.0025561824440956,megabytes,0.0,0.0,0.0,0.0,0.0,0.0,0.0,0.0,success,sinkhorn,0.1,100000
1D-gaussian-1c-128p,128,128,0.5372667971177844,11,4.419350948182114e-17,,seconds,0.0,0.0025514736771583,megabytes,0.0,0.0,0.0,0.0,0.0,0.0,0.0,0.0,success,sinkhorn,0.1,100000
1D-gaussian-1c-128p,128,128,0.1662459188056209,11,5.419461089580597e-17,,seconds,0.0,0.0024521499872207,megabytes,0.0,0.0,0.0,0.0,0.0,0.0,0.0,0.0,success,sinkhorn,0.1,100000
1D-gaussian-1c-128p,128,128,0.6660142952594753,11,3.814098801763511e-17,,seconds,0.0,0.0024406760931015,megabytes,0.0,0.0,0.0,0.0,0.0,0.0,0.0,0.0,success,sinkhorn,0.1,100000
1D-gaussian-1c-128p,128,128,0.0063688830721132,11,6.020067539515646e-17,,seconds,0.0,0.0024740621447563,megabytes,0.0,0.0,0.0,0.0,0.0,0.0,0.0,0.0,success,sinkhorn,0.1,100000
1D-gaussian-1c-128p,128,128,0.0703965429799649,11,3.676086034709584e-17,,seconds,0.0,0.0025317166000604,megabytes,0.0,0.0,0.0,0.0,0.0,0.0,0.0,0.0,success,sinkhorn,0.1,100000
1D-gaussian-1c-128p,128,128,0.1356408086624315,11,4.710471897799694e-17,,seconds,0.0,0.0025493670254945,megabytes,0.0,0.0,0.0,0.0,0.0,0.0,0.0,0.0,success,sinkhorn,0.1,100000
1D-gaussian-1c-128p,128,128,0.3742219021823869,11,6.896383222421788e-17,,seconds,0.0,0.0024475883692502,megabytes,0.0,0.0,0.0,0.0,0.0,0.0,0.0,0.0,success,sinkhorn,0.1,100000
1D-gaussian-1c-128p,128,128,0.275338247465225,11,7.516620336926654e-17,,seconds,0.0,0.002535343170166,megabytes,0.0,0.0,0.0,0.0,0.0,0.0,0.0,0.0,success,sinkhorn,0.1,100000
1D-gaussian-1c-256p,256,256,0.090262140083127,11,7.748098817026051e-17,,seconds,0.0,0.0032225046306848,megabytes,0.0,0.0,0.0,0.0,0.0,0.0,0.0,0.0,success,sinkhorn,0.1,100000
1D-gaussian-1c-256p,256,256,0.020998947826356,11,2.5466271694194437e-17,,seconds,0.0,0.0026024915277957,megabytes,0.0,0.0,0.0,0.0,0.0,0.0,0.0,0.0,success,sinkhorn,0.1,100000
1D-gaussian-1c-256p,256,256,0.1662459188056209,11,4.0839980249627655e-17,,seconds,0.0,0.0023584384471178,megabytes,0.0,0.0,0.0,0.0,0.0,0.0,0.0,0.0,success,sinkhorn,0.1,100000
1D-gaussian-1c-256p,256,256,0.0732693408030379,11,2.4336772006902708e-17,,seconds,0.0,0.0026260018348693,megabytes,0.0,0.0,0.0,0.0,0.0,0.0,0.0,0.0,success,sinkhorn,0.1,100000
1D-gaussian-1c-256p,256,256,0.0069969317425223,11,4.538908640375189e-17,,seconds,0.0,0.0028729885816574,megabytes,0.0,0.0,0.0,0.0,0.0,0.0,0.0,0.0,success,sinkhorn,0.1,100000
1D-gaussian-1c-256p,256,256,0.0703965429799649,11,3.243205641985376e-17,,seconds,0.0,0.0025350768119096,megabytes,0.0,0.0,0.0,0.0,0.0,0.0,0.0,0.0,success,sinkhorn,0.1,100000
1D-gaussian-1c-256p,256,256,0.275338247465225,11,3.5742938257706e-17,,seconds,0.0,0.0025736149400472,megabytes,0.0,0.0,0.0,0.0,0.0,0.0,0.0,0.0,success,sinkhorn,0.1,100000
1D-gaussian-1c-256p,256,256,0.3052137716479607,11,2.511921136385977e-17,,seconds,0.0,0.0026727579534053,megabytes,0.0,0.0,0.0,0.0,0.0,0.0,0.0,0.0,success,sinkhorn,0.1,100000
1D-gaussian-1c-256p,256,256,0.0332644152293014,11,4.884398666162026e-17,,seconds,0.0,0.0026442427188158,megabytes,0.0,0.0,0.0,0.0,0.0,0.0,0.0,0.0,success,sinkhorn,0.1,100000
1D-gaussian-1c-256p,256,256,0.2959592408666645,11,3.616273688484098e-17,,seconds,0.0,0.0026141460984945,megabytes,0.0,0.0,0.0,0.0,0.0,0.0,0.0,0.0,success,sinkhorn,0.1,100000
1D-gaussian-1c-256p,256,256,0.0787881881285091,11,2.4451070528294392e-17,,seconds,0.0,0.0024845954030752,megabytes,0.0,0.0,0.0,0.0,0.0,0.0,0.0,0.0,success,sinkhorn,0.1,100000
1D-gaussian-1c-256p,256,256,0.0530135180406666,11,4.6716920641272146e-17,,seconds,0.0,0.0025391168892383,megabytes,0.0,0.0,0.0,0.0,0.0,0.0,0.0,0.0,success,sinkhorn,0.1,100000
1D-gaussian-1c-256p,256,256,0.1030649812906424,11,3.982872659994192e-17,,seconds,0.0,0.0027770511806011,megabytes,0.0,0.0,0.0,0.0,0.0,0.0,0.0,0.0,success,sinkhorn,0.1,100000
1D-gaussian-1c-256p,256,256,0.1371022802601309,11,4.039644018380108e-17,,seconds,0.0,0.0025379117578268,megabytes,0.0,0.0,0.0,0.0,0.0,0.0,0.0,0.0,success,sinkhorn,0.1,100000
1D-gaussian-1c-256p,256,256,0.6660142851401869,11,1.903210311104501e-17,,seconds,0.0,0.0029214210808277,megabytes,0.0,0.0,0.0,0.0,0.0,0.0,0.0,0.0,success,sinkhorn,0.1,100000
1D-gaussian-1c-256p,256,256,0.3742219021823868,11,2.676742022005364e-17,,seconds,0.0,0.0029454659670591,megabytes,0.0,0.0,0.0,0.0,0.0,0.0,0.0,0.0,success,sinkhorn,0.1,100000
1D-gaussian-1c-256p,256,256,0.2166279642797551,11,2.691069044936732e-17,,seconds,0.0,0.0023246593773365,megabytes,0.0,0.0,0.0,0.0,0.0,0.0,0.0,0.0,success,sinkhorn,0.1,100000
1D-gaussian-1c-256p,256,256,0.0884894724191568,11,2.646431496848557e-17,,seconds,0.0,0.0025616902858018,megabytes,0.0,0.0,0.0,0.0,0.0,0.0,0.0,0.0,success,sinkhorn,0.1,100000
1D-gaussian-1c-256p,256,256,0.1243999719968931,11,1.9557260704027985e-17,,seconds,0.0,0.0025535635650157,megabytes,0.0,0.0,0.0,0.0,0.0,0.0,0.0,0.0,success,sinkhorn,0.1,100000
1D-gaussian-1c-256p,256,256,1.2469243673410646,11,4.1021619895552656e-17,,seconds,0.0,0.0025713089853525,megabytes,0.0,0.0,0.0,0.0,0.0,0.0,0.0,0.0,success,sinkhorn,0.1,100000
1D-gaussian-1c-256p,256,256,0.0277248088167153,11,5.2975364544006075e-17,,seconds,0.0,0.0025266632437705,megabytes,0.0,0.0,0.0,0.0,0.0,0.0,0.0,0.0,success,sinkhorn,0.1,100000
1D-gaussian-1c-256p,256,256,0.0063688830721132,11,3.4557765288596426e-17,,seconds,0.0,0.002526007592678,megabytes,0.0,0.0,0.0,0.0,0.0,0.0,0.0,0.0,success,sinkhorn,0.1,100000
1D-gaussian-1c-256p,256,256,0.1356408086624315,11,4.4062055300814136e-17,,seconds,0.0,0.0026496089994907,megabytes,0.0,0.0,0.0,0.0,0.0,0.0,0.0,0.0,success,sinkhorn,0.1,100000
1D-gaussian-1c-256p,256,256,0.0166558659946588,11,2.967912600368187e-17,,seconds,0.0,0.0025567505508661,megabytes,0.0,0.0,0.0,0.0,0.0,0.0,0.0,0.0,success,sinkhorn,0.1,100000
1D-gaussian-1c-256p,256,256,0.151497756384079,11,2.8880226421953086e-17,,seconds,0.0,0.0027562621980905,megabytes,0.0,0.0,0.0,0.0,0.0,0.0,0.0,0.0,success,sinkhorn,0.1,100000
1D-gaussian-1c-256p,256,256,0.080531287813133,11,3.2895504681812157e-17,,seconds,0.0,0.0024939011782407,megabytes,0.0,0.0,0.0,0.0,0.0,0.0,0.0,0.0,success,sinkhorn,0.1,100000
1D-gaussian-1c-256p,256,256,0.5372667971177844,11,4.581665530340252e-17,,seconds,0.0,0.0025096889585256,megabytes,0.0,0.0,0.0,0.0,0.0,0.0,0.0,0.0,success,sinkhorn,0.1,100000
1D-gaussian-1c-256p,256,256,0.5290759500872162,11,3.071001532483088e-17,,seconds,0.0,0.0025683939456939,megabytes,0.0,0.0,0.0,0.0,0.0,0.0,0.0,0.0,success,sinkhorn,0.1,100000
1D-gaussian-1c-256p,256,256,0.4058565970486165,11,2.36308983258494e-17,,seconds,0.0,0.0024303067475557,megabytes,0.0,0.0,0.0,0.0,0.0,0.0,0.0,0.0,success,sinkhorn,0.1,100000
1D-gaussian-1c-256p,256,256,0.5938735247868816,11,5.4139680077069953e-17,,seconds,0.0,0.0027447659522295,megabytes,0.0,0.0,0.0,0.0,0.0,0.0,0.0,0.0,success,sinkhorn,0.1,100000
1D-gaussian-1c-512p,512,512,0.0332644152293014,11,1.8759701992040988e-17,,seconds,0.0,0.0028260275721549,megabytes,0.0,0.0,0.0,0.0,0.0,0.0,0.0,0.0,success,sinkhorn,0.1,100000
1D-gaussian-1c-512p,512,512,0.1371022802601309,11,2.3933068804044377e-17,,seconds,0.0,0.0026169158518314,megabytes,0.0,0.0,0.0,0.0,0.0,0.0,0.0,0.0,success,sinkhorn,0.1,100000
1D-gaussian-1c-512p,512,512,0.5372667971177842,11,2.7744396830112945e-17,,seconds,0.0,0.0026784148067235,megabytes,0.0,0.0,0.0,0.0,0.0,0.0,0.0,0.0,success,sinkhorn,0.1,100000
1D-gaussian-1c-512p,512,512,0.0069969316168091,11,3.4210813088789116e-17,,seconds,0.0,0.0025037284940481,megabytes,0.0,0.0,0.0,0.0,0.0,0.0,0.0,0.0,success,sinkhorn,0.1,100000
1D-gaussian-1c-512p,512,512,0.0902621364645935,11,2.4811346580513707e-17,,seconds,0.0,0.0028007235378026,megabytes,0.0,0.0,0.0,0.0,0.0,0.0,0.0,0.0,success,sinkhorn,0.1,100000
1D-gaussian-1c-512p,512,512,0.5938735247868752,11,4.1198680405665255e-17,,seconds,0.0,0.0025836620479822,megabytes,0.0,0.0,0.0,0.0,0.0,0.0,0.0,0.0,success,sinkhorn,0.1,100000
1D-gaussian-1c-512p,512,512,0.020998947826356,11,2.254357534126718e-17,,seconds,0.0,0.0026875957846641,megabytes,0.0,0.0,0.0,0.0,0.0,0.0,0.0,0.0,success,sinkhorn,0.1,100000
1D-gaussian-1c-512p,512,512,0.0703965429799649,11,3.5439205335867e-17,,seconds,0.0,0.0026150085031986,megabytes,0.0,0.0,0.0,0.0,0.0,0.0,0.0,0.0,success,sinkhorn,0.1,100000
1D-gaussian-1c-512p,512,512,0.0787881881285091,11,2.745861238746197e-17,,seconds,0.0,0.0025322660803794,megabytes,0.0,0.0,0.0,0.0,0.0,0.0,0.0,0.0,success,sinkhorn,0.1,100000
1D-gaussian-1c-512p,512,512,0.2959592408666645,11,2.2401056187543348e-17,,seconds,0.0,0.0029913540929555,megabytes,0.0,0.0,0.0,0.0,0.0,0.0,0.0,0.0,success,sinkhorn,0.1,100000
1D-gaussian-1c-512p,512,512,0.4058565970486157,11,3.519001298989289e-17,,seconds,0.0,0.0026206262409687,megabytes,0.0,0.0,0.0,0.0,0.0,0.0,0.0,0.0,success,sinkhorn,0.1,100000
1D-gaussian-1c-512p,512,512,0.0166558659946588,11,3.3121706736105375e-17,,seconds,0.0,0.0027397070080041,megabytes,0.0,0.0,0.0,0.0,0.0,0.0,0.0,0.0,success,sinkhorn,0.1,100000
1D-gaussian-1c-512p,512,512,0.1514977563840791,11,1.6226099632703546e-17,,seconds,0.0,0.0024588946253061,megabytes,0.0,0.0,0.0,0.0,0.0,0.0,0.0,0.0,success,sinkhorn,0.1,100000
1D-gaussian-1c-512p,512,512,0.0063688830721131,11,3.981617227182487e-17,,seconds,0.0,0.0026831589639186,megabytes,0.0,0.0,0.0,0.0,0.0,0.0,0.0,0.0,success,sinkhorn,0.1,100000
1D-gaussian-1c-512p,512,512,0.0732693401995502,11,3.239694085529532e-17,,seconds,0.0,0.0025977976620197,megabytes,0.0,0.0,0.0,0.0,0.0,0.0,0.0,0.0,success,sinkhorn,0.1,100000
1D-gaussian-1c-512p,512,512,0.088489472418665,11,1.9012165399003813e-17,,seconds,0.0,0.0026070699095726,megabytes,0.0,0.0,0.0,0.0,0.0,0.0,0.0,0.0,success,sinkhorn,0.1,100000
1D-gaussian-1c-512p,512,512,0.5290759500872162,11,3.0568213904093166e-17,,seconds,0.0,0.0027355533093214,megabytes,0.0,0.0,0.0,0.0,0.0,0.0,0.0,0.0,success,sinkhorn,0.1,100000
1D-gaussian-1c-512p,512,512,0.6660142794088492,11,1.744145849138722e-17,,seconds,0.0,0.0026077199727296,megabytes,0.0,0.0,0.0,0.0,0.0,0.0,0.0,0.0,success,sinkhorn,0.1,100000
1D-gaussian-1c-512p,512,512,0.1356408086624315,11,2.975777774559214e-17,,seconds,0.0,0.0025064162909984,megabytes,0.0,0.0,0.0,0.0,0.0,0.0,0.0,0.0,success,sinkhorn,0.1,100000
1D-gaussian-1c-512p,512,512,0.0530135180406666,11,2.4470418583801652e-17,,seconds,0.0,0.002570267766714,megabytes,0.0,0.0,0.0,0.0,0.0,0.0,0.0,0.0,success,sinkhorn,0.1,100000
1D-gaussian-1c-512p,512,512,0.2166279642797528,11,2.345643605891041e-17,,seconds,0.0,0.0027057137340307,megabytes,0.0,0.0,0.0,0.0,0.0,0.0,0.0,0.0,success,sinkhorn,0.1,100000
1D-gaussian-1c-512p,512,512,0.1243999719968493,11,1.9947819327620217e-17,,seconds,0.0,0.002670120447874,megabytes,0.0,0.0,0.0,0.0,0.0,0.0,0.0,0.0,success,sinkhorn,0.1,100000
1D-gaussian-1c-512p,512,512,0.3742219021823867,11,2.6350082601907618e-17,,seconds,0.0,0.0031207464635372,megabytes,0.0,0.0,0.0,0.0,0.0,0.0,0.0,0.0,success,sinkhorn,0.1,100000
1D-gaussian-1c-512p,512,512,1.2469243673410626,11,2.006203804006493e-17,,seconds,0.0,0.002581400796771,megabytes,0.0,0.0,0.0,0.0,0.0,0.0,0.0,0.0,success,sinkhorn,0.1,100000
1D-gaussian-1c-512p,512,512,0.1030649812906424,11,3.791511374166941e-17,,seconds,0.0,0.0027091447263956,megabytes,0.0,0.0,0.0,0.0,0.0,0.0,0.0,0.0,success,sinkhorn,0.1,100000
1D-gaussian-1c-512p,512,512,0.2753382474652251,11,3.4118864857438365e-17,,seconds,0.0,0.0027463678270578,megabytes,0.0,0.0,0.0,0.0,0.0,0.0,0.0,0.0,success,sinkhorn,0.1,100000
1D-gaussian-1c-512p,512,512,0.0277248088167152,11,1.803422683816853e-17,,seconds,0.0,0.0026096310466527,megabytes,0.0,0.0,0.0,0.0,0.0,0.0,0.0,0.0,success,sinkhorn,0.1,100000
1D-gaussian-1c-512p,512,512,0.1662459188056209,11,2.8085608937943257e-17,,seconds,0.0,0.0025009904056787,megabytes,0.0,0.0,0.0,0.0,0.0,0.0,0.0,0.0,success,sinkhorn,0.1,100000
1D-gaussian-1c-512p,512,512,0.080531282376516,11,1.800170332716836e-17,,seconds,0.0,0.0026015229523181,megabytes,0.0,0.0,0.0,0.0,0.0,0.0,0.0,0.0,success,sinkhorn,0.1,100000
1D-gaussian-1c-512p,512,512,0.3052137716479606,11,2.6806208544157516e-17,,seconds,0.0,0.0026030149310827,megabytes,0.0,0.0,0.0,0.0,0.0,0.0,0.0,0.0,success,sinkhorn,0.1,100000
1D-gaussian-1c-1024p,1024,1024,0.0732693398778488,11,1.3828611817179956e-17,,seconds,0.0,0.0031594727188348,megabytes,0.0,0.0,0.0,0.0,0.0,0.0,0.0,0.0,success,sinkhorn,0.1,100000
1D-gaussian-1c-1024p,1024,1024,0.0703965429799649,11,1.6549522629054148e-17,,seconds,0.0,0.0025921612977981,megabytes,0.0,0.0,0.0,0.0,0.0,0.0,0.0,0.0,success,sinkhorn,0.1,100000
1D-gaussian-1c-1024p,1024,1024,0.1356408086624315,11,1.7208486445033084e-17,,seconds,0.0,0.0026508383452892,megabytes,0.0,0.0,0.0,0.0,0.0,0.0,0.0,0.0,success,sinkhorn,0.1,100000
1D-gaussian-1c-1024p,1024,1024,0.3742219021823868,11,3.56276982709632e-17,,seconds,0.0,0.0025398768484592,megabytes,0.0,0.0,0.0,0.0,0.0,0.0,0.0,0.0,success,sinkhorn,0.1,100000
1D-gaussian-1c-1024p,1024,1024,0.1030649812906423,11,1.4173739147486564e-17,,seconds,0.0,0.002628868445754,megabytes,0.0,0.0,0.0,0.0,0.0,0.0,0.0,0.0,success,sinkhorn,0.1,100000
1D-gaussian-1c-1024p,1024,1024,0.4058565970486154,11,1.4224052333947257e-17,,seconds,0.0,0.0028068851679563,megabytes,0.0,0.0,0.0,0.0,0.0,0.0,0.0,0.0,success,sinkhorn,0.1,100000
1D-gaussian-1c-1024p,1024,1024,0.2753382474652251,11,2.4612276232501762e-17,,seconds,0.0,0.0026455726474523,megabytes,0.0,0.0,0.0,0.0,0.0,0.0,0.0,0.0,success,sinkhorn,0.1,100000
1D-gaussian-1c-1024p,1024,1024,0.1243999719968252,11,1.0445640535876396e-17,,seconds,0.0,0.0025171227753162,megabytes,0.0,0.0,0.0,0.0,0.0,0.0,0.0,0.0,success,sinkhorn,0.1,100000
1D-gaussian-1c-1024p,1024,1024,0.0063688830721132,11,2.0930417567692602e-17,,seconds,0.0,0.0026109758764505,megabytes,0.0,0.0,0.0,0.0,0.0,0.0,0.0,0.0,success,sinkhorn,0.1,100000
1D-gaussian-1c-1024p,1024,1024,0.2959592408666644,11,1.6486416018277593e-17,,seconds,0.0,0.0025994759052991,megabytes,0.0,0.0,0.0,0.0,0.0,0.0,0.0,0.0,success,sinkhorn,0.1,100000
1D-gaussian-1c-1024p,1024,1024,0.6660142763742658,11,1.0218826673156317e-17,,seconds,0.0,0.0027234051376581,megabytes,0.0,0.0,0.0,0.0,0.0,0.0,0.0,0.0,success,sinkhorn,0.1,100000
1D-gaussian-1c-1024p,1024,1024,0.0530135180406666,11,1.8528346205472985e-17,,seconds,0.0,0.0027666613459587,megabytes,0.0,0.0,0.0,0.0,0.0,0.0,0.0,0.0,success,sinkhorn,0.1,100000
1D-gaussian-1c-1024p,1024,1024,0.0884894724183917,11,1.001610835696815e-17,,seconds,0.0,0.0025732070207595,megabytes,0.0,0.0,0.0,0.0,0.0,0.0,0.0,0.0,success,sinkhorn,0.1,100000
1D-gaussian-1c-1024p,1024,1024,0.0902621345385789,11,2.4765651783481535e-17,,seconds,0.0,0.0026978086680173,megabytes,0.0,0.0,0.0,0.0,0.0,0.0,0.0,0.0,success,sinkhorn,0.1,100000
1D-gaussian-1c-1024p,1024,1024,0.0166558659946588,11,1.4300279278095333e-17,,seconds,0.0,0.0026383344084024,megabytes,0.0,0.0,0.0,0.0,0.0,0.0,0.0,0.0,success,sinkhorn,0.1,100000
1D-gaussian-1c-1024p,1024,1024,0.137102280260131,11,1.7423391722881105e-17,,seconds,0.0,0.0025746598839759,megabytes,0.0,0.0,0.0,0.0,0.0,0.0,0.0,0.0,success,sinkhorn,0.1,100000
1D-gaussian-1c-1024p,1024,1024,0.2166279642797515,11,9.37502128680459e-18,,seconds,0.0,0.0026438068598508,megabytes,0.0,0.0,0.0,0.0,0.0,0.0,0.0,0.0,success,sinkhorn,0.1,100000
1D-gaussian-1c-1024p,1024,1024,0.0332644152293014,11,3.41456335654656e-17,,seconds,0.0,0.0025638174265623,megabytes,0.0,0.0,0.0,0.0,0.0,0.0,0.0,0.0,success,sinkhorn,0.1,100000
1D-gaussian-1c-1024p,1024,1024,0.151497756384079,11,1.2822139342491673e-17,,seconds,0.0,0.0024224836379289,megabytes,0.0,0.0,0.0,0.0,0.0,0.0,0.0,0.0,success,sinkhorn,0.1,100000
1D-gaussian-1c-1024p,1024,1024,0.166245918805621,11,1.57457200909232e-17,,seconds,0.0,0.0026558209210634,megabytes,0.0,0.0,0.0,0.0,0.0,0.0,0.0,0.0,success,sinkhorn,0.1,100000
1D-gaussian-1c-1024p,1024,1024,1.246924367341061,11,2.222232392457192e-17,,seconds,0.0,0.0027130246162414,megabytes,0.0,0.0,0.0,0.0,0.0,0.0,0.0,0.0,success,sinkhorn,0.1,100000
1D-gaussian-1c-1024p,1024,1024,0.0069969315488602,11,1.3347557327506345e-17,,seconds,0.0,0.0026451312005519,megabytes,0.0,0.0,0.0,0.0,0.0,0.0,0.0,0.0,success,sinkhorn,0.1,100000
1D-gaussian-1c-1024p,1024,1024,0.5372667971177842,11,1.8400940220379576e-17,,seconds,0.0,0.0026765447109937,megabytes,0.0,0.0,0.0,0.0,0.0,0.0,0.0,0.0,success,sinkhorn,0.1,100000
1D-gaussian-1c-1024p,1024,1024,0.0277248088167153,11,1.5435963668699598e-17,,seconds,0.0,0.0026414692401885,megabytes,0.0,0.0,0.0,0.0,0.0,0.0,0.0,0.0,success,sinkhorn,0.1,100000
1D-gaussian-1c-1024p,1024,1024,0.5938735247868715,11,2.365982801263216e-17,,seconds,0.0,0.0026189368218183,megabytes,0.0,0.0,0.0,0.0,0.0,0.0,0.0,0.0,success,sinkhorn,0.1,100000
1D-gaussian-1c-1024p,1024,1024,0.5290759500872164,11,1.7501885506095545e-17,,seconds,0.0,0.0026399474591016,megabytes,0.0,0.0,0.0,0.0,0.0,0.0,0.0,0.0,success,sinkhorn,0.1,100000
1D-gaussian-1c-1024p,1024,1024,0.0805312794999549,11,1.837302722893577e-17,,seconds,0.0,0.0026785880327224,megabytes,0.0,0.0,0.0,0.0,0.0,0.0,0.0,0.0,success,sinkhorn,0.1,100000
1D-gaussian-1c-1024p,1024,1024,0.0787881881285091,11,1.6151851882028514e-17,,seconds,0.0,0.0026863701641559,megabytes,0.0,0.0,0.0,0.0,0.0,0.0,0.0,0.0,success,sinkhorn,0.1,100000
1D-gaussian-1c-1024p,1024,1024,0.3052137716479606,11,1.587686832266926e-17,,seconds,0.0,0.002629105001688,megabytes,0.0,0.0,0.0,0.0,0.0,0.0,0.0,0.0,success,sinkhorn,0.1,100000
1D-gaussian-1c-1024p,1024,1024,0.020998947826356,11,1.7254812892749956e-17,,seconds,0.0,0.0026262030005455,megabytes,0.0,0.0,0.0,0.0,0.0,0.0,0.0,0.0,success,sinkhorn,0.1,100000
1D-gaussian-1c-2048p,2048,2048,0.0063688830721132,11,2.4328484658322748e-17,,seconds,0.0,0.0034491848200559,megabytes,0.0,0.0,0.0,0.0,0.0,0.0,0.0,0.0,success,sinkhorn,0.1,100000
1D-gaussian-1c-2048p,2048,2048,0.3052137716479606,11,1.0712769967722252e-17,,seconds,0.0,0.0032778512686491,megabytes,0.0,0.0,0.0,0.0,0.0,0.0,0.0,0.0,success,sinkhorn,0.1,100000
1D-gaussian-1c-2048p,2048,2048,0.1662459188056209,11,1.4470291331267986e-17,,seconds,0.0,0.0031876452267169,megabytes,0.0,0.0,0.0,0.0,0.0,0.0,0.0,0.0,success,sinkhorn,0.1,100000
1D-gaussian-1c-2048p,2048,2048,0.5372667971177844,11,1.6447691812951813e-17,,seconds,0.0,0.0032339766621589,megabytes,0.0,0.0,0.0,0.0,0.0,0.0,0.0,0.0,success,sinkhorn,0.1,100000
1D-gaussian-1c-2048p,2048,2048,0.2959592408666645,11,1.2387447771688813e-17,,seconds,0.0,0.0030397810041904,megabytes,0.0,0.0,0.0,0.0,0.0,0.0,0.0,0.0,success,sinkhorn,0.1,100000
1D-gaussian-1c-2048p,2048,2048,1.2469243673410606,11,1.8428269852152178e-17,,seconds,0.0,0.0031955018639564,megabytes,0.0,0.0,0.0,0.0,0.0,0.0,0.0,0.0,success,sinkhorn,0.1,100000
1D-gaussian-1c-2048p,2048,2048,0.0902621335464216,11,8.300104935123207e-18,,seconds,0.0,0.0032304115593433,megabytes,0.0,0.0,0.0,0.0,0.0,0.0,0.0,0.0,success,sinkhorn,0.1,100000
1D-gaussian-1c-2048p,2048,2048,0.0805312780221989,11,1.0191262708834013e-17,,seconds,0.0,0.0033401641994714,megabytes,0.0,0.0,0.0,0.0,0.0,0.0,0.0,0.0,success,sinkhorn,0.1,100000
1D-gaussian-1c-2048p,2048,2048,0.020998947826356,11,1.192396901219118e-17,,seconds,0.0,0.0032657999545335,megabytes,0.0,0.0,0.0,0.0,0.0,0.0,0.0,0.0,success,sinkhorn,0.1,100000
1D-gaussian-1c-2048p,2048,2048,0.3742219021823867,11,9.096664012547213e-18,,seconds,0.0,0.0033034477382898,megabytes,0.0,0.0,0.0,0.0,0.0,0.0,0.0,0.0,success,sinkhorn,0.1,100000
1D-gaussian-1c-2048p,2048,2048,0.1514977563840791,11,1.346648322435813e-17,,seconds,0.0,0.003208877518773,megabytes,0.0,0.0,0.0,0.0,0.0,0.0,0.0,0.0,success,sinkhorn,0.1,100000
1D-gaussian-1c-2048p,2048,2048,0.275338247465225,11,1.3230181921239132e-17,,seconds,0.0,0.0030492562800645,megabytes,0.0,0.0,0.0,0.0,0.0,0.0,0.0,0.0,success,sinkhorn,0.1,100000
1D-gaussian-1c-2048p,2048,2048,0.0530135180406666,11,1.1559726202167416e-17,,seconds,0.2257347106933593,0.0032709669321775,megabytes,88270.0,88270.0,0.0,0.0,0.066224128,0.066224128,0.0,0.0,success,sinkhorn,0.1,100000
1D-gaussian-1c-2048p,2048,2048,0.0787881881285091,11,1.3816488316793465e-17,,seconds,0.0,0.0032982006669044,megabytes,0.0,0.0,0.0,0.0,0.0,0.0,0.0,0.0,success,sinkhorn,0.1,100000
1D-gaussian-1c-2048p,2048,2048,0.6660142748148321,11,1.0554907605828585e-17,,seconds,0.0,0.0032263323664665,megabytes,0.0,0.0,0.0,0.0,0.0,0.0,0.0,0.0,success,sinkhorn,0.1,100000
1D-gaussian-1c-2048p,2048,2048,0.1243999719968126,11,9.24111411292969e-18,,seconds,0.0,0.0033299960196018,megabytes,0.0,0.0,0.0,0.0,0.0,0.0,0.0,0.0,success,sinkhorn,0.1,100000
1D-gaussian-1c-2048p,2048,2048,0.0884894724182481,11,9.861196725686665e-18,,seconds,0.0,0.0032281372696161,megabytes,0.0,0.0,0.0,0.0,0.0,0.0,0.0,0.0,success,sinkhorn,0.1,100000
1D-gaussian-1c-2048p,2048,2048,0.5290759500872162,11,1.0320562635432336e-17,,seconds,0.0,0.0032244324684143,megabytes,0.0,0.0,0.0,0.0,0.0,0.0,0.0,0.0,success,sinkhorn,0.1,100000
1D-gaussian-1c-2048p,2048,2048,0.4058565970486153,11,2.0075708621154732e-17,,seconds,0.0,0.0031608641147613,megabytes,0.0,0.0,0.0,0.0,0.0,0.0,0.0,0.0,success,sinkhorn,0.1,100000
1D-gaussian-1c-2048p,2048,2048,0.1030649812906424,11,1.9520759227751328e-17,,seconds,0.0,0.0031760539859533,megabytes,0.0,0.0,0.0,0.0,0.0,0.0,0.0,0.0,success,sinkhorn,0.1,100000
1D-gaussian-1c-2048p,2048,2048,0.0732693397120133,11,9.480498253341881e-18,,seconds,0.0,0.0032909698784351,megabytes,0.0,0.0,0.0,0.0,0.0,0.0,0.0,0.0,success,sinkhorn,0.1,100000
1D-gaussian-1c-2048p,2048,2048,0.1371022802601309,11,2.06857348317668e-17,,seconds,0.0,0.0031834598630666,megabytes,0.0,0.0,0.0,0.0,0.0,0.0,0.0,0.0,success,sinkhorn,0.1,100000
1D-gaussian-1c-2048p,2048,2048,0.0332644152293013,11,9.923166428316513e-18,,seconds,0.0,0.0031350012868642,megabytes,0.0,0.0,0.0,0.0,0.0,0.0,0.0,0.0,success,sinkhorn,0.1,100000
1D-gaussian-1c-2048p,2048,2048,0.2166279642797508,11,1.2072206790000339e-17,,seconds,0.0,0.0031677465885877,megabytes,0.0,0.0,0.0,0.0,0.0,0.0,0.0,0.0,success,sinkhorn,0.1,100000
1D-gaussian-1c-2048p,2048,2048,0.0069969315136108,11,9.341252711039906e-18,,seconds,0.0,0.0031706802546977,megabytes,0.0,0.0,0.0,0.0,0.0,0.0,0.0,0.0,success,sinkhorn,0.1,100000
1D-gaussian-1c-2048p,2048,2048,0.0166558659946588,11,2.1658206028468678e-17,,seconds,0.0,0.0032066870480775,megabytes,0.0,0.0,0.0,0.0,0.0,0.0,0.0,0.0,success,sinkhorn,0.1,100000
1D-gaussian-1c-2048p,2048,2048,0.0703965429799649,11,1.2887301550359077e-17,,seconds,0.0,0.0030076839029788,megabytes,0.0,0.0,0.0,0.0,0.0,0.0,0.0,0.0,success,sinkhorn,0.1,100000
1D-gaussian-1c-2048p,2048,2048,0.5938735247868696,11,2.7352423509737588e-17,,seconds,0.0,0.0032171960920095,megabytes,0.0,0.0,0.0,0.0,0.0,0.0,0.0,0.0,success,sinkhorn,0.1,100000
1D-gaussian-1c-2048p,2048,2048,0.1356408086624315,11,2.0118587822785778e-17,,seconds,0.0,0.0030761342495679,megabytes,0.0,0.0,0.0,0.0,0.0,0.0,0.0,0.0,success,sinkhorn,0.1,100000
1D-gaussian-1c-2048p,2048,2048,0.0277248088167152,11,1.0463779772122629e-17,,seconds,0.2246325016021728,0.0031746700406074,megabytes,88270.0,88270.0,0.0,0.0,0.066240512,0.066240512,0.0,0.0,success,sinkhorn,0.1,100000
1D-gaussian-1c-32p,32,32,0.1167819732230436,21,4.216862434286814e-07,,seconds,0.0,0.002976844087243,megabytes,0.0,0.0,0.0,0.0,0.0,0.0,0.0,0.0,success,sinkhorn,0.01,100000
1D-gaussian-1c-32p,32,32,0.0040490264180991,11,2.3721695765557243e-08,,seconds,0.0,0.002748092636466,megabytes,0.0,0.0,0.0,0.0,0.0,0.0,0.0,0.0,success,sinkhorn,0.01,100000
1D-gaussian-1c-32p,32,32,0.051847255003166,11,2.246101414912725e-10,,seconds,0.0,0.0027156677097082,megabytes,0.0,0.0,0.0,0.0,0.0,0.0,0.0,0.0,success,sinkhorn,0.01,100000
1D-gaussian-1c-32p,32,32,0.273654048484616,11,2.521405537241145e-09,,seconds,0.0,0.0026237983256578,megabytes,0.0,0.0,0.0,0.0,0.0,0.0,0.0,0.0,success,sinkhorn,0.01,100000
1D-gaussian-1c-32p,32,32,0.4038845670230648,100000,2.459939580643376e-06,,seconds,3.115757942199707,2.9787472803145647,megabytes,88270.0,88270.0,59.0,53.75,0.077238272,0.077238272,0.77265625,0.72890625,success,sinkhorn,0.01,100000
1D-gaussian-1c-32p,32,32,1.0637286505203405,100000,0.1137957492607464,,seconds,3.0793137550354004,2.8871512431651354,megabytes,88270.0,88270.0,61.0,54.92857142857143,0.078114816,0.078114816,0.809375,0.7251674107142857,success,sinkhorn,0.01,100000
1D-gaussian-1c-32p,32,32,0.3036489142239131,11,3.143256306477724e-11,,seconds,0.0,0.0026262942701578,megabytes,0.0,0.0,0.0,0.0,0.0,0.0,0.0,0.0,success,sinkhorn,0.01,100000
1D-gaussian-1c-32p,32,32,0.59314755385304,100000,7.134431192500509e-05,,seconds,3.066003561019897,2.9091628212481737,megabytes,88270.0,88270.0,60.0,54.23076923076923,0.077410304,0.077410304,0.8046875,0.7394230769230768,success,sinkhorn,0.01,100000
1D-gaussian-1c-32p,32,32,0.0284279538160574,21,7.30940112945565e-10,,seconds,0.0,0.0030461605638265,megabytes,0.0,0.0,0.0,0.0,0.0,0.0,0.0,0.0,success,sinkhorn,0.01,100000
1D-gaussian-1c-32p,32,32,0.022303856549701,21,2.8490110447311203e-09,,seconds,0.0,0.0032278392463922,megabytes,0.0,0.0,0.0,0.0,0.0,0.0,0.0,0.0,success,sinkhorn,0.01,100000
1D-gaussian-1c-32p,32,32,0.0841251820976256,21,3.1740583853819264e-10,,seconds,0.0,0.0029358528554439,megabytes,0.0,0.0,0.0,0.0,0.0,0.0,0.0,0.0,success,sinkhorn,0.01,100000
1D-gaussian-1c-32p,32,32,0.0857238787993197,21,5.621285058236988e-10,,seconds,0.0,0.0029640961438417,megabytes,0.0,0.0,0.0,0.0,0.0,0.0,0.0,0.0,success,sinkhorn,0.01,100000
1D-gaussian-1c-32p,32,32,0.0153175529911093,11,4.979098726813584e-10,,seconds,0.0,0.0026455167680978,megabytes,0.0,0.0,0.0,0.0,0.0,0.0,0.0,0.0,success,sinkhorn,0.01,100000
1D-gaussian-1c-32p,32,32,0.0047757872559178,11,9.828413975743207e-10,,seconds,0.0,0.002639215439558,megabytes,0.0,0.0,0.0,0.0,0.0,0.0,0.0,0.0,success,sinkhorn,0.01,100000
1D-gaussian-1c-32p,32,32,0.0976552282471359,21,6.172581004749297e-09,,seconds,0.0,0.0029601994901895,megabytes,0.0,0.0,0.0,0.0,0.0,0.0,0.0,0.0,success,sinkhorn,0.01,100000
1D-gaussian-1c-32p,32,32,0.13327496605797,11,2.05148874884824e-07,,seconds,0.0,0.002708351239562,megabytes,0.0,0.0,0.0,0.0,0.0,0.0,0.0,0.0,success,sinkhorn,0.01,100000
1D-gaussian-1c-32p,32,32,0.37193572969393,11,3.376296536809635e-07,,seconds,0.0,0.0026713125407695,megabytes,0.0,0.0,0.0,0.0,0.0,0.0,0.0,0.0,success,sinkhorn,0.01,100000
1D-gaussian-1c-32p,32,32,0.2954301620081512,11,5.279427912797068e-11,,seconds,0.0,0.0025968421250581,megabytes,0.0,0.0,0.0,0.0,0.0,0.0,0.0,0.0,success,sinkhorn,0.01,100000
1D-gaussian-1c-32p,32,32,0.1474789803977371,21,1.3344555513581038e-10,,seconds,0.0,0.0031381472945213,megabytes,0.0,0.0,0.0,0.0,0.0,0.0,0.0,0.0,success,sinkhorn,0.01,100000
1D-gaussian-1c-32p,32,32,0.0721901434975895,21,6.262888968139464e-08,,seconds,0.0,0.0028579868376255,megabytes,0.0,0.0,0.0,0.0,0.0,0.0,0.0,0.0,success,sinkhorn,0.01,100000
1D-gaussian-1c-32p,32,32,0.0685327673393598,11,2.4487904292341542e-09,,seconds,0.0,0.0024722982197999,megabytes,0.0,0.0,0.0,0.0,0.0,0.0,0.0,0.0,success,sinkhorn,0.01,100000
1D-gaussian-1c-32p,32,32,0.0174485155108565,21,6.122149216680054e-12,,seconds,0.0,0.0028202161192893,megabytes,0.0,0.0,0.0,0.0,0.0,0.0,0.0,0.0,success,sinkhorn,0.01,100000
1D-gaussian-1c-32p,32,32,0.0777157513377558,11,2.3393748631707387e-07,,seconds,0.0,0.0026207584887742,megabytes,0.0,0.0,0.0,0.0,0.0,0.0,0.0,0.0,success,sinkhorn,0.01,100000
1D-gaussian-1c-32p,32,32,0.5348171774416765,100000,6.648226341758536e-05,,seconds,2.977541446685791,2.924639753997326,megabytes,88270.0,88270.0,60.0,50.76923076923077,0.077156352,0.077156352,0.8109375,0.7628004807692309,success,sinkhorn,0.01,100000
1D-gaussian-1c-32p,32,32,0.0675940836650318,21,9.633253966856971e-09,,seconds,0.0,0.0028241761028766,megabytes,0.0,0.0,0.0,0.0,0.0,0.0,0.0,0.0,success,sinkhorn,0.01,100000
1D-gaussian-1c-32p,32,32,0.1360282109329296,11,3.547262911390642e-10,,seconds,0.0,0.002771133556962,megabytes,0.0,0.0,0.0,0.0,0.0,0.0,0.0,0.0,success,sinkhorn,0.01,100000
1D-gaussian-1c-32p,32,32,0.6550572519586307,100000,0.0015892265049363,,seconds,3.0679590702056885,2.892774583771825,megabytes,88270.0,88270.0,59.0,50.71428571428572,0.077193216,0.077193216,0.809375,0.7390625,success,sinkhorn,0.01,100000
1D-gaussian-1c-32p,32,32,0.5267015602481788,100000,5.537360372240643e-06,,seconds,3.0759902000427246,2.877966575324536,megabytes,88270.0,88270.0,59.0,54.5,0.077881344,0.077881344,0.809375,0.7279017857142857,success,sinkhorn,0.01,100000
1D-gaussian-1c-32p,32,32,0.2110893994189399,21,1.1915297293528409e-08,,seconds,0.0,0.0028037428855895,megabytes,0.0,0.0,0.0,0.0,0.0,0.0,0.0,0.0,success,sinkhorn,0.01,100000
1D-gaussian-1c-32p,32,32,0.1657917448229414,11,1.9796301350489072e-14,,seconds,0.0,0.0023655090481042,megabytes,0.0,0.0,0.0,0.0,0.0,0.0,0.0,0.0,success,sinkhorn,0.01,100000
1D-gaussian-1c-64p,64,64,0.0153504593406923,11,2.81737818882578e-10,,seconds,0.0,0.0025944411754608,megabytes,0.0,0.0,0.0,0.0,0.0,0.0,0.0,0.0,success,sinkhorn,0.01,100000
1D-gaussian-1c-64p,64,64,0.135956200554468,11,2.888244930771282e-10,,seconds,0.0,0.0026381257921457,megabytes,0.0,0.0,0.0,0.0,0.0,0.0,0.0,0.0,success,sinkhorn,0.01,100000
1D-gaussian-1c-64p,64,64,0.0779098204084754,11,2.0433075210249539e-07,,seconds,0.0,0.002567796036601,megabytes,0.0,0.0,0.0,0.0,0.0,0.0,0.0,0.0,success,sinkhorn,0.01,100000
1D-gaussian-1c-64p,64,64,0.1167819734900571,21,2.958010856444861e-07,,seconds,0.0,0.002810776233673,megabytes,0.0,0.0,0.0,0.0,0.0,0.0,0.0,0.0,success,sinkhorn,0.01,100000
1D-gaussian-1c-64p,64,64,0.0047668199523955,11,6.266629770441093e-10,,seconds,0.0,0.0025297384709119,megabytes,0.0,0.0,0.0,0.0,0.0,0.0,0.0,0.0,success,sinkhorn,0.01,100000
1D-gaussian-1c-64p,64,64,0.0223038569156242,21,1.999367607060264e-09,,seconds,0.0,0.0029457602649927,megabytes,0.0,0.0,0.0,0.0,0.0,0.0,0.0,0.0,success,sinkhorn,0.01,100000
1D-gaussian-1c-64p,64,64,0.4040396975886728,100000,3.079396541677593e-06,,seconds,2.9974517822265625,2.909092027693987,megabytes,88270.0,88270.0,59.0,53.35714285714285,0.077279232,0.077279232,0.81015625,0.7560825892857144,success,sinkhorn,0.01,100000
1D-gaussian-1c-64p,64,64,0.0857238765836987,21,3.9779691479017175e-10,,seconds,0.0,0.0028027351945638,megabytes,0.0,0.0,0.0,0.0,0.0,0.0,0.0,0.0,success,sinkhorn,0.01,100000
1D-gaussian-1c-64p,64,64,0.3719246780317135,11,1.9562529512914515e-07,,seconds,0.0,0.0024854615330696,megabytes,0.0,0.0,0.0,0.0,0.0,0.0,0.0,0.0,success,sinkhorn,0.01,100000
1D-gaussian-1c-64p,64,64,0.5912657339973381,100000,2.87930292657072e-05,,seconds,2.991330862045288,2.880804216489196,megabytes,88270.0,88270.0,61.0,55.142857142857146,0.0774144,0.0774144,0.809375,0.754408482142857,success,sinkhorn,0.01,100000
1D-gaussian-1c-64p,64,64,0.3042926591904631,11,5.885194421623911e-11,,seconds,0.0,0.0024706292897462,megabytes,0.0,0.0,0.0,0.0,0.0,0.0,0.0,0.0,success,sinkhorn,0.01,100000
1D-gaussian-1c-64p,64,64,0.0284279505133146,21,5.136116372323929e-10,,seconds,0.0,0.0029198955744504,megabytes,0.0,0.0,0.0,0.0,0.0,0.0,0.0,0.0,success,sinkhorn,0.01,100000
1D-gaussian-1c-64p,64,64,0.1474789854956267,21,9.367824344405384e-11,,seconds,0.0,0.0031894147396087,megabytes,0.0,0.0,0.0,0.0,0.0,0.0,0.0,0.0,success,sinkhorn,0.01,100000
1D-gaussian-1c-64p,64,64,0.1658325267653544,11,2.2739743185281974e-14,,seconds,0.0,0.0025534611195325,megabytes,0.0,0.0,0.0,0.0,0.0,0.0,0.0,0.0,success,sinkhorn,0.01,100000
1D-gaussian-1c-64p,64,64,0.004049682887699,11,1.6483451292127463e-08,,seconds,0.0,0.0025353115051984,megabytes,0.0,0.0,0.0,0.0,0.0,0.0,0.0,0.0,success,sinkhorn,0.01,100000
1D-gaussian-1c-64p,64,64,0.0841251771949469,21,2.2273520796257095e-10,,seconds,0.0,0.0029502604156732,megabytes,0.0,0.0,0.0,0.0,0.0,0.0,0.0,0.0,success,sinkhorn,0.01,100000
1D-gaussian-1c-64p,64,64,0.0518875143023332,11,1.4942340483147072e-10,,seconds,0.0,0.0026726778596639,megabytes,0.0,0.0,0.0,0.0,0.0,0.0,0.0,0.0,success,sinkhorn,0.01,100000
1D-gaussian-1c-64p,64,64,0.2950931620871075,11,3.339082776385171e-11,,seconds,0.0,0.0025593172758817,megabytes,0.0,0.0,0.0,0.0,0.0,0.0,0.0,0.0,success,sinkhorn,0.01,100000
1D-gaussian-1c-64p,64,64,0.2110893992461057,21,8.358074811291578e-09,,seconds,0.0,0.0028349813073873,megabytes,0.0,0.0,0.0,0.0,0.0,0.0,0.0,0.0,success,sinkhorn,0.01,100000
1D-gaussian-1c-64p,64,64,0.2738974326483874,11,3.1010651660631713e-09,,seconds,0.0,0.0025695022195577,megabytes,0.0,0.0,0.0,0.0,0.0,0.0,0.0,0.0,success,sinkhorn,0.01,100000
1D-gaussian-1c-64p,64,64,0.0174459704710019,11,9.400268788012652e-07,,seconds,0.0,0.002832131460309,megabytes,0.0,0.0,0.0,0.0,0.0,0.0,0.0,0.0,success,sinkhorn,0.01,100000
1D-gaussian-1c-64p,64,64,0.0721901450613703,21,4.393102819872357e-08,,seconds,0.0,0.0027950853109359,megabytes,0.0,0.0,0.0,0.0,0.0,0.0,0.0,0.0,success,sinkhorn,0.01,100000
1D-gaussian-1c-64p,64,64,0.0689728215865814,11,1.361256600085732e-09,,seconds,0.0,0.0026194285601377,megabytes,0.0,0.0,0.0,0.0,0.0,0.0,0.0,0.0,success,sinkhorn,0.01,100000
1D-gaussian-1c-64p,64,64,0.1332793745632876,11,1.411754714318012e-07,,seconds,0.0,0.0026934668421745,megabytes,0.0,0.0,0.0,0.0,0.0,0.0,0.0,0.0,success,sinkhorn,0.01,100000
1D-gaussian-1c-64p,64,64,0.5358639771258916,100000,2.167970117732831e-05,,seconds,3.213164091110229,2.992232028394937,megabytes,88270.0,88270.0,60.0,51.76923076923077,0.077766656,0.077766656,0.7875,0.7161658653846155,success,sinkhorn,0.01,100000
1D-gaussian-1c-64p,64,64,0.5265251517952216,100000,1.410382064719848e-05,,seconds,3.029818296432495,2.946606669574976,megabytes,88270.0,88270.0,59.0,53.46153846153846,0.077398016,0.077398016,0.80625,0.7574519230769231,success,sinkhorn,0.01,100000
1D-gaussian-1c-64p,64,64,0.0675940856933453,21,6.75745897748453e-09,,seconds,0.0,0.0029982794076204,megabytes,0.0,0.0,0.0,0.0,0.0,0.0,0.0,0.0,success,sinkhorn,0.01,100000
1D-gaussian-1c-64p,64,64,0.0976552281652736,21,4.329955817582546e-09,,seconds,0.0,0.0029137209057807,megabytes,0.0,0.0,0.0,0.0,0.0,0.0,0.0,0.0,success,sinkhorn,0.01,100000
1D-gaussian-1c-64p,64,64,1.0756165812270049,100000,0.0765239139724379,,seconds,2.997727870941162,2.8809394910931587,megabytes,88270.0,88270.0,60.0,55.285714285714285,0.07739392,0.07739392,0.80859375,0.747544642857143,success,sinkhorn,0.01,100000
1D-gaussian-1c-64p,64,64,0.6545317334679622,100000,0.0014232863192315,,seconds,2.899778127670288,2.8989319000393152,megabytes,88270.0,88270.0,60.0,53.61538461538461,0.077369344,0.077369344,0.81171875,0.7886418269230769,success,sinkhorn,0.01,100000
1D-gaussian-1c-128p,128,128,0.0223038569156242,21,1.408189397709481e-09,,seconds,0.0,0.0031057335436344,megabytes,0.0,0.0,0.0,0.0,0.0,0.0,0.0,0.0,success,sinkhorn,0.01,100000
1D-gaussian-1c-128p,128,128,1.0553049646934585,100000,0.0674391588221364,,seconds,2.942838668823242,2.940001755952835,megabytes,88270.0,88270.0,60.0,53.46153846153846,0.077520896,0.077520896,0.80625,0.7754807692307693,success,sinkhorn,0.01,100000
1D-gaussian-1c-128p,128,128,0.0040496827360489,11,1.1609342740689018e-08,,seconds,0.0,0.0024212878197431,megabytes,0.0,0.0,0.0,0.0,0.0,0.0,0.0,0.0,success,sinkhorn,0.01,100000
1D-gaussian-1c-128p,128,128,0.0857238693987746,21,2.8017387066149483e-10,,seconds,0.0,0.0028031915426254,megabytes,0.0,0.0,0.0,0.0,0.0,0.0,0.0,0.0,success,sinkhorn,0.01,100000
1D-gaussian-1c-128p,128,128,0.0841251771943642,21,1.5687629455120206e-10,,seconds,0.0,0.002884978428483,megabytes,0.0,0.0,0.0,0.0,0.0,0.0,0.0,0.0,success,sinkhorn,0.01,100000
1D-gaussian-1c-128p,128,128,0.0721901450613703,21,3.0941387326501945e-08,,seconds,0.0,0.0028676223009824,megabytes,0.0,0.0,0.0,0.0,0.0,0.0,0.0,0.0,success,sinkhorn,0.01,100000
1D-gaussian-1c-128p,128,128,0.1167819734900048,21,2.0833784989975406e-07,,seconds,0.0,0.0030213389545679,megabytes,0.0,0.0,0.0,0.0,0.0,0.0,0.0,0.0,success,sinkhorn,0.01,100000
1D-gaussian-1c-128p,128,128,0.0174459704710019,11,6.620772820009901e-07,,seconds,0.0,0.0025404803454875,megabytes,0.0,0.0,0.0,0.0,0.0,0.0,0.0,0.0,success,sinkhorn,0.01,100000
1D-gaussian-1c-128p,128,128,0.0779098077880827,11,1.4391308959860097e-07,,seconds,0.0,0.0025670956820249,megabytes,0.0,0.0,0.0,0.0,0.0,0.0,0.0,0.0,success,sinkhorn,0.01,100000
1D-gaussian-1c-128p,128,128,0.2950931620871151,11,2.3517752066723853e-11,,seconds,0.0,0.0025311522185802,megabytes,0.0,0.0,0.0,0.0,0.0,0.0,0.0,0.0,success,sinkhorn,0.01,100000
1D-gaussian-1c-128p,128,128,0.0675940845912767,21,4.759392335058194e-09,,seconds,0.0,0.0028361771255731,megabytes,0.0,0.0,0.0,0.0,0.0,0.0,0.0,0.0,success,sinkhorn,0.01,100000
1D-gaussian-1c-128p,128,128,0.0518875143023463,11,1.0524149893699367e-10,,seconds,0.0,0.002447385340929,megabytes,0.0,0.0,0.0,0.0,0.0,0.0,0.0,0.0,success,sinkhorn,0.01,100000
1D-gaussian-1c-128p,128,128,0.4040405781895871,100000,1.6852722062744105e-06,,seconds,2.9894049167633057,2.908011309802532,megabytes,88270.0,88270.0,61.0,54.85714285714285,0.077631488,0.077631488,0.78671875,0.7448660714285716,success,sinkhorn,0.01,100000
1D-gaussian-1c-128p,128,128,0.0976552281652735,21,3.049663180917402e-09,,seconds,0.0,0.0027819965034723,megabytes,0.0,0.0,0.0,0.0,0.0,0.0,0.0,0.0,success,sinkhorn,0.01,100000
1D-gaussian-1c-128p,128,128,0.0284279505133146,21,3.617456164790271e-10,,seconds,0.0,0.0030213799327611,megabytes,0.0,0.0,0.0,0.0,0.0,0.0,0.0,0.0,success,sinkhorn,0.01,100000
1D-gaussian-1c-128p,128,128,0.1474789854956267,21,6.597922833888703e-11,,seconds,0.0,0.0032751616090536,megabytes,0.0,0.0,0.0,0.0,0.0,0.0,0.0,0.0,success,sinkhorn,0.01,100000
1D-gaussian-1c-128p,128,128,0.5912522143870207,100000,2.7220056717708265e-05,,seconds,2.9078688621521,2.8895763605833054,megabytes,88270.0,88270.0,61.0,54.30769230769231,0.07798784,0.07798784,0.8125,0.7795072115384615,success,sinkhorn,0.01,100000
1D-gaussian-1c-128p,128,128,0.2110893992458801,21,5.886737488086276e-09,,seconds,0.0,0.0029150787740945,megabytes,0.0,0.0,0.0,0.0,0.0,0.0,0.0,0.0,success,sinkhorn,0.01,100000
1D-gaussian-1c-128p,128,128,0.1359562005544709,11,2.0342439173773808e-10,,seconds,0.0,0.002614539116621,megabytes,0.0,0.0,0.0,0.0,0.0,0.0,0.0,0.0,success,sinkhorn,0.01,100000
1D-gaussian-1c-128p,128,128,0.3042926588510207,11,4.1450421347382686e-11,,seconds,0.0,0.0025419034063816,megabytes,0.0,0.0,0.0,0.0,0.0,0.0,0.0,0.0,success,sinkhorn,0.01,100000
1D-gaussian-1c-128p,128,128,0.5265056794880537,100000,2.178604697434184e-05,,seconds,3.081996202468872,2.9157734718173742,megabytes,88270.0,88270.0,60.0,55.285714285714285,0.0779264,0.0779264,0.8125,0.7332589285714286,success,sinkhorn,0.01,100000
1D-gaussian-1c-128p,128,128,0.0153504593406962,11,1.9843083267019287e-10,,seconds,0.0,0.0025064125657081,megabytes,0.0,0.0,0.0,0.0,0.0,0.0,0.0,0.0,success,sinkhorn,0.01,100000
1D-gaussian-1c-128p,128,128,0.5358561614032267,100000,2.160518425552025e-05,,seconds,3.062652111053467,2.9344803169369698,megabytes,88270.0,88270.0,60.0,55.57142857142857,0.077692928,0.077692928,0.8078125,0.74609375,success,sinkhorn,0.01,100000
1D-gaussian-1c-128p,128,128,0.1658325269523976,11,1.6038194393820323e-14,,seconds,0.0,0.0025391280651092,megabytes,0.0,0.0,0.0,0.0,0.0,0.0,0.0,0.0,success,sinkhorn,0.01,100000
1D-gaussian-1c-128p,128,128,0.6549844895348116,100000,0.0009509253423481,,seconds,3.053410291671753,2.97705833427608,megabytes,88270.0,88270.0,60.0,54.91666666666666,0.077422592,0.077422592,0.809375,0.7554687499999999,success,sinkhorn,0.01,100000
1D-gaussian-1c-128p,128,128,0.0047668199523954,11,4.4137059412751756e-10,,seconds,0.0,0.0027430355548858,megabytes,0.0,0.0,0.0,0.0,0.0,0.0,0.0,0.0,success,sinkhorn,0.01,100000
1D-gaussian-1c-128p,128,128,0.068972821612607,11,9.587987780803398e-10,,seconds,0.0,0.0025100745260715,megabytes,0.0,0.0,0.0,0.0,0.0,0.0,0.0,0.0,success,sinkhorn,0.01,100000
1D-gaussian-1c-128p,128,128,0.1332793745632876,11,9.943233979209733e-08,,seconds,0.0,0.0024944078177213,megabytes,0.0,0.0,0.0,0.0,0.0,0.0,0.0,0.0,success,sinkhorn,0.01,100000
1D-gaussian-1c-128p,128,128,0.3719244767331016,11,2.186315096441456e-07,,seconds,0.0,0.0024911109358072,megabytes,0.0,0.0,0.0,0.0,0.0,0.0,0.0,0.0,success,sinkhorn,0.01,100000
1D-gaussian-1c-128p,128,128,0.2738974325606046,11,2.185136545450844e-09,,seconds,0.0,0.0024321284145116,megabytes,0.0,0.0,0.0,0.0,0.0,0.0,0.0,0.0,success,sinkhorn,0.01,100000
1D-gaussian-1c-256p,256,256,0.0857238644289047,21,1.9772332009907423e-10,,seconds,0.0,0.0028217770159244,megabytes,0.0,0.0,0.0,0.0,0.0,0.0,0.0,0.0,success,sinkhorn,0.01,100000
1D-gaussian-1c-256p,256,256,0.0174459704710019,11,4.672404745678733e-07,,seconds,0.0,0.0025916919112205,megabytes,0.0,0.0,0.0,0.0,0.0,0.0,0.0,0.0,success,sinkhorn,0.01,100000
1D-gaussian-1c-256p,256,256,0.1658325269523976,11,1.1321019945125826e-14,,seconds,0.0,0.0024968441575765,megabytes,0.0,0.0,0.0,0.0,0.0,0.0,0.0,0.0,success,sinkhorn,0.01,100000
1D-gaussian-1c-256p,256,256,0.0675940838223793,21,3.3587915588824902e-09,,seconds,0.0,0.0028648599982261,megabytes,0.0,0.0,0.0,0.0,0.0,0.0,0.0,0.0,success,sinkhorn,0.01,100000
1D-gaussian-1c-256p,256,256,0.0040496826212159,11,8.192825480836025e-09,,seconds,0.0,0.0025727488100528,megabytes,0.0,0.0,0.0,0.0,0.0,0.0,0.0,0.0,success,sinkhorn,0.01,100000
1D-gaussian-1c-256p,256,256,0.068972821612607,11,6.766424509074851e-10,,seconds,0.0,0.002461802214384,megabytes,0.0,0.0,0.0,0.0,0.0,0.0,0.0,0.0,success,sinkhorn,0.01,100000
1D-gaussian-1c-256p,256,256,0.2738974324937597,11,1.5430085265335724e-09,,seconds,0.0,0.0026701651513576,megabytes,0.0,0.0,0.0,0.0,0.0,0.0,0.0,0.0,success,sinkhorn,0.01,100000
1D-gaussian-1c-256p,256,256,0.3042926588510207,11,2.925235330627475e-11,,seconds,0.0,0.0026929769665002,megabytes,0.0,0.0,0.0,0.0,0.0,0.0,0.0,0.0,success,sinkhorn,0.01,100000
1D-gaussian-1c-256p,256,256,0.0284279505133145,21,2.5529071994918227e-10,,seconds,0.0,0.0029661897569894,megabytes,0.0,0.0,0.0,0.0,0.0,0.0,0.0,0.0,success,sinkhorn,0.01,100000
1D-gaussian-1c-256p,256,256,0.2950931620871152,11,1.6596915916980602e-11,,seconds,0.0,0.0024593695998191,megabytes,0.0,0.0,0.0,0.0,0.0,0.0,0.0,0.0,success,sinkhorn,0.01,100000
1D-gaussian-1c-256p,256,256,0.0721901450613703,21,2.1835922920606884e-08,,seconds,0.0,0.0028639119118452,megabytes,0.0,0.0,0.0,0.0,0.0,0.0,0.0,0.0,success,sinkhorn,0.01,100000
1D-gaussian-1c-256p,256,256,0.0518875143023463,11,7.427091739881963e-11,,seconds,0.0,0.0025199186056852,megabytes,0.0,0.0,0.0,0.0,0.0,0.0,0.0,0.0,success,sinkhorn,0.01,100000
1D-gaussian-1c-256p,256,256,0.0976552281652736,21,2.1522050611945703e-09,,seconds,0.0,0.0028812065720558,megabytes,0.0,0.0,0.0,0.0,0.0,0.0,0.0,0.0,success,sinkhorn,0.01,100000
1D-gaussian-1c-256p,256,256,0.135956200554471,11,1.4356044412417898e-10,,seconds,0.0,0.0025553759187459,megabytes,0.0,0.0,0.0,0.0,0.0,0.0,0.0,0.0,success,sinkhorn,0.01,100000
1D-gaussian-1c-256p,256,256,0.6548366736144267,100000,0.0006951839325204,,seconds,2.991926908493042,2.979742443189025,megabytes,88270.0,88270.0,60.0,53.785714285714285,0.078258176,0.078258176,0.8140625,0.7765625,success,sinkhorn,0.01,100000
1D-gaussian-1c-256p,256,256,0.3719244060699745,11,2.319781846895302e-07,,seconds,0.0,0.0026219636201858,megabytes,0.0,0.0,0.0,0.0,0.0,0.0,0.0,0.0,success,sinkhorn,0.01,100000
1D-gaussian-1c-256p,256,256,0.2110893992462729,21,4.154382082161657e-09,,seconds,0.0,0.0032250676304101,megabytes,0.0,0.0,0.0,0.0,0.0,0.0,0.0,0.0,success,sinkhorn,0.01,100000
1D-gaussian-1c-256p,256,256,0.0841251771938388,21,1.1071056066660367e-10,,seconds,0.0,0.0030701383948326,megabytes,0.0,0.0,0.0,0.0,0.0,0.0,0.0,0.0,success,sinkhorn,0.01,100000
1D-gaussian-1c-256p,256,256,0.1167819734899609,21,1.4702796562117737e-07,,seconds,0.0,0.0029195584356784,megabytes,0.0,0.0,0.0,0.0,0.0,0.0,0.0,0.0,success,sinkhorn,0.01,100000
1D-gaussian-1c-256p,256,256,1.0630357548480722,100000,0.0496252800114308,,seconds,3.458088159561157,3.327882081270218,megabytes,88270.0,88270.0,56.0,52.125,0.078446592,0.078446592,0.81328125,0.7521972656250001,success,sinkhorn,0.01,100000
1D-gaussian-1c-256p,256,256,0.0223038569156242,21,9.937859121880535e-10,,seconds,0.0,0.0028997156769037,megabytes,0.0,0.0,0.0,0.0,0.0,0.0,0.0,0.0,success,sinkhorn,0.01,100000
1D-gaussian-1c-256p,256,256,0.0047668199523954,11,3.114835892592026e-10,,seconds,0.0,0.0027823820710182,megabytes,0.0,0.0,0.0,0.0,0.0,0.0,0.0,0.0,success,sinkhorn,0.01,100000
1D-gaussian-1c-256p,256,256,0.1332793745632876,11,7.017128498070598e-08,,seconds,0.0,0.0025844667106866,megabytes,0.0,0.0,0.0,0.0,0.0,0.0,0.0,0.0,success,sinkhorn,0.01,100000
1D-gaussian-1c-256p,256,256,0.0153504593406962,11,1.4003638812126416e-10,,seconds,0.0,0.0025201085954904,megabytes,0.0,0.0,0.0,0.0,0.0,0.0,0.0,0.0,success,sinkhorn,0.01,100000
1D-gaussian-1c-256p,256,256,0.1474789854956267,21,4.656279586434258e-11,,seconds,0.0,0.0028818491846323,megabytes,0.0,0.0,0.0,0.0,0.0,0.0,0.0,0.0,success,sinkhorn,0.01,100000
1D-gaussian-1c-256p,256,256,0.0779097993714819,11,1.0156190674296735e-07,,seconds,0.0,0.0025915689766407,megabytes,0.0,0.0,0.0,0.0,0.0,0.0,0.0,0.0,success,sinkhorn,0.01,100000
1D-gaussian-1c-256p,256,256,0.5358595550194278,100000,1.2906870925449416e-05,,seconds,3.4591307640075684,3.25905229896307,megabytes,88270.0,88270.0,56.0,51.5,0.079577088,0.079577088,0.8140625,0.731787109375,success,sinkhorn,0.01,100000
1D-gaussian-1c-256p,256,256,0.5265085524411925,100000,1.544577025278785e-05,,seconds,3.0040745735168457,2.938825646415353,megabytes,88270.0,88270.0,61.0,57.285714285714285,0.078860288,0.078860288,0.81171875,0.7588169642857142,success,sinkhorn,0.01,100000
1D-gaussian-1c-256p,256,256,0.4040391317974731,100000,1.9431090777075705e-06,,seconds,3.13578724861145,3.068234214559197,megabytes,88270.0,88270.0,60.0,54.66666666666666,0.07819264,0.07819264,0.8078125,0.7526692708333332,success,sinkhorn,0.01,100000
1D-gaussian-1c-256p,256,256,0.5912481516757904,100000,2.0021761617199443e-05,,seconds,3.1748082637786865,3.14383203163743,megabytes,88270.0,88270.0,58.0,51.66666666666666,0.078426112,0.078426112,0.815625,0.7713541666666667,success,sinkhorn,0.01,100000
1D-gaussian-1c-512p,512,512,0.0284279505133145,21,1.803410814374144e-10,,seconds,0.0,0.0030507165938615,megabytes,0.0,0.0,0.0,0.0,0.0,0.0,0.0,0.0,success,sinkhorn,0.01,100000
1D-gaussian-1c-512p,512,512,0.1359562005544709,11,1.0141317573991502e-10,,seconds,0.0,0.0026175621896982,megabytes,0.0,0.0,0.0,0.0,0.0,0.0,0.0,0.0,success,sinkhorn,0.01,100000
1D-gaussian-1c-512p,512,512,0.5358592908024828,100000,9.46338540762952e-06,,seconds,3.720570087432861,3.720810217782855,megabytes,88270.0,88270.0,61.0,54.47058823529412,0.079724544,0.079724544,0.809375,0.7792279411764705,success,sinkhorn,0.01,100000
1D-gaussian-1c-512p,512,512,0.0040496825529434,11,5.787488944867689e-09,,seconds,0.0,0.0027062259614467,megabytes,0.0,0.0,0.0,0.0,0.0,0.0,0.0,0.0,success,sinkhorn,0.01,100000
1D-gaussian-1c-512p,512,512,0.0857238615763952,21,1.3967436076915054e-10,,seconds,0.0,0.0031180866062641,megabytes,0.0,0.0,0.0,0.0,0.0,0.0,0.0,0.0,success,sinkhorn,0.01,100000
1D-gaussian-1c-512p,512,512,0.5912474240997474,100000,1.4064987395005185e-05,,seconds,3.946191072463989,3.791093958541751,megabytes,88270.0,88270.0,61.0,54.1875,0.080003072,0.080003072,0.8109375,0.743701171875,success,sinkhorn,0.01,100000
1D-gaussian-1c-512p,512,512,0.017445970471002,11,3.300654728740776e-07,,seconds,0.0,0.0028128381818532,megabytes,0.0,0.0,0.0,0.0,0.0,0.0,0.0,0.0,success,sinkhorn,0.01,100000
1D-gaussian-1c-512p,512,512,0.068972821612607,11,4.779900731613271e-10,,seconds,0.0,0.0027668755501508,megabytes,0.0,0.0,0.0,0.0,0.0,0.0,0.0,0.0,success,sinkhorn,0.01,100000
1D-gaussian-1c-512p,512,512,0.0721901450613703,21,1.542521381862679e-08,,seconds,0.0,0.0030979495495557,megabytes,0.0,0.0,0.0,0.0,0.0,0.0,0.0,0.0,success,sinkhorn,0.01,100000
1D-gaussian-1c-512p,512,512,0.2950931620871152,11,1.172429957147495e-11,,seconds,0.0,0.0028096344321966,megabytes,0.0,0.0,0.0,0.0,0.0,0.0,0.0,0.0,success,sinkhorn,0.01,100000
1D-gaussian-1c-512p,512,512,0.4040384003707713,100000,1.7289415874636123e-06,,seconds,3.896312475204468,3.703944057226181,megabytes,88270.0,88270.0,61.0,58.833333333333336,0.080740352,0.080740352,0.8140625,0.741753472222222,success,sinkhorn,0.01,100000
1D-gaussian-1c-512p,512,512,0.0153504593406962,11,9.892374368364256e-11,,seconds,0.0,0.0026549398899078,megabytes,0.0,0.0,0.0,0.0,0.0,0.0,0.0,0.0,success,sinkhorn,0.01,100000
1D-gaussian-1c-512p,512,512,0.1474789854956267,21,3.2892636133896074e-11,,seconds,0.0,0.0029682535678148,megabytes,0.0,0.0,0.0,0.0,0.0,0.0,0.0,0.0,success,sinkhorn,0.01,100000
1D-gaussian-1c-512p,512,512,0.0047668199523954,11,2.2003654266802215e-10,,seconds,0.0,0.0026650410145521,megabytes,0.0,0.0,0.0,0.0,0.0,0.0,0.0,0.0,success,sinkhorn,0.01,100000
1D-gaussian-1c-512p,512,512,0.0675940833794763,21,2.372698544636809e-09,,seconds,0.0,0.0030865389853715,megabytes,0.0,0.0,0.0,0.0,0.0,0.0,0.0,0.0,success,sinkhorn,0.01,100000
1D-gaussian-1c-512p,512,512,0.0841251771935044,21,7.820755314028779e-11,,seconds,0.0,0.0029290001839399,megabytes,0.0,0.0,0.0,0.0,0.0,0.0,0.0,0.0,success,sinkhorn,0.01,100000
1D-gaussian-1c-512p,512,512,0.5265087039005338,100000,1.070503305260015e-05,,seconds,3.850042343139648,3.727772157639265,megabytes,88270.0,88270.0,61.0,58.333333333333336,0.079732736,0.079732736,0.80625,0.7495659722222224,success,sinkhorn,0.01,100000
1D-gaussian-1c-512p,512,512,0.6547680903631676,100000,0.0004902318060198,,seconds,3.723918676376343,3.7185288537293673,megabytes,88270.0,88270.0,61.0,56.8235294117647,0.079519744,0.079519744,0.809375,0.7816636029411763,success,sinkhorn,0.01,100000
1D-gaussian-1c-512p,512,512,0.1332793745632876,11,4.9570017196614123e-08,,seconds,0.0,0.0026762746274471,megabytes,0.0,0.0,0.0,0.0,0.0,0.0,0.0,0.0,success,sinkhorn,0.01,100000
1D-gaussian-1c-512p,512,512,0.0518875143023463,11,5.2466054957476265e-11,,seconds,0.0,0.0026865489780902,megabytes,0.0,0.0,0.0,0.0,0.0,0.0,0.0,0.0,success,sinkhorn,0.01,100000
1D-gaussian-1c-512p,512,512,0.211089399246401,21,2.934715970595453e-09,,seconds,0.0,0.0029878709465265,megabytes,0.0,0.0,0.0,0.0,0.0,0.0,0.0,0.0,success,sinkhorn,0.01,100000
1D-gaussian-1c-512p,512,512,0.1167819734899337,21,1.0386269520434949e-07,,seconds,0.0,0.0030100457370281,megabytes,0.0,0.0,0.0,0.0,0.0,0.0,0.0,0.0,success,sinkhorn,0.01,100000
1D-gaussian-1c-512p,512,512,0.3719242258341754,11,2.3432228411415145e-07,,seconds,0.0,0.002622528001666,megabytes,0.0,0.0,0.0,0.0,0.0,0.0,0.0,0.0,success,sinkhorn,0.01,100000
1D-gaussian-1c-512p,512,512,1.0637328282964609,100000,0.0345510657709083,,seconds,3.864845275878906,3.7837927900254726,megabytes,88270.0,88270.0,61.0,54.5625,0.078245888,0.078245888,0.80703125,0.7619628906249999,success,sinkhorn,0.01,100000
1D-gaussian-1c-512p,512,512,0.0976552281652736,21,1.5203489839534035e-09,,seconds,0.0,0.0031341537833213,megabytes,0.0,0.0,0.0,0.0,0.0,0.0,0.0,0.0,success,sinkhorn,0.01,100000
1D-gaussian-1c-512p,512,512,0.2738974323169629,11,1.092838437452885e-09,,seconds,0.0,0.0027798395603895,megabytes,0.0,0.0,0.0,0.0,0.0,0.0,0.0,0.0,success,sinkhorn,0.01,100000
1D-gaussian-1c-512p,512,512,0.0223038569156241,21,7.020248361818577e-10,,seconds,0.0,0.003038827329874,megabytes,0.0,0.0,0.0,0.0,0.0,0.0,0.0,0.0,success,sinkhorn,0.01,100000
1D-gaussian-1c-512p,512,512,0.1658325269523977,11,8.002757834828311e-15,,seconds,0.0,0.0026400126516819,megabytes,0.0,0.0,0.0,0.0,0.0,0.0,0.0,0.0,success,sinkhorn,0.01,100000
1D-gaussian-1c-512p,512,512,0.0779097946095191,11,7.174469555979778e-08,,seconds,0.0,0.002656677737832,megabytes,0.0,0.0,0.0,0.0,0.0,0.0,0.0,0.0,success,sinkhorn,0.01,100000
1D-gaussian-1c-512p,512,512,0.3042926588510207,11,2.066428616812355e-11,,seconds,0.0,0.0025539491325616,megabytes,0.0,0.0,0.0,0.0,0.0,0.0,0.0,0.0,success,sinkhorn,0.01,100000
1D-gaussian-1c-1024p,1024,1024,0.0675940831432524,21,1.6769307491236614e-09,,seconds,0.0,0.0029545556753873,megabytes,0.0,0.0,0.0,0.0,0.0,0.0,0.0,0.0,success,sinkhorn,0.01,100000
1D-gaussian-1c-1024p,1024,1024,0.068972821612607,11,3.3782478907080286e-10,,seconds,0.0,0.0026182066649198,megabytes,0.0,0.0,0.0,0.0,0.0,0.0,0.0,0.0,success,sinkhorn,0.01,100000
1D-gaussian-1c-1024p,1024,1024,0.1332793745632875,11,3.5034159491062324e-08,,seconds,0.0,0.0026120338588953,megabytes,0.0,0.0,0.0,0.0,0.0,0.0,0.0,0.0,success,sinkhorn,0.01,100000
1D-gaussian-1c-1024p,1024,1024,0.3719240079653533,11,2.3322579293305506e-07,,seconds,0.0,0.0026031304150819,megabytes,0.0,0.0,0.0,0.0,0.0,0.0,0.0,0.0,success,sinkhorn,0.01,100000
1D-gaussian-1c-1024p,1024,1024,0.0976552281652735,21,1.074523507852222e-09,,seconds,0.0,0.0029345322400331,megabytes,0.0,0.0,0.0,0.0,0.0,0.0,0.0,0.0,success,sinkhorn,0.01,100000
1D-gaussian-1c-1024p,1024,1024,0.4040373180706613,100000,1.5306892943306195e-06,,seconds,3.87984848022461,3.7244536001235247,megabytes,88270.0,88270.0,61.0,54.333333333333336,0.079998976,0.079998976,0.8125,0.7425347222222222,success,sinkhorn,0.01,100000
1D-gaussian-1c-1024p,1024,1024,0.2738974321064886,11,7.762720995324519e-10,,seconds,0.0,0.0026693530380725,megabytes,0.0,0.0,0.0,0.0,0.0,0.0,0.0,0.0,success,sinkhorn,0.01,100000
1D-gaussian-1c-1024p,1024,1024,0.1167819734899188,21,7.340611190052635e-08,,seconds,0.0,0.0029520224779844,megabytes,0.0,0.0,0.0,0.0,0.0,0.0,0.0,0.0,success,sinkhorn,0.01,100000
1D-gaussian-1c-1024p,1024,1024,0.0047668199523954,11,1.5551326938252394e-10,,seconds,0.0,0.002775952219963,megabytes,0.0,0.0,0.0,0.0,0.0,0.0,0.0,0.0,success,sinkhorn,0.01,100000
1D-gaussian-1c-1024p,1024,1024,0.2950931620871151,11,8.286278324996671e-12,,seconds,0.0,0.0025626402348279,megabytes,0.0,0.0,0.0,0.0,0.0,0.0,0.0,0.0,success,sinkhorn,0.01,100000
1D-gaussian-1c-1024p,1024,1024,0.6547746000189818,100000,0.0003459307534009,,seconds,3.8888657093048096,3.788211340084672,megabytes,88270.0,88270.0,61.0,54.875,0.079675392,0.079675392,0.809375,0.76044921875,success,sinkhorn,0.01,100000
1D-gaussian-1c-1024p,1024,1024,0.0518875143023463,11,3.7080966278157005e-11,,seconds,0.0,0.0026367381215095,megabytes,0.0,0.0,0.0,0.0,0.0,0.0,0.0,0.0,success,sinkhorn,0.01,100000
1D-gaussian-1c-1024p,1024,1024,0.0841251771933185,21,5.527405619112712e-11,,seconds,0.0,0.00306205637753,megabytes,0.0,0.0,0.0,0.0,0.0,0.0,0.0,0.0,success,sinkhorn,0.01,100000
1D-gaussian-1c-1024p,1024,1024,0.0857238600573827,21,9.871630006821678e-11,,seconds,0.0,0.0030239038169384,megabytes,0.0,0.0,0.0,0.0,0.0,0.0,0.0,0.0,success,sinkhorn,0.01,100000
1D-gaussian-1c-1024p,1024,1024,0.0153504593406962,11,6.991545246080725e-11,,seconds,0.0,0.0026972331106662,megabytes,0.0,0.0,0.0,0.0,0.0,0.0,0.0,0.0,success,sinkhorn,0.01,100000
1D-gaussian-1c-1024p,1024,1024,0.135956200554471,11,7.167488719630236e-11,,seconds,0.0,0.0025858525186777,megabytes,0.0,0.0,0.0,0.0,0.0,0.0,0.0,0.0,success,sinkhorn,0.01,100000
1D-gaussian-1c-1024p,1024,1024,0.2110893992465104,21,2.074143064009641e-09,,seconds,0.0,0.0030539669096469,megabytes,0.0,0.0,0.0,0.0,0.0,0.0,0.0,0.0,success,sinkhorn,0.01,100000
1D-gaussian-1c-1024p,1024,1024,0.0284279505133145,21,1.2745805913451584e-10,,seconds,0.0,0.0029351860284805,megabytes,0.0,0.0,0.0,0.0,0.0,0.0,0.0,0.0,success,sinkhorn,0.01,100000
1D-gaussian-1c-1024p,1024,1024,0.1474789854956267,21,2.324723471083146e-11,,seconds,0.0,0.003003392368555,megabytes,0.0,0.0,0.0,0.0,0.0,0.0,0.0,0.0,success,sinkhorn,0.01,100000
1D-gaussian-1c-1024p,1024,1024,0.1658325269523977,11,5.655478678306356e-15,,seconds,0.0,0.0027050878852605,megabytes,0.0,0.0,0.0,0.0,0.0,0.0,0.0,0.0,success,sinkhorn,0.01,100000
1D-gaussian-1c-1024p,1024,1024,1.0644924963693136,100000,0.0244395361303017,,seconds,3.878605842590332,3.7065146528184414,megabytes,88270.0,88270.0,61.0,58.5,0.080461824,0.080461824,0.81171875,0.7366319444444445,success,sinkhorn,0.01,100000
1D-gaussian-1c-1024p,1024,1024,0.0040496825160378,11,4.090356328613255e-09,,seconds,0.0,0.0027311071753501,megabytes,0.0,0.0,0.0,0.0,0.0,0.0,0.0,0.0,success,sinkhorn,0.01,100000
1D-gaussian-1c-1024p,1024,1024,0.5358594683203226,100000,6.6715164886458525e-06,,seconds,3.858241558074951,3.7397540975362062,megabytes,88270.0,88270.0,61.0,56.833333333333336,0.079802368,0.079802368,0.8109375,0.7489149305555555,success,sinkhorn,0.01,100000
1D-gaussian-1c-1024p,1024,1024,0.0223038569156242,21,4.961638420666237e-10,,seconds,0.0,0.0030610766261816,megabytes,0.0,0.0,0.0,0.0,0.0,0.0,0.0,0.0,success,sinkhorn,0.01,100000
1D-gaussian-1c-1024p,1024,1024,0.5912473475265483,100000,9.919296506119864e-06,,seconds,3.743290901184082,3.696848683059216,megabytes,88270.0,88270.0,61.0,54.294117647058826,0.080166912,0.080166912,0.8109375,0.7706801470588235,success,sinkhorn,0.01,100000
1D-gaussian-1c-1024p,1024,1024,0.5265089502681392,100000,7.553898418101422e-06,,seconds,3.830533504486084,3.708736767992377,megabytes,88270.0,88270.0,61.0,55.47058823529412,0.080171008,0.080171008,0.8125,0.7522058823529413,success,sinkhorn,0.01,100000
1D-gaussian-1c-1024p,1024,1024,0.0779097920893736,11,5.070631688661938e-08,,seconds,0.0,0.0027269572019577,megabytes,0.0,0.0,0.0,0.0,0.0,0.0,0.0,0.0,success,sinkhorn,0.01,100000
1D-gaussian-1c-1024p,1024,1024,0.0721901450613703,21,1.09019409669325e-08,,seconds,0.0,0.0030285827815532,megabytes,0.0,0.0,0.0,0.0,0.0,0.0,0.0,0.0,success,sinkhorn,0.01,100000
1D-gaussian-1c-1024p,1024,1024,0.3042926588510206,11,1.4604713880412645e-11,,seconds,0.0,0.0025760922580957,megabytes,0.0,0.0,0.0,0.0,0.0,0.0,0.0,0.0,success,sinkhorn,0.01,100000
1D-gaussian-1c-1024p,1024,1024,0.0174459704710019,11,2.33277434108884e-07,,seconds,0.0,0.0026432778686285,megabytes,0.0,0.0,0.0,0.0,0.0,0.0,0.0,0.0,success,sinkhorn,0.01,100000
1D-gaussian-1c-2048p,2048,2048,0.0047668199523954,11,1.0993762347112928e-10,,seconds,0.2230875492095947,0.003266816958785,megabytes,88270.0,88270.0,0.0,0.0,0.066228224,0.066228224,0.0,0.0,success,sinkhorn,0.01,100000
1D-gaussian-1c-2048p,2048,2048,0.3042926588510206,11,1.032457001845047e-11,,seconds,0.0,0.0035650972276926,megabytes,0.0,0.0,0.0,0.0,0.0,0.0,0.0,0.0,success,sinkhorn,0.01,100000
1D-gaussian-1c-2048p,2048,2048,0.1658325269523977,11,3.996056585713053e-15,,seconds,0.2283580303192138,0.0032623652368783,megabytes,88270.0,88270.0,0.0,0.0,0.066461696,0.066461696,0.0,0.0,success,sinkhorn,0.01,100000
1D-gaussian-1c-2048p,2048,2048,0.5358594871976493,100000,4.724554898483988e-06,,seconds,5.341951370239258,5.145380364730954,megabytes,88270.0,88270.0,67.0,61.78260869565217,0.0805888,0.0805888,0.80625,0.7485394021739131,success,sinkhorn,0.01,100000
1D-gaussian-1c-2048p,2048,2048,0.2950931620871152,11,5.857851478857462e-12,,seconds,0.0,0.0033656451851129,megabytes,0.0,0.0,0.0,0.0,0.0,0.0,0.0,0.0,success,sinkhorn,0.01,100000
1D-gaussian-1c-2048p,2048,2048,1.0646101443110447,100000,0.0172742379493098,,seconds,5.328564167022705,5.203213749453425,megabytes,88270.0,88270.0,66.0,62.583333333333336,0.0800768,0.0800768,0.809375,0.7709635416666666,success,sinkhorn,0.01,100000
1D-gaussian-1c-2048p,2048,2048,0.0857238592747143,21,6.978587499836301e-11,,seconds,0.2246756553649902,0.0037579964846372,megabytes,88270.0,88270.0,0.0,0.0,0.066195456,0.066195456,0.0,0.0,success,sinkhorn,0.01,100000
1D-gaussian-1c-2048p,2048,2048,0.0779097907945855,11,3.5846006134951676e-08,,seconds,0.0,0.0033002458512783,megabytes,0.0,0.0,0.0,0.0,0.0,0.0,0.0,0.0,success,sinkhorn,0.01,100000
1D-gaussian-1c-2048p,2048,2048,0.0174459704710019,11,1.6491175946250425e-07,,seconds,0.0,0.0032162610441446,megabytes,0.0,0.0,0.0,0.0,0.0,0.0,0.0,0.0,success,sinkhorn,0.01,100000
1D-gaussian-1c-2048p,2048,2048,0.3719237145254246,11,2.297455916483524e-07,,seconds,0.0,0.0032816398888826,megabytes,0.0,0.0,0.0,0.0,0.0,0.0,0.0,0.0,success,sinkhorn,0.01,100000
1D-gaussian-1c-2048p,2048,2048,0.1474789854956267,21,1.6434261329647597e-11,,seconds,0.222567081451416,0.0038187317550182,megabytes,88270.0,88270.0,1.0,1.0,0.066248704,0.066248704,0.0,0.0,success,sinkhorn,0.01,100000
1D-gaussian-1c-2048p,2048,2048,0.2738974317623867,11,5.557879849655463e-10,,seconds,0.0,0.0033497046679258,megabytes,0.0,0.0,0.0,0.0,0.0,0.0,0.0,0.0,success,sinkhorn,0.01,100000
1D-gaussian-1c-2048p,2048,2048,0.0518875143023463,11,2.621379689535162e-11,,seconds,0.0,0.0033459421247243,megabytes,0.0,0.0,0.0,0.0,0.0,0.0,0.0,0.0,success,sinkhorn,0.01,100000
1D-gaussian-1c-2048p,2048,2048,0.0721901450613703,21,7.706953196314168e-09,,seconds,0.0,0.0036977194249629,megabytes,0.0,0.0,0.0,0.0,0.0,0.0,0.0,0.0,success,sinkhorn,0.01,100000
1D-gaussian-1c-2048p,2048,2048,0.6547742960014998,100000,0.0002447549104215,,seconds,5.111277580261231,4.994750009849668,megabytes,88270.0,88270.0,69.0,63.19047619047619,0.080084992,0.080084992,0.80859375,0.7569568452380953,success,sinkhorn,0.01,100000
1D-gaussian-1c-2048p,2048,2048,0.116781973489911,21,5.189327941262178e-08,,seconds,0.0,0.0037177987396717,megabytes,0.0,0.0,0.0,0.0,0.0,0.0,0.0,0.0,success,sinkhorn,0.01,100000
1D-gaussian-1c-2048p,2048,2048,0.0841251771932208,21,3.907511240327853e-11,,seconds,0.0,0.0035960096865892,megabytes,0.0,0.0,0.0,0.0,0.0,0.0,0.0,0.0,success,sinkhorn,0.01,100000
1D-gaussian-1c-2048p,2048,2048,0.5265089223835624,100000,5.347138857754447e-06,,seconds,5.577470779418945,5.252298781648278,megabytes,88270.0,88270.0,65.0,56.875,0.080613376,0.080613376,0.8125,0.7483072916666669,success,sinkhorn,0.01,100000
1D-gaussian-1c-2048p,2048,2048,0.4040361606925457,100000,1.3318229772027034e-06,,seconds,4.961768627166748,4.864501014351845,megabytes,88270.0,88270.0,70.0,65.52173913043478,0.079859712,0.079859712,0.809375,0.7612092391304348,success,sinkhorn,0.01,100000
1D-gaussian-1c-2048p,2048,2048,0.0976552281652736,21,7.596172470313412e-10,,seconds,0.0,0.0037793554365634,megabytes,0.0,0.0,0.0,0.0,0.0,0.0,0.0,0.0,success,sinkhorn,0.01,100000
1D-gaussian-1c-2048p,2048,2048,0.0675940830214504,21,1.185479336181184e-09,,seconds,0.0,0.0037450976669788,megabytes,0.0,0.0,0.0,0.0,0.0,0.0,0.0,0.0,success,sinkhorn,0.01,100000
1D-gaussian-1c-2048p,2048,2048,0.135956200554471,11,5.0669418469190244e-11,,seconds,0.0,0.0033729039132595,megabytes,0.0,0.0,0.0,0.0,0.0,0.0,0.0,0.0,success,sinkhorn,0.01,100000
1D-gaussian-1c-2048p,2048,2048,0.0284279505133144,21,9.0104441317239e-11,,seconds,0.2230598926544189,0.0037285815924406,megabytes,88270.0,88270.0,1.0,1.0,0.066260992,0.066260992,0.0,0.0,success,sinkhorn,0.01,100000
1D-gaussian-1c-2048p,2048,2048,0.2110893992465809,21,1.4662823400754094e-09,,seconds,0.0,0.0038029309362173,megabytes,0.0,0.0,0.0,0.0,0.0,0.0,0.0,0.0,success,sinkhorn,0.01,100000
1D-gaussian-1c-2048p,2048,2048,0.0040496824968915,11,2.8916064601637512e-09,,seconds,0.0,0.0033628586679697,megabytes,0.0,0.0,0.0,0.0,0.0,0.0,0.0,0.0,success,sinkhorn,0.01,100000
1D-gaussian-1c-2048p,2048,2048,0.0153504593406962,11,4.942561296138235e-11,,seconds,0.2233252525329589,0.0034775864332914,megabytes,88270.0,88270.0,0.0,0.0,0.066420736,0.066420736,0.0,0.0,success,sinkhorn,0.01,100000
1D-gaussian-1c-2048p,2048,2048,0.068972821612607,11,2.388198424433165e-10,,seconds,0.221851110458374,0.0033253785222768,megabytes,88270.0,88270.0,0.0,0.0,0.066158592,0.066158592,0.0,0.0,success,sinkhorn,0.01,100000
1D-gaussian-1c-2048p,2048,2048,0.5912473606198207,100000,7.010265950966194e-06,,seconds,5.450852394104004,5.160894190892577,megabytes,88270.0,88270.0,66.0,59.91666666666666,0.080244736,0.080244736,0.8078125,0.750390625,success,sinkhorn,0.01,100000
1D-gaussian-1c-2048p,2048,2048,0.1332793745632875,11,2.4766839986403124e-08,,seconds,0.0,0.0034111756831407,megabytes,0.0,0.0,0.0,0.0,0.0,0.0,0.0,0.0,success,sinkhorn,0.01,100000
1D-gaussian-1c-2048p,2048,2048,0.0223038569156241,21,3.507551098028952e-10,,seconds,0.0,0.0037387982010841,megabytes,0.0,0.0,0.0,0.0,0.0,0.0,0.0,0.0,success,sinkhorn,0.01,100000
1D-gaussian-1c-32p,32,32,0.0411598343223424,100000,0.2382488474863173,,seconds,3.002056121826172,2.840336306020617,megabytes,88270.0,88270.0,61.0,54.785714285714285,0.080658432,0.080658432,0.803125,0.7256138392857141,success,sinkhorn,0.001,100000
1D-gaussian-1c-32p,32,32,0.0014333562749066,91,2.259950773451615e-07,,seconds,0.2230808734893798,0.0049788374453783,megabytes,88270.0,88270.0,0.0,0.0,0.066752512,0.066752512,0.0,0.0,success,sinkhorn,0.001,100000
1D-gaussian-1c-32p,32,32,0.0479766848679035,100000,0.0151778294481656,,seconds,2.8423826694488525,2.820717027410865,megabytes,88270.0,88270.0,61.0,55.38461538461539,0.080236544,0.080236544,0.80390625,0.7680288461538461,success,sinkhorn,0.001,100000
1D-gaussian-1c-32p,32,32,0.0051890185518514,100000,0.7269473546770484,,seconds,3.0165584087371826,2.8672262243926525,megabytes,88270.0,88270.0,60.0,54.142857142857146,0.079761408,0.079761408,0.81640625,0.7420200892857143,success,sinkhorn,0.001,100000
1D-gaussian-1c-32p,32,32,0.0001900616733216,100000,0.6732181233046217,,seconds,2.99045729637146,2.860691187903285,megabytes,88270.0,88270.0,60.0,55.71428571428572,0.079634432,0.079634432,0.81484375,0.739453125,success,sinkhorn,0.001,100000
1D-gaussian-1c-32p,32,32,1.041728781722229e-20,100000,0.7589555755572821,,seconds,2.904499053955078,2.8740046806633472,megabytes,88270.0,88270.0,61.0,52.0,0.079495168,0.079495168,0.80546875,0.7717548076923078,success,sinkhorn,0.001,100000
1D-gaussian-1c-32p,32,32,0.0006455226545688,100000,0.791390603271078,,seconds,3.1198644638061523,2.933062881231308,megabytes,88270.0,88270.0,59.0,54.30769230769231,0.079900672,0.079900672,0.8078125,0.7255408653846154,success,sinkhorn,0.001,100000
1D-gaussian-1c-32p,32,32,6.503621139015761e-05,100000,0.7461175026202072,,seconds,3.003399133682251,2.8736231550574303,megabytes,88270.0,88270.0,61.0,52.85714285714285,0.07968768,0.07968768,0.8125,0.7405133928571429,success,sinkhorn,0.001,100000
1D-gaussian-1c-32p,32,32,0.0251351968481071,100000,0.0022917396747569,,seconds,3.0757761001586914,2.871194701641798,megabytes,88270.0,88270.0,60.0,55.85714285714285,0.08032256,0.08032256,0.81484375,0.7320312499999998,success,sinkhorn,0.001,100000
1D-gaussian-1c-32p,32,32,0.019042647534476,100000,0.0002119260937088,,seconds,3.0736258029937744,2.866719050332904,megabytes,88270.0,88270.0,60.0,56.642857142857146,0.080191488,0.080191488,0.80625,0.7214843750000001,success,sinkhorn,0.001,100000
1D-gaussian-1c-32p,32,32,0.0534016649097329,100000,0.1286000705781739,,seconds,3.033579111099243,2.8773666080087423,megabytes,88270.0,88270.0,60.0,53.85714285714285,0.07958528,0.07958528,0.80703125,0.7354352678571431,success,sinkhorn,0.001,100000
1D-gaussian-1c-32p,32,32,0.0484503915658158,100000,0.1517085348463441,,seconds,2.956282615661621,2.8860442489385605,megabytes,88270.0,88270.0,59.0,51.07142857142857,0.079507456,0.079507456,0.81640625,0.7595982142857144,success,sinkhorn,0.001,100000
1D-gaussian-1c-32p,32,32,0.013478442193096,100000,2.5313292695722585e-05,,seconds,2.899676322937012,2.873195521533489,megabytes,88270.0,88270.0,60.0,55.61538461538461,0.079491072,0.079491072,0.80703125,0.7718749999999999,success,sinkhorn,0.001,100000
1D-gaussian-1c-32p,32,32,0.0027943683805055,51,4.22657857430657e-08,,seconds,0.0,0.0038308706134557,megabytes,0.0,0.0,0.0,0.0,0.0,0.0,0.0,0.0,success,sinkhorn,0.001,100000
1D-gaussian-1c-32p,32,32,0.0470120511276787,100000,0.19732784119886,,seconds,2.9142308235168457,2.897585993632674,megabytes,88270.0,88270.0,59.0,54.76923076923077,0.079425536,0.079425536,0.80546875,0.7730168269230769,success,sinkhorn,0.001,100000
1D-gaussian-1c-32p,32,32,0.0506578797764963,100000,0.351983547145249,,seconds,2.9350574016571045,2.898472443223,megabytes,88270.0,88270.0,59.0,55.61538461538461,0.079417344,0.079417344,0.8109375,0.7686298076923077,success,sinkhorn,0.001,100000
1D-gaussian-1c-32p,32,32,0.0007570833633161,100000,0.625331111734131,,seconds,3.107727289199829,2.939235577359796,megabytes,88270.0,88270.0,59.0,52.71428571428572,0.07983104,0.07983104,0.81171875,0.7401785714285714,success,sinkhorn,0.001,100000
1D-gaussian-1c-32p,32,32,0.0012003635949286,100000,0.6832911015351342,,seconds,3.003242254257202,2.8974874671548605,megabytes,88270.0,88270.0,59.0,56.785714285714285,0.07950336,0.07950336,0.81640625,0.7614955357142856,success,sinkhorn,0.001,100000
1D-gaussian-1c-32p,32,32,0.0637186421342478,100000,0.244936233718801,,seconds,3.1118323802948,2.926356341689825,megabytes,88270.0,88270.0,59.0,55.642857142857146,0.07983104,0.07983104,0.81015625,0.724107142857143,success,sinkhorn,0.001,100000
1D-gaussian-1c-32p,32,32,0.0408453932349072,100000,0.1203967894314189,,seconds,2.977625131607056,2.91871458478272,megabytes,88270.0,88270.0,59.0,51.5,0.0794624,0.0794624,0.8078125,0.7576450892857143,success,sinkhorn,0.001,100000
1D-gaussian-1c-32p,32,32,0.0622606135294083,100000,0.0239049934478028,,seconds,2.9957292079925537,2.9361617732793093,megabytes,88270.0,88270.0,59.0,54.46153846153846,0.079446016,0.079446016,0.803125,0.7513822115384615,success,sinkhorn,0.001,100000
1D-gaussian-1c-32p,32,32,0.0145737662278487,100000,0.0001029864860523,,seconds,3.042072296142578,2.899106217548251,megabytes,88270.0,88270.0,59.0,53.92857142857143,0.079527936,0.079527936,0.809375,0.7410156250000001,success,sinkhorn,0.001,100000
1D-gaussian-1c-32p,32,32,0.0516574615687373,100000,0.1276113658153499,,seconds,3.1075215339660645,2.9016135800629854,megabytes,88270.0,88270.0,60.0,51.61538461538461,0.080101376,0.080101376,0.8,0.7157451923076924,success,sinkhorn,0.001,100000
1D-gaussian-1c-32p,32,32,2.606906640049015e-06,100000,0.7015975994938614,,seconds,2.9879159927368164,2.826867464929819,megabytes,88270.0,88270.0,62.0,59.142857142857146,0.080429056,0.080429056,0.809375,0.7377232142857142,success,sinkhorn,0.001,100000
1D-gaussian-1c-32p,32,32,0.0489516200755897,100000,0.0717100031915018,,seconds,3.009359359741211,2.881018154323101,megabytes,88270.0,88270.0,60.0,55.0,0.079429632,0.079429632,0.8109375,0.7454241071428572,success,sinkhorn,0.001,100000
1D-gaussian-1c-32p,32,32,0.063380407900535,100000,0.2914945867132949,,seconds,3.0224432945251465,2.934857187792659,megabytes,88270.0,88270.0,59.0,52.69230769230769,0.079368192,0.079368192,0.81171875,0.7524639423076925,success,sinkhorn,0.001,100000
1D-gaussian-1c-32p,32,32,0.0004055431362162,100000,0.4730441120468036,,seconds,3.063711643218994,2.869903150945902,megabytes,88270.0,88270.0,60.0,52.57142857142857,0.080859136,0.080859136,0.80703125,0.7202566964285715,success,sinkhorn,0.001,100000
1D-gaussian-1c-32p,32,32,2.842946838481078e-05,100000,0.6635581649379072,,seconds,3.1272473335266118,2.9744871109724045,megabytes,88270.0,88270.0,59.0,53.75,0.079446016,0.079446016,0.796875,0.7247395833333333,success,sinkhorn,0.001,100000
1D-gaussian-1c-32p,32,32,0.0341119031892628,100000,0.4109360707147907,,seconds,2.992415428161621,2.882634934037924,megabytes,88270.0,88270.0,60.0,54.57142857142857,0.07960576,0.07960576,0.8140625,0.7482142857142857,success,sinkhorn,0.001,100000
1D-gaussian-1c-32p,32,32,0.025119574667831,100000,0.7031202389344664,,seconds,2.882877826690674,2.87215593457222,megabytes,88270.0,88270.0,60.0,57.92307692307692,0.079437824,0.079437824,0.8125,0.7829927884615386,success,sinkhorn,0.001,100000
1D-gaussian-1c-64p,64,64,0.0131813073085967,100000,3.051435593291241e-06,,seconds,3.073406219482422,2.8819717094302177,megabytes,88270.0,88270.0,60.0,55.0,0.08054784,0.08054784,0.809375,0.7210379464285716,success,sinkhorn,0.001,100000
1D-gaussian-1c-64p,64,64,0.0581118383351653,100000,0.2773350747675718,,seconds,3.0193772315979004,2.8687805645167828,megabytes,88270.0,88270.0,60.0,51.57142857142857,0.079368192,0.079368192,0.81015625,0.7325334821428572,success,sinkhorn,0.001,100000
1D-gaussian-1c-64p,64,64,0.0540774287314154,100000,0.0802288504029765,,seconds,3.0382449626922607,2.8928487952798605,megabytes,88270.0,88270.0,60.0,54.07142857142857,0.079486976,0.079486976,0.81484375,0.7381138392857143,success,sinkhorn,0.001,100000
1D-gaussian-1c-64p,64,64,0.0454852124179996,100000,0.1617550327780963,,seconds,2.999477863311768,2.9096021596342325,megabytes,88270.0,88270.0,60.0,55.71428571428572,0.079519744,0.079519744,0.80703125,0.7524553571428573,success,sinkhorn,0.001,100000
1D-gaussian-1c-64p,64,64,0.0024235860303375,61,5.775554878569936e-07,,seconds,0.0,0.0039723850786685,megabytes,0.0,0.0,0.0,0.0,0.0,0.0,0.0,0.0,success,sinkhorn,0.001,100000
1D-gaussian-1c-64p,64,64,0.0188001550159842,100000,0.0007254567255676,,seconds,3.1029560565948486,2.9119229540228844,megabytes,88270.0,88270.0,60.0,57.85714285714285,0.079798272,0.079798272,0.8109375,0.7285714285714285,success,sinkhorn,0.001,100000
1D-gaussian-1c-64p,64,64,0.0007558302867698,100000,0.4694986536856144,,seconds,3.0131869316101074,2.878740582615137,megabytes,88270.0,88270.0,60.0,54.785714285714285,0.080121856,0.080121856,0.80234375,0.7397879464285715,success,sinkhorn,0.001,100000
1D-gaussian-1c-64p,64,64,0.0546636128235096,100000,0.08638223760635,,seconds,3.1649532318115234,2.9914244394749403,megabytes,88270.0,88270.0,59.0,53.583333333333336,0.080494592,0.080494592,0.80859375,0.7302083333333335,success,sinkhorn,0.001,100000
1D-gaussian-1c-64p,64,64,0.0029931170359806,100000,0.4402787412791207,,seconds,3.0483062267303467,2.9156979229301214,megabytes,88270.0,88270.0,60.0,56.35714285714285,0.079417344,0.079417344,0.81171875,0.7407924107142857,success,sinkhorn,0.001,100000
1D-gaussian-1c-64p,64,64,9.46617737213553e-05,100000,0.5219409627103422,,seconds,3.0253348350524902,2.900279462337494,megabytes,88270.0,88270.0,61.0,54.85714285714285,0.079396864,0.079396864,0.8109375,0.7459263392857143,success,sinkhorn,0.001,100000
1D-gaussian-1c-64p,64,64,0.0030618001211236,100000,0.5227427302026736,,seconds,3.09869647026062,2.9379546102136374,megabytes,88270.0,88270.0,60.0,52.07692307692308,0.07962624,0.07962624,0.8078125,0.73125,success,sinkhorn,0.001,100000
1D-gaussian-1c-64p,64,64,0.0247747194820241,100000,0.0018647826790538,,seconds,2.9041523933410645,2.876889949664473,megabytes,88270.0,88270.0,60.0,53.69230769230769,0.07936,0.07936,0.80859375,0.7731971153846154,success,sinkhorn,0.001,100000
1D-gaussian-1c-64p,64,64,0.0405975631915502,100000,0.2544445096030527,,seconds,3.015573501586914,2.872446766123176,megabytes,88270.0,88270.0,60.0,55.142857142857146,0.079384576,0.079384576,0.81015625,0.7375558035714286,success,sinkhorn,0.001,100000
1D-gaussian-1c-64p,64,64,0.0633634738240622,100000,0.3625580930480314,,seconds,3.056061029434204,2.8662157971411943,megabytes,88270.0,88270.0,61.0,54.0,0.0800768,0.0800768,0.8125,0.7239955357142858,success,sinkhorn,0.001,100000
1D-gaussian-1c-64p,64,64,0.0011812226264785,71,9.435184574716722e-07,,seconds,0.0,0.0046090390533208,megabytes,0.0,0.0,0.0,0.0,0.0,0.0,0.0,0.0,success,sinkhorn,0.001,100000
1D-gaussian-1c-64p,64,64,0.0536248031403203,100000,0.0937301970847829,,seconds,3.0058953762054443,2.8779638186097145,megabytes,88270.0,88270.0,60.0,54.5,0.07944192,0.07944192,0.8125,0.7525111607142856,success,sinkhorn,0.001,100000
1D-gaussian-1c-64p,64,64,0.0490011914535993,100000,0.0046366623513091,,seconds,2.9930591583251958,2.906561175361276,megabytes,88270.0,88270.0,59.0,52.35714285714285,0.079413248,0.079413248,0.81171875,0.7578683035714285,success,sinkhorn,0.001,100000
1D-gaussian-1c-64p,64,64,0.0030945797896189,100000,0.4801016668652567,,seconds,3.021475076675415,2.895953983068466,megabytes,88270.0,88270.0,59.0,55.57142857142857,0.079306752,0.079306752,0.8078125,0.7404017857142857,success,sinkhorn,0.001,100000
1D-gaussian-1c-64p,64,64,0.0292756475608258,100000,0.3060282413607591,,seconds,3.092188835144043,2.906304039061069,megabytes,88270.0,88270.0,59.0,53.85714285714285,0.079577088,0.079577088,0.80859375,0.7245535714285714,success,sinkhorn,0.001,100000
1D-gaussian-1c-64p,64,64,0.016078014619325,100000,0.4854442366931766,,seconds,3.048279047012329,2.94312565587461,megabytes,88270.0,88270.0,59.0,49.76923076923077,0.07913472,0.07913472,0.80546875,0.7566105769230769,success,sinkhorn,0.001,100000
1D-gaussian-1c-64p,64,64,0.0144031365031735,100000,0.0001377361105583,,seconds,3.058387041091919,2.920591400936246,megabytes,88270.0,88270.0,60.0,56.84615384615385,0.079171584,0.079171584,0.80859375,0.7402644230769231,success,sinkhorn,0.001,100000
1D-gaussian-1c-64p,64,64,0.0456066022753981,100000,0.0722496363007525,,seconds,2.9999585151672363,2.8815578166395426,megabytes,88270.0,88270.0,60.0,55.35714285714285,0.079151104,0.079151104,0.809375,0.7448660714285715,success,sinkhorn,0.001,100000
1D-gaussian-1c-64p,64,64,0.0607834694845957,100000,0.0237480790738564,,seconds,2.9793918132781982,2.872385459020734,megabytes,88270.0,88270.0,60.0,54.5,0.079147008,0.079147008,0.80859375,0.753515625,success,sinkhorn,0.001,100000
1D-gaussian-1c-64p,64,64,0.0533287045655344,100000,0.2243863396672925,,seconds,2.938368082046509,2.8862420078366995,megabytes,88270.0,88270.0,59.0,54.46153846153846,0.07913472,0.07913472,0.8140625,0.7733774038461537,success,sinkhorn,0.001,100000
1D-gaussian-1c-64p,64,64,7.984571179742547e-06,100000,0.5153026567375063,,seconds,2.9849915504455566,2.878156313672662,megabytes,88270.0,88270.0,61.0,54.57142857142857,0.079138816,0.079138816,0.8140625,0.7506138392857142,success,sinkhorn,0.001,100000
1D-gaussian-1c-64p,64,64,0.0001414172526925,100000,0.4692978619170047,,seconds,3.005875587463379,2.87132952734828,megabytes,88270.0,88270.0,60.0,53.142857142857146,0.07931904,0.07931904,0.8171875,0.7409040178571428,success,sinkhorn,0.001,100000
1D-gaussian-1c-64p,64,64,0.0459385009066802,100000,0.0626851734055936,,seconds,2.900476217269897,2.873832106590271,megabytes,88270.0,88270.0,60.0,55.53846153846154,0.079147008,0.079147008,0.81640625,0.77421875,success,sinkhorn,0.001,100000
1D-gaussian-1c-64p,64,64,0.0525487024610184,100000,0.1207483197460232,,seconds,2.985592842102051,2.884149543941021,megabytes,88270.0,88270.0,60.0,53.07692307692308,0.079937536,0.079937536,0.80078125,0.7490985576923077,success,sinkhorn,0.001,100000
1D-gaussian-1c-64p,64,64,1.3878633742002333e-19,100000,0.5077130292245167,,seconds,3.055701732635498,2.956467965617776,megabytes,88270.0,88270.0,61.0,50.66666666666666,0.079876096,0.079876096,0.7984375,0.7492838541666665,success,sinkhorn,0.001,100000
1D-gaussian-1c-64p,64,64,0.0007133946517828,100000,0.3318137242183929,,seconds,3.1941893100738525,2.9726113229990005,megabytes,88270.0,88270.0,59.0,56.333333333333336,0.07923712,0.07923712,0.80234375,0.7272786458333335,success,sinkhorn,0.001,100000
1D-gaussian-1c-128p,128,128,0.0188394299695888,100000,0.0003815633823651,,seconds,3.153892993927002,2.990840820595622,megabytes,88270.0,88270.0,60.0,56.083333333333336,0.080400384,0.080400384,0.7953125,0.7240885416666666,success,sinkhorn,0.001,100000
1D-gaussian-1c-128p,128,128,3.82137373414258e-19,100000,0.3575902799930295,,seconds,3.062449216842652,2.900750655680895,megabytes,88270.0,88270.0,61.0,53.35714285714285,0.080408576,0.080408576,0.81015625,0.7341517857142857,success,sinkhorn,0.001,100000
1D-gaussian-1c-128p,128,128,0.0011811409393648,71,6.644135545071343e-07,,seconds,0.0,0.0043080709874629,megabytes,0.0,0.0,0.0,0.0,0.0,0.0,0.0,0.0,success,sinkhorn,0.001,100000
1D-gaussian-1c-128p,128,128,0.05084725043297,100000,0.0795199763314201,,seconds,3.140178918838501,2.9551217798143625,megabytes,88270.0,88270.0,61.0,52.61538461538461,0.079642624,0.079642624,0.80625,0.7192908653846153,success,sinkhorn,0.001,100000
1D-gaussian-1c-128p,128,128,0.0534404722891501,100000,0.06555002394102,,seconds,3.125964641571045,2.9746525958180428,megabytes,88270.0,88270.0,60.0,55.0,0.079269888,0.079269888,0.80546875,0.7382812500000001,success,sinkhorn,0.001,100000
1D-gaussian-1c-128p,128,128,0.0449665351416396,100000,0.0518868297325912,,seconds,3.0129683017730717,2.945342732593417,megabytes,88270.0,88270.0,60.0,57.61538461538461,0.079368192,0.079368192,0.80703125,0.7627403846153845,success,sinkhorn,0.001,100000
1D-gaussian-1c-128p,128,128,0.0434877245138102,100000,0.1172320206861973,,seconds,3.040497064590454,2.8958227671682835,megabytes,88270.0,88270.0,61.0,57.21428571428572,0.080265216,0.080265216,0.8078125,0.7402343749999999,success,sinkhorn,0.001,100000
1D-gaussian-1c-128p,128,128,0.0144096300400404,100000,6.002879678649327e-05,,seconds,3.027238607406616,2.9121312629431486,megabytes,88270.0,88270.0,60.0,54.57142857142857,0.07944192,0.07944192,0.78515625,0.7388392857142858,success,sinkhorn,0.001,100000
1D-gaussian-1c-128p,128,128,0.0543954877782196,100000,0.066871230371341,,seconds,3.120041608810425,2.9101859908550978,megabytes,88270.0,88270.0,61.0,57.35714285714285,0.080109568,0.080109568,0.8109375,0.7279575892857144,success,sinkhorn,0.001,100000
1D-gaussian-1c-128p,128,128,0.0027940358589047,100000,0.3386654034847388,,seconds,3.0156829357147217,2.911884741857648,megabytes,88270.0,88270.0,61.0,53.61538461538461,0.079405056,0.079405056,0.79296875,0.7403846153846154,success,sinkhorn,0.001,100000
1D-gaussian-1c-128p,128,128,0.0451219867300019,100000,0.0464357760744478,,seconds,2.995673179626465,2.8798724208027124,megabytes,88270.0,88270.0,61.0,52.642857142857146,0.079486976,0.079486976,0.796875,0.7387276785714284,success,sinkhorn,0.001,100000
1D-gaussian-1c-128p,128,128,0.0488137776548755,100000,0.0042840006960825,,seconds,3.0192224979400635,2.891395088285208,megabytes,88270.0,88270.0,61.0,55.5,0.079478784,0.079478784,0.81484375,0.7473214285714287,success,sinkhorn,0.001,100000
1D-gaussian-1c-128p,128,128,0.0011324730435845,100000,0.3307056344813134,,seconds,3.0617287158966064,2.8831649105995893,megabytes,88270.0,88270.0,61.0,57.0,0.079753216,0.079753216,0.81484375,0.7282924107142856,success,sinkhorn,0.001,100000
1D-gaussian-1c-128p,128,128,0.0508416711629054,100000,0.0896166105240501,,seconds,2.880653142929077,2.886180056259036,megabytes,88270.0,88270.0,61.0,54.07692307692308,0.079384576,0.079384576,0.81484375,0.7878004807692307,success,sinkhorn,0.001,100000
1D-gaussian-1c-128p,128,128,0.0247108872399018,100000,0.0016649940227672,,seconds,3.0035183429718018,2.8810847382992506,megabytes,88270.0,88270.0,61.0,56.07142857142857,0.07942144,0.07942144,0.7953125,0.7377790178571428,success,sinkhorn,0.001,100000
1D-gaussian-1c-128p,128,128,0.0504268668331096,100000,0.1607019529763315,,seconds,3.0765011310577397,2.893122162669897,megabytes,88270.0,88270.0,61.0,54.92857142857143,0.079818752,0.079818752,0.81171875,0.717299107142857,success,sinkhorn,0.001,100000
1D-gaussian-1c-128p,128,128,0.0001390069987878,100000,0.3676110029535184,,seconds,3.0482983589172363,2.89856968075037,megabytes,88270.0,88270.0,61.0,56.42857142857143,0.079466496,0.079466496,0.81484375,0.7387834821428572,success,sinkhorn,0.001,100000
1D-gaussian-1c-128p,128,128,0.0302481220918741,100000,0.2196154628958917,,seconds,3.038008689880371,2.8825460746884346,megabytes,88270.0,88270.0,61.0,58.42857142857143,0.079486976,0.079486976,0.8140625,0.7371651785714286,success,sinkhorn,0.001,100000
1D-gaussian-1c-128p,128,128,0.0607738701799597,100000,0.1855172043224099,,seconds,2.963432550430298,2.897492289543152,megabytes,88270.0,88270.0,61.0,56.30769230769231,0.080211968,0.080211968,0.8359375,0.7713341346153846,success,sinkhorn,0.001,100000
1D-gaussian-1c-128p,128,128,0.0026386411130508,100000,0.3690847867346103,,seconds,2.982044219970703,2.894520180299878,megabytes,88270.0,88270.0,61.0,54.21428571428572,0.079405056,0.079405056,0.81484375,0.7525669642857143,success,sinkhorn,0.001,100000
1D-gaussian-1c-128p,128,128,0.0001840417121025,100000,0.3305336383139138,,seconds,2.9900238513946533,2.886027144268155,megabytes,88270.0,88270.0,61.0,55.5,0.079454208,0.079454208,0.81015625,0.7520647321428571,success,sinkhorn,0.001,100000
1D-gaussian-1c-128p,128,128,0.0131803511151685,100000,1.1175900354266867e-05,,seconds,3.024486541748047,2.9198676366358995,megabytes,88270.0,88270.0,61.0,56.53846153846154,0.079364096,0.079364096,0.8078125,0.7543269230769231,success,sinkhorn,0.001,100000
1D-gaussian-1c-128p,128,128,1.0932499185012294e-05,100000,0.3629417084452671,,seconds,3.0643811225891118,2.8965154588222504,megabytes,88270.0,88270.0,61.0,55.5,0.079917056,0.079917056,0.80546875,0.7356026785714286,success,sinkhorn,0.001,100000
1D-gaussian-1c-128p,128,128,0.0464771372130945,100000,0.2944693488896714,,seconds,3.025468349456787,2.916790349408984,megabytes,88270.0,88270.0,61.0,56.92857142857143,0.079470592,0.079470592,0.8078125,0.7503348214285713,success,sinkhorn,0.001,100000
1D-gaussian-1c-128p,128,128,0.0006244628768588,100000,0.2337191265552198,,seconds,3.0417442321777344,2.9166821595281363,megabytes,88270.0,88270.0,60.0,54.785714285714285,0.091488256,0.091488256,0.81328125,0.7588169642857141,success,sinkhorn,0.001,100000
1D-gaussian-1c-128p,128,128,0.0024235468803475,61,4.0677823290528805e-07,,seconds,0.0,0.0039134789258241,megabytes,0.0,0.0,0.0,0.0,0.0,0.0,0.0,0.0,success,sinkhorn,0.001,100000
1D-gaussian-1c-128p,128,128,0.0577851841379024,100000,0.0366410010893897,,seconds,2.924202680587769,2.9305848870426416,megabytes,88270.0,88270.0,61.0,55.63636363636363,0.087433216,0.087433216,0.7984375,0.7862215909090909,success,sinkhorn,0.001,100000
1D-gaussian-1c-128p,128,128,0.0540969043613725,100000,0.1736110210381839,,seconds,2.998358726501465,2.945470606908202,megabytes,88270.0,88270.0,60.0,54.15384615384615,0.088600576,0.088600576,0.8078125,0.7742788461538462,success,sinkhorn,0.001,100000
1D-gaussian-1c-128p,128,128,0.0028374927905039,100000,0.3105215768655358,,seconds,2.925842761993408,2.910412937402725,megabytes,88270.0,88270.0,61.0,55.38461538461539,0.088588288,0.088588288,0.8140625,0.7703125000000001,success,sinkhorn,0.001,100000
1D-gaussian-1c-128p,128,128,0.0092403056538377,100000,0.3441138502543417,,seconds,2.9717676639556885,2.910658285021782,megabytes,88270.0,88270.0,61.0,56.5,0.089362432,0.089362432,0.80859375,0.7600446428571431,success,sinkhorn,0.001,100000
1D-gaussian-1c-256p,256,256,0.051206284933571,100000,0.0556399103316547,,seconds,3.35023832321167,3.064934324473142,megabytes,88270.0,88270.0,59.0,55.84615384615385,0.084979712,0.084979712,0.8015625,0.715204326923077,success,sinkhorn,0.001,100000
1D-gaussian-1c-256p,256,256,0.0144089975783208,100000,4.555518332720138e-05,,seconds,3.1437950134277344,3.1255654990673065,megabytes,88270.0,88270.0,58.0,52.61538461538461,0.084283392,0.084283392,0.809375,0.7742788461538461,success,sinkhorn,0.001,100000
1D-gaussian-1c-256p,256,256,0.0469121919709112,100000,0.2068740723822666,,seconds,3.1239020824432373,3.0946475509554148,megabytes,88270.0,88270.0,59.0,52.23076923076923,0.084168704,0.084168704,0.8,0.7685096153846154,success,sinkhorn,0.001,100000
1D-gaussian-1c-256p,256,256,0.0457525340321451,100000,0.0331384923030882,,seconds,3.215101480484009,3.0123898833990097,megabytes,88270.0,88270.0,61.0,59.083333333333336,0.085446656,0.085446656,0.79765625,0.7119791666666666,success,sinkhorn,0.001,100000
1D-gaussian-1c-256p,256,256,0.0011811408529068,71,4.688890236303792e-07,,seconds,0.0,0.0047151371836662,megabytes,0.0,0.0,0.0,0.0,0.0,0.0,0.0,0.0,success,sinkhorn,0.001,100000
1D-gaussian-1c-256p,256,256,0.0586006596106161,100000,0.0218220196618381,,seconds,2.980499744415283,2.942942565307021,megabytes,88270.0,88270.0,61.0,54.083333333333336,0.08409088,0.08409088,0.809375,0.7729166666666667,success,sinkhorn,0.001,100000
1D-gaussian-1c-256p,256,256,0.0094552446270497,100000,0.2439874128809364,,seconds,3.165761947631836,3.026333209127188,megabytes,88270.0,88270.0,59.0,52.30769230769231,0.085102592,0.085102592,0.80703125,0.7427283653846154,success,sinkhorn,0.001,100000
1D-gaussian-1c-256p,256,256,0.0027383447043879,100000,0.2605029438104526,,seconds,2.928764820098877,2.924303352832794,megabytes,88270.0,88270.0,61.0,57.333333333333336,0.084238336,0.084238336,0.80078125,0.7800781250000001,success,sinkhorn,0.001,100000
1D-gaussian-1c-256p,256,256,0.0247409023166224,100000,0.0010612527391954,,seconds,3.2015206813812256,3.0223184265196323,megabytes,88270.0,88270.0,60.0,55.53846153846154,0.084639744,0.084639744,0.80546875,0.7322716346153846,success,sinkhorn,0.001,100000
1D-gaussian-1c-256p,256,256,0.0028295253592323,100000,0.2390416456795762,,seconds,2.950324773788452,2.9390624575316906,megabytes,88270.0,88270.0,61.0,55.5,0.084180992,0.084180992,0.80078125,0.7761067708333335,success,sinkhorn,0.001,100000
1D-gaussian-1c-256p,256,256,0.0449869061457738,100000,0.0369993635112447,,seconds,3.195483684539795,3.010203881189227,megabytes,88270.0,88270.0,60.0,54.84615384615385,0.084201472,0.084201472,0.8015625,0.7297475961538461,success,sinkhorn,0.001,100000
1D-gaussian-1c-256p,256,256,0.048831135957131,100000,0.0030435326194213,,seconds,3.013484239578247,2.939510626718402,megabytes,88270.0,88270.0,61.0,58.833333333333336,0.084205568,0.084205568,0.8078125,0.7610677083333334,success,sinkhorn,0.001,100000
1D-gaussian-1c-256p,256,256,0.0502876303520026,100000,0.0641141936267516,,seconds,3.258009195327759,3.029892126098275,megabytes,88270.0,88270.0,60.0,55.30769230769231,0.084205568,0.084205568,0.8015625,0.7329326923076924,success,sinkhorn,0.001,100000
1D-gaussian-1c-256p,256,256,0.0612306760369938,100000,0.1301519993401893,,seconds,2.983929395675659,2.9417645633220677,megabytes,88270.0,88270.0,61.0,55.75,0.08421376,0.08421376,0.80546875,0.7707031249999999,success,sinkhorn,0.001,100000
1D-gaussian-1c-256p,256,256,0.00065447463876,100000,0.1649382227481013,,seconds,3.225637435913086,3.074075907468796,megabytes,88270.0,88270.0,60.0,54.66666666666666,0.084189184,0.084189184,0.8015625,0.7356770833333335,success,sinkhorn,0.001,100000
1D-gaussian-1c-256p,256,256,0.0021540011860327,100000,0.2192546867324344,,seconds,3.124273538589477,3.114367716014385,megabytes,88270.0,88270.0,59.0,54.583333333333336,0.084135936,0.084135936,0.7953125,0.7675130208333334,success,sinkhorn,0.001,100000
1D-gaussian-1c-256p,256,256,0.0307490617858206,100000,0.1551768048898979,,seconds,3.121718168258667,3.001160079613328,megabytes,88270.0,88270.0,60.0,52.16666666666666,0.084135936,0.084135936,0.8078125,0.7537109375000001,success,sinkhorn,0.001,100000
1D-gaussian-1c-256p,256,256,0.0525345250757407,100000,0.0475936134207072,,seconds,3.1177291870117188,3.0892978347837925,megabytes,88270.0,88270.0,59.0,54.0,0.08235008,0.08235008,0.79921875,0.7741477272727273,success,sinkhorn,0.001,100000
1D-gaussian-1c-256p,256,256,0.0443115897649007,100000,0.0803338373292696,,seconds,3.025099039077759,3.032230604439974,megabytes,88270.0,88270.0,59.0,53.63636363636363,0.082313216,0.082313216,0.803125,0.778125,success,sinkhorn,0.001,100000
1D-gaussian-1c-256p,256,256,4.970554065170812e-19,100000,0.2523582316817888,,seconds,3.28249740600586,3.09234069660306,megabytes,88270.0,88270.0,60.0,54.16666666666666,0.084553728,0.084553728,0.7984375,0.7220703125000001,success,sinkhorn,0.001,100000
1D-gaussian-1c-256p,256,256,0.018828917420335,100000,0.0002948508870483,,seconds,3.091578960418701,3.020494375377893,megabytes,88270.0,88270.0,60.0,54.91666666666666,0.08423424,0.08423424,0.80703125,0.7720703125,success,sinkhorn,0.001,100000
1D-gaussian-1c-256p,256,256,0.0024235468679295,61,2.870710256069076e-07,,seconds,0.0,0.0042248535901308,megabytes,0.0,0.0,0.0,0.0,0.0,0.0,0.0,0.0,success,sinkhorn,0.001,100000
1D-gaussian-1c-256p,256,256,0.0548571755105479,100000,0.1182334280895725,,seconds,3.179875612258911,3.137680370360613,megabytes,88270.0,88270.0,58.0,49.61538461538461,0.084267008,0.084267008,0.8125,0.7649639423076924,success,sinkhorn,0.001,100000
1D-gaussian-1c-256p,256,256,0.0131803449663925,100000,8.147424685207787e-06,,seconds,3.121363401412964,2.991351278498769,megabytes,88270.0,88270.0,60.0,54.91666666666666,0.08425472,0.08425472,0.7875,0.7405598958333331,success,sinkhorn,0.001,100000
1D-gaussian-1c-256p,256,256,0.0465000732470139,100000,0.118860132916689,,seconds,3.101022720336914,3.0265725776553154,megabytes,88270.0,88270.0,59.0,52.833333333333336,0.084348928,0.084348928,0.80234375,0.7610677083333334,success,sinkhorn,0.001,100000
1D-gaussian-1c-256p,256,256,0.0532084207032289,100000,0.0492395670337209,,seconds,3.1652848720550537,2.9880801495164637,megabytes,88270.0,88270.0,60.0,59.0,0.084303872,0.084303872,0.796875,0.7319010416666667,success,sinkhorn,0.001,100000
1D-gaussian-1c-256p,256,256,1.433355289569844e-05,100000,0.2561348355693796,,seconds,3.224062204360962,3.191631056368351,megabytes,88270.0,88270.0,57.0,51.23076923076923,0.084373504,0.084373504,0.8078125,0.7719350961538461,success,sinkhorn,0.001,100000
1D-gaussian-1c-256p,256,256,0.0001932811109302,100000,0.2332638989501271,,seconds,3.0058043003082275,2.9272742196917534,megabytes,88270.0,88270.0,61.0,57.16666666666666,0.0854016,0.0854016,0.7921875,0.7521484374999999,success,sinkhorn,0.001,100000
1D-gaussian-1c-256p,256,256,0.0007501656337067,100000,0.233409934208788,,seconds,3.1757757663726807,2.984088497236371,megabytes,88270.0,88270.0,60.0,55.30769230769231,0.084426752,0.084426752,0.80859375,0.7322716346153846,success,sinkhorn,0.001,100000
1D-gaussian-1c-256p,256,256,0.0001439073458994,100000,0.2594313272787002,,seconds,3.261603593826294,3.045150486752391,megabytes,88270.0,88270.0,60.0,56.66666666666666,0.084332544,0.084332544,0.8,0.7331380208333332,success,sinkhorn,0.001,100000
1D-gaussian-1c-512p,512,512,0.0247384011066606,100000,0.0007619668158833,,seconds,3.9509994983673096,3.815818527713418,megabytes,88270.0,88270.0,60.0,53.73333333333333,0.086183936,0.086183936,0.8046875,0.7471875000000001,success,sinkhorn,0.001,100000
1D-gaussian-1c-512p,512,512,0.0610729352606513,100000,0.0926535656271952,,seconds,3.8220272064208975,3.71335568279028,megabytes,88270.0,88270.0,61.0,57.375,0.086192128,0.086192128,0.81328125,0.750634765625,success,sinkhorn,0.001,100000
1D-gaussian-1c-512p,512,512,1.4716368578253997e-05,100000,0.1809373779096756,,seconds,3.7163472175598153,3.710962718352675,megabytes,88270.0,88270.0,61.0,56.86666666666667,0.08603648,0.08603648,0.8015625,0.7742708333333334,success,sinkhorn,0.001,100000
1D-gaussian-1c-512p,512,512,0.001181140801874,71,3.312299443017396e-07,,seconds,0.0,0.0052122734487056,megabytes,0.0,0.0,0.0,0.0,0.0,0.0,0.0,0.0,success,sinkhorn,0.001,100000
1D-gaussian-1c-512p,512,512,0.0515780128836426,100000,0.0387576653886579,,seconds,3.826372385025024,3.702979786321521,megabytes,88270.0,88270.0,61.0,56.73333333333333,0.086962176,0.086962176,0.8046875,0.7494270833333334,success,sinkhorn,0.001,100000
1D-gaussian-1c-512p,512,512,0.0001402906786675,100000,0.1832660094958183,,seconds,3.8576488494873047,3.731717387214303,megabytes,88270.0,88270.0,61.0,57.86666666666667,0.085696512,0.085696512,0.80859375,0.7530208333333336,success,sinkhorn,0.001,100000
1D-gaussian-1c-512p,512,512,0.0144088453855717,100000,3.238100928345277e-05,,seconds,3.9160852432250977,3.722671637311578,megabytes,88270.0,88270.0,60.0,54.46666666666667,0.085598208,0.085598208,0.80078125,0.7396874999999999,success,sinkhorn,0.001,100000
1D-gaussian-1c-512p,512,512,0.0584722828795584,100000,0.0164386009220304,,seconds,3.833951711654663,3.719462916254997,megabytes,88270.0,88270.0,61.0,58.71428571428572,0.085512192,0.085512192,0.79296875,0.7540178571428571,success,sinkhorn,0.001,100000
1D-gaussian-1c-512p,512,512,0.0451785028992144,100000,0.0264041732028392,,seconds,3.8547792434692383,3.7171022966504097,megabytes,88270.0,88270.0,60.0,55.75,0.085614592,0.085614592,0.81328125,0.7426757812499999,success,sinkhorn,0.001,100000
1D-gaussian-1c-512p,512,512,0.0032565030484785,100000,0.1688479064497031,,seconds,3.911477088928223,3.745335349813104,megabytes,88270.0,88270.0,61.0,57.88235294117647,0.086020096,0.086020096,0.81015625,0.7498161764705883,success,sinkhorn,0.001,100000
1D-gaussian-1c-512p,512,512,0.0008154998273101,100000,0.1648807033589365,,seconds,3.707819700241089,3.711394628509879,megabytes,88270.0,88270.0,60.0,54.8235294117647,0.085745664,0.085745664,0.8015625,0.7737591911764707,success,sinkhorn,0.001,100000
1D-gaussian-1c-512p,512,512,0.0131802116013216,100000,6.088705732365107e-06,,seconds,3.802212238311768,3.802377114072442,megabytes,88270.0,88270.0,61.0,54.4,0.085504,0.085504,0.80625,0.7780208333333334,success,sinkhorn,0.001,100000
1D-gaussian-1c-512p,512,512,0.0470402169128991,100000,0.0835511360503723,,seconds,3.868597507476807,3.815420392900705,megabytes,88270.0,88270.0,60.0,57.0,0.086949888,0.086949888,0.8,0.7651562500000001,success,sinkhorn,0.001,100000
1D-gaussian-1c-512p,512,512,0.0024235468633361,61,2.027911622412049e-07,,seconds,0.0,0.00447035767138,megabytes,0.0,0.0,0.0,0.0,0.0,0.0,0.0,0.0,success,sinkhorn,0.001,100000
1D-gaussian-1c-512p,512,512,0.0456589661627954,100000,0.023775324034684,,seconds,3.8000800609588623,3.7004479859024286,megabytes,88270.0,88270.0,61.0,55.05882352941177,0.086269952,0.086269952,0.8109375,0.7559742647058825,success,sinkhorn,0.001,100000
1D-gaussian-1c-512p,512,512,0.0527248053465639,100000,0.0338455569840178,,seconds,3.7735886573791504,3.727775475010276,megabytes,88270.0,88270.0,61.0,57.588235294117645,0.08617984,0.08617984,0.81484375,0.7690716911764706,success,sinkhorn,0.001,100000
1D-gaussian-1c-512p,512,512,0.0001846183312881,100000,0.1647814398571754,,seconds,3.847172737121582,3.782792368903756,megabytes,88270.0,88270.0,60.0,56.375,0.086073344,0.086073344,0.80390625,0.7608398437500001,success,sinkhorn,0.001,100000
1D-gaussian-1c-512p,512,512,0.0007015968858024,100000,0.1165140052206635,,seconds,3.8469700813293457,3.761545678600669,megabytes,88270.0,88270.0,61.0,55.1875,0.086114304,0.086114304,0.80078125,0.7576171875,success,sinkhorn,0.001,100000
1D-gaussian-1c-512p,512,512,0.0555540658108308,100000,0.0844876485574032,,seconds,3.886921405792236,3.696215655654669,megabytes,88270.0,88270.0,61.0,54.35294117647059,0.086126592,0.086126592,0.80625,0.7467830882352943,success,sinkhorn,0.001,100000
1D-gaussian-1c-512p,512,512,0.0488662829591799,100000,0.0022537514060123,,seconds,3.8532168865203857,3.7033497411757703,megabytes,88270.0,88270.0,61.0,55.35294117647059,0.08701952,0.08701952,0.81328125,0.7522058823529412,success,sinkhorn,0.001,100000
1D-gaussian-1c-512p,512,512,0.0305014539592889,100000,0.1105545273582994,,seconds,3.8929479122161865,3.714365741237998,megabytes,88270.0,88270.0,60.0,56.388888888888886,0.086183936,0.086183936,0.81484375,0.7371093749999998,success,sinkhorn,0.001,100000
1D-gaussian-1c-512p,512,512,0.0445276232200983,100000,0.0572280930998481,,seconds,3.74825119972229,3.732327628880739,megabytes,88270.0,88270.0,61.0,58.11764705882353,0.085696512,0.085696512,0.815625,0.779825367647059,success,sinkhorn,0.001,100000
1D-gaussian-1c-512p,512,512,0.0022796647195298,100000,0.154872501312305,,seconds,3.767831325531006,3.755205677822232,megabytes,88270.0,88270.0,60.0,56.75,0.08568832,0.08568832,0.803125,0.7748046875,success,sinkhorn,0.001,100000
1D-gaussian-1c-512p,512,512,5.597075073204058e-19,100000,0.1782695284525979,,seconds,3.933868408203125,3.735596312209964,megabytes,88270.0,88270.0,61.0,56.0,0.085704704,0.085704704,0.8125,0.7456801470588235,success,sinkhorn,0.001,100000
1D-gaussian-1c-512p,512,512,0.050344085241641,100000,0.0451998141567636,,seconds,3.864747285842896,3.715225512161851,megabytes,88270.0,88270.0,61.0,57.94444444444444,0.08577024,0.08577024,0.80859375,0.7447916666666666,success,sinkhorn,0.001,100000
1D-gaussian-1c-512p,512,512,0.0093332602801314,100000,0.1723043261500563,,seconds,3.803444862365722,3.7529644537717104,megabytes,88270.0,88270.0,61.0,54.625,0.08558592,0.08558592,0.80390625,0.767626953125,success,sinkhorn,0.001,100000
1D-gaussian-1c-512p,512,512,0.0188311661256469,100000,0.0002030170842334,,seconds,3.922579526901245,3.797430256381631,megabytes,88270.0,88270.0,61.0,57.0,0.085577728,0.085577728,0.803125,0.7498958333333333,success,sinkhorn,0.001,100000
1D-gaussian-1c-512p,512,512,0.0459746831258306,100000,0.1456379707486582,,seconds,3.79403567314148,3.6876577958464622,megabytes,88270.0,88270.0,62.0,59.294117647058826,0.085794816,0.085794816,0.809375,0.7507352941176471,success,sinkhorn,0.001,100000
1D-gaussian-1c-512p,512,512,0.0537397701700443,100000,0.0347894033772372,,seconds,3.84114670753479,3.805952452123165,megabytes,88270.0,88270.0,61.0,56.4,0.085635072,0.085635072,0.803125,0.7642187499999998,success,sinkhorn,0.001,100000
1D-gaussian-1c-512p,512,512,0.0029585968485243,100000,0.1839968739839573,,seconds,3.6931347846984863,3.6972023136913776,megabytes,88270.0,88270.0,61.0,59.23529411764706,0.085700608,0.085700608,0.8109375,0.7853860294117647,success,sinkhorn,0.001,100000
1D-gaussian-1c-1024p,1024,1024,0.0455972951723561,100000,0.0168095037992349,,seconds,3.93500018119812,3.772553289309144,megabytes,88270.0,88270.0,60.0,55.61111111111112,0.084226048,0.084226048,0.796875,0.7351996527777778,success,sinkhorn,0.001,100000
1D-gaussian-1c-1024p,1024,1024,0.058496213515143,100000,0.0115335787463119,,seconds,4.0176682472229,3.849420079961419,megabytes,88270.0,88270.0,60.0,53.73333333333333,0.0852992,0.0852992,0.80703125,0.7385416666666665,success,sinkhorn,0.001,100000
1D-gaussian-1c-1024p,1024,1024,0.0555639314437771,100000,0.059435679278804,,seconds,3.851792812347412,3.760651562362909,megabytes,88270.0,88270.0,60.0,56.23529411764706,0.084246528,0.084246528,0.8078125,0.7635110294117646,success,sinkhorn,0.001,100000
1D-gaussian-1c-1024p,1024,1024,0.0022988623725067,100000,0.1094609504815674,,seconds,3.78682541847229,3.7312202621251354,megabytes,88270.0,88270.0,60.0,54.35294117647059,0.084099072,0.084099072,0.81171875,0.7697150735294119,success,sinkhorn,0.001,100000
1D-gaussian-1c-1024p,1024,1024,0.0503834448054759,100000,0.0319209288093875,,seconds,3.831048011779785,3.755806094035506,megabytes,88270.0,88270.0,60.0,56.1875,0.084463616,0.084463616,0.8109375,0.7615234375000002,success,sinkhorn,0.001,100000
1D-gaussian-1c-1024p,1024,1024,0.0008121069578459,100000,0.1165318392325246,,seconds,3.9651615619659424,3.8231091648340234,megabytes,88270.0,88270.0,60.0,55.25,0.084426752,0.084426752,0.80859375,0.753662109375,success,sinkhorn,0.001,100000
1D-gaussian-1c-1024p,1024,1024,0.0092867946408954,100000,0.1217518506328823,,seconds,3.762413501739502,3.732175806537271,megabytes,88270.0,88270.0,60.0,53.11764705882353,0.084606976,0.084606976,0.80625,0.770220588235294,success,sinkhorn,0.001,100000
1D-gaussian-1c-1024p,1024,1024,0.0444994921914947,100000,0.0404119451785976,,seconds,3.9352986812591553,3.7326643522828817,megabytes,88270.0,88270.0,60.0,56.55555555555556,0.085323776,0.085323776,0.81640625,0.7461805555555555,success,sinkhorn,0.001,100000
1D-gaussian-1c-1024p,1024,1024,0.0024235468562975,61,1.4332489637410416e-07,,seconds,0.2200574874877929,0.0046741478145122,megabytes,88270.0,88270.0,0.0,0.0,0.07071744,0.07071744,0.0,0.0,success,sinkhorn,0.001,100000
1D-gaussian-1c-1024p,1024,1024,0.0030820483303083,100000,0.1193401999342664,,seconds,3.9416942596435542,3.753986719995737,megabytes,88270.0,88270.0,60.0,57.833333333333336,0.08497152,0.08497152,0.8109375,0.7401041666666667,success,sinkhorn,0.001,100000
1D-gaussian-1c-1024p,1024,1024,0.0006888400382946,100000,0.0823478574689495,,seconds,3.776285171508789,3.7080964371562,megabytes,88270.0,88270.0,61.0,55.11764705882353,0.085454848,0.085454848,0.8140625,0.7659007352941177,success,sinkhorn,0.001,100000
1D-gaussian-1c-1024p,1024,1024,0.0488621966138203,100000,0.0015643597444285,,seconds,3.7341949939727774,3.6982407066971055,megabytes,88270.0,88270.0,61.0,55.23529411764706,0.085397504,0.085397504,0.81328125,0.7750459558823529,success,sinkhorn,0.001,100000
1D-gaussian-1c-1024p,1024,1024,0.0527339348289231,100000,0.023847748420775,,seconds,3.910003423690796,3.7692315001040697,megabytes,88270.0,88270.0,60.0,57.22222222222222,0.084692992,0.084692992,0.8109375,0.7437065972222222,success,sinkhorn,0.001,100000
1D-gaussian-1c-1024p,1024,1024,0.0515135975716907,100000,0.0273287767664637,,seconds,3.881908655166626,3.783706475049257,megabytes,88270.0,88270.0,60.0,55.94117647058823,0.084606976,0.084606976,0.8109375,0.7616727941176471,success,sinkhorn,0.001,100000
1D-gaussian-1c-1024p,1024,1024,0.0131800951591576,100000,4.784347434262596e-06,,seconds,3.8008511066436768,3.8017285503447056,megabytes,88270.0,88270.0,60.0,53.4375,0.08460288,0.08460288,0.840625,0.7781738281250001,success,sinkhorn,0.001,100000
1D-gaussian-1c-1024p,1024,1024,0.0609854435452864,100000,0.0657430483965225,,seconds,4.003615856170654,3.85533407703042,megabytes,88270.0,88270.0,59.0,55.3125,0.08443904,0.08443904,0.80703125,0.7501464843749999,success,sinkhorn,0.001,100000
1D-gaussian-1c-1024p,1024,1024,0.0304992665107691,100000,0.0780083794723583,,seconds,3.800640106201172,3.80363879352808,megabytes,88270.0,88270.0,59.0,54.76470588235294,0.084586496,0.084586496,0.8140625,0.7823069852941176,success,sinkhorn,0.001,100000
1D-gaussian-1c-1024p,1024,1024,0.0247404889898954,100000,0.0005368594425696,,seconds,3.831061601638794,3.737097715958953,megabytes,88270.0,88270.0,60.0,58.294117647058826,0.085458944,0.085458944,0.81171875,0.7596047794117646,success,sinkhorn,0.001,100000
1D-gaussian-1c-1024p,1024,1024,0.047146696858668,100000,0.059092958757049,,seconds,3.802734613418579,3.807076213881373,megabytes,88270.0,88270.0,60.0,53.125,0.084484096,0.084484096,0.80859375,0.784814453125,success,sinkhorn,0.001,100000
1D-gaussian-1c-1024p,1024,1024,0.0457146054814604,100000,0.1032350278264863,,seconds,3.869352102279663,3.795142836868763,megabytes,88270.0,88270.0,60.0,55.388888888888886,0.084774912,0.084774912,0.81484375,0.7759982638888889,success,sinkhorn,0.001,100000
1D-gaussian-1c-1024p,1024,1024,5.814735699029799e-19,100000,0.1259939666350095,,seconds,3.976701498031616,3.7197291012853375,megabytes,88270.0,88270.0,61.0,57.23529411764706,0.085929984,0.085929984,0.803125,0.7322150735294118,success,sinkhorn,0.001,100000
1D-gaussian-1c-1024p,1024,1024,0.0011811407746513,71,2.3410040468203174e-07,,seconds,0.0,0.0049288403242826,megabytes,0.0,0.0,0.0,0.0,0.0,0.0,0.0,0.0,success,sinkhorn,0.001,100000
1D-gaussian-1c-1024p,1024,1024,1.5153661766402126e-05,100000,0.1278794986443124,,seconds,3.85624361038208,3.755313536152244,megabytes,88270.0,88270.0,60.0,53.0,0.084611072,0.084611072,0.8078125,0.7526194852941177,success,sinkhorn,0.001,100000
1D-gaussian-1c-1024p,1024,1024,0.0188317732646579,100000,0.0001434874276832,,seconds,3.810125827789306,3.706100659444928,megabytes,88270.0,88270.0,61.0,56.52941176470589,0.084672512,0.084672512,0.81171875,0.7573988970588236,success,sinkhorn,0.001,100000
1D-gaussian-1c-1024p,1024,1024,0.0001375347157885,100000,0.1295252553257981,,seconds,3.760986089706421,3.720692804083228,megabytes,88270.0,88270.0,61.0,55.64705882352941,0.084692992,0.084692992,0.80234375,0.7628216911764707,success,sinkhorn,0.001,100000
1D-gaussian-1c-1024p,1024,1024,0.0001820611243239,100000,0.1164610957629568,,seconds,3.932234048843384,3.7294985372573137,megabytes,88270.0,88270.0,60.0,57.94444444444444,0.085405696,0.085405696,0.80390625,0.7325086805555555,success,sinkhorn,0.001,100000
1D-gaussian-1c-1024p,1024,1024,0.0536213303034178,100000,0.0249155095893249,,seconds,3.848433494567871,3.721658995375037,megabytes,88270.0,88270.0,60.0,56.47058823529412,0.084590592,0.084590592,0.81015625,0.7511029411764705,success,sinkhorn,0.001,100000
1D-gaussian-1c-1024p,1024,1024,0.0451382520630322,100000,0.0186026727977259,,seconds,3.896831750869751,3.730548977851868,megabytes,88270.0,88270.0,60.0,54.94444444444444,0.085004288,0.085004288,0.8125,0.7356770833333335,success,sinkhorn,0.001,100000
1D-gaussian-1c-1024p,1024,1024,0.0029787066554897,100000,0.1300472486861003,,seconds,3.9119908809661865,3.7098228447139263,megabytes,88270.0,88270.0,61.0,55.94444444444444,0.086269952,0.086269952,0.809375,0.7333767361111111,success,sinkhorn,0.001,100000
1D-gaussian-1c-1024p,1024,1024,0.0144086522375873,100000,2.2935929143739727e-05,,seconds,3.913114547729492,3.752024963498116,megabytes,88270.0,88270.0,60.0,56.11111111111112,0.084914176,0.084914176,0.809375,0.7428385416666666,success,sinkhorn,0.001,100000
1D-gaussian-1c-2048p,2048,2048,0.0024235017236176,51,8.737146268061582e-07,,seconds,0.0,0.0055770576000213,megabytes,0.0,0.0,0.0,0.0,0.0,0.0,0.0,0.0,success,sinkhorn,0.001,100000
1D-gaussian-1c-2048p,2048,2048,0.0029914658631581,100000,0.091935771233913,,seconds,5.315715074539185,5.2133498433977365,megabytes,88270.0,88270.0,64.0,61.56521739130435,0.085262336,0.085262336,0.80625,0.7725883152173914,success,sinkhorn,0.001,100000
1D-gaussian-1c-2048p,2048,2048,0.0457506006277182,100000,0.0730036992611851,,seconds,5.239685773849487,5.103589100763202,megabytes,88270.0,88270.0,66.0,62.26086956521739,0.085348352,0.085348352,0.80078125,0.7635869565217391,success,sinkhorn,0.001,100000
1D-gaussian-1c-2048p,2048,2048,1.5271017117017107e-05,100000,0.0904023709544769,,seconds,5.34870195388794,5.196545170620084,megabytes,88270.0,88270.0,65.0,62.22727272727273,0.085123072,0.085123072,0.8234375,0.751455965909091,success,sinkhorn,0.001,100000
1D-gaussian-1c-2048p,2048,2048,0.0031039440082865,100000,0.0843650422737514,,seconds,5.23818826675415,5.030183304101229,megabytes,88270.0,88270.0,67.0,64.08695652173913,0.085274624,0.085274624,0.8046875,0.7529551630434783,success,sinkhorn,0.001,100000
1D-gaussian-1c-2048p,2048,2048,5.875757631057008e-19,100000,0.0890694241337845,,seconds,5.282183408737183,5.083078829571605,megabytes,88270.0,88270.0,67.0,65.0952380952381,0.085745664,0.085745664,0.8078125,0.7453497023809523,success,sinkhorn,0.001,100000
1D-gaussian-1c-2048p,2048,2048,0.0515069006570703,100000,0.0193443541340319,,seconds,5.104557275772095,5.055378599092364,megabytes,88270.0,88270.0,67.0,62.61904761904762,0.085233664,0.085233664,0.80625,0.7733630952380953,success,sinkhorn,0.001,100000
1D-gaussian-1c-2048p,2048,2048,0.0535767990689661,100000,0.0175700352380807,,seconds,5.193753719329834,4.876437900587916,megabytes,88270.0,88270.0,69.0,65.1304347826087,0.085659648,0.085659648,0.803125,0.7462635869565216,success,sinkhorn,0.001,100000
1D-gaussian-1c-2048p,2048,2048,0.0144086706594749,100000,1.6200419541631447e-05,,seconds,5.203352212905884,5.052965059876442,megabytes,88270.0,88270.0,67.0,63.6,0.085127168,0.085127168,0.80390625,0.7559765624999999,success,sinkhorn,0.001,100000
1D-gaussian-1c-2048p,2048,2048,0.00229460130133,100000,0.0773813298954356,,seconds,5.246257066726685,5.140160312876105,megabytes,88270.0,88270.0,65.0,62.17391304347826,0.085221376,0.085221376,0.80625,0.7690896739130436,success,sinkhorn,0.001,100000
1D-gaussian-1c-2048p,2048,2048,0.0471393094075904,100000,0.041775473241256,,seconds,5.041953086853027,5.03283498249948,megabytes,88270.0,88270.0,68.0,65.3,0.08501248,0.08501248,0.80078125,0.7829296875,success,sinkhorn,0.001,100000
1D-gaussian-1c-2048p,2048,2048,0.0093233036368322,100000,0.0860761212070165,,seconds,5.16400957107544,5.0562141854316,megabytes,88270.0,88270.0,68.0,62.94736842105263,0.084975616,0.084975616,0.79609375,0.7597861842105262,success,sinkhorn,0.001,100000
1D-gaussian-1c-2048p,2048,2048,0.04886308659387,100000,0.0011064447169802,,seconds,5.317671537399292,4.999227683991194,megabytes,88270.0,88270.0,68.0,61.43478260869565,0.085966848,0.085966848,0.80234375,0.7463315217391304,success,sinkhorn,0.001,100000
1D-gaussian-1c-2048p,2048,2048,0.0451374640215747,100000,0.0131641275655799,,seconds,5.067087411880493,4.938764367252588,megabytes,88270.0,88270.0,67.0,63.30434782608695,0.085233664,0.085233664,0.809375,0.7697690217391304,success,sinkhorn,0.001,100000
1D-gaussian-1c-2048p,2048,2048,0.0006894976640746,100000,0.0582145035552416,,seconds,5.28659462928772,5.036679819226265,megabytes,88270.0,88270.0,67.0,61.08695652173913,0.085385216,0.085385216,0.81015625,0.7555706521739133,success,sinkhorn,0.001,100000
1D-gaussian-1c-2048p,2048,2048,0.0444891509179542,100000,0.0285651701221832,,seconds,5.180464267730713,4.971850039437413,megabytes,88270.0,88270.0,67.0,64.65217391304348,0.085262336,0.085262336,0.80390625,0.7537024456521739,success,sinkhorn,0.001,100000
1D-gaussian-1c-2048p,2048,2048,0.0527247204779335,100000,0.0168843134210396,,seconds,5.137959718704224,5.113427920266986,megabytes,88270.0,88270.0,67.0,62.85,0.085131264,0.085131264,0.80625,0.777109375,success,sinkhorn,0.001,100000
1D-gaussian-1c-2048p,2048,2048,0.0001817155679641,100000,0.0823303044921142,,seconds,5.332210063934326,5.1459663435816765,megabytes,88270.0,88270.0,65.0,63.15,0.08624128,0.08624128,0.80078125,0.7403515625000001,success,sinkhorn,0.001,100000
1D-gaussian-1c-2048p,2048,2048,0.0008167733506364,100000,0.0823803414607154,,seconds,5.385872840881348,5.215373780578375,megabytes,88270.0,88270.0,65.0,60.52173913043478,0.0854016,0.0854016,0.8078125,0.7636548913043477,success,sinkhorn,0.001,100000
1D-gaussian-1c-2048p,2048,2048,0.05038444946557,100000,0.0225509130390353,,seconds,5.367415189743042,5.176226483657956,megabytes,88270.0,88270.0,65.0,59.0,0.166854656,0.166854656,0.80859375,0.7494140625,success,sinkhorn,0.001,100000
1D-gaussian-1c-2048p,2048,2048,0.045585135286401,100000,0.0119026828654299,,seconds,5.275607585906982,5.083732824772596,megabytes,88270.0,88270.0,66.0,62.79166666666666,0.166096896,0.166096896,0.8078125,0.7542643229166665,success,sinkhorn,0.001,100000
1D-gaussian-1c-2048p,2048,2048,0.0608040754480715,100000,0.0464700455048194,,seconds,5.415223121643066,5.138982428237796,megabytes,88270.0,88270.0,66.0,62.21739130434783,0.085426176,0.085426176,0.8078125,0.7530910326086956,success,sinkhorn,0.001,100000
1D-gaussian-1c-2048p,2048,2048,0.0247402960968188,100000,0.0003791511723094,,seconds,4.976284980773926,4.979633133858442,megabytes,88270.0,88270.0,68.0,65.35,0.085245952,0.085245952,0.80390625,0.7802343750000001,success,sinkhorn,0.001,100000
1D-gaussian-1c-2048p,2048,2048,0.0304594853293984,100000,0.055152129439157,,seconds,5.282371759414673,5.150474771857262,megabytes,88270.0,88270.0,66.0,62.375,0.165965824,0.165965824,0.80625,0.7576171874999997,success,sinkhorn,0.001,100000
1D-gaussian-1c-2048p,2048,2048,0.0011811261927127,61,7.269400882910902e-07,,seconds,0.2252445220947265,0.0060873664915561,megabytes,88270.0,88270.0,0.0,0.0,0.070795264,0.070795264,0.0,0.0,success,sinkhorn,0.001,100000
1D-gaussian-1c-2048p,2048,2048,0.0131799774890533,100000,3.685478504267464e-06,,seconds,5.316332340240479,5.121483048424125,megabytes,88270.0,88270.0,67.0,63.333333333333336,0.085782528,0.085782528,0.80625,0.7408110119047618,success,sinkhorn,0.001,100000
1D-gaussian-1c-2048p,2048,2048,0.0585025909127977,100000,0.0081805857559121,,seconds,5.165277004241943,5.158692058175802,megabytes,88270.0,88270.0,66.0,62.82608695652174,0.08536064,0.08536064,0.80859375,0.7836616847826087,success,sinkhorn,0.001,100000
1D-gaussian-1c-2048p,2048,2048,0.0001367607877041,100000,0.0915658095344435,,seconds,5.309683322906494,5.139159131795168,megabytes,88270.0,88270.0,66.0,62.38095238095238,0.085573632,0.085573632,0.803125,0.7438988095238093,success,sinkhorn,0.001,100000
1D-gaussian-1c-2048p,2048,2048,0.0554609560766377,100000,0.0420233675337724,,seconds,5.141374588012695,4.98992851562798,megabytes,88270.0,88270.0,68.0,64.14285714285714,0.085266432,0.085266432,0.809375,0.7513392857142858,success,sinkhorn,0.001,100000
1D-gaussian-1c-2048p,2048,2048,0.0188316955403612,100000,0.0001015070810084,,seconds,5.126197099685669,4.920392993837595,megabytes,88270.0,88270.0,68.0,64.45454545454545,0.085917696,0.085917696,0.80234375,0.7450284090909091,success,sinkhorn,0.001,100000
