dataset,mu_size,nu_size,cost,iterations,error,cost_rerr,time_unit,time,time_counter,gpu_mem_unit,peak_gpu_mem,combined_peak_gpu_ram,peak_gpu_util_pct,mean_gpu_util_pct,peak_ram_MiB,combined_peak_ram_MiB,max_cpu_util_pct,mean_cpu_util_pct,status,name,reg,maxiter
1D-students-2df-32p,32,32,0.3134469408141671,11,3.4516380109648966e-09,,seconds,0.0,0.0024352092295885,megabytes,0.0,0.0,0.0,0.0,0.0,0.0,0.0,0.0,success,sinkhorn,1.0,100000
1D-students-2df-32p,32,32,0.3125091671263665,11,3.2152950843721966e-09,,seconds,0.0,0.0023751519620418,megabytes,0.0,0.0,0.0,0.0,0.0,0.0,0.0,0.0,success,sinkhorn,1.0,100000
1D-students-2df-32p,32,32,0.293706119898613,11,1.3221860651665147e-11,,seconds,0.0,0.0023642089217901,megabytes,0.0,0.0,0.0,0.0,0.0,0.0,0.0,0.0,success,sinkhorn,1.0,100000
1D-students-2df-32p,32,32,0.3447974512506026,11,6.5356250135352765e-09,,seconds,0.0,0.0023951847106218,megabytes,0.0,0.0,0.0,0.0,0.0,0.0,0.0,0.0,success,sinkhorn,1.0,100000
1D-students-2df-32p,32,32,0.3432837221850415,11,8.990153921662254e-12,,seconds,0.0,0.0026409048587083,megabytes,0.0,0.0,0.0,0.0,0.0,0.0,0.0,0.0,success,sinkhorn,1.0,100000
1D-students-2df-32p,32,32,0.3125309990406906,11,4.908931448266465e-09,,seconds,0.0,0.0023607350885868,megabytes,0.0,0.0,0.0,0.0,0.0,0.0,0.0,0.0,success,sinkhorn,1.0,100000
1D-students-2df-32p,32,32,0.3096587318210224,11,2.923848810058957e-09,,seconds,0.0,0.0023803375661373,megabytes,0.0,0.0,0.0,0.0,0.0,0.0,0.0,0.0,success,sinkhorn,1.0,100000
1D-students-2df-32p,32,32,0.5127006811997008,11,6.546295993276128e-10,,seconds,0.0,0.0024199560284614,megabytes,0.0,0.0,0.0,0.0,0.0,0.0,0.0,0.0,success,sinkhorn,1.0,100000
1D-students-2df-32p,32,32,0.3051006500514893,11,6.24236842012148e-11,,seconds,0.0,0.0023833531886339,megabytes,0.0,0.0,0.0,0.0,0.0,0.0,0.0,0.0,success,sinkhorn,1.0,100000
1D-students-2df-32p,32,32,0.3212981665788896,11,1.5804955362267872e-09,,seconds,0.0,0.0025342553853988,megabytes,0.0,0.0,0.0,0.0,0.0,0.0,0.0,0.0,success,sinkhorn,1.0,100000
1D-students-2df-32p,32,32,0.3697992714443411,11,3.017292048617479e-09,,seconds,0.0,0.002286173403263,megabytes,0.0,0.0,0.0,0.0,0.0,0.0,0.0,0.0,success,sinkhorn,1.0,100000
1D-students-2df-32p,32,32,0.3257140452588572,11,2.0479086552212474e-09,,seconds,0.0,0.0022786520421504,megabytes,0.0,0.0,0.0,0.0,0.0,0.0,0.0,0.0,success,sinkhorn,1.0,100000
1D-students-2df-32p,32,32,0.351113520448287,11,3.737222744755516e-09,,seconds,0.0,0.0022651739418506,megabytes,0.0,0.0,0.0,0.0,0.0,0.0,0.0,0.0,success,sinkhorn,1.0,100000
1D-students-2df-32p,32,32,0.606116514762985,11,2.3705808100152355e-11,,seconds,0.0,0.0023549105972051,megabytes,0.0,0.0,0.0,0.0,0.0,0.0,0.0,0.0,success,sinkhorn,1.0,100000
1D-students-2df-32p,32,32,0.565404472349543,11,2.7877611758603244e-10,,seconds,0.0,0.0022733863443136,megabytes,0.0,0.0,0.0,0.0,0.0,0.0,0.0,0.0,success,sinkhorn,1.0,100000
1D-students-2df-32p,32,32,0.3215847464817375,11,4.208610163353146e-09,,seconds,0.0,0.0023698806762695,megabytes,0.0,0.0,0.0,0.0,0.0,0.0,0.0,0.0,success,sinkhorn,1.0,100000
1D-students-2df-32p,32,32,0.3419403823598805,11,9.106441505224327e-10,,seconds,0.0,0.0023665875196456,megabytes,0.0,0.0,0.0,0.0,0.0,0.0,0.0,0.0,success,sinkhorn,1.0,100000
1D-students-2df-32p,32,32,0.4458043422332746,11,8.702334750335489e-10,,seconds,0.0,0.0023071374744176,megabytes,0.0,0.0,0.0,0.0,0.0,0.0,0.0,0.0,success,sinkhorn,1.0,100000
1D-students-2df-32p,32,32,0.3776311365480863,11,6.627733261622828e-09,,seconds,0.0,0.002361549064517,megabytes,0.0,0.0,0.0,0.0,0.0,0.0,0.0,0.0,success,sinkhorn,1.0,100000
1D-students-2df-32p,32,32,0.4394796357312199,11,6.722408791791204e-09,,seconds,0.0,0.0022962726652622,megabytes,0.0,0.0,0.0,0.0,0.0,0.0,0.0,0.0,success,sinkhorn,1.0,100000
1D-students-2df-32p,32,32,0.5005808586118132,11,1.882415248025441e-16,,seconds,0.0,0.0023352559655904,megabytes,0.0,0.0,0.0,0.0,0.0,0.0,0.0,0.0,success,sinkhorn,1.0,100000
1D-students-2df-32p,32,32,0.3124587792395148,11,1.9989310033135844e-09,,seconds,0.0,0.0022917799651622,megabytes,0.0,0.0,0.0,0.0,0.0,0.0,0.0,0.0,success,sinkhorn,1.0,100000
1D-students-2df-32p,32,32,0.3301931524545612,11,6.191837453615277e-09,,seconds,0.0,0.0023167785257101,megabytes,0.0,0.0,0.0,0.0,0.0,0.0,0.0,0.0,success,sinkhorn,1.0,100000
1D-students-2df-32p,32,32,0.3136464809723718,11,1.1900903876754796e-09,,seconds,0.0,0.0024224333465099,megabytes,0.0,0.0,0.0,0.0,0.0,0.0,0.0,0.0,success,sinkhorn,1.0,100000
1D-students-2df-32p,32,32,0.3158966711762674,11,4.020626186689026e-10,,seconds,0.0,0.0022561345249414,megabytes,0.0,0.0,0.0,0.0,0.0,0.0,0.0,0.0,success,sinkhorn,1.0,100000
1D-students-2df-32p,32,32,0.4813778901908464,11,1.23494730342995e-09,,seconds,0.0,0.002417529001832,megabytes,0.0,0.0,0.0,0.0,0.0,0.0,0.0,0.0,success,sinkhorn,1.0,100000
1D-students-2df-32p,32,32,0.3447106468665182,11,5.630966813606552e-09,,seconds,0.0,0.0022992771118879,megabytes,0.0,0.0,0.0,0.0,0.0,0.0,0.0,0.0,success,sinkhorn,1.0,100000
1D-students-2df-32p,32,32,0.3185819192470759,11,1.6380919817131194e-10,,seconds,0.0,0.0024408362805843,megabytes,0.0,0.0,0.0,0.0,0.0,0.0,0.0,0.0,success,sinkhorn,1.0,100000
1D-students-2df-32p,32,32,0.3173733899381246,11,1.839441226555387e-09,,seconds,0.0,0.0028462838381528,megabytes,0.0,0.0,0.0,0.0,0.0,0.0,0.0,0.0,success,sinkhorn,1.0,100000
1D-students-2df-32p,32,32,0.326977582758536,11,7.410231226848841e-09,,seconds,0.0,0.0024278592318296,megabytes,0.0,0.0,0.0,0.0,0.0,0.0,0.0,0.0,success,sinkhorn,1.0,100000
1D-students-2df-64p,64,64,0.3160025294596903,11,2.8481547607554476e-10,,seconds,0.4772377014160156,0.4714393261820078,megabytes,88268.0,88268.0,0.0,0.0,0.04456448,0.04456448,0.7109375,0.50859375,success,sinkhorn,1.0,100000
1D-students-2df-64p,64,64,0.3303069677538606,11,4.405529166849287e-09,,seconds,0.0,0.0025012716650962,megabytes,0.0,0.0,0.0,0.0,0.0,0.0,0.0,0.0,success,sinkhorn,1.0,100000
1D-students-2df-64p,64,64,0.3137530717442865,11,8.462455168000821e-10,,seconds,0.0,0.0025056209415197,megabytes,0.0,0.0,0.0,0.0,0.0,0.0,0.0,0.0,success,sinkhorn,1.0,100000
1D-students-2df-64p,64,64,0.3257969055916084,11,1.4540119275962218e-09,,seconds,0.0,0.0024119541049003,megabytes,0.0,0.0,0.0,0.0,0.0,0.0,0.0,0.0,success,sinkhorn,1.0,100000
1D-students-2df-64p,64,64,0.6061841794662721,11,1.6954236103785627e-11,,seconds,0.0,0.0024066809564828,megabytes,0.0,0.0,0.0,0.0,0.0,0.0,0.0,0.0,success,sinkhorn,1.0,100000
1D-students-2df-64p,64,64,0.3051848039563222,11,4.4469628630642927e-11,,seconds,0.0,0.0024887081235647,megabytes,0.0,0.0,0.0,0.0,0.0,0.0,0.0,0.0,success,sinkhorn,1.0,100000
1D-students-2df-64p,64,64,0.3777514870479596,11,4.7157112299541295e-09,,seconds,0.0,0.0024365745484828,megabytes,0.0,0.0,0.0,0.0,0.0,0.0,0.0,0.0,success,sinkhorn,1.0,100000
1D-students-2df-64p,64,64,0.3448985582529104,11,4.6450206355433615e-09,,seconds,0.0,0.002622278407216,megabytes,0.0,0.0,0.0,0.0,0.0,0.0,0.0,0.0,success,sinkhorn,1.0,100000
1D-students-2df-64p,64,64,0.3097393755210408,11,2.0755087864564073e-09,,seconds,0.0,0.0024810191243886,megabytes,0.0,0.0,0.0,0.0,0.0,0.0,0.0,0.0,success,sinkhorn,1.0,100000
1D-students-2df-64p,64,64,0.3186431328776781,11,1.1634486173905136e-10,,seconds,0.0,0.0024445634335279,megabytes,0.0,0.0,0.0,0.0,0.0,0.0,0.0,0.0,success,sinkhorn,1.0,100000
1D-students-2df-64p,64,64,0.3135456623899896,11,2.453489965956256e-09,,seconds,0.0,0.0024223905056715,megabytes,0.0,0.0,0.0,0.0,0.0,0.0,0.0,0.0,success,sinkhorn,1.0,100000
1D-students-2df-64p,64,64,0.445941834038782,11,6.190579407274575e-10,,seconds,0.0,0.0026605185121297,megabytes,0.0,0.0,0.0,0.0,0.0,0.0,0.0,0.0,success,sinkhorn,1.0,100000
1D-students-2df-64p,64,64,0.3512115825500687,11,2.656477637794716e-09,,seconds,0.0,0.0026495996862649,megabytes,0.0,0.0,0.0,0.0,0.0,0.0,0.0,0.0,success,sinkhorn,1.0,100000
1D-students-2df-64p,64,64,0.5128534783779416,11,4.6728020629935e-10,,seconds,0.0,0.0024796482175588,megabytes,0.0,0.0,0.0,0.0,0.0,0.0,0.0,0.0,success,sinkhorn,1.0,100000
1D-students-2df-64p,64,64,0.2938184161294861,11,9.390277372900375e-12,,seconds,0.0,0.0023864228278398,megabytes,0.0,0.0,0.0,0.0,0.0,0.0,0.0,0.0,success,sinkhorn,1.0,100000
1D-students-2df-64p,64,64,0.439646610627993,11,4.788930265412002e-09,,seconds,0.0,0.0023837015032768,megabytes,0.0,0.0,0.0,0.0,0.0,0.0,0.0,0.0,success,sinkhorn,1.0,100000
1D-students-2df-64p,64,64,0.3214028492235569,11,1.1244066896911136e-09,,seconds,0.0,0.0024560485035181,megabytes,0.0,0.0,0.0,0.0,0.0,0.0,0.0,0.0,success,sinkhorn,1.0,100000
1D-students-2df-64p,64,64,0.3448179540579772,11,4.0038171077764286e-09,,seconds,0.0,0.0025700107216835,megabytes,0.0,0.0,0.0,0.0,0.0,0.0,0.0,0.0,success,sinkhorn,1.0,100000
1D-students-2df-64p,64,64,0.317480668041233,11,1.3089823971430411e-09,,seconds,0.0,0.0023632328957319,megabytes,0.0,0.0,0.0,0.0,0.0,0.0,0.0,0.0,success,sinkhorn,1.0,100000
1D-students-2df-64p,64,64,0.3270825038578502,11,5.268424760303853e-09,,seconds,0.0,0.0024351067841053,megabytes,0.0,0.0,0.0,0.0,0.0,0.0,0.0,0.0,success,sinkhorn,1.0,100000
1D-students-2df-64p,64,64,0.5006650631726722,11,1.2245356194664918e-16,,seconds,0.0,0.0025019347667694,megabytes,0.0,0.0,0.0,0.0,0.0,0.0,0.0,0.0,success,sinkhorn,1.0,100000
1D-students-2df-64p,64,64,0.3125488061274802,11,1.419862842111161e-09,,seconds,0.0,0.0024483874440193,megabytes,0.0,0.0,0.0,0.0,0.0,0.0,0.0,0.0,success,sinkhorn,1.0,100000
1D-students-2df-64p,64,64,0.3126058930183584,11,2.284650050372711e-09,,seconds,0.0,0.0023901630192995,megabytes,0.0,0.0,0.0,0.0,0.0,0.0,0.0,0.0,success,sinkhorn,1.0,100000
1D-students-2df-64p,64,64,0.3216810324056428,11,2.989952555457564e-09,,seconds,0.0,0.0024457033723592,megabytes,0.0,0.0,0.0,0.0,0.0,0.0,0.0,0.0,success,sinkhorn,1.0,100000
1D-students-2df-64p,64,64,0.5655555496379836,11,1.9896569666006235e-10,,seconds,0.0,0.0024701934307813,megabytes,0.0,0.0,0.0,0.0,0.0,0.0,0.0,0.0,success,sinkhorn,1.0,100000
1D-students-2df-64p,64,64,0.3420000280699635,11,6.461027014281851e-10,,seconds,0.0,0.0028922073543071,megabytes,0.0,0.0,0.0,0.0,0.0,0.0,0.0,0.0,success,sinkhorn,1.0,100000
1D-students-2df-64p,64,64,0.4815252962481114,11,8.805411548489717e-10,,seconds,0.0,0.0024676565080881,megabytes,0.0,0.0,0.0,0.0,0.0,0.0,0.0,0.0,success,sinkhorn,1.0,100000
1D-students-2df-64p,64,64,0.3699302753095255,11,2.1472140068445077e-09,,seconds,0.0,0.0025147404521703,megabytes,0.0,0.0,0.0,0.0,0.0,0.0,0.0,0.0,success,sinkhorn,1.0,100000
1D-students-2df-64p,64,64,0.343415717301274,11,6.386330082997371e-12,,seconds,0.0,0.0026506837457418,megabytes,0.0,0.0,0.0,0.0,0.0,0.0,0.0,0.0,success,sinkhorn,1.0,100000
1D-students-2df-64p,64,64,0.3126399023198005,11,3.491250079788438e-09,,seconds,0.0,0.0023546237498521,megabytes,0.0,0.0,0.0,0.0,0.0,0.0,0.0,0.0,success,sinkhorn,1.0,100000
1D-students-2df-128p,128,128,0.3449238196392536,11,3.2887161356604244e-09,,seconds,0.4462182521820068,0.4402643386274576,megabytes,88268.0,88268.0,0.0,0.0,0.045088768,0.045088768,0.7171875,0.558203125,success,sinkhorn,1.0,100000
1D-students-2df-128p,128,128,0.325817610953293,11,1.029191409629039e-09,,seconds,0.0,0.0024294704198837,megabytes,0.0,0.0,0.0,0.0,0.0,0.0,0.0,0.0,success,sinkhorn,1.0,100000
1D-students-2df-128p,128,128,0.4459761980522195,11,4.3839785027773385e-10,,seconds,0.0,0.0025315973907709,megabytes,0.0,0.0,0.0,0.0,0.0,0.0,0.0,0.0,success,sinkhorn,1.0,100000
1D-students-2df-128p,128,128,0.6062012510068414,11,1.2022542259041569e-11,,seconds,0.0,0.0026858616620302,megabytes,0.0,0.0,0.0,0.0,0.0,0.0,0.0,0.0,success,sinkhorn,1.0,100000
1D-students-2df-128p,128,128,0.3699630071902665,11,1.520733656980858e-09,,seconds,0.0,0.0024446696043014,megabytes,0.0,0.0,0.0,0.0,0.0,0.0,0.0,0.0,success,sinkhorn,1.0,100000
1D-students-2df-128p,128,128,0.5655933189551133,11,1.410168279949717e-10,,seconds,0.0,0.0024356078356504,megabytes,0.0,0.0,0.0,0.0,0.0,0.0,0.0,0.0,success,sinkhorn,1.0,100000
1D-students-2df-128p,128,128,0.3125712995412283,11,1.0051302246786183e-09,,seconds,0.0,0.0025194305926561,megabytes,0.0,0.0,0.0,0.0,0.0,0.0,0.0,0.0,success,sinkhorn,1.0,100000
1D-students-2df-128p,128,128,0.3186584411344828,11,8.235947598291609e-11,,seconds,0.0,0.0027091577649116,megabytes,0.0,0.0,0.0,0.0,0.0,0.0,0.0,0.0,success,sinkhorn,1.0,100000
1D-students-2df-128p,128,128,0.3137796965342111,11,5.992237063918031e-10,,seconds,0.0,0.0024105757474899,megabytes,0.0,0.0,0.0,0.0,0.0,0.0,0.0,0.0,success,sinkhorn,1.0,100000
1D-students-2df-128p,128,128,0.3126300562137736,11,1.6174582643319271e-09,,seconds,0.0,0.0025120992213487,megabytes,0.0,0.0,0.0,0.0,0.0,0.0,0.0,0.0,success,sinkhorn,1.0,100000
1D-students-2df-128p,128,128,0.3448447650062587,11,2.8350493080908436e-09,,seconds,0.0,0.002556774765253,megabytes,0.0,0.0,0.0,0.0,0.0,0.0,0.0,0.0,success,sinkhorn,1.0,100000
1D-students-2df-128p,128,128,0.4396883406420044,11,3.392578697778313e-09,,seconds,0.0,0.0026712995022535,megabytes,0.0,0.0,0.0,0.0,0.0,0.0,0.0,0.0,success,sinkhorn,1.0,100000
1D-students-2df-128p,128,128,0.4815621491311825,11,6.239328895203114e-10,,seconds,0.0,0.0026717241853475,megabytes,0.0,0.0,0.0,0.0,0.0,0.0,0.0,0.0,success,sinkhorn,1.0,100000
1D-students-2df-128p,128,128,0.3420149383988585,11,4.572500055154999e-10,,seconds,0.0,0.0025134962052106,megabytes,0.0,0.0,0.0,0.0,0.0,0.0,0.0,0.0,success,sinkhorn,1.0,100000
1D-students-2df-128p,128,128,0.3217050938776687,11,2.116700689367822e-09,,seconds,0.0,0.002527629956603,megabytes,0.0,0.0,0.0,0.0,0.0,0.0,0.0,0.0,success,sinkhorn,1.0,100000
1D-students-2df-128p,128,128,0.2938464873972026,11,6.647197723036897e-12,,seconds,0.0,0.0024134013801813,megabytes,0.0,0.0,0.0,0.0,0.0,0.0,0.0,0.0,success,sinkhorn,1.0,100000
1D-students-2df-128p,128,128,0.3434487125941804,11,4.521012092027143e-12,,seconds,0.0,0.0025776010006666,megabytes,0.0,0.0,0.0,0.0,0.0,0.0,0.0,0.0,success,sinkhorn,1.0,100000
1D-students-2df-128p,128,128,0.3126671056745711,11,2.472253439676129e-09,,seconds,0.0,0.0026845596730709,megabytes,0.0,0.0,0.0,0.0,0.0,0.0,0.0,0.0,success,sinkhorn,1.0,100000
1D-students-2df-128p,128,128,0.3271087182977489,11,3.730410924964441e-09,,seconds,0.0,0.002756955102086,megabytes,0.0,0.0,0.0,0.0,0.0,0.0,0.0,0.0,success,sinkhorn,1.0,100000
1D-students-2df-128p,128,128,0.3303354028104083,11,3.1200117724895147e-09,,seconds,0.0,0.0024802163243293,megabytes,0.0,0.0,0.0,0.0,0.0,0.0,0.0,0.0,success,sinkhorn,1.0,100000
1D-students-2df-128p,128,128,0.3214289999619468,11,7.962868145588713e-10,,seconds,0.0,0.0023831613361835,megabytes,0.0,0.0,0.0,0.0,0.0,0.0,0.0,0.0,success,sinkhorn,1.0,100000
1D-students-2df-128p,128,128,0.5128916883305761,11,3.3119632509267005e-10,,seconds,0.0,0.0023984163999557,megabytes,0.0,0.0,0.0,0.0,0.0,0.0,0.0,0.0,success,sinkhorn,1.0,100000
1D-students-2df-128p,128,128,0.3777815676517737,11,3.339690608438684e-09,,seconds,0.0,0.0025313254445791,megabytes,0.0,0.0,0.0,0.0,0.0,0.0,0.0,0.0,success,sinkhorn,1.0,100000
1D-students-2df-128p,128,128,0.3097595228784839,11,1.4690306218139239e-09,,seconds,0.0,0.0023493431508541,megabytes,0.0,0.0,0.0,0.0,0.0,0.0,0.0,0.0,success,sinkhorn,1.0,100000
1D-students-2df-128p,128,128,0.500686122089302,11,8.987550051207025e-17,,seconds,0.0,0.0027665495872497,megabytes,0.0,0.0,0.0,0.0,0.0,0.0,0.0,0.0,success,sinkhorn,1.0,100000
1D-students-2df-128p,128,128,0.3512360926279865,11,1.880871603721769e-09,,seconds,0.0,0.0024519171565771,megabytes,0.0,0.0,0.0,0.0,0.0,0.0,0.0,0.0,success,sinkhorn,1.0,100000
1D-students-2df-128p,128,128,0.305205833784422,11,3.1503215619143986e-11,,seconds,0.0,0.0025162920355796,megabytes,0.0,0.0,0.0,0.0,0.0,0.0,0.0,0.0,success,sinkhorn,1.0,100000
1D-students-2df-128p,128,128,0.3175074667106675,11,9.270631180191217e-10,,seconds,0.0,0.0024413913488388,megabytes,0.0,0.0,0.0,0.0,0.0,0.0,0.0,0.0,success,sinkhorn,1.0,100000
1D-students-2df-128p,128,128,0.3160289734484897,11,2.0148541938321726e-10,,seconds,0.0,0.0027243643999099,megabytes,0.0,0.0,0.0,0.0,0.0,0.0,0.0,0.0,success,sinkhorn,1.0,100000
1D-students-2df-128p,128,128,0.3135703227124932,11,1.737151439810708e-09,,seconds,0.0,0.0024383328855037,megabytes,0.0,0.0,0.0,0.0,0.0,0.0,0.0,0.0,success,sinkhorn,1.0,100000
1D-students-2df-256p,256,256,0.3448514667535423,11,2.005376647084362e-09,,seconds,0.4724466800689697,0.4765805844217539,megabytes,88268.0,88268.0,0.0,0.0,0.045682688,0.07962624,0.709375,0.548828125,success,sinkhorn,1.0,100000
1D-students-2df-256p,256,256,0.3126360958713721,11,1.1440636321747692e-09,,seconds,0.0,0.002534169703722,megabytes,0.0,0.0,0.0,0.0,0.0,0.0,0.0,0.0,success,sinkhorn,1.0,100000
1D-students-2df-256p,256,256,0.3258227866865375,11,7.27933916774636e-10,,seconds,0.0,0.0025318805128335,megabytes,0.0,0.0,0.0,0.0,0.0,0.0,0.0,0.0,success,sinkhorn,1.0,100000
1D-students-2df-256p,256,256,0.3135764865398603,11,1.228753513735785e-09,,seconds,0.0,0.0027982108294963,megabytes,0.0,0.0,0.0,0.0,0.0,0.0,0.0,0.0,success,sinkhorn,1.0,100000
1D-students-2df-256p,256,256,0.4396987722887784,11,2.4000290101054523e-09,,seconds,0.0,0.0024301502853631,megabytes,0.0,0.0,0.0,0.0,0.0,0.0,0.0,0.0,success,sinkhorn,1.0,100000
1D-students-2df-256p,256,256,0.3137863513018321,11,4.2386335619870437e-10,,seconds,0.0,0.0024729818105697,megabytes,0.0,0.0,0.0,0.0,0.0,0.0,0.0,0.0,success,sinkhorn,1.0,100000
1D-students-2df-256p,256,256,0.5129012414759235,11,2.3432911101706946e-10,,seconds,0.0,0.0026927944272756,megabytes,0.0,0.0,0.0,0.0,0.0,0.0,0.0,0.0,success,sinkhorn,1.0,100000
1D-students-2df-256p,256,256,0.5656027612774804,11,9.977179361128048e-11,,seconds,0.0,0.0026846937835216,megabytes,0.0,0.0,0.0,0.0,0.0,0.0,0.0,0.0,success,sinkhorn,1.0,100000
1D-students-2df-256p,256,256,0.330342510402521,11,2.2070364598524606e-09,,seconds,0.0,0.0024707596749067,megabytes,0.0,0.0,0.0,0.0,0.0,0.0,0.0,0.0,success,sinkhorn,1.0,100000
1D-students-2df-256p,256,256,0.312673905110446,11,1.748778215787552e-09,,seconds,0.0,0.0024246852844953,megabytes,0.0,0.0,0.0,0.0,0.0,0.0,0.0,0.0,success,sinkhorn,1.0,100000
1D-students-2df-256p,256,256,0.3052110907011414,11,2.2286474824220884e-11,,seconds,0.0,0.0023667681962251,megabytes,0.0,0.0,0.0,0.0,0.0,0.0,0.0,0.0,success,sinkhorn,1.0,100000
1D-students-2df-256p,256,256,0.6062055284680443,11,8.507255559070928e-12,,seconds,0.0,0.0025364607572555,megabytes,0.0,0.0,0.0,0.0,0.0,0.0,0.0,0.0,success,sinkhorn,1.0,100000
1D-students-2df-256p,256,256,0.3175141650755786,11,6.557932108912554e-10,,seconds,0.0,0.0027066078037023,megabytes,0.0,0.0,0.0,0.0,0.0,0.0,0.0,0.0,success,sinkhorn,1.0,100000
1D-students-2df-256p,256,256,0.4815713624337497,11,4.4141657247163344e-10,,seconds,0.0,0.0024375598877668,megabytes,0.0,0.0,0.0,0.0,0.0,0.0,0.0,0.0,success,sinkhorn,1.0,100000
1D-students-2df-256p,256,256,0.3449301340264309,11,2.3262148148138563e-09,,seconds,0.0,0.0024411156773567,megabytes,0.0,0.0,0.0,0.0,0.0,0.0,0.0,0.0,success,sinkhorn,1.0,100000
1D-students-2df-256p,256,256,0.3186622685015075,11,5.825308458645494e-11,,seconds,0.0,0.0025288090109825,megabytes,0.0,0.0,0.0,0.0,0.0,0.0,0.0,0.0,success,sinkhorn,1.0,100000
1D-students-2df-256p,256,256,0.3214355364026492,11,5.632741137539035e-10,,seconds,0.0,0.0024367608129978,megabytes,0.0,0.0,0.0,0.0,0.0,0.0,0.0,0.0,success,sinkhorn,1.0,100000
1D-students-2df-256p,256,256,0.4459847884975249,11,3.1011046000393424e-10,,seconds,0.0,0.0024813972413539,megabytes,0.0,0.0,0.0,0.0,0.0,0.0,0.0,0.0,success,sinkhorn,1.0,100000
1D-students-2df-256p,256,256,0.3512422198069564,11,1.330411968942183e-09,,seconds,0.0,0.0025172960013151,megabytes,0.0,0.0,0.0,0.0,0.0,0.0,0.0,0.0,success,sinkhorn,1.0,100000
1D-students-2df-256p,256,256,0.3160355831604697,11,1.4248767998286226e-10,,seconds,0.0,0.0023752972483634,megabytes,0.0,0.0,0.0,0.0,0.0,0.0,0.0,0.0,success,sinkhorn,1.0,100000
1D-students-2df-256p,256,256,0.2938535050395384,11,4.7015658912609166e-12,,seconds,0.0,0.0025488622486591,megabytes,0.0,0.0,0.0,0.0,0.0,0.0,0.0,0.0,success,sinkhorn,1.0,100000
1D-students-2df-256p,256,256,0.3699711889687268,11,1.0757499570036432e-09,,seconds,0.0,0.0024478640407323,megabytes,0.0,0.0,0.0,0.0,0.0,0.0,0.0,0.0,success,sinkhorn,1.0,100000
1D-students-2df-256p,256,256,0.3271152709188685,11,2.638696201504143e-09,,seconds,0.0,0.0025579221546649,megabytes,0.0,0.0,0.0,0.0,0.0,0.0,0.0,0.0,success,sinkhorn,1.0,100000
1D-students-2df-256p,256,256,0.3097645588706919,11,1.039013462449625e-09,,seconds,0.0,0.0025062225759029,megabytes,0.0,0.0,0.0,0.0,0.0,0.0,0.0,0.0,success,sinkhorn,1.0,100000
1D-students-2df-256p,256,256,0.3125769220635662,11,7.109352887929315e-10,,seconds,0.0,0.0025509782135486,megabytes,0.0,0.0,0.0,0.0,0.0,0.0,0.0,0.0,success,sinkhorn,1.0,100000
1D-students-2df-256p,256,256,0.500691386508239,11,6.196974697588292e-17,,seconds,0.0,0.0023963563144207,megabytes,0.0,0.0,0.0,0.0,0.0,0.0,0.0,0.0,success,sinkhorn,1.0,100000
1D-students-2df-256p,256,256,0.321711108620464,11,1.4971730142918962e-09,,seconds,0.0,0.0025293324142694,megabytes,0.0,0.0,0.0,0.0,0.0,0.0,0.0,0.0,success,sinkhorn,1.0,100000
1D-students-2df-256p,256,256,0.3777890873638451,11,2.3624342405377224e-09,,seconds,0.0,0.0024651195853948,megabytes,0.0,0.0,0.0,0.0,0.0,0.0,0.0,0.0,success,sinkhorn,1.0,100000
1D-students-2df-256p,256,256,0.3434569611994166,11,3.197758360716614e-12,,seconds,0.0,0.0025864280760288,megabytes,0.0,0.0,0.0,0.0,0.0,0.0,0.0,0.0,success,sinkhorn,1.0,100000
1D-students-2df-256p,256,256,0.3420186659123237,11,3.2339293376663085e-10,,seconds,0.0,0.0023549422621726,megabytes,0.0,0.0,0.0,0.0,0.0,0.0,0.0,0.0,success,sinkhorn,1.0,100000
1D-students-2df-512p,512,512,0.3097658178158096,11,7.347380111375544e-10,,seconds,0.6674225330352783,0.5396325066685677,megabytes,88268.0,88268.0,0.0,0.0,0.04970496,0.04970496,0.715625,0.3942708333333333,success,sinkhorn,1.0,100000
1D-students-2df-512p,512,512,0.3125783276422174,11,5.027426828663672e-10,,seconds,0.0,0.0028973314911127,megabytes,0.0,0.0,0.0,0.0,0.0,0.0,0.0,0.0,success,sinkhorn,1.0,100000
1D-students-2df-512p,512,512,0.3777909672644317,11,1.6706552987204896e-09,,seconds,0.0,0.0027244612574577,megabytes,0.0,0.0,0.0,0.0,0.0,0.0,0.0,0.0,success,sinkhorn,1.0,100000
1D-students-2df-512p,512,512,0.3126756048817581,11,1.236684516157886e-09,,seconds,0.0,0.0028275065124034,megabytes,0.0,0.0,0.0,0.0,0.0,0.0,0.0,0.0,success,sinkhorn,1.0,100000
1D-students-2df-512p,512,512,0.6062065984297716,11,6.016605267187936e-12,,seconds,0.0,0.002708064392209,megabytes,0.0,0.0,0.0,0.0,0.0,0.0,0.0,0.0,success,sinkhorn,1.0,100000
1D-students-2df-512p,512,512,0.3175158395854202,11,4.6376190278358957e-10,,seconds,0.0,0.0026689525693655,megabytes,0.0,0.0,0.0,0.0,0.0,0.0,0.0,0.0,success,sinkhorn,1.0,100000
1D-students-2df-512p,512,512,0.3186632253621856,11,4.1194004970463455e-11,,seconds,0.0,0.0026522818952798,megabytes,0.0,0.0,0.0,0.0,0.0,0.0,0.0,0.0,success,sinkhorn,1.0,100000
1D-students-2df-512p,512,512,0.342019597786391,11,2.2868542069797956e-10,,seconds,0.0,0.0026184953749179,megabytes,0.0,0.0,0.0,0.0,0.0,0.0,0.0,0.0,success,sinkhorn,1.0,100000
1D-students-2df-512p,512,512,0.3449317125632756,11,1.6450133447520501e-09,,seconds,0.0,0.002641923725605,megabytes,0.0,0.0,0.0,0.0,0.0,0.0,0.0,0.0,success,sinkhorn,1.0,100000
1D-students-2df-512p,512,512,0.3303442872273132,11,1.5607616199033326e-09,,seconds,0.0,0.0025552492588758,megabytes,0.0,0.0,0.0,0.0,0.0,0.0,0.0,0.0,success,sinkhorn,1.0,100000
1D-students-2df-512p,512,512,0.3137880149043958,11,2.9974286363232167e-10,,seconds,0.0,0.0026458837091922,megabytes,0.0,0.0,0.0,0.0,0.0,0.0,0.0,0.0,success,sinkhorn,1.0,100000
1D-students-2df-512p,512,512,0.5129036298031961,11,1.6572008618014188e-10,,seconds,0.0,0.0024675987660884,megabytes,0.0,0.0,0.0,0.0,0.0,0.0,0.0,0.0,success,sinkhorn,1.0,100000
1D-students-2df-512p,512,512,0.2938552594392068,11,3.324735519122852e-12,,seconds,0.0,0.0027112122625112,megabytes,0.0,0.0,0.0,0.0,0.0,0.0,0.0,0.0,success,sinkhorn,1.0,100000
1D-students-2df-512p,512,512,0.4815736657644458,11,3.121692201982824e-10,,seconds,0.0,0.0026040524244308,megabytes,0.0,0.0,0.0,0.0,0.0,0.0,0.0,0.0,success,sinkhorn,1.0,100000
1D-students-2df-512p,512,512,0.3126376057144602,11,8.090366669356788e-10,,seconds,0.0,0.0027605220675468,megabytes,0.0,0.0,0.0,0.0,0.0,0.0,0.0,0.0,success,sinkhorn,1.0,100000
1D-students-2df-512p,512,512,0.3699732343388765,11,7.607459213987854e-10,,seconds,0.0,0.0026100631803274,megabytes,0.0,0.0,0.0,0.0,0.0,0.0,0.0,0.0,success,sinkhorn,1.0,100000
1D-students-2df-512p,512,512,0.3258240805819067,11,5.147598392206262e-10,,seconds,0.0,0.0025263205170631,megabytes,0.0,0.0,0.0,0.0,0.0,0.0,0.0,0.0,success,sinkhorn,1.0,100000
1D-students-2df-512p,512,512,0.3052124048965552,11,1.5760745663320256e-11,,seconds,0.0,0.0026093777269124,megabytes,0.0,0.0,0.0,0.0,0.0,0.0,0.0,0.0,success,sinkhorn,1.0,100000
1D-students-2df-512p,512,512,0.4397013801469288,11,1.6972736942176963e-09,,seconds,0.0,0.0025886241346597,megabytes,0.0,0.0,0.0,0.0,0.0,0.0,0.0,0.0,success,sinkhorn,1.0,100000
1D-students-2df-512p,512,512,0.3448531421285142,11,1.41813814788344e-09,,seconds,0.0,0.002504738047719,megabytes,0.0,0.0,0.0,0.0,0.0,0.0,0.0,0.0,success,sinkhorn,1.0,100000
1D-students-2df-512p,512,512,0.3214371704351014,11,3.9833283447868836e-10,,seconds,0.0,0.0028079096227884,megabytes,0.0,0.0,0.0,0.0,0.0,0.0,0.0,0.0,success,sinkhorn,1.0,100000
1D-students-2df-512p,512,512,0.4459869360739817,11,2.193017834724984e-10,,seconds,0.0,0.0026947613805532,megabytes,0.0,0.0,0.0,0.0,0.0,0.0,0.0,0.0,success,sinkhorn,1.0,100000
1D-students-2df-512p,512,512,0.3434590233370996,11,2.261320346208093e-12,,seconds,0.0,0.0027296300977468,megabytes,0.0,0.0,0.0,0.0,0.0,0.0,0.0,0.0,success,sinkhorn,1.0,100000
1D-students-2df-512p,512,512,0.3512437515804165,11,9.40820221103166e-10,,seconds,0.0,0.0025606099516153,megabytes,0.0,0.0,0.0,0.0,0.0,0.0,0.0,0.0,success,sinkhorn,1.0,100000
1D-students-2df-512p,512,512,0.3135780274183923,11,8.689310121985986e-10,,seconds,0.0,0.0025277193635702,megabytes,0.0,0.0,0.0,0.0,0.0,0.0,0.0,0.0,success,sinkhorn,1.0,100000
1D-students-2df-512p,512,512,0.3160372355081565,11,1.0075682718456685e-10,,seconds,0.0,0.0025425590574741,megabytes,0.0,0.0,0.0,0.0,0.0,0.0,0.0,0.0,success,sinkhorn,1.0,100000
1D-students-2df-512p,512,512,0.5006927025935373,11,4.368987468315645e-17,,seconds,0.0,0.0025614164769649,megabytes,0.0,0.0,0.0,0.0,0.0,0.0,0.0,0.0,success,sinkhorn,1.0,100000
1D-students-2df-512p,512,512,0.565605121857538,11,7.055953334226924e-11,,seconds,0.0,0.0026099551469087,megabytes,0.0,0.0,0.0,0.0,0.0,0.0,0.0,0.0,success,sinkhorn,1.0,100000
1D-students-2df-512p,512,512,0.3271169090123579,11,1.8659986380788678e-09,,seconds,0.0,0.0026378408074378,megabytes,0.0,0.0,0.0,0.0,0.0,0.0,0.0,0.0,success,sinkhorn,1.0,100000
1D-students-2df-512p,512,512,0.3217126122670924,11,1.0587389175856446e-09,,seconds,0.0,0.0025314409285783,megabytes,0.0,0.0,0.0,0.0,0.0,0.0,0.0,0.0,success,sinkhorn,1.0,100000
1D-students-2df-1024p,1024,1024,0.3137884307994532,11,2.1195484219574776e-10,,seconds,0.7088229656219482,0.6863667834550142,megabytes,88270.0,88270.0,0.0,0.0,0.058904576,0.058904576,0.771875,0.46953125,success,sinkhorn,1.0,100000
1D-students-2df-1024p,1024,1024,0.3160376485900593,11,7.124633451544985e-11,,seconds,0.0,0.0025856643915176,megabytes,0.0,0.0,0.0,0.0,0.0,0.0,0.0,0.0,success,sinkhorn,1.0,100000
1D-students-2df-1024p,1024,1024,0.5656057120025175,11,4.989493632934896e-11,,seconds,0.0,0.0026059299707412,megabytes,0.0,0.0,0.0,0.0,0.0,0.0,0.0,0.0,success,sinkhorn,1.0,100000
1D-students-2df-1024p,1024,1024,0.3303447314289341,11,1.103651850026761e-09,,seconds,0.0,0.0028473958373069,megabytes,0.0,0.0,0.0,0.0,0.0,0.0,0.0,0.0,success,sinkhorn,1.0,100000
1D-students-2df-1024p,1024,1024,0.4459874729659168,11,1.5507341485746122e-10,,seconds,0.0,0.0024901945143938,megabytes,0.0,0.0,0.0,0.0,0.0,0.0,0.0,0.0,success,sinkhorn,1.0,100000
1D-students-2df-1024p,1024,1024,0.3175162582077941,11,3.279373324105101e-10,,seconds,0.0,0.0026090331375598,megabytes,0.0,0.0,0.0,0.0,0.0,0.0,0.0,0.0,success,sinkhorn,1.0,100000
1D-students-2df-1024p,1024,1024,0.3699737456767602,11,5.379420031320244e-10,,seconds,0.0,0.0025923941284418,megabytes,0.0,0.0,0.0,0.0,0.0,0.0,0.0,0.0,success,sinkhorn,1.0,100000
1D-students-2df-1024p,1024,1024,0.606206865957448,11,4.254570549036513e-12,,seconds,0.0,0.0027518309652805,megabytes,0.0,0.0,0.0,0.0,0.0,0.0,0.0,0.0,success,sinkhorn,1.0,100000
1D-students-2df-1024p,1024,1024,0.321437578938357,11,2.8167054738518767e-10,,seconds,0.0,0.0026232600212097,megabytes,0.0,0.0,0.0,0.0,0.0,0.0,0.0,0.0,success,sinkhorn,1.0,100000
1D-students-2df-1024p,1024,1024,0.3271173185318685,11,1.3194883395717843e-09,,seconds,0.0,0.0025352071970701,megabytes,0.0,0.0,0.0,0.0,0.0,0.0,0.0,0.0,success,sinkhorn,1.0,100000
1D-students-2df-1024p,1024,1024,0.3258244040533776,11,3.6399597804606556e-10,,seconds,0.0,0.0025631971657276,megabytes,0.0,0.0,0.0,0.0,0.0,0.0,0.0,0.0,success,sinkhorn,1.0,100000
1D-students-2df-1024p,1024,1024,0.3217129881763079,11,7.486552087710875e-10,,seconds,0.2164578437805175,0.0025625079870224,megabytes,88270.0,88270.0,0.0,0.0,0.033583104,0.033583104,0.0,0.0,success,sinkhorn,1.0,100000
1D-students-2df-1024p,1024,1024,0.3420198307546391,11,1.617071484798625e-10,,seconds,0.0,0.0026359055191278,megabytes,0.0,0.0,0.0,0.0,0.0,0.0,0.0,0.0,success,sinkhorn,1.0,100000
1D-students-2df-1024p,1024,1024,0.3126379831707756,11,5.720861894594321e-10,,seconds,0.0,0.0024668984115123,megabytes,0.0,0.0,0.0,0.0,0.0,0.0,0.0,0.0,success,sinkhorn,1.0,100000
1D-students-2df-1024p,1024,1024,0.3434595388706687,11,1.5990230783730377e-12,,seconds,0.0,0.0026349034160375,megabytes,0.0,0.0,0.0,0.0,0.0,0.0,0.0,0.0,success,sinkhorn,1.0,100000
1D-students-2df-1024p,1024,1024,0.3125786790336345,11,3.5549903927619223e-10,,seconds,0.0,0.0026806984096765,megabytes,0.0,0.0,0.0,0.0,0.0,0.0,0.0,0.0,success,sinkhorn,1.0,100000
1D-students-2df-1024p,1024,1024,0.4815742415974349,11,2.207441390737416e-10,,seconds,0.0,0.0024788118898868,megabytes,0.0,0.0,0.0,0.0,0.0,0.0,0.0,0.0,success,sinkhorn,1.0,100000
1D-students-2df-1024p,1024,1024,0.5006930316136462,11,3.1450930241160976e-17,,seconds,0.0,0.002523235976696,megabytes,0.0,0.0,0.0,0.0,0.0,0.0,0.0,0.0,success,sinkhorn,1.0,100000
1D-students-2df-1024p,1024,1024,0.2938556980384416,11,2.3509831777910944e-12,,seconds,0.0,0.0028943438082933,megabytes,0.0,0.0,0.0,0.0,0.0,0.0,0.0,0.0,success,sinkhorn,1.0,100000
1D-students-2df-1024p,1024,1024,0.3097661325487808,11,5.19546105652919e-10,,seconds,0.0,0.0025530476123094,megabytes,0.0,0.0,0.0,0.0,0.0,0.0,0.0,0.0,success,sinkhorn,1.0,100000
1D-students-2df-1024p,1024,1024,0.43970203210812,11,1.2001885479145816e-09,,seconds,0.0,0.0026036202907562,megabytes,0.0,0.0,0.0,0.0,0.0,0.0,0.0,0.0,success,sinkhorn,1.0,100000
1D-students-2df-1024p,1024,1024,0.5129042268875708,11,1.1718610865903443e-10,,seconds,0.0,0.0026108492165803,megabytes,0.0,0.0,0.0,0.0,0.0,0.0,0.0,0.0,success,sinkhorn,1.0,100000
1D-students-2df-1024p,1024,1024,0.3052127334432983,11,1.1144853401078497e-11,,seconds,0.0,0.0025248248130083,megabytes,0.0,0.0,0.0,0.0,0.0,0.0,0.0,0.0,success,sinkhorn,1.0,100000
1D-students-2df-1024p,1024,1024,0.3448535609683918,11,1.00279679394969e-09,,seconds,0.0,0.0028968080878257,megabytes,0.0,0.0,0.0,0.0,0.0,0.0,0.0,0.0,success,sinkhorn,1.0,100000
1D-students-2df-1024p,1024,1024,0.3135784126331313,11,6.144395750585298e-10,,seconds,0.0,0.0027175787836313,megabytes,0.0,0.0,0.0,0.0,0.0,0.0,0.0,0.0,success,sinkhorn,1.0,100000
1D-students-2df-1024p,1024,1024,0.3126760298191079,11,8.744877324976819e-10,,seconds,0.0,0.0025595631450414,megabytes,0.0,0.0,0.0,0.0,0.0,0.0,0.0,0.0,success,sinkhorn,1.0,100000
1D-students-2df-1024p,1024,1024,0.3512441345224514,11,6.652739526201214e-10,,seconds,0.0,0.0024733319878578,megabytes,0.0,0.0,0.0,0.0,0.0,0.0,0.0,0.0,success,sinkhorn,1.0,100000
1D-students-2df-1024p,1024,1024,0.377791437237864,11,1.1813603353638167e-09,,seconds,0.0,0.0025571901351213,megabytes,0.0,0.0,0.0,0.0,0.0,0.0,0.0,0.0,success,sinkhorn,1.0,100000
1D-students-2df-1024p,1024,1024,0.3186634645785376,11,2.9129065531001786e-11,,seconds,0.0,0.0025136824697256,megabytes,0.0,0.0,0.0,0.0,0.0,0.0,0.0,0.0,success,sinkhorn,1.0,100000
1D-students-2df-1024p,1024,1024,0.34493210719374,11,1.163223263300827e-09,,seconds,0.0,0.0025469064712524,megabytes,0.0,0.0,0.0,0.0,0.0,0.0,0.0,0.0,success,sinkhorn,1.0,100000
1D-students-2df-2048p,2048,2048,0.3699738735109401,11,3.803848102320139e-10,,seconds,0.8808951377868652,0.7465564012527466,megabytes,88270.0,88270.0,1.0,0.25,0.10504192,0.134950912,0.7078125,0.3861328125,success,sinkhorn,1.0,100000
1D-students-2df-2048p,2048,2048,0.3126380775345759,11,4.0452794668934703e-10,,seconds,0.0,0.002914497628808,megabytes,0.0,0.0,0.0,0.0,0.0,0.0,0.0,0.0,success,sinkhorn,1.0,100000
1D-students-2df-2048p,2048,2048,0.2938558076882077,11,1.6624031994208757e-12,,seconds,0.0,0.0028628464788198,megabytes,0.0,0.0,0.0,0.0,0.0,0.0,0.0,0.0,success,sinkhorn,1.0,100000
1D-students-2df-2048p,2048,2048,0.3137885347728686,11,1.4987552471281628e-10,,seconds,0.0,0.002970790490508,megabytes,0.0,0.0,0.0,0.0,0.0,0.0,0.0,0.0,success,sinkhorn,1.0,100000
1D-students-2df-2048p,2048,2048,0.4459876071887643,11,1.0965410650807356e-10,,seconds,0.0,0.002853961661458,megabytes,0.0,0.0,0.0,0.0,0.0,0.0,0.0,0.0,success,sinkhorn,1.0,100000
1D-students-2df-2048p,2048,2048,0.3271174209115048,11,9.33024111263396e-10,,seconds,0.0,0.0028570424765348,megabytes,0.0,0.0,0.0,0.0,0.0,0.0,0.0,0.0,success,sinkhorn,1.0,100000
1D-students-2df-2048p,2048,2048,0.3160377518602213,11,5.037885395461528e-11,,seconds,0.0,0.0027592945843935,megabytes,0.0,0.0,0.0,0.0,0.0,0.0,0.0,0.0,success,sinkhorn,1.0,100000
1D-students-2df-2048p,2048,2048,0.5129043761588241,11,8.286385558257255e-11,,seconds,0.0,0.0028889812529087,megabytes,0.0,0.0,0.0,0.0,0.0,0.0,0.0,0.0,success,sinkhorn,1.0,100000
1D-students-2df-2048p,2048,2048,0.3303448424790534,11,7.804044323226648e-10,,seconds,0.0,0.0029580611735582,megabytes,0.0,0.0,0.0,0.0,0.0,0.0,0.0,0.0,success,sinkhorn,1.0,100000
1D-students-2df-2048p,2048,2048,0.3186635243826996,11,2.0597447506257643e-11,,seconds,0.0,0.0028588976711034,megabytes,0.0,0.0,0.0,0.0,0.0,0.0,0.0,0.0,success,sinkhorn,1.0,100000
1D-students-2df-2048p,2048,2048,0.3448536656781196,11,7.090882474797728e-10,,seconds,0.0,0.0033524744212627,megabytes,0.0,0.0,0.0,0.0,0.0,0.0,0.0,0.0,success,sinkhorn,1.0,100000
1D-students-2df-2048p,2048,2048,0.3126761360531029,11,6.183596914935793e-10,,seconds,0.0,0.0033639874309301,megabytes,0.0,0.0,0.0,0.0,0.0,0.0,0.0,0.0,success,sinkhorn,1.0,100000
1D-students-2df-2048p,2048,2048,0.3052128155798521,11,7.88065918697379e-12,,seconds,0.0,0.0030854754149913,megabytes,0.0,0.0,0.0,0.0,0.0,0.0,0.0,0.0,success,sinkhorn,1.0,100000
1D-students-2df-2048p,2048,2048,0.3135785089365102,11,4.3447661124340014e-10,,seconds,0.0,0.0037666745483875,megabytes,0.0,0.0,0.0,0.0,0.0,0.0,0.0,0.0,success,sinkhorn,1.0,100000
1D-students-2df-2048p,2048,2048,0.5656058595387601,11,3.528136768090752e-11,,seconds,0.0,0.0033828224986791,megabytes,0.0,0.0,0.0,0.0,0.0,0.0,0.0,0.0,success,sinkhorn,1.0,100000
1D-students-2df-2048p,2048,2048,0.5006931138685974,11,2.234866508090159e-17,,seconds,0.0,0.0034397561103105,megabytes,0.0,0.0,0.0,0.0,0.0,0.0,0.0,0.0,success,sinkhorn,1.0,100000
1D-students-2df-2048p,2048,2048,0.351244230257877,11,4.704221265803257e-10,,seconds,0.0,0.0034725256264209,megabytes,0.0,0.0,0.0,0.0,0.0,0.0,0.0,0.0,success,sinkhorn,1.0,100000
1D-students-2df-2048p,2048,2048,0.312578766881286,11,2.513768913262002e-10,,seconds,0.0,0.0035599097609519,megabytes,0.0,0.0,0.0,0.0,0.0,0.0,0.0,0.0,success,sinkhorn,1.0,100000
1D-students-2df-2048p,2048,2048,0.321713082153459,11,5.293816042543274e-10,,seconds,0.0,0.00345298089087,megabytes,0.0,0.0,0.0,0.0,0.0,0.0,0.0,0.0,success,sinkhorn,1.0,100000
1D-students-2df-2048p,2048,2048,0.3175163628630698,11,2.3188815146935315e-10,,seconds,0.0,0.0040571652352809,megabytes,0.0,0.0,0.0,0.0,0.0,0.0,0.0,0.0,success,sinkhorn,1.0,100000
1D-students-2df-2048p,2048,2048,0.6062069328416944,11,3.008469610844527e-12,,seconds,0.0,0.0034639611840248,megabytes,0.0,0.0,0.0,0.0,0.0,0.0,0.0,0.0,success,sinkhorn,1.0,100000
1D-students-2df-2048p,2048,2048,0.3258244849210973,11,2.5738504963049475e-10,,seconds,0.0,0.0035094767808914,megabytes,0.0,0.0,0.0,0.0,0.0,0.0,0.0,0.0,success,sinkhorn,1.0,100000
1D-students-2df-2048p,2048,2048,0.3420198889966843,11,1.1434459895414132e-10,,seconds,0.0,0.0034386254847049,megabytes,0.0,0.0,0.0,0.0,0.0,0.0,0.0,0.0,success,sinkhorn,1.0,100000
1D-students-2df-2048p,2048,2048,0.3214376810638674,11,1.9917233849388102e-10,,seconds,0.0,0.0034084375947713,megabytes,0.0,0.0,0.0,0.0,0.0,0.0,0.0,0.0,success,sinkhorn,1.0,100000
1D-students-2df-2048p,2048,2048,0.3097662112318168,11,3.6737596646797726e-10,,seconds,0.0,0.0033616125583648,megabytes,0.0,0.0,0.0,0.0,0.0,0.0,0.0,0.0,success,sinkhorn,1.0,100000
1D-students-2df-2048p,2048,2048,0.4397021950982086,11,8.486676146099818e-10,,seconds,0.0,0.0031524747610092,megabytes,0.0,0.0,0.0,0.0,0.0,0.0,0.0,0.0,success,sinkhorn,1.0,100000
1D-students-2df-2048p,2048,2048,0.3434596677540078,11,1.1306853809847025e-12,,seconds,0.0,0.003248494118452,megabytes,0.0,0.0,0.0,0.0,0.0,0.0,0.0,0.0,success,sinkhorn,1.0,100000
1D-students-2df-2048p,2048,2048,0.481574385555702,11,1.5609094287279752e-10,,seconds,0.0,0.0031551178544759,megabytes,0.0,0.0,0.0,0.0,0.0,0.0,0.0,0.0,success,sinkhorn,1.0,100000
1D-students-2df-2048p,2048,2048,0.3777915547311149,11,8.35352967791115e-10,,seconds,0.0,0.0032522212713956,megabytes,0.0,0.0,0.0,0.0,0.0,0.0,0.0,0.0,success,sinkhorn,1.0,100000
1D-students-2df-2048p,2048,2048,0.344932205851122,11,8.225271538095303e-10,,seconds,0.0,0.0033075679093599,megabytes,0.0,0.0,0.0,0.0,0.0,0.0,0.0,0.0,success,sinkhorn,1.0,100000
1D-students-4df-32p,32,32,0.6496777481093334,11,1.8012383563336157e-12,,seconds,0.0,0.0026944652199745,megabytes,0.0,0.0,0.0,0.0,0.0,0.0,0.0,0.0,success,sinkhorn,1.0,100000
1D-students-4df-32p,32,32,0.3451347088315728,11,9.47213639612825e-10,,seconds,0.0,0.0025513060390949,megabytes,0.0,0.0,0.0,0.0,0.0,0.0,0.0,0.0,success,sinkhorn,1.0,100000
1D-students-4df-32p,32,32,0.3212792188854174,11,1.7828320860159503e-09,,seconds,0.0,0.0023494269698858,megabytes,0.0,0.0,0.0,0.0,0.0,0.0,0.0,0.0,success,sinkhorn,1.0,100000
1D-students-4df-32p,32,32,0.3546483985514038,11,3.461247010099722e-09,,seconds,0.0,0.0024864692240953,megabytes,0.0,0.0,0.0,0.0,0.0,0.0,0.0,0.0,success,sinkhorn,1.0,100000
1D-students-4df-32p,32,32,0.3462008135423638,11,2.7917792778231897e-12,,seconds,0.0,0.0023507233709096,megabytes,0.0,0.0,0.0,0.0,0.0,0.0,0.0,0.0,success,sinkhorn,1.0,100000
1D-students-4df-32p,32,32,0.4461402990633494,11,7.581135765906978e-10,,seconds,0.0,0.002488225698471,megabytes,0.0,0.0,0.0,0.0,0.0,0.0,0.0,0.0,success,sinkhorn,1.0,100000
1D-students-4df-32p,32,32,0.5780254043578451,11,1.3138924541596974e-10,,seconds,0.0,0.002394488081336,megabytes,0.0,0.0,0.0,0.0,0.0,0.0,0.0,0.0,success,sinkhorn,1.0,100000
1D-students-4df-32p,32,32,0.2937151818125613,11,4.781909323603874e-12,,seconds,0.0,0.0023920740932226,megabytes,0.0,0.0,0.0,0.0,0.0,0.0,0.0,0.0,success,sinkhorn,1.0,100000
1D-students-4df-32p,32,32,0.3429688472279903,11,7.088862457874988e-09,,seconds,0.0,0.0024858992546796,megabytes,0.0,0.0,0.0,0.0,0.0,0.0,0.0,0.0,success,sinkhorn,1.0,100000
1D-students-4df-32p,32,32,0.3758828836305767,11,6.302798538616657e-09,,seconds,0.0,0.0024733506143093,megabytes,0.0,0.0,0.0,0.0,0.0,0.0,0.0,0.0,success,sinkhorn,1.0,100000
1D-students-4df-32p,32,32,0.3286276351027596,11,6.33171087411569e-09,,seconds,0.0,0.0025238953530788,megabytes,0.0,0.0,0.0,0.0,0.0,0.0,0.0,0.0,success,sinkhorn,1.0,100000
1D-students-4df-32p,32,32,0.3148622100272493,11,7.430009951752459e-10,,seconds,0.0,0.0025305524468421,megabytes,0.0,0.0,0.0,0.0,0.0,0.0,0.0,0.0,success,sinkhorn,1.0,100000
1D-students-4df-32p,32,32,0.3051544556303949,11,2.305133176325018e-11,,seconds,0.0,0.0025691799819469,megabytes,0.0,0.0,0.0,0.0,0.0,0.0,0.0,0.0,success,sinkhorn,1.0,100000
1D-students-4df-32p,32,32,0.4841957722946394,11,7.90729939376185e-10,,seconds,0.0,0.0027173087000846,megabytes,0.0,0.0,0.0,0.0,0.0,0.0,0.0,0.0,success,sinkhorn,1.0,100000
1D-students-4df-32p,32,32,0.3144178876418433,11,3.5657122681238692e-09,,seconds,0.0,0.0025129467248916,megabytes,0.0,0.0,0.0,0.0,0.0,0.0,0.0,0.0,success,sinkhorn,1.0,100000
1D-students-4df-32p,32,32,0.3235164252117662,11,4.46926445516691e-09,,seconds,0.0,0.002550521865487,megabytes,0.0,0.0,0.0,0.0,0.0,0.0,0.0,0.0,success,sinkhorn,1.0,100000
1D-students-4df-32p,32,32,0.3408292596200553,11,6.123561551277822e-09,,seconds,0.0,0.0025146752595901,megabytes,0.0,0.0,0.0,0.0,0.0,0.0,0.0,0.0,success,sinkhorn,1.0,100000
1D-students-4df-32p,32,32,0.324735064772399,11,2.428592420419305e-09,,seconds,0.0,0.0024889763444662,megabytes,0.0,0.0,0.0,0.0,0.0,0.0,0.0,0.0,success,sinkhorn,1.0,100000
1D-students-4df-32p,32,32,0.5245831236923426,11,2.9355043218925363e-10,,seconds,0.0,0.0025180839002132,megabytes,0.0,0.0,0.0,0.0,0.0,0.0,0.0,0.0,success,sinkhorn,1.0,100000
1D-students-4df-32p,32,32,0.313531166961422,11,3.5240807662118486e-09,,seconds,0.0,0.0029066950082778,megabytes,0.0,0.0,0.0,0.0,0.0,0.0,0.0,0.0,success,sinkhorn,1.0,100000
1D-students-4df-32p,32,32,0.3254018453530392,11,7.948510984099324e-09,,seconds,0.0,0.0024687051773071,megabytes,0.0,0.0,0.0,0.0,0.0,0.0,0.0,0.0,success,sinkhorn,1.0,100000
1D-students-4df-32p,32,32,0.3115425506144675,11,3.3246946443712533e-09,,seconds,0.0,0.0024612713605165,megabytes,0.0,0.0,0.0,0.0,0.0,0.0,0.0,0.0,success,sinkhorn,1.0,100000
1D-students-4df-32p,32,32,0.4287650160580337,11,6.7940238796541095e-09,,seconds,0.0,0.0025281962007284,megabytes,0.0,0.0,0.0,0.0,0.0,0.0,0.0,0.0,success,sinkhorn,1.0,100000
1D-students-4df-32p,32,32,0.5083768488980065,11,6.586966444390903e-17,,seconds,0.0,0.002452578395605,megabytes,0.0,0.0,0.0,0.0,0.0,0.0,0.0,0.0,success,sinkhorn,1.0,100000
1D-students-4df-32p,32,32,0.3696428978444938,11,2.873214514861064e-09,,seconds,0.0,0.002388035878539,megabytes,0.0,0.0,0.0,0.0,0.0,0.0,0.0,0.0,success,sinkhorn,1.0,100000
1D-students-4df-32p,32,32,0.3308048803637673,11,3.8478366750531097e-11,,seconds,0.0,0.0025156494230031,megabytes,0.0,0.0,0.0,0.0,0.0,0.0,0.0,0.0,success,sinkhorn,1.0,100000
1D-students-4df-32p,32,32,0.3163536200176161,11,3.2208331635938755e-10,,seconds,0.0,0.0027030892670154,megabytes,0.0,0.0,0.0,0.0,0.0,0.0,0.0,0.0,success,sinkhorn,1.0,100000
1D-students-4df-32p,32,32,0.3178139454554265,11,1.7546101578956191e-09,,seconds,0.0,0.0027445908635854,megabytes,0.0,0.0,0.0,0.0,0.0,0.0,0.0,0.0,success,sinkhorn,1.0,100000
1D-students-4df-32p,32,32,0.3128904050405057,11,2.172788274885942e-09,,seconds,0.0,0.0023758094757795,megabytes,0.0,0.0,0.0,0.0,0.0,0.0,0.0,0.0,success,sinkhorn,1.0,100000
1D-students-4df-32p,32,32,0.3133641401044325,11,4.509430887198712e-09,,seconds,0.0,0.0025026760995388,megabytes,0.0,0.0,0.0,0.0,0.0,0.0,0.0,0.0,success,sinkhorn,1.0,100000
1D-students-4df-64p,64,64,0.3149689443814381,11,5.282735151994655e-10,,seconds,0.0,0.0029051396995782,megabytes,0.0,0.0,0.0,0.0,0.0,0.0,0.0,0.0,success,sinkhorn,1.0,100000
1D-students-4df-64p,64,64,0.3308564546729997,11,2.7328177838034617e-11,,seconds,0.0,0.0024618972092866,megabytes,0.0,0.0,0.0,0.0,0.0,0.0,0.0,0.0,success,sinkhorn,1.0,100000
1D-students-4df-64p,64,64,0.4843575853179486,11,5.639628651607906e-10,,seconds,0.0,0.0024206861853599,megabytes,0.0,0.0,0.0,0.0,0.0,0.0,0.0,0.0,success,sinkhorn,1.0,100000
1D-students-4df-64p,64,64,0.5084779019828708,11,3.221647064320788e-17,,seconds,0.0,0.0023771524429321,megabytes,0.0,0.0,0.0,0.0,0.0,0.0,0.0,0.0,success,sinkhorn,1.0,100000
1D-students-4df-64p,64,64,0.3451963366219902,11,6.71947489855728e-10,,seconds,0.0,0.0024085659533739,megabytes,0.0,0.0,0.0,0.0,0.0,0.0,0.0,0.0,success,sinkhorn,1.0,100000
1D-students-4df-64p,64,64,0.2938266082186613,11,3.395278781524569e-12,,seconds,0.0,0.0024631358683109,megabytes,0.0,0.0,0.0,0.0,0.0,0.0,0.0,0.0,success,sinkhorn,1.0,100000
1D-students-4df-64p,64,64,0.3287428698473976,11,4.505371906654447e-09,,seconds,0.0,0.0027303956449031,megabytes,0.0,0.0,0.0,0.0,0.0,0.0,0.0,0.0,success,sinkhorn,1.0,100000
1D-students-4df-64p,64,64,0.3697753765986515,11,2.04461509348623e-09,,seconds,0.0,0.0024211574345827,megabytes,0.0,0.0,0.0,0.0,0.0,0.0,0.0,0.0,success,sinkhorn,1.0,100000
1D-students-4df-64p,64,64,0.4289350081142162,11,4.839049712159063e-09,,seconds,0.0,0.0025502741336822,megabytes,0.0,0.0,0.0,0.0,0.0,0.0,0.0,0.0,success,sinkhorn,1.0,100000
1D-students-4df-64p,64,64,0.3430736459624477,11,5.0384358482027575e-09,,seconds,0.0,0.0024026334285736,megabytes,0.0,0.0,0.0,0.0,0.0,0.0,0.0,0.0,success,sinkhorn,1.0,100000
1D-students-4df-64p,64,64,0.3129811334250416,11,1.5433808779458331e-09,,seconds,0.0,0.0023560114204883,megabytes,0.0,0.0,0.0,0.0,0.0,0.0,0.0,0.0,success,sinkhorn,1.0,100000
1D-students-4df-64p,64,64,0.4462780057474342,11,5.391371071552813e-10,,seconds,0.0,0.0024686176329851,megabytes,0.0,0.0,0.0,0.0,0.0,0.0,0.0,0.0,success,sinkhorn,1.0,100000
1D-students-4df-64p,64,64,0.3547508691566092,11,2.460319500480963e-09,,seconds,0.0,0.0024245958775281,megabytes,0.0,0.0,0.0,0.0,0.0,0.0,0.0,0.0,success,sinkhorn,1.0,100000
1D-students-4df-64p,64,64,0.3179230485119613,11,1.2488315282044071e-09,,seconds,0.0,0.0025809910148382,megabytes,0.0,0.0,0.0,0.0,0.0,0.0,0.0,0.0,success,sinkhorn,1.0,100000
1D-students-4df-64p,64,64,0.3136294716901781,11,2.504552050501744e-09,,seconds,0.0,0.0024425685405731,megabytes,0.0,0.0,0.0,0.0,0.0,0.0,0.0,0.0,success,sinkhorn,1.0,100000
1D-students-4df-64p,64,64,0.5781999284024925,11,9.383514739050623e-11,,seconds,0.0,0.0024038851261138,megabytes,0.0,0.0,0.0,0.0,0.0,0.0,0.0,0.0,success,sinkhorn,1.0,100000
1D-students-4df-64p,64,64,0.3213841354434192,11,1.2682388833223564e-09,,seconds,0.0,0.0024930015206336,megabytes,0.0,0.0,0.0,0.0,0.0,0.0,0.0,0.0,success,sinkhorn,1.0,100000
1D-students-4df-64p,64,64,0.5247558900199321,11,2.096696523119196e-10,,seconds,0.0,0.0024464502930641,megabytes,0.0,0.0,0.0,0.0,0.0,0.0,0.0,0.0,success,sinkhorn,1.0,100000
1D-students-4df-64p,64,64,0.3134726624349227,11,3.2072327231038716e-09,,seconds,0.0,0.0024626925587654,megabytes,0.0,0.0,0.0,0.0,0.0,0.0,0.0,0.0,success,sinkhorn,1.0,100000
1D-students-4df-64p,64,64,0.3760080935593749,11,4.484422563766857e-09,,seconds,0.0,0.0025010574609041,megabytes,0.0,0.0,0.0,0.0,0.0,0.0,0.0,0.0,success,sinkhorn,1.0,100000
1D-students-4df-64p,64,64,0.3463425512777951,11,1.982461850693218e-12,,seconds,0.0,0.002837486565113,megabytes,0.0,0.0,0.0,0.0,0.0,0.0,0.0,0.0,success,sinkhorn,1.0,100000
1D-students-4df-64p,64,64,0.3236142919876633,11,3.175000022227772e-09,,seconds,0.0,0.0024516303092241,megabytes,0.0,0.0,0.0,0.0,0.0,0.0,0.0,0.0,success,sinkhorn,1.0,100000
1D-students-4df-64p,64,64,0.3052373895493704,11,1.6553719169976648e-11,,seconds,0.0,0.0025070570409297,megabytes,0.0,0.0,0.0,0.0,0.0,0.0,0.0,0.0,success,sinkhorn,1.0,100000
1D-students-4df-64p,64,64,0.3248196906398349,11,1.7241720671246575e-09,,seconds,0.0,0.0024785157293081,megabytes,0.0,0.0,0.0,0.0,0.0,0.0,0.0,0.0,success,sinkhorn,1.0,100000
1D-students-4df-64p,64,64,0.3164600832302623,11,2.2807691154124222e-10,,seconds,0.0,0.0023839678615331,megabytes,0.0,0.0,0.0,0.0,0.0,0.0,0.0,0.0,success,sinkhorn,1.0,100000
1D-students-4df-64p,64,64,0.311624719263339,11,2.360084259095598e-09,,seconds,0.0,0.0025398544967174,megabytes,0.0,0.0,0.0,0.0,0.0,0.0,0.0,0.0,success,sinkhorn,1.0,100000
1D-students-4df-64p,64,64,0.6497852783155263,11,1.2913829160876168e-12,,seconds,0.0,0.0026176236569881,megabytes,0.0,0.0,0.0,0.0,0.0,0.0,0.0,0.0,success,sinkhorn,1.0,100000
1D-students-4df-64p,64,64,0.3409391225468916,11,4.354295923845025e-09,,seconds,0.0,0.0025807581841945,megabytes,0.0,0.0,0.0,0.0,0.0,0.0,0.0,0.0,success,sinkhorn,1.0,100000
1D-students-4df-64p,64,64,0.3255081246656228,11,5.6516272834347225e-09,,seconds,0.0,0.0024901814758777,megabytes,0.0,0.0,0.0,0.0,0.0,0.0,0.0,0.0,success,sinkhorn,1.0,100000
1D-students-4df-64p,64,64,0.3145185532247176,11,2.535090097300541e-09,,seconds,0.0,0.0024717040359973,megabytes,0.0,0.0,0.0,0.0,0.0,0.0,0.0,0.0,success,sinkhorn,1.0,100000
1D-students-4df-128p,128,128,0.5085031536994413,11,2.2866040899003653e-17,,seconds,0.0,0.0029286053031682,megabytes,0.0,0.0,0.0,0.0,0.0,0.0,0.0,0.0,success,sinkhorn,1.0,100000
1D-students-4df-128p,128,128,0.3149956057895809,11,3.740586441469098e-10,,seconds,0.0,0.0024764314293861,megabytes,0.0,0.0,0.0,0.0,0.0,0.0,0.0,0.0,success,sinkhorn,1.0,100000
1D-students-4df-128p,128,128,0.5782435479864427,11,6.651641630840455e-11,,seconds,0.0,0.0024531856179237,megabytes,0.0,0.0,0.0,0.0,0.0,0.0,0.0,0.0,success,sinkhorn,1.0,100000
1D-students-4df-128p,128,128,0.3760393876328984,11,3.1758739315547563e-09,,seconds,0.0,0.0023765619844198,megabytes,0.0,0.0,0.0,0.0,0.0,0.0,0.0,0.0,success,sinkhorn,1.0,100000
1D-students-4df-128p,128,128,0.6498122591395072,11,9.16297912826929e-13,,seconds,0.0,0.0023139342665672,megabytes,0.0,0.0,0.0,0.0,0.0,0.0,0.0,0.0,success,sinkhorn,1.0,100000
1D-students-4df-128p,128,128,0.3547764813345668,11,1.7419868843979723e-09,,seconds,0.0,0.0024381522089242,megabytes,0.0,0.0,0.0,0.0,0.0,0.0,0.0,0.0,success,sinkhorn,1.0,100000
1D-students-4df-128p,128,128,0.3308693610524985,11,1.9345198823219978e-11,,seconds,0.0,0.0024978183209896,megabytes,0.0,0.0,0.0,0.0,0.0,0.0,0.0,0.0,success,sinkhorn,1.0,100000
1D-students-4df-128p,128,128,0.3452117420581519,11,4.755225216162487e-10,,seconds,0.0,0.0025508068501949,megabytes,0.0,0.0,0.0,0.0,0.0,0.0,0.0,0.0,success,sinkhorn,1.0,100000
1D-students-4df-128p,128,128,0.3248408361896755,11,1.220396414307641e-09,,seconds,0.0,0.0023335199803113,megabytes,0.0,0.0,0.0,0.0,0.0,0.0,0.0,0.0,success,sinkhorn,1.0,100000
1D-students-4df-128p,128,128,0.3116452466790094,11,1.6704568706120183e-09,,seconds,0.0,0.0027745719999074,megabytes,0.0,0.0,0.0,0.0,0.0,0.0,0.0,0.0,success,sinkhorn,1.0,100000
1D-students-4df-128p,128,128,0.3145436988325099,11,1.795017844558955e-09,,seconds,0.0,0.0024700686335563,megabytes,0.0,0.0,0.0,0.0,0.0,0.0,0.0,0.0,success,sinkhorn,1.0,100000
1D-students-4df-128p,128,128,0.3134997709765286,11,2.2711519615593992e-09,,seconds,0.0,0.002444252371788,megabytes,0.0,0.0,0.0,0.0,0.0,0.0,0.0,0.0,success,sinkhorn,1.0,100000
1D-students-4df-128p,128,128,0.524799080634044,11,1.4863162697883883e-10,,seconds,0.0,0.0024188067764043,megabytes,0.0,0.0,0.0,0.0,0.0,0.0,0.0,0.0,success,sinkhorn,1.0,100000
1D-students-4df-128p,128,128,0.369808478147015,11,1.448057416544713e-09,,seconds,0.0,0.0024698358029127,megabytes,0.0,0.0,0.0,0.0,0.0,0.0,0.0,0.0,success,sinkhorn,1.0,100000
1D-students-4df-128p,128,128,0.3409665711031174,11,3.0832586635056702e-09,,seconds,0.0,0.0024339295923709,megabytes,0.0,0.0,0.0,0.0,0.0,0.0,0.0,0.0,success,sinkhorn,1.0,100000
1D-students-4df-128p,128,128,0.2938544655099361,11,2.4033003677496717e-12,,seconds,0.0,0.0025538839399814,megabytes,0.0,0.0,0.0,0.0,0.0,0.0,0.0,0.0,success,sinkhorn,1.0,100000
1D-students-4df-128p,128,128,0.3164866781184509,11,1.6133249854945835e-10,,seconds,0.0,0.0024989116936922,megabytes,0.0,0.0,0.0,0.0,0.0,0.0,0.0,0.0,success,sinkhorn,1.0,100000
1D-students-4df-128p,128,128,0.323638748477264,11,2.247679546345218e-09,,seconds,0.0,0.0024508647620677,megabytes,0.0,0.0,0.0,0.0,0.0,0.0,0.0,0.0,success,sinkhorn,1.0,100000
1D-students-4df-128p,128,128,0.3430998288979711,11,3.5672957324829874e-09,,seconds,0.0,0.0023854691535234,megabytes,0.0,0.0,0.0,0.0,0.0,0.0,0.0,0.0,success,sinkhorn,1.0,100000
1D-students-4df-128p,128,128,0.3463779830800152,11,1.403295100165137e-12,,seconds,0.0,0.0024143625050783,megabytes,0.0,0.0,0.0,0.0,0.0,0.0,0.0,0.0,success,sinkhorn,1.0,100000
1D-students-4df-128p,128,128,0.3179503030431478,11,8.845006500878603e-10,,seconds,0.0,0.0027744770050048,megabytes,0.0,0.0,0.0,0.0,0.0,0.0,0.0,0.0,success,sinkhorn,1.0,100000
1D-students-4df-128p,128,128,0.3130038012539341,11,1.0925738925565351e-09,,seconds,0.0,0.002430323511362,megabytes,0.0,0.0,0.0,0.0,0.0,0.0,0.0,0.0,success,sinkhorn,1.0,100000
1D-students-4df-128p,128,128,0.4843980334383326,11,3.996399165210199e-10,,seconds,0.0,0.0024688523262739,megabytes,0.0,0.0,0.0,0.0,0.0,0.0,0.0,0.0,success,sinkhorn,1.0,100000
1D-students-4df-128p,128,128,0.3136540286593156,11,1.7732287338855414e-09,,seconds,0.0,0.0024830717593431,megabytes,0.0,0.0,0.0,0.0,0.0,0.0,0.0,0.0,success,sinkhorn,1.0,100000
1D-students-4df-128p,128,128,0.4463124278063177,11,3.8177169719815857e-10,,seconds,0.0,0.0024064406752586,megabytes,0.0,0.0,0.0,0.0,0.0,0.0,0.0,0.0,success,sinkhorn,1.0,100000
1D-students-4df-128p,128,128,0.3214103444968662,11,8.981260504239381e-10,,seconds,0.0,0.0028653461486101,megabytes,0.0,0.0,0.0,0.0,0.0,0.0,0.0,0.0,success,sinkhorn,1.0,100000
1D-students-4df-128p,128,128,0.3255346775369874,11,4.001833901057221e-09,,seconds,0.0,0.0023968983441591,megabytes,0.0,0.0,0.0,0.0,0.0,0.0,0.0,0.0,success,sinkhorn,1.0,100000
1D-students-4df-128p,128,128,0.4289774928335625,11,3.4279258755422972e-09,,seconds,0.0,0.0024399161338806,megabytes,0.0,0.0,0.0,0.0,0.0,0.0,0.0,0.0,success,sinkhorn,1.0,100000
1D-students-4df-128p,128,128,0.3052581149754864,11,1.1750304771933836e-11,,seconds,0.0,0.0025077257305383,megabytes,0.0,0.0,0.0,0.0,0.0,0.0,0.0,0.0,success,sinkhorn,1.0,100000
1D-students-4df-128p,128,128,0.3287716594382759,11,3.190777673889558e-09,,seconds,0.0,0.0025449469685554,megabytes,0.0,0.0,0.0,0.0,0.0,0.0,0.0,0.0,success,sinkhorn,1.0,100000
1D-students-4df-256p,256,256,0.2938614298753482,11,1.6998263830088677e-12,,seconds,0.0,0.0029133353382349,megabytes,0.0,0.0,0.0,0.0,0.0,0.0,0.0,0.0,success,sinkhorn,1.0,100000
1D-students-4df-256p,256,256,0.3409734321696536,11,2.180954996433501e-09,,seconds,0.0,0.0025011226534843,megabytes,0.0,0.0,0.0,0.0,0.0,0.0,0.0,0.0,success,sinkhorn,1.0,100000
1D-students-4df-256p,256,256,0.5782544521667299,11,4.70634085443576e-11,,seconds,0.0,0.0025438647717237,megabytes,0.0,0.0,0.0,0.0,0.0,0.0,0.0,0.0,success,sinkhorn,1.0,100000
1D-students-4df-256p,256,256,0.4844081451462098,11,2.8273992283728736e-10,,seconds,0.0,0.0025020185858011,megabytes,0.0,0.0,0.0,0.0,0.0,0.0,0.0,0.0,success,sinkhorn,1.0,100000
1D-students-4df-256p,256,256,0.3698167524012579,11,1.0243374825952967e-09,,seconds,0.0,0.0024859458208084,megabytes,0.0,0.0,0.0,0.0,0.0,0.0,0.0,0.0,success,sinkhorn,1.0,100000
1D-students-4df-256p,256,256,0.64981901039191,11,6.484788958900667e-13,,seconds,0.0,0.0025340486317873,megabytes,0.0,0.0,0.0,0.0,0.0,0.0,0.0,0.0,success,sinkhorn,1.0,100000
1D-students-4df-256p,256,256,0.4463210330323603,11,2.700496276724222e-10,,seconds,0.0,0.0029187239706516,megabytes,0.0,0.0,0.0,0.0,0.0,0.0,0.0,0.0,success,sinkhorn,1.0,100000
1D-students-4df-256p,256,256,0.3452155933224616,11,3.363131057940029e-10,,seconds,0.0,0.0025707855820655,megabytes,0.0,0.0,0.0,0.0,0.0,0.0,0.0,0.0,success,sinkhorn,1.0,100000
1D-students-4df-256p,256,256,0.376047210626002,11,2.246550411475165e-09,,seconds,0.0,0.0027461554855108,megabytes,0.0,0.0,0.0,0.0,0.0,0.0,0.0,0.0,success,sinkhorn,1.0,100000
1D-students-4df-256p,256,256,0.3214168955060972,11,6.35309122656874e-10,,seconds,0.0,0.0024253819137811,megabytes,0.0,0.0,0.0,0.0,0.0,0.0,0.0,0.0,success,sinkhorn,1.0,100000
1D-students-4df-256p,256,256,0.3547828840369892,11,1.2321737965396267e-09,,seconds,0.0,0.0025262869894504,megabytes,0.0,0.0,0.0,0.0,0.0,0.0,0.0,0.0,success,sinkhorn,1.0,100000
1D-students-4df-256p,256,256,0.3287788556435429,11,2.257104961177114e-09,,seconds,0.0,0.0025680586695671,megabytes,0.0,0.0,0.0,0.0,0.0,0.0,0.0,0.0,success,sinkhorn,1.0,100000
1D-students-4df-256p,256,256,0.3145499839364323,11,1.2697006906724638e-09,,seconds,0.0,0.0024341940879821,megabytes,0.0,0.0,0.0,0.0,0.0,0.0,0.0,0.0,success,sinkhorn,1.0,100000
1D-students-4df-256p,256,256,0.3248461218953807,11,8.631668636445957e-10,,seconds,0.0,0.0026744194328784,megabytes,0.0,0.0,0.0,0.0,0.0,0.0,0.0,0.0,success,sinkhorn,1.0,100000
1D-students-4df-256p,256,256,0.5248098782235029,11,1.0516440731802531e-10,,seconds,0.0,0.0029176585376262,megabytes,0.0,0.0,0.0,0.0,0.0,0.0,0.0,0.0,success,sinkhorn,1.0,100000
1D-students-4df-256p,256,256,0.3308725884438073,11,1.3682883976106895e-11,,seconds,0.0,0.0025629512965679,megabytes,0.0,0.0,0.0,0.0,0.0,0.0,0.0,0.0,success,sinkhorn,1.0,100000
1D-students-4df-256p,256,256,0.3130094673203027,11,7.727855599152729e-10,,seconds,0.0,0.0027661100029945,megabytes,0.0,0.0,0.0,0.0,0.0,0.0,0.0,0.0,success,sinkhorn,1.0,100000
1D-students-4df-256p,256,256,0.3136601667019681,11,1.254258869503653e-09,,seconds,0.0,0.0024888385087251,megabytes,0.0,0.0,0.0,0.0,0.0,0.0,0.0,0.0,success,sinkhorn,1.0,100000
1D-students-4df-256p,256,256,0.3164933255344615,11,1.1408949552365632e-10,,seconds,0.0,0.0024859402328729,megabytes,0.0,0.0,0.0,0.0,0.0,0.0,0.0,0.0,success,sinkhorn,1.0,100000
1D-students-4df-256p,256,256,0.3150022697567344,11,2.645901328117179e-10,,seconds,0.0,0.0024856869131326,megabytes,0.0,0.0,0.0,0.0,0.0,0.0,0.0,0.0,success,sinkhorn,1.0,100000
1D-students-4df-256p,256,256,0.3179571153499378,11,6.256918047941082e-10,,seconds,0.0,0.0025060828775167,megabytes,0.0,0.0,0.0,0.0,0.0,0.0,0.0,0.0,success,sinkhorn,1.0,100000
1D-students-4df-256p,256,256,0.3431063735860922,11,2.5232698640616863e-09,,seconds,0.0,0.0027427561581134,megabytes,0.0,0.0,0.0,0.0,0.0,0.0,0.0,0.0,success,sinkhorn,1.0,100000
1D-students-4df-256p,256,256,0.3135065467355297,11,1.6065300802673772e-09,,seconds,0.0,0.002431146800518,megabytes,0.0,0.0,0.0,0.0,0.0,0.0,0.0,0.0,success,sinkhorn,1.0,100000
1D-students-4df-256p,256,256,0.3116503776122829,11,1.1814788814586099e-09,,seconds,0.0,0.0025540925562381,megabytes,0.0,0.0,0.0,0.0,0.0,0.0,0.0,0.0,success,sinkhorn,1.0,100000
1D-students-4df-256p,256,256,0.3236448619623709,11,1.5898121428244592e-09,,seconds,0.0,0.0025182832032442,megabytes,0.0,0.0,0.0,0.0,0.0,0.0,0.0,0.0,success,sinkhorn,1.0,100000
1D-students-4df-256p,256,256,0.3255413146960035,11,2.83070223962526e-09,,seconds,0.0,0.0025521423667669,megabytes,0.0,0.0,0.0,0.0,0.0,0.0,0.0,0.0,success,sinkhorn,1.0,100000
1D-students-4df-256p,256,256,0.4289881131826513,11,2.425006833725116e-09,,seconds,0.0,0.0025675687938928,megabytes,0.0,0.0,0.0,0.0,0.0,0.0,0.0,0.0,success,sinkhorn,1.0,100000
1D-students-4df-256p,256,256,0.3463868408660834,11,9.925426365554404e-13,,seconds,0.0,0.002670394256711,megabytes,0.0,0.0,0.0,0.0,0.0,0.0,0.0,0.0,success,sinkhorn,1.0,100000
1D-students-4df-256p,256,256,0.3052632958288314,11,8.316694211119403e-12,,seconds,0.0,0.0026238951832056,megabytes,0.0,0.0,0.0,0.0,0.0,0.0,0.0,0.0,success,sinkhorn,1.0,100000
1D-students-4df-256p,256,256,0.5085094658885172,11,1.5277020141337416e-17,,seconds,0.0,0.0025236029177904,megabytes,0.0,0.0,0.0,0.0,0.0,0.0,0.0,0.0,success,sinkhorn,1.0,100000
1D-students-4df-512p,512,512,0.3136617011376728,11,8.869651105183775e-10,,seconds,0.0,0.0029436368495225,megabytes,0.0,0.0,0.0,0.0,0.0,0.0,0.0,0.0,success,sinkhorn,1.0,100000
1D-students-4df-512p,512,512,0.4463231843208221,11,1.9097094244435406e-10,,seconds,0.0,0.0025736056268215,megabytes,0.0,0.0,0.0,0.0,0.0,0.0,0.0,0.0,success,sinkhorn,1.0,100000
1D-students-4df-512p,512,512,0.6498206985814405,11,4.586423382519195e-13,,seconds,0.0,0.0025406461209058,megabytes,0.0,0.0,0.0,0.0,0.0,0.0,0.0,0.0,success,sinkhorn,1.0,100000
1D-students-4df-512p,512,512,0.34638905530232,11,7.018796867461911e-13,,seconds,0.0,0.0029059536755084,megabytes,0.0,0.0,0.0,0.0,0.0,0.0,0.0,0.0,success,sinkhorn,1.0,100000
1D-students-4df-512p,512,512,0.313508240589273,11,1.1360914177006944e-09,,seconds,0.0,0.0025408845394849,megabytes,0.0,0.0,0.0,0.0,0.0,0.0,0.0,0.0,success,sinkhorn,1.0,100000
1D-students-4df-512p,512,512,0.3179588183437763,11,4.424760772353596e-10,,seconds,0.0,0.0025601666420698,megabytes,0.0,0.0,0.0,0.0,0.0,0.0,0.0,0.0,success,sinkhorn,1.0,100000
1D-students-4df-512p,512,512,0.5085110438894516,11,1.2567810605184865e-17,,seconds,0.0,0.00272580049932,megabytes,0.0,0.0,0.0,0.0,0.0,0.0,0.0,0.0,success,sinkhorn,1.0,100000
1D-students-4df-512p,512,512,0.3214185331800412,11,4.4927348768501287e-10,,seconds,0.0,0.0026538912206888,megabytes,0.0,0.0,0.0,0.0,0.0,0.0,0.0,0.0,success,sinkhorn,1.0,100000
1D-students-4df-512p,512,512,0.3164949873068547,11,8.067525663995172e-11,,seconds,0.0,0.0026337523013353,megabytes,0.0,0.0,0.0,0.0,0.0,0.0,0.0,0.0,success,sinkhorn,1.0,100000
1D-students-4df-512p,512,512,0.3248474432792061,11,6.103893815867023e-10,,seconds,0.0,0.002823207527399,megabytes,0.0,0.0,0.0,0.0,0.0,0.0,0.0,0.0,success,sinkhorn,1.0,100000
1D-students-4df-512p,512,512,0.3255429739195961,11,2.0017817339119792e-09,,seconds,0.0,0.002621054649353,megabytes,0.0,0.0,0.0,0.0,0.0,0.0,0.0,0.0,success,sinkhorn,1.0,100000
1D-students-4df-512p,512,512,0.4289907682180044,11,1.7149327815041843e-09,,seconds,0.0,0.0026429127901792,megabytes,0.0,0.0,0.0,0.0,0.0,0.0,0.0,0.0,success,sinkhorn,1.0,100000
1D-students-4df-512p,512,512,0.311651660288077,11,8.354825616420393e-10,,seconds,0.0,0.0026393756270408,megabytes,0.0,0.0,0.0,0.0,0.0,0.0,0.0,0.0,success,sinkhorn,1.0,100000
1D-students-4df-512p,512,512,0.484410673053021,11,1.9995416097401328e-10,,seconds,0.0,0.0029142629355192,megabytes,0.0,0.0,0.0,0.0,0.0,0.0,0.0,0.0,success,sinkhorn,1.0,100000
1D-students-4df-512p,512,512,0.328780654620347,11,1.5961706062035372e-09,,seconds,0.0,0.0026491079479455,megabytes,0.0,0.0,0.0,0.0,0.0,0.0,0.0,0.0,success,sinkhorn,1.0,100000
1D-students-4df-512p,512,512,0.3130108837812297,11,5.464806576052739e-10,,seconds,0.0,0.0026403628289699,megabytes,0.0,0.0,0.0,0.0,0.0,0.0,0.0,0.0,success,sinkhorn,1.0,100000
1D-students-4df-512p,512,512,0.5782571781670474,11,3.3284006125254176e-11,,seconds,0.0,0.0025231502950191,megabytes,0.0,0.0,0.0,0.0,0.0,0.0,0.0,0.0,success,sinkhorn,1.0,100000
1D-students-4df-512p,512,512,0.3236463902938242,11,1.1242487548214982e-09,,seconds,0.0,0.0026317592710256,megabytes,0.0,0.0,0.0,0.0,0.0,0.0,0.0,0.0,success,sinkhorn,1.0,100000
1D-students-4df-512p,512,512,0.3308733953413537,11,9.675927974887596e-12,,seconds,0.0,0.0026236791163682,megabytes,0.0,0.0,0.0,0.0,0.0,0.0,0.0,0.0,success,sinkhorn,1.0,100000
1D-students-4df-512p,512,512,0.2938631709693552,11,1.2020358317345156e-12,,seconds,0.0,0.002761261537671,megabytes,0.0,0.0,0.0,0.0,0.0,0.0,0.0,0.0,success,sinkhorn,1.0,100000
1D-students-4df-512p,512,512,0.3150039356619895,11,1.871095214273474e-10,,seconds,0.0,0.0026673749089241,megabytes,0.0,0.0,0.0,0.0,0.0,0.0,0.0,0.0,success,sinkhorn,1.0,100000
1D-students-4df-512p,512,512,0.3452165561326142,11,2.378212838589968e-10,,seconds,0.0,0.0025835447013378,megabytes,0.0,0.0,0.0,0.0,0.0,0.0,0.0,0.0,success,sinkhorn,1.0,100000
1D-students-4df-512p,512,512,0.5248125776168077,11,7.437413584344019e-11,,seconds,0.0,0.0024761389940977,megabytes,0.0,0.0,0.0,0.0,0.0,0.0,0.0,0.0,success,sinkhorn,1.0,100000
1D-students-4df-512p,512,512,0.3409751473692698,11,1.5423027776573322e-09,,seconds,0.0,0.0030894726514816,megabytes,0.0,0.0,0.0,0.0,0.0,0.0,0.0,0.0,success,sinkhorn,1.0,100000
1D-students-4df-512p,512,512,0.343108009692778,11,1.7843645996454671e-09,,seconds,0.0,0.0028762053698301,megabytes,0.0,0.0,0.0,0.0,0.0,0.0,0.0,0.0,success,sinkhorn,1.0,100000
1D-students-4df-512p,512,512,0.3547844846912159,11,8.713497119407612e-10,,seconds,0.0,0.0025922767817974,megabytes,0.0,0.0,0.0,0.0,0.0,0.0,0.0,0.0,success,sinkhorn,1.0,100000
1D-students-4df-512p,512,512,0.3145515551313054,11,8.978902443506824e-10,,seconds,0.0,0.002615125849843,megabytes,0.0,0.0,0.0,0.0,0.0,0.0,0.0,0.0,success,sinkhorn,1.0,100000
1D-students-4df-512p,512,512,0.3052645910107213,11,5.882201616058419e-12,,seconds,0.0,0.0025655273348093,megabytes,0.0,0.0,0.0,0.0,0.0,0.0,0.0,0.0,success,sinkhorn,1.0,100000
1D-students-4df-512p,512,512,0.3698188208940299,11,7.243878141906951e-10,,seconds,0.0,0.0026682708412408,megabytes,0.0,0.0,0.0,0.0,0.0,0.0,0.0,0.0,success,sinkhorn,1.0,100000
1D-students-4df-512p,512,512,0.3760491663414522,11,1.5887045794338727e-09,,seconds,0.0,0.0025844201445579,megabytes,0.0,0.0,0.0,0.0,0.0,0.0,0.0,0.0,success,sinkhorn,1.0,100000
1D-students-4df-1024p,1024,1024,0.4463237221418094,11,1.3503985818766116e-10,,seconds,0.0,0.0029062330722808,megabytes,0.0,0.0,0.0,0.0,0.0,0.0,0.0,0.0,success,sinkhorn,1.0,100000
1D-students-4df-1024p,1024,1024,0.3135086640473338,11,8.033561720276477e-10,,seconds,0.0,0.0025801435112953,megabytes,0.0,0.0,0.0,0.0,0.0,0.0,0.0,0.0,success,sinkhorn,1.0,100000
1D-students-4df-1024p,1024,1024,0.3136620847419142,11,6.27191447032741e-10,,seconds,0.0,0.0025756265968084,megabytes,0.0,0.0,0.0,0.0,0.0,0.0,0.0,0.0,success,sinkhorn,1.0,100000
1D-students-4df-1024p,1024,1024,0.3052649148042284,11,4.159593144548607e-12,,seconds,0.0,0.0027733519673347,megabytes,0.0,0.0,0.0,0.0,0.0,0.0,0.0,0.0,success,sinkhorn,1.0,100000
1D-students-4df-1024p,1024,1024,0.3255433887213594,11,1.415504019531761e-09,,seconds,0.0,0.0027239937335252,megabytes,0.0,0.0,0.0,0.0,0.0,0.0,0.0,0.0,success,sinkhorn,1.0,100000
1D-students-4df-1024p,1024,1024,0.4289914319735977,11,1.2126748965074927e-09,,seconds,0.0,0.0024847313761711,megabytes,0.0,0.0,0.0,0.0,0.0,0.0,0.0,0.0,success,sinkhorn,1.0,100000
1D-students-4df-1024p,1024,1024,0.3164954027448527,11,5.704633938732829e-11,,seconds,0.0,0.0026024933904409,megabytes,0.0,0.0,0.0,0.0,0.0,0.0,0.0,0.0,success,sinkhorn,1.0,100000
1D-students-4df-1024p,1024,1024,0.4844113050284635,11,1.413936937302583e-10,,seconds,0.0,0.0025033149868249,megabytes,0.0,0.0,0.0,0.0,0.0,0.0,0.0,0.0,success,sinkhorn,1.0,100000
1D-students-4df-1024p,1024,1024,0.5782578596643293,11,2.353626116879223e-11,,seconds,0.0,0.0025275871157646,megabytes,0.0,0.0,0.0,0.0,0.0,0.0,0.0,0.0,success,sinkhorn,1.0,100000
1D-students-4df-1024p,1024,1024,0.3179592440870575,11,3.1288581816011187e-10,,seconds,0.0,0.0025904048234224,megabytes,0.0,0.0,0.0,0.0,0.0,0.0,0.0,0.0,success,sinkhorn,1.0,100000
1D-students-4df-1024p,1024,1024,0.3130112378929826,11,3.8642702899393965e-10,,seconds,0.0,0.0025627389550209,megabytes,0.0,0.0,0.0,0.0,0.0,0.0,0.0,0.0,success,sinkhorn,1.0,100000
1D-students-4df-1024p,1024,1024,0.3145519479249547,11,6.349177649393559e-10,,seconds,0.0,0.0026560723781585,megabytes,0.0,0.0,0.0,0.0,0.0,0.0,0.0,0.0,success,sinkhorn,1.0,100000
1D-students-4df-1024p,1024,1024,0.3409755761649854,11,1.0905965695123892e-09,,seconds,0.0,0.0025915149599313,megabytes,0.0,0.0,0.0,0.0,0.0,0.0,0.0,0.0,success,sinkhorn,1.0,100000
1D-students-4df-1024p,1024,1024,0.3431084187153657,11,1.2617616534690866e-09,,seconds,0.0,0.0025747418403625,megabytes,0.0,0.0,0.0,0.0,0.0,0.0,0.0,0.0,success,sinkhorn,1.0,100000
1D-students-4df-1024p,1024,1024,0.3248477736225,11,4.316172310993817e-10,,seconds,0.0,0.002633512020111,megabytes,0.0,0.0,0.0,0.0,0.0,0.0,0.0,0.0,success,sinkhorn,1.0,100000
1D-students-4df-1024p,1024,1024,0.3150043521328952,11,1.3230924657161235e-10,,seconds,0.0,0.0025473795831203,megabytes,0.0,0.0,0.0,0.0,0.0,0.0,0.0,0.0,success,sinkhorn,1.0,100000
1D-students-4df-1024p,1024,1024,0.3760496552682631,11,1.123410926471834e-09,,seconds,0.0,0.0024893302470445,megabytes,0.0,0.0,0.0,0.0,0.0,0.0,0.0,0.0,success,sinkhorn,1.0,100000
1D-students-4df-1024p,1024,1024,0.5085114383867879,11,1.3446886571195758e-17,,seconds,0.0,0.002719797194004,megabytes,0.0,0.0,0.0,0.0,0.0,0.0,0.0,0.0,success,sinkhorn,1.0,100000
1D-students-4df-1024p,1024,1024,0.345216796834782,11,1.6816716506202894e-10,,seconds,0.0,0.0026421342045068,megabytes,0.0,0.0,0.0,0.0,0.0,0.0,0.0,0.0,success,sinkhorn,1.0,100000
1D-students-4df-1024p,1024,1024,0.3547848848534364,11,6.161498886375018e-10,,seconds,0.0,0.0026184916496276,megabytes,0.0,0.0,0.0,0.0,0.0,0.0,0.0,0.0,success,sinkhorn,1.0,100000
1D-students-4df-1024p,1024,1024,0.3116519809534305,11,5.907843711959993e-10,,seconds,0.0,0.0025818701833486,megabytes,0.0,0.0,0.0,0.0,0.0,0.0,0.0,0.0,success,sinkhorn,1.0,100000
1D-students-4df-1024p,1024,1024,0.3236467723741987,11,7.949783798462002e-10,,seconds,0.0,0.0028027761727571,megabytes,0.0,0.0,0.0,0.0,0.0,0.0,0.0,0.0,success,sinkhorn,1.0,100000
1D-students-4df-1024p,1024,1024,0.3214189425936298,11,3.176917732228672e-10,,seconds,0.0,0.0024982765316963,megabytes,0.0,0.0,0.0,0.0,0.0,0.0,0.0,0.0,success,sinkhorn,1.0,100000
1D-students-4df-1024p,1024,1024,0.3308735970688468,11,6.842029574374065e-12,,seconds,0.0,0.0025862269103527,megabytes,0.0,0.0,0.0,0.0,0.0,0.0,0.0,0.0,success,sinkhorn,1.0,100000
1D-students-4df-1024p,1024,1024,0.3287811043598913,11,1.128690703708486e-09,,seconds,0.0,0.0025756284594535,megabytes,0.0,0.0,0.0,0.0,0.0,0.0,0.0,0.0,success,sinkhorn,1.0,100000
1D-students-4df-1024p,1024,1024,0.649821120652327,11,3.243264484306341e-13,,seconds,0.0,0.0025872364640235,megabytes,0.0,0.0,0.0,0.0,0.0,0.0,0.0,0.0,success,sinkhorn,1.0,100000
1D-students-4df-1024p,1024,1024,0.2938636062430227,11,8.499815785728679e-13,,seconds,0.0,0.0025768484920263,megabytes,0.0,0.0,0.0,0.0,0.0,0.0,0.0,0.0,success,sinkhorn,1.0,100000
1D-students-4df-1024p,1024,1024,0.3698193380127988,11,5.122322342172524e-10,,seconds,0.0,0.0026485584676265,megabytes,0.0,0.0,0.0,0.0,0.0,0.0,0.0,0.0,success,sinkhorn,1.0,100000
1D-students-4df-1024p,1024,1024,0.3463896089107366,11,4.96312339308641e-13,,seconds,0.0,0.00263437256217,megabytes,0.0,0.0,0.0,0.0,0.0,0.0,0.0,0.0,success,sinkhorn,1.0,100000
1D-students-4df-1024p,1024,1024,0.5248132524648793,11,5.2592517907019176e-11,,seconds,0.0,0.002575060352683,megabytes,0.0,0.0,0.0,0.0,0.0,0.0,0.0,0.0,success,sinkhorn,1.0,100000
1D-students-4df-2048p,2048,2048,0.29386371506145,11,6.010308894074834e-13,,seconds,0.0,0.0031277276575565,megabytes,0.0,0.0,0.0,0.0,0.0,0.0,0.0,0.0,success,sinkhorn,1.0,100000
1D-students-4df-2048p,2048,2048,0.4289915979122932,11,8.574967052227892e-10,,seconds,0.0,0.0032200012356042,megabytes,0.0,0.0,0.0,0.0,0.0,0.0,0.0,0.0,success,sinkhorn,1.0,100000
1D-students-4df-2048p,2048,2048,0.3150044562502836,11,9.355726712289314e-11,,seconds,0.0,0.0032963585108518,megabytes,0.0,0.0,0.0,0.0,0.0,0.0,0.0,0.0,success,sinkhorn,1.0,100000
1D-students-4df-2048p,2048,2048,0.3698194672922146,11,3.6220513200990905e-10,,seconds,0.0,0.0032151248306035,megabytes,0.0,0.0,0.0,0.0,0.0,0.0,0.0,0.0,success,sinkhorn,1.0,100000
1D-students-4df-2048p,2048,2048,0.508511537010941,11,8.035371838652115e-18,,seconds,0.0,0.0032023452222347,megabytes,0.0,0.0,0.0,0.0,0.0,0.0,0.0,0.0,success,sinkhorn,1.0,100000
1D-students-4df-2048p,2048,2048,0.3164955066040336,11,4.03379100674858e-11,,seconds,0.0,0.0032178591936826,megabytes,0.0,0.0,0.0,0.0,0.0,0.0,0.0,0.0,success,sinkhorn,1.0,100000
1D-students-4df-2048p,2048,2048,0.3463897473128005,11,3.509474287149513e-13,,seconds,0.0,0.0033606570214033,megabytes,0.0,0.0,0.0,0.0,0.0,0.0,0.0,0.0,success,sinkhorn,1.0,100000
1D-students-4df-2048p,2048,2048,0.3116520611195441,11,4.1774922339288003e-10,,seconds,0.0,0.0032528229057788,megabytes,0.0,0.0,0.0,0.0,0.0,0.0,0.0,0.0,success,sinkhorn,1.0,100000
1D-students-4df-2048p,2048,2048,0.3409756833636526,11,7.711724395485031e-10,,seconds,0.0,0.0034431647509336,megabytes,0.0,0.0,0.0,0.0,0.0,0.0,0.0,0.0,success,sinkhorn,1.0,100000
1D-students-4df-2048p,2048,2048,0.578258030038475,11,1.6642809146008415e-11,,seconds,0.0,0.0031267832964658,megabytes,0.0,0.0,0.0,0.0,0.0,0.0,0.0,0.0,success,sinkhorn,1.0,100000
1D-students-4df-2048p,2048,2048,0.3179593505225542,11,2.2124509490646966e-10,,seconds,0.0,0.0032344311475753,megabytes,0.0,0.0,0.0,0.0,0.0,0.0,0.0,0.0,success,sinkhorn,1.0,100000
1D-students-4df-2048p,2048,2048,0.3760497774998377,11,7.94376283117095e-10,,seconds,0.0,0.0032107327133417,megabytes,0.0,0.0,0.0,0.0,0.0,0.0,0.0,0.0,success,sinkhorn,1.0,100000
1D-students-4df-2048p,2048,2048,0.3452168570103007,11,1.1891251797469872e-10,,seconds,0.0,0.0033054165542125,megabytes,0.0,0.0,0.0,0.0,0.0,0.0,0.0,0.0,success,sinkhorn,1.0,100000
1D-students-4df-2048p,2048,2048,0.4844114630222454,11,9.998127634646133e-11,,seconds,0.0,0.0031501483172178,megabytes,0.0,0.0,0.0,0.0,0.0,0.0,0.0,0.0,success,sinkhorn,1.0,100000
1D-students-4df-2048p,2048,2048,0.313508769911513,11,5.680618200909671e-10,,seconds,0.0,0.0033676028251647,megabytes,0.0,0.0,0.0,0.0,0.0,0.0,0.0,0.0,success,sinkhorn,1.0,100000
1D-students-4df-2048p,2048,2048,0.3145520461230502,11,4.4895704083284387e-10,,seconds,0.0,0.0031940694898366,megabytes,0.0,0.0,0.0,0.0,0.0,0.0,0.0,0.0,success,sinkhorn,1.0,100000
1D-students-4df-2048p,2048,2048,0.3236468678941367,11,5.621371602037874e-10,,seconds,0.0,0.0032779444009065,megabytes,0.0,0.0,0.0,0.0,0.0,0.0,0.0,0.0,success,sinkhorn,1.0,100000
1D-students-4df-2048p,2048,2048,0.3248478562081571,11,3.05200666067952e-10,,seconds,0.0,0.0033506732434034,megabytes,0.0,0.0,0.0,0.0,0.0,0.0,0.0,0.0,success,sinkhorn,1.0,100000
1D-students-4df-2048p,2048,2048,0.3214190449467208,11,2.2464332305651791e-10,,seconds,0.0,0.0033622868359088,megabytes,0.0,0.0,0.0,0.0,0.0,0.0,0.0,0.0,success,sinkhorn,1.0,100000
1D-students-4df-2048p,2048,2048,0.3130113264207033,11,2.7324638333222034e-10,,seconds,0.0,0.0033511649817228,megabytes,0.0,0.0,0.0,0.0,0.0,0.0,0.0,0.0,success,sinkhorn,1.0,100000
1D-students-4df-2048p,2048,2048,0.5248134211768813,11,3.7188891027327594e-11,,seconds,0.0,0.0033082533627748,megabytes,0.0,0.0,0.0,0.0,0.0,0.0,0.0,0.0,success,sinkhorn,1.0,100000
1D-students-4df-2048p,2048,2048,0.3287812167944862,11,7.981097382351308e-10,,seconds,0.2391464710235595,0.0033784247934818,megabytes,88270.0,88270.0,0.0,0.0,0.067985408,0.067985408,0.0,0.0,success,sinkhorn,1.0,100000
1D-students-4df-2048p,2048,2048,0.313662180642682,11,4.4349351856064644e-10,,seconds,0.3091001510620117,0.0033009592443704,megabytes,88270.0,88270.0,0.0,0.0,0.068063232,0.068063232,0.0,0.0,success,sinkhorn,1.0,100000
1D-students-4df-2048p,2048,2048,0.3052649957524823,11,2.941321453802709e-12,,seconds,0.0,0.0032602921128273,megabytes,0.0,0.0,0.0,0.0,0.0,0.0,0.0,0.0,success,sinkhorn,1.0,100000
1D-students-4df-2048p,2048,2048,0.4463238565969856,11,9.54881315618409e-11,,seconds,0.0,0.0032915621995925,megabytes,0.0,0.0,0.0,0.0,0.0,0.0,0.0,0.0,success,sinkhorn,1.0,100000
1D-students-4df-2048p,2048,2048,0.3308736475009143,11,4.838067855447508e-12,,seconds,0.0,0.0032169818878173,megabytes,0.0,0.0,0.0,0.0,0.0,0.0,0.0,0.0,success,sinkhorn,1.0,100000
1D-students-4df-2048p,2048,2048,0.3431085209707574,11,8.922047017079933e-10,,seconds,0.0,0.0033015478402376,megabytes,0.0,0.0,0.0,0.0,0.0,0.0,0.0,0.0,success,sinkhorn,1.0,100000
1D-students-4df-2048p,2048,2048,0.354784984893908,11,4.3568599180670716e-10,,seconds,0.0,0.0032242722809314,megabytes,0.0,0.0,0.0,0.0,0.0,0.0,0.0,0.0,success,sinkhorn,1.0,100000
1D-students-4df-2048p,2048,2048,0.3255434924215419,11,1.000917897357707e-09,,seconds,0.0,0.0032195672392845,megabytes,0.0,0.0,0.0,0.0,0.0,0.0,0.0,0.0,success,sinkhorn,1.0,100000
1D-students-4df-2048p,2048,2048,0.6498212261715173,11,2.293366140083084e-13,,seconds,0.0,0.0031812507659196,megabytes,0.0,0.0,0.0,0.0,0.0,0.0,0.0,0.0,success,sinkhorn,1.0,100000
1D-students-6df-32p,32,32,0.3138871767861448,11,3.6309913534888556e-09,,seconds,0.0,0.0024355109781026,megabytes,0.0,0.0,0.0,0.0,0.0,0.0,0.0,0.0,success,sinkhorn,1.0,100000
1D-students-6df-32p,32,32,0.314753787819289,11,3.5926167019904754e-09,,seconds,0.0,0.0026421938091516,megabytes,0.0,0.0,0.0,0.0,0.0,0.0,0.0,0.0,success,sinkhorn,1.0,100000
1D-students-6df-32p,32,32,0.5859958373835384,11,8.476531559892834e-11,,seconds,0.0,0.0025721415877342,megabytes,0.0,0.0,0.0,0.0,0.0,0.0,0.0,0.0,success,sinkhorn,1.0,100000
1D-students-6df-32p,32,32,0.3051592002580673,11,3.214111771854861e-12,,seconds,0.0,0.0024654138833284,megabytes,0.0,0.0,0.0,0.0,0.0,0.0,0.0,0.0,success,sinkhorn,1.0,100000
1D-students-6df-32p,32,32,0.2939021667740921,11,2.806227360338846e-12,,seconds,0.0,0.0024449191987514,megabytes,0.0,0.0,0.0,0.0,0.0,0.0,0.0,0.0,success,sinkhorn,1.0,100000
1D-students-6df-32p,32,32,0.3364867291422999,11,1.781350862721731e-11,,seconds,0.0,0.0024332255125045,megabytes,0.0,0.0,0.0,0.0,0.0,0.0,0.0,0.0,success,sinkhorn,1.0,100000
1D-students-6df-32p,32,32,0.3212846668776152,11,1.8615689712541607e-09,,seconds,0.0,0.0024271141737699,megabytes,0.0,0.0,0.0,0.0,0.0,0.0,0.0,0.0,success,sinkhorn,1.0,100000
1D-students-6df-32p,32,32,0.3280796209458529,11,6.3646568744245e-09,,seconds,0.0,0.0024358425289392,megabytes,0.0,0.0,0.0,0.0,0.0,0.0,0.0,0.0,success,sinkhorn,1.0,100000
1D-students-6df-32p,32,32,0.3179668049541232,11,1.7153933116509694e-09,,seconds,0.0,0.0023929774761199,megabytes,0.0,0.0,0.0,0.0,0.0,0.0,0.0,0.0,success,sinkhorn,1.0,100000
1D-students-6df-32p,32,32,0.3248771703048226,11,8.12438394237959e-09,,seconds,0.0,0.0027167201042175,megabytes,0.0,0.0,0.0,0.0,0.0,0.0,0.0,0.0,success,sinkhorn,1.0,100000
1D-students-6df-32p,32,32,0.3756766926082763,11,6.066568034943696e-09,,seconds,0.0,0.002615163102746,megabytes,0.0,0.0,0.0,0.0,0.0,0.0,0.0,0.0,success,sinkhorn,1.0,100000
1D-students-6df-32p,32,32,0.3423824882824082,11,7.2594068456534964e-09,,seconds,0.0,0.0024550016969442,megabytes,0.0,0.0,0.0,0.0,0.0,0.0,0.0,0.0,success,sinkhorn,1.0,100000
1D-students-6df-32p,32,32,0.3700204652966549,11,2.764480081626057e-09,,seconds,0.0,0.0025635864585638,megabytes,0.0,0.0,0.0,0.0,0.0,0.0,0.0,0.0,success,sinkhorn,1.0,100000
1D-students-6df-32p,32,32,0.3244014964593281,11,2.577427568550722e-09,,seconds,0.0,0.0024899393320083,megabytes,0.0,0.0,0.0,0.0,0.0,0.0,0.0,0.0,success,sinkhorn,1.0,100000
1D-students-6df-32p,32,32,0.5319488281842482,11,1.878162815394711e-10,,seconds,0.0,0.0025161802768707,megabytes,0.0,0.0,0.0,0.0,0.0,0.0,0.0,0.0,success,sinkhorn,1.0,100000
1D-students-6df-32p,32,32,0.3165184296881846,11,2.8965315970424436e-10,,seconds,0.0,0.0025347881019115,megabytes,0.0,0.0,0.0,0.0,0.0,0.0,0.0,0.0,success,sinkhorn,1.0,100000
1D-students-6df-32p,32,32,0.668442566305383,11,4.974361788932057e-13,,seconds,0.0,0.0025428179651498,megabytes,0.0,0.0,0.0,0.0,0.0,0.0,0.0,0.0,success,sinkhorn,1.0,100000
1D-students-6df-32p,32,32,0.4872848736167755,11,6.128418131389335e-10,,seconds,0.0,0.0025726202875375,megabytes,0.0,0.0,0.0,0.0,0.0,0.0,0.0,0.0,success,sinkhorn,1.0,100000
1D-students-6df-32p,32,32,0.3136550152010494,11,4.358687291854246e-09,,seconds,0.0,0.0025829318910837,megabytes,0.0,0.0,0.0,0.0,0.0,0.0,0.0,0.0,success,sinkhorn,1.0,100000
1D-students-6df-32p,32,32,0.3130567884416236,11,2.230590259535982e-09,,seconds,0.0,0.0024207476526498,megabytes,0.0,0.0,0.0,0.0,0.0,0.0,0.0,0.0,success,sinkhorn,1.0,100000
1D-students-6df-32p,32,32,0.3122328610536269,11,3.4699524509386444e-09,,seconds,0.0,0.0024451315402984,megabytes,0.0,0.0,0.0,0.0,0.0,0.0,0.0,0.0,success,sinkhorn,1.0,100000
1D-students-6df-32p,32,32,0.3394892330597804,11,6.287735885005161e-09,,seconds,0.0,0.0025083869695663,megabytes,0.0,0.0,0.0,0.0,0.0,0.0,0.0,0.0,success,sinkhorn,1.0,100000
1D-students-6df-32p,32,32,0.3563659909285481,11,3.2727856578781373e-09,,seconds,0.0,0.0026348438113927,megabytes,0.0,0.0,0.0,0.0,0.0,0.0,0.0,0.0,success,sinkhorn,1.0,100000
1D-students-6df-32p,32,32,0.4473767590660177,11,6.895538133166951e-10,,seconds,0.0,0.0025381948798894,megabytes,0.0,0.0,0.0,0.0,0.0,0.0,0.0,0.0,success,sinkhorn,1.0,100000
1D-students-6df-32p,32,32,0.315313233288611,11,5.719618165633609e-10,,seconds,0.0,0.0023986399173736,megabytes,0.0,0.0,0.0,0.0,0.0,0.0,0.0,0.0,success,sinkhorn,1.0,100000
1D-students-6df-32p,32,32,0.3242813170946579,11,4.533253716007476e-09,,seconds,0.0,0.002740416675806,megabytes,0.0,0.0,0.0,0.0,0.0,0.0,0.0,0.0,success,sinkhorn,1.0,100000
1D-students-6df-32p,32,32,0.4253092607978218,11,6.739000876090521e-09,,seconds,0.0,0.0024383552372455,megabytes,0.0,0.0,0.0,0.0,0.0,0.0,0.0,0.0,success,sinkhorn,1.0,100000
1D-students-6df-32p,32,32,0.3476246999974152,11,1.4756637116801848e-12,,seconds,0.0,0.0025897268205881,megabytes,0.0,0.0,0.0,0.0,0.0,0.0,0.0,0.0,success,sinkhorn,1.0,100000
1D-students-6df-32p,32,32,0.3467170560247993,11,9.334538053631828e-10,,seconds,0.0,0.0024987179785966,megabytes,0.0,0.0,0.0,0.0,0.0,0.0,0.0,0.0,success,sinkhorn,1.0,100000
1D-students-6df-32p,32,32,0.5098407147465113,11,9.036096853718775e-17,,seconds,0.0,0.0025239083915948,megabytes,0.0,0.0,0.0,0.0,0.0,0.0,0.0,0.0,success,sinkhorn,1.0,100000
1D-students-6df-64p,64,64,0.3477713637860795,11,1.0477879931383924e-12,,seconds,0.0,0.0024820435792207,megabytes,0.0,0.0,0.0,0.0,0.0,0.0,0.0,0.0,success,sinkhorn,1.0,100000
1D-students-6df-64p,64,64,0.3131477087189591,11,1.5844421105985626e-09,,seconds,0.0,0.0026031341403722,megabytes,0.0,0.0,0.0,0.0,0.0,0.0,0.0,0.0,success,sinkhorn,1.0,100000
1D-students-6df-64p,64,64,0.4475149142393084,11,4.903122464012832e-10,,seconds,0.0,0.0026253331452608,megabytes,0.0,0.0,0.0,0.0,0.0,0.0,0.0,0.0,success,sinkhorn,1.0,100000
1D-students-6df-64p,64,64,0.3244867220826134,11,1.8297728965855714e-09,,seconds,0.0,0.0026000402867794,megabytes,0.0,0.0,0.0,0.0,0.0,0.0,0.0,0.0,success,sinkhorn,1.0,100000
1D-students-6df-64p,64,64,0.3758041472328932,11,4.316282877623731e-09,,seconds,0.0,0.0024818740785121,megabytes,0.0,0.0,0.0,0.0,0.0,0.0,0.0,0.0,success,sinkhorn,1.0,100000
1D-students-6df-64p,64,64,0.3123156169082907,11,2.463190569133001e-09,,seconds,0.0,0.0025190394371747,megabytes,0.0,0.0,0.0,0.0,0.0,0.0,0.0,0.0,success,sinkhorn,1.0,100000
1D-students-6df-64p,64,64,0.3166251396185003,11,2.050666493939191e-10,,seconds,0.0,0.002523748204112,megabytes,0.0,0.0,0.0,0.0,0.0,0.0,0.0,0.0,success,sinkhorn,1.0,100000
1D-students-6df-64p,64,64,0.3564705329768518,11,2.3263468200817997e-09,,seconds,0.0,0.0024121962487697,megabytes,0.0,0.0,0.0,0.0,0.0,0.0,0.0,0.0,success,sinkhorn,1.0,100000
1D-students-6df-64p,64,64,0.5321306118232414,11,1.3419815397640449e-10,,seconds,0.0,0.0024531539529561,megabytes,0.0,0.0,0.0,0.0,0.0,0.0,0.0,0.0,success,sinkhorn,1.0,100000
1D-students-6df-64p,64,64,0.3281953064284396,11,4.528925023145573e-09,,seconds,0.0,0.0023827888071537,megabytes,0.0,0.0,0.0,0.0,0.0,0.0,0.0,0.0,success,sinkhorn,1.0,100000
1D-students-6df-64p,64,64,0.3701539047494198,11,1.967204922306408e-09,,seconds,0.0,0.0024391207844018,megabytes,0.0,0.0,0.0,0.0,0.0,0.0,0.0,0.0,success,sinkhorn,1.0,100000
1D-students-6df-64p,64,64,0.3148551652204177,11,2.554419401444864e-09,,seconds,0.0,0.0024901647120714,megabytes,0.0,0.0,0.0,0.0,0.0,0.0,0.0,0.0,success,sinkhorn,1.0,100000
1D-students-6df-64p,64,64,0.3395999573579521,11,4.471117213392214e-09,,seconds,0.0,0.002414608374238,megabytes,0.0,0.0,0.0,0.0,0.0,0.0,0.0,0.0,success,sinkhorn,1.0,100000
1D-students-6df-64p,64,64,0.2940136355211434,11,1.9924087616407157e-12,,seconds,0.0,0.0024235919117927,megabytes,0.0,0.0,0.0,0.0,0.0,0.0,0.0,0.0,success,sinkhorn,1.0,100000
1D-students-6df-64p,64,64,0.3052413786171957,11,2.489757733981108e-12,,seconds,0.0,0.0025066919624805,megabytes,0.0,0.0,0.0,0.0,0.0,0.0,0.0,0.0,success,sinkhorn,1.0,100000
1D-students-6df-64p,64,64,0.3365334056176297,11,1.265216622128325e-11,,seconds,0.0,0.0024859942495822,megabytes,0.0,0.0,0.0,0.0,0.0,0.0,0.0,0.0,success,sinkhorn,1.0,100000
1D-students-6df-64p,64,64,0.3180765539257074,11,1.2209960362720012e-09,,seconds,0.0,0.0025050435215234,megabytes,0.0,0.0,0.0,0.0,0.0,0.0,0.0,0.0,success,sinkhorn,1.0,100000
1D-students-6df-64p,64,64,0.3424886998856419,11,5.159694914650879e-09,,seconds,0.0,0.0025113746523857,megabytes,0.0,0.0,0.0,0.0,0.0,0.0,0.0,0.0,success,sinkhorn,1.0,100000
1D-students-6df-64p,64,64,0.5861807644025118,11,6.056082885951569e-11,,seconds,0.0,0.0025344286113977,megabytes,0.0,0.0,0.0,0.0,0.0,0.0,0.0,0.0,success,sinkhorn,1.0,100000
1D-students-6df-64p,64,64,0.4874530936592413,11,4.3716245893306767e-10,,seconds,0.0,0.0024913232773542,megabytes,0.0,0.0,0.0,0.0,0.0,0.0,0.0,0.0,success,sinkhorn,1.0,100000
1D-students-6df-64p,64,64,0.509949161146749,11,4.073382639742364e-17,,seconds,0.0,0.0025252159684896,megabytes,0.0,0.0,0.0,0.0,0.0,0.0,0.0,0.0,success,sinkhorn,1.0,100000
1D-students-6df-64p,64,64,0.3139860673950773,11,2.5807391882562473e-09,,seconds,0.0,0.0024574976414442,megabytes,0.0,0.0,0.0,0.0,0.0,0.0,0.0,0.0,success,sinkhorn,1.0,100000
1D-students-6df-64p,64,64,0.4254806289922935,11,4.799480266634757e-09,,seconds,0.0,0.0024758093059062,megabytes,0.0,0.0,0.0,0.0,0.0,0.0,0.0,0.0,success,sinkhorn,1.0,100000
1D-students-6df-64p,64,64,0.3249839244048562,11,5.7768905736500475e-09,,seconds,0.0,0.0024864934384822,megabytes,0.0,0.0,0.0,0.0,0.0,0.0,0.0,0.0,success,sinkhorn,1.0,100000
1D-students-6df-64p,64,64,0.6685676118302529,11,3.571486143735907e-13,,seconds,0.0,0.0024466030299663,megabytes,0.0,0.0,0.0,0.0,0.0,0.0,0.0,0.0,success,sinkhorn,1.0,100000
1D-students-6df-64p,64,64,0.3154200056199764,11,4.06625511105341e-10,,seconds,0.0,0.0025320034474134,megabytes,0.0,0.0,0.0,0.0,0.0,0.0,0.0,0.0,success,sinkhorn,1.0,100000
1D-students-6df-64p,64,64,0.3137633922389728,11,3.100052528346394e-09,,seconds,0.0,0.0024492628872394,megabytes,0.0,0.0,0.0,0.0,0.0,0.0,0.0,0.0,success,sinkhorn,1.0,100000
1D-students-6df-64p,64,64,0.3213896708044388,11,1.3242016435016622e-09,,seconds,0.0,0.0025136563926935,megabytes,0.0,0.0,0.0,0.0,0.0,0.0,0.0,0.0,success,sinkhorn,1.0,100000
1D-students-6df-64p,64,64,0.3467795784570993,11,6.621406517520355e-10,,seconds,0.0,0.002493992447853,megabytes,0.0,0.0,0.0,0.0,0.0,0.0,0.0,0.0,success,sinkhorn,1.0,100000
1D-students-6df-64p,64,64,0.324379941266135,11,3.220367565271785e-09,,seconds,0.0,0.0024967323988676,megabytes,0.0,0.0,0.0,0.0,0.0,0.0,0.0,0.0,success,sinkhorn,1.0,100000
1D-students-6df-128p,128,128,0.3244045870124948,11,2.2797804891643996e-09,,seconds,0.0,0.0025856252759695,megabytes,0.0,0.0,0.0,0.0,0.0,0.0,0.0,0.0,success,sinkhorn,1.0,100000
1D-students-6df-128p,128,128,0.3564966629879593,11,1.6471278323598194e-09,,seconds,0.0,0.0027141794562339,megabytes,0.0,0.0,0.0,0.0,0.0,0.0,0.0,0.0,success,sinkhorn,1.0,100000
1D-students-6df-128p,128,128,0.3282242086147526,11,3.2074778373803422e-09,,seconds,0.0,0.0025756061077117,megabytes,0.0,0.0,0.0,0.0,0.0,0.0,0.0,0.0,success,sinkhorn,1.0,100000
1D-students-6df-128p,128,128,0.3365450905365985,11,8.956389675926794e-12,,seconds,0.0,0.0028459429740905,megabytes,0.0,0.0,0.0,0.0,0.0,0.0,0.0,0.0,success,sinkhorn,1.0,100000
1D-students-6df-128p,128,128,0.4475494501918584,11,3.4718596833391975e-10,,seconds,0.0,0.0026728957891464,megabytes,0.0,0.0,0.0,0.0,0.0,0.0,0.0,0.0,success,sinkhorn,1.0,100000
1D-students-6df-128p,128,128,0.5099762587692063,11,3.2025444582633035e-17,,seconds,0.0,0.0026339944452047,megabytes,0.0,0.0,0.0,0.0,0.0,0.0,0.0,0.0,success,sinkhorn,1.0,100000
1D-students-6df-128p,128,128,0.3250105955454329,11,4.090568491911211e-09,,seconds,0.0,0.0027716439217329,megabytes,0.0,0.0,0.0,0.0,0.0,0.0,0.0,0.0,success,sinkhorn,1.0,100000
1D-students-6df-128p,128,128,0.2940415048621595,11,1.410279226579788e-12,,seconds,0.0,0.0025091953575611,megabytes,0.0,0.0,0.0,0.0,0.0,0.0,0.0,0.0,success,sinkhorn,1.0,100000
1D-students-6df-128p,128,128,0.3701872468585709,11,1.393227310429071e-09,,seconds,0.0,0.002611206844449,megabytes,0.0,0.0,0.0,0.0,0.0,0.0,0.0,0.0,success,sinkhorn,1.0,100000
1D-students-6df-128p,128,128,0.346795207273661,11,4.685743303662995e-10,,seconds,0.0,0.0026862230151891,megabytes,0.0,0.0,0.0,0.0,0.0,0.0,0.0,0.0,success,sinkhorn,1.0,100000
1D-students-6df-128p,128,128,0.3245080170363419,11,1.295130970095862e-09,,seconds,0.0,0.0030686892569065,megabytes,0.0,0.0,0.0,0.0,0.0,0.0,0.0,0.0,success,sinkhorn,1.0,100000
1D-students-6df-128p,128,128,0.3123362906428238,11,1.7434337333136036e-09,,seconds,0.0,0.0026076827198266,megabytes,0.0,0.0,0.0,0.0,0.0,0.0,0.0,0.0,success,sinkhorn,1.0,100000
1D-students-6df-128p,128,128,0.4874951415506816,11,3.097984086606409e-10,,seconds,0.0,0.0026489198207855,megabytes,0.0,0.0,0.0,0.0,0.0,0.0,0.0,0.0,success,sinkhorn,1.0,100000
1D-students-6df-128p,128,128,0.6685989450990855,11,2.535081084266384e-13,,seconds,0.0,0.0025633834302425,megabytes,0.0,0.0,0.0,0.0,0.0,0.0,0.0,0.0,success,sinkhorn,1.0,100000
1D-students-6df-128p,128,128,0.3140107704668998,11,1.827205834986401e-09,,seconds,0.0,0.0025235936045646,megabytes,0.0,0.0,0.0,0.0,0.0,0.0,0.0,0.0,success,sinkhorn,1.0,100000
1D-students-6df-128p,128,128,0.4255234581133104,11,3.399828375192526e-09,,seconds,0.0,0.0025744121521711,megabytes,0.0,0.0,0.0,0.0,0.0,0.0,0.0,0.0,success,sinkhorn,1.0,100000
1D-students-6df-128p,128,128,0.3131704240748117,11,1.12164207428565e-09,,seconds,0.0,0.0025633256882429,megabytes,0.0,0.0,0.0,0.0,0.0,0.0,0.0,0.0,success,sinkhorn,1.0,100000
1D-students-6df-128p,128,128,0.3052619154975045,11,1.7990354516636573e-12,,seconds,0.0,0.002557098865509,megabytes,0.0,0.0,0.0,0.0,0.0,0.0,0.0,0.0,success,sinkhorn,1.0,100000
1D-students-6df-128p,128,128,0.3425152356311268,11,3.6531568770457807e-09,,seconds,0.0,0.0027567110955715,megabytes,0.0,0.0,0.0,0.0,0.0,0.0,0.0,0.0,success,sinkhorn,1.0,100000
1D-students-6df-128p,128,128,0.3396276208222469,11,3.1659937095299893e-09,,seconds,0.0,0.0028222762048244,megabytes,0.0,0.0,0.0,0.0,0.0,0.0,0.0,0.0,success,sinkhorn,1.0,100000
1D-students-6df-128p,128,128,0.5321760526596604,11,9.513977624339454e-11,,seconds,0.0,0.0025555845350027,megabytes,0.0,0.0,0.0,0.0,0.0,0.0,0.0,0.0,success,sinkhorn,1.0,100000
1D-students-6df-128p,128,128,0.3758360020935161,11,3.0567860396323206e-09,,seconds,0.0,0.0024862065911293,megabytes,0.0,0.0,0.0,0.0,0.0,0.0,0.0,0.0,success,sinkhorn,1.0,100000
1D-students-6df-128p,128,128,0.3137904645564354,11,2.1952597908861915e-09,,seconds,0.0,0.00254438072443,megabytes,0.0,0.0,0.0,0.0,0.0,0.0,0.0,0.0,success,sinkhorn,1.0,100000
1D-students-6df-128p,128,128,0.3154466767988717,11,2.8791548377346876e-10,,seconds,0.0,0.0024859886616468,megabytes,0.0,0.0,0.0,0.0,0.0,0.0,0.0,0.0,success,sinkhorn,1.0,100000
1D-students-6df-128p,128,128,0.3166517960432004,11,1.4504785986904248e-10,,seconds,0.0,0.0025690607726573,megabytes,0.0,0.0,0.0,0.0,0.0,0.0,0.0,0.0,success,sinkhorn,1.0,100000
1D-students-6df-128p,128,128,0.3148804885239215,11,1.8087398922223558e-09,,seconds,0.0,0.0026048868894577,megabytes,0.0,0.0,0.0,0.0,0.0,0.0,0.0,0.0,success,sinkhorn,1.0,100000
1D-students-6df-128p,128,128,0.5862269810996702,11,4.2933546001086094e-11,,seconds,0.0,0.0025165025144815,megabytes,0.0,0.0,0.0,0.0,0.0,0.0,0.0,0.0,success,sinkhorn,1.0,100000
1D-students-6df-128p,128,128,0.3214159016147818,11,9.377486406590127e-10,,seconds,0.0,0.0025339871644973,megabytes,0.0,0.0,0.0,0.0,0.0,0.0,0.0,0.0,success,sinkhorn,1.0,100000
1D-students-6df-128p,128,128,0.3181039698224171,11,8.64799394471498e-10,,seconds,0.0,0.0024257358163595,megabytes,0.0,0.0,0.0,0.0,0.0,0.0,0.0,0.0,success,sinkhorn,1.0,100000
1D-students-6df-128p,128,128,0.3478080268074687,11,7.416691549512618e-13,,seconds,0.0,0.0025271456688642,megabytes,0.0,0.0,0.0,0.0,0.0,0.0,0.0,0.0,success,sinkhorn,1.0,100000
1D-students-6df-256p,256,256,0.3565031951470206,11,1.165076011754722e-09,,seconds,0.0,0.0026347674429416,megabytes,0.0,0.0,0.0,0.0,0.0,0.0,0.0,0.0,success,sinkhorn,1.0,100000
1D-students-6df-256p,256,256,0.668606782836074,11,1.7942736375986866e-13,,seconds,0.0,0.00254394300282,megabytes,0.0,0.0,0.0,0.0,0.0,0.0,0.0,0.0,success,sinkhorn,1.0,100000
1D-students-6df-256p,256,256,0.5862385343324534,11,3.037817499466271e-11,,seconds,0.0,0.002610744908452,megabytes,0.0,0.0,0.0,0.0,0.0,0.0,0.0,0.0,success,sinkhorn,1.0,100000
1D-students-6df-256p,256,256,0.4875056530780557,11,2.1918051157381044e-10,,seconds,0.0,0.0025836583226919,megabytes,0.0,0.0,0.0,0.0,0.0,0.0,0.0,0.0,success,sinkhorn,1.0,100000
1D-students-6df-256p,256,256,0.4475580840016332,11,2.4558296655640403e-10,,seconds,0.0,0.0027211643755435,megabytes,0.0,0.0,0.0,0.0,0.0,0.0,0.0,0.0,success,sinkhorn,1.0,100000
1D-students-6df-256p,256,256,0.3052670492359064,11,1.2789258942444958e-12,,seconds,0.0,0.0025833044201135,megabytes,0.0,0.0,0.0,0.0,0.0,0.0,0.0,0.0,success,sinkhorn,1.0,100000
1D-students-6df-256p,256,256,0.3131761019951289,11,7.933457936439714e-10,,seconds,0.0,0.0025785733014345,megabytes,0.0,0.0,0.0,0.0,0.0,0.0,0.0,0.0,success,sinkhorn,1.0,100000
1D-students-6df-256p,256,256,0.342521868496314,11,2.584003741466989e-09,,seconds,0.0,0.0028085466474294,megabytes,0.0,0.0,0.0,0.0,0.0,0.0,0.0,0.0,success,sinkhorn,1.0,100000
1D-students-6df-256p,256,256,0.3214224580578975,11,6.633355371057978e-10,,seconds,0.0,0.0025696363300085,megabytes,0.0,0.0,0.0,0.0,0.0,0.0,0.0,0.0,success,sinkhorn,1.0,100000
1D-students-6df-256p,256,256,0.3166584588344039,11,1.0257205364082838e-10,,seconds,0.0,0.0026909839361906,megabytes,0.0,0.0,0.0,0.0,0.0,0.0,0.0,0.0,success,sinkhorn,1.0,100000
1D-students-6df-256p,256,256,0.3148868180355937,11,1.2794132274469707e-09,,seconds,0.0,0.0027782600373029,megabytes,0.0,0.0,0.0,0.0,0.0,0.0,0.0,0.0,success,sinkhorn,1.0,100000
1D-students-6df-256p,256,256,0.5099830322935464,11,2.7314840487702597e-17,,seconds,0.0,0.0024996884167194,megabytes,0.0,0.0,0.0,0.0,0.0,0.0,0.0,0.0,success,sinkhorn,1.0,100000
1D-students-6df-256p,256,256,0.3123414581257323,11,1.233093640474292e-09,,seconds,0.0,0.0026436801999807,megabytes,0.0,0.0,0.0,0.0,0.0,0.0,0.0,0.0,success,sinkhorn,1.0,100000
1D-students-6df-256p,256,256,0.3467991143655625,11,3.313975637967157e-10,,seconds,0.0,0.0027709882706403,megabytes,0.0,0.0,0.0,0.0,0.0,0.0,0.0,0.0,success,sinkhorn,1.0,100000
1D-students-6df-256p,256,256,0.3154533432259302,11,2.0365560540664087e-10,,seconds,0.0,0.002596940845251,megabytes,0.0,0.0,0.0,0.0,0.0,0.0,0.0,0.0,success,sinkhorn,1.0,100000
1D-students-6df-256p,256,256,0.3250172622450809,11,2.893475391567688e-09,,seconds,0.0,0.0026442147791385,megabytes,0.0,0.0,0.0,0.0,0.0,0.0,0.0,0.0,success,sinkhorn,1.0,100000
1D-students-6df-256p,256,256,0.314016945012295,11,1.2924449593527743e-09,,seconds,0.0,0.0026936568319797,megabytes,0.0,0.0,0.0,0.0,0.0,0.0,0.0,0.0,success,sinkhorn,1.0,100000
1D-students-6df-256p,256,256,0.3181108224634991,11,6.117576270342534e-10,,seconds,0.0,0.0024372246116399,megabytes,0.0,0.0,0.0,0.0,0.0,0.0,0.0,0.0,success,sinkhorn,1.0,100000
1D-students-6df-256p,256,256,0.2940484723314158,11,9.97473413235752e-13,,seconds,0.0,0.0025388095527887,megabytes,0.0,0.0,0.0,0.0,0.0,0.0,0.0,0.0,success,sinkhorn,1.0,100000
1D-students-6df-256p,256,256,0.3478171923800933,11,5.245752163694137e-13,,seconds,0.0,0.0027600582689046,megabytes,0.0,0.0,0.0,0.0,0.0,0.0,0.0,0.0,success,sinkhorn,1.0,100000
1D-students-6df-256p,256,256,0.3245133400596671,11,9.160234033744287e-10,,seconds,0.0,0.0025013145059347,megabytes,0.0,0.0,0.0,0.0,0.0,0.0,0.0,0.0,success,sinkhorn,1.0,100000
1D-students-6df-256p,256,256,0.3137972312655688,11,1.5528477554406543e-09,,seconds,0.0,0.0024866163730621,megabytes,0.0,0.0,0.0,0.0,0.0,0.0,0.0,0.0,success,sinkhorn,1.0,100000
1D-students-6df-256p,256,256,0.3701955812770742,11,9.855503109574495e-10,,seconds,0.0,0.00267737172544,megabytes,0.0,0.0,0.0,0.0,0.0,0.0,0.0,0.0,success,sinkhorn,1.0,100000
1D-students-6df-256p,256,256,0.3758439652593252,11,2.162308016357886e-09,,seconds,0.0,0.0025661438703536,megabytes,0.0,0.0,0.0,0.0,0.0,0.0,0.0,0.0,success,sinkhorn,1.0,100000
1D-students-6df-256p,256,256,0.532187412549792,11,6.731775840688462e-11,,seconds,0.0,0.0027057826519012,megabytes,0.0,0.0,0.0,0.0,0.0,0.0,0.0,0.0,success,sinkhorn,1.0,100000
1D-students-6df-256p,256,256,0.3282314329633167,11,2.2689218323216947e-09,,seconds,0.0,0.002510542050004,megabytes,0.0,0.0,0.0,0.0,0.0,0.0,0.0,0.0,success,sinkhorn,1.0,100000
1D-students-6df-256p,256,256,0.3396345355886714,11,2.2394804954677967e-09,,seconds,0.0,0.0026211198419332,megabytes,0.0,0.0,0.0,0.0,0.0,0.0,0.0,0.0,success,sinkhorn,1.0,100000
1D-students-6df-256p,256,256,0.4255341645857499,11,2.405118069857517e-09,,seconds,0.0,0.0028012003749608,megabytes,0.0,0.0,0.0,0.0,0.0,0.0,0.0,0.0,success,sinkhorn,1.0,100000
1D-students-6df-256p,256,256,0.3244107478061073,11,1.612514692699402e-09,,seconds,0.0,0.0025875959545373,megabytes,0.0,0.0,0.0,0.0,0.0,0.0,0.0,0.0,success,sinkhorn,1.0,100000
1D-students-6df-256p,256,256,0.3365480127487959,11,6.334887236690902e-12,,seconds,0.0,0.0024194605648517,megabytes,0.0,0.0,0.0,0.0,0.0,0.0,0.0,0.0,success,sinkhorn,1.0,100000
1D-students-6df-512p,512,512,0.5321902525023597,11,4.760858474511215e-11,,seconds,0.0,0.0025996789336204,megabytes,0.0,0.0,0.0,0.0,0.0,0.0,0.0,0.0,success,sinkhorn,1.0,100000
1D-students-6df-512p,512,512,0.3701976648124141,11,6.969582346382009e-10,,seconds,0.0,0.0027442201972007,megabytes,0.0,0.0,0.0,0.0,0.0,0.0,0.0,0.0,success,sinkhorn,1.0,100000
1D-students-6df-512p,512,512,0.3140184885722527,11,9.139700280257977e-10,,seconds,0.0,0.0028388760983943,megabytes,0.0,0.0,0.0,0.0,0.0,0.0,0.0,0.0,success,sinkhorn,1.0,100000
1D-students-6df-512p,512,512,0.3478194837618315,11,3.709552778957014e-13,,seconds,0.0,0.002708101645112,megabytes,0.0,0.0,0.0,0.0,0.0,0.0,0.0,0.0,success,sinkhorn,1.0,100000
1D-students-6df-512p,512,512,0.3154550097472366,11,1.4401839077930872e-10,,seconds,0.0,0.0027100872248411,megabytes,0.0,0.0,0.0,0.0,0.0,0.0,0.0,0.0,success,sinkhorn,1.0,100000
1D-students-6df-512p,512,512,0.3245146707708144,11,6.477665866393671e-10,,seconds,0.0,0.0030195116996765,megabytes,0.0,0.0,0.0,0.0,0.0,0.0,0.0,0.0,success,sinkhorn,1.0,100000
1D-students-6df-512p,512,512,0.3396362642115648,11,1.583690619005738e-09,,seconds,0.0,0.0027026664465665,megabytes,0.0,0.0,0.0,0.0,0.0,0.0,0.0,0.0,success,sinkhorn,1.0,100000
1D-students-6df-512p,512,512,0.3052683326404048,11,9.055421786038528e-13,,seconds,0.0,0.0026561431586742,megabytes,0.0,0.0,0.0,0.0,0.0,0.0,0.0,0.0,success,sinkhorn,1.0,100000
1D-students-6df-512p,512,512,0.294050214207095,11,7.053657263027201e-13,,seconds,0.0,0.0026665218174457,megabytes,0.0,0.0,0.0,0.0,0.0,0.0,0.0,0.0,success,sinkhorn,1.0,100000
1D-students-6df-512p,512,512,0.5862414225817989,11,2.148407223875614e-11,,seconds,0.0,0.0025819651782512,megabytes,0.0,0.0,0.0,0.0,0.0,0.0,0.0,0.0,success,sinkhorn,1.0,100000
1D-students-6df-512p,512,512,0.3250189288521654,11,2.0461740628825103e-09,,seconds,0.0,0.002801077440381,megabytes,0.0,0.0,0.0,0.0,0.0,0.0,0.0,0.0,success,sinkhorn,1.0,100000
1D-students-6df-512p,512,512,0.3137989228572305,11,1.0981290198158772e-09,,seconds,0.0,0.0027425102889537,megabytes,0.0,0.0,0.0,0.0,0.0,0.0,0.0,0.0,success,sinkhorn,1.0,100000
1D-students-6df-512p,512,512,0.3166601244500369,11,7.253075855399268e-11,,seconds,0.0,0.0026978980749845,megabytes,0.0,0.0,0.0,0.0,0.0,0.0,0.0,0.0,success,sinkhorn,1.0,100000
1D-students-6df-512p,512,512,0.3181125355404675,11,4.326225440821139e-10,,seconds,0.0,0.0028024576604366,megabytes,0.0,0.0,0.0,0.0,0.0,0.0,0.0,0.0,success,sinkhorn,1.0,100000
1D-students-6df-512p,512,512,0.3214240970899789,11,4.69092749989613e-10,,seconds,0.0,0.0029285661876201,megabytes,0.0,0.0,0.0,0.0,0.0,0.0,0.0,0.0,success,sinkhorn,1.0,100000
1D-students-6df-512p,512,512,0.4475602424429165,11,1.7366848442757603e-10,,seconds,0.0,0.0027646552771329,megabytes,0.0,0.0,0.0,0.0,0.0,0.0,0.0,0.0,success,sinkhorn,1.0,100000
1D-students-6df-512p,512,512,0.3123427499370562,11,8.719818854138725e-10,,seconds,0.0,0.0026963520795106,megabytes,0.0,0.0,0.0,0.0,0.0,0.0,0.0,0.0,success,sinkhorn,1.0,100000
1D-students-6df-512p,512,512,0.314888400331393,11,9.04759740543398e-10,,seconds,0.0,0.0026504918932914,megabytes,0.0,0.0,0.0,0.0,0.0,0.0,0.0,0.0,success,sinkhorn,1.0,100000
1D-students-6df-512p,512,512,0.3758459560164491,11,1.5291301028601572e-09,,seconds,0.0,0.0027293134480714,megabytes,0.0,0.0,0.0,0.0,0.0,0.0,0.0,0.0,success,sinkhorn,1.0,100000
1D-students-6df-512p,512,512,0.3282332389755976,11,1.6045278210084656e-09,,seconds,0.0,0.0026657413691282,megabytes,0.0,0.0,0.0,0.0,0.0,0.0,0.0,0.0,success,sinkhorn,1.0,100000
1D-students-6df-512p,512,512,0.3468000911315188,11,2.343450417991899e-10,,seconds,0.0,0.0029991641640663,megabytes,0.0,0.0,0.0,0.0,0.0,0.0,0.0,0.0,success,sinkhorn,1.0,100000
1D-students-6df-512p,512,512,0.3244122879643329,11,1.140302545382645e-09,,seconds,0.0,0.0026139952242374,megabytes,0.0,0.0,0.0,0.0,0.0,0.0,0.0,0.0,success,sinkhorn,1.0,100000
1D-students-6df-512p,512,512,0.33654874336317,11,4.479754029023588e-12,,seconds,0.0,0.0026362128555774,megabytes,0.0,0.0,0.0,0.0,0.0,0.0,0.0,0.0,success,sinkhorn,1.0,100000
1D-students-6df-512p,512,512,0.6686087425454317,11,1.2690467854463133e-13,,seconds,0.0,0.002973111346364,megabytes,0.0,0.0,0.0,0.0,0.0,0.0,0.0,0.0,success,sinkhorn,1.0,100000
1D-students-6df-512p,512,512,0.5099847256194416,11,1.406535878739471e-17,,seconds,0.0,0.0027709640562534,megabytes,0.0,0.0,0.0,0.0,0.0,0.0,0.0,0.0,success,sinkhorn,1.0,100000
1D-students-6df-512p,512,512,0.4255368411533737,11,1.700865616902089e-09,,seconds,0.0,0.0026345178484916,megabytes,0.0,0.0,0.0,0.0,0.0,0.0,0.0,0.0,success,sinkhorn,1.0,100000
1D-students-6df-512p,512,512,0.3131775214178076,11,5.610199857281743e-10,,seconds,0.0,0.0026522986590862,megabytes,0.0,0.0,0.0,0.0,0.0,0.0,0.0,0.0,success,sinkhorn,1.0,100000
1D-students-6df-512p,512,512,0.3565048281653051,11,8.239004691427563e-10,,seconds,0.0,0.0028162542730569,megabytes,0.0,0.0,0.0,0.0,0.0,0.0,0.0,0.0,success,sinkhorn,1.0,100000
1D-students-6df-512p,512,512,0.3425235266456778,11,1.8273136273754062e-09,,seconds,0.0,0.0029446370899677,megabytes,0.0,0.0,0.0,0.0,0.0,0.0,0.0,0.0,success,sinkhorn,1.0,100000
1D-students-6df-512p,512,512,0.4875082809320481,11,1.5500523922687854e-10,,seconds,0.0,0.0029443446546792,megabytes,0.0,0.0,0.0,0.0,0.0,0.0,0.0,0.0,success,sinkhorn,1.0,100000
1D-students-6df-1024p,1024,1024,0.3181129638045035,11,3.0591821528992833e-10,,seconds,0.0,0.0028091669082641,megabytes,0.0,0.0,0.0,0.0,0.0,0.0,0.0,0.0,success,sinkhorn,1.0,100000
1D-students-6df-1024p,1024,1024,0.4475607820525396,11,1.2280483247269624e-10,,seconds,0.0,0.0026652328670024,megabytes,0.0,0.0,0.0,0.0,0.0,0.0,0.0,0.0,success,sinkhorn,1.0,100000
1D-students-6df-1024p,1024,1024,0.305268653489648,11,6.405278440479626e-13,,seconds,0.0,0.002771321684122,megabytes,0.0,0.0,0.0,0.0,0.0,0.0,0.0,0.0,success,sinkhorn,1.0,100000
1D-students-6df-1024p,1024,1024,0.3478200566065524,11,2.623091054584378e-13,,seconds,0.0,0.0028182957321405,megabytes,0.0,0.0,0.0,0.0,0.0,0.0,0.0,0.0,success,sinkhorn,1.0,100000
1D-students-6df-1024p,1024,1024,0.3154554263722224,11,1.018385258833144e-10,,seconds,0.0,0.0025974176824092,megabytes,0.0,0.0,0.0,0.0,0.0,0.0,0.0,0.0,success,sinkhorn,1.0,100000
1D-students-6df-1024p,1024,1024,0.321424506843081,11,3.3170638827141967e-10,,seconds,0.0,0.0025791637599468,megabytes,0.0,0.0,0.0,0.0,0.0,0.0,0.0,0.0,success,sinkhorn,1.0,100000
1D-students-6df-1024p,1024,1024,0.3137993457497948,11,7.765121247204197e-10,,seconds,0.0,0.0027893632650375,megabytes,0.0,0.0,0.0,0.0,0.0,0.0,0.0,0.0,success,sinkhorn,1.0,100000
1D-students-6df-1024p,1024,1024,0.3166605408488099,11,5.128723330146604e-11,,seconds,0.0,0.0025979094207286,megabytes,0.0,0.0,0.0,0.0,0.0,0.0,0.0,0.0,success,sinkhorn,1.0,100000
1D-students-6df-1024p,1024,1024,0.3565052364185337,11,5.825975099856052e-10,,seconds,0.0,0.0026463847607374,megabytes,0.0,0.0,0.0,0.0,0.0,0.0,0.0,0.0,success,sinkhorn,1.0,100000
1D-students-6df-1024p,1024,1024,0.4875089378938054,11,1.0960900561451449e-10,,seconds,0.0,0.0026743188500404,megabytes,0.0,0.0,0.0,0.0,0.0,0.0,0.0,0.0,success,sinkhorn,1.0,100000
1D-students-6df-1024p,1024,1024,0.3468003353225691,11,1.6570901461167574e-10,,seconds,0.0,0.0027390532195568,megabytes,0.0,0.0,0.0,0.0,0.0,0.0,0.0,0.0,success,sinkhorn,1.0,100000
1D-students-6df-1024p,1024,1024,0.5099851489474645,11,7.370842304997044e-18,,seconds,0.0,0.0025946050882339,megabytes,0.0,0.0,0.0,0.0,0.0,0.0,0.0,0.0,success,sinkhorn,1.0,100000
1D-students-6df-1024p,1024,1024,0.3396366963629939,11,1.1198629097386312e-09,,seconds,0.0,0.0026901513338088,megabytes,0.0,0.0,0.0,0.0,0.0,0.0,0.0,0.0,success,sinkhorn,1.0,100000
1D-students-6df-1024p,1024,1024,0.5321909624892533,11,3.366572393998435e-11,,seconds,0.0,0.0028290003538131,megabytes,0.0,0.0,0.0,0.0,0.0,0.0,0.0,0.0,success,sinkhorn,1.0,100000
1D-students-6df-1024p,1024,1024,0.3425239411788358,11,1.2921318547114464e-09,,seconds,0.0,0.0027206670492887,megabytes,0.0,0.0,0.0,0.0,0.0,0.0,0.0,0.0,success,sinkhorn,1.0,100000
1D-students-6df-1024p,1024,1024,0.3245150034458086,11,4.5804725664073e-10,,seconds,0.0,0.0027581378817558,megabytes,0.0,0.0,0.0,0.0,0.0,0.0,0.0,0.0,success,sinkhorn,1.0,100000
1D-students-6df-1024p,1024,1024,0.3148887959002108,11,6.397755323895342e-10,,seconds,0.0,0.0025618150830268,megabytes,0.0,0.0,0.0,0.0,0.0,0.0,0.0,0.0,success,sinkhorn,1.0,100000
1D-students-6df-1024p,1024,1024,0.3244126730013784,11,8.06330242173188e-10,,seconds,0.0,0.0026507135480642,megabytes,0.0,0.0,0.0,0.0,0.0,0.0,0.0,0.0,success,sinkhorn,1.0,100000
1D-students-6df-1024p,1024,1024,0.2940506496765374,11,4.987765620790161e-13,,seconds,0.0,0.002624275162816,megabytes,0.0,0.0,0.0,0.0,0.0,0.0,0.0,0.0,success,sinkhorn,1.0,100000
1D-students-6df-1024p,1024,1024,0.3123430728861746,11,6.165936752167918e-10,,seconds,0.0,0.0026414990425109,megabytes,0.0,0.0,0.0,0.0,0.0,0.0,0.0,0.0,success,sinkhorn,1.0,100000
1D-students-6df-1024p,1024,1024,0.3131778762698899,11,3.9670807152000337e-10,,seconds,0.0,0.0027805212885141,megabytes,0.0,0.0,0.0,0.0,0.0,0.0,0.0,0.0,success,sinkhorn,1.0,100000
1D-students-6df-1024p,1024,1024,0.336548926020595,11,3.167719461755692e-12,,seconds,0.0,0.0025966484099626,megabytes,0.0,0.0,0.0,0.0,0.0,0.0,0.0,0.0,success,sinkhorn,1.0,100000
1D-students-6df-1024p,1024,1024,0.3250193454996976,11,1.446895021701403e-09,,seconds,0.0,0.0024978332221508,megabytes,0.0,0.0,0.0,0.0,0.0,0.0,0.0,0.0,success,sinkhorn,1.0,100000
1D-students-6df-1024p,1024,1024,0.4255375102921245,11,1.2027272583368614e-09,,seconds,0.0,0.0027848221361637,megabytes,0.0,0.0,0.0,0.0,0.0,0.0,0.0,0.0,success,sinkhorn,1.0,100000
1D-students-6df-1024p,1024,1024,0.3140188744574679,11,6.462873863018662e-10,,seconds,0.0,0.0030581522732973,megabytes,0.0,0.0,0.0,0.0,0.0,0.0,0.0,0.0,success,sinkhorn,1.0,100000
1D-students-6df-1024p,1024,1024,0.5862421446404569,11,1.5192150830788194e-11,,seconds,0.0,0.0026493854820728,megabytes,0.0,0.0,0.0,0.0,0.0,0.0,0.0,0.0,success,sinkhorn,1.0,100000
1D-students-6df-1024p,1024,1024,0.6686092324899477,11,8.974037336015253e-14,,seconds,0.0,0.0027104504406452,megabytes,0.0,0.0,0.0,0.0,0.0,0.0,0.0,0.0,success,sinkhorn,1.0,100000
1D-students-6df-1024p,1024,1024,0.3701981856919189,11,4.928360813190715e-10,,seconds,0.0,0.0026914235204458,megabytes,0.0,0.0,0.0,0.0,0.0,0.0,0.0,0.0,success,sinkhorn,1.0,100000
1D-students-6df-1024p,1024,1024,0.3282336904739893,11,1.134600402931459e-09,,seconds,0.0,0.0027504209429025,megabytes,0.0,0.0,0.0,0.0,0.0,0.0,0.0,0.0,success,sinkhorn,1.0,100000
1D-students-6df-1024p,1024,1024,0.3758464537035846,11,1.081284330587747e-09,,seconds,0.0,0.0028018243610858,megabytes,0.0,0.0,0.0,0.0,0.0,0.0,0.0,0.0,success,sinkhorn,1.0,100000
1D-students-6df-2048p,2048,2048,0.3468003963703043,11,1.17174329924105e-10,,seconds,0.0,0.0032573547214269,megabytes,0.0,0.0,0.0,0.0,0.0,0.0,0.0,0.0,success,sinkhorn,1.0,100000
1D-students-6df-2048p,2048,2048,0.321424609281049,11,2.345532030868597e-10,,seconds,0.0,0.003344353288412,megabytes,0.0,0.0,0.0,0.0,0.0,0.0,0.0,0.0,success,sinkhorn,1.0,100000
1D-students-6df-2048p,2048,2048,0.3396368044005828,11,7.918669942979e-10,,seconds,0.0,0.0033060740679502,megabytes,0.0,0.0,0.0,0.0,0.0,0.0,0.0,0.0,success,sinkhorn,1.0,100000
1D-students-6df-2048p,2048,2048,0.3148888947920944,11,4.5239205391886556e-10,,seconds,0.3276209831237793,0.0034655630588531,megabytes,88270.0,88270.0,0.0,0.0,0.068304896,0.068304896,0.0,0.0,success,sinkhorn,1.0,100000
1D-students-6df-2048p,2048,2048,0.3365489716851907,11,2.239925630279712e-12,,seconds,0.0,0.0032959133386611,megabytes,0.0,0.0,0.0,0.0,0.0,0.0,0.0,0.0,success,sinkhorn,1.0,100000
1D-students-6df-2048p,2048,2048,0.3052687337018412,11,4.5295926980348464e-13,,seconds,0.3139271736145019,0.0032627377659082,megabytes,88270.0,88270.0,0.0,0.0,0.068100096,0.068100096,0.0,0.0,success,sinkhorn,1.0,100000
1D-students-6df-2048p,2048,2048,0.3282338033482948,11,8.022885711002207e-10,,seconds,0.0,0.0032485108822584,megabytes,0.0,0.0,0.0,0.0,0.0,0.0,0.0,0.0,success,sinkhorn,1.0,100000
1D-students-6df-2048p,2048,2048,0.315455530528135,11,7.201108962273982e-11,,seconds,0.0,0.0032350253313779,megabytes,0.0,0.0,0.0,0.0,0.0,0.0,0.0,0.0,success,sinkhorn,1.0,100000
1D-students-6df-2048p,2048,2048,0.3131779649826863,11,2.8051621111366066e-10,,seconds,0.0,0.003305060788989,megabytes,0.0,0.0,0.0,0.0,0.0,0.0,0.0,0.0,success,sinkhorn,1.0,100000
1D-students-6df-2048p,2048,2048,0.2940507585439307,11,3.52689284793524e-13,,seconds,0.0,0.0031886771321296,megabytes,0.0,0.0,0.0,0.0,0.0,0.0,0.0,0.0,success,sinkhorn,1.0,100000
1D-students-6df-2048p,2048,2048,0.425537677576615,11,8.504625473596802e-10,,seconds,0.0,0.0031327158212661,megabytes,0.0,0.0,0.0,0.0,0.0,0.0,0.0,0.0,success,sinkhorn,1.0,100000
1D-students-6df-2048p,2048,2048,0.3758465781252345,11,7.645880903421042e-10,,seconds,0.3102295398712158,0.0034345928579568,megabytes,88270.0,88270.0,0.0,0.0,0.068304896,0.068304896,0.0,0.0,success,sinkhorn,1.0,100000
1D-students-6df-2048p,2048,2048,0.3245150866143826,11,3.23889578475853e-10,,seconds,0.0,0.0031779389828443,megabytes,0.0,0.0,0.0,0.0,0.0,0.0,0.0,0.0,success,sinkhorn,1.0,100000
1D-students-6df-2048p,2048,2048,0.3181130708701871,11,2.1631823768922262e-10,,seconds,0.0,0.0036780554801225,megabytes,0.0,0.0,0.0,0.0,0.0,0.0,0.0,0.0,success,sinkhorn,1.0,100000
1D-students-6df-2048p,2048,2048,0.4475609169549018,11,8.683660161135941e-11,,seconds,0.0,0.0033284593373537,megabytes,0.0,0.0,0.0,0.0,0.0,0.0,0.0,0.0,success,sinkhorn,1.0,100000
1D-students-6df-2048p,2048,2048,0.4875091021341359,11,7.750593388669359e-11,,seconds,0.0,0.0032534208148717,megabytes,0.0,0.0,0.0,0.0,0.0,0.0,0.0,0.0,success,sinkhorn,1.0,100000
1D-students-6df-2048p,2048,2048,0.3166606449481823,11,3.626559315941183e-11,,seconds,0.0,0.0031528417021036,megabytes,0.0,0.0,0.0,0.0,0.0,0.0,0.0,0.0,success,sinkhorn,1.0,100000
1D-students-6df-2048p,2048,2048,0.3244127692604829,11,5.701641596989812e-10,,seconds,0.0,0.0032056607306003,megabytes,0.0,0.0,0.0,0.0,0.0,0.0,0.0,0.0,success,sinkhorn,1.0,100000
1D-students-6df-2048p,2048,2048,0.5862423251548916,11,1.0742578777941604e-11,,seconds,0.0,0.003276715055108,megabytes,0.0,0.0,0.0,0.0,0.0,0.0,0.0,0.0,success,sinkhorn,1.0,100000
1D-students-6df-2048p,2048,2048,0.3137994514726014,11,5.49080110226783e-10,,seconds,0.0,0.0033159404993057,megabytes,0.0,0.0,0.0,0.0,0.0,0.0,0.0,0.0,success,sinkhorn,1.0,100000
1D-students-6df-2048p,2048,2048,0.3123431536232223,11,4.3599922592636645e-10,,seconds,0.0,0.0032635070383548,megabytes,0.0,0.0,0.0,0.0,0.0,0.0,0.0,0.0,success,sinkhorn,1.0,100000
1D-students-6df-2048p,2048,2048,0.3425240448118638,11,9.136797924702355e-10,,seconds,0.0,0.0032722000032663,megabytes,0.0,0.0,0.0,0.0,0.0,0.0,0.0,0.0,success,sinkhorn,1.0,100000
1D-students-6df-2048p,2048,2048,0.3140189709284734,11,4.569964885703511e-10,,seconds,0.0,0.0033231321722269,megabytes,0.0,0.0,0.0,0.0,0.0,0.0,0.0,0.0,success,sinkhorn,1.0,100000
1D-students-6df-2048p,2048,2048,0.3701983159115245,11,3.4848988926175446e-10,,seconds,0.0,0.0034148506820201,megabytes,0.0,0.0,0.0,0.0,0.0,0.0,0.0,0.0,success,sinkhorn,1.0,100000
1D-students-6df-2048p,2048,2048,0.5099852547792545,11,5.533880622979653e-18,,seconds,0.0,0.0034041348844766,megabytes,0.0,0.0,0.0,0.0,0.0,0.0,0.0,0.0,success,sinkhorn,1.0,100000
1D-students-6df-2048p,2048,2048,0.3478201998176881,11,1.8548139490825123e-13,,seconds,0.0,0.0032916460186243,megabytes,0.0,0.0,0.0,0.0,0.0,0.0,0.0,0.0,success,sinkhorn,1.0,100000
1D-students-6df-2048p,2048,2048,0.356505338481757,11,4.1196075382248585e-10,,seconds,0.0,0.0031487792730331,megabytes,0.0,0.0,0.0,0.0,0.0,0.0,0.0,0.0,success,sinkhorn,1.0,100000
1D-students-6df-2048p,2048,2048,0.5321911399858987,11,2.3805502451032124e-11,,seconds,0.0,0.003208415582776,megabytes,0.0,0.0,0.0,0.0,0.0,0.0,0.0,0.0,success,sinkhorn,1.0,100000
1D-students-6df-2048p,2048,2048,0.3250194496613156,11,1.0231148442398491e-09,,seconds,0.3122749328613281,0.0032090749591588,megabytes,88270.0,88270.0,0.0,0.0,0.068263936,0.068263936,0.0,0.0,success,sinkhorn,1.0,100000
1D-students-6df-2048p,2048,2048,0.6686093549771501,11,6.345716826695527e-14,,seconds,0.2375729084014892,0.0032941829413175,megabytes,88270.0,88270.0,0.0,0.0,0.068091904,0.068091904,0.0,0.0,success,sinkhorn,1.0,100000
1D-students-2df-32p,32,32,0.0449454275848392,61,6.802231853007545e-07,,seconds,0.0,0.0041170828044414,megabytes,0.0,0.0,0.0,0.0,0.0,0.0,0.0,0.0,success,sinkhorn,0.1,100000
1D-students-2df-32p,32,32,0.0457614217629062,61,9.051559137855982e-07,,seconds,0.0,0.0039694365113973,megabytes,0.0,0.0,0.0,0.0,0.0,0.0,0.0,0.0,success,sinkhorn,0.1,100000
1D-students-2df-32p,32,32,0.0843113741491269,41,4.238853025542039e-07,,seconds,0.0,0.003631317988038,megabytes,0.0,0.0,0.0,0.0,0.0,0.0,0.0,0.0,success,sinkhorn,0.1,100000
1D-students-2df-32p,32,32,0.0878254899238123,81,2.51799767014964e-07,,seconds,0.0,0.004724470898509,megabytes,0.0,0.0,0.0,0.0,0.0,0.0,0.0,0.0,success,sinkhorn,0.1,100000
1D-students-2df-32p,32,32,0.1486615347399131,51,9.573310661782898e-08,,seconds,0.0,0.0039363987743854,megabytes,0.0,0.0,0.0,0.0,0.0,0.0,0.0,0.0,success,sinkhorn,0.1,100000
1D-students-2df-32p,32,32,0.0453411035225794,71,3.593169360323476e-07,,seconds,0.0,0.0044329371303319,megabytes,0.0,0.0,0.0,0.0,0.0,0.0,0.0,0.0,success,sinkhorn,0.1,100000
1D-students-2df-32p,32,32,0.0543139770602159,71,3.999579574230156e-07,,seconds,0.0,0.0045315865427255,megabytes,0.0,0.0,0.0,0.0,0.0,0.0,0.0,0.0,success,sinkhorn,0.1,100000
1D-students-2df-32p,32,32,0.2881205303175393,71,2.313072413583984e-07,,seconds,0.0,0.0046274028718471,megabytes,0.0,0.0,0.0,0.0,0.0,0.0,0.0,0.0,success,sinkhorn,0.1,100000
1D-students-2df-32p,32,32,0.0560930022430315,61,4.778714278995112e-07,,seconds,0.0,0.0040847212076187,megabytes,0.0,0.0,0.0,0.0,0.0,0.0,0.0,0.0,success,sinkhorn,0.1,100000
1D-students-2df-32p,32,32,0.0594398047013454,81,2.629713715498397e-07,,seconds,0.0,0.0046536885201931,megabytes,0.0,0.0,0.0,0.0,0.0,0.0,0.0,0.0,success,sinkhorn,0.1,100000
1D-students-2df-32p,32,32,0.1183266647621396,81,2.5200434084493654e-07,,seconds,0.0,0.0046486482024192,megabytes,0.0,0.0,0.0,0.0,0.0,0.0,0.0,0.0,success,sinkhorn,0.1,100000
1D-students-2df-32p,32,32,0.0706005095368738,71,4.681513734364817e-07,,seconds,0.2458515167236328,0.0044932402670383,megabytes,88270.0,88270.0,1.0,1.0,0.068489216,0.068489216,0.0,0.0,success,sinkhorn,0.1,100000
1D-students-2df-32p,32,32,0.102973930451799,71,6.212545088069402e-07,,seconds,0.0,0.0043738968670368,megabytes,0.0,0.0,0.0,0.0,0.0,0.0,0.0,0.0,success,sinkhorn,0.1,100000
1D-students-2df-32p,32,32,0.4297682304989049,51,4.861183790751554e-07,,seconds,0.2387049198150634,0.0036692768335342,megabytes,88270.0,88270.0,0.0,0.0,0.06836224,0.06836224,0.0,0.0,success,sinkhorn,0.1,100000
1D-students-2df-32p,32,32,0.3499620994786793,61,6.619437684856443e-07,,seconds,0.0,0.0041749365627765,megabytes,0.0,0.0,0.0,0.0,0.0,0.0,0.0,0.0,success,sinkhorn,0.1,100000
1D-students-2df-32p,32,32,0.0661368060856631,71,6.281907691347738e-07,,seconds,0.0,0.0043777450919151,megabytes,0.0,0.0,0.0,0.0,0.0,0.0,0.0,0.0,success,sinkhorn,0.1,100000
1D-students-2df-32p,32,32,0.1023913607593072,71,1.6110155769714614e-07,,seconds,0.0,0.0043651107698678,megabytes,0.0,0.0,0.0,0.0,0.0,0.0,0.0,0.0,success,sinkhorn,0.1,100000
1D-students-2df-32p,32,32,0.214385819310538,71,1.834840916333673e-07,,seconds,0.0,0.004418620839715,megabytes,0.0,0.0,0.0,0.0,0.0,0.0,0.0,0.0,success,sinkhorn,0.1,100000
1D-students-2df-32p,32,32,0.1254687146451358,81,2.361690111337034e-07,,seconds,0.0,0.0045366119593381,megabytes,0.0,0.0,0.0,0.0,0.0,0.0,0.0,0.0,success,sinkhorn,0.1,100000
1D-students-2df-32p,32,32,0.1890882425525096,81,2.692818429924173e-07,,seconds,0.0,0.0046071596443653,megabytes,0.0,0.0,0.0,0.0,0.0,0.0,0.0,0.0,success,sinkhorn,0.1,100000
1D-students-2df-32p,32,32,0.3906442707534873,31,2.780372753258413e-08,,seconds,0.0,0.0032048393040895,megabytes,0.0,0.0,0.0,0.0,0.0,0.0,0.0,0.0,success,sinkhorn,0.1,100000
1D-students-2df-32p,32,32,0.0513508734397842,71,3.63166644026969e-07,,seconds,0.0,0.0046666860580444,megabytes,0.0,0.0,0.0,0.0,0.0,0.0,0.0,0.0,success,sinkhorn,0.1,100000
1D-students-2df-32p,32,32,0.0629444485491315,81,5.080740593797921e-07,,seconds,0.0,0.0047164261341094,megabytes,0.0,0.0,0.0,0.0,0.0,0.0,0.0,0.0,success,sinkhorn,0.1,100000
1D-students-2df-32p,32,32,0.0531003509897669,71,9.420026904118624e-07,,seconds,0.2367258071899414,0.004299284890294,megabytes,88270.0,88270.0,1.0,1.0,0.068481024,0.068481024,0.0,0.0,success,sinkhorn,0.1,100000
1D-students-2df-32p,32,32,0.0473505182740322,71,7.957315243721649e-07,,seconds,0.0,0.0043327491730451,megabytes,0.0,0.0,0.0,0.0,0.0,0.0,0.0,0.0,success,sinkhorn,0.1,100000
1D-students-2df-32p,32,32,0.2475884305370345,71,4.076073131055695e-07,,seconds,0.0,0.0043477602303028,megabytes,0.0,0.0,0.0,0.0,0.0,0.0,0.0,0.0,success,sinkhorn,0.1,100000
1D-students-2df-32p,32,32,0.0831514895532657,81,3.445033796505511e-07,,seconds,0.2373304367065429,0.0048350915312767,megabytes,88270.0,88270.0,1.0,1.0,0.068550656,0.068550656,0.0,0.0,success,sinkhorn,0.1,100000
1D-students-2df-32p,32,32,0.1149340363152274,61,2.840360620542117e-07,,seconds,0.0,0.004274308681488,megabytes,0.0,0.0,0.0,0.0,0.0,0.0,0.0,0.0,success,sinkhorn,0.1,100000
1D-students-2df-32p,32,32,0.0452571542193051,71,5.349478026933735e-07,,seconds,0.0,0.0043735560029745,megabytes,0.0,0.0,0.0,0.0,0.0,0.0,0.0,0.0,success,sinkhorn,0.1,100000
1D-students-2df-32p,32,32,0.0613863561684268,81,3.389878185084077e-07,,seconds,0.2363033294677734,0.0046446230262517,megabytes,88270.0,88270.0,0.0,0.0,0.06846464,0.06846464,0.0,0.0,success,sinkhorn,0.1,100000
1D-students-2df-64p,64,64,0.0473866179329899,71,5.63090392368614e-07,,seconds,0.0,0.0043337307870388,megabytes,0.0,0.0,0.0,0.0,0.0,0.0,0.0,0.0,success,sinkhorn,0.1,100000
1D-students-2df-64p,64,64,0.062982947045332,81,3.595659894807712e-07,,seconds,0.0,0.0045824311673641,megabytes,0.0,0.0,0.0,0.0,0.0,0.0,0.0,0.0,success,sinkhorn,0.1,100000
1D-students-2df-64p,64,64,0.0531343543007245,71,6.662365008037985e-07,,seconds,0.0,0.0042560063302516,megabytes,0.0,0.0,0.0,0.0,0.0,0.0,0.0,0.0,success,sinkhorn,0.1,100000
1D-students-2df-64p,64,64,0.0706290121694969,71,3.3095560370110455e-07,,seconds,0.0,0.0043488461524248,megabytes,0.0,0.0,0.0,0.0,0.0,0.0,0.0,0.0,success,sinkhorn,0.1,100000
1D-students-2df-64p,64,64,0.4296690535013358,51,3.457332173818606e-07,,seconds,0.3188271522521972,0.0037674903869628,megabytes,88270.0,88270.0,0.0,0.0,0.06852608,0.06852608,0.0,0.0,success,sinkhorn,0.1,100000
1D-students-2df-64p,64,64,0.0561270403782701,61,3.379256627673774e-07,,seconds,0.2668862342834472,0.0041423141956329,megabytes,88270.0,88270.0,1.0,1.0,0.068591616,0.068591616,0.0,0.0,success,sinkhorn,0.1,100000
1D-students-2df-64p,64,64,0.1255003701891472,71,8.301806869565231e-07,,seconds,0.2559614181518554,0.0047672186046838,megabytes,88270.0,88270.0,0.0,0.0,0.06971392,0.06971392,0.0,0.0,success,sinkhorn,0.1,100000
1D-students-2df-64p,64,64,0.0878555315650224,71,8.357977737388728e-07,,seconds,0.0,0.0042414963245391,megabytes,0.0,0.0,0.0,0.0,0.0,0.0,0.0,0.0,success,sinkhorn,0.1,100000
1D-students-2df-64p,64,64,0.054340879641026,71,2.826944329876948e-07,,seconds,0.2387812137603759,0.0044182687997817,megabytes,88270.0,88270.0,1.0,1.0,0.06864896,0.06864896,0.0,0.0,success,sinkhorn,0.1,100000
1D-students-2df-64p,64,64,0.1149327932665045,61,2.0094397370356826e-07,,seconds,0.242661714553833,0.004868034273386,megabytes,88270.0,88270.0,0.0,0.0,0.069558272,0.069558272,0.0,0.0,success,sinkhorn,0.1,100000
1D-students-2df-64p,64,64,0.0449787080750473,61,4.811647741216097e-07,,seconds,0.3230955600738525,0.0041367877274751,megabytes,88270.0,88270.0,1.0,1.0,0.068534272,0.068534272,0.0,0.0,success,sinkhorn,0.1,100000
1D-students-2df-64p,64,64,0.2144208315581165,61,8.91156246760288e-07,,seconds,0.0,0.0039778929203748,megabytes,0.0,0.0,0.0,0.0,0.0,0.0,0.0,0.0,success,sinkhorn,0.1,100000
1D-students-2df-64p,64,64,0.1029981053282429,71,4.395580163881365e-07,,seconds,0.0,0.0043690148741006,megabytes,0.0,0.0,0.0,0.0,0.0,0.0,0.0,0.0,success,sinkhorn,0.1,100000
1D-students-2df-64p,64,64,0.2881331247095433,71,1.640872896406059e-07,,seconds,0.0,0.0043489467352628,megabytes,0.0,0.0,0.0,0.0,0.0,0.0,0.0,0.0,success,sinkhorn,0.1,100000
1D-students-2df-64p,64,64,0.0843585290716529,41,2.990943365627526e-07,,seconds,0.0,0.0034772772341966,megabytes,0.0,0.0,0.0,0.0,0.0,0.0,0.0,0.0,success,sinkhorn,0.1,100000
1D-students-2df-64p,64,64,0.1891420874423538,71,9.730486963637277e-07,,seconds,0.0,0.0044897776097059,megabytes,0.0,0.0,0.0,0.0,0.0,0.0,0.0,0.0,success,sinkhorn,0.1,100000
1D-students-2df-64p,64,64,0.0594755738428854,71,7.964727311290095e-07,,seconds,0.0,0.0044493954628705,megabytes,0.0,0.0,0.0,0.0,0.0,0.0,0.0,0.0,success,sinkhorn,0.1,100000
1D-students-2df-64p,64,64,0.0831876114175484,81,2.437095716866464e-07,,seconds,0.0,0.0046381596475839,megabytes,0.0,0.0,0.0,0.0,0.0,0.0,0.0,0.0,success,sinkhorn,0.1,100000
1D-students-2df-64p,64,64,0.0452927940633065,71,3.7860582344125225e-07,,seconds,0.0,0.0043970718979835,megabytes,0.0,0.0,0.0,0.0,0.0,0.0,0.0,0.0,success,sinkhorn,0.1,100000
1D-students-2df-64p,64,64,0.0614231295295056,81,2.398374441020268e-07,,seconds,0.0,0.0046556442975997,megabytes,0.0,0.0,0.0,0.0,0.0,0.0,0.0,0.0,success,sinkhorn,0.1,100000
1D-students-2df-64p,64,64,0.3906729917064276,31,1.981470562284111e-08,,seconds,0.0,0.0031796637922525,megabytes,0.0,0.0,0.0,0.0,0.0,0.0,0.0,0.0,success,sinkhorn,0.1,100000
1D-students-2df-64p,64,64,0.051384353490206,71,2.568303042370469e-07,,seconds,0.0,0.0043157171458005,megabytes,0.0,0.0,0.0,0.0,0.0,0.0,0.0,0.0,success,sinkhorn,0.1,100000
1D-students-2df-64p,64,64,0.0457947752309559,61,6.399549500028234e-07,,seconds,0.0,0.0039232932031154,megabytes,0.0,0.0,0.0,0.0,0.0,0.0,0.0,0.0,success,sinkhorn,0.1,100000
1D-students-2df-64p,64,64,0.0661679923184925,71,4.442773421286687e-07,,seconds,0.0,0.0046560708433389,megabytes,0.0,0.0,0.0,0.0,0.0,0.0,0.0,0.0,success,sinkhorn,0.1,100000
1D-students-2df-64p,64,64,0.3499627310711709,61,4.693492926043853e-07,,seconds,0.0,0.0039350725710392,megabytes,0.0,0.0,0.0,0.0,0.0,0.0,0.0,0.0,success,sinkhorn,0.1,100000
1D-students-2df-64p,64,64,0.1024001870598039,61,7.307266801540758e-07,,seconds,0.0,0.0039912853389978,megabytes,0.0,0.0,0.0,0.0,0.0,0.0,0.0,0.0,success,sinkhorn,0.1,100000
1D-students-2df-64p,64,64,0.2476118210606674,71,2.888710174056672e-07,,seconds,0.0,0.0042743552476167,megabytes,0.0,0.0,0.0,0.0,0.0,0.0,0.0,0.0,success,sinkhorn,0.1,100000
1D-students-2df-64p,64,64,0.1183697299091746,71,8.639291349102589e-07,,seconds,0.0,0.0046518165618181,megabytes,0.0,0.0,0.0,0.0,0.0,0.0,0.0,0.0,success,sinkhorn,0.1,100000
1D-students-2df-64p,64,64,0.1487161331354305,51,6.792463790785501e-08,,seconds,0.0,0.003873061388731,megabytes,0.0,0.0,0.0,0.0,0.0,0.0,0.0,0.0,success,sinkhorn,0.1,100000
1D-students-2df-64p,64,64,0.0453770835447056,61,9.888211764591574e-07,,seconds,0.0,0.0040326360613107,megabytes,0.0,0.0,0.0,0.0,0.0,0.0,0.0,0.0,success,sinkhorn,0.1,100000
1D-students-2df-128p,128,128,0.0878633254532338,71,5.9103139728489e-07,,seconds,0.0,0.0044016055762767,megabytes,0.0,0.0,0.0,0.0,0.0,0.0,0.0,0.0,success,sinkhorn,0.1,100000
1D-students-2df-128p,128,128,0.0706360973394285,71,2.3400798745757354e-07,,seconds,0.0,0.0045973379164934,megabytes,0.0,0.0,0.0,0.0,0.0,0.0,0.0,0.0,success,sinkhorn,0.1,100000
1D-students-2df-128p,128,128,0.2144302751613291,61,6.302546898863386e-07,,seconds,0.0,0.0041654668748378,megabytes,0.0,0.0,0.0,0.0,0.0,0.0,0.0,0.0,success,sinkhorn,0.1,100000
1D-students-2df-128p,128,128,0.4296445431199104,51,2.4482728687455655e-07,,seconds,0.0,0.0037554316222667,megabytes,0.0,0.0,0.0,0.0,0.0,0.0,0.0,0.0,success,sinkhorn,0.1,100000
1D-students-2df-128p,128,128,0.1183808782722591,71,6.109904375037532e-07,,seconds,0.0,0.0043200477957725,megabytes,0.0,0.0,0.0,0.0,0.0,0.0,0.0,0.0,success,sinkhorn,0.1,100000
1D-students-2df-128p,128,128,0.3499630115278596,61,3.321110262570807e-07,,seconds,0.0,0.004064442589879,megabytes,0.0,0.0,0.0,0.0,0.0,0.0,0.0,0.0,success,sinkhorn,0.1,100000
1D-students-2df-128p,128,128,0.0513921499402756,61,8.363670921132125e-07,,seconds,0.0,0.004012843593955,megabytes,0.0,0.0,0.0,0.0,0.0,0.0,0.0,0.0,success,sinkhorn,0.1,100000
1D-students-2df-128p,128,128,0.114932452290799,61,1.421071727251808e-07,,seconds,0.0,0.0038680378347635,megabytes,0.0,0.0,0.0,0.0,0.0,0.0,0.0,0.0,success,sinkhorn,0.1,100000
1D-students-2df-128p,128,128,0.0531427873656522,71,4.711262770516997e-07,,seconds,0.0,0.0042464528232812,megabytes,0.0,0.0,0.0,0.0,0.0,0.0,0.0,0.0,success,sinkhorn,0.1,100000
1D-students-2df-128p,128,128,0.0458030500568663,61,4.5250196461730886e-07,,seconds,0.0,0.0039850361645221,megabytes,0.0,0.0,0.0,0.0,0.0,0.0,0.0,0.0,success,sinkhorn,0.1,100000
1D-students-2df-128p,128,128,0.0831950431937426,71,7.666935198322761e-07,,seconds,0.0,0.0044421479105949,megabytes,0.0,0.0,0.0,0.0,0.0,0.0,0.0,0.0,success,sinkhorn,0.1,100000
1D-students-2df-128p,128,128,0.1891562288748563,71,6.88311594529849e-07,,seconds,0.0,0.0044299662113189,megabytes,0.0,0.0,0.0,0.0,0.0,0.0,0.0,0.0,success,sinkhorn,0.1,100000
1D-students-2df-128p,128,128,0.2476177108513625,71,2.0437913926771123e-07,,seconds,0.0,0.0042525026947259,megabytes,0.0,0.0,0.0,0.0,0.0,0.0,0.0,0.0,success,sinkhorn,0.1,100000
1D-students-2df-128p,128,128,0.1024027048718376,61,5.166387010018266e-07,,seconds,0.3147931098937988,0.0043511949479579,megabytes,88270.0,88270.0,1.0,1.0,0.068161536,0.068161536,0.0,0.0,success,sinkhorn,0.1,100000
1D-students-2df-128p,128,128,0.0661757462564581,71,3.141664510932959e-07,,seconds,0.0,0.0042918920516967,megabytes,0.0,0.0,0.0,0.0,0.0,0.0,0.0,0.0,success,sinkhorn,0.1,100000
1D-students-2df-128p,128,128,0.0843703401967659,41,2.113790917531742e-07,,seconds,0.3103132247924804,0.0033106561750173,megabytes,88270.0,88270.0,0.0,0.0,0.06805504,0.06805504,0.0,0.0,success,sinkhorn,0.1,100000
1D-students-2df-128p,128,128,0.1487280606473753,41,7.404358850504841e-07,,seconds,0.0,0.0038459468632936,megabytes,0.0,0.0,0.0,0.0,0.0,0.0,0.0,0.0,success,sinkhorn,0.1,100000
1D-students-2df-128p,128,128,0.0453860561398083,61,6.992719681226765e-07,,seconds,0.0,0.0038811974227428,megabytes,0.0,0.0,0.0,0.0,0.0,0.0,0.0,0.0,success,sinkhorn,0.1,100000
1D-students-2df-128p,128,128,0.0614313361285542,71,7.147445253509883e-07,,seconds,0.0,0.0042348019778728,megabytes,0.0,0.0,0.0,0.0,0.0,0.0,0.0,0.0,success,sinkhorn,0.1,100000
1D-students-2df-128p,128,128,0.0629925110894291,81,2.5430594035171804e-07,,seconds,0.0,0.0044877417385578,megabytes,0.0,0.0,0.0,0.0,0.0,0.0,0.0,0.0,success,sinkhorn,0.1,100000
1D-students-2df-128p,128,128,0.0594846312229267,71,5.632424673510091e-07,,seconds,0.3155915737152099,0.0042753238230943,megabytes,88270.0,88270.0,1.0,1.0,0.068169728,0.068169728,0.0,0.0,success,sinkhorn,0.1,100000
1D-students-2df-128p,128,128,0.2881328622690202,61,8.154292897285247e-07,,seconds,0.0,0.0039960630238056,megabytes,0.0,0.0,0.0,0.0,0.0,0.0,0.0,0.0,success,sinkhorn,0.1,100000
1D-students-2df-128p,128,128,0.1255087041573239,71,5.871818834106372e-07,,seconds,0.3093733787536621,0.0041041672229766,megabytes,88270.0,88270.0,1.0,1.0,0.068153344,0.068153344,0.0,0.0,success,sinkhorn,0.1,100000
1D-students-2df-128p,128,128,0.0543466051394664,61,9.751093780776953e-07,,seconds,0.0,0.0044185630977153,megabytes,0.0,0.0,0.0,0.0,0.0,0.0,0.0,0.0,success,sinkhorn,0.1,100000
1D-students-2df-128p,128,128,0.3906802670365801,31,1.4038490690723244e-08,,seconds,0.2431659698486328,0.0032976623624563,megabytes,88270.0,88270.0,0.0,0.0,0.068722688,0.068722688,0.0,0.0,success,sinkhorn,0.1,100000
1D-students-2df-128p,128,128,0.1030041212153463,71,3.108624128740205e-07,,seconds,0.0,0.0048689171671867,megabytes,0.0,0.0,0.0,0.0,0.0,0.0,0.0,0.0,success,sinkhorn,0.1,100000
1D-students-2df-128p,128,128,0.0561355159863198,61,2.389535949606839e-07,,seconds,0.0,0.0040428843349218,megabytes,0.0,0.0,0.0,0.0,0.0,0.0,0.0,0.0,success,sinkhorn,0.1,100000
1D-students-2df-128p,128,128,0.0453016337552973,71,2.677755708707388e-07,,seconds,0.0,0.0042565502226352,megabytes,0.0,0.0,0.0,0.0,0.0,0.0,0.0,0.0,success,sinkhorn,0.1,100000
1D-students-2df-128p,128,128,0.0473955749621833,71,3.982408095296507e-07,,seconds,0.0,0.0042858459055423,megabytes,0.0,0.0,0.0,0.0,0.0,0.0,0.0,0.0,success,sinkhorn,0.1,100000
1D-students-2df-128p,128,128,0.0449869609148632,61,3.402663138589953e-07,,seconds,0.0,0.0038987882435321,megabytes,0.0,0.0,0.0,0.0,0.0,0.0,0.0,0.0,success,sinkhorn,0.1,100000
1D-students-2df-256p,256,256,0.0831972857733006,71,5.421480024604703e-07,,seconds,0.0,0.0046556275337934,megabytes,0.0,0.0,0.0,0.0,0.0,0.0,0.0,0.0,success,sinkhorn,0.1,100000
1D-students-2df-256p,256,256,0.0458051148192682,61,3.199646783144888e-07,,seconds,0.0,0.004381438717246,megabytes,0.0,0.0,0.0,0.0,0.0,0.0,0.0,0.0,success,sinkhorn,0.1,100000
1D-students-2df-256p,256,256,0.0706359282850694,61,8.444358502337802e-07,,seconds,0.2389163970947265,0.0041266717016696,megabytes,88270.0,88270.0,1.0,1.0,0.068145152,0.068145152,0.0,0.0,success,sinkhorn,0.1,100000
1D-students-2df-256p,256,256,0.04498892141579,51,9.609354532380105e-07,,seconds,0.0,0.0038006454706192,megabytes,0.0,0.0,0.0,0.0,0.0,0.0,0.0,0.0,success,sinkhorn,0.1,100000
1D-students-2df-256p,256,256,0.189159764417417,71,4.867563313407822e-07,,seconds,0.0,0.0046011507511138,megabytes,0.0,0.0,0.0,0.0,0.0,0.0,0.0,0.0,success,sinkhorn,0.1,100000
1D-students-2df-256p,256,256,0.0531448914264233,71,3.331412210930852e-07,,seconds,0.0,0.0047391671687364,megabytes,0.0,0.0,0.0,0.0,0.0,0.0,0.0,0.0,success,sinkhorn,0.1,100000
1D-students-2df-256p,256,256,0.288133671718727,61,5.7669283387597e-07,,seconds,0.0,0.0043301787227392,megabytes,0.0,0.0,0.0,0.0,0.0,0.0,0.0,0.0,success,sinkhorn,0.1,100000
1D-students-2df-256p,256,256,0.3499630892482473,61,2.348789569455005e-07,,seconds,0.0,0.0043842773884534,megabytes,0.0,0.0,0.0,0.0,0.0,0.0,0.0,0.0,success,sinkhorn,0.1,100000
1D-students-2df-256p,256,256,0.0629935089437081,71,7.200735417744852e-07,,seconds,0.0,0.0046223122626543,megabytes,0.0,0.0,0.0,0.0,0.0,0.0,0.0,0.0,success,sinkhorn,0.1,100000
1D-students-2df-256p,256,256,0.0453882948418886,61,4.94472355094768e-07,,seconds,0.0,0.0041644666343927,megabytes,0.0,0.0,0.0,0.0,0.0,0.0,0.0,0.0,success,sinkhorn,0.1,100000
1D-students-2df-256p,256,256,0.056136807300369,51,9.43683444839809e-07,,seconds,0.0,0.0038522221148014,megabytes,0.0,0.0,0.0,0.0,0.0,0.0,0.0,0.0,success,sinkhorn,0.1,100000
1D-students-2df-256p,256,256,0.4296384331064752,51,1.731823243907727e-07,,seconds,0.0,0.003833744674921,megabytes,0.0,0.0,0.0,0.0,0.0,0.0,0.0,0.0,success,sinkhorn,0.1,100000
1D-students-2df-256p,256,256,0.0453035968119605,61,7.130346930734209e-07,,seconds,0.2444636821746826,0.0042859110981225,megabytes,88270.0,88270.0,0.0,0.0,0.068173824,0.068173824,0.0,0.0,success,sinkhorn,0.1,100000
1D-students-2df-256p,256,256,0.2476139041900001,61,9.115847355153864e-07,,seconds,0.0,0.0042184479534626,megabytes,0.0,0.0,0.0,0.0,0.0,0.0,0.0,0.0,success,sinkhorn,0.1,100000
1D-students-2df-256p,256,256,0.0878652711040095,71,4.179282482382754e-07,,seconds,0.0,0.0048101712018251,megabytes,0.0,0.0,0.0,0.0,0.0,0.0,0.0,0.0,success,sinkhorn,0.1,100000
1D-students-2df-256p,256,256,0.1149285126760247,51,8.322971224072743e-07,,seconds,0.2371933460235595,0.003974599763751,megabytes,88270.0,88270.0,0.0,0.0,0.069144576,0.069144576,0.0,0.0,success,sinkhorn,0.1,100000
1D-students-2df-256p,256,256,0.0594868918081245,71,3.982816847061052e-07,,seconds,0.239227294921875,0.0045614950358867,megabytes,88270.0,88270.0,1.0,1.0,0.068153344,0.068153344,0.0,0.0,success,sinkhorn,0.1,100000
1D-students-2df-256p,256,256,0.214432638298778,61,4.4567732508601036e-07,,seconds,0.2370851039886474,0.0042682811617851,megabytes,88270.0,88270.0,0.0,0.0,0.068235264,0.068235264,0.0,0.0,success,sinkhorn,0.1,100000
1D-students-2df-256p,256,256,0.1030056234656169,71,2.1982144907850217e-07,,seconds,0.2359294891357422,0.0044235568493604,megabytes,88270.0,88270.0,0.0,0.0,0.068186112,0.068186112,0.0,0.0,success,sinkhorn,0.1,100000
1D-students-2df-256p,256,256,0.0473978100049864,71,2.816122144556144e-07,,seconds,0.0,0.0043864585459232,megabytes,0.0,0.0,0.0,0.0,0.0,0.0,0.0,0.0,success,sinkhorn,0.1,100000
1D-students-2df-256p,256,256,0.0843732943628532,41,1.4944770343803084e-07,,seconds,0.0,0.003350656479597,megabytes,0.0,0.0,0.0,0.0,0.0,0.0,0.0,0.0,success,sinkhorn,0.1,100000
1D-students-2df-256p,256,256,0.1183836632482133,71,4.320533154498558e-07,,seconds,0.0,0.0044682174921035,megabytes,0.0,0.0,0.0,0.0,0.0,0.0,0.0,0.0,success,sinkhorn,0.1,100000
1D-students-2df-256p,256,256,0.0614336172004677,71,5.054171471020022e-07,,seconds,0.0,0.0048481412231922,megabytes,0.0,0.0,0.0,0.0,0.0,0.0,0.0,0.0,success,sinkhorn,0.1,100000
1D-students-2df-256p,256,256,0.0543482701567568,61,6.894903543561784e-07,,seconds,0.0,0.0040501467883586,megabytes,0.0,0.0,0.0,0.0,0.0,0.0,0.0,0.0,success,sinkhorn,0.1,100000
1D-students-2df-256p,256,256,0.0513942264975134,61,5.914060472394681e-07,,seconds,0.0,0.0042948238551616,megabytes,0.0,0.0,0.0,0.0,0.0,0.0,0.0,0.0,success,sinkhorn,0.1,100000
1D-students-2df-256p,256,256,0.3906820911109656,31,9.931554851961254e-09,,seconds,0.3069064617156982,0.0033931843936443,megabytes,88270.0,88270.0,1.0,1.0,0.068759552,0.068759552,0.0,0.0,success,sinkhorn,0.1,100000
1D-students-2df-256p,256,256,0.0661776820987948,71,2.2215190668000897e-07,,seconds,0.0,0.004415888339281,megabytes,0.0,0.0,0.0,0.0,0.0,0.0,0.0,0.0,success,sinkhorn,0.1,100000
1D-students-2df-256p,256,256,0.1255107862611262,71,4.152278860751026e-07,,seconds,0.0,0.0044146925210952,megabytes,0.0,0.0,0.0,0.0,0.0,0.0,0.0,0.0,success,sinkhorn,0.1,100000
1D-students-2df-256p,256,256,0.1487314911572547,41,5.236562603474381e-07,,seconds,0.3092031478881836,0.0035581476986408,megabytes,88270.0,88270.0,0.0,0.0,0.068141056,0.068141056,0.0,0.0,success,sinkhorn,0.1,100000
1D-students-2df-256p,256,256,0.1024033326988007,61,3.653076561093334e-07,,seconds,0.0,0.0040328353643417,megabytes,0.0,0.0,0.0,0.0,0.0,0.0,0.0,0.0,success,sinkhorn,0.1,100000
1D-students-2df-512p,512,512,0.0543486862073883,61,4.875404635914406e-07,,seconds,0.0,0.0045561790466308,megabytes,0.0,0.0,0.0,0.0,0.0,0.0,0.0,0.0,success,sinkhorn,0.1,100000
1D-students-2df-512p,512,512,0.0513947454391415,61,4.18188150089744e-07,,seconds,0.0,0.0046930126845836,megabytes,0.0,0.0,0.0,0.0,0.0,0.0,0.0,0.0,success,sinkhorn,0.1,100000
1D-students-2df-512p,512,512,0.1255113067005933,71,2.936153367951511e-07,,seconds,0.0,0.0052750091999769,megabytes,0.0,0.0,0.0,0.0,0.0,0.0,0.0,0.0,success,sinkhorn,0.1,100000
1D-students-2df-512p,512,512,0.0453888542399397,61,3.496469510528672e-07,,seconds,0.0,0.0045931432396173,megabytes,0.0,0.0,0.0,0.0,0.0,0.0,0.0,0.0,success,sinkhorn,0.1,100000
1D-students-2df-512p,512,512,0.4296369066995369,51,1.224695921519686e-07,,seconds,0.0,0.0041783582419157,megabytes,0.0,0.0,0.0,0.0,0.0,0.0,0.0,0.0,success,sinkhorn,0.1,100000
1D-students-2df-512p,512,512,0.0453041479255986,61,5.041980307798246e-07,,seconds,0.0,0.0050705000758171,megabytes,0.0,0.0,0.0,0.0,0.0,0.0,0.0,0.0,success,sinkhorn,0.1,100000
1D-students-2df-512p,512,512,0.1149284907782073,51,5.885260658884987e-07,,seconds,0.3048017024993896,0.0041396729648113,megabytes,88270.0,88270.0,1.0,1.0,0.06813696,0.06813696,0.0,0.0,success,sinkhorn,0.1,100000
1D-students-2df-512p,512,512,0.1024034895542246,61,2.583095669725197e-07,,seconds,0.0,0.0045166481286287,megabytes,0.0,0.0,0.0,0.0,0.0,0.0,0.0,0.0,success,sinkhorn,0.1,100000
1D-students-2df-512p,512,512,0.0878657573407891,71,2.955209520158348e-07,,seconds,0.0,0.0049061328172683,megabytes,0.0,0.0,0.0,0.0,0.0,0.0,0.0,0.0,success,sinkhorn,0.1,100000
1D-students-2df-512p,512,512,0.0629941055040552,71,5.09174878623767e-07,,seconds,0.2938871383666992,0.0052613709121942,megabytes,88270.0,88270.0,1.0,1.0,0.069423104,0.069423104,0.0,0.0,success,sinkhorn,0.1,100000
1D-students-2df-512p,512,512,0.0531435617550803,61,9.824888361650934e-07,,seconds,0.0,0.0045971497893333,megabytes,0.0,0.0,0.0,0.0,0.0,0.0,0.0,0.0,success,sinkhorn,0.1,100000
1D-students-2df-512p,512,512,0.2881338743654215,61,4.078006198041754e-07,,seconds,0.0,0.0047793351113796,megabytes,0.0,0.0,0.0,0.0,0.0,0.0,0.0,0.0,success,sinkhorn,0.1,100000
1D-students-2df-512p,512,512,0.0843740329906969,41,1.0567196959448777e-07,,seconds,0.0,0.0037713777273893,megabytes,0.0,0.0,0.0,0.0,0.0,0.0,0.0,0.0,success,sinkhorn,0.1,100000
1D-students-2df-512p,512,512,0.2476142729553588,61,6.446067638447183e-07,,seconds,0.0,0.004529507830739,megabytes,0.0,0.0,0.0,0.0,0.0,0.0,0.0,0.0,success,sinkhorn,0.1,100000
1D-students-2df-512p,512,512,0.0458053748282929,51,9.324771085508832e-07,,seconds,0.0,0.0041208378970623,megabytes,0.0,0.0,0.0,0.0,0.0,0.0,0.0,0.0,success,sinkhorn,0.1,100000
1D-students-2df-512p,512,512,0.1183843593604053,71,3.055109864497085e-07,,seconds,0.0,0.0047825127840042,megabytes,0.0,0.0,0.0,0.0,0.0,0.0,0.0,0.0,success,sinkhorn,0.1,100000
1D-students-2df-512p,512,512,0.0706363703292741,61,5.971045285900153e-07,,seconds,0.0,0.0044675543904304,megabytes,0.0,0.0,0.0,0.0,0.0,0.0,0.0,0.0,success,sinkhorn,0.1,100000
1D-students-2df-512p,512,512,0.0561373363623424,51,6.672860913793923e-07,,seconds,0.0,0.0041212271898984,megabytes,0.0,0.0,0.0,0.0,0.0,0.0,0.0,0.0,success,sinkhorn,0.1,100000
1D-students-2df-512p,512,512,0.1891606483148111,71,3.441969366772573e-07,,seconds,0.0,0.0049318112432956,megabytes,0.0,0.0,0.0,0.0,0.0,0.0,0.0,0.0,success,sinkhorn,0.1,100000
1D-students-2df-512p,512,512,0.083197846232563,71,3.833589757888621e-07,,seconds,0.0,0.004998056218028,megabytes,0.0,0.0,0.0,0.0,0.0,0.0,0.0,0.0,success,sinkhorn,0.1,100000
1D-students-2df-512p,512,512,0.0594874567198717,71,2.816292945887132e-07,,seconds,0.0,0.0048540588468313,megabytes,0.0,0.0,0.0,0.0,0.0,0.0,0.0,0.0,success,sinkhorn,0.1,100000
1D-students-2df-512p,512,512,0.2144332292227104,61,3.1514499384449694e-07,,seconds,0.0,0.004798362031579,megabytes,0.0,0.0,0.0,0.0,0.0,0.0,0.0,0.0,success,sinkhorn,0.1,100000
1D-students-2df-512p,512,512,0.1487323490112229,41,3.7029663292419e-07,,seconds,0.0,0.0037551820278167,megabytes,0.0,0.0,0.0,0.0,0.0,0.0,0.0,0.0,success,sinkhorn,0.1,100000
1D-students-2df-512p,512,512,0.1030018031798478,61,8.225572820691947e-07,,seconds,0.0,0.0045985784381628,megabytes,0.0,0.0,0.0,0.0,0.0,0.0,0.0,0.0,success,sinkhorn,0.1,100000
1D-students-2df-512p,512,512,0.0449894359136263,51,6.794873369428341e-07,,seconds,0.0,0.0044261552393436,megabytes,0.0,0.0,0.0,0.0,0.0,0.0,0.0,0.0,success,sinkhorn,0.1,100000
1D-students-2df-512p,512,512,0.0473975596195742,61,7.821503936239409e-07,,seconds,0.0,0.004611812531948,megabytes,0.0,0.0,0.0,0.0,0.0,0.0,0.0,0.0,success,sinkhorn,0.1,100000
1D-students-2df-512p,512,512,0.3906825474569878,31,7.023526031294261e-09,,seconds,0.0,0.0034589134156703,megabytes,0.0,0.0,0.0,0.0,0.0,0.0,0.0,0.0,success,sinkhorn,0.1,100000
1D-students-2df-512p,512,512,0.3499631091528819,61,1.660917582180135e-07,,seconds,0.0,0.0045687761157751,megabytes,0.0,0.0,0.0,0.0,0.0,0.0,0.0,0.0,success,sinkhorn,0.1,100000
1D-students-2df-512p,512,512,0.0614341872548089,71,3.573868030653606e-07,,seconds,0.0,0.0050476118922233,megabytes,0.0,0.0,0.0,0.0,0.0,0.0,0.0,0.0,success,sinkhorn,0.1,100000
1D-students-2df-512p,512,512,0.0661760396764915,61,7.583162054291206e-07,,seconds,0.0,0.0048828609287738,megabytes,0.0,0.0,0.0,0.0,0.0,0.0,0.0,0.0,success,sinkhorn,0.1,100000
1D-students-2df-1024p,1024,1024,0.0531436931761801,61,6.947249515423084e-07,,seconds,0.0,0.0046131890267133,megabytes,0.0,0.0,0.0,0.0,0.0,0.0,0.0,0.0,success,sinkhorn,0.1,100000
1D-students-2df-1024p,1024,1024,0.0473976992243804,61,5.530653314011956e-07,,seconds,0.0,0.0046795345842838,megabytes,0.0,0.0,0.0,0.0,0.0,0.0,0.0,0.0,success,sinkhorn,0.1,100000
1D-students-2df-1024p,1024,1024,0.3499493745988422,51,9.896131411693576e-07,,seconds,0.0,0.0040989518165588,megabytes,0.0,0.0,0.0,0.0,0.0,0.0,0.0,0.0,success,sinkhorn,0.1,100000
1D-students-2df-1024p,1024,1024,0.0629942546294929,71,3.600420693623375e-07,,seconds,0.0,0.0051231682300567,megabytes,0.0,0.0,0.0,0.0,0.0,0.0,0.0,0.0,success,sinkhorn,0.1,100000
1D-students-2df-1024p,1024,1024,0.2144333769624133,61,2.2284178741046507e-07,,seconds,0.0,0.0045673251152038,megabytes,0.0,0.0,0.0,0.0,0.0,0.0,0.0,0.0,success,sinkhorn,0.1,100000
1D-students-2df-1024p,1024,1024,0.0453042856869977,61,3.565229718183258e-07,,seconds,0.0,0.0045627783983945,megabytes,0.0,0.0,0.0,0.0,0.0,0.0,0.0,0.0,success,sinkhorn,0.1,100000
1D-students-2df-1024p,1024,1024,0.1183845333802219,71,2.160294485780673e-07,,seconds,0.0,0.0050756447017192,megabytes,0.0,0.0,0.0,0.0,0.0,0.0,0.0,0.0,success,sinkhorn,0.1,100000
1D-students-2df-1024p,1024,1024,0.4296365251662906,51,8.660105868165562e-08,,seconds,0.0,0.0042537506669759,megabytes,0.0,0.0,0.0,0.0,0.0,0.0,0.0,0.0,success,sinkhorn,0.1,100000
1D-students-2df-1024p,1024,1024,0.0594845869425287,61,8.526372893559025e-07,,seconds,0.0,0.0049824472516775,megabytes,0.0,0.0,0.0,0.0,0.0,0.0,0.0,0.0,success,sinkhorn,0.1,100000
1D-students-2df-1024p,1024,1024,0.0614343297550481,71,2.5271114671811175e-07,,seconds,0.0,0.0049265194684267,megabytes,0.0,0.0,0.0,0.0,0.0,0.0,0.0,0.0,success,sinkhorn,0.1,100000
1D-students-2df-1024p,1024,1024,0.0706364808305509,61,4.222163455459692e-07,,seconds,0.2448956966400146,0.0046434309333562,megabytes,88270.0,88270.0,1.0,1.0,0.068042752,0.068042752,0.0,0.0,success,sinkhorn,0.1,100000
1D-students-2df-1024p,1024,1024,0.066176160615676,61,5.362108134499221e-07,,seconds,0.0,0.0047582499682903,megabytes,0.0,0.0,0.0,0.0,0.0,0.0,0.0,0.0,success,sinkhorn,0.1,100000
1D-students-2df-1024p,1024,1024,0.1024035287617532,61,1.8265210120744518e-07,,seconds,0.2405028343200683,0.0045795608311891,megabytes,88270.0,88270.0,1.0,1.0,0.067969024,0.067969024,0.0,0.0,success,sinkhorn,0.1,100000
1D-students-2df-1024p,1024,1024,0.0458055037999502,51,6.593604545296116e-07,,seconds,0.0,0.004312539473176,megabytes,0.0,0.0,0.0,0.0,0.0,0.0,0.0,0.0,success,sinkhorn,0.1,100000
1D-students-2df-1024p,1024,1024,0.1487325634888566,41,2.61842042813194e-07,,seconds,0.3162622451782226,0.0039094574749469,megabytes,88270.0,88270.0,1.0,1.0,0.068718592,0.068718592,0.0,0.0,success,sinkhorn,0.1,100000
1D-students-2df-1024p,1024,1024,0.0513948751621991,61,2.957038401777544e-07,,seconds,0.0,0.004806799814105,megabytes,0.0,0.0,0.0,0.0,0.0,0.0,0.0,0.0,success,sinkhorn,0.1,100000
1D-students-2df-1024p,1024,1024,0.2476143651569357,61,4.5580917621979947e-07,,seconds,0.0,0.0046803411096334,megabytes,0.0,0.0,0.0,0.0,0.0,0.0,0.0,0.0,success,sinkhorn,0.1,100000
1D-students-2df-1024p,1024,1024,0.3906826615639537,31,4.966534255679059e-09,,seconds,0.0,0.0033926349133253,megabytes,0.0,0.0,0.0,0.0,0.0,0.0,0.0,0.0,success,sinkhorn,0.1,100000
1D-students-2df-1024p,1024,1024,0.0843736603776302,31,7.732822452184317e-07,,seconds,0.0,0.0036543831229209,megabytes,0.0,0.0,0.0,0.0,0.0,0.0,0.0,0.0,success,sinkhorn,0.1,100000
1D-students-2df-1024p,1024,1024,0.0543487902073216,61,3.447426657877728e-07,,seconds,0.0,0.0046101920306682,megabytes,0.0,0.0,0.0,0.0,0.0,0.0,0.0,0.0,success,sinkhorn,0.1,100000
1D-students-2df-1024p,1024,1024,0.1891608692898977,71,2.433854439046694e-07,,seconds,0.0,0.0055893473327159,megabytes,0.0,0.0,0.0,0.0,0.0,0.0,0.0,0.0,success,sinkhorn,0.1,100000
1D-students-2df-1024p,1024,1024,0.2881339250448537,61,2.883616259363311e-07,,seconds,0.0,0.0045105423778295,megabytes,0.0,0.0,0.0,0.0,0.0,0.0,0.0,0.0,success,sinkhorn,0.1,100000
1D-students-2df-1024p,1024,1024,0.0561374686196371,51,4.718427199000142e-07,,seconds,0.0,0.0041971392929553,megabytes,0.0,0.0,0.0,0.0,0.0,0.0,0.0,0.0,success,sinkhorn,0.1,100000
1D-students-2df-1024p,1024,1024,0.0831979863357833,71,2.710761641532883e-07,,seconds,0.312711238861084,0.0048588495701551,megabytes,88270.0,88270.0,0.0,0.0,0.068026368,0.068026368,0.0,0.0,success,sinkhorn,0.1,100000
1D-students-2df-1024p,1024,1024,0.0449895645218032,51,4.804706981240598e-07,,seconds,0.0,0.0043710321187973,megabytes,0.0,0.0,0.0,0.0,0.0,0.0,0.0,0.0,success,sinkhorn,0.1,100000
1D-students-2df-1024p,1024,1024,0.0453882281354773,51,9.617233697682447e-07,,seconds,0.0,0.0042219869792461,megabytes,0.0,0.0,0.0,0.0,0.0,0.0,0.0,0.0,success,sinkhorn,0.1,100000
1D-students-2df-1024p,1024,1024,0.1030018970305337,61,5.816369758869867e-07,,seconds,0.2384712696075439,0.0045024398714303,megabytes,88270.0,88270.0,1.0,1.0,0.06811648,0.06811648,0.0,0.0,success,sinkhorn,0.1,100000
1D-students-2df-1024p,1024,1024,0.1255114368050592,71,2.07618259085752e-07,,seconds,0.0,0.0049762688577175,megabytes,0.0,0.0,0.0,0.0,0.0,0.0,0.0,0.0,success,sinkhorn,0.1,100000
1D-students-2df-1024p,1024,1024,0.1149284852964734,51,4.161513251755101e-07,,seconds,0.0,0.0041380412876605,megabytes,0.0,0.0,0.0,0.0,0.0,0.0,0.0,0.0,success,sinkhorn,0.1,100000
1D-students-2df-1024p,1024,1024,0.0878597003163774,61,9.806634780297197e-07,,seconds,0.0,0.0045652985572814,megabytes,0.0,0.0,0.0,0.0,0.0,0.0,0.0,0.0,success,sinkhorn,0.1,100000
1D-students-2df-2048p,2048,2048,0.118376501903903,61,7.400285698116089e-07,,seconds,0.0,0.0061824992299079,megabytes,0.0,0.0,0.0,0.0,0.0,0.0,0.0,0.0,success,sinkhorn,0.1,100000
1D-students-2df-2048p,2048,2048,0.0458055360419038,51,4.662381722472561e-07,,seconds,0.0,0.0054408181458711,megabytes,0.0,0.0,0.0,0.0,0.0,0.0,0.0,0.0,success,sinkhorn,0.1,100000
1D-students-2df-2048p,2048,2048,0.0843737065455413,31,5.467918269364687e-07,,seconds,0.2377164363861084,0.0041541028767824,megabytes,88270.0,88270.0,0.0,0.0,0.068149248,0.068149248,0.0,0.0,success,sinkhorn,0.1,100000
1D-students-2df-2048p,2048,2048,0.0531437260304307,61,4.912448008647125e-07,,seconds,0.0,0.0058378539979457,megabytes,0.0,0.0,0.0,0.0,0.0,0.0,0.0,0.0,success,sinkhorn,0.1,100000
1D-students-2df-2048p,2048,2048,0.2144334138978839,61,1.5757304954483417e-07,,seconds,0.319899320602417,0.005955958738923,megabytes,88270.0,88270.0,1.0,1.0,0.068169728,0.068169728,0.0,0.0,success,sinkhorn,0.1,100000
1D-students-2df-2048p,2048,2048,0.0614304401204609,61,7.529940430606541e-07,,seconds,0.249891996383667,0.0059136282652616,megabytes,88270.0,88270.0,1.0,1.0,0.068141056,0.068141056,0.0,0.0,success,sinkhorn,0.1,100000
1D-students-2df-2048p,2048,2048,0.0473977341245552,61,3.910765086508037e-07,,seconds,0.31072998046875,0.0056354105472564,megabytes,88270.0,88270.0,0.0,0.0,0.068161536,0.068161536,0.0,0.0,success,sinkhorn,0.1,100000
1D-students-2df-2048p,2048,2048,0.2881339377158214,61,2.03902998969925e-07,,seconds,0.0,0.0061080977320671,megabytes,0.0,0.0,0.0,0.0,0.0,0.0,0.0,0.0,success,sinkhorn,0.1,100000
1D-students-2df-2048p,2048,2048,0.0629942919099369,71,2.5458837613116225e-07,,seconds,0.0,0.0064733549952507,megabytes,0.0,0.0,0.0,0.0,0.0,0.0,0.0,0.0,success,sinkhorn,0.1,100000
1D-students-2df-2048p,2048,2048,0.1149284839255851,51,2.94263521817557e-07,,seconds,0.306340217590332,0.0053785648196935,megabytes,88270.0,88270.0,1.0,1.0,0.06815744,0.06815744,0.0,0.0,success,sinkhorn,0.1,100000
1D-students-2df-2048p,2048,2048,0.083191123468665,61,8.526798976641984e-07,,seconds,0.0,0.0059110950678586,megabytes,0.0,0.0,0.0,0.0,0.0,0.0,0.0,0.0,success,sinkhorn,0.1,100000
1D-students-2df-2048p,2048,2048,0.0453882630920181,51,6.800413251198753e-07,,seconds,0.0,0.0052877180278301,megabytes,0.0,0.0,0.0,0.0,0.0,0.0,0.0,0.0,success,sinkhorn,0.1,100000
1D-students-2df-2048p,2048,2048,0.0561375016834484,51,3.3364322220782e-07,,seconds,0.0,0.005388231948018,megabytes,0.0,0.0,0.0,0.0,0.0,0.0,0.0,0.0,success,sinkhorn,0.1,100000
1D-students-2df-2048p,2048,2048,0.0449895966728299,51,3.397441938961732e-07,,seconds,0.0,0.0055133048444986,megabytes,0.0,0.0,0.0,0.0,0.0,0.0,0.0,0.0,success,sinkhorn,0.1,100000
1D-students-2df-2048p,2048,2048,0.3499493758209699,51,6.997636643148791e-07,,seconds,0.0,0.0053036157041788,megabytes,0.0,0.0,0.0,0.0,0.0,0.0,0.0,0.0,success,sinkhorn,0.1,100000
1D-students-2df-2048p,2048,2048,0.3906766771048898,21,8.092076008154387e-07,,seconds,0.0,0.0038797724992036,megabytes,0.0,0.0,0.0,0.0,0.0,0.0,0.0,0.0,success,sinkhorn,0.1,100000
1D-students-2df-2048p,2048,2048,0.1030019204927861,61,4.112796520590308e-07,,seconds,0.3244478702545166,0.0059716906398534,megabytes,88270.0,88270.0,0.0,0.0,0.06815744,0.06815744,0.0,0.0,success,sinkhorn,0.1,100000
1D-students-2df-2048p,2048,2048,0.0513925018552658,51,9.629240663311617e-07,,seconds,0.0,0.005412608385086,megabytes,0.0,0.0,0.0,0.0,0.0,0.0,0.0,0.0,success,sinkhorn,0.1,100000
1D-students-2df-2048p,2048,2048,0.0661761908498287,61,3.7915835225552964e-07,,seconds,0.0,0.0058396272361278,megabytes,0.0,0.0,0.0,0.0,0.0,0.0,0.0,0.0,success,sinkhorn,0.1,100000
1D-students-2df-2048p,2048,2048,0.0453034074394932,51,9.492958389944348e-07,,seconds,0.0,0.0054091792553663,megabytes,0.0,0.0,0.0,0.0,0.0,0.0,0.0,0.0,success,sinkhorn,0.1,100000
1D-students-2df-2048p,2048,2048,0.4296087959815462,41,9.096299677411602e-07,,seconds,0.0,0.0048234406858682,megabytes,0.0,0.0,0.0,0.0,0.0,0.0,0.0,0.0,success,sinkhorn,0.1,100000
1D-students-2df-2048p,2048,2048,0.0706365084552593,61,2.985519852665926e-07,,seconds,0.0,0.0058752167969942,megabytes,0.0,0.0,0.0,0.0,0.0,0.0,0.0,0.0,success,sinkhorn,0.1,100000
1D-students-2df-2048p,2048,2048,0.1023948792986826,51,8.289391258850928e-07,,seconds,0.0,0.0054934564977884,megabytes,0.0,0.0,0.0,0.0,0.0,0.0,0.0,0.0,success,sinkhorn,0.1,100000
1D-students-2df-2048p,2048,2048,0.0594846222435016,61,6.029058020153032e-07,,seconds,0.0,0.0057379808276891,megabytes,0.0,0.0,0.0,0.0,0.0,0.0,0.0,0.0,success,sinkhorn,0.1,100000
1D-students-2df-2048p,2048,2048,0.0543488162065098,61,2.43769787988005e-07,,seconds,0.0,0.0057675503194332,megabytes,0.0,0.0,0.0,0.0,0.0,0.0,0.0,0.0,success,sinkhorn,0.1,100000
1D-students-2df-2048p,2048,2048,0.1891470716449323,61,8.778690614642243e-07,,seconds,0.0,0.0055793020874261,megabytes,0.0,0.0,0.0,0.0,0.0,0.0,0.0,0.0,success,sinkhorn,0.1,100000
1D-students-2df-2048p,2048,2048,0.1487326171091486,41,1.8515077598116466e-07,,seconds,0.0,0.0047049596905708,megabytes,0.0,0.0,0.0,0.0,0.0,0.0,0.0,0.0,success,sinkhorn,0.1,100000
1D-students-2df-2048p,2048,2048,0.2476143882079698,61,3.223063538422827e-07,,seconds,0.2378265857696533,0.0057500414550304,megabytes,88270.0,88270.0,0.0,0.0,0.068124672,0.068124672,0.0,0.0,success,sinkhorn,0.1,100000
1D-students-2df-2048p,2048,2048,0.1255026679374144,61,7.288921514644907e-07,,seconds,0.2416062355041504,0.0058169104158878,megabytes,88270.0,88270.0,0.0,0.0,0.068186112,0.068186112,0.0,0.0,success,sinkhorn,0.1,100000
1D-students-2df-2048p,2048,2048,0.0878597307014247,61,6.934339245670809e-07,,seconds,0.0,0.0058406479656696,megabytes,0.0,0.0,0.0,0.0,0.0,0.0,0.0,0.0,success,sinkhorn,0.1,100000
1D-students-4df-32p,32,32,0.488118007391994,51,5.3174625416191625e-08,,seconds,0.0,0.003717303276062,megabytes,0.0,0.0,0.0,0.0,0.0,0.0,0.0,0.0,success,sinkhorn,0.1,100000
1D-students-4df-32p,32,32,0.1054457857205188,71,1.707809537943922e-07,,seconds,0.0,0.0045257434248924,megabytes,0.0,0.0,0.0,0.0,0.0,0.0,0.0,0.0,success,sinkhorn,0.1,100000
1D-students-4df-32p,32,32,0.0582958440022813,81,2.773127540159374e-07,,seconds,0.0,0.0048174448311328,megabytes,0.0,0.0,0.0,0.0,0.0,0.0,0.0,0.0,success,sinkhorn,0.1,100000
1D-students-4df-32p,32,32,0.107001219781673,71,5.922110974762432e-07,,seconds,0.0,0.0048361085355281,megabytes,0.0,0.0,0.0,0.0,0.0,0.0,0.0,0.0,success,sinkhorn,0.1,100000
1D-students-4df-32p,32,32,0.1610175182003168,41,7.452601794235861e-07,,seconds,0.0,0.0036937724798917,megabytes,0.0,0.0,0.0,0.0,0.0,0.0,0.0,0.0,success,sinkhorn,0.1,100000
1D-students-4df-32p,32,32,0.2155813076276797,71,1.620661652832998e-07,,seconds,0.0,0.0042821913957595,megabytes,0.0,0.0,0.0,0.0,0.0,0.0,0.0,0.0,success,sinkhorn,0.1,100000
1D-students-4df-32p,32,32,0.3679291293876262,61,3.5927247562902693e-07,,seconds,0.0,0.0039761587977409,megabytes,0.0,0.0,0.0,0.0,0.0,0.0,0.0,0.0,success,sinkhorn,0.1,100000
1D-students-4df-32p,32,32,0.0904930698809602,41,4.882285885539463e-07,,seconds,0.0,0.0033062379807233,megabytes,0.0,0.0,0.0,0.0,0.0,0.0,0.0,0.0,success,sinkhorn,0.1,100000
1D-students-4df-32p,32,32,0.0848053697738339,81,2.757907430869705e-07,,seconds,0.0,0.0044787637889385,megabytes,0.0,0.0,0.0,0.0,0.0,0.0,0.0,0.0,success,sinkhorn,0.1,100000
1D-students-4df-32p,32,32,0.1237180975625192,81,2.2833027004975758e-07,,seconds,0.2340321540832519,0.004419969394803,megabytes,88270.0,88270.0,1.0,1.0,0.067964928,0.067964928,0.0,0.0,success,sinkhorn,0.1,100000
1D-students-4df-32p,32,32,0.0604930033409054,81,5.189790431266145e-07,,seconds,0.0,0.0050558038055896,megabytes,0.0,0.0,0.0,0.0,0.0,0.0,0.0,0.0,success,sinkhorn,0.1,100000
1D-students-4df-32p,32,32,0.0536812691302127,71,9.54014499012548e-07,,seconds,0.0,0.0045786164700984,megabytes,0.0,0.0,0.0,0.0,0.0,0.0,0.0,0.0,success,sinkhorn,0.1,100000
1D-students-4df-32p,32,32,0.0548620470943972,61,4.6252178907957284e-07,,seconds,0.0,0.004220513626933,megabytes,0.0,0.0,0.0,0.0,0.0,0.0,0.0,0.0,success,sinkhorn,0.1,100000
1D-students-4df-32p,32,32,0.2532132925788876,71,2.868780587226002e-07,,seconds,0.2470889091491699,0.0043398756533861,megabytes,88270.0,88270.0,0.0,0.0,0.067981312,0.067981312,0.0,0.0,success,sinkhorn,0.1,100000
1D-students-4df-32p,32,32,0.0448917083175452,61,7.162730013682828e-07,,seconds,0.0,0.0038617867976427,megabytes,0.0,0.0,0.0,0.0,0.0,0.0,0.0,0.0,success,sinkhorn,0.1,100000
1D-students-4df-32p,32,32,0.0674537301482733,71,6.842919943911283e-07,,seconds,0.0,0.0042044110596179,megabytes,0.0,0.0,0.0,0.0,0.0,0.0,0.0,0.0,success,sinkhorn,0.1,100000
1D-students-4df-32p,32,32,0.0777900162013228,81,3.8237710280661093e-07,,seconds,0.0,0.0044638272374868,megabytes,0.0,0.0,0.0,0.0,0.0,0.0,0.0,0.0,success,sinkhorn,0.1,100000
1D-students-4df-32p,32,32,0.0679100806299131,71,5.51860812400612e-07,,seconds,0.2364001274108886,0.0040859840810298,megabytes,88270.0,88270.0,1.0,1.0,0.067985408,0.067985408,0.0,0.0,success,sinkhorn,0.1,100000
1D-students-4df-32p,32,32,0.3054510855385405,61,8.986327657967176e-07,,seconds,0.0,0.0042957328259944,megabytes,0.0,0.0,0.0,0.0,0.0,0.0,0.0,0.0,success,sinkhorn,0.1,100000
1D-students-4df-32p,32,32,0.0456386175771575,71,2.619710899055332e-07,,seconds,0.0,0.004106406122446,megabytes,0.0,0.0,0.0,0.0,0.0,0.0,0.0,0.0,success,sinkhorn,0.1,100000
1D-students-4df-32p,32,32,0.0585949624523008,81,3.6588584837214274e-07,,seconds,0.0,0.0046964660286903,megabytes,0.0,0.0,0.0,0.0,0.0,0.0,0.0,0.0,success,sinkhorn,0.1,100000
1D-students-4df-32p,32,32,0.0549717934590567,71,4.637464811898397e-07,,seconds,0.0,0.0042497441172599,megabytes,0.0,0.0,0.0,0.0,0.0,0.0,0.0,0.0,success,sinkhorn,0.1,100000
1D-students-4df-32p,32,32,0.1773995253685731,81,2.7826069414530494e-07,,seconds,0.2422215938568115,0.0046363361179828,megabytes,88270.0,88270.0,0.0,0.0,0.06793216,0.06793216,0.0,0.0,success,sinkhorn,0.1,100000
1D-students-4df-32p,32,32,0.4168851817346573,31,1.8983836169132397e-09,,seconds,0.0,0.003278724849224,megabytes,0.0,0.0,0.0,0.0,0.0,0.0,0.0,0.0,success,sinkhorn,0.1,100000
1D-students-4df-32p,32,32,0.118108515570278,81,2.3893078203877544e-07,,seconds,0.2433042526245117,0.0045525692403316,megabytes,88270.0,88270.0,0.0,0.0,0.067919872,0.067919872,0.0,0.0,success,sinkhorn,0.1,100000
1D-students-4df-32p,32,32,0.1361023164052827,51,7.728024711794346e-07,,seconds,0.233245849609375,0.0035153906792402,megabytes,88270.0,88270.0,0.0,0.0,0.067903488,0.067903488,0.0,0.0,success,sinkhorn,0.1,100000
1D-students-4df-32p,32,32,0.0468648407848797,71,7.926724435061797e-07,,seconds,0.0,0.0041119325906038,megabytes,0.0,0.0,0.0,0.0,0.0,0.0,0.0,0.0,success,sinkhorn,0.1,100000
1D-students-4df-32p,32,32,0.0450745538985644,71,5.042793785433691e-07,,seconds,0.2360737323760986,0.0046365410089492,megabytes,88270.0,88270.0,1.0,1.0,0.06924288,0.06924288,0.0,0.0,success,sinkhorn,0.1,100000
1D-students-4df-32p,32,32,0.0502579797578874,71,3.951153985162635e-07,,seconds,0.0,0.0041157156229019,megabytes,0.0,0.0,0.0,0.0,0.0,0.0,0.0,0.0,success,sinkhorn,0.1,100000
1D-students-4df-32p,32,32,0.045339084838414,71,3.75578552913466e-07,,seconds,0.0,0.0042032171040773,megabytes,0.0,0.0,0.0,0.0,0.0,0.0,0.0,0.0,success,sinkhorn,0.1,100000
1D-students-4df-64p,64,64,0.0537159923501413,71,6.747694450768833e-07,,seconds,0.0,0.0042579378932714,megabytes,0.0,0.0,0.0,0.0,0.0,0.0,0.0,0.0,success,sinkhorn,0.1,100000
1D-students-4df-64p,64,64,0.136091465165601,51,5.467258154200554e-07,,seconds,0.0,0.0037851464003324,megabytes,0.0,0.0,0.0,0.0,0.0,0.0,0.0,0.0,success,sinkhorn,0.1,100000
1D-students-4df-64p,64,64,0.2532485001846941,71,2.033626546221955e-07,,seconds,0.0,0.0045902654528617,megabytes,0.0,0.0,0.0,0.0,0.0,0.0,0.0,0.0,success,sinkhorn,0.1,100000
1D-students-4df-64p,64,64,0.416953616074769,21,7.345186866298547e-07,,seconds,0.0,0.0027713328599929,megabytes,0.0,0.0,0.0,0.0,0.0,0.0,0.0,0.0,success,sinkhorn,0.1,100000
1D-students-4df-64p,64,64,0.1054561672259497,61,7.703229331158002e-07,,seconds,0.0,0.0039082411676645,megabytes,0.0,0.0,0.0,0.0,0.0,0.0,0.0,0.0,success,sinkhorn,0.1,100000
1D-students-4df-64p,64,64,0.0905432742963951,41,3.449325565380976e-07,,seconds,0.2373461723327636,0.0035271570086479,megabytes,88270.0,88270.0,0.0,0.0,0.067989504,0.067989504,0.0,0.0,success,sinkhorn,0.1,100000
1D-students-4df-64p,64,64,0.060532989768915,81,3.673061657147964e-07,,seconds,0.2510690689086914,0.0045057460665702,megabytes,88270.0,88270.0,1.0,1.0,0.06801408,0.06801408,0.0,0.0,success,sinkhorn,0.1,100000
1D-students-4df-64p,64,64,0.118153788745137,71,8.248638658259839e-07,,seconds,0.0,0.0042329784482717,megabytes,0.0,0.0,0.0,0.0,0.0,0.0,0.0,0.0,success,sinkhorn,0.1,100000
1D-students-4df-64p,64,64,0.1774604748336579,71,9.936462867193786e-07,,seconds,0.0,0.0041102822870016,megabytes,0.0,0.0,0.0,0.0,0.0,0.0,0.0,0.0,success,sinkhorn,0.1,100000
1D-students-4df-64p,64,64,0.0848390793478232,71,9.00547931639228e-07,,seconds,0.0,0.0041820351034402,megabytes,0.0,0.0,0.0,0.0,0.0,0.0,0.0,0.0,success,sinkhorn,0.1,100000
1D-students-4df-64p,64,64,0.0502923273055495,71,2.794260504960086e-07,,seconds,0.0,0.0041329301893711,megabytes,0.0,0.0,0.0,0.0,0.0,0.0,0.0,0.0,success,sinkhorn,0.1,100000
1D-students-4df-64p,64,64,0.2156204302040489,61,8.032005213890756e-07,,seconds,0.0,0.0039221309125423,megabytes,0.0,0.0,0.0,0.0,0.0,0.0,0.0,0.0,success,sinkhorn,0.1,100000
1D-students-4df-64p,64,64,0.1070286157173407,71,4.190154843737213e-07,,seconds,0.0,0.004435883834958,megabytes,0.0,0.0,0.0,0.0,0.0,0.0,0.0,0.0,success,sinkhorn,0.1,100000
1D-students-4df-64p,64,64,0.0451107098438682,71,3.56937608040247e-07,,seconds,0.0,0.0042034704238176,megabytes,0.0,0.0,0.0,0.0,0.0,0.0,0.0,0.0,success,sinkhorn,0.1,100000
1D-students-4df-64p,64,64,0.0456724538667313,61,7.487683493601222e-07,,seconds,0.0,0.0039935931563377,megabytes,0.0,0.0,0.0,0.0,0.0,0.0,0.0,0.0,success,sinkhorn,0.1,100000
1D-students-4df-64p,64,64,0.3679478052216729,61,2.549229450196956e-07,,seconds,0.0,0.0039423834532499,megabytes,0.0,0.0,0.0,0.0,0.0,0.0,0.0,0.0,success,sinkhorn,0.1,100000
1D-students-4df-64p,64,64,0.0583320868287191,71,8.304185772471041e-07,,seconds,0.0,0.0042574126273393,megabytes,0.0,0.0,0.0,0.0,0.0,0.0,0.0,0.0,success,sinkhorn,0.1,100000
1D-students-4df-64p,64,64,0.3054783782786546,61,6.37429616979056e-07,,seconds,0.0,0.0041048619896173,megabytes,0.0,0.0,0.0,0.0,0.0,0.0,0.0,0.0,success,sinkhorn,0.1,100000
1D-students-4df-64p,64,64,0.0453751919130195,71,2.657132916857987e-07,,seconds,0.0,0.0042324904352426,megabytes,0.0,0.0,0.0,0.0,0.0,0.0,0.0,0.0,success,sinkhorn,0.1,100000
1D-students-4df-64p,64,64,0.1237547023962986,71,8.036568101839524e-07,,seconds,0.0,0.0042806379497051,megabytes,0.0,0.0,0.0,0.0,0.0,0.0,0.0,0.0,success,sinkhorn,0.1,100000
1D-students-4df-64p,64,64,0.1610869786519459,41,5.284029131270999e-07,,seconds,0.0,0.0035067591816186,megabytes,0.0,0.0,0.0,0.0,0.0,0.0,0.0,0.0,success,sinkhorn,0.1,100000
1D-students-4df-64p,64,64,0.0674866798481235,71,4.839439851808117e-07,,seconds,0.0,0.004198033362627,megabytes,0.0,0.0,0.0,0.0,0.0,0.0,0.0,0.0,success,sinkhorn,0.1,100000
1D-students-4df-64p,64,64,0.0548977252239613,61,3.270618868113448e-07,,seconds,0.2390215396881103,0.0041073244065046,megabytes,88270.0,88270.0,0.0,0.0,0.06797312,0.06797312,0.0,0.0,success,sinkhorn,0.1,100000
1D-students-4df-64p,64,64,0.0679412170824531,71,3.9011684450952085e-07,,seconds,0.2361273765563964,0.0045789517462253,megabytes,88270.0,88270.0,0.0,0.0,0.067944448,0.067944448,0.0,0.0,success,sinkhorn,0.1,100000
1D-students-4df-64p,64,64,0.046901017169418,71,5.609501307971802e-07,,seconds,0.0,0.0042972713708877,megabytes,0.0,0.0,0.0,0.0,0.0,0.0,0.0,0.0,success,sinkhorn,0.1,100000
1D-students-4df-64p,64,64,0.0549998393399918,71,3.277829492622517e-07,,seconds,0.0,0.0042225513607263,megabytes,0.0,0.0,0.0,0.0,0.0,0.0,0.0,0.0,success,sinkhorn,0.1,100000
1D-students-4df-64p,64,64,0.4880451918218553,41,8.930217502340553e-07,,seconds,0.0,0.003365172073245,megabytes,0.0,0.0,0.0,0.0,0.0,0.0,0.0,0.0,success,sinkhorn,0.1,100000
1D-students-4df-64p,64,64,0.0778291982441388,81,2.7051481640029565e-07,,seconds,0.0,0.0046715252101421,megabytes,0.0,0.0,0.0,0.0,0.0,0.0,0.0,0.0,success,sinkhorn,0.1,100000
1D-students-4df-64p,64,64,0.0586329648844842,81,2.588816436292176e-07,,seconds,0.0,0.0045081097632646,megabytes,0.0,0.0,0.0,0.0,0.0,0.0,0.0,0.0,success,sinkhorn,0.1,100000
1D-students-4df-64p,64,64,0.0449255966230538,61,5.067429657848851e-07,,seconds,0.0,0.0038957763463258,megabytes,0.0,0.0,0.0,0.0,0.0,0.0,0.0,0.0,success,sinkhorn,0.1,100000
1D-students-4df-128p,128,128,0.4169708860302369,21,5.197659977379446e-07,,seconds,0.0,0.0028986185789108,megabytes,0.0,0.0,0.0,0.0,0.0,0.0,0.0,0.0,success,sinkhorn,0.1,100000
1D-students-4df-128p,128,128,0.053724606731476,71,4.77166944495942e-07,,seconds,0.0,0.0042367819696664,megabytes,0.0,0.0,0.0,0.0,0.0,0.0,0.0,0.0,success,sinkhorn,0.1,100000
1D-students-4df-128p,128,128,0.3679526055207855,61,1.8041524503108577e-07,,seconds,0.0,0.0042186062783002,megabytes,0.0,0.0,0.0,0.0,0.0,0.0,0.0,0.0,success,sinkhorn,0.1,100000
1D-students-4df-128p,128,128,0.1237642556331605,71,5.68421397179199e-07,,seconds,0.0,0.0042331777513027,megabytes,0.0,0.0,0.0,0.0,0.0,0.0,0.0,0.0,success,sinkhorn,0.1,100000
1D-students-4df-128p,128,128,0.4880285295558052,41,6.323376815090661e-07,,seconds,0.0,0.003440897911787,megabytes,0.0,0.0,0.0,0.0,0.0,0.0,0.0,0.0,success,sinkhorn,0.1,100000
1D-students-4df-128p,128,128,0.1070354428200728,71,2.963355468412934e-07,,seconds,0.2384932041168213,0.0044559966772794,megabytes,88270.0,88270.0,0.0,0.0,0.068022272,0.068022272,0.0,0.0,success,sinkhorn,0.1,100000
1D-students-4df-128p,128,128,0.1360887372817605,51,3.86642841686761e-07,,seconds,0.0,0.0037510655820369,megabytes,0.0,0.0,0.0,0.0,0.0,0.0,0.0,0.0,success,sinkhorn,0.1,100000
1D-students-4df-128p,128,128,0.1054591046747498,61,5.446245049115208e-07,,seconds,0.0,0.0039748176932334,megabytes,0.0,0.0,0.0,0.0,0.0,0.0,0.0,0.0,success,sinkhorn,0.1,100000
1D-students-4df-128p,128,128,0.0679489593783399,71,2.758360466391309e-07,,seconds,0.0,0.0042442921549081,megabytes,0.0,0.0,0.0,0.0,0.0,0.0,0.0,0.0,success,sinkhorn,0.1,100000
1D-students-4df-128p,128,128,0.0550067982530205,71,2.3175424941818475e-07,,seconds,0.0,0.0043093711137771,megabytes,0.0,0.0,0.0,0.0,0.0,0.0,0.0,0.0,success,sinkhorn,0.1,100000
1D-students-4df-128p,128,128,0.0449340003370541,61,3.583682635581883e-07,,seconds,0.0,0.0042457524687051,megabytes,0.0,0.0,0.0,0.0,0.0,0.0,0.0,0.0,success,sinkhorn,0.1,100000
1D-students-4df-128p,128,128,0.0453839463554378,61,7.277451281067374e-07,,seconds,0.0,0.0039971359074115,megabytes,0.0,0.0,0.0,0.0,0.0,0.0,0.0,0.0,success,sinkhorn,0.1,100000
1D-students-4df-128p,128,128,0.3054852829767766,61,4.51088313332639e-07,,seconds,0.0,0.0041362605988979,megabytes,0.0,0.0,0.0,0.0,0.0,0.0,0.0,0.0,success,sinkhorn,0.1,100000
1D-students-4df-128p,128,128,0.1181654680919398,71,5.833649336019867e-07,,seconds,0.0,0.0046456232666969,megabytes,0.0,0.0,0.0,0.0,0.0,0.0,0.0,0.0,success,sinkhorn,0.1,100000
1D-students-4df-128p,128,128,0.0778373864378947,71,8.309448675363652e-07,,seconds,0.0,0.0042184237390756,megabytes,0.0,0.0,0.0,0.0,0.0,0.0,0.0,0.0,success,sinkhorn,0.1,100000
1D-students-4df-128p,128,128,0.0905558605166902,41,2.438516797198516e-07,,seconds,0.0,0.0035647973418235,megabytes,0.0,0.0,0.0,0.0,0.0,0.0,0.0,0.0,success,sinkhorn,0.1,100000
1D-students-4df-128p,128,128,0.0469099925361726,71,3.9673143882878877e-07,,seconds,0.2388985157012939,0.0044141877442598,megabytes,88270.0,88270.0,0.0,0.0,0.068059136,0.068059136,0.0,0.0,success,sinkhorn,0.1,100000
1D-students-4df-128p,128,128,0.0674948764565447,71,3.422145554085243e-07,,seconds,0.0,0.0043338704854249,megabytes,0.0,0.0,0.0,0.0,0.0,0.0,0.0,0.0,success,sinkhorn,0.1,100000
1D-students-4df-128p,128,128,0.0848478012855864,71,6.368263142044922e-07,,seconds,0.0,0.0043274853378534,megabytes,0.0,0.0,0.0,0.0,0.0,0.0,0.0,0.0,success,sinkhorn,0.1,100000
1D-students-4df-128p,128,128,0.1611044014327008,41,3.738893635333819e-07,,seconds,0.0,0.0034927818924188,megabytes,0.0,0.0,0.0,0.0,0.0,0.0,0.0,0.0,success,sinkhorn,0.1,100000
1D-students-4df-128p,128,128,0.045119482859302,61,9.387173416206952e-07,,seconds,0.0,0.0041540656238794,megabytes,0.0,0.0,0.0,0.0,0.0,0.0,0.0,0.0,success,sinkhorn,0.1,100000
1D-students-4df-128p,128,128,0.0503003676140749,61,8.843537699690286e-07,,seconds,0.0,0.0040953177958726,megabytes,0.0,0.0,0.0,0.0,0.0,0.0,0.0,0.0,success,sinkhorn,0.1,100000
1D-students-4df-128p,128,128,0.2532535592194963,61,9.562682078084322e-07,,seconds,0.2368214130401611,0.0041334051638841,megabytes,88270.0,88270.0,0.0,0.0,0.068104192,0.068104192,0.0,0.0,success,sinkhorn,0.1,100000
1D-students-4df-128p,128,128,0.045680867792058,61,5.294695981202901e-07,,seconds,0.0,0.0040347166359424,megabytes,0.0,0.0,0.0,0.0,0.0,0.0,0.0,0.0,success,sinkhorn,0.1,100000
1D-students-4df-128p,128,128,0.2156308501314216,61,5.68032394533751e-07,,seconds,0.0,0.0042634420096874,megabytes,0.0,0.0,0.0,0.0,0.0,0.0,0.0,0.0,success,sinkhorn,0.1,100000
1D-students-4df-128p,128,128,0.0583412621437982,71,5.872520096141256e-07,,seconds,0.0,0.004659030586481,megabytes,0.0,0.0,0.0,0.0,0.0,0.0,0.0,0.0,success,sinkhorn,0.1,100000
1D-students-4df-128p,128,128,0.0586415142844637,71,7.546622891701858e-07,,seconds,0.0,0.004730662330985,megabytes,0.0,0.0,0.0,0.0,0.0,0.0,0.0,0.0,success,sinkhorn,0.1,100000
1D-students-4df-128p,128,128,0.1774763779701677,71,7.028681865644844e-07,,seconds,0.0,0.0042761955410242,megabytes,0.0,0.0,0.0,0.0,0.0,0.0,0.0,0.0,success,sinkhorn,0.1,100000
1D-students-4df-128p,128,128,0.0549066112921709,61,2.312699416059331e-07,,seconds,0.0,0.0040969047695398,megabytes,0.0,0.0,0.0,0.0,0.0,0.0,0.0,0.0,success,sinkhorn,0.1,100000
1D-students-4df-128p,128,128,0.0605429247690156,81,2.5978423113387976e-07,,seconds,0.0,0.0045334883034229,megabytes,0.0,0.0,0.0,0.0,0.0,0.0,0.0,0.0,success,sinkhorn,0.1,100000
1D-students-4df-256p,256,256,0.0905590092429171,41,1.724199035556383e-07,,seconds,0.0,0.003441322594881,megabytes,0.0,0.0,0.0,0.0,0.0,0.0,0.0,0.0,success,sinkhorn,0.1,100000
1D-students-4df-256p,256,256,0.077839819448179,71,5.87583455751285e-07,,seconds,0.0,0.0046752672642469,megabytes,0.0,0.0,0.0,0.0,0.0,0.0,0.0,0.0,success,sinkhorn,0.1,100000
1D-students-4df-256p,256,256,0.3679538137157336,61,1.276007783193512e-07,,seconds,0.0,0.0040834695100784,megabytes,0.0,0.0,0.0,0.0,0.0,0.0,0.0,0.0,success,sinkhorn,0.1,100000
1D-students-4df-256p,256,256,0.2532557740958115,61,6.762728247093168e-07,,seconds,0.2363724708557129,0.0042051244527101,megabytes,88270.0,88270.0,1.0,1.0,0.067989504,0.067989504,0.0,0.0,success,sinkhorn,0.1,100000
1D-students-4df-256p,256,256,0.1181683858597431,71,4.125187426181847e-07,,seconds,0.0,0.0050068479031324,megabytes,0.0,0.0,0.0,0.0,0.0,0.0,0.0,0.0,success,sinkhorn,0.1,100000
1D-students-4df-256p,256,256,0.4880243797561018,41,4.4728548561733165e-07,,seconds,0.0,0.0035960152745246,megabytes,0.0,0.0,0.0,0.0,0.0,0.0,0.0,0.0,success,sinkhorn,0.1,100000
1D-students-4df-256p,256,256,0.2156334576083496,61,4.016745167471752e-07,,seconds,0.0,0.004219751805067,megabytes,0.0,0.0,0.0,0.0,0.0,0.0,0.0,0.0,success,sinkhorn,0.1,100000
1D-students-4df-256p,256,256,0.1054598377546851,61,3.850943152796964e-07,,seconds,0.0,0.004231808707118,megabytes,0.0,0.0,0.0,0.0,0.0,0.0,0.0,0.0,success,sinkhorn,0.1,100000
1D-students-4df-256p,256,256,0.1237666426934901,71,4.019612784094958e-07,,seconds,0.0,0.0044079516083002,megabytes,0.0,0.0,0.0,0.0,0.0,0.0,0.0,0.0,success,sinkhorn,0.1,100000
1D-students-4df-256p,256,256,0.0583435521662007,71,4.152600932600143e-07,,seconds,0.0,0.004671785980463,megabytes,0.0,0.0,0.0,0.0,0.0,0.0,0.0,0.0,success,sinkhorn,0.1,100000
1D-students-4df-256p,256,256,0.1070371482421058,71,2.0954920485087894e-07,,seconds,0.0,0.0046755112707614,megabytes,0.0,0.0,0.0,0.0,0.0,0.0,0.0,0.0,success,sinkhorn,0.1,100000
1D-students-4df-256p,256,256,0.0605441049463411,71,7.263581511357267e-07,,seconds,0.0,0.0045370925217866,megabytes,0.0,0.0,0.0,0.0,0.0,0.0,0.0,0.0,success,sinkhorn,0.1,100000
1D-students-4df-256p,256,256,0.0449359967936988,51,9.945658109279109e-07,,seconds,0.0,0.0043230913579463,megabytes,0.0,0.0,0.0,0.0,0.0,0.0,0.0,0.0,success,sinkhorn,0.1,100000
1D-students-4df-256p,256,256,0.0679488094542082,61,9.634220502117946e-07,,seconds,0.0,0.0041313711553812,megabytes,0.0,0.0,0.0,0.0,0.0,0.0,0.0,0.0,success,sinkhorn,0.1,100000
1D-students-4df-256p,256,256,0.3054870141776742,61,3.19030975395537e-07,,seconds,0.0,0.0041591133922338,megabytes,0.0,0.0,0.0,0.0,0.0,0.0,0.0,0.0,success,sinkhorn,0.1,100000
1D-students-4df-256p,256,256,0.1360880543760654,51,2.7340654633606866e-07,,seconds,0.2396817207336425,0.0036797169595956,megabytes,88270.0,88270.0,1.0,1.0,0.067985408,0.067985408,0.0,0.0,success,sinkhorn,0.1,100000
1D-students-4df-256p,256,256,0.0503024978322418,61,6.253385181860614e-07,,seconds,0.0,0.0042257979512214,megabytes,0.0,0.0,0.0,0.0,0.0,0.0,0.0,0.0,success,sinkhorn,0.1,100000
1D-students-4df-256p,256,256,0.0456829672461707,61,3.743934292712246e-07,,seconds,0.0,0.0040376298129558,megabytes,0.0,0.0,0.0,0.0,0.0,0.0,0.0,0.0,success,sinkhorn,0.1,100000
1D-students-4df-256p,256,256,0.0469122321107609,71,2.805456387155525e-07,,seconds,0.0,0.0045079346746206,megabytes,0.0,0.0,0.0,0.0,0.0,0.0,0.0,0.0,success,sinkhorn,0.1,100000
1D-students-4df-256p,256,256,0.0537267562043084,71,3.374138498638304e-07,,seconds,0.0,0.0044977031648159,megabytes,0.0,0.0,0.0,0.0,0.0,0.0,0.0,0.0,success,sinkhorn,0.1,100000
1D-students-4df-256p,256,256,0.0451217203786601,61,6.63810817796136e-07,,seconds,0.0,0.0047146677970886,megabytes,0.0,0.0,0.0,0.0,0.0,0.0,0.0,0.0,success,sinkhorn,0.1,100000
1D-students-4df-256p,256,256,0.0848499788769681,71,4.503118522386834e-07,,seconds,0.0,0.0045048221945762,megabytes,0.0,0.0,0.0,0.0,0.0,0.0,0.0,0.0,success,sinkhorn,0.1,100000
1D-students-4df-256p,256,256,0.045386180787461,61,5.146078885604101e-07,,seconds,0.0,0.004234991967678,megabytes,0.0,0.0,0.0,0.0,0.0,0.0,0.0,0.0,success,sinkhorn,0.1,100000
1D-students-4df-256p,256,256,0.0550074219712157,61,7.857458956981762e-07,,seconds,0.0,0.0041901636868715,megabytes,0.0,0.0,0.0,0.0,0.0,0.0,0.0,0.0,success,sinkhorn,0.1,100000
1D-students-4df-256p,256,256,0.0674969230787071,71,2.41984835201404e-07,,seconds,0.0,0.004517450928688,megabytes,0.0,0.0,0.0,0.0,0.0,0.0,0.0,0.0,success,sinkhorn,0.1,100000
1D-students-4df-256p,256,256,0.0586438715013187,71,5.336459156825601e-07,,seconds,0.0,0.0044048801064491,megabytes,0.0,0.0,0.0,0.0,0.0,0.0,0.0,0.0,success,sinkhorn,0.1,100000
1D-students-4df-256p,256,256,0.1774803537397451,71,4.970479547945451e-07,,seconds,0.0,0.0046687200665473,megabytes,0.0,0.0,0.0,0.0,0.0,0.0,0.0,0.0,success,sinkhorn,0.1,100000
1D-students-4df-256p,256,256,0.1611087606913023,41,2.644242790326513e-07,,seconds,0.0,0.0037129875272512,megabytes,0.0,0.0,0.0,0.0,0.0,0.0,0.0,0.0,success,sinkhorn,0.1,100000
1D-students-4df-256p,256,256,0.0549081666065081,51,8.927609279620077e-07,,seconds,0.2365987300872802,0.003887990489602,megabytes,88270.0,88270.0,0.0,0.0,0.068026368,0.068026368,0.0,0.0,success,sinkhorn,0.1,100000
1D-students-4df-256p,256,256,0.4169752039079006,21,3.675977655519687e-07,,seconds,0.0,0.0028532482683658,megabytes,0.0,0.0,0.0,0.0,0.0,0.0,0.0,0.0,success,sinkhorn,0.1,100000
1D-students-4df-512p,512,512,0.0456834918584276,61,2.6473646800881e-07,,seconds,0.0,0.0047293175011873,megabytes,0.0,0.0,0.0,0.0,0.0,0.0,0.0,0.0,success,sinkhorn,0.1,100000
1D-students-4df-512p,512,512,0.2156341096332992,61,2.840294248802756e-07,,seconds,0.0,0.0045309886336326,megabytes,0.0,0.0,0.0,0.0,0.0,0.0,0.0,0.0,success,sinkhorn,0.1,100000
1D-students-4df-512p,512,512,0.4880233432896381,41,3.163060564641945e-07,,seconds,0.0,0.0037525985389947,megabytes,0.0,0.0,0.0,0.0,0.0,0.0,0.0,0.0,success,sinkhorn,0.1,100000
1D-students-4df-512p,512,512,0.1611098507280357,41,1.8698408114042602e-07,,seconds,0.2404491901397705,0.0038895308971405,megabytes,88270.0,88270.0,1.0,1.0,0.071184384,0.071184384,0.0,0.0,success,sinkhorn,0.1,100000
1D-students-4df-512p,512,512,0.0453867391192128,61,3.638852714585754e-07,,seconds,0.2399430274963379,0.0045350827276706,megabytes,88270.0,88270.0,0.0,0.0,0.071204864,0.071204864,0.0,0.0,success,sinkhorn,0.1,100000
1D-students-4df-512p,512,512,0.0451222794827035,61,4.693917492630089e-07,,seconds,0.2359967231750488,0.0047475825995206,megabytes,88270.0,88270.0,1.0,1.0,0.071274496,0.071274496,0.0,0.0,success,sinkhorn,0.1,100000
1D-students-4df-512p,512,512,0.416976283402001,21,2.599428423151387e-07,,seconds,0.0,0.0030443742871284,megabytes,0.0,0.0,0.0,0.0,0.0,0.0,0.0,0.0,success,sinkhorn,0.1,100000
1D-students-4df-512p,512,512,0.0583441244343408,71,2.936350366588468e-07,,seconds,0.0,0.0052832178771495,megabytes,0.0,0.0,0.0,0.0,0.0,0.0,0.0,0.0,success,sinkhorn,0.1,100000
1D-students-4df-512p,512,512,0.0469120674648611,61,7.693829435393777e-07,,seconds,0.0,0.0049656126648187,megabytes,0.0,0.0,0.0,0.0,0.0,0.0,0.0,0.0,success,sinkhorn,0.1,100000
1D-students-4df-512p,512,512,0.067949292542964,61,6.812399125938792e-07,,seconds,0.2410409450531005,0.0047369822859764,megabytes,88270.0,88270.0,0.0,0.0,0.07131136,0.07131136,0.0,0.0,success,sinkhorn,0.1,100000
1D-students-4df-512p,512,512,0.0586444605835796,71,3.773480247859555e-07,,seconds,0.0,0.0049999915063381,megabytes,0.0,0.0,0.0,0.0,0.0,0.0,0.0,0.0,success,sinkhorn,0.1,100000
1D-students-4df-512p,512,512,0.1774813476814464,71,3.51473958195092e-07,,seconds,0.0,0.0048662740737199,megabytes,0.0,0.0,0.0,0.0,0.0,0.0,0.0,0.0,success,sinkhorn,0.1,100000
1D-students-4df-512p,512,512,0.0550078558943683,61,5.556031104006605e-07,,seconds,0.0,0.0046933367848396,megabytes,0.0,0.0,0.0,0.0,0.0,0.0,0.0,0.0,success,sinkhorn,0.1,100000
1D-students-4df-512p,512,512,0.2532563279997332,61,4.78212861719656e-07,,seconds,0.0,0.0044224932789802,megabytes,0.0,0.0,0.0,0.0,0.0,0.0,0.0,0.0,success,sinkhorn,0.1,100000
1D-students-4df-512p,512,512,0.0605447246703849,71,5.136193046824372e-07,,seconds,0.0,0.0049715116620063,megabytes,0.0,0.0,0.0,0.0,0.0,0.0,0.0,0.0,success,sinkhorn,0.1,100000
1D-students-4df-512p,512,512,0.0503030301822118,61,4.421821658545597e-07,,seconds,0.0,0.0047229696065187,megabytes,0.0,0.0,0.0,0.0,0.0,0.0,0.0,0.0,success,sinkhorn,0.1,100000
1D-students-4df-512p,512,512,0.3679460782891557,51,8.508123323807169e-07,,seconds,0.0,0.0041304044425487,megabytes,0.0,0.0,0.0,0.0,0.0,0.0,0.0,0.0,success,sinkhorn,0.1,100000
1D-students-4df-512p,512,512,0.0674950593990595,61,8.194349866363444e-07,,seconds,0.0,0.0045444071292877,megabytes,0.0,0.0,0.0,0.0,0.0,0.0,0.0,0.0,success,sinkhorn,0.1,100000
1D-students-4df-512p,512,512,0.1360878835913432,51,1.933291758495824e-07,,seconds,0.0,0.0042897090315818,megabytes,0.0,0.0,0.0,0.0,0.0,0.0,0.0,0.0,success,sinkhorn,0.1,100000
1D-students-4df-512p,512,512,0.0905597965598084,41,1.2191764392294337e-07,,seconds,0.0,0.0037315990775823,megabytes,0.0,0.0,0.0,0.0,0.0,0.0,0.0,0.0,success,sinkhorn,0.1,100000
1D-students-4df-512p,512,512,0.0537253650304707,61,9.990910437484238e-07,,seconds,0.0,0.0044248383492231,megabytes,0.0,0.0,0.0,0.0,0.0,0.0,0.0,0.0,success,sinkhorn,0.1,100000
1D-students-4df-512p,512,512,0.1054600209447865,61,2.723004426301492e-07,,seconds,0.2457292079925537,0.0046009812504053,megabytes,88270.0,88270.0,1.0,1.0,0.068161536,0.068161536,0.0,0.0,success,sinkhorn,0.1,100000
1D-students-4df-512p,512,512,0.3054874472910233,61,2.2560017601276014e-07,,seconds,0.0,0.0047876220196485,megabytes,0.0,0.0,0.0,0.0,0.0,0.0,0.0,0.0,success,sinkhorn,0.1,100000
1D-students-4df-512p,512,512,0.0778404275048724,71,4.15487203881968e-07,,seconds,0.2352848052978515,0.0049416776746511,megabytes,88270.0,88270.0,1.0,1.0,0.068100096,0.068100096,0.0,0.0,success,sinkhorn,0.1,100000
1D-students-4df-512p,512,512,0.0848505230944073,71,3.1841992003344884e-07,,seconds,0.237849473953247,0.0049893353134393,megabytes,88270.0,88270.0,0.0,0.0,0.068022272,0.068022272,0.0359375,0.0359375,success,sinkhorn,0.1,100000
1D-students-4df-512p,512,512,0.1070334187601929,61,7.925036389198786e-07,,seconds,0.234898567199707,0.0045657269656658,megabytes,88270.0,88270.0,0.0,0.0,0.068149248,0.068149248,0.0,0.0,success,sinkhorn,0.1,100000
1D-students-4df-512p,512,512,0.0449365206997362,51,7.032692983517086e-07,,seconds,0.0,0.0041331108659505,megabytes,0.0,0.0,0.0,0.0,0.0,0.0,0.0,0.0,success,sinkhorn,0.1,100000
1D-students-4df-512p,512,512,0.0549087213310901,51,6.312783659937648e-07,,seconds,0.0,0.004298785701394,megabytes,0.0,0.0,0.0,0.0,0.0,0.0,0.0,0.0,success,sinkhorn,0.1,100000
1D-students-4df-512p,512,512,0.1181691151727591,71,2.916978880675148e-07,,seconds,0.0,0.0048915613442659,megabytes,0.0,0.0,0.0,0.0,0.0,0.0,0.0,0.0,success,sinkhorn,0.1,100000
1D-students-4df-512p,512,512,0.1237672393807514,71,2.842342618959146e-07,,seconds,0.2334270477294922,0.0050397794693708,megabytes,88270.0,88270.0,1.0,1.0,0.068071424,0.068071424,0.0,0.0,success,sinkhorn,0.1,100000
1D-students-4df-1024p,1024,1024,0.2156342726492654,61,2.0083960115512109e-07,,seconds,0.0,0.0047329030930995,megabytes,0.0,0.0,0.0,0.0,0.0,0.0,0.0,0.0,success,sinkhorn,0.1,100000
1D-students-4df-1024p,1024,1024,0.0453861003664382,51,9.964826999737598e-07,,seconds,0.0,0.0041755493730306,megabytes,0.0,0.0,0.0,0.0,0.0,0.0,0.0,0.0,success,sinkhorn,0.1,100000
1D-students-4df-1024p,1024,1024,0.0456833043317259,51,7.565722682311364e-07,,seconds,0.233262300491333,0.0045313388109207,megabytes,88270.0,88270.0,1.0,1.0,0.06801408,0.06801408,0.0,0.0,success,sinkhorn,0.1,100000
1D-students-4df-1024p,1024,1024,0.05490886000415,51,4.463814009910333e-07,,seconds,0.0,0.0041871238499879,megabytes,0.0,0.0,0.0,0.0,0.0,0.0,0.0,0.0,success,sinkhorn,0.1,100000
1D-students-4df-1024p,1024,1024,0.0586446078402793,71,2.66825944697794e-07,,seconds,0.2342431545257568,0.005090232938528,megabytes,88270.0,88270.0,1.0,1.0,0.068005888,0.068005888,0.0,0.0,success,sinkhorn,0.1,100000
1D-students-4df-1024p,1024,1024,0.1774815961668318,71,2.4853103003458546e-07,,seconds,0.0,0.0051148869097232,megabytes,0.0,0.0,0.0,0.0,0.0,0.0,0.0,0.0,success,sinkhorn,0.1,100000
1D-students-4df-1024p,1024,1024,0.0469122073520638,61,5.440374375760293e-07,,seconds,0.0,0.0046572480350732,megabytes,0.0,0.0,0.0,0.0,0.0,0.0,0.0,0.0,success,sinkhorn,0.1,100000
1D-students-4df-1024p,1024,1024,0.2532564664872596,61,3.3815034417683e-07,,seconds,0.0,0.0048291459679603,megabytes,0.0,0.0,0.0,0.0,0.0,0.0,0.0,0.0,success,sinkhorn,0.1,100000
1D-students-4df-1024p,1024,1024,0.3679461538653867,51,6.016217122010869e-07,,seconds,0.0,0.0041340086609125,megabytes,0.0,0.0,0.0,0.0,0.0,0.0,0.0,0.0,success,sinkhorn,0.1,100000
1D-students-4df-1024p,1024,1024,0.045122419241484,61,3.319112591058171e-07,,seconds,0.0,0.0044513884931802,megabytes,0.0,0.0,0.0,0.0,0.0,0.0,0.0,0.0,success,sinkhorn,0.1,100000
1D-students-4df-1024p,1024,1024,0.0503031632569245,61,3.126701953831137e-07,,seconds,0.0,0.0046182293444871,megabytes,0.0,0.0,0.0,0.0,0.0,0.0,0.0,0.0,success,sinkhorn,0.1,100000
1D-students-4df-1024p,1024,1024,0.0449366516597011,51,4.972873861476341e-07,,seconds,0.2376911640167236,0.004079595208168,megabytes,88270.0,88270.0,0.0,0.0,0.067956736,0.067956736,0.0,0.0,success,sinkhorn,0.1,100000
1D-students-4df-1024p,1024,1024,0.0778405795068099,71,2.9379434244354744e-07,,seconds,0.0,0.0050661284476518,megabytes,0.0,0.0,0.0,0.0,0.0,0.0,0.0,0.0,success,sinkhorn,0.1,100000
1D-students-4df-1024p,1024,1024,0.0848506591374981,71,2.251571245411279e-07,,seconds,0.2357215881347656,0.0050540827214717,megabytes,88270.0,88270.0,0.0,0.0,0.067981312,0.067981312,0.0,0.0,success,sinkhorn,0.1,100000
1D-students-4df-1024p,1024,1024,0.0679494133050568,61,4.817089462828334e-07,,seconds,0.0,0.00483238697052,megabytes,0.0,0.0,0.0,0.0,0.0,0.0,0.0,0.0,success,sinkhorn,0.1,100000
1D-students-4df-1024p,1024,1024,0.0537254992905794,61,7.064646519921757e-07,,seconds,0.0,0.0044146198779344,megabytes,0.0,0.0,0.0,0.0,0.0,0.0,0.0,0.0,success,sinkhorn,0.1,100000
1D-students-4df-1024p,1024,1024,0.1237589803354503,61,9.991642453345254e-07,,seconds,0.0,0.005019724369049,megabytes,0.0,0.0,0.0,0.0,0.0,0.0,0.0,0.0,success,sinkhorn,0.1,100000
1D-students-4df-1024p,1024,1024,0.416976553277075,21,1.8380946250657338e-07,,seconds,0.0,0.0029689148068428,megabytes,0.0,0.0,0.0,0.0,0.0,0.0,0.0,0.0,success,sinkhorn,0.1,100000
1D-students-4df-1024p,1024,1024,0.1054600667373232,61,1.9254507262766526e-07,,seconds,0.0,0.0048249177634716,megabytes,0.0,0.0,0.0,0.0,0.0,0.0,0.0,0.0,success,sinkhorn,0.1,100000
1D-students-4df-1024p,1024,1024,0.1070335253155781,61,5.603858373746681e-07,,seconds,0.0,0.0045989453792572,megabytes,0.0,0.0,0.0,0.0,0.0,0.0,0.0,0.0,success,sinkhorn,0.1,100000
1D-students-4df-1024p,1024,1024,0.0550079643624557,61,3.9287017202476156e-07,,seconds,0.0,0.0046280324459075,megabytes,0.0,0.0,0.0,0.0,0.0,0.0,0.0,0.0,success,sinkhorn,0.1,100000
1D-students-4df-1024p,1024,1024,0.067495187263904,61,5.794283162642156e-07,,seconds,0.0,0.0045639239251613,megabytes,0.0,0.0,0.0,0.0,0.0,0.0,0.0,0.0,success,sinkhorn,0.1,100000
1D-students-4df-1024p,1024,1024,0.0583412860083003,61,8.789154235091193e-07,,seconds,0.2359538078308105,0.0046300608664751,megabytes,88270.0,88270.0,1.0,1.0,0.068050944,0.068050944,0.0,0.0,success,sinkhorn,0.1,100000
1D-students-4df-1024p,1024,1024,0.1360878408915209,51,1.3670464586665025e-07,,seconds,0.0,0.0041944626718759,megabytes,0.0,0.0,0.0,0.0,0.0,0.0,0.0,0.0,success,sinkhorn,0.1,100000
1D-students-4df-1024p,1024,1024,0.0605448795864959,71,3.631848479435577e-07,,seconds,0.2379634380340576,0.0050246529281139,megabytes,88270.0,88270.0,1.0,1.0,0.068083712,0.068083712,0.0,0.0,success,sinkhorn,0.1,100000
1D-students-4df-1024p,1024,1024,0.4880230842344577,41,2.236670118531216e-07,,seconds,0.0,0.0039801020175218,megabytes,0.0,0.0,0.0,0.0,0.0,0.0,0.0,0.0,success,sinkhorn,0.1,100000
1D-students-4df-1024p,1024,1024,0.090559993397484,41,8.620850301592415e-08,,seconds,0.0,0.0039126295596361,megabytes,0.0,0.0,0.0,0.0,0.0,0.0,0.0,0.0,success,sinkhorn,0.1,100000
1D-students-4df-1024p,1024,1024,0.1181692974929605,71,2.062621007553713e-07,,seconds,0.0,0.0049562882632017,megabytes,0.0,0.0,0.0,0.0,0.0,0.0,0.0,0.0,success,sinkhorn,0.1,100000
1D-students-4df-1024p,1024,1024,0.1611101232510894,41,1.322191048314065e-07,,seconds,0.0,0.0038079842925071,megabytes,0.0,0.0,0.0,0.0,0.0,0.0,0.0,0.0,success,sinkhorn,0.1,100000
1D-students-4df-1024p,1024,1024,0.3054875555889149,61,1.5952539627680627e-07,,seconds,0.0,0.004577312618494,megabytes,0.0,0.0,0.0,0.0,0.0,0.0,0.0,0.0,success,sinkhorn,0.1,100000
1D-students-4df-2048p,2048,2048,0.0905591436159434,31,7.192888753054899e-07,,seconds,0.0,0.0041745081543922,megabytes,0.0,0.0,0.0,0.0,0.0,0.0,0.0,0.0,success,sinkhorn,0.1,100000
1D-students-4df-2048p,2048,2048,0.1774681957393616,61,8.859579951620235e-07,,seconds,0.2357459068298339,0.0061488170176744,megabytes,88270.0,88270.0,0.0,0.0,0.068149248,0.068149248,0.0,0.0,success,sinkhorn,0.1,100000
1D-students-4df-2048p,2048,2048,0.0537255328546024,61,4.99546052162529e-07,,seconds,0.0,0.0057764239609241,megabytes,0.0,0.0,0.0,0.0,0.0,0.0,0.0,0.0,success,sinkhorn,0.1,100000
1D-students-4df-2048p,2048,2048,0.1181616363268049,61,7.115217196730401e-07,,seconds,0.2393250465393066,0.0058996994048357,megabytes,88270.0,88270.0,1.0,1.0,0.067981312,0.067981312,0.0,0.0,success,sinkhorn,0.1,100000
1D-students-4df-2048p,2048,2048,0.4169766207459404,21,1.2997329144340305e-07,,seconds,0.2372338771820068,0.003961618989706,megabytes,88270.0,88270.0,0.0,0.0,0.068542464,0.068542464,0.0,0.0,success,sinkhorn,0.1,100000
1D-students-4df-2048p,2048,2048,0.046912242322825,61,3.846928337310846e-07,,seconds,0.0,0.0057568177580833,megabytes,0.0,0.0,0.0,0.0,0.0,0.0,0.0,0.0,success,sinkhorn,0.1,100000
1D-students-4df-2048p,2048,2048,0.1611101913827196,41,9.349327189483049e-08,,seconds,0.0,0.0048645343631505,megabytes,0.0,0.0,0.0,0.0,0.0,0.0,0.0,0.0,success,sinkhorn,0.1,100000
1D-students-4df-2048p,2048,2048,0.0550079914786838,61,2.778010646652991e-07,,seconds,0.0,0.0057854820042848,megabytes,0.0,0.0,0.0,0.0,0.0,0.0,0.0,0.0,success,sinkhorn,0.1,100000
1D-students-4df-2048p,2048,2048,0.0778338563614779,61,9.023297174445446e-07,,seconds,0.0,0.0059200972318649,megabytes,0.0,0.0,0.0,0.0,0.0,0.0,0.0,0.0,success,sinkhorn,0.1,100000
1D-students-4df-2048p,2048,2048,0.3679461727614188,51,4.254119490178399e-07,,seconds,0.0,0.0052434988319873,megabytes,0.0,0.0,0.0,0.0,0.0,0.0,0.0,0.0,success,sinkhorn,0.1,100000
1D-students-4df-2048p,2048,2048,0.0451217302049655,51,8.726711193545618e-07,,seconds,0.2411913871765136,0.0052927229553461,megabytes,88270.0,88270.0,0.0,0.0,0.068038656,0.068038656,0.0,0.0,success,sinkhorn,0.1,100000
1D-students-4df-2048p,2048,2048,0.123759017619432,61,7.06516433447613e-07,,seconds,0.0,0.0059815533459186,megabytes,0.0,0.0,0.0,0.0,0.0,0.0,0.0,0.0,success,sinkhorn,0.1,100000
1D-students-4df-2048p,2048,2048,0.1054508220208494,51,8.690554721408345e-07,,seconds,0.0,0.0052492972463369,megabytes,0.0,0.0,0.0,0.0,0.0,0.0,0.0,0.0,success,sinkhorn,0.1,100000
1D-students-4df-2048p,2048,2048,0.2532565011098628,61,2.391088940910556e-07,,seconds,0.0,0.0055854450911283,megabytes,0.0,0.0,0.0,0.0,0.0,0.0,0.0,0.0,success,sinkhorn,0.1,100000
1D-students-4df-2048p,2048,2048,0.0453861352562973,51,7.046199214606175e-07,,seconds,0.0,0.0052769090980291,megabytes,0.0,0.0,0.0,0.0,0.0,0.0,0.0,0.0,success,sinkhorn,0.1,100000
1D-students-4df-2048p,2048,2048,0.0449366843986584,51,3.516354413934312e-07,,seconds,0.0,0.0052696093916893,megabytes,0.0,0.0,0.0,0.0,0.0,0.0,0.0,0.0,success,sinkhorn,0.1,100000
1D-students-4df-2048p,2048,2048,0.067495219229499,61,4.097177412380906e-07,,seconds,0.2464292049407959,0.0064066145569086,megabytes,88270.0,88270.0,1.0,1.0,0.068087808,0.068087808,0.0,0.0,success,sinkhorn,0.1,100000
1D-students-4df-2048p,2048,2048,0.0679494434949491,61,3.406195890326552e-07,,seconds,0.2429409027099609,0.0056835394352674,megabytes,88270.0,88270.0,0.0,0.0,0.06801408,0.06801408,0.0,0.0,success,sinkhorn,0.1,100000
1D-students-4df-2048p,2048,2048,0.0583413217688577,61,6.214872713150449e-07,,seconds,0.0,0.0058992635458707,megabytes,0.0,0.0,0.0,0.0,0.0,0.0,0.0,0.0,success,sinkhorn,0.1,100000
1D-students-4df-2048p,2048,2048,0.0503009872573011,51,9.895316483547764e-07,,seconds,0.0,0.0054870843887329,megabytes,0.0,0.0,0.0,0.0,0.0,0.0,0.0,0.0,success,sinkhorn,0.1,100000
1D-students-4df-2048p,2048,2048,0.3054731543144576,51,8.820186919556295e-07,,seconds,0.2381501197814941,0.005135478451848,megabytes,88270.0,88270.0,1.0,1.0,0.068001792,0.068001792,0.0,0.0,success,sinkhorn,0.1,100000
1D-students-4df-2048p,2048,2048,0.0605449183145924,71,2.5681067293172844e-07,,seconds,0.2408475875854492,0.0062276441603899,megabytes,88270.0,88270.0,0.0,0.0,0.069439488,0.069439488,0.0,0.0,success,sinkhorn,0.1,100000
1D-students-4df-2048p,2048,2048,0.0456833371152276,51,5.349773990294481e-07,,seconds,0.0,0.0051810164004564,megabytes,0.0,0.0,0.0,0.0,0.0,0.0,0.0,0.0,success,sinkhorn,0.1,100000
1D-students-4df-2048p,2048,2048,0.0549088946719096,51,3.156393488068443e-07,,seconds,0.2404391765594482,0.0053155180066823,megabytes,88270.0,88270.0,1.0,1.0,0.068128768,0.068128768,0.0,0.0,success,sinkhorn,0.1,100000
1D-students-4df-2048p,2048,2048,0.2156175147909369,51,9.946099069998147e-07,,seconds,0.0,0.0053148958832025,megabytes,0.0,0.0,0.0,0.0,0.0,0.0,0.0,0.0,success,sinkhorn,0.1,100000
1D-students-4df-2048p,2048,2048,0.1360878302163378,51,9.666483066557165e-08,,seconds,0.0,0.005165597423911,megabytes,0.0,0.0,0.0,0.0,0.0,0.0,0.0,0.0,success,sinkhorn,0.1,100000
1D-students-4df-2048p,2048,2048,0.0848443890667468,61,7.349865854299742e-07,,seconds,0.2411017417907714,0.0059581734240055,megabytes,88270.0,88270.0,1.0,1.0,0.068067328,0.068067328,0.0,0.0,success,sinkhorn,0.1,100000
1D-students-4df-2048p,2048,2048,0.1070335519540948,61,3.962528272642119e-07,,seconds,0.0,0.0058165080845355,megabytes,0.0,0.0,0.0,0.0,0.0,0.0,0.0,0.0,success,sinkhorn,0.1,100000
1D-students-4df-2048p,2048,2048,0.0586409603945417,61,7.776912682515816e-07,,seconds,0.0,0.0058001950383186,megabytes,0.0,0.0,0.0,0.0,0.0,0.0,0.0,0.0,success,sinkhorn,0.1,100000
1D-students-4df-2048p,2048,2048,0.488023019474502,41,1.581573189860668e-07,,seconds,0.0,0.0047609806060791,megabytes,0.0,0.0,0.0,0.0,0.0,0.0,0.0,0.0,success,sinkhorn,0.1,100000
1D-students-6df-32p,32,32,0.0455942869834637,71,2.7756860056082e-07,,seconds,0.2369320392608642,0.0044085402041673,megabytes,88270.0,88270.0,1.0,1.0,0.067960832,0.067960832,0.0,0.0,success,sinkhorn,0.1,100000
1D-students-6df-32p,32,32,0.0448717902726507,61,7.266993451503605e-07,,seconds,0.0,0.0045754574239254,megabytes,0.0,0.0,0.0,0.0,0.0,0.0,0.0,0.0,success,sinkhorn,0.1,100000
1D-students-6df-32p,32,32,0.3790166945278924,61,2.540821212217835e-07,,seconds,0.2395169734954834,0.0039527770131826,megabytes,88270.0,88270.0,1.0,1.0,0.06793216,0.06793216,0.0,0.0,success,sinkhorn,0.1,100000
1D-students-6df-32p,32,32,0.0544728171624592,61,4.494601432010931e-07,,seconds,0.0,0.0039686821401119,megabytes,0.0,0.0,0.0,0.0,0.0,0.0,0.0,0.0,success,sinkhorn,0.1,100000
1D-students-6df-32p,32,32,0.0940575485786779,41,4.464339318890025e-07,,seconds,0.0,0.003633102402091,megabytes,0.0,0.0,0.0,0.0,0.0,0.0,0.0,0.0,success,sinkhorn,0.1,100000
1D-students-6df-32p,32,32,0.1463552246118998,51,4.3324083910072477e-07,,seconds,0.2363061904907226,0.003918508067727,megabytes,88270.0,88270.0,0.0,0.0,0.068861952,0.068861952,0.0,0.0,success,sinkhorn,0.1,100000
1D-students-6df-32p,32,32,0.0579226271560322,81,2.824192909189715e-07,,seconds,0.2366082668304443,0.0045606140047311,megabytes,88270.0,88270.0,0.0,0.0,0.067854336,0.067854336,0.0,0.0,success,sinkhorn,0.1,100000
1D-students-6df-32p,32,32,0.0596398416566407,81,5.214708914558913e-07,,seconds,0.2371408939361572,0.0045808907598257,megabytes,88270.0,88270.0,1.0,1.0,0.067854336,0.067854336,0.0,0.0,success,sinkhorn,0.1,100000
1D-students-6df-32p,32,32,0.0450155202769964,71,4.909622113158923e-07,,seconds,0.0,0.0042902249842882,megabytes,0.0,0.0,0.0,0.0,0.0,0.0,0.0,0.0,success,sinkhorn,0.1,100000
1D-students-6df-32p,32,32,0.0576470629794502,81,3.745588103585268e-07,,seconds,0.0,0.0050344374030828,megabytes,0.0,0.0,0.0,0.0,0.0,0.0,0.0,0.0,success,sinkhorn,0.1,100000
1D-students-6df-32p,32,32,0.1237171323693767,81,2.213874360111263e-07,,seconds,0.0,0.0044500343501567,megabytes,0.0,0.0,0.0,0.0,0.0,0.0,0.0,0.0,success,sinkhorn,0.1,100000
1D-students-6df-32p,32,32,0.0838529281019503,81,2.834637675459495e-07,,seconds,0.0,0.0044313129037618,megabytes,0.0,0.0,0.0,0.0,0.0,0.0,0.0,0.0,success,sinkhorn,0.1,100000
1D-students-6df-32p,32,32,0.1186801759819868,81,2.2984385705119225e-07,,seconds,0.0,0.0045508984476327,megabytes,0.0,0.0,0.0,0.0,0.0,0.0,0.0,0.0,success,sinkhorn,0.1,100000
1D-students-6df-32p,32,32,0.0669839243001171,71,5.838744372528602e-07,,seconds,0.0,0.0045433454215526,megabytes,0.0,0.0,0.0,0.0,0.0,0.0,0.0,0.0,success,sinkhorn,0.1,100000
1D-students-6df-32p,32,32,0.315858178343009,61,6.542977490094905e-07,,seconds,0.0,0.0039601679891347,megabytes,0.0,0.0,0.0,0.0,0.0,0.0,0.0,0.0,success,sinkhorn,0.1,100000
1D-students-6df-32p,32,32,0.0467006079868737,71,7.89651259121969e-07,,seconds,0.2388889789581298,0.004325333982706,megabytes,88270.0,88270.0,1.0,1.0,0.06797312,0.06797312,0.0,0.0,success,sinkhorn,0.1,100000
1D-students-6df-32p,32,32,0.5134444287764203,41,5.515724304225614e-07,,seconds,0.0,0.0032629333436489,megabytes,0.0,0.0,0.0,0.0,0.0,0.0,0.0,0.0,success,sinkhorn,0.1,100000
1D-students-6df-32p,32,32,0.2580537521562428,71,2.350677808742017e-07,,seconds,0.2395555973052978,0.0042038150131702,megabytes,88270.0,88270.0,0.0,0.0,0.06797312,0.06797312,0.0,0.0,success,sinkhorn,0.1,100000
1D-students-6df-32p,32,32,0.045336219326689,71,3.8174601688439773e-07,,seconds,0.2395243644714355,0.0041732471436262,megabytes,88270.0,88270.0,1.0,1.0,0.067923968,0.067923968,0.0,0.0,success,sinkhorn,0.1,100000
1D-students-6df-32p,32,32,0.0498858274082501,71,4.056496436695976e-07,,seconds,0.0,0.0050218403339385,megabytes,0.0,0.0,0.0,0.0,0.0,0.0,0.0,0.0,success,sinkhorn,0.1,100000
1D-students-6df-32p,32,32,0.0552808740681549,71,4.883358416919154e-07,,seconds,0.0,0.0047584548592567,megabytes,0.0,0.0,0.0,0.0,0.0,0.0,0.0,0.0,success,sinkhorn,0.1,100000
1D-students-6df-32p,32,32,0.07593842568436,81,3.954563414127711e-07,,seconds,0.0,0.0049548149108886,megabytes,0.0,0.0,0.0,0.0,0.0,0.0,0.0,0.0,success,sinkhorn,0.1,100000
1D-students-6df-32p,32,32,0.1091779552969656,71,5.697669401110822e-07,,seconds,0.0,0.0045721028000116,megabytes,0.0,0.0,0.0,0.0,0.0,0.0,0.0,0.0,success,sinkhorn,0.1,100000
1D-students-6df-32p,32,32,0.2175725493535407,71,1.4842095991154198e-07,,seconds,0.0,0.0044053085148334,megabytes,0.0,0.0,0.0,0.0,0.0,0.0,0.0,0.0,success,sinkhorn,0.1,100000
1D-students-6df-32p,32,32,0.0539572007661638,71,9.582882252925651e-07,,seconds,0.0,0.0042404290288686,megabytes,0.0,0.0,0.0,0.0,0.0,0.0,0.0,0.0,success,sinkhorn,0.1,100000
1D-students-6df-32p,32,32,0.0680976834244324,71,7.02062075396845e-07,,seconds,0.0,0.0041112471371889,megabytes,0.0,0.0,0.0,0.0,0.0,0.0,0.0,0.0,success,sinkhorn,0.1,100000
1D-students-6df-32p,32,32,0.173723083212671,81,2.779270288278285e-07,,seconds,0.0,0.0046940967440605,megabytes,0.0,0.0,0.0,0.0,0.0,0.0,0.0,0.0,success,sinkhorn,0.1,100000
1D-students-6df-32p,32,32,0.1672617352837582,41,5.21770959682034e-07,,seconds,0.0,0.0033223293721675,megabytes,0.0,0.0,0.0,0.0,0.0,0.0,0.0,0.0,success,sinkhorn,0.1,100000
1D-students-6df-32p,32,32,0.1072726802101814,71,1.704785178233576e-07,,seconds,0.0,0.0042386595159769,megabytes,0.0,0.0,0.0,0.0,0.0,0.0,0.0,0.0,success,sinkhorn,0.1,100000
1D-students-6df-32p,32,32,0.4253292059602586,21,4.567129989813613e-07,,seconds,0.0,0.002821946516633,megabytes,0.0,0.0,0.0,0.0,0.0,0.0,0.0,0.0,success,sinkhorn,0.1,100000
1D-students-6df-64p,64,64,0.1673399285167188,41,3.699155648658998e-07,,seconds,0.0,0.0039519853889942,megabytes,0.0,0.0,0.0,0.0,0.0,0.0,0.0,0.0,success,sinkhorn,0.1,100000
1D-students-6df-64p,64,64,0.0499204799943385,71,2.8687596561068546e-07,,seconds,0.0,0.0042458306998014,megabytes,0.0,0.0,0.0,0.0,0.0,0.0,0.0,0.0,success,sinkhorn,0.1,100000
1D-students-6df-64p,64,64,0.217613682627827,61,7.462117237439132e-07,,seconds,0.2377293109893798,0.0042850747704505,megabytes,88270.0,88270.0,1.0,1.0,0.067997696,0.067997696,0.0,0.0,success,sinkhorn,0.1,100000
1D-students-6df-64p,64,64,0.0670161209454806,71,4.12739566520885e-07,,seconds,0.0,0.0042332243174314,megabytes,0.0,0.0,0.0,0.0,0.0,0.0,0.0,0.0,success,sinkhorn,0.1,100000
1D-students-6df-64p,64,64,0.1237560682020176,71,7.817899465747767e-07,,seconds,0.0,0.0042119361460208,megabytes,0.0,0.0,0.0,0.0,0.0,0.0,0.0,0.0,success,sinkhorn,0.1,100000
1D-students-6df-64p,64,64,0.0553095009148861,71,3.451635429460369e-07,,seconds,0.0,0.0042467210441827,megabytes,0.0,0.0,0.0,0.0,0.0,0.0,0.0,0.0,success,sinkhorn,0.1,100000
1D-students-6df-64p,64,64,0.0467368259631961,71,5.588217406264901e-07,,seconds,0.2377936840057373,0.0043360497802495,megabytes,88270.0,88270.0,1.0,1.0,0.06795264,0.06795264,0.0,0.0,success,sinkhorn,0.1,100000
1D-students-6df-64p,64,64,0.1092070322423641,71,4.031378272222287e-07,,seconds,0.0,0.0046559292823076,megabytes,0.0,0.0,0.0,0.0,0.0,0.0,0.0,0.0,success,sinkhorn,0.1,100000
1D-students-6df-64p,64,64,0.3158927592388471,61,4.642096790037101e-07,,seconds,0.0,0.003929816186428,megabytes,0.0,0.0,0.0,0.0,0.0,0.0,0.0,0.0,success,sinkhorn,0.1,100000
1D-students-6df-64p,64,64,0.0596803537343689,81,3.690780328295121e-07,,seconds,0.0,0.0048988088965415,megabytes,0.0,0.0,0.0,0.0,0.0,0.0,0.0,0.0,success,sinkhorn,0.1,100000
1D-students-6df-64p,64,64,0.1187266093991742,71,7.97958035958322e-07,,seconds,0.0,0.0045755952596664,megabytes,0.0,0.0,0.0,0.0,0.0,0.0,0.0,0.0,success,sinkhorn,0.1,100000
1D-students-6df-64p,64,64,0.0449058997070216,61,5.141513406022138e-07,,seconds,0.0,0.0039755217730998,megabytes,0.0,0.0,0.0,0.0,0.0,0.0,0.0,0.0,success,sinkhorn,0.1,100000
1D-students-6df-64p,64,64,0.0759786897410419,81,2.797726541903745e-07,,seconds,0.2450103759765625,0.0048539005219936,megabytes,88270.0,88270.0,0.0,0.0,0.067977216,0.067977216,0.0,0.0,success,sinkhorn,0.1,100000
1D-students-6df-64p,64,64,0.0941097990522133,41,3.154595604311215e-07,,seconds,0.0,0.0033203642815351,megabytes,0.0,0.0,0.0,0.0,0.0,0.0,0.0,0.0,success,sinkhorn,0.1,100000
1D-students-6df-64p,64,64,0.0545091933590383,61,3.178202026997559e-07,,seconds,0.0,0.0040489044040441,megabytes,0.0,0.0,0.0,0.0,0.0,0.0,0.0,0.0,success,sinkhorn,0.1,100000
1D-students-6df-64p,64,64,0.1463406197310861,51,3.064744807887994e-07,,seconds,0.0,0.0036939401179552,megabytes,0.0,0.0,0.0,0.0,0.0,0.0,0.0,0.0,success,sinkhorn,0.1,100000
1D-students-6df-64p,64,64,0.0450518551321477,71,3.475246885585637e-07,,seconds,0.0,0.0041982345283031,megabytes,0.0,0.0,0.0,0.0,0.0,0.0,0.0,0.0,success,sinkhorn,0.1,100000
1D-students-6df-64p,64,64,0.0838881307474479,71,9.208651182636422e-07,,seconds,0.0,0.0041329804807901,megabytes,0.0,0.0,0.0,0.0,0.0,0.0,0.0,0.0,success,sinkhorn,0.1,100000
1D-students-6df-64p,64,64,0.37904351059533,61,1.8034656845538496e-07,,seconds,0.0,0.0044707302004098,megabytes,0.0,0.0,0.0,0.0,0.0,0.0,0.0,0.0,success,sinkhorn,0.1,100000
1D-students-6df-64p,64,64,0.2580941962842907,71,1.666566578044228e-07,,seconds,0.0,0.0045507587492465,megabytes,0.0,0.0,0.0,0.0,0.0,0.0,0.0,0.0,success,sinkhorn,0.1,100000
1D-students-6df-64p,64,64,0.425412575574032,21,3.237051340925705e-07,,seconds,0.0,0.0029691308736801,megabytes,0.0,0.0,0.0,0.0,0.0,0.0,0.0,0.0,success,sinkhorn,0.1,100000
1D-students-6df-64p,64,64,0.0456283312186336,61,7.879162638451328e-07,,seconds,0.0,0.0038591939955949,megabytes,0.0,0.0,0.0,0.0,0.0,0.0,0.0,0.0,success,sinkhorn,0.1,100000
1D-students-6df-64p,64,64,0.1737869476370618,71,9.900581541673194e-07,,seconds,0.0,0.0042269714176654,megabytes,0.0,0.0,0.0,0.0,0.0,0.0,0.0,0.0,success,sinkhorn,0.1,100000
1D-students-6df-64p,64,64,0.0576855031035648,81,2.650241291665083e-07,,seconds,0.0,0.0049512758851051,megabytes,0.0,0.0,0.0,0.0,0.0,0.0,0.0,0.0,success,sinkhorn,0.1,100000
1D-students-6df-64p,64,64,0.5133963873576111,41,3.920919235646785e-07,,seconds,0.0,0.0033423602581024,megabytes,0.0,0.0,0.0,0.0,0.0,0.0,0.0,0.0,success,sinkhorn,0.1,100000
1D-students-6df-64p,64,64,0.0539922858165256,71,6.778027693768432e-07,,seconds,0.0,0.0042644497007131,megabytes,0.0,0.0,0.0,0.0,0.0,0.0,0.0,0.0,success,sinkhorn,0.1,100000
1D-students-6df-64p,64,64,0.0453723135259043,71,2.700818614192656e-07,,seconds,0.0,0.0042445696890354,megabytes,0.0,0.0,0.0,0.0,0.0,0.0,0.0,0.0,success,sinkhorn,0.1,100000
1D-students-6df-64p,64,64,0.0579590949973129,71,8.423730079589474e-07,,seconds,0.0,0.0049159787595272,megabytes,0.0,0.0,0.0,0.0,0.0,0.0,0.0,0.0,success,sinkhorn,0.1,100000
1D-students-6df-64p,64,64,0.1072839124115181,61,7.704248922427844e-07,,seconds,0.0,0.0044724624603986,megabytes,0.0,0.0,0.0,0.0,0.0,0.0,0.0,0.0,success,sinkhorn,0.1,100000
1D-students-6df-64p,64,64,0.0681315940898121,71,4.965055025081858e-07,,seconds,0.0,0.0041231270879507,megabytes,0.0,0.0,0.0,0.0,0.0,0.0,0.0,0.0,success,sinkhorn,0.1,100000
1D-students-6df-128p,128,128,0.0681400319406325,71,3.510962302028069e-07,,seconds,0.0,0.0048716068267822,megabytes,0.0,0.0,0.0,0.0,0.0,0.0,0.0,0.0,success,sinkhorn,0.1,100000
1D-students-6df-128p,128,128,0.109214282591022,71,2.85107005971205e-07,,seconds,0.0,0.0044235177338123,megabytes,0.0,0.0,0.0,0.0,0.0,0.0,0.0,0.0,success,sinkhorn,0.1,100000
1D-students-6df-128p,128,128,0.0596904198090087,81,2.610388722067415e-07,,seconds,0.0,0.0046266447752714,megabytes,0.0,0.0,0.0,0.0,0.0,0.0,0.0,0.0,success,sinkhorn,0.1,100000
1D-students-6df-128p,128,128,0.146336956994484,51,2.167332622860463e-07,,seconds,0.0,0.0037640985101461,megabytes,0.0,0.0,0.0,0.0,0.0,0.0,0.0,0.0,success,sinkhorn,0.1,100000
1D-students-6df-128p,128,128,0.2176245718552822,61,5.277227957431749e-07,,seconds,0.0,0.0039609707891941,megabytes,0.0,0.0,0.0,0.0,0.0,0.0,0.0,0.0,success,sinkhorn,0.1,100000
1D-students-6df-128p,128,128,0.4254334199079014,21,2.2902844908567047e-07,,seconds,0.0,0.002787671983242,megabytes,0.0,0.0,0.0,0.0,0.0,0.0,0.0,0.0,success,sinkhorn,0.1,100000
1D-students-6df-128p,128,128,0.0576941798439846,71,7.66626901209654e-07,,seconds,0.0,0.004297012463212,megabytes,0.0,0.0,0.0,0.0,0.0,0.0,0.0,0.0,success,sinkhorn,0.1,100000
1D-students-6df-128p,128,128,0.0941229018629345,41,2.2302521150050486e-07,,seconds,0.0,0.0034158732742071,megabytes,0.0,0.0,0.0,0.0,0.0,0.0,0.0,0.0,success,sinkhorn,0.1,100000
1D-students-6df-128p,128,128,0.1187385667814431,71,5.643374073442421e-07,,seconds,0.0,0.0042901281267404,megabytes,0.0,0.0,0.0,0.0,0.0,0.0,0.0,0.0,success,sinkhorn,0.1,100000
1D-students-6df-128p,128,128,0.1072870697376571,61,5.446924804455145e-07,,seconds,0.0,0.0042352154850959,megabytes,0.0,0.0,0.0,0.0,0.0,0.0,0.0,0.0,success,sinkhorn,0.1,100000
1D-students-6df-128p,128,128,0.0670241278254587,71,2.918302289201019e-07,,seconds,0.2401738166809082,0.0043820105493068,megabytes,88270.0,88270.0,1.0,1.0,0.067969024,0.067969024,0.0,0.0,success,sinkhorn,0.1,100000
1D-students-6df-128p,128,128,0.0553166052399562,71,2.440430280526075e-07,,seconds,0.0,0.0043802186846733,megabytes,0.0,0.0,0.0,0.0,0.0,0.0,0.0,0.0,success,sinkhorn,0.1,100000
1D-students-6df-128p,128,128,0.2581012065374211,61,8.07915327924677e-07,,seconds,0.0,0.0040602795779705,megabytes,0.0,0.0,0.0,0.0,0.0,0.0,0.0,0.0,success,sinkhorn,0.1,100000
1D-students-6df-128p,128,128,0.513384580327512,41,2.776217561095942e-07,,seconds,0.0,0.003623416647315,megabytes,0.0,0.0,0.0,0.0,0.0,0.0,0.0,0.0,success,sinkhorn,0.1,100000
1D-students-6df-128p,128,128,0.0456367981296909,61,5.571634304504606e-07,,seconds,0.2367985248565673,0.0039968341588974,megabytes,88270.0,88270.0,0.0,0.0,0.067936256,0.067936256,0.0,0.0,success,sinkhorn,0.1,100000
1D-students-6df-128p,128,128,0.1738035685066508,71,7.003245153762606e-07,,seconds,0.0,0.0042288843542337,megabytes,0.0,0.0,0.0,0.0,0.0,0.0,0.0,0.0,success,sinkhorn,0.1,100000
1D-students-6df-128p,128,128,0.0499286093537188,61,8.987502501483533e-07,,seconds,0.2377374172210693,0.0040598921477794,megabytes,88270.0,88270.0,0.0,0.0,0.06797312,0.06797312,0.0,0.0,success,sinkhorn,0.1,100000
1D-students-6df-128p,128,128,0.0545182543928235,61,2.247340504663173e-07,,seconds,0.0,0.0039880480617284,megabytes,0.0,0.0,0.0,0.0,0.0,0.0,0.0,0.0,success,sinkhorn,0.1,100000
1D-students-6df-128p,128,128,0.0838972289572145,71,6.511959490863496e-07,,seconds,0.0,0.0042554438114166,megabytes,0.0,0.0,0.0,0.0,0.0,0.0,0.0,0.0,success,sinkhorn,0.1,100000
1D-students-6df-128p,128,128,0.0759871540252007,71,8.522554941074419e-07,,seconds,0.0,0.00417111068964,megabytes,0.0,0.0,0.0,0.0,0.0,0.0,0.0,0.0,success,sinkhorn,0.1,100000
1D-students-6df-128p,128,128,0.3159014864973917,61,3.285228187165212e-07,,seconds,0.0,0.0041861589998006,megabytes,0.0,0.0,0.0,0.0,0.0,0.0,0.0,0.0,success,sinkhorn,0.1,100000
1D-students-6df-128p,128,128,0.1237661935645172,71,5.529551174014951e-07,,seconds,0.0,0.0041852891445159,megabytes,0.0,0.0,0.0,0.0,0.0,0.0,0.0,0.0,success,sinkhorn,0.1,100000
1D-students-6df-128p,128,128,0.0453810635077616,61,7.383768574891935e-07,,seconds,0.0,0.0039552692323923,megabytes,0.0,0.0,0.0,0.0,0.0,0.0,0.0,0.0,success,sinkhorn,0.1,100000
1D-students-6df-128p,128,128,0.0540009912550292,71,4.793138397093617e-07,,seconds,0.2407770156860351,0.0043107755482196,megabytes,88270.0,88270.0,1.0,1.0,0.068165632,0.068165632,0.0,0.0,success,sinkhorn,0.1,100000
1D-students-6df-128p,128,128,0.0467458114203583,71,3.952278307109385e-07,,seconds,0.0,0.0046980455517768,megabytes,0.0,0.0,0.0,0.0,0.0,0.0,0.0,0.0,success,sinkhorn,0.1,100000
1D-students-6df-128p,128,128,0.0449143583144137,61,3.6361312207505533e-07,,seconds,0.2414124011993408,0.0040050912648439,megabytes,88270.0,88270.0,1.0,1.0,0.068050944,0.068050944,0.0,0.0,success,sinkhorn,0.1,100000
1D-students-6df-128p,128,128,0.3790503506476925,61,1.2764657431259766e-07,,seconds,0.0,0.0045781917870044,megabytes,0.0,0.0,0.0,0.0,0.0,0.0,0.0,0.0,success,sinkhorn,0.1,100000
1D-students-6df-128p,128,128,0.0579683263438833,71,5.957071493210411e-07,,seconds,0.0,0.0041701383888721,megabytes,0.0,0.0,0.0,0.0,0.0,0.0,0.0,0.0,success,sinkhorn,0.1,100000
1D-students-6df-128p,128,128,0.0450606889808146,61,9.10034931935824e-07,,seconds,0.2386085987091064,0.0046761147677898,megabytes,88270.0,88270.0,0.0,0.0,0.069177344,0.069177344,0.0,0.0,success,sinkhorn,0.1,100000
1D-students-6df-128p,128,128,0.1673595267031233,41,2.61741028383356e-07,,seconds,0.0,0.003533624112606,megabytes,0.0,0.0,0.0,0.0,0.0,0.0,0.0,0.0,success,sinkhorn,0.1,100000
1D-students-6df-256p,256,256,0.1092160940093395,71,2.016091875451521e-07,,seconds,0.0,0.0046470277011394,megabytes,0.0,0.0,0.0,0.0,0.0,0.0,0.0,0.0,success,sinkhorn,0.1,100000
1D-students-6df-256p,256,256,0.5133816412789802,41,1.9637400094777265e-07,,seconds,0.0,0.0034901574254035,megabytes,0.0,0.0,0.0,0.0,0.0,0.0,0.0,0.0,success,sinkhorn,0.1,100000
1D-students-6df-256p,256,256,0.3790461603393474,51,9.067214105601242e-07,,seconds,0.0,0.0041818637400865,megabytes,0.0,0.0,0.0,0.0,0.0,0.0,0.0,0.0,success,sinkhorn,0.1,100000
1D-students-6df-256p,256,256,0.2581037497591786,61,5.713616031343995e-07,,seconds,0.0,0.0042733494192361,megabytes,0.0,0.0,0.0,0.0,0.0,0.0,0.0,0.0,success,sinkhorn,0.1,100000
1D-students-6df-256p,256,256,0.2176272968673194,61,3.7316911854516346e-07,,seconds,0.0,0.0041614789515733,megabytes,0.0,0.0,0.0,0.0,0.0,0.0,0.0,0.0,success,sinkhorn,0.1,100000
1D-students-6df-256p,256,256,0.0545199203149021,51,8.610247219082494e-07,,seconds,0.0,0.0038019120693206,megabytes,0.0,0.0,0.0,0.0,0.0,0.0,0.0,0.0,success,sinkhorn,0.1,100000
1D-students-6df-256p,256,256,0.0499307584278111,61,6.355185811960772e-07,,seconds,0.0,0.0041101090610027,megabytes,0.0,0.0,0.0,0.0,0.0,0.0,0.0,0.0,success,sinkhorn,0.1,100000
1D-students-6df-256p,256,256,0.0838995006050476,71,4.60473287591961e-07,,seconds,0.0,0.0046262964606285,megabytes,0.0,0.0,0.0,0.0,0.0,0.0,0.0,0.0,success,sinkhorn,0.1,100000
1D-students-6df-256p,256,256,0.0579706303611868,71,4.212391482381914e-07,,seconds,0.0,0.0043626055121421,megabytes,0.0,0.0,0.0,0.0,0.0,0.0,0.0,0.0,success,sinkhorn,0.1,100000
1D-students-6df-256p,256,256,0.0467480534983771,71,2.794826727945963e-07,,seconds,0.2385804653167724,0.0045838486403226,megabytes,88270.0,88270.0,1.0,1.0,0.068050944,0.068050944,0.0,0.0,success,sinkhorn,0.1,100000
1D-students-6df-256p,256,256,0.0449164686978473,61,2.571227423154046e-07,,seconds,0.0,0.0044116359204053,megabytes,0.0,0.0,0.0,0.0,0.0,0.0,0.0,0.0,success,sinkhorn,0.1,100000
1D-students-6df-256p,256,256,0.4254386311085253,21,1.6197131835627238e-07,,seconds,0.0,0.0030172243714332,megabytes,0.0,0.0,0.0,0.0,0.0,0.0,0.0,0.0,success,sinkhorn,0.1,100000
1D-students-6df-256p,256,256,0.0553171970899206,61,8.22762689749148e-07,,seconds,0.0,0.0043216161429882,megabytes,0.0,0.0,0.0,0.0,0.0,0.0,0.0,0.0,success,sinkhorn,0.1,100000
1D-students-6df-256p,256,256,0.107287857965328,61,3.851416509802634e-07,,seconds,0.0,0.0045349244028329,megabytes,0.0,0.0,0.0,0.0,0.0,0.0,0.0,0.0,success,sinkhorn,0.1,100000
1D-students-6df-256p,256,256,0.0540031635293524,71,3.389322897767031e-07,,seconds,0.0,0.004426522180438,megabytes,0.0,0.0,0.0,0.0,0.0,0.0,0.0,0.0,success,sinkhorn,0.1,100000
1D-students-6df-256p,256,256,0.0576965641757624,71,5.421072328764226e-07,,seconds,0.0,0.0043795127421617,megabytes,0.0,0.0,0.0,0.0,0.0,0.0,0.0,0.0,success,sinkhorn,0.1,100000
1D-students-6df-256p,256,256,0.0456389107997651,61,3.939780630152344e-07,,seconds,0.0,0.0041826032102108,megabytes,0.0,0.0,0.0,0.0,0.0,0.0,0.0,0.0,success,sinkhorn,0.1,100000
1D-students-6df-256p,256,256,0.0450629375869903,61,6.435295372056548e-07,,seconds,0.0,0.0042205397039651,megabytes,0.0,0.0,0.0,0.0,0.0,0.0,0.0,0.0,success,sinkhorn,0.1,100000
1D-students-6df-256p,256,256,0.0941261800516103,41,1.5769585235628784e-07,,seconds,0.0,0.0034702103585004,megabytes,0.0,0.0,0.0,0.0,0.0,0.0,0.0,0.0,success,sinkhorn,0.1,100000
1D-students-6df-256p,256,256,0.1673644293443187,41,1.8510913090249602e-07,,seconds,0.0,0.0037611965090036,megabytes,0.0,0.0,0.0,0.0,0.0,0.0,0.0,0.0,success,sinkhorn,0.1,100000
1D-students-6df-256p,256,256,0.0670261269255495,71,2.063515089606785e-07,,seconds,0.0,0.0045321211218833,megabytes,0.0,0.0,0.0,0.0,0.0,0.0,0.0,0.0,success,sinkhorn,0.1,100000
1D-students-6df-256p,256,256,0.0453832971603544,61,5.221264959967295e-07,,seconds,0.0,0.004193915054202,megabytes,0.0,0.0,0.0,0.0,0.0,0.0,0.0,0.0,success,sinkhorn,0.1,100000
1D-students-6df-256p,256,256,0.1187415541214707,71,3.990638520435167e-07,,seconds,0.0,0.0044801440089941,megabytes,0.0,0.0,0.0,0.0,0.0,0.0,0.0,0.0,success,sinkhorn,0.1,100000
1D-students-6df-256p,256,256,0.123768723751082,71,3.910242424739249e-07,,seconds,0.0,0.0045522842556238,megabytes,0.0,0.0,0.0,0.0,0.0,0.0,0.0,0.0,success,sinkhorn,0.1,100000
1D-students-6df-256p,256,256,0.3159036733662628,61,2.32349803076483e-07,,seconds,0.2377259731292724,0.004079507663846,megabytes,88270.0,88270.0,1.0,1.0,0.068005888,0.068005888,0.0,0.0,success,sinkhorn,0.1,100000
1D-students-6df-256p,256,256,0.0596916694114679,71,7.266503414700776e-07,,seconds,0.0,0.0043876506388187,megabytes,0.0,0.0,0.0,0.0,0.0,0.0,0.0,0.0,success,sinkhorn,0.1,100000
1D-students-6df-256p,256,256,0.0759896543824114,71,6.02653452061822e-07,,seconds,0.0,0.0046815183013677,megabytes,0.0,0.0,0.0,0.0,0.0,0.0,0.0,0.0,success,sinkhorn,0.1,100000
1D-students-6df-256p,256,256,0.1738077236822934,71,4.95248157633647e-07,,seconds,0.0,0.0046171490103006,megabytes,0.0,0.0,0.0,0.0,0.0,0.0,0.0,0.0,success,sinkhorn,0.1,100000
1D-students-6df-256p,256,256,0.068142138935573,71,2.48265011889837e-07,,seconds,0.0,0.0045125000178813,megabytes,0.0,0.0,0.0,0.0,0.0,0.0,0.0,0.0,success,sinkhorn,0.1,100000
1D-students-6df-256p,256,256,0.1463360405973303,51,1.532576674058228e-07,,seconds,0.0,0.0039744991809129,megabytes,0.0,0.0,0.0,0.0,0.0,0.0,0.0,0.0,success,sinkhorn,0.1,100000
1D-students-6df-512p,512,512,0.3159042203982781,61,1.643048047397058e-07,,seconds,0.0,0.0047657992690801,megabytes,0.0,0.0,0.0,0.0,0.0,0.0,0.0,0.0,success,sinkhorn,0.1,100000
1D-students-6df-512p,512,512,0.118742300831493,71,2.821837732463527e-07,,seconds,0.0,0.004812479019165,megabytes,0.0,0.0,0.0,0.0,0.0,0.0,0.0,0.0,success,sinkhorn,0.1,100000
1D-students-6df-512p,512,512,0.0456394387141107,61,2.7858527322739e-07,,seconds,0.0,0.0044697672128677,megabytes,0.0,0.0,0.0,0.0,0.0,0.0,0.0,0.0,success,sinkhorn,0.1,100000
1D-students-6df-512p,512,512,0.167365655197671,41,1.308972738873907e-07,,seconds,0.0,0.003721710294485,megabytes,0.0,0.0,0.0,0.0,0.0,0.0,0.0,0.0,success,sinkhorn,0.1,100000
1D-students-6df-512p,512,512,0.0540037063430463,71,2.396624229587977e-07,,seconds,0.0,0.0049202572554349,megabytes,0.0,0.0,0.0,0.0,0.0,0.0,0.0,0.0,success,sinkhorn,0.1,100000
1D-students-6df-512p,512,512,0.0670244960354675,61,7.125343837037306e-07,,seconds,0.0,0.0044804420322179,megabytes,0.0,0.0,0.0,0.0,0.0,0.0,0.0,0.0,success,sinkhorn,0.1,100000
1D-students-6df-512p,512,512,0.0759902792723987,71,4.26143496331107e-07,,seconds,0.2383966445922851,0.0049457289278507,megabytes,88270.0,88270.0,1.0,1.0,0.068083712,0.068083712,0.0,0.0,success,sinkhorn,0.1,100000
1D-students-6df-512p,512,512,0.0545204859837043,51,6.088374090086941e-07,,seconds,0.0,0.0044497307389974,megabytes,0.0,0.0,0.0,0.0,0.0,0.0,0.0,0.0,success,sinkhorn,0.1,100000
1D-students-6df-512p,512,512,0.0941269997537543,41,1.115066066852144e-07,,seconds,0.0,0.003750879317522,megabytes,0.0,0.0,0.0,0.0,0.0,0.0,0.0,0.0,success,sinkhorn,0.1,100000
1D-students-6df-512p,512,512,0.3790465901588445,51,6.41179586054312e-07,,seconds,0.0,0.0042755529284477,megabytes,0.0,0.0,0.0,0.0,0.0,0.0,0.0,0.0,success,sinkhorn,0.1,100000
1D-students-6df-512p,512,512,0.0576971600337761,71,3.833312667565676e-07,,seconds,0.0,0.0049270112067461,megabytes,0.0,0.0,0.0,0.0,0.0,0.0,0.0,0.0,success,sinkhorn,0.1,100000
1D-students-6df-512p,512,512,0.0453838552975678,61,3.69201878193132e-07,,seconds,0.0,0.0043442342430353,megabytes,0.0,0.0,0.0,0.0,0.0,0.0,0.0,0.0,success,sinkhorn,0.1,100000
1D-students-6df-512p,512,512,0.0467479212740612,61,7.62959238762497e-07,,seconds,0.240309476852417,0.0046985633671283,megabytes,88270.0,88270.0,1.0,1.0,0.068104192,0.068104192,0.0,0.0,success,sinkhorn,0.1,100000
1D-students-6df-512p,512,512,0.0450634994615433,61,4.5505076156951843e-07,,seconds,0.0,0.0044530183076858,megabytes,0.0,0.0,0.0,0.0,0.0,0.0,0.0,0.0,success,sinkhorn,0.1,100000
1D-students-6df-512p,512,512,0.0579712061272417,71,2.9786293212180857e-07,,seconds,0.2331984043121338,0.0053074583411216,megabytes,88270.0,88270.0,0.0,0.0,0.069476352,0.069476352,0.0,0.0,success,sinkhorn,0.1,100000
1D-students-6df-512p,512,512,0.2176279782891527,61,2.63872673844409e-07,,seconds,0.0,0.0045691970735788,megabytes,0.0,0.0,0.0,0.0,0.0,0.0,0.0,0.0,success,sinkhorn,0.1,100000
1D-students-6df-512p,512,512,0.0553176401047841,61,5.817778266736835e-07,,seconds,0.0,0.0045121423900127,megabytes,0.0,0.0,0.0,0.0,0.0,0.0,0.0,0.0,success,sinkhorn,0.1,100000
1D-students-6df-512p,512,512,0.0449168960151258,51,7.091809325600048e-07,,seconds,0.0,0.0041330941021442,megabytes,0.0,0.0,0.0,0.0,0.0,0.0,0.0,0.0,success,sinkhorn,0.1,100000
1D-students-6df-512p,512,512,0.1237693562258026,71,2.765004813135048e-07,,seconds,0.0,0.0050074700266122,megabytes,0.0,0.0,0.0,0.0,0.0,0.0,0.0,0.0,success,sinkhorn,0.1,100000
1D-students-6df-512p,512,512,0.059692297320782,71,5.138260960199156e-07,,seconds,0.0,0.0049372687935829,megabytes,0.0,0.0,0.0,0.0,0.0,0.0,0.0,0.0,success,sinkhorn,0.1,100000
1D-students-6df-512p,512,512,0.1072880549534815,61,2.723337848490968e-07,,seconds,0.0,0.0047076605260372,megabytes,0.0,0.0,0.0,0.0,0.0,0.0,0.0,0.0,success,sinkhorn,0.1,100000
1D-students-6df-512p,512,512,0.0681401969988018,61,8.392333959371586e-07,,seconds,0.0,0.0045847427099943,megabytes,0.0,0.0,0.0,0.0,0.0,0.0,0.0,0.0,success,sinkhorn,0.1,100000
1D-students-6df-512p,512,512,0.1463358114535922,51,1.0837026332367989e-07,,seconds,0.0,0.0042311772704124,megabytes,0.0,0.0,0.0,0.0,0.0,0.0,0.0,0.0,success,sinkhorn,0.1,100000
1D-students-6df-512p,512,512,0.5133809073110398,41,1.388690243367967e-07,,seconds,0.0,0.0038656219840049,megabytes,0.0,0.0,0.0,0.0,0.0,0.0,0.0,0.0,success,sinkhorn,0.1,100000
1D-students-6df-512p,512,512,0.4254399339159637,21,1.1453521574901609e-07,,seconds,0.0,0.0031461864709854,megabytes,0.0,0.0,0.0,0.0,0.0,0.0,0.0,0.0,success,sinkhorn,0.1,100000
1D-students-6df-512p,512,512,0.1738087624738019,71,3.502011059105336e-07,,seconds,0.2380273342132568,0.0049460493028163,megabytes,88270.0,88270.0,0.0,0.0,0.068104192,0.068104192,0.0,0.0,success,sinkhorn,0.1,100000
1D-students-6df-512p,512,512,0.049931295489183,61,4.4938059534485094e-07,,seconds,0.2406744956970214,0.0045774430036544,megabytes,88270.0,88270.0,0.0,0.0,0.068083712,0.068083712,0.0,0.0,success,sinkhorn,0.1,100000
1D-students-6df-512p,512,512,0.1092124591203358,61,7.682376253344992e-07,,seconds,0.0,0.0047228243201971,megabytes,0.0,0.0,0.0,0.0,0.0,0.0,0.0,0.0,success,sinkhorn,0.1,100000
1D-students-6df-512p,512,512,0.0839000683358746,71,3.256052405167367e-07,,seconds,0.0,0.0050639994442462,megabytes,0.0,0.0,0.0,0.0,0.0,0.0,0.0,0.0,success,sinkhorn,0.1,100000
1D-students-6df-512p,512,512,0.2581043857613921,61,4.040276742638347e-07,,seconds,0.2404372692108154,0.0044371113181114,megabytes,88270.0,88270.0,1.0,1.0,0.067977216,0.067977216,0.0,0.0,success,sinkhorn,0.1,100000
1D-students-6df-1024p,1024,1024,0.0450636399128765,61,3.217706571158832e-07,,seconds,0.0,0.0050225239247083,megabytes,0.0,0.0,0.0,0.0,0.0,0.0,0.0,0.0,success,sinkhorn,0.1,100000
1D-students-6df-1024p,1024,1024,0.2176281486551586,61,1.865865567313677e-07,,seconds,0.0,0.004454581066966,megabytes,0.0,0.0,0.0,0.0,0.0,0.0,0.0,0.0,success,sinkhorn,0.1,100000
1D-students-6df-1024p,1024,1024,0.054520627392929,51,4.305132356617941e-07,,seconds,0.241124153137207,0.004296576604247,megabytes,88270.0,88270.0,1.0,1.0,0.068083712,0.068083712,0.0,0.0,success,sinkhorn,0.1,100000
1D-students-6df-1024p,1024,1024,0.1673659616730692,41,9.255929615522996e-08,,seconds,0.0,0.0036790445446968,megabytes,0.0,0.0,0.0,0.0,0.0,0.0,0.0,0.0,success,sinkhorn,0.1,100000
1D-students-6df-1024p,1024,1024,0.0540018814429017,61,7.109794118422474e-07,,seconds,0.0,0.004426997154951,megabytes,0.0,0.0,0.0,0.0,0.0,0.0,0.0,0.0,success,sinkhorn,0.1,100000
1D-students-6df-1024p,1024,1024,0.0579683805348336,61,8.88045407537111e-07,,seconds,0.0,0.0047801304608583,megabytes,0.0,0.0,0.0,0.0,0.0,0.0,0.0,0.0,success,sinkhorn,0.1,100000
1D-students-6df-1024p,1024,1024,0.0453839948146321,61,2.6106562775367e-07,,seconds,0.0,0.0049228649586439,megabytes,0.0,0.0,0.0,0.0,0.0,0.0,0.0,0.0,success,sinkhorn,0.1,100000
1D-students-6df-1024p,1024,1024,0.0467480613174283,61,5.394952114236676e-07,,seconds,0.0,0.0051334705203771,megabytes,0.0,0.0,0.0,0.0,0.0,0.0,0.0,0.0,success,sinkhorn,0.1,100000
1D-students-6df-1024p,1024,1024,0.1092125723038613,61,5.432271544952967e-07,,seconds,0.0,0.0044033117592334,megabytes,0.0,0.0,0.0,0.0,0.0,0.0,0.0,0.0,success,sinkhorn,0.1,100000
1D-students-6df-1024p,1024,1024,0.2581045447742353,61,2.8569318537980457e-07,,seconds,0.0,0.0043295137584209,megabytes,0.0,0.0,0.0,0.0,0.0,0.0,0.0,0.0,success,sinkhorn,0.1,100000
1D-students-6df-1024p,1024,1024,0.1072881041962256,61,1.9256862629821817e-07,,seconds,0.2392570972442627,0.0049212351441383,megabytes,88270.0,88270.0,1.0,1.0,0.06807552,0.06807552,0.0,0.0,success,sinkhorn,0.1,100000
1D-students-6df-1024p,1024,1024,0.4254402596182779,21,8.09893698790471e-08,,seconds,0.0,0.0032091811299324,megabytes,0.0,0.0,0.0,0.0,0.0,0.0,0.0,0.0,success,sinkhorn,0.1,100000
1D-students-6df-1024p,1024,1024,0.0759904354824448,71,3.013295137211285e-07,,seconds,0.0,0.0047332402318716,megabytes,0.0,0.0,0.0,0.0,0.0,0.0,0.0,0.0,success,sinkhorn,0.1,100000
1D-students-6df-1024p,1024,1024,0.3158935228030601,51,9.619831168327848e-07,,seconds,0.0,0.0043242592364549,megabytes,0.0,0.0,0.0,0.0,0.0,0.0,0.0,0.0,success,sinkhorn,0.1,100000
1D-students-6df-1024p,1024,1024,0.083900210257267,71,2.302379311717348e-07,,seconds,0.0,0.0049269963055849,megabytes,0.0,0.0,0.0,0.0,0.0,0.0,0.0,0.0,success,sinkhorn,0.1,100000
1D-students-6df-1024p,1024,1024,0.0670246209293101,61,5.038374329173302e-07,,seconds,0.0,0.0047462563961744,megabytes,0.0,0.0,0.0,0.0,0.0,0.0,0.0,0.0,success,sinkhorn,0.1,100000
1D-students-6df-1024p,1024,1024,0.0449170278307696,51,5.014676657317201e-07,,seconds,0.237314224243164,0.0041621606796979,megabytes,88270.0,88270.0,1.0,1.0,0.067919872,0.067919872,0.0,0.0,success,sinkhorn,0.1,100000
1D-students-6df-1024p,1024,1024,0.0681403286380211,61,5.934278964639073e-07,,seconds,0.0,0.0043680090457201,megabytes,0.0,0.0,0.0,0.0,0.0,0.0,0.0,0.0,success,sinkhorn,0.1,100000
1D-students-6df-1024p,1024,1024,0.0941263058626312,31,9.940263628315115e-07,,seconds,0.0,0.0033332146704196,megabytes,0.0,0.0,0.0,0.0,0.0,0.0,0.0,0.0,success,sinkhorn,0.1,100000
1D-students-6df-1024p,1024,1024,0.0553177508458407,61,4.113784719913871e-07,,seconds,0.0,0.004409110173583,megabytes,0.0,0.0,0.0,0.0,0.0,0.0,0.0,0.0,success,sinkhorn,0.1,100000
1D-students-6df-1024p,1024,1024,0.0499314297415851,61,3.177602603905123e-07,,seconds,0.0,0.0045913476496934,megabytes,0.0,0.0,0.0,0.0,0.0,0.0,0.0,0.0,success,sinkhorn,0.1,100000
1D-students-6df-1024p,1024,1024,0.1463257212623843,41,9.299966624191336e-07,,seconds,0.0,0.0037716031074523,megabytes,0.0,0.0,0.0,0.0,0.0,0.0,0.0,0.0,success,sinkhorn,0.1,100000
1D-students-6df-1024p,1024,1024,0.0576973089842278,71,2.710567687625892e-07,,seconds,0.2401411533355713,0.0052431914955377,megabytes,88270.0,88270.0,1.0,1.0,0.068038656,0.068038656,0.0,0.0,success,sinkhorn,0.1,100000
1D-students-6df-1024p,1024,1024,0.1738090221715321,71,2.476309515682073e-07,,seconds,0.0,0.0048502050340175,megabytes,0.0,0.0,0.0,0.0,0.0,0.0,0.0,0.0,success,sinkhorn,0.1,100000
1D-students-6df-1024p,1024,1024,0.0456392302548826,51,7.906302449723114e-07,,seconds,0.0,0.0040933303534984,megabytes,0.0,0.0,0.0,0.0,0.0,0.0,0.0,0.0,success,sinkhorn,0.1,100000
1D-students-6df-1024p,1024,1024,0.3790466976463825,51,4.533878662566596e-07,,seconds,0.0,0.0042206179350614,megabytes,0.0,0.0,0.0,0.0,0.0,0.0,0.0,0.0,success,sinkhorn,0.1,100000
1D-students-6df-1024p,1024,1024,0.5133807238686892,41,9.819728629498758e-08,,seconds,0.0,0.0037861745804548,megabytes,0.0,0.0,0.0,0.0,0.0,0.0,0.0,0.0,success,sinkhorn,0.1,100000
1D-students-6df-1024p,1024,1024,0.1187349936360885,61,9.788941682682764e-07,,seconds,0.0,0.004833647981286,megabytes,0.0,0.0,0.0,0.0,0.0,0.0,0.0,0.0,success,sinkhorn,0.1,100000
1D-students-6df-1024p,1024,1024,0.059692454283128,71,3.6333110360084514e-07,,seconds,0.0,0.0048776008188724,megabytes,0.0,0.0,0.0,0.0,0.0,0.0,0.0,0.0,success,sinkhorn,0.1,100000
1D-students-6df-1024p,1024,1024,0.1237613213217442,61,9.75185969464161e-07,,seconds,0.0,0.0047795046120882,megabytes,0.0,0.0,0.0,0.0,0.0,0.0,0.0,0.0,success,sinkhorn,0.1,100000
1D-students-6df-2048p,2048,2048,0.1072787322940347,51,8.708525511120901e-07,,seconds,0.0,0.0052707213908433,megabytes,0.0,0.0,0.0,0.0,0.0,0.0,0.0,0.0,success,sinkhorn,0.1,100000
1D-students-6df-2048p,2048,2048,0.0579684165139443,61,6.279431526529521e-07,,seconds,0.0,0.0058883503079414,megabytes,0.0,0.0,0.0,0.0,0.0,0.0,0.0,0.0,success,sinkhorn,0.1,100000
1D-students-6df-2048p,2048,2048,0.0759837973501406,61,9.177937872052128e-07,,seconds,0.0,0.0058479737490415,megabytes,0.0,0.0,0.0,0.0,0.0,0.0,0.0,0.0,success,sinkhorn,0.1,100000
1D-students-6df-2048p,2048,2048,0.0449170607836407,51,3.545913671684171e-07,,seconds,0.0,0.0055657643824815,megabytes,0.0,0.0,0.0,0.0,0.0,0.0,0.0,0.0,success,sinkhorn,0.1,100000
1D-students-6df-2048p,2048,2048,0.1463257069399126,41,6.576071042803415e-07,,seconds,0.0,0.0047889724373817,megabytes,0.0,0.0,0.0,0.0,0.0,0.0,0.0,0.0,success,sinkhorn,0.1,100000
1D-students-6df-2048p,2048,2048,0.0545206627447368,51,3.044188592918295e-07,,seconds,0.0,0.0051785446703433,megabytes,0.0,0.0,0.0,0.0,0.0,0.0,0.0,0.0,success,sinkhorn,0.1,100000
1D-students-6df-2048p,2048,2048,0.0596924935227782,71,2.569140969725668e-07,,seconds,0.245985746383667,0.0061676297336816,megabytes,88270.0,88270.0,1.0,1.0,0.068079616,0.068079616,0.0,0.0,success,sinkhorn,0.1,100000
1D-students-6df-2048p,2048,2048,0.0540019153633062,61,5.027384787820706e-07,,seconds,0.2441909313201904,0.0058593358844518,megabytes,88270.0,88270.0,0.0,0.0,0.06805504,0.06805504,0.0,0.0,success,sinkhorn,0.1,100000
1D-students-6df-2048p,2048,2048,0.0499293360239829,51,9.954709926404906e-07,,seconds,0.2417230606079101,0.0054812040179967,megabytes,88270.0,88270.0,1.0,1.0,0.068038656,0.068038656,0.0,0.0,success,sinkhorn,0.1,100000
1D-students-6df-2048p,2048,2048,0.0941263570986603,31,7.028820958682409e-07,,seconds,0.0,0.0043547544628381,megabytes,0.0,0.0,0.0,0.0,0.0,0.0,0.0,0.0,success,sinkhorn,0.1,100000
1D-students-6df-2048p,2048,2048,0.1737958700986219,61,8.806548741788649e-07,,seconds,0.2462220191955566,0.0057659354060888,megabytes,88270.0,88270.0,1.0,1.0,0.06801408,0.06801408,0.0,0.0,success,sinkhorn,0.1,100000
1D-students-6df-2048p,2048,2048,0.1237613608426169,61,6.895612184765434e-07,,seconds,0.2445733547210693,0.0058874525129795,megabytes,88270.0,88270.0,0.0,0.0,0.068038656,0.068038656,0.0,0.0,success,sinkhorn,0.1,100000
1D-students-6df-2048p,2048,2048,0.0670246521521328,61,3.562667838401839e-07,,seconds,0.0,0.0057643484324216,megabytes,0.0,0.0,0.0,0.0,0.0,0.0,0.0,0.0,success,sinkhorn,0.1,100000
1D-students-6df-2048p,2048,2048,0.0450630149063685,51,8.423657898467953e-07,,seconds,0.0,0.0053240247070789,megabytes,0.0,0.0,0.0,0.0,0.0,0.0,0.0,0.0,success,sinkhorn,0.1,100000
1D-students-6df-2048p,2048,2048,0.2176121953304099,51,9.374447972979972e-07,,seconds,0.0,0.0053276903927326,megabytes,0.0,0.0,0.0,0.0,0.0,0.0,0.0,0.0,success,sinkhorn,0.1,100000
1D-students-6df-2048p,2048,2048,0.258104584528214,61,2.0201602663781567e-07,,seconds,0.0,0.0057723876088857,megabytes,0.0,0.0,0.0,0.0,0.0,0.0,0.0,0.0,success,sinkhorn,0.1,100000
1D-students-6df-2048p,2048,2048,0.0467480963272259,61,3.8148099818591676e-07,,seconds,0.0,0.0057125277817249,megabytes,0.0,0.0,0.0,0.0,0.0,0.0,0.0,0.0,success,sinkhorn,0.1,100000
1D-students-6df-2048p,2048,2048,0.0681403615472249,61,4.196169376918374e-07,,seconds,0.2425508499145507,0.0059088058769702,megabytes,88270.0,88270.0,1.0,1.0,0.067948544,0.067948544,0.0,0.0,success,sinkhorn,0.1,100000
1D-students-6df-2048p,2048,2048,0.3790467245203081,51,3.205945952058646e-07,,seconds,0.0,0.0055145230144262,megabytes,0.0,0.0,0.0,0.0,0.0,0.0,0.0,0.0,success,sinkhorn,0.1,100000
1D-students-6df-2048p,2048,2048,0.045383247665644,51,7.136231238941738e-07,,seconds,0.23905611038208,0.0052799526602029,megabytes,88270.0,88270.0,1.0,1.0,0.06803456,0.06803456,0.0,0.0,success,sinkhorn,0.1,100000
1D-students-6df-2048p,2048,2048,0.0553177785303138,61,2.908884056507279e-07,,seconds,0.2419250011444091,0.0057845842093229,megabytes,88270.0,88270.0,0.0,0.0,0.067989504,0.067989504,0.0,0.0,success,sinkhorn,0.1,100000
1D-students-6df-2048p,2048,2048,0.0838939151883418,61,7.477157400357131e-07,,seconds,0.0,0.0058357380330562,megabytes,0.0,0.0,0.0,0.0,0.0,0.0,0.0,0.0,success,sinkhorn,0.1,100000
1D-students-6df-2048p,2048,2048,0.0456392632446799,51,5.590600702262038e-07,,seconds,0.0,0.0052628405392169,megabytes,0.0,0.0,0.0,0.0,0.0,0.0,0.0,0.0,success,sinkhorn,0.1,100000
1D-students-6df-2048p,2048,2048,0.1187350402978726,61,6.921831038185208e-07,,seconds,0.0,0.0056803002953529,megabytes,0.0,0.0,0.0,0.0,0.0,0.0,0.0,0.0,success,sinkhorn,0.1,100000
1D-students-6df-2048p,2048,2048,0.4254403410438849,21,5.7268263838176094e-08,,seconds,0.0,0.0037539266049861,megabytes,0.0,0.0,0.0,0.0,0.0,0.0,0.0,0.0,success,sinkhorn,0.1,100000
1D-students-6df-2048p,2048,2048,0.1673660382926725,41,6.544947323151102e-08,,seconds,0.0,0.0047654993832111,megabytes,0.0,0.0,0.0,0.0,0.0,0.0,0.0,0.0,success,sinkhorn,0.1,100000
1D-students-6df-2048p,2048,2048,0.1092126005994581,61,3.841198026860089e-07,,seconds,0.2418646812438964,0.0059211309999227,megabytes,88270.0,88270.0,1.0,1.0,0.068083712,0.068083712,0.0,0.0,success,sinkhorn,0.1,100000
1D-students-6df-2048p,2048,2048,0.3158935569669132,51,6.802265800322532e-07,,seconds,0.2418982982635498,0.0052277911454439,megabytes,88270.0,88270.0,0.0,0.0,0.068005888,0.068005888,0.0,0.0,success,sinkhorn,0.1,100000
1D-students-6df-2048p,2048,2048,0.0576937667362704,61,7.839426700871388e-07,,seconds,0.2422840595245361,0.0058763343840837,megabytes,88270.0,88270.0,1.0,1.0,0.06801408,0.06801408,0.0,0.0,success,sinkhorn,0.1,100000
1D-students-6df-2048p,2048,2048,0.5133806780112038,41,6.943633076794665e-08,,seconds,0.0,0.004865163937211,megabytes,0.0,0.0,0.0,0.0,0.0,0.0,0.0,0.0,success,sinkhorn,0.1,100000
1D-students-2df-32p,32,32,0.0049158454092828,561,8.917545761645067e-07,,seconds,0.2369871139526367,0.0201566610485315,megabytes,88270.0,88270.0,0.0,0.0,0.075771904,0.075771904,0.0,0.0,success,sinkhorn,0.01,100000
1D-students-2df-32p,32,32,0.0056573309980089,591,9.297987152370096e-07,,seconds,0.2451305389404297,0.0194823388010263,megabytes,88270.0,88270.0,0.0,0.0,0.06877184,0.06877184,0.0,0.0,success,sinkhorn,0.01,100000
1D-students-2df-32p,32,32,0.044115814239272,401,9.093926571457832e-07,,seconds,0.0,0.0138273742049932,megabytes,0.0,0.0,0.0,0.0,0.0,0.0,0.0,0.0,success,sinkhorn,0.01,100000
1D-students-2df-32p,32,32,0.0476554886767627,721,9.888934151273852e-07,,seconds,0.0,0.0248906761407852,megabytes,0.0,0.0,0.0,0.0,0.0,0.0,0.0,0.0,success,sinkhorn,0.01,100000
1D-students-2df-32p,32,32,0.108562566752669,421,9.590356782792745e-07,,seconds,0.2477829456329345,0.0143614001572132,megabytes,88270.0,88270.0,4.0,4.0,0.068636672,0.068636672,0.0,0.0,success,sinkhorn,0.01,100000
1D-students-2df-32p,32,32,0.0055796136688949,671,8.833591459553556e-07,,seconds,0.2900245189666748,0.0218317992985248,megabytes,88270.0,88270.0,0.0,0.0,0.068583424,0.068583424,0.0,0.0,success,sinkhorn,0.01,100000
1D-students-2df-32p,32,32,0.0139887070946842,651,9.500278944934048e-07,,seconds,0.2438249588012695,0.0211070664227008,megabytes,88270.0,88270.0,0.0,0.0,0.068632576,0.068632576,0.0,0.0,success,sinkhorn,0.01,100000
1D-students-2df-32p,32,32,0.1899295384070279,100000,0.0299073344457029,,seconds,3.0341310501098637,2.876478722319007,megabytes,88270.0,88270.0,59.0,54.46153846153846,0.08931328,0.08931328,0.796875,0.7358774038461539,success,sinkhorn,0.01,100000
1D-students-2df-32p,32,32,0.0155135281600513,581,8.623187577295482e-07,,seconds,0.2419512271881103,0.0189325921237468,megabytes,88270.0,88270.0,0.0,0.0,0.068636672,0.068636672,0.0,0.0,success,sinkhorn,0.01,100000
1D-students-2df-32p,32,32,0.0194426885898579,731,9.126593010066532e-07,,seconds,0.2363317012786865,0.0234137009829282,megabytes,88270.0,88270.0,0.0,0.0,0.068202496,0.068202496,0.071875,0.071875,success,sinkhorn,0.01,100000
1D-students-2df-32p,32,32,0.0784003494305347,731,9.383454104476582e-07,,seconds,0.2407038211822509,0.0230056587606668,megabytes,88270.0,88270.0,6.0,6.0,0.068644864,0.068644864,0.0,0.0,success,sinkhorn,0.01,100000
1D-students-2df-32p,32,32,0.0300752965630174,671,8.980784888250355e-07,,seconds,0.2450428009033203,0.0213633254170417,megabytes,88270.0,88270.0,0.0,0.0,0.068657152,0.068657152,0.0,0.0,success,sinkhorn,0.01,100000
1D-students-2df-32p,32,32,0.0628583864841121,681,9.782678716909382e-07,,seconds,0.245849609375,0.0216981302946805,megabytes,88270.0,88270.0,0.0,0.0,0.06862848,0.06862848,0.0,0.0,success,sinkhorn,0.01,100000
1D-students-2df-32p,32,32,0.2186385747192493,100000,0.06790277171521,,seconds,3.0779526233673096,2.874942272901535,megabytes,88270.0,88270.0,60.0,55.07692307692308,0.088977408,0.088977408,0.80859375,0.7335937500000002,success,sinkhorn,0.01,100000
1D-students-2df-32p,32,32,0.2143984102350966,100000,0.0462855828702035,,seconds,2.9998602867126465,2.848604703322053,megabytes,88270.0,88270.0,60.0,52.07692307692308,0.08890368,0.08890368,0.78671875,0.7322716346153846,success,sinkhorn,0.01,100000
1D-students-2df-32p,32,32,0.0259413858718602,681,9.499999780987052e-07,,seconds,0.2465560436248779,0.0219128653407096,megabytes,88270.0,88270.0,0.0,0.0,0.06868992,0.06868992,0.0,0.0,success,sinkhorn,0.01,100000
1D-students-2df-32p,32,32,0.0617924419026093,611,9.819977018782784e-07,,seconds,0.2379083633422851,0.0198912285268306,megabytes,88270.0,88270.0,5.0,5.0,0.06864896,0.06864896,0.0,0.0,success,sinkhorn,0.01,100000
1D-students-2df-32p,32,32,0.1741718995532692,631,8.354343872047087e-07,,seconds,0.2436020374298095,0.0205068029463291,megabytes,88270.0,88270.0,0.0,0.0,0.06864896,0.06864896,0.0,0.0,success,sinkhorn,0.01,100000
1D-students-2df-32p,32,32,0.0854472892106032,721,9.7603703209654e-07,,seconds,0.240572452545166,0.0229235030710697,megabytes,88270.0,88270.0,0.0,0.0,0.068661248,0.068661248,0.0,0.0,success,sinkhorn,0.01,100000
1D-students-2df-32p,32,32,0.1490705817036202,731,9.941865932528797e-07,,seconds,0.2672946453094482,0.0231826193630695,megabytes,88270.0,88270.0,6.0,6.0,0.068743168,0.068743168,0.0,0.0,success,sinkhorn,0.01,100000
1D-students-2df-32p,32,32,0.2884438771919015,100000,0.033476028076163,,seconds,2.864091634750366,2.8225446846336126,megabytes,88270.0,88270.0,60.0,55.833333333333336,0.088846336,0.088846336,0.81328125,0.7610677083333334,success,sinkhorn,0.01,100000
1D-students-2df-32p,32,32,0.0109777116235385,651,8.865178893497037e-07,,seconds,0.2393183708190918,0.0210258681327104,megabytes,88270.0,88270.0,0.0,0.0,0.068624384,0.068624384,0.0,0.0,success,sinkhorn,0.01,100000
1D-students-2df-32p,32,32,0.0230255541353433,771,9.335194406701884e-07,,seconds,0.2423555850982666,0.0239898134022951,megabytes,88270.0,88270.0,0.0,0.0,0.068612096,0.068612096,0.03515625,0.03515625,success,sinkhorn,0.01,100000
1D-students-2df-32p,32,32,0.0133619958566478,721,9.400726151374516e-07,,seconds,0.2456448078155517,0.0228210836648941,megabytes,88270.0,88270.0,0.0,0.0,0.068542464,0.068542464,0.0,0.0,success,sinkhorn,0.01,100000
1D-students-2df-32p,32,32,0.0074319659206645,711,8.98442022894444e-07,,seconds,0.3672235012054443,0.0224545542150735,megabytes,88270.0,88270.0,6.0,6.0,0.068624384,0.068624384,0.0,0.0,success,sinkhorn,0.01,100000
1D-students-2df-32p,32,32,0.1847077794557092,100000,0.015281797876052,,seconds,2.9605886936187744,2.860506422817707,megabytes,88270.0,88270.0,60.0,50.75,0.088850432,0.088850432,0.803125,0.7581380208333334,success,sinkhorn,0.01,100000
1D-students-2df-32p,32,32,0.0429802170696235,751,8.708898718238314e-07,,seconds,0.2400906085968017,0.023641837760806,megabytes,88270.0,88270.0,6.0,6.0,0.06836224,0.06836224,0.03515625,0.03515625,success,sinkhorn,0.01,100000
1D-students-2df-32p,32,32,0.0758369137506168,7861,9.953388219375527e-07,,seconds,0.2422182559967041,0.2280975356698036,megabytes,88270.0,88270.0,0.0,0.0,0.06770688,0.06770688,0.71640625,0.71640625,success,sinkhorn,0.01,100000
1D-students-2df-32p,32,32,0.0053698600603544,671,9.477209486764216e-07,,seconds,0.2360398769378662,0.0212652012705802,megabytes,88270.0,88270.0,25.0,25.0,0.068603904,0.068603904,0.0359375,0.0359375,success,sinkhorn,0.01,100000
1D-students-2df-32p,32,32,0.0212536725344953,741,9.284750592198944e-07,,seconds,0.2388436794281005,0.0234934445470571,megabytes,88270.0,88270.0,0.0,0.0,0.068161536,0.068161536,0.0,0.0,success,sinkhorn,0.01,100000
1D-students-2df-64p,64,64,0.0074451545693244,681,9.551583388755511e-07,,seconds,0.2447090148925781,0.0216704681515693,megabytes,88270.0,88270.0,6.0,6.0,0.068694016,0.068694016,0.0,0.0,success,sinkhorn,0.01,100000
1D-students-2df-64p,64,64,0.0230394945947515,741,9.980482274841508e-07,,seconds,0.2429192066192627,0.0231529101729393,megabytes,88270.0,88270.0,0.0,0.0,0.06866944,0.06866944,0.0,0.0,success,sinkhorn,0.01,100000
1D-students-2df-64p,64,64,0.0133722634211851,701,8.823389501721022e-07,,seconds,0.2410898208618164,0.0220365021377801,megabytes,88270.0,88270.0,0.0,0.0,0.068706304,0.068706304,0.0,0.0,success,sinkhorn,0.01,100000
1D-students-2df-64p,64,64,0.0300839912514565,651,8.771079929820385e-07,,seconds,0.2436048984527588,0.0206947308033704,megabytes,88270.0,88270.0,0.0,0.0,0.068755456,0.068755456,0.0,0.0,success,sinkhorn,0.01,100000
1D-students-2df-64p,64,64,0.2188129764539832,100000,0.0483336181447366,,seconds,3.016214370727539,2.8176252227276564,megabytes,88270.0,88270.0,61.0,56.07692307692308,0.089489408,0.089489408,0.796875,0.7237379807692308,success,sinkhorn,0.01,100000
1D-students-2df-64p,64,64,0.0155283721171927,561,8.578637011479298e-07,,seconds,0.2437210083007812,0.018233273178339,megabytes,88270.0,88270.0,0.0,0.0,0.06875136,0.06875136,0.0,0.0,success,sinkhorn,0.01,100000
1D-students-2df-64p,64,64,0.0854524566185352,701,9.487381548335476e-07,,seconds,0.2515380382537842,0.022203953936696,megabytes,88270.0,88270.0,6.0,6.0,0.068694016,0.068694016,0.0,0.0,success,sinkhorn,0.01,100000
1D-students-2df-64p,64,64,0.0476634575859784,701,9.499951989883732e-07,,seconds,0.2533245086669922,0.0222379956394433,megabytes,88270.0,88270.0,2.0,2.0,0.068960256,0.068960256,0.0,0.0,success,sinkhorn,0.01,100000
1D-students-2df-64p,64,64,0.0139964212464749,631,9.194653731807694e-07,,seconds,0.2434136867523193,0.0203449241816997,megabytes,88270.0,88270.0,0.0,0.0,0.06883328,0.06883328,0.0,0.0,success,sinkhorn,0.01,100000
1D-students-2df-64p,64,64,0.0758129382502963,8861,9.92262237366407e-07,,seconds,0.4700648784637451,0.2531728353351354,megabytes,88270.0,88270.0,61.0,31.5,0.079147008,0.079147008,0.7796875,0.38984375,success,sinkhorn,0.01,100000
1D-students-2df-64p,64,64,0.0049274817563322,531,9.524523326997682e-07,,seconds,0.2392032146453857,0.0172376278787851,megabytes,88270.0,88270.0,0.0,0.0,0.068722688,0.068722688,0.0,0.0,success,sinkhorn,0.01,100000
1D-students-2df-64p,64,64,0.1741740008280572,611,8.655946518946499e-07,,seconds,0.2513699531555176,0.0217479895800352,megabytes,88270.0,88270.0,0.0,0.0,0.076140544,0.076140544,0.0,0.0,success,sinkhorn,0.01,100000
1D-students-2df-64p,64,64,0.0628574913267643,661,9.62821712488406e-07,,seconds,0.2361607551574707,0.0232455320656299,megabytes,88270.0,88270.0,0.0,0.0,0.075833344,0.075833344,0.0359375,0.0359375,success,sinkhorn,0.01,100000
1D-students-2df-64p,64,64,0.1905348285054498,100000,0.0217983774379425,,seconds,3.014246225357056,2.8383492920547724,megabytes,88270.0,88270.0,61.0,57.0,0.089276416,0.089276416,0.78984375,0.7362379807692307,success,sinkhorn,0.01,100000
1D-students-2df-64p,64,64,0.0441341835207077,391,8.105060066668147e-07,,seconds,0.2455453872680664,0.0133636314421892,megabytes,88270.0,88270.0,0.0,0.0,0.068657152,0.068657152,0.0,0.0,success,sinkhorn,0.01,100000
1D-students-2df-64p,64,64,0.1490925704767269,711,9.716491113801716e-07,,seconds,0.2421960830688476,0.0246545150876045,megabytes,88270.0,88270.0,0.0,0.0,0.07591936,0.07591936,0.0,0.0,success,sinkhorn,0.01,100000
1D-students-2df-64p,64,64,0.0194562172690284,701,9.951271901520498e-07,,seconds,0.246690034866333,0.0221864320337772,megabytes,88270.0,88270.0,6.0,6.0,0.068509696,0.068509696,0.0,0.0,success,sinkhorn,0.01,100000
1D-students-2df-64p,64,64,0.0429924709228505,721,9.604020700080411e-07,,seconds,0.2480201721191406,0.0278878957033157,megabytes,88270.0,88270.0,0.0,0.0,0.076087296,0.076087296,0.0,0.0,success,sinkhorn,0.01,100000
1D-students-2df-64p,64,64,0.0053823220591004,641,9.950910375480902e-07,,seconds,0.2362952232360839,0.0206210855394601,megabytes,88270.0,88270.0,0.0,0.0,0.068415488,0.068415488,0.0,0.0,success,sinkhorn,0.01,100000
1D-students-2df-64p,64,64,0.0212676739950784,721,8.733986901735175e-07,,seconds,0.2387528419494629,0.0227334238588809,megabytes,88270.0,88270.0,0.0,0.0,0.0685056,0.0685056,0.0,0.0,success,sinkhorn,0.01,100000
1D-students-2df-64p,64,64,0.2908261158543092,100000,0.0228613857978503,,seconds,3.0823934078216557,2.879992939531803,megabytes,88270.0,88270.0,60.0,54.69230769230769,0.089247744,0.089247744,0.8,0.7234375,success,sinkhorn,0.01,100000
1D-students-2df-64p,64,64,0.0109911156196533,621,9.879220948166145e-07,,seconds,0.2411386966705322,0.0201763678342103,megabytes,88270.0,88270.0,0.0,0.0,0.068448256,0.068448256,0.0,0.0,success,sinkhorn,0.01,100000
1D-students-2df-64p,64,64,0.005669447073735,571,8.703407386005106e-07,,seconds,0.2467269897460937,0.0229955352842807,megabytes,88270.0,88270.0,0.0,0.0,0.076148736,0.076148736,0.0,0.0,success,sinkhorn,0.01,100000
1D-students-2df-64p,64,64,0.0259500897332619,661,9.178831491233584e-07,,seconds,0.2392048835754394,0.021177489310503,megabytes,88270.0,88270.0,0.0,0.0,0.06844416,0.06844416,0.0,0.0,success,sinkhorn,0.01,100000
1D-students-2df-64p,64,64,0.2149557157419208,100000,0.033816179651919,,seconds,2.9493730068206787,2.877983221784234,megabytes,88270.0,88270.0,61.0,55.5,0.090984448,0.090984448,0.78359375,0.7544270833333333,success,sinkhorn,0.01,100000
1D-students-2df-64p,64,64,0.0617841367230339,601,8.339921453953159e-07,,seconds,0.2400941848754882,0.01938789896667,megabytes,88270.0,88270.0,0.0,0.0,0.068395008,0.068395008,0.0,0.0,success,sinkhorn,0.01,100000
1D-students-2df-64p,64,64,0.1849568058562011,100000,0.0114945184055017,,seconds,3.064682006835937,2.844490308314562,megabytes,88270.0,88270.0,61.0,57.07692307692308,0.088854528,0.088854528,0.8,0.7358173076923078,success,sinkhorn,0.01,100000
1D-students-2df-64p,64,64,0.0784168523915591,711,9.073251082601862e-07,,seconds,0.2413487434387207,0.0224901009351015,megabytes,88270.0,88270.0,0.0,0.0,0.068390912,0.068390912,0.03515625,0.03515625,success,sinkhorn,0.01,100000
1D-students-2df-64p,64,64,0.1085740748625505,411,8.915517721519348e-07,,seconds,0.2355484962463379,0.013929421082139,megabytes,88270.0,88270.0,0.0,0.0,0.068313088,0.068313088,0.0,0.0,success,sinkhorn,0.01,100000
1D-students-2df-64p,64,64,0.0055921830874873,641,9.363086352209896e-07,,seconds,0.2431201934814453,0.0206372179090976,megabytes,88270.0,88270.0,0.0,0.0,0.068460544,0.068460544,0.0,0.0,success,sinkhorn,0.01,100000
1D-students-2df-128p,128,128,0.0476647424965474,681,9.134113561950584e-07,,seconds,0.2451672554016113,0.0236745476722717,megabytes,88270.0,88270.0,6.0,6.0,0.076136448,0.076136448,0.0,0.0,success,sinkhorn,0.01,100000
1D-students-2df-128p,128,128,0.0300856413569775,631,8.575854855046597e-07,,seconds,0.2396600246429443,0.0206953808665275,megabytes,88270.0,88270.0,0.0,0.0,0.068521984,0.068521984,0.0,0.0,success,sinkhorn,0.01,100000
1D-students-2df-128p,128,128,0.1741734814594429,591,8.978507481183429e-07,,seconds,0.240696907043457,0.0193596687167882,megabytes,88270.0,88270.0,5.0,5.0,0.068288512,0.068288512,0.0,0.0,success,sinkhorn,0.01,100000
1D-students-2df-128p,128,128,0.2189416256088062,100000,0.0342580314221291,,seconds,3.071652412414551,2.8951927926391363,megabytes,88270.0,88270.0,61.0,55.53846153846154,0.089051136,0.089051136,0.80625,0.7338942307692307,success,sinkhorn,0.01,100000
1D-students-2df-128p,128,128,0.078420209985454,691,8.779355562149973e-07,,seconds,0.2336580753326416,0.0221919119358062,megabytes,88270.0,88270.0,0.0,0.0,0.067964928,0.067964928,0.0359375,0.0359375,success,sinkhorn,0.01,100000
1D-students-2df-128p,128,128,0.2148352534879105,100000,0.0236901052946505,,seconds,3.009002685546875,2.9107351023703814,megabytes,88270.0,88270.0,60.0,54.92307692307692,0.088915968,0.088915968,0.7921875,0.7484374999999999,success,sinkhorn,0.01,100000
1D-students-2df-128p,128,128,0.0109941531687236,601,9.46426436370891e-07,,seconds,0.2396235466003418,0.0212844610214233,megabytes,88270.0,88270.0,0.0,0.0,0.076091392,0.076091392,0.03515625,0.03515625,success,sinkhorn,0.01,100000
1D-students-2df-128p,128,128,0.0758068384420677,10101,9.964495577906955e-07,,seconds,0.4708278179168701,0.2934617400169372,megabytes,88270.0,88270.0,61.0,30.5,0.078336,0.078336,0.77890625,0.463671875,success,sinkhorn,0.01,100000
1D-students-2df-128p,128,128,0.0133742393533401,671,9.550878847765495e-07,,seconds,0.2419710159301757,0.0214529186487197,megabytes,88270.0,88270.0,0.0,0.0,0.068366336,0.068366336,0.0,0.0,success,sinkhorn,0.01,100000
1D-students-2df-128p,128,128,0.0056722155008353,541,9.387286217943204e-07,,seconds,0.2432687282562255,0.0179536286741495,megabytes,88270.0,88270.0,5.0,5.0,0.068435968,0.068435968,0.0,0.0,success,sinkhorn,0.01,100000
1D-students-2df-128p,128,128,0.0429949230630229,701,9.136533917014088e-07,,seconds,0.2472696304321289,0.0243782103061676,megabytes,88270.0,88270.0,0.0,0.0,0.07616512,0.07616512,0.0,0.0,success,sinkhorn,0.01,100000
1D-students-2df-128p,128,128,0.1490970006278044,691,9.499651923674496e-07,,seconds,0.2403841018676757,0.0225235987454652,megabytes,88270.0,88270.0,0.0,0.0,0.068354048,0.068354048,0.0,0.0,success,sinkhorn,0.01,100000
1D-students-2df-128p,128,128,0.1850378161876527,100000,0.0083246744088362,,seconds,3.0079033374786377,2.880179258063436,megabytes,88270.0,88270.0,61.0,56.38461538461539,0.088895488,0.088895488,0.790625,0.7437499999999999,success,sinkhorn,0.01,100000
1D-students-2df-128p,128,128,0.0617812251753227,581,8.536101745366829e-07,,seconds,0.2456667423248291,0.0213052704930305,megabytes,88270.0,88270.0,0.0,0.0,0.076177408,0.076177408,0.0,0.0,success,sinkhorn,0.01,100000
1D-students-2df-128p,128,128,0.0259517816635325,641,8.876060549632552e-07,,seconds,0.2448451519012451,0.0208474453538656,megabytes,88270.0,88270.0,0.0,0.0,0.068288512,0.068288512,0.0,0.0,success,sinkhorn,0.01,100000
1D-students-2df-128p,128,128,0.0441388630765463,371,9.136637299667435e-07,,seconds,0.2449071407318115,0.013644266873598,megabytes,88270.0,88270.0,0.0,0.0,0.06832128,0.06832128,0.0,0.0,success,sinkhorn,0.01,100000
1D-students-2df-128p,128,128,0.1085782247570188,401,8.293462862902659e-07,,seconds,0.2500050067901611,0.0172235444188117,megabytes,88270.0,88270.0,4.0,4.0,0.074768384,0.074768384,0.0,0.0,success,sinkhorn,0.01,100000
1D-students-2df-128p,128,128,0.0055949808791923,611,9.92694973203038e-07,,seconds,0.2426512241363525,0.0204562991857528,megabytes,88270.0,88270.0,0.0,0.0,0.0683008,0.0683008,0.0,0.0,success,sinkhorn,0.01,100000
1D-students-2df-128p,128,128,0.0212704924310292,691,9.48417033267856e-07,,seconds,0.2453351020812988,0.0225880742073059,megabytes,88270.0,88270.0,0.0,0.0,0.06823936,0.06823936,0.0,0.0,success,sinkhorn,0.01,100000
1D-students-2df-128p,128,128,0.0230424783578133,721,9.298369247283024e-07,,seconds,0.2417950630187988,0.0234041009098291,megabytes,88270.0,88270.0,0.0,0.0,0.068255744,0.068255744,0.0,0.0,success,sinkhorn,0.01,100000
1D-students-2df-128p,128,128,0.0194591154031353,681,9.395145029333124e-07,,seconds,0.2402718067169189,0.022301698103547,megabytes,88270.0,88270.0,0.0,0.0,0.068214784,0.068214784,0.0,0.0,success,sinkhorn,0.01,100000
1D-students-2df-128p,128,128,0.1902590127169346,100000,0.0152445049126058,,seconds,3.0638997554779053,2.974954539909959,megabytes,88270.0,88270.0,60.0,54.53846153846154,0.088936448,0.088936448,0.790625,0.7507812500000001,success,sinkhorn,0.01,100000
1D-students-2df-128p,128,128,0.0854528700800832,681,9.226433825581408e-07,,seconds,0.2429406642913818,0.0221874043345451,megabytes,88270.0,88270.0,6.0,6.0,0.068214784,0.068214784,0.0,0.0,success,sinkhorn,0.01,100000
1D-students-2df-128p,128,128,0.0139979373977471,611,8.909108020612494e-07,,seconds,0.2424931526184082,0.020408421754837,megabytes,88270.0,88270.0,1.0,1.0,0.06828032,0.06828032,0.0,0.0,success,sinkhorn,0.01,100000
1D-students-2df-128p,128,128,0.2908132682064505,100000,0.0160831896414,,seconds,3.0504367351531982,2.886269189417362,megabytes,88270.0,88270.0,61.0,54.0,0.089038848,0.089038848,0.809375,0.7302884615384616,success,sinkhorn,0.01,100000
1D-students-2df-128p,128,128,0.0628564701160024,641,9.483360605147936e-07,,seconds,0.2406425476074218,0.0207787174731493,megabytes,88270.0,88270.0,0.0,0.0,0.068345856,0.068345856,0.0,0.0,success,sinkhorn,0.01,100000
1D-students-2df-128p,128,128,0.0155318243159174,541,8.541704850249686e-07,,seconds,0.2451176643371582,0.0224345289170742,megabytes,88270.0,88270.0,0.0,0.0,0.076161024,0.076161024,0.0,0.0,success,sinkhorn,0.01,100000
1D-students-2df-128p,128,128,0.005385152615967,621,9.158605918258728e-07,,seconds,0.2432198524475097,0.0203404407948255,megabytes,88270.0,88270.0,0.0,0.0,0.068288512,0.068288512,0.0,0.0,success,sinkhorn,0.01,100000
1D-students-2df-128p,128,128,0.007448118371649,661,8.865021630695854e-07,,seconds,0.2411792278289795,0.0215407107025384,megabytes,88270.0,88270.0,0.0,0.0,0.068337664,0.068337664,0.0,0.0,success,sinkhorn,0.01,100000
1D-students-2df-128p,128,128,0.0049301542151378,511,8.868625059863864e-07,,seconds,0.24922776222229,0.0170102510601282,megabytes,88270.0,88270.0,5.0,5.0,0.068268032,0.068268032,0.0,0.0,success,sinkhorn,0.01,100000
1D-students-2df-256p,256,256,0.0429948543123908,681,8.693153249638741e-07,,seconds,0.2465395927429199,0.0247849430888891,megabytes,88270.0,88270.0,0.0,0.0,0.076275712,0.076275712,0.0,0.0,success,sinkhorn,0.01,100000
1D-students-2df-256p,256,256,0.00567285553284,521,8.796732231345332e-07,,seconds,0.2395257949829101,0.0198655873537063,megabytes,88270.0,88270.0,0.0,0.0,0.076038144,0.076038144,0.0,0.0,success,sinkhorn,0.01,100000
1D-students-2df-256p,256,256,0.0300850795653144,601,9.86414253515308e-07,,seconds,0.2472500801086425,0.0214120429009199,megabytes,88270.0,88270.0,0.0,0.0,0.068419584,0.068419584,0.0,0.0,success,sinkhorn,0.01,100000
1D-students-2df-256p,256,256,0.0049307721084085,481,9.477921060213388e-07,,seconds,0.2684893608093261,0.0183205883949995,megabytes,88270.0,88270.0,4.0,4.0,0.068390912,0.068390912,0.0,0.0,success,sinkhorn,0.01,100000
1D-students-2df-256p,256,256,0.1490966476728429,671,9.28832391341544e-07,,seconds,0.2460529804229736,0.0238798074424266,megabytes,88270.0,88270.0,0.0,0.0,0.06836224,0.06836224,0.0,0.0,success,sinkhorn,0.01,100000
1D-students-2df-256p,256,256,0.0133744307915611,651,8.971089656367215e-07,,seconds,0.2414295673370361,0.0238399636000394,megabytes,88270.0,88270.0,0.0,0.0,0.06832128,0.06832128,0.03515625,0.03515625,success,sinkhorn,0.01,100000
1D-students-2df-256p,256,256,0.1902882041615711,100000,0.0107966722914904,,seconds,3.254248857498169,3.1786846723407507,megabytes,88270.0,88270.0,57.0,52.5,0.089346048,0.089346048,0.809375,0.759765625,success,sinkhorn,0.01,100000
1D-students-2df-256p,256,256,0.214855388668878,100000,0.0167615123933582,,seconds,3.50677752494812,3.302363306283951,megabytes,88270.0,88270.0,59.0,49.07142857142857,0.089706496,0.089706496,0.796875,0.721484375,success,sinkhorn,0.01,100000
1D-students-2df-256p,256,256,0.0230424449802426,691,9.944701270470727e-07,,seconds,0.241034984588623,0.0247158892452716,megabytes,88270.0,88270.0,6.0,6.0,0.068251648,0.068251648,0.0,0.0,success,sinkhorn,0.01,100000
1D-students-2df-256p,256,256,0.0055955791335551,591,9.195796784960146e-07,,seconds,0.2435865402221679,0.0217038933187723,megabytes,88270.0,88270.0,2.0,2.0,0.068575232,0.068575232,0.0,0.0,success,sinkhorn,0.01,100000
1D-students-2df-256p,256,256,0.0155324633469723,521,8.506609657968356e-07,,seconds,0.2385869026184082,0.0187267754226923,megabytes,88270.0,88270.0,0.0,0.0,0.068452352,0.068452352,0.0,0.0,success,sinkhorn,0.01,100000
1D-students-2df-256p,256,256,0.2188805802692366,100000,0.0241108562174427,,seconds,3.5443685054779053,3.356568465009332,megabytes,88270.0,88270.0,55.0,51.13333333333333,0.089911296,0.089911296,0.80625,0.7396354166666668,success,sinkhorn,0.01,100000
1D-students-2df-256p,256,256,0.0053857180299437,591,9.61704225784487e-07,,seconds,0.2372622489929199,0.020913915708661,megabytes,88270.0,88270.0,5.0,5.0,0.068308992,0.068308992,0.0,0.0,success,sinkhorn,0.01,100000
1D-students-2df-256p,256,256,0.1850595275906456,100000,0.0059279693810993,,seconds,3.554785966873169,3.3550954293459654,megabytes,88270.0,88270.0,55.0,50.13333333333333,0.089976832,0.089976832,0.78984375,0.7282291666666668,success,sinkhorn,0.01,100000
1D-students-2df-256p,256,256,0.0476642957440875,661,8.784096266364162e-07,,seconds,0.237929105758667,0.0236194785684347,megabytes,88270.0,88270.0,0.0,0.0,0.067915776,0.067915776,0.0359375,0.0359375,success,sinkhorn,0.01,100000
1D-students-2df-256p,256,256,0.0758053179494775,11931,9.93645158449187e-07,,seconds,0.4697153568267822,0.3977937866002321,megabytes,88270.0,88270.0,55.0,27.5,0.078168064,0.078168064,0.7890625,0.637109375,success,sinkhorn,0.01,100000
1D-students-2df-256p,256,256,0.0194594085625418,661,8.87129329159895e-07,,seconds,0.2345197200775146,0.0235192216932773,megabytes,88270.0,88270.0,0.0,0.0,0.067858432,0.067858432,0.0,0.0,success,sinkhorn,0.01,100000
1D-students-2df-256p,256,256,0.1741716709682955,571,9.315317688199782e-07,,seconds,0.2427940368652343,0.0215182639658451,megabytes,88270.0,88270.0,0.0,0.0,0.076423168,0.076423168,0.0,0.0,success,sinkhorn,0.01,100000
1D-students-2df-256p,256,256,0.062855250237716,621,9.34228366356854e-07,,seconds,0.2386791706085205,0.0220662634819746,megabytes,88270.0,88270.0,5.0,5.0,0.068304896,0.068304896,0.0,0.0,success,sinkhorn,0.01,100000
1D-students-2df-256p,256,256,0.0074485704547275,631,9.426984865310636e-07,,seconds,0.2412571907043457,0.0235196258872747,megabytes,88270.0,88270.0,0.0,0.0,0.068349952,0.068349952,0.0,0.0,success,sinkhorn,0.01,100000
1D-students-2df-256p,256,256,0.044140001293374,361,8.158220991659997e-07,,seconds,0.2383399009704589,0.0137025620788335,megabytes,88270.0,88270.0,0.0,0.0,0.06832128,0.06832128,0.0,0.0,success,sinkhorn,0.01,100000
1D-students-2df-256p,256,256,0.078419425846124,661,9.939835028671375e-07,,seconds,0.238614797592163,0.0240940004587173,megabytes,88270.0,88270.0,0.0,0.0,0.076181504,0.076181504,0.03515625,0.03515625,success,sinkhorn,0.01,100000
1D-students-2df-256p,256,256,0.0212707908753062,671,8.927175903774518e-07,,seconds,0.2422456741333007,0.0247885771095752,megabytes,88270.0,88270.0,6.0,6.0,0.076136448,0.076136448,0.0703125,0.0703125,success,sinkhorn,0.01,100000
1D-students-2df-256p,256,256,0.0139979779780027,591,8.634777737454535e-07,,seconds,0.2431206703186035,0.0217140521854162,megabytes,88270.0,88270.0,0.0,0.0,0.068366336,0.068366336,0.0,0.0,success,sinkhorn,0.01,100000
1D-students-2df-256p,256,256,0.0109946842207632,581,9.06820319004692e-07,,seconds,0.245638370513916,0.0211893953382968,megabytes,88270.0,88270.0,0.0,0.0,0.06836224,0.06836224,0.0,0.0,success,sinkhorn,0.01,100000
1D-students-2df-256p,256,256,0.2902522397708942,100000,0.0113132924981348,,seconds,3.3111040592193604,3.20624484308064,megabytes,88270.0,88270.0,57.0,52.85714285714285,0.089571328,0.089571328,0.7953125,0.7478794642857143,success,sinkhorn,0.01,100000
1D-students-2df-256p,256,256,0.025951726465059,621,8.584967903185342e-07,,seconds,0.2441258430480957,0.0221101343631744,megabytes,88270.0,88270.0,0.0,0.0,0.06842368,0.06842368,0.0,0.0,success,sinkhorn,0.01,100000
1D-students-2df-256p,256,256,0.085451899737265,661,8.973582658573262e-07,,seconds,0.2416768074035644,0.0232796613126993,megabytes,88270.0,88270.0,0.0,0.0,0.068497408,0.068497408,0.0,0.0,success,sinkhorn,0.01,100000
1D-students-2df-256p,256,256,0.1085787621771507,391,7.714138524173455e-07,,seconds,0.2402548789978027,0.0146368369460105,megabytes,88270.0,88270.0,0.0,0.0,0.068407296,0.068407296,0.0,0.0,success,sinkhorn,0.01,100000
1D-students-2df-256p,256,256,0.0617795139579458,561,8.739991712207538e-07,,seconds,0.2393457889556884,0.0200375895947217,megabytes,88270.0,88270.0,0.0,0.0,0.068407296,0.068407296,0.0,0.0,success,sinkhorn,0.01,100000
1D-students-2df-512p,512,512,0.0139971896255181,561,9.798987915703167e-07,,seconds,0.2442045211791992,0.0232535470277071,megabytes,88270.0,88270.0,0.0,0.0,0.068448256,0.068448256,0.0,0.0,success,sinkhorn,0.01,100000
1D-students-2df-512p,512,512,0.010994520068938,561,8.689049888938211e-07,,seconds,0.2381293773651123,0.0230472758412361,megabytes,88270.0,88270.0,6.0,6.0,0.067874816,0.067874816,0.0359375,0.0359375,success,sinkhorn,0.01,100000
1D-students-2df-512p,512,512,0.085450184078633,641,8.727864797307449e-07,,seconds,0.2476668357849121,0.0276038628071546,megabytes,88270.0,88270.0,7.0,7.0,0.068378624,0.068378624,0.0,0.0,success,sinkhorn,0.01,100000
1D-students-2df-512p,512,512,0.0055955058930162,561,9.750265512625568e-07,,seconds,0.2407162189483642,0.0230329222977161,megabytes,88270.0,88270.0,0.0,0.0,0.068390912,0.068390912,0.0,0.0,success,sinkhorn,0.01,100000
1D-students-2df-512p,512,512,0.21888048445989,100000,0.0170560607529567,,seconds,3.6980061531066895,3.674464536830783,megabytes,88270.0,88270.0,62.0,55.125,0.093384704,0.093384704,0.8109375,0.7780761718749999,success,sinkhorn,0.01,100000
1D-students-2df-512p,512,512,0.0053857602561422,571,8.851392536682118e-07,,seconds,0.2424759864807129,0.0234251599758863,megabytes,88270.0,88270.0,7.0,7.0,0.068534272,0.068534272,0.0,0.0,success,sinkhorn,0.01,100000
1D-students-2df-512p,512,512,0.0758049411457087,14621,9.96286151237085e-07,,seconds,0.7174391746520996,0.5358830019831657,megabytes,88270.0,88270.0,62.0,34.666666666666664,0.08073216,0.08073216,0.771875,0.5611979166666666,success,sinkhorn,0.01,100000
1D-students-2df-512p,512,512,0.0617776684941553,541,8.949507724794197e-07,,seconds,0.2365577220916748,0.0223313830792903,megabytes,88270.0,88270.0,0.0,0.0,0.067874816,0.067874816,0.0,0.0,success,sinkhorn,0.01,100000
1D-students-2df-512p,512,512,0.0476623560308605,631,9.852226688348352e-07,,seconds,0.2646946907043457,0.0255401376634836,megabytes,88270.0,88270.0,7.0,7.0,0.068419584,0.068419584,0.0,0.0,success,sinkhorn,0.01,100000
1D-students-2df-512p,512,512,0.0230418379123578,671,9.265741802014274e-07,,seconds,0.245011568069458,0.0271651316434144,megabytes,88270.0,88270.0,0.0,0.0,0.068292608,0.068292608,0.03515625,0.03515625,success,sinkhorn,0.01,100000
1D-students-2df-512p,512,512,0.0133737311450969,621,9.71246993634037e-07,,seconds,0.2515954971313476,0.025155434384942,megabytes,88270.0,88270.0,0.0,0.0,0.067899392,0.067899392,0.03359375,0.03359375,success,sinkhorn,0.01,100000
1D-students-2df-512p,512,512,0.1902950005655184,100000,0.0076356101914707,,seconds,3.7151055335998535,3.687284914776683,megabytes,88270.0,88270.0,61.0,56.8125,0.091213824,0.091213824,0.79453125,0.771337890625,success,sinkhorn,0.01,100000
1D-students-2df-512p,512,512,0.0441401037623741,341,9.200565652267438e-07,,seconds,0.2402701377868652,0.017708171159029,megabytes,88270.0,88270.0,0.0,0.0,0.07391232,0.07391232,0.0,0.0,success,sinkhorn,0.01,100000
1D-students-2df-512p,512,512,0.1850533290122686,100000,0.0041849878213219,,seconds,3.847119092941284,3.70119746029377,megabytes,88270.0,88270.0,61.0,54.75,0.091078656,0.091078656,0.80859375,0.7450683593749999,success,sinkhorn,0.01,100000
1D-students-2df-512p,512,512,0.0056729123309959,491,9.49048004702312e-07,,seconds,0.248694896697998,0.0205774959176778,megabytes,88270.0,88270.0,0.0,0.0,0.067895296,0.067895296,0.0,0.0,success,sinkhorn,0.01,100000
1D-students-2df-512p,512,512,0.0784178960092548,641,9.619677828450762e-07,,seconds,0.2382450103759765,0.0260264463722705,megabytes,88270.0,88270.0,0.0,0.0,0.067854336,0.067854336,0.0359375,0.0359375,success,sinkhorn,0.01,100000
1D-students-2df-512p,512,512,0.030084129319644,581,9.647712452535558e-07,,seconds,0.2416973114013672,0.0239708684384822,megabytes,88270.0,88270.0,0.0,0.0,0.068190208,0.068190208,0.03515625,0.03515625,success,sinkhorn,0.01,100000
1D-students-2df-512p,512,512,0.0155323154707962,501,8.472052981631904e-07,,seconds,0.2404592037200927,0.0210453830659389,megabytes,88270.0,88270.0,6.0,6.0,0.068390912,0.068390912,0.0,0.0,success,sinkhorn,0.01,100000
1D-students-2df-512p,512,512,0.1490945364028732,651,9.081837645458756e-07,,seconds,0.2363877296447754,0.0262742340564727,megabytes,88270.0,88270.0,6.0,6.0,0.067854336,0.067854336,0.0,0.0,success,sinkhorn,0.01,100000
1D-students-2df-512p,512,512,0.0429932386152734,651,9.595223676790195e-07,,seconds,0.2398886680603027,0.0264722928404808,megabytes,88270.0,88270.0,0.0,0.0,0.067801088,0.067801088,0.0,0.0,success,sinkhorn,0.01,100000
1D-students-2df-512p,512,512,0.019458493126505,631,9.680383656854369e-07,,seconds,0.2418849468231201,0.0279018506407737,megabytes,88270.0,88270.0,0.0,0.0,0.07657472,0.07657472,0.0359375,0.0359375,success,sinkhorn,0.01,100000
1D-students-2df-512p,512,512,0.1741687323524027,551,9.665296938463562e-07,,seconds,0.241081953048706,0.0226692967116832,megabytes,88270.0,88270.0,0.0,0.0,0.068317184,0.068317184,0.0,0.0,success,sinkhorn,0.01,100000
1D-students-2df-512p,512,512,0.1085770195218591,371,9.437955505630228e-07,,seconds,0.2484190464019775,0.0159477032721042,megabytes,88270.0,88270.0,0.0,0.0,0.06828032,0.06828032,0.0,0.0,success,sinkhorn,0.01,100000
1D-students-2df-512p,512,512,0.0628536069522025,601,9.203676107196683e-07,,seconds,0.243504524230957,0.0244912058115005,megabytes,88270.0,88270.0,0.0,0.0,0.068345856,0.068345856,0.0,0.0,success,sinkhorn,0.01,100000
1D-students-2df-512p,512,512,0.0049308968216743,461,8.826445988651209e-07,,seconds,0.2470438480377197,0.0193881560117006,megabytes,88270.0,88270.0,5.0,5.0,0.068251648,0.068251648,0.0,0.0,success,sinkhorn,0.01,100000
1D-students-2df-512p,512,512,0.007448469115075,611,8.749812818141958e-07,,seconds,0.2502224445343017,0.0289311688393354,megabytes,88270.0,88270.0,0.0,0.0,0.076660736,0.076660736,0.0,0.0,success,sinkhorn,0.01,100000
1D-students-2df-512p,512,512,0.2903119804974841,100000,0.008006331684124,,seconds,3.719057321548462,3.6894626058638096,megabytes,88270.0,88270.0,61.0,54.375,0.0909312,0.0909312,0.79921875,0.774462890625,success,sinkhorn,0.01,100000
1D-students-2df-512p,512,512,0.2148512464495318,100000,0.0118467176137563,,seconds,3.730380773544312,3.7062056604772806,megabytes,88270.0,88270.0,61.0,58.2,0.093519872,0.093519872,0.80703125,0.7782812499999999,success,sinkhorn,0.01,100000
1D-students-2df-512p,512,512,0.0212698422620126,641,9.695338275380849e-07,,seconds,0.2485632896423339,0.0260341148823499,megabytes,88270.0,88270.0,5.0,5.0,0.0684032,0.0684032,0.0,0.0,success,sinkhorn,0.01,100000
1D-students-2df-512p,512,512,0.0259505725765217,591,9.711980122396636e-07,,seconds,0.23997163772583,0.0240640211850404,megabytes,88270.0,88270.0,0.0,0.0,0.068313088,0.068313088,0.0,0.0,success,sinkhorn,0.01,100000
1D-students-2df-1024p,1024,1024,0.0133729673911768,601,9.1232492167953e-07,,seconds,0.2398431301116943,0.0270175896584987,megabytes,88270.0,88270.0,0.0,0.0,0.0760832,0.0760832,0.0,0.0,success,sinkhorn,0.01,100000
1D-students-2df-1024p,1024,1024,0.007447899553798,581,9.304575140390186e-07,,seconds,0.2422873973846435,0.0243943706154823,megabytes,88270.0,88270.0,7.0,7.0,0.068186112,0.068186112,0.0,0.0,success,sinkhorn,0.01,100000
1D-students-2df-1024p,1024,1024,0.214850879822296,100000,0.0083775507674165,,seconds,3.7730789184570312,3.717640545219183,megabytes,88270.0,88270.0,61.0,55.875,0.090845184,0.090845184,0.790625,0.7631347656249998,success,sinkhorn,0.01,100000
1D-students-2df-1024p,1024,1024,0.0230401562934244,641,9.909975148845866e-07,,seconds,0.239847183227539,0.0259087905287742,megabytes,88270.0,88270.0,0.0,0.0,0.067756032,0.067756032,0.03515625,0.03515625,success,sinkhorn,0.01,100000
1D-students-2df-1024p,1024,1024,0.1741667580761978,541,8.278816749411789e-07,,seconds,0.2460639476776123,0.0224603433161973,megabytes,88270.0,88270.0,0.0,0.0,0.06832128,0.06832128,0.0,0.0,success,sinkhorn,0.01,100000
1D-students-2df-1024p,1024,1024,0.0053855224337563,541,9.294462180452356e-07,,seconds,0.2396109104156494,0.0243005584925413,megabytes,88270.0,88270.0,0.0,0.0,0.076177408,0.076177408,0.0,0.0,success,sinkhorn,0.01,100000
1D-students-2df-1024p,1024,1024,0.0784155122730206,621,9.309905131616558e-07,,seconds,0.2445464134216308,0.0257345587015151,megabytes,88270.0,88270.0,0.0,0.0,0.067739648,0.067739648,0.0,0.0,success,sinkhorn,0.01,100000
1D-students-2df-1024p,1024,1024,0.2188807684310465,100000,0.012061709715713,,seconds,3.885864496231079,3.752281351014972,megabytes,88270.0,88270.0,61.0,58.0,0.090800128,0.090800128,0.79921875,0.7496093749999999,success,sinkhorn,0.01,100000
1D-students-2df-1024p,1024,1024,0.0194574790251664,611,9.1409867307546e-07,,seconds,0.2383370399475097,0.0272552873939275,megabytes,88270.0,88270.0,0.0,0.0,0.075493376,0.075493376,0.0359375,0.0359375,success,sinkhorn,0.01,100000
1D-students-2df-1024p,1024,1024,0.0212687962148886,621,9.12624275393178e-07,,seconds,0.2413752079010009,0.0254812613129615,megabytes,88270.0,88270.0,0.0,0.0,0.067719168,0.067719168,0.0,0.0,success,sinkhorn,0.01,100000
1D-students-2df-1024p,1024,1024,0.0300826666385734,561,9.436168371812326e-07,,seconds,0.2385964393615722,0.0236518699675798,megabytes,88270.0,88270.0,0.0,0.0,0.068169728,0.068169728,0.0,0.0,success,sinkhorn,0.01,100000
1D-students-2df-1024p,1024,1024,0.0259493456130766,571,9.394020388529312e-07,,seconds,0.2684540748596191,0.0238175448030233,megabytes,88270.0,88270.0,6.0,6.0,0.067743744,0.067743744,0.0,0.0,success,sinkhorn,0.01,100000
1D-students-2df-1024p,1024,1024,0.0617751545383126,521,9.164227445394932e-07,,seconds,0.2416074275970459,0.021605422720313,megabytes,88270.0,88270.0,0.0,0.0,0.068263936,0.068263936,0.0,0.0,success,sinkhorn,0.01,100000
1D-students-2df-1024p,1024,1024,0.0056728460048608,471,8.894007266043842e-07,,seconds,0.2451033592224121,0.0199985597282648,megabytes,88270.0,88270.0,5.0,5.0,0.068235264,0.068235264,0.0,0.0,success,sinkhorn,0.01,100000
1D-students-2df-1024p,1024,1024,0.1085755657182714,361,8.778383733432827e-07,,seconds,0.2443091869354248,0.015980327501893,megabytes,88270.0,88270.0,0.0,0.0,0.06821888,0.06821888,0.0,0.0,success,sinkhorn,0.01,100000
1D-students-2df-1024p,1024,1024,0.0109937691797449,531,9.691988381101187e-07,,seconds,0.2416167259216308,0.0239075552672147,megabytes,88270.0,88270.0,0.0,0.0,0.07610368,0.07610368,0.0,0.0,success,sinkhorn,0.01,100000
1D-students-2df-1024p,1024,1024,0.1850535911635307,100000,0.0029603166534212,,seconds,3.818153142929077,3.716201920062304,megabytes,88270.0,88270.0,61.0,57.1875,0.090882048,0.090882048,0.79296875,0.7549316406250001,success,sinkhorn,0.01,100000
1D-students-2df-1024p,1024,1024,0.290326327853534,100000,0.0056627680407316,,seconds,3.734110355377197,3.653438687324524,megabytes,88270.0,88270.0,62.0,58.125,0.090820608,0.090820608,0.8046875,0.7624511718750001,success,sinkhorn,0.01,100000
1D-students-2df-1024p,1024,1024,0.0441400382586968,331,8.216166427244678e-07,,seconds,0.2421042919158935,0.01596056856215,megabytes,88270.0,88270.0,0.0,0.0,0.073781248,0.073781248,0.0,0.0,success,sinkhorn,0.01,100000
1D-students-2df-1024p,1024,1024,0.0139963334358407,541,9.498026795042428e-07,,seconds,0.2352561950683593,0.0226076692342758,megabytes,88270.0,88270.0,6.0,6.0,0.06774784,0.06774784,0.0,0.0,success,sinkhorn,0.01,100000
1D-students-2df-1024p,1024,1024,0.1490912109640439,631,8.879966998299344e-07,,seconds,0.2508265972137451,0.0275777094066143,megabytes,88270.0,88270.0,1.0,1.0,0.06821888,0.06821888,0.0,0.0,success,sinkhorn,0.01,100000
1D-students-2df-1024p,1024,1024,0.1902920703179935,100000,0.0053984892522342,,seconds,3.904152870178223,3.741501037031412,megabytes,88270.0,88270.0,60.0,54.8235294117647,0.091234304,0.091234304,0.81171875,0.7458180147058824,success,sinkhorn,0.01,100000
1D-students-2df-1024p,1024,1024,0.0155318457102021,481,8.437729885980836e-07,,seconds,0.2440414428710937,0.0206751357764005,megabytes,88270.0,88270.0,0.0,0.0,0.068227072,0.068227072,0.0,0.0,success,sinkhorn,0.01,100000
1D-students-2df-1024p,1024,1024,0.0429915502348541,631,9.129995787496084e-07,,seconds,0.2438890933990478,0.0260140560567379,megabytes,88270.0,88270.0,0.0,0.0,0.068243456,0.068243456,0.0,0.0,success,sinkhorn,0.01,100000
1D-students-2df-1024p,1024,1024,0.0049308539445445,431,9.433157863617528e-07,,seconds,0.2423300743103027,0.0189143810421228,megabytes,88270.0,88270.0,0.0,0.0,0.068276224,0.068276224,0.0,0.0,success,sinkhorn,0.01,100000
1D-students-2df-1024p,1024,1024,0.0055953161433135,541,9.03226936455966e-07,,seconds,0.2409279346466064,0.0246547758579254,megabytes,88270.0,88270.0,0.0,0.0,0.075821056,0.075821056,0.0,0.0,success,sinkhorn,0.01,100000
1D-students-2df-1024p,1024,1024,0.0628513318806364,581,9.067208332524438e-07,,seconds,0.2393860816955566,0.0240853708237409,megabytes,88270.0,88270.0,7.0,7.0,0.068100096,0.068100096,0.0,0.0,success,sinkhorn,0.01,100000
1D-students-2df-1024p,1024,1024,0.0854461618035757,611,9.95594005534533e-07,,seconds,0.2394797801971435,0.0271025523543357,megabytes,88270.0,88270.0,0.0,0.0,0.07606272,0.07606272,0.0359375,0.0359375,success,sinkhorn,0.01,100000
1D-students-2df-1024p,1024,1024,0.0758048516603759,18221,9.97462009491644e-07,,seconds,0.8550705909729004,0.7045717835426331,megabytes,88270.0,88270.0,59.0,39.0,0.07983104,0.07983104,0.7734375,0.6268229166666667,success,sinkhorn,0.01,100000
1D-students-2df-1024p,1024,1024,0.0476603787525889,611,9.475238592648044e-07,,seconds,0.2471415996551513,0.0256909187883138,megabytes,88270.0,88270.0,0.0,0.0,0.068333568,0.068333568,0.0,0.0,success,sinkhorn,0.01,100000
1D-students-2df-2048p,2048,2048,0.0784121773166288,601,9.010116566410082e-07,,seconds,0.243481159210205,0.0329229719936847,megabytes,88270.0,88270.0,10.0,10.0,0.06774784,0.06774784,0.03515625,0.03515625,success,sinkhorn,0.01,100000
1D-students-2df-2048p,2048,2048,0.0056726224261722,441,9.595577460505231e-07,,seconds,0.239546537399292,0.0252338219434022,megabytes,88270.0,88270.0,0.0,0.0,0.074248192,0.074248192,0.0,0.0,success,sinkhorn,0.01,100000
1D-students-2df-2048p,2048,2048,0.0441396534029437,311,9.26611035551211e-07,,seconds,0.2447700500488281,0.0188408717513084,megabytes,88270.0,88270.0,0.0,0.0,0.068227072,0.068227072,0.0,0.0,success,sinkhorn,0.01,100000
1D-students-2df-2048p,2048,2048,0.0133712578790139,571,9.87729147991877e-07,,seconds,0.2475626468658447,0.0320790782570838,megabytes,88270.0,88270.0,0.0,0.0,0.067813376,0.067813376,0.03515625,0.03515625,success,sinkhorn,0.01,100000
1D-students-2df-2048p,2048,2048,0.1741614336140615,521,8.589978598954738e-07,,seconds,0.2439548969268798,0.0287812445312738,megabytes,88270.0,88270.0,0.0,0.0,0.067776512,0.067776512,0.03515625,0.03515625,success,sinkhorn,0.01,100000
1D-students-2df-2048p,2048,2048,0.0212664441196768,591,9.911602675444015e-07,,seconds,0.237431526184082,0.0326607376337051,megabytes,88270.0,88270.0,0.0,0.0,0.0677888,0.0677888,0.07109375,0.07109375,success,sinkhorn,0.01,100000
1D-students-2df-2048p,2048,2048,0.0074469835285087,551,9.8945118607736e-07,,seconds,0.244436502456665,0.0295570399612188,megabytes,88270.0,88270.0,0.0,0.0,0.067780608,0.067780608,0.0,0.0,success,sinkhorn,0.01,100000
1D-students-2df-2048p,2048,2048,0.1902924975664998,100000,0.0038173970896884,,seconds,5.297952890396118,5.1404739655554295,megabytes,88270.0,88270.0,66.0,63.5,0.173101056,0.173101056,0.81640625,0.7535866477272729,success,sinkhorn,0.01,100000
1D-students-2df-2048p,2048,2048,0.0230385441464646,621,9.233416415053056e-07,,seconds,0.2396011352539062,0.0332429129630327,megabytes,88270.0,88270.0,0.0,0.0,0.067801088,0.067801088,0.03515625,0.03515625,success,sinkhorn,0.01,100000
1D-students-2df-2048p,2048,2048,0.0758048313330884,21871,9.993075080107538e-07,,seconds,1.2570059299468994,1.1128248944878578,megabytes,88270.0,88270.0,67.0,61.5,0.080150528,0.080150528,0.78203125,0.6734375,success,sinkhorn,0.01,100000
1D-students-2df-2048p,2048,2048,0.042989226636939,611,8.687337381195634e-07,,seconds,0.2461717128753662,0.0341028422117233,megabytes,88270.0,88270.0,5.0,5.0,0.075251712,0.075251712,0.03515625,0.03515625,success,sinkhorn,0.01,100000
1D-students-2df-2048p,2048,2048,0.0055948328801589,511,9.576910973229486e-07,,seconds,0.2472856044769287,0.0288075264543294,megabytes,88270.0,88270.0,0.0,0.0,0.06811648,0.06811648,0.0,0.0,success,sinkhorn,0.01,100000
1D-students-2df-2048p,2048,2048,0.0155306415300639,451,9.973335000782814e-07,,seconds,0.2430126667022705,0.0249137673527002,megabytes,88270.0,88270.0,0.0,0.0,0.068026368,0.068026368,0.0,0.0,success,sinkhorn,0.01,100000
1D-students-2df-2048p,2048,2048,0.0049307856771718,411,8.784828758086956e-07,,seconds,0.2404158115386963,0.0228072311729192,megabytes,88270.0,88270.0,7.0,7.0,0.074727424,0.074727424,0.0,0.0,success,sinkhorn,0.01,100000
1D-students-2df-2048p,2048,2048,0.2148506660333725,100000,0.0059234583486994,,seconds,5.202641487121582,5.071344198659062,megabytes,88270.0,88270.0,68.0,63.26315789473684,0.090873856,0.090873856,0.79375,0.7634457236842105,success,sinkhorn,0.01,100000
1D-students-2df-2048p,2048,2048,0.2903269828134793,100000,0.0040042730312256,,seconds,5.221241474151611,5.000996962189674,megabytes,88270.0,88270.0,68.0,62.68181818181818,0.171401216,0.171401216,0.80859375,0.742116477272727,success,sinkhorn,0.01,100000
1D-students-2df-2048p,2048,2048,0.0628481658378617,561,8.932776996044752e-07,,seconds,0.2417678833007812,0.0299567300826311,megabytes,88270.0,88270.0,0.0,0.0,0.067764224,0.067764224,0.03515625,0.03515625,success,sinkhorn,0.01,100000
1D-students-2df-2048p,2048,2048,0.010993005037044,511,9.286856547263512e-07,,seconds,0.2402412891387939,0.0289784800261259,megabytes,88270.0,88270.0,0.0,0.0,0.074297344,0.074297344,0.03515625,0.03515625,success,sinkhorn,0.01,100000
1D-students-2df-2048p,2048,2048,0.0259476311139925,551,9.086490689993408e-07,,seconds,0.2468807697296142,0.0295591652393341,megabytes,88270.0,88270.0,9.0,9.0,0.067723264,0.067723264,0.0,0.0,success,sinkhorn,0.01,100000
1D-students-2df-2048p,2048,2048,0.0053851148164669,511,9.759708969941555e-07,,seconds,0.242565631866455,0.0287263616919517,megabytes,88270.0,88270.0,0.0,0.0,0.067735552,0.067735552,0.03515625,0.03515625,success,sinkhorn,0.01,100000
1D-students-2df-2048p,2048,2048,0.2188802146385747,100000,0.0085291136810481,,seconds,5.046131134033203,4.928428921848536,megabytes,88270.0,88270.0,69.0,63.95238095238095,0.170975232,0.170975232,0.78828125,0.7552083333333334,success,sinkhorn,0.01,100000
1D-students-2df-2048p,2048,2048,0.0300806064722868,541,9.229291339200428e-07,,seconds,0.2468576431274414,0.0290198531001806,megabytes,88270.0,88270.0,0.0,0.0,0.067780608,0.067780608,0.0,0.0,success,sinkhorn,0.01,100000
1D-students-2df-2048p,2048,2048,0.0617715536897373,501,9.384135061268826e-07,,seconds,0.2467541694641113,0.0288289282470941,megabytes,88270.0,88270.0,9.0,9.0,0.075198464,0.075198464,0.03515625,0.03515625,success,sinkhorn,0.01,100000
1D-students-2df-2048p,2048,2048,0.0194551895566971,581,9.974756134242855e-07,,seconds,0.2458462715148925,0.0327046476304531,megabytes,88270.0,88270.0,0.0,0.0,0.067760128,0.067760128,0.03515625,0.03515625,success,sinkhorn,0.01,100000
1D-students-2df-2048p,2048,2048,0.0139951290917356,521,9.206340858788168e-07,,seconds,0.2480883598327636,0.0296761766076087,megabytes,88270.0,88270.0,9.0,9.0,0.075370496,0.075370496,0.0,0.0,success,sinkhorn,0.01,100000
1D-students-2df-2048p,2048,2048,0.1490865111559564,611,8.682579589458336e-07,,seconds,0.2455751895904541,0.0339119844138622,megabytes,88270.0,88270.0,0.0,0.0,0.067792896,0.067792896,0.03515625,0.03515625,success,sinkhorn,0.01,100000
1D-students-2df-2048p,2048,2048,0.1085735720015071,351,8.164891673480849e-07,,seconds,0.2452707290649414,0.0198786463588476,megabytes,88270.0,88270.0,6.0,6.0,0.068235264,0.068235264,0.0,0.0,success,sinkhorn,0.01,100000
1D-students-2df-2048p,2048,2048,0.1850536215377174,100000,0.0020932743497249,,seconds,5.047635316848755,4.945493545383215,megabytes,88270.0,88270.0,68.0,62.04761904761905,0.170819584,0.170819584,0.80625,0.7622395833333334,success,sinkhorn,0.01,100000
1D-students-2df-2048p,2048,2048,0.0854421729440846,591,9.6833707508678e-07,,seconds,0.2479138374328613,0.0317591987550258,megabytes,88270.0,88270.0,0.0,0.0,0.067764224,0.067764224,0.03515625,0.03515625,success,sinkhorn,0.01,100000
1D-students-2df-2048p,2048,2048,0.0476576561339159,591,9.112693869817212e-07,,seconds,0.2455806732177734,0.0327224042266607,megabytes,88270.0,88270.0,0.0,0.0,0.06770688,0.06770688,0.03515625,0.03515625,success,sinkhorn,0.01,100000
1D-students-4df-32p,32,32,0.2254831433407743,100000,0.0834644653949247,,seconds,3.061541557312012,2.843376761302352,megabytes,88270.0,88270.0,60.0,55.92307692307692,0.090959872,0.090959872,0.79609375,0.7216346153846154,success,sinkhorn,0.01,100000
1D-students-4df-32p,32,32,0.0649017928360913,621,8.590793670177198e-07,,seconds,0.2427103519439697,0.0225321780890226,megabytes,88270.0,88270.0,0.0,0.0,0.077078528,0.077078528,0.0,0.0,success,sinkhorn,0.01,100000
1D-students-4df-32p,32,32,0.018300660105743,731,9.517829959830092e-07,,seconds,0.2436425685882568,0.0230857301503419,megabytes,88270.0,88270.0,0.0,0.0,0.068161536,0.068161536,0.0,0.0,success,sinkhorn,0.01,100000
1D-students-4df-32p,32,32,0.0669106901410406,681,9.349313225714834e-07,,seconds,0.2467086315155029,0.0214580185711383,megabytes,88270.0,88270.0,6.0,6.0,0.068128768,0.068128768,0.0,0.0,success,sinkhorn,0.01,100000
1D-students-4df-32p,32,32,0.1212616731006282,401,8.317685959261057e-07,,seconds,0.2459135055541992,0.0137338824570178,megabytes,88270.0,88270.0,3.0,3.0,0.068165632,0.068165632,0.0,0.0,success,sinkhorn,0.01,100000
1D-students-4df-32p,32,32,0.1753513086922418,621,9.071648429752716e-07,,seconds,0.2402989864349365,0.0222435984760522,megabytes,88270.0,88270.0,0.0,0.0,0.076865536,0.076865536,0.0,0.0,success,sinkhorn,0.01,100000
1D-students-4df-32p,32,32,0.2142598418508079,100000,0.0505745003076652,,seconds,3.080040454864502,2.8616807740181684,megabytes,88270.0,88270.0,60.0,51.76923076923077,0.090980352,0.090980352,0.81015625,0.7190504807692307,success,sinkhorn,0.01,100000
1D-students-4df-32p,32,32,0.0504022305280906,401,8.326119217479317e-07,,seconds,0.2368776798248291,0.0136612076312303,megabytes,88270.0,88270.0,0.0,0.0,0.068100096,0.068100096,0.0,0.0,success,sinkhorn,0.01,100000
1D-students-4df-32p,32,32,0.0446589653429715,731,9.166184638472804e-07,,seconds,0.2455036640167236,0.0231283642351627,megabytes,88270.0,88270.0,0.0,0.0,0.068079616,0.068079616,0.0,0.0,success,sinkhorn,0.01,100000
1D-students-4df-32p,32,32,0.0837141382011541,721,9.430011103783666e-07,,seconds,0.240760326385498,0.022779120132327,megabytes,88270.0,88270.0,0.0,0.0,0.067629056,0.067629056,0.0,0.0,success,sinkhorn,0.01,100000
1D-students-4df-32p,32,32,0.0205931697695944,771,9.487442617274508e-07,,seconds,0.2412946224212646,0.0242619663476943,megabytes,88270.0,88270.0,0.0,0.0,0.068186112,0.068186112,0.0,0.0,success,sinkhorn,0.01,100000
1D-students-4df-32p,32,32,0.0138943328713391,721,9.413955112332432e-07,,seconds,0.2494318485260009,0.0280927382409572,megabytes,88270.0,88270.0,0.0,0.0,0.077062144,0.077062144,0.0,0.0,success,sinkhorn,0.01,100000
1D-students-4df-32p,32,32,0.014309714390667,571,9.90514077490054e-07,,seconds,0.2473001480102539,0.0187436789274215,megabytes,88270.0,88270.0,0.0,0.0,0.068120576,0.068120576,0.0,0.0,success,sinkhorn,0.01,100000
1D-students-4df-32p,32,32,0.1849444652914279,100000,0.0186988690525972,,seconds,3.0469467639923096,2.919905701652169,megabytes,88270.0,88270.0,60.0,56.25,0.092913664,0.092913664,0.79609375,0.7420572916666668,success,sinkhorn,0.01,100000
1D-students-4df-32p,32,32,0.0049059542534893,561,9.637891393980988e-07,,seconds,0.2409963607788086,0.0184591747820377,megabytes,88270.0,88270.0,0.0,0.0,0.068132864,0.068132864,0.0,0.0,success,sinkhorn,0.01,100000
1D-students-4df-32p,32,32,0.0272778392584704,691,8.8635307145205e-07,,seconds,0.2406423091888427,0.0242245476692914,megabytes,88270.0,88270.0,6.0,6.0,0.07671808,0.07671808,0.03515625,0.03515625,success,sinkhorn,0.01,100000
1D-students-4df-32p,32,32,0.0376562637034799,751,9.535394770238316e-07,,seconds,0.2461576461791992,0.0237648785114288,megabytes,88270.0,88270.0,3.0,3.0,0.06805504,0.06805504,0.0,0.0,success,sinkhorn,0.01,100000
1D-students-4df-32p,32,32,0.027438887692922,681,8.908845578988567e-07,,seconds,0.2482209205627441,0.0242061242461204,megabytes,88270.0,88270.0,0.0,0.0,0.077049856,0.077049856,0.0,0.0,success,sinkhorn,0.01,100000
1D-students-4df-32p,32,32,0.19180695582862,100000,0.0343516544578257,,seconds,2.948837280273437,2.8927810359746218,megabytes,88270.0,88270.0,60.0,50.16666666666666,0.092954624,0.092954624,0.78671875,0.7647135416666667,success,sinkhorn,0.01,100000
1D-students-4df-32p,32,32,0.0055799924912729,601,9.823467326689184e-07,,seconds,0.2435164451599121,0.0195910651236772,megabytes,88270.0,88270.0,5.0,5.0,0.068100096,0.068100096,0.0,0.0,success,sinkhorn,0.01,100000
1D-students-4df-32p,32,32,0.0185105866843043,741,9.864121561175483e-07,,seconds,0.2566680908203125,0.0256942342966794,megabytes,88270.0,88270.0,0.0,0.0,0.077012992,0.077012992,0.0,0.0,success,sinkhorn,0.01,100000
1D-students-4df-32p,32,32,0.0146781325067674,661,9.386617248937942e-07,,seconds,0.2392947673797607,0.0214666202664375,megabytes,88270.0,88270.0,0.0,0.0,0.068067328,0.068067328,0.0,0.0,success,sinkhorn,0.01,100000
1D-students-4df-32p,32,32,0.1373708039108058,741,8.647933343525964e-07,,seconds,0.2424206733703613,0.0255919210612773,megabytes,88270.0,88270.0,6.0,6.0,0.0770048,0.0770048,0.0359375,0.0359375,success,sinkhorn,0.01,100000
1D-students-4df-32p,32,32,0.2928650742480422,100000,0.044351713372765,,seconds,2.9984729290008545,2.8514085691422224,megabytes,88270.0,88270.0,60.0,54.30769230769231,0.09023488,0.09023488,0.803125,0.7428485576923076,success,sinkhorn,0.01,100000
1D-students-4df-32p,32,32,0.0781671348702863,731,8.942432257311458e-07,,seconds,0.2431056499481201,0.0233069602400064,megabytes,88270.0,88270.0,0.0,0.0,0.06803456,0.06803456,0.0,0.0,success,sinkhorn,0.01,100000
1D-students-4df-32p,32,32,0.0970461812394571,8361,9.877498237823492e-07,,seconds,0.2443172931671142,0.241432948037982,megabytes,88270.0,88270.0,4.0,4.0,0.06721536,0.06721536,0.73359375,0.73359375,success,sinkhorn,0.01,100000
1D-students-4df-32p,32,32,0.0069657368561333,711,8.932926474195643e-07,,seconds,0.2444524765014648,0.0224924013018608,megabytes,88270.0,88270.0,7.0,7.0,0.068141056,0.068141056,0.0,0.0,success,sinkhorn,0.01,100000
1D-students-4df-32p,32,32,0.0052294455671419,671,8.891652862593259e-07,,seconds,0.2408208847045898,0.0213070157915353,megabytes,88270.0,88270.0,0.0,0.0,0.068141056,0.068141056,0.0,0.0,success,sinkhorn,0.01,100000
1D-students-4df-32p,32,32,0.00994126728928,651,9.495827654028344e-07,,seconds,0.2455041408538818,0.0211979933083057,megabytes,88270.0,88270.0,0.0,0.0,0.068079616,0.068079616,0.0,0.0,success,sinkhorn,0.01,100000
1D-students-4df-32p,32,32,0.0055543613220996,671,8.948068973115575e-07,,seconds,0.2491016387939453,0.0221710875630378,megabytes,88270.0,88270.0,6.0,6.0,0.068145152,0.068145152,0.0,0.0,success,sinkhorn,0.01,100000
1D-students-4df-64p,64,64,0.0139054126122779,701,8.84331187299146e-07,,seconds,0.2396144866943359,0.0224149264395236,megabytes,88270.0,88270.0,0.0,0.0,0.067858432,0.067858432,0.0,0.0,success,sinkhorn,0.01,100000
1D-students-4df-64p,64,64,0.0970086280360524,9721,9.942737321275485e-07,,seconds,0.2958574295043945,0.2952065914869308,megabytes,88270.0,88270.0,15.0,15.0,0.076386304,0.076386304,0.75234375,0.75234375,success,sinkhorn,0.01,100000
1D-students-4df-64p,64,64,0.1851866028361606,100000,0.0136113190697196,,seconds,2.845207691192627,2.828461294993758,megabytes,88270.0,88270.0,60.0,53.91666666666666,0.090169344,0.090169344,0.81171875,0.775390625,success,sinkhorn,0.01,100000
1D-students-4df-64p,64,64,0.296954143408181,100000,0.0302698709110853,,seconds,2.9027199745178223,2.876794870942831,megabytes,88270.0,88270.0,60.0,54.90909090909091,0.090136576,0.090136576,0.8,0.7780539772727273,success,sinkhorn,0.01,100000
1D-students-4df-64p,64,64,0.0648933850388477,601,8.769949160491509e-07,,seconds,0.2404966354370117,0.0193908158689737,megabytes,88270.0,88270.0,5.0,5.0,0.068276224,0.068276224,0.0,0.0,success,sinkhorn,0.01,100000
1D-students-4df-64p,64,64,0.0504192220904263,381,9.628130245605513e-07,,seconds,0.2459189891815185,0.0130009651184082,megabytes,88270.0,88270.0,0.0,0.0,0.068083712,0.068083712,0.0,0.0,success,sinkhorn,0.01,100000
1D-students-4df-64p,64,64,0.0206086723265351,751,8.814886257493431e-07,,seconds,0.2481956481933593,0.0235361773520708,megabytes,88270.0,88270.0,0.0,0.0,0.068083712,0.068083712,0.0,0.0,success,sinkhorn,0.01,100000
1D-students-4df-64p,64,64,0.0781857956336186,711,8.659129198872845e-07,,seconds,0.2412188053131103,0.0221926383674144,megabytes,88270.0,88270.0,0.0,0.0,0.068087808,0.068087808,0.0,0.0,success,sinkhorn,0.01,100000
1D-students-4df-64p,64,64,0.1373999021189072,711,9.904066959325514e-07,,seconds,0.2460300922393798,0.0223190486431121,megabytes,88270.0,88270.0,6.0,6.0,0.068030464,0.068030464,0.034375,0.034375,success,sinkhorn,0.01,100000
1D-students-4df-64p,64,64,0.0446703971097564,711,8.777332926667981e-07,,seconds,0.2443954944610595,0.0221779812127351,megabytes,88270.0,88270.0,0.0,0.0,0.068186112,0.068186112,0.0,0.0,success,sinkhorn,0.01,100000
1D-students-4df-64p,64,64,0.0099553208587849,631,9.039188105104052e-07,,seconds,0.2405495643615722,0.0201354548335075,megabytes,88270.0,88270.0,0.0,0.0,0.068096,0.068096,0.0,0.0,success,sinkhorn,0.01,100000
1D-students-4df-64p,64,64,0.1753566377665518,601,9.437284337427324e-07,,seconds,0.2416079044342041,0.0194901525974273,megabytes,88270.0,88270.0,5.0,5.0,0.068132864,0.068132864,0.0,0.0,success,sinkhorn,0.01,100000
1D-students-4df-64p,64,64,0.0669114915988507,661,9.221240033763868e-07,,seconds,0.2423508167266845,0.0214095190167427,megabytes,88270.0,88270.0,0.0,0.0,0.068247552,0.068247552,0.0,0.0,success,sinkhorn,0.01,100000
1D-students-4df-64p,64,64,0.0052420843617304,641,9.30180330731686e-07,,seconds,0.2452318668365478,0.0206533391028642,megabytes,88270.0,88270.0,0.0,0.0,0.06817792,0.06817792,0.0,0.0,success,sinkhorn,0.01,100000
1D-students-4df-64p,64,64,0.0055922956433765,581,9.161653670561076e-07,,seconds,0.2385187149047851,0.0189974196255207,megabytes,88270.0,88270.0,0.0,0.0,0.068214784,0.068214784,0.0,0.0,success,sinkhorn,0.01,100000
1D-students-4df-64p,64,64,0.2149051900713786,100000,0.0366618628698293,,seconds,2.917062520980835,2.840532273054123,megabytes,88270.0,88270.0,61.0,55.5,0.090157056,0.090157056,0.7921875,0.7532552083333334,success,sinkhorn,0.01,100000
1D-students-4df-64p,64,64,0.0183147992050926,711,8.9605688489061e-07,,seconds,0.2435150146484375,0.0227418318390846,megabytes,88270.0,88270.0,0.0,0.0,0.0681984,0.0681984,0.0,0.0,success,sinkhorn,0.01,100000
1D-students-4df-64p,64,64,0.1923494436393899,100000,0.0246167908678419,,seconds,3.040457963943481,2.8732504844665527,megabytes,88270.0,88270.0,60.0,55.66666666666666,0.090497024,0.090497024,0.803125,0.7327473958333334,success,sinkhorn,0.01,100000
1D-students-4df-64p,64,64,0.0055669387379397,641,9.472336142401496e-07,,seconds,0.2463135719299316,0.0208895113319158,megabytes,88270.0,88270.0,0.0,0.0,0.06801408,0.06801408,0.0,0.0,success,sinkhorn,0.01,100000
1D-students-4df-64p,64,64,0.0837232430636329,701,9.168724673180968e-07,,seconds,0.2391963005065918,0.0246669612824916,megabytes,88270.0,88270.0,0.0,0.0,0.07706624,0.07706624,0.0,0.0,success,sinkhorn,0.01,100000
1D-students-4df-64p,64,64,0.1212741665050503,391,7.875469886245222e-07,,seconds,0.2403006553649902,0.0133256874978542,megabytes,88270.0,88270.0,0.0,0.0,0.067989504,0.067989504,0.0,0.0,success,sinkhorn,0.01,100000
1D-students-4df-64p,64,64,0.0272875721850027,661,9.992084972371685e-07,,seconds,0.2463991641998291,0.0209444649517536,megabytes,88270.0,88270.0,0.0,0.0,0.06813696,0.06813696,0.0,0.0,success,sinkhorn,0.01,100000
1D-students-4df-64p,64,64,0.0143260501716224,551,9.809948776726676e-07,,seconds,0.245025634765625,0.0182272307574749,megabytes,88270.0,88270.0,0.0,0.0,0.0683008,0.0683008,0.0,0.0,success,sinkhorn,0.01,100000
1D-students-4df-64p,64,64,0.027449862475765,661,8.644304746947167e-07,,seconds,0.2451546192169189,0.0212014205753803,megabytes,88270.0,88270.0,0.0,0.0,0.068169728,0.068169728,0.0,0.0,success,sinkhorn,0.01,100000
1D-students-4df-64p,64,64,0.0069788563116457,681,9.461476041943932e-07,,seconds,0.2454617023468017,0.0216472670435905,megabytes,88270.0,88270.0,2.0,2.0,0.068067328,0.068067328,0.0,0.0,success,sinkhorn,0.01,100000
1D-students-4df-64p,64,64,0.0146864786171202,641,9.053401836720724e-07,,seconds,0.2423100471496582,0.020579220727086,megabytes,88270.0,88270.0,0.0,0.0,0.068210688,0.068210688,0.0,0.0,success,sinkhorn,0.01,100000
1D-students-4df-64p,64,64,0.2254863149967136,100000,0.0561732371814591,,seconds,2.88843321800232,2.8460059221833944,megabytes,88270.0,88270.0,61.0,55.333333333333336,0.090087424,0.090087424,0.79609375,0.7619791666666665,success,sinkhorn,0.01,100000
1D-students-4df-64p,64,64,0.0376717142929347,731,9.022672551582452e-07,,seconds,0.2394516468048095,0.0228931289166212,megabytes,88270.0,88270.0,6.0,6.0,0.067641344,0.067641344,0.0,0.0,success,sinkhorn,0.01,100000
1D-students-4df-64p,64,64,0.0185256144400678,721,9.23894147604473e-07,,seconds,0.2378804683685302,0.0226628296077251,megabytes,88270.0,88270.0,0.0,0.0,0.067575808,0.067575808,0.0,0.0,success,sinkhorn,0.01,100000
1D-students-4df-64p,64,64,0.0049178037795901,541,8.940216141222061e-07,,seconds,0.2431197166442871,0.0177374873310327,megabytes,88270.0,88270.0,0.0,0.0,0.068145152,0.068145152,0.0,0.0,success,sinkhorn,0.01,100000
1D-students-4df-128p,128,128,0.2996470898933586,100000,0.0209340087834598,,seconds,3.00630784034729,2.882948432117701,megabytes,88270.0,88270.0,61.0,56.76923076923077,0.090058752,0.090058752,0.81171875,0.7456730769230769,success,sinkhorn,0.01,100000
1D-students-4df-128p,128,128,0.0139075866402306,671,9.584188711699876e-07,,seconds,0.244720458984375,0.0215418860316276,megabytes,88270.0,88270.0,0.0,0.0,0.068141056,0.068141056,0.0,0.0,success,sinkhorn,0.01,100000
1D-students-4df-128p,128,128,0.2151071239130834,100000,0.0261344409667252,,seconds,3.052238702774048,2.8868680261075497,megabytes,88270.0,88270.0,61.0,56.07692307692308,0.090054656,0.090054656,0.79296875,0.7411057692307692,success,sinkhorn,0.01,100000
1D-students-4df-128p,128,128,0.0837246984000635,681,8.918977323588272e-07,,seconds,0.2419025897979736,0.0241867806762456,megabytes,88270.0,88270.0,6.0,6.0,0.077340672,0.077340672,0.0,0.0,success,sinkhorn,0.01,100000
1D-students-4df-128p,128,128,0.2257165687875095,100000,0.0399874071574488,,seconds,3.045354127883911,2.904825007542968,megabytes,88270.0,88270.0,61.0,55.833333333333336,0.089939968,0.089939968,0.8140625,0.7507161458333335,success,sinkhorn,0.01,100000
1D-students-4df-128p,128,128,0.0669109353480659,641,9.10199143353298e-07,,seconds,0.2386372089385986,0.0207269769161939,megabytes,88270.0,88270.0,0.0,0.0,0.068026368,0.068026368,0.03515625,0.03515625,success,sinkhorn,0.01,100000
1D-students-4df-128p,128,128,0.0969995839077626,11271,9.934706323605117e-07,,seconds,0.4820024967193603,0.3253190536051988,megabytes,88270.0,88270.0,8.0,4.0,0.07911424,0.07911424,0.784375,0.50234375,success,sinkhorn,0.01,100000
1D-students-4df-128p,128,128,0.0648904859117005,581,8.96678952644708e-07,,seconds,0.2469840049743652,0.018795471638441,megabytes,88270.0,88270.0,5.0,5.0,0.068161536,0.068161536,0.0,0.0,success,sinkhorn,0.01,100000
1D-students-4df-128p,128,128,0.0274518370742035,631,9.843663796901571e-07,,seconds,0.2426843643188476,0.0203599128872156,megabytes,88270.0,88270.0,0.0,0.0,0.068182016,0.068182016,0.0,0.0,success,sinkhorn,0.01,100000
1D-students-4df-128p,128,128,0.014688153508076,621,8.742081197867354e-07,,seconds,0.2416198253631591,0.0200415253639221,megabytes,88270.0,88270.0,0.0,0.0,0.068141056,0.068141056,0.0,0.0,success,sinkhorn,0.01,100000
1D-students-4df-128p,128,128,0.0049205145951795,511,9.50396047996158e-07,,seconds,0.2464902400970459,0.0182822775095701,megabytes,88270.0,88270.0,5.0,5.0,0.068112384,0.068112384,0.0,0.0,success,sinkhorn,0.01,100000
1D-students-4df-128p,128,128,0.0055697885436234,621,8.766567965384781e-07,,seconds,0.245481252670288,0.0224666949361562,megabytes,88270.0,88270.0,0.0,0.0,0.077225984,0.077225984,0.0,0.0,success,sinkhorn,0.01,100000
1D-students-4df-128p,128,128,0.1925343603341416,100000,0.0174767864687169,,seconds,3.026249647140503,2.8559488635510206,megabytes,88270.0,88270.0,61.0,52.76923076923077,0.09027584,0.09027584,0.80546875,0.7256610576923077,success,sinkhorn,0.01,100000
1D-students-4df-128p,128,128,0.0781892374299846,681,9.8230777721754e-07,,seconds,0.2455837726593017,0.0217973757535219,megabytes,88270.0,88270.0,0.0,0.0,0.06813696,0.06813696,0.0,0.0,success,sinkhorn,0.01,100000
1D-students-4df-128p,128,128,0.037674655190479,701,9.886329812896012e-07,,seconds,0.2441365718841552,0.0221330896019935,megabytes,88270.0,88270.0,0.0,0.0,0.06807552,0.06807552,0.0,0.0,success,sinkhorn,0.01,100000
1D-students-4df-128p,128,128,0.0504239047568759,371,8.710639912104365e-07,,seconds,0.2450990676879882,0.0129294451326131,megabytes,88270.0,88270.0,0.0,0.0,0.068108288,0.068108288,0.0,0.0,success,sinkhorn,0.01,100000
1D-students-4df-128p,128,128,0.0069818112316263,661,8.75935068401671e-07,,seconds,0.2459418773651123,0.0213722102344036,megabytes,88270.0,88270.0,0.0,0.0,0.068059136,0.068059136,0.0,0.0,success,sinkhorn,0.01,100000
1D-students-4df-128p,128,128,0.027289521804784,641,9.647144450385635e-07,,seconds,0.2427942752838134,0.020587844774127,megabytes,88270.0,88270.0,0.0,0.0,0.068190208,0.068190208,0.0,0.0,success,sinkhorn,0.01,100000
1D-students-4df-128p,128,128,0.0446722346955267,681,9.794189398048578e-07,,seconds,0.2427122592926025,0.0220934245735406,megabytes,88270.0,88270.0,0.0,0.0,0.068112384,0.068112384,0.0,0.0,success,sinkhorn,0.01,100000
1D-students-4df-128p,128,128,0.1212789318294804,371,9.97114183656913e-07,,seconds,0.2413821220397949,0.0128071270883083,megabytes,88270.0,88270.0,0.0,0.0,0.068096,0.068096,0.0,0.0,success,sinkhorn,0.01,100000
1D-students-4df-128p,128,128,0.0052449319894604,611,9.730686174733286e-07,,seconds,0.2416520118713379,0.0217365641146898,megabytes,88270.0,88270.0,0.0,0.0,0.06815744,0.06815744,0.0,0.0,success,sinkhorn,0.01,100000
1D-students-4df-128p,128,128,0.0099584329815879,601,9.9946986127515e-07,,seconds,0.2388405799865722,0.0195735059678554,megabytes,88270.0,88270.0,0.0,0.0,0.068022272,0.068022272,0.0,0.0,success,sinkhorn,0.01,100000
1D-students-4df-128p,128,128,0.1852399469108857,100000,0.0097603608395389,,seconds,3.0184335708618164,2.8779429607093334,megabytes,88270.0,88270.0,61.0,55.0,0.09050112,0.09050112,0.803125,0.7414663461538461,success,sinkhorn,0.01,100000
1D-students-4df-128p,128,128,0.0055950999247825,551,9.824364955572696e-07,,seconds,0.2424979209899902,0.0180672537535429,megabytes,88270.0,88270.0,5.0,5.0,0.068108288,0.068108288,0.0,0.0,success,sinkhorn,0.01,100000
1D-students-4df-128p,128,128,0.1753568346741751,581,9.82950623440398e-07,,seconds,0.2398531436920166,0.0190220177173614,megabytes,88270.0,88270.0,0.0,0.0,0.068038656,0.068038656,0.0,0.0,success,sinkhorn,0.01,100000
1D-students-4df-128p,128,128,0.0183176566400104,681,9.743044372264403e-07,,seconds,0.2387959957122802,0.0241957884281873,megabytes,88270.0,88270.0,0.0,0.0,0.077000704,0.077000704,0.0,0.0,success,sinkhorn,0.01,100000
1D-students-4df-128p,128,128,0.0185287083029496,691,9.966587002901766e-07,,seconds,0.2457118034362793,0.0222829841077327,megabytes,88270.0,88270.0,4.0,4.0,0.067637248,0.067637248,0.0,0.0,success,sinkhorn,0.01,100000
1D-students-4df-128p,128,128,0.1374062229445563,691,9.660608550731876e-07,,seconds,0.2539815902709961,0.0236030854284763,megabytes,88270.0,88270.0,0.0,0.0,0.068071424,0.068071424,0.0,0.0,success,sinkhorn,0.01,100000
1D-students-4df-128p,128,128,0.014329885004787,531,9.723732729996543e-07,,seconds,0.2426517009735107,0.0179064143449068,megabytes,88270.0,88270.0,0.0,0.0,0.06817792,0.06817792,0.0,0.0,success,sinkhorn,0.01,100000
1D-students-4df-128p,128,128,0.0206118698807367,721,9.391666819146738e-07,,seconds,0.2450873851776123,0.0230431463569402,megabytes,88270.0,88270.0,0.0,0.0,0.068132864,0.068132864,0.0,0.0,success,sinkhorn,0.01,100000
1D-students-4df-256p,256,256,0.0504250308461052,361,7.882599411054677e-07,,seconds,0.245187759399414,0.0135357826948165,megabytes,88270.0,88270.0,3.0,3.0,0.06811648,0.06811648,0.0,0.0,success,sinkhorn,0.01,100000
1D-students-4df-256p,256,256,0.0376747763732028,681,9.361921858115582e-07,,seconds,0.2429144382476806,0.0240315273404121,megabytes,88270.0,88270.0,0.0,0.0,0.068083712,0.068083712,0.0,0.0,success,sinkhorn,0.01,100000
1D-students-4df-256p,256,256,0.2150408215520514,100000,0.0184032882395509,,seconds,3.0704355239868164,3.031975405290723,megabytes,88270.0,88270.0,59.0,55.69230769230769,0.093503488,0.093503488,0.80546875,0.7755408653846154,success,sinkhorn,0.01,100000
1D-students-4df-256p,256,256,0.1852613130651791,100000,0.006930212615141,,seconds,3.2809081077575684,3.1751102656126022,megabytes,88270.0,88270.0,60.0,51.69230769230769,0.090730496,0.090730496,0.796875,0.7552283653846152,success,sinkhorn,0.01,100000
1D-students-4df-256p,256,256,0.0781891638491336,661,9.519823580396228e-07,,seconds,0.245373249053955,0.0232540182769298,megabytes,88270.0,88270.0,1.0,1.0,0.068186112,0.068186112,0.0,0.0,success,sinkhorn,0.01,100000
1D-students-4df-256p,256,256,0.2256201473766297,100000,0.0282039184009913,,seconds,3.3285067081451416,3.1945456974208355,megabytes,88270.0,88270.0,57.0,51.142857142857146,0.0907264,0.0907264,0.809375,0.7440848214285714,success,sinkhorn,0.01,100000
1D-students-4df-256p,256,256,0.1753562530774192,571,8.436367498662306e-07,,seconds,0.2391748428344726,0.0203427802771329,megabytes,88270.0,88270.0,0.0,0.0,0.068112384,0.068112384,0.0,0.0,success,sinkhorn,0.01,100000
1D-students-4df-256p,256,256,0.0648887130248483,561,9.171378981054651e-07,,seconds,0.2418293952941894,0.0203293543308973,megabytes,88270.0,88270.0,5.0,5.0,0.068169728,0.068169728,0.0,0.0,success,sinkhorn,0.01,100000
1D-students-4df-256p,256,256,0.0837240398944885,661,8.676897963219714e-07,,seconds,0.2429063320159912,0.0232696589082479,megabytes,88270.0,88270.0,0.0,0.0,0.068091904,0.068091904,0.0,0.0,success,sinkhorn,0.01,100000
1D-students-4df-256p,256,256,0.0183179822439022,661,9.178979303426916e-07,,seconds,0.2477061748504638,0.0240603294223546,megabytes,88270.0,88270.0,0.0,0.0,0.06805504,0.06805504,0.0,0.0,success,sinkhorn,0.01,100000
1D-students-4df-256p,256,256,0.0669098415778195,621,8.985812481870911e-07,,seconds,0.2465591430664062,0.0218611061573028,megabytes,88270.0,88270.0,0.0,0.0,0.068104192,0.068104192,0.0,0.0,success,sinkhorn,0.01,100000
1D-students-4df-256p,256,256,0.0206122897249544,701,8.728381098654162e-07,,seconds,0.2407593727111816,0.0249584130942821,megabytes,88270.0,88270.0,0.0,0.0,0.06760448,0.06760448,0.03515625,0.03515625,success,sinkhorn,0.01,100000
1D-students-4df-256p,256,256,0.0049211590308789,491,8.819770069464317e-07,,seconds,0.242866039276123,0.0177670419216156,megabytes,88270.0,88270.0,4.0,4.0,0.06821888,0.06821888,0.0,0.0,success,sinkhorn,0.01,100000
1D-students-4df-256p,256,256,0.0274517949749911,611,9.56462517844412e-07,,seconds,0.2462942600250244,0.0225230529904365,megabytes,88270.0,88270.0,0.0,0.0,0.07716864,0.07716864,0.0,0.0,success,sinkhorn,0.01,100000
1D-students-4df-256p,256,256,0.1925173328578443,100000,0.0123785349491036,,seconds,3.190077066421509,3.119958573952317,megabytes,88270.0,88270.0,59.0,52.81818181818182,0.090505216,0.090505216,0.78828125,0.7608664772727273,success,sinkhorn,0.01,100000
1D-students-4df-256p,256,256,0.0969973290022045,13411,9.973887967435914e-07,,seconds,0.4874370098114013,0.4476562403142452,megabytes,88270.0,88270.0,53.0,28.0,0.079253504,0.079253504,0.7703125,0.715234375,success,sinkhorn,0.01,100000
1D-students-4df-256p,256,256,0.0099590162470677,581,9.522053398098024e-07,,seconds,0.2389752864837646,0.0205943994224071,megabytes,88270.0,88270.0,5.0,5.0,0.068153344,0.068153344,0.0,0.0,success,sinkhorn,0.01,100000
1D-students-4df-256p,256,256,0.0055957436039551,531,9.170533001732568e-07,,seconds,0.2389774322509765,0.0191921591758728,megabytes,88270.0,88270.0,0.0,0.0,0.068190208,0.068190208,0.0,0.0,success,sinkhorn,0.01,100000
1D-students-4df-256p,256,256,0.0069822904949743,631,9.279400464129374e-07,,seconds,0.2474184036254882,0.0218045115470886,megabytes,88270.0,88270.0,0.0,0.0,0.068108288,0.068108288,0.0,0.0,success,sinkhorn,0.01,100000
1D-students-4df-256p,256,256,0.0139078198750767,651,9.009703017973548e-07,,seconds,0.2421467304229736,0.023797683417797,megabytes,88270.0,88270.0,0.0,0.0,0.068091904,0.068091904,0.0,0.0,success,sinkhorn,0.01,100000
1D-students-4df-256p,256,256,0.0052455697519179,591,8.93346463620379e-07,,seconds,0.2432737350463867,0.0208564568310976,megabytes,88270.0,88270.0,0.0,0.0,0.068071424,0.068071424,0.0,0.0,success,sinkhorn,0.01,100000
1D-students-4df-256p,256,256,0.0446719781284712,661,9.38816213299636e-07,,seconds,0.2438554763793945,0.0235656388103961,megabytes,88270.0,88270.0,0.0,0.0,0.068141056,0.068141056,0.0,0.0,success,sinkhorn,0.01,100000
1D-students-4df-256p,256,256,0.005570340905983,591,9.28284114936371e-07,,seconds,0.2435834407806396,0.0219457130879163,megabytes,88270.0,88270.0,0.0,0.0,0.076918784,0.076918784,0.0,0.0,success,sinkhorn,0.01,100000
1D-students-4df-256p,256,256,0.0146879791981709,591,9.8689894920564e-07,,seconds,0.2509171962738037,0.0214295275509357,megabytes,88270.0,88270.0,0.0,0.0,0.068227072,0.068227072,0.0,0.0,success,sinkhorn,0.01,100000
1D-students-4df-256p,256,256,0.0272894755627264,621,9.315955924147296e-07,,seconds,0.2425911426544189,0.0221420489251613,megabytes,88270.0,88270.0,0.0,0.0,0.068214784,0.068214784,0.0,0.0,success,sinkhorn,0.01,100000
1D-students-4df-256p,256,256,0.0185290978256603,671,9.340049736530968e-07,,seconds,0.2503035068511963,0.0270200632512569,megabytes,88270.0,88270.0,0.0,0.0,0.077774848,0.077774848,0.0,0.0,success,sinkhorn,0.01,100000
1D-students-4df-256p,256,256,0.1374063812878655,671,9.423825684604296e-07,,seconds,0.250866174697876,0.022949643433094,megabytes,88270.0,88270.0,6.0,6.0,0.067571712,0.067571712,0.03359375,0.03359375,success,sinkhorn,0.01,100000
1D-students-4df-256p,256,256,0.1212796409584127,361,9.433938302404292e-07,,seconds,0.2447009086608886,0.0135377049446105,megabytes,88270.0,88270.0,0.0,0.0,0.06823936,0.06823936,0.0,0.0,success,sinkhorn,0.01,100000
1D-students-4df-256p,256,256,0.0143306291375491,511,9.640086957008176e-07,,seconds,0.2472312450408935,0.0183799229562282,megabytes,88270.0,88270.0,0.0,0.0,0.068104192,0.068104192,0.0,0.0,success,sinkhorn,0.01,100000
1D-students-4df-256p,256,256,0.298525615426486,100000,0.0151383409014931,,seconds,3.16441011428833,3.152697004377842,megabytes,88270.0,88270.0,58.0,53.30769230769231,0.091107328,0.091107328,0.79375,0.7703125,success,sinkhorn,0.01,100000
1D-students-4df-512p,512,512,0.0055957887089983,501,9.835950341096262e-07,,seconds,0.2435956001281738,0.0206576939672231,megabytes,88270.0,88270.0,0.0,0.0,0.068182016,0.068182016,0.0,0.0,success,sinkhorn,0.01,100000
1D-students-4df-512p,512,512,0.1753535838571467,551,8.78978493108454e-07,,seconds,0.2418282032012939,0.022481232881546,megabytes,88270.0,88270.0,0.0,0.0,0.068222976,0.068222976,0.0,0.0,success,sinkhorn,0.01,100000
1D-students-4df-512p,512,512,0.2256144704615645,100000,0.0199501765342045,,seconds,3.851086139678955,3.70590128749609,megabytes,88270.0,88270.0,61.0,57.3125,0.092872704,0.092872704,0.796875,0.754541015625,success,sinkhorn,0.01,100000
1D-students-4df-512p,512,512,0.1212788833212637,351,8.925201102677541e-07,,seconds,0.2503588199615478,0.0163137707859277,megabytes,88270.0,88270.0,0.0,0.0,0.06815744,0.06815744,0.0,0.0,success,sinkhorn,0.01,100000
1D-students-4df-512p,512,512,0.005570271234532,561,9.829630224926245e-07,,seconds,0.2481045722961425,0.0228648539632558,megabytes,88270.0,88270.0,0.0,0.0,0.068128768,0.068128768,0.0,0.0,success,sinkhorn,0.01,100000
1D-students-4df-512p,512,512,0.0052455765239442,561,9.345215658614648e-07,,seconds,0.2464420795440673,0.0230577997863292,megabytes,88270.0,88270.0,6.0,6.0,0.068214784,0.068214784,0.0,0.0,success,sinkhorn,0.01,100000
1D-students-4df-512p,512,512,0.2986477483534888,100000,0.0106888435360806,,seconds,3.9625070095062256,3.7972976230084896,megabytes,88270.0,88270.0,60.0,55.5,0.093036544,0.093036544,0.7875,0.7361607142857142,success,sinkhorn,0.01,100000
1D-students-4df-512p,512,512,0.0183170873809561,631,9.982123923305414e-07,,seconds,0.2440714836120605,0.0255561657249927,megabytes,88270.0,88270.0,0.0,0.0,0.068182016,0.068182016,0.03515625,0.03515625,success,sinkhorn,0.01,100000
1D-students-4df-512p,512,512,0.0069820609875952,601,9.830389388994198e-07,,seconds,0.2408554553985595,0.0245318636298179,megabytes,88270.0,88270.0,0.0,0.0,0.067874816,0.067874816,0.0,0.0,success,sinkhorn,0.01,100000
1D-students-4df-512p,512,512,0.0274509885935637,591,9.294071450110184e-07,,seconds,0.2452254295349121,0.0242007859051227,megabytes,88270.0,88270.0,0.0,0.0,0.068173824,0.068173824,0.0,0.0,success,sinkhorn,0.01,100000
1D-students-4df-512p,512,512,0.0185286489623851,651,8.753101687041252e-07,,seconds,0.2447144985198974,0.0263624731451272,megabytes,88270.0,88270.0,7.0,7.0,0.067698688,0.067698688,0.034375,0.034375,success,sinkhorn,0.01,100000
1D-students-4df-512p,512,512,0.137404456130567,651,9.192991194696586e-07,,seconds,0.242361307144165,0.0262581687420606,megabytes,88270.0,88270.0,0.0,0.0,0.06782976,0.06782976,0.0,0.0,success,sinkhorn,0.01,100000
1D-students-4df-512p,512,512,0.0146874557687776,571,9.532841804965524e-07,,seconds,0.2407581806182861,0.023490672931075,megabytes,88270.0,88270.0,6.0,6.0,0.068124672,0.068124672,0.0359375,0.0359375,success,sinkhorn,0.01,100000
1D-students-4df-512p,512,512,0.1852651000746338,100000,0.0049060149643525,,seconds,3.835005283355713,3.697160081937909,megabytes,88270.0,88270.0,61.0,55.5,0.09273344,0.09273344,0.80234375,0.7472167968750002,success,sinkhorn,0.01,100000
1D-students-4df-512p,512,512,0.0206114557613195,671,9.30005334984893e-07,,seconds,0.246781587600708,0.0289669334888458,megabytes,88270.0,88270.0,0.0,0.0,0.068182016,0.068182016,0.0,0.0,success,sinkhorn,0.01,100000
1D-students-4df-512p,512,512,0.009958887573871,561,9.07208932283716e-07,,seconds,0.2522284984588623,0.0230383370071649,megabytes,88270.0,88270.0,0.0,0.0,0.068284416,0.068284416,0.0,0.0,success,sinkhorn,0.01,100000
1D-students-4df-512p,512,512,0.2150510321070621,100000,0.013018662354948,,seconds,3.736702919006348,3.6757348775863647,megabytes,88270.0,88270.0,62.0,57.4375,0.095469568,0.095469568,0.78828125,0.7632812499999999,success,sinkhorn,0.01,100000
1D-students-4df-512p,512,512,0.0272887446427323,601,8.996563342114956e-07,,seconds,0.2370269298553466,0.024414611980319,megabytes,88270.0,88270.0,3.0,3.0,0.067674112,0.067674112,0.0,0.0,success,sinkhorn,0.01,100000
1D-students-4df-512p,512,512,0.0969967713235431,16531,9.986013109307117e-07,,seconds,0.715033769607544,0.6152008939534426,megabytes,88270.0,88270.0,61.0,39.66666666666666,0.08187904,0.08187904,0.78203125,0.6544270833333333,success,sinkhorn,0.01,100000
1D-students-4df-512p,512,512,0.0504250874775639,341,9.130309874066094e-07,,seconds,0.2440910339355468,0.0149265024811029,megabytes,88270.0,88270.0,4.0,4.0,0.06811648,0.06811648,0.0,0.0,success,sinkhorn,0.01,100000
1D-students-4df-512p,512,512,0.0139071094136265,621,9.766151874710056e-07,,seconds,0.23942232131958,0.0253099147230386,megabytes,88270.0,88270.0,0.0,0.0,0.067694592,0.067694592,0.0,0.0,success,sinkhorn,0.01,100000
1D-students-4df-512p,512,512,0.0648867571444382,541,9.381448803775304e-07,,seconds,0.2433664798736572,0.0243825204670429,megabytes,88270.0,88270.0,6.0,6.0,0.076460032,0.076460032,0.0,0.0,success,sinkhorn,0.01,100000
1D-students-4df-512p,512,512,0.1925262403912261,100000,0.0087551155624941,,seconds,3.756410598754883,3.720974085852504,megabytes,88270.0,88270.0,61.0,55.875,0.092622848,0.092622848,0.80859375,0.7765624999999999,success,sinkhorn,0.01,100000
1D-students-4df-512p,512,512,0.0376739144060098,661,8.865621551259616e-07,,seconds,0.2350821495056152,0.0267274659126997,megabytes,88270.0,88270.0,0.0,0.0,0.0676864,0.0676864,0.071875,0.071875,success,sinkhorn,0.01,100000
1D-students-4df-512p,512,512,0.0446708599273623,641,8.999363058207669e-07,,seconds,0.2442958354949951,0.0281938761472702,megabytes,88270.0,88270.0,7.0,7.0,0.075902976,0.075902976,0.06953125,0.06953125,success,sinkhorn,0.01,100000
1D-students-4df-512p,512,512,0.0669082373546983,601,8.871470087146909e-07,,seconds,0.2341127395629882,0.0245209336280822,megabytes,88270.0,88270.0,0.0,0.0,0.071254016,0.071254016,0.0,0.0,success,sinkhorn,0.01,100000
1D-students-4df-512p,512,512,0.004921268240183,461,9.376853911078208e-07,,seconds,0.2569799423217773,0.0191913042217493,megabytes,88270.0,88270.0,0.0,0.0,0.07172096,0.07172096,0.0,0.0,success,sinkhorn,0.01,100000
1D-students-4df-512p,512,512,0.0143305218527987,491,9.557582070795122e-07,,seconds,0.2413928508758545,0.0205007493495941,megabytes,88270.0,88270.0,0.0,0.0,0.071712768,0.071712768,0.0,0.0,success,sinkhorn,0.01,100000
1D-students-4df-512p,512,512,0.0781877498062234,641,9.226250813985644e-07,,seconds,0.2413451671600341,0.0262258443981409,megabytes,88270.0,88270.0,7.0,7.0,0.071729152,0.071729152,0.0,0.0,success,sinkhorn,0.01,100000
1D-students-4df-512p,512,512,0.0837213835393538,631,9.901759758172746e-07,,seconds,0.242112398147583,0.0256005227565765,megabytes,88270.0,88270.0,0.0,0.0,0.071729152,0.071729152,0.0,0.0,success,sinkhorn,0.01,100000
1D-students-4df-1024p,1024,1024,0.1753495107395701,531,9.158131875484248e-07,,seconds,0.245577335357666,0.0221316739916801,megabytes,88270.0,88270.0,0.0,0.0,0.071704576,0.071704576,0.0,0.0,success,sinkhorn,0.01,100000
1D-students-4df-1024p,1024,1024,0.0055700849389642,541,9.097812195449866e-07,,seconds,0.2420985698699951,0.0226376522332429,megabytes,88270.0,88270.0,0.0,0.0,0.071610368,0.071610368,0.0,0.0,success,sinkhorn,0.01,100000
1D-students-4df-1024p,1024,1024,0.0055957100928687,481,9.18180864681232e-07,,seconds,0.2388093471527099,0.02213473059237,megabytes,88270.0,88270.0,0.0,0.0,0.075800576,0.075800576,0.0359375,0.0359375,success,sinkhorn,0.01,100000
1D-students-4df-1024p,1024,1024,0.0143300842558781,471,9.475881576335196e-07,,seconds,0.2375781536102295,0.0199125204235315,megabytes,88270.0,88270.0,0.0,0.0,0.068071424,0.068071424,0.0,0.0,success,sinkhorn,0.01,100000
1D-students-4df-1024p,1024,1024,0.0185272646347603,621,9.44370667115897e-07,,seconds,0.2507421970367431,0.0274876002222299,megabytes,88270.0,88270.0,6.0,6.0,0.077377536,0.077377536,0.0,0.0,success,sinkhorn,0.01,100000
1D-students-4df-1024p,1024,1024,0.1374012641326043,631,8.967837452368241e-07,,seconds,0.2367100715637207,0.0257678162306547,megabytes,88270.0,88270.0,0.0,0.0,0.067547136,0.067547136,0.0,0.0,success,sinkhorn,0.01,100000
1D-students-4df-1024p,1024,1024,0.0069817190637402,581,9.101225834747484e-07,,seconds,0.2395908832550048,0.025972818955779,megabytes,88270.0,88270.0,0.0,0.0,0.076648448,0.076648448,0.0359375,0.0359375,success,sinkhorn,0.01,100000
1D-students-4df-1024p,1024,1024,0.1852639369387998,100000,0.0034681837378742,,seconds,3.955145120620728,3.7854061760008335,megabytes,88270.0,88270.0,61.0,55.06666666666667,0.095698944,0.095698944,0.7875,0.7411458333333333,success,sinkhorn,0.01,100000
1D-students-4df-1024p,1024,1024,0.2150515889458268,100000,0.0092066910540577,,seconds,3.927055597305298,3.71372077986598,megabytes,88270.0,88270.0,61.0,56.1764705882353,0.093212672,0.093212672,0.81640625,0.7366268382352941,success,sinkhorn,0.01,100000
1D-students-4df-1024p,1024,1024,0.0052453661795143,531,9.775933948295078e-07,,seconds,0.2440526485443115,0.021878208965063,megabytes,88270.0,88270.0,0.0,0.0,0.068042752,0.068042752,0.0,0.0,success,sinkhorn,0.01,100000
1D-students-4df-1024p,1024,1024,0.0099584863685313,541,8.64346263720566e-07,,seconds,0.2396812438964843,0.0222098715603351,megabytes,88270.0,88270.0,6.0,6.0,0.068206592,0.068206592,0.0,0.0,success,sinkhorn,0.01,100000
1D-students-4df-1024p,1024,1024,0.0049212229374773,431,9.96917002689168e-07,,seconds,0.237877607345581,0.0186043065041303,megabytes,88270.0,88270.0,0.0,0.0,0.068104192,0.068104192,0.0,0.0,success,sinkhorn,0.01,100000
1D-students-4df-1024p,1024,1024,0.0376715932005413,631,9.716018664291142e-07,,seconds,0.2377181053161621,0.0255947187542915,megabytes,88270.0,88270.0,0.0,0.0,0.067534848,0.067534848,0.0,0.0,success,sinkhorn,0.01,100000
1D-students-4df-1024p,1024,1024,0.0446691521230241,621,8.626754120084666e-07,,seconds,0.2365329265594482,0.0253759790211915,megabytes,88270.0,88270.0,0.0,0.0,0.067588096,0.067588096,0.0,0.0,success,sinkhorn,0.01,100000
1D-students-4df-1024p,1024,1024,0.0274496939272452,571,9.031303328182392e-07,,seconds,0.2430043220520019,0.0258962381631135,megabytes,88270.0,88270.0,0.0,0.0,0.0768,0.0768,0.0,0.0,success,sinkhorn,0.01,100000
1D-students-4df-1024p,1024,1024,0.0139063254431993,601,9.181117501950612e-07,,seconds,0.2394285202026367,0.0248554702848196,megabytes,88270.0,88270.0,0.0,0.0,0.06756352,0.06756352,0.03515625,0.03515625,success,sinkhorn,0.01,100000
1D-students-4df-1024p,1024,1024,0.0837186499715316,611,9.633268294218698e-07,,seconds,0.2383596897125244,0.0275079496204853,megabytes,88270.0,88270.0,4.0,4.0,0.076447744,0.076447744,0.0359375,0.0359375,success,sinkhorn,0.01,100000
1D-students-4df-1024p,1024,1024,0.2986806618804823,100000,0.0075579034845989,,seconds,3.91646146774292,3.7603558897972102,megabytes,88270.0,88270.0,60.0,55.23529411764706,0.09263104,0.09263104,0.8,0.7440257352941179,success,sinkhorn,0.01,100000
1D-students-4df-1024p,1024,1024,0.0648840801221947,521,9.596525226848634e-07,,seconds,0.2418346405029297,0.0216703582555055,megabytes,88270.0,88270.0,0.0,0.0,0.068132864,0.068132864,0.0,0.0,success,sinkhorn,0.01,100000
1D-students-4df-1024p,1024,1024,0.0669059783647857,581,8.758662813201133e-07,,seconds,0.2361915111541748,0.0241619907319545,megabytes,88270.0,88270.0,7.0,7.0,0.06795264,0.06795264,0.03671875,0.03671875,success,sinkhorn,0.01,100000
1D-students-4df-1024p,1024,1024,0.0146866067423435,551,9.208285941478976e-07,,seconds,0.239194631576538,0.0225767809897661,megabytes,88270.0,88270.0,0.0,0.0,0.068096,0.068096,0.0,0.0,success,sinkhorn,0.01,100000
1D-students-4df-1024p,1024,1024,0.0272875800465133,581,8.688218597209147e-07,,seconds,0.2402911186218261,0.0257448945194482,megabytes,88270.0,88270.0,0.0,0.0,0.068026368,0.068026368,0.0,0.0,success,sinkhorn,0.01,100000
1D-students-4df-1024p,1024,1024,0.0183160909466167,611,9.404563277784544e-07,,seconds,0.2373754978179931,0.0248234346508979,megabytes,88270.0,88270.0,0.0,0.0,0.067756032,0.067756032,0.0359375,0.0359375,success,sinkhorn,0.01,100000
1D-students-4df-1024p,1024,1024,0.0969966378548035,20801,9.977703114618271e-07,,seconds,0.9253432750701904,0.7663189005106688,megabytes,88270.0,88270.0,62.0,38.75,0.088014848,0.088014848,0.7828125,0.6259765624999999,success,sinkhorn,0.01,100000
1D-students-4df-1024p,1024,1024,0.0206099104127938,641,9.909187017788835e-07,,seconds,0.241166353225708,0.0260262191295623,megabytes,88270.0,88270.0,0.0,0.0,0.067981312,0.067981312,0.0,0.0,success,sinkhorn,0.01,100000
1D-students-4df-1024p,1024,1024,0.225616460769372,100000,0.0141079794515975,,seconds,4.016708850860596,3.862804053351283,megabytes,88270.0,88270.0,61.0,52.375,0.092471296,0.092471296,0.7921875,0.749609375,success,sinkhorn,0.01,100000
1D-students-4df-1024p,1024,1024,0.0504249857555665,331,8.263005088886404e-07,,seconds,0.2416183948516845,0.01426662504673,megabytes,88270.0,88270.0,0.0,0.0,0.068038656,0.068038656,0.0,0.0,success,sinkhorn,0.01,100000
1D-students-4df-1024p,1024,1024,0.0781854838363538,621,8.941799898149246e-07,,seconds,0.2476186752319336,0.0251481607556343,megabytes,88270.0,88270.0,0.0,0.0,0.068005888,0.068005888,0.0,0.0,success,sinkhorn,0.01,100000
1D-students-4df-1024p,1024,1024,0.1212774362134832,341,8.443785855791734e-07,,seconds,0.2410311698913574,0.0147355999797582,megabytes,88270.0,88270.0,0.0,0.0,0.068009984,0.068009984,0.0,0.0,success,sinkhorn,0.01,100000
1D-students-4df-1024p,1024,1024,0.192519811263007,100000,0.006189857206926,,seconds,3.9118382930755615,3.7240278962999582,megabytes,88270.0,88270.0,61.0,58.294117647058826,0.092921856,0.092921856,0.78984375,0.7408088235294119,success,sinkhorn,0.01,100000
1D-students-4df-2048p,2048,2048,0.0504244858221671,311,9.571082113784092e-07,,seconds,0.2418644428253173,0.0190410949289798,megabytes,88270.0,88270.0,0.0,0.0,0.068108288,0.068108288,0.0,0.0,success,sinkhorn,0.01,100000
1D-students-4df-2048p,2048,2048,0.1373967265467912,611,8.748195065866832e-07,,seconds,0.2435140609741211,0.0347883645445108,megabytes,88270.0,88270.0,0.0,0.0,0.067678208,0.067678208,0.0,0.0,success,sinkhorn,0.01,100000
1D-students-4df-2048p,2048,2048,0.0139045644235306,571,9.952040009416443e-07,,seconds,0.2437264919281005,0.0308631304651498,megabytes,88270.0,88270.0,10.0,10.0,0.06762496,0.06762496,0.03515625,0.03515625,success,sinkhorn,0.01,100000
1D-students-4df-2048p,2048,2048,0.0781822961694285,601,8.666127117333601e-07,,seconds,0.2455930709838867,0.0317077115178108,megabytes,88270.0,88270.0,0.0,0.0,0.067649536,0.067649536,0.0,0.0,success,sinkhorn,0.01,100000
1D-students-4df-2048p,2048,2048,0.2986775603107311,100000,0.0053427254318305,,seconds,5.075463771820068,4.913596710190177,megabytes,88270.0,88270.0,69.0,62.75,0.172765184,0.172765184,0.8109375,0.75109375,success,sinkhorn,0.01,100000
1D-students-4df-2048p,2048,2048,0.0069809104874054,551,9.641646920472753e-07,,seconds,0.2395696640014648,0.031391916796565,megabytes,88270.0,88270.0,9.0,9.0,0.067616768,0.067616768,0.0703125,0.0703125,success,sinkhorn,0.01,100000
1D-students-4df-2048p,2048,2048,0.121275391336605,331,7.988311291514291e-07,,seconds,0.2374842166900634,0.0196238085627555,megabytes,88270.0,88270.0,0.0,0.0,0.067989504,0.067989504,0.0,0.0,success,sinkhorn,0.01,100000
1D-students-4df-2048p,2048,2048,0.0146854135261895,531,8.89481094737272e-07,,seconds,0.2406666278839111,0.029536360874772,megabytes,88270.0,88270.0,0.0,0.0,0.074420224,0.074420224,0.03515625,0.03515625,success,sinkhorn,0.01,100000
1D-students-4df-2048p,2048,2048,0.0376693323156889,611,9.20102583444089e-07,,seconds,0.2377469539642334,0.0339091662317514,megabytes,88270.0,88270.0,10.0,10.0,0.067575808,0.067575808,0.0359375,0.0359375,success,sinkhorn,0.01,100000
1D-students-4df-2048p,2048,2048,0.2150508212564833,100000,0.0065097907390906,,seconds,5.143823146820068,4.958703998476267,megabytes,88270.0,88270.0,70.0,63.94444444444444,0.092667904,0.092667904,0.803125,0.7595486111111108,success,sinkhorn,0.01,100000
1D-students-4df-2048p,2048,2048,0.0052451425689674,511,8.974958512177421e-07,,seconds,0.2438788414001464,0.0278938729315996,megabytes,88270.0,88270.0,0.0,0.0,0.067571712,0.067571712,0.03515625,0.03515625,success,sinkhorn,0.01,100000
1D-students-4df-2048p,2048,2048,0.0837148475894701,591,9.37206051222204e-07,,seconds,0.2392048835754394,0.0327950567007064,megabytes,88270.0,88270.0,6.0,6.0,0.074932224,0.074932224,0.0359375,0.0359375,success,sinkhorn,0.01,100000
1D-students-4df-2048p,2048,2048,0.0648802456326803,501,9.81657226455712e-07,,seconds,0.247039794921875,0.0276646297425031,megabytes,88270.0,88270.0,0.0,0.0,0.067592192,0.067592192,0.034375,0.034375,success,sinkhorn,0.01,100000
1D-students-4df-2048p,2048,2048,0.1852639630635011,100000,0.0024525112811838,,seconds,5.305077075958252,5.057832656428218,megabytes,88270.0,88270.0,67.0,62.55555555555556,0.095453184,0.095453184,0.78984375,0.7525607638888888,success,sinkhorn,0.01,100000
1D-students-4df-2048p,2048,2048,0.0055696094322147,511,9.633730220097965e-07,,seconds,0.246098518371582,0.0291487015783786,megabytes,88270.0,88270.0,9.0,9.0,0.067571712,0.067571712,0.03515625,0.03515625,success,sinkhorn,0.01,100000
1D-students-4df-2048p,2048,2048,0.0049211522487884,411,9.251713270492802e-07,,seconds,0.2664909362792969,0.0241991281509399,megabytes,88270.0,88270.0,0.0,0.0,0.06805504,0.06805504,0.0,0.0,success,sinkhorn,0.01,100000
1D-students-4df-2048p,2048,2048,0.02728491437211,551,9.805529157522345e-07,,seconds,0.2545728683471679,0.0319491885602474,megabytes,88270.0,88270.0,0.0,0.0,0.07675904,0.07675904,0.0,0.0,success,sinkhorn,0.01,100000
1D-students-4df-2048p,2048,2048,0.0274478682181154,551,8.775992234977293e-07,,seconds,0.2457940578460693,0.0314352978020906,megabytes,88270.0,88270.0,9.0,9.0,0.067608576,0.067608576,0.03515625,0.03515625,success,sinkhorn,0.01,100000
1D-students-4df-2048p,2048,2048,0.0183147069614891,591,8.860431292022072e-07,,seconds,0.2448694705963134,0.0326067060232162,megabytes,88270.0,88270.0,0.0,0.0,0.067592192,0.067592192,0.03515625,0.03515625,success,sinkhorn,0.01,100000
1D-students-4df-2048p,2048,2048,0.0099575083222619,511,9.559106306102602e-07,,seconds,0.2416667938232422,0.0294522438198328,megabytes,88270.0,88270.0,0.0,0.0,0.067616768,0.067616768,0.03515625,0.03515625,success,sinkhorn,0.01,100000
1D-students-4df-2048p,2048,2048,0.1925204389161896,100000,0.0043769622528133,,seconds,5.0929155349731445,5.001511793583632,megabytes,88270.0,88270.0,68.0,65.80952380952381,0.172683264,0.172683264,0.80703125,0.7640252976190476,success,sinkhorn,0.01,100000
1D-students-4df-2048p,2048,2048,0.0206084269647552,621,9.209470503616408e-07,,seconds,0.2511205673217773,0.0355038121342659,megabytes,88270.0,88270.0,0.0,0.0,0.067743744,0.067743744,0.0,0.0,success,sinkhorn,0.01,100000
1D-students-4df-2048p,2048,2048,0.0055954602537064,451,9.848164391084337e-07,,seconds,0.2409629821777343,0.0261574033647775,megabytes,88270.0,88270.0,0.0,0.0,0.067612672,0.067612672,0.03515625,0.03515625,success,sinkhorn,0.01,100000
1D-students-4df-2048p,2048,2048,0.0143293989988894,451,9.394901899136048e-07,,seconds,0.2461438179016113,0.0245338343083858,megabytes,88270.0,88270.0,8.0,8.0,0.068079616,0.068079616,0.0,0.0,success,sinkhorn,0.01,100000
1D-students-4df-2048p,2048,2048,0.1753434740415249,511,9.541931425168288e-07,,seconds,0.2409338951110839,0.0277484767138957,megabytes,88270.0,88270.0,0.0,0.0,0.067596288,0.067596288,0.03515625,0.03515625,success,sinkhorn,0.01,100000
1D-students-4df-2048p,2048,2048,0.0969966064777228,25551,9.98757856392595e-07,,seconds,1.403040647506714,1.3319504912942648,megabytes,88270.0,88270.0,65.0,47.0,0.091598848,0.091598848,0.8,0.7365885416666665,success,sinkhorn,0.01,100000
1D-students-4df-2048p,2048,2048,0.0446653021204298,591,9.62852430053345e-07,,seconds,0.2505648136138916,0.0323756895959377,megabytes,88270.0,88270.0,18.0,18.0,0.067588096,0.067588096,0.034375,0.034375,success,sinkhorn,0.01,100000
1D-students-4df-2048p,2048,2048,0.0669028195760508,561,8.647303296178796e-07,,seconds,0.2467012405395507,0.0300601720809936,megabytes,88270.0,88270.0,0.0,0.0,0.06762496,0.06762496,0.0,0.0,success,sinkhorn,0.01,100000
1D-students-4df-2048p,2048,2048,0.0185259189590219,601,8.850300052149274e-07,,seconds,0.2426331043243408,0.033013992011547,megabytes,88270.0,88270.0,0.0,0.0,0.067579904,0.067579904,0.03515625,0.03515625,success,sinkhorn,0.01,100000
1D-students-4df-2048p,2048,2048,0.2256140197579781,100000,0.0099759418112732,,seconds,4.855549097061157,4.828361090272665,megabytes,88270.0,88270.0,69.0,65.55,0.172601344,0.172601344,0.81484375,0.7797656249999999,success,sinkhorn,0.01,100000
1D-students-6df-32p,32,32,0.0055525556522782,611,9.109257425656256e-07,,seconds,0.2446846961975097,0.0196732692420482,megabytes,88270.0,88270.0,0.0,0.0,0.0679936,0.0679936,0.0,0.0,success,sinkhorn,0.01,100000
1D-students-6df-32p,32,32,0.0049021190243371,561,9.86304566911369e-07,,seconds,0.2363033294677734,0.018227145075798,megabytes,88270.0,88270.0,0.0,0.0,0.067981312,0.067981312,0.0,0.0,success,sinkhorn,0.01,100000
1D-students-6df-32p,32,32,0.2149918206407976,100000,0.0534710876282866,,seconds,2.941521167755127,2.924092035740614,megabytes,88270.0,88270.0,59.0,52.2,0.091795456,0.091795456,0.79375,0.771015625,success,sinkhorn,0.01,100000
1D-students-6df-32p,32,32,0.0139321949807739,571,9.642508532347824e-07,,seconds,0.2412202358245849,0.0184314157813787,megabytes,88270.0,88270.0,0.0,0.0,0.06801408,0.06801408,0.0,0.0,success,sinkhorn,0.01,100000
1D-students-6df-32p,32,32,0.0540561625589657,391,9.399527941571284e-07,,seconds,0.2397243976593017,0.0132431518286466,megabytes,88270.0,88270.0,0.0,0.0,0.067985408,0.067985408,0.0,0.0,success,sinkhorn,0.01,100000
1D-students-6df-32p,32,32,0.1073599776810584,8211,9.91409721024609e-07,,seconds,0.2413110733032226,0.2337517384439706,megabytes,88270.0,88270.0,0.0,0.0,0.06715392,0.06715392,0.7375,0.7375,success,sinkhorn,0.01,100000
1D-students-6df-32p,32,32,0.0179287137894862,731,9.654839638338585e-07,,seconds,0.236666202545166,0.0229504015296697,megabytes,88270.0,88270.0,9.0,9.0,0.067555328,0.067555328,0.0359375,0.0359375,success,sinkhorn,0.01,100000
1D-students-6df-32p,32,32,0.0197469168689412,771,9.516203510772456e-07,,seconds,0.2562484741210937,0.0239382311701774,megabytes,88270.0,88270.0,5.0,5.0,0.068022272,0.068022272,0.0,0.0,success,sinkhorn,0.01,100000
1D-students-6df-32p,32,32,0.0051850953607682,661,9.84381556582002e-07,,seconds,0.2376883029937744,0.020871665328741,megabytes,88270.0,88270.0,0.0,0.0,0.067985408,0.067985408,0.0359375,0.0359375,success,sinkhorn,0.01,100000
1D-students-6df-32p,32,32,0.0175804066965866,751,8.729547247082677e-07,,seconds,0.2394747734069824,0.0233994536101818,megabytes,88270.0,88270.0,6.0,6.0,0.06815744,0.06815744,0.0,0.0,success,sinkhorn,0.01,100000
1D-students-6df-32p,32,32,0.0837222192180668,721,9.1624868271992e-07,,seconds,0.240323781967163,0.0225830152630805,megabytes,88270.0,88270.0,0.0,0.0,0.068050944,0.068050944,0.0,0.0,success,sinkhorn,0.01,100000
1D-students-6df-32p,32,32,0.0437151986887815,731,9.381879783635294e-07,,seconds,0.2466840744018554,0.0244772117584943,megabytes,88270.0,88270.0,0.0,0.0,0.068091904,0.068091904,0.0,0.0,success,sinkhorn,0.01,100000
1D-students-6df-32p,32,32,0.0787345941232901,731,8.639264603502381e-07,,seconds,0.2395861148834228,0.0228409189730882,megabytes,88270.0,88270.0,0.0,0.0,0.068030464,0.068030464,0.0,0.0,success,sinkhorn,0.01,100000
1D-students-6df-32p,32,32,0.0265334196855003,681,9.39068103529662e-07,,seconds,0.2485256195068359,0.023142097517848,megabytes,88270.0,88270.0,0.0,0.0,0.067944448,0.067944448,0.0,0.0,success,sinkhorn,0.01,100000
1D-students-6df-32p,32,32,0.193348495104758,100000,0.0372015723218007,,seconds,2.930046319961548,2.7930075246840715,megabytes,88270.0,88270.0,61.0,55.333333333333336,0.091992064,0.091992064,0.80703125,0.7421223958333334,success,sinkhorn,0.01,100000
1D-students-6df-32p,32,32,0.0068093190049782,711,8.892418932548717e-07,,seconds,0.237659215927124,0.0226754564791917,megabytes,88270.0,88270.0,4.0,4.0,0.068030464,0.068030464,0.0,0.0,success,sinkhorn,0.01,100000
1D-students-6df-32p,32,32,0.2327593717971539,100000,0.0857142510356227,,seconds,2.993247509002685,2.8709348011761904,megabytes,88270.0,88270.0,60.0,53.0,0.092049408,0.092049408,0.8109375,0.7497596153846153,success,sinkhorn,0.01,100000
1D-students-6df-32p,32,32,0.1857413915211058,100000,0.0212195634355141,,seconds,2.985359907150269,2.87436555698514,megabytes,88270.0,88270.0,60.0,54.92307692307692,0.092073984,0.092073984,0.790625,0.7437499999999999,success,sinkhorn,0.01,100000
1D-students-6df-32p,32,32,0.0055445610922333,671,8.9936808359529e-07,,seconds,0.2377898693084716,0.0216473769396543,megabytes,88270.0,88270.0,0.0,0.0,0.067821568,0.067821568,0.0,0.0,success,sinkhorn,0.01,100000
1D-students-6df-32p,32,32,0.009590436393564,651,9.695264668644758e-07,,seconds,0.2382004261016845,0.0209671910852193,megabytes,88270.0,88270.0,2.0,2.0,0.068087808,0.068087808,0.0,0.0,success,sinkhorn,0.01,100000
1D-students-6df-32p,32,32,0.0149994113423022,661,9.87861061677955e-07,,seconds,0.2436633110046386,0.0224147345870733,megabytes,88270.0,88270.0,0.0,0.0,0.067981312,0.067981312,0.0,0.0,success,sinkhorn,0.01,100000
1D-students-6df-32p,32,32,0.0358185410625505,751,9.81506452394751e-07,,seconds,0.2462224960327148,0.0240013469010591,megabytes,88270.0,88270.0,6.0,6.0,0.067510272,0.067510272,0.034375,0.034375,success,sinkhorn,0.01,100000
1D-students-6df-32p,32,32,0.0691025402696491,681,9.01095276279554e-07,,seconds,0.2387270927429199,0.0217499639838933,megabytes,88270.0,88270.0,0.0,0.0,0.067518464,0.067518464,0.0,0.0,success,sinkhorn,0.01,100000
1D-students-6df-32p,32,32,0.1773439998207772,3521,9.988485443202189e-07,,seconds,0.2388942241668701,0.1040251497179269,megabytes,88270.0,88270.0,0.0,0.0,0.067096576,0.067096576,0.3203125,0.3203125,success,sinkhorn,0.01,100000
1D-students-6df-32p,32,32,0.0141535997409594,721,9.416474669974294e-07,,seconds,0.2400248050689697,0.0228132288902997,megabytes,88270.0,88270.0,0.0,0.0,0.067985408,0.067985408,0.0,0.0,success,sinkhorn,0.01,100000
1D-students-6df-32p,32,32,0.0279305488965241,691,9.099966650200892e-07,,seconds,0.2391901016235351,0.0222702492028474,megabytes,88270.0,88270.0,0.0,0.0,0.067653632,0.067653632,0.0,0.0,success,sinkhorn,0.01,100000
1D-students-6df-32p,32,32,0.1336908599804602,741,8.615494913786703e-07,,seconds,0.235018253326416,0.0233125127851963,megabytes,88270.0,88270.0,0.0,0.0,0.067506176,0.067506176,0.0359375,0.0359375,success,sinkhorn,0.01,100000
1D-students-6df-32p,32,32,0.1277140437046786,391,7.877806228073056e-07,,seconds,0.2410340309143066,0.0145674161612987,megabytes,88270.0,88270.0,3.0,3.0,0.067948544,0.067948544,0.0,0.0,success,sinkhorn,0.01,100000
1D-students-6df-32p,32,32,0.0667560205331586,621,8.582066529981662e-07,,seconds,0.2405498027801513,0.0198156684637069,megabytes,88270.0,88270.0,5.0,5.0,0.067960832,0.067960832,0.0,0.0,success,sinkhorn,0.01,100000
1D-students-6df-32p,32,32,0.2964621632056727,100000,0.0427513451377725,,seconds,3.0304644107818604,2.831762177869677,megabytes,88270.0,88270.0,60.0,53.61538461538461,0.0923648,0.0923648,0.7875,0.7173677884615384,success,sinkhorn,0.01,100000
1D-students-6df-64p,64,64,0.1277327690431057,381,7.526701462402736e-07,,seconds,0.2390131950378418,0.0131486039608716,megabytes,88270.0,88270.0,0.0,0.0,0.067981312,0.067981312,0.0,0.0,success,sinkhorn,0.01,100000
1D-students-6df-64p,64,64,0.0096046889782461,631,9.210448583339006e-07,,seconds,0.2378015518188476,0.0202496778219938,megabytes,88270.0,88270.0,0.0,0.0,0.068030464,0.068030464,0.0,0.0,success,sinkhorn,0.01,100000
1D-students-6df-64p,64,64,0.1773517538593642,3661,9.903338627719798e-07,,seconds,0.3219616413116455,0.1067087687551975,megabytes,88270.0,88270.0,28.0,28.0,0.067035136,0.067035136,0.23359375,0.23359375,success,sinkhorn,0.01,100000
1D-students-6df-64p,64,64,0.0265453063462823,661,9.09104175077457e-07,,seconds,0.2460918426513672,0.0211422890424728,megabytes,88270.0,88270.0,0.0,0.0,0.067964928,0.067964928,0.0,0.0,success,sinkhorn,0.01,100000
1D-students-6df-64p,64,64,0.0837330736769176,701,8.914452206639309e-07,,seconds,0.2431144714355468,0.0221320986747741,megabytes,88270.0,88270.0,6.0,6.0,0.067977216,0.067977216,0.0,0.0,success,sinkhorn,0.01,100000
1D-students-6df-64p,64,64,0.0150081245360732,641,9.51732016735424e-07,,seconds,0.2397463321685791,0.0206245630979537,megabytes,88270.0,88270.0,0.0,0.0,0.068059136,0.068059136,0.0,0.0,success,sinkhorn,0.01,100000
1D-students-6df-64p,64,64,0.0068224214608279,681,9.405860257551464e-07,,seconds,0.2330472469329834,0.0215238165110349,megabytes,88270.0,88270.0,0.0,0.0,0.067592192,0.067592192,0.0359375,0.0359375,success,sinkhorn,0.01,100000
1D-students-6df-64p,64,64,0.0691041511272838,661,8.900780273139737e-07,,seconds,0.2367746829986572,0.0212155226618051,megabytes,88270.0,88270.0,6.0,6.0,0.068087808,0.068087808,0.0,0.0,success,sinkhorn,0.01,100000
1D-students-6df-64p,64,64,0.1937908768612176,100000,0.026495078353988,,seconds,3.093466758728028,2.877243297174573,megabytes,88270.0,88270.0,60.0,55.92307692307692,0.0925696,0.0925696,0.79296875,0.71953125,success,sinkhorn,0.01,100000
1D-students-6df-64p,64,64,0.0197629179407652,751,8.834084559817703e-07,,seconds,0.237617015838623,0.0264170281589031,megabytes,88270.0,88270.0,0.0,0.0,0.07725056,0.07725056,0.0,0.0,success,sinkhorn,0.01,100000
1D-students-6df-64p,64,64,0.078753922398378,701,9.810401784517954e-07,,seconds,0.2411227226257324,0.0224329717457294,megabytes,88270.0,88270.0,1.0,1.0,0.068071424,0.068071424,0.0,0.0,success,sinkhorn,0.01,100000
1D-students-6df-64p,64,64,0.004914043652838,541,9.138454588019052e-07,,seconds,0.2463922500610351,0.0176207404583692,megabytes,88270.0,88270.0,0.0,0.0,0.067997696,0.067997696,0.0,0.0,success,sinkhorn,0.01,100000
1D-students-6df-64p,64,64,0.0358350375251754,731,9.272194747220424e-07,,seconds,0.242150068283081,0.023055013269186,megabytes,88270.0,88270.0,0.0,0.0,0.06752256,0.06752256,0.03515625,0.03515625,success,sinkhorn,0.01,100000
1D-students-6df-64p,64,64,0.0540721140689627,381,8.551028027762192e-07,,seconds,0.2435903549194336,0.0132348258048295,megabytes,88270.0,88270.0,3.0,3.0,0.06815744,0.06815744,0.0,0.0,success,sinkhorn,0.01,100000
1D-students-6df-64p,64,64,0.0139491863023617,551,9.535610208541596e-07,,seconds,0.2411401271820068,0.0179791301488876,megabytes,88270.0,88270.0,5.0,5.0,0.068108288,0.068108288,0.0,0.0,success,sinkhorn,0.01,100000
1D-students-6df-64p,64,64,0.1073154203814167,9791,9.926834461845148e-07,,seconds,0.4807066917419433,0.2845885958522558,megabytes,88270.0,88270.0,44.0,22.0,0.087867392,0.087867392,0.78046875,0.426171875,success,sinkhorn,0.01,100000
1D-students-6df-64p,64,64,0.0051978101658654,641,9.030192604495008e-07,,seconds,0.2415037155151367,0.022992955520749,megabytes,88270.0,88270.0,0.0,0.0,0.077832192,0.077832192,0.0,0.0,success,sinkhorn,0.01,100000
1D-students-6df-64p,64,64,0.0437280019454279,711,8.974882403416442e-07,,seconds,0.2416739463806152,0.0227803010493516,megabytes,88270.0,88270.0,6.0,6.0,0.068038656,0.068038656,0.0,0.0,success,sinkhorn,0.01,100000
1D-students-6df-64p,64,64,0.2155706033649131,100000,0.0383817683485655,,seconds,3.052943468093872,2.851668745279312,megabytes,88270.0,88270.0,61.0,54.15384615384615,0.09566208,0.09566208,0.79765625,0.7251201923076922,success,sinkhorn,0.01,100000
1D-students-6df-64p,64,64,0.1858925433515519,100000,0.0152468511113984,,seconds,2.953425884246826,2.846323061734438,megabytes,88270.0,88270.0,60.0,50.75,0.092073984,0.092073984,0.80703125,0.7446614583333333,success,sinkhorn,0.01,100000
1D-students-6df-64p,64,64,0.2992599891125594,100000,0.0335926657916847,,seconds,3.0021748542785645,2.83562233671546,megabytes,88270.0,88270.0,61.0,56.38461538461539,0.092434432,0.092434432,0.78984375,0.7320312499999998,success,sinkhorn,0.01,100000
1D-students-6df-64p,64,64,0.0055649205275115,581,9.741767644434242e-07,,seconds,0.2477798461914062,0.0185937751084566,megabytes,88270.0,88270.0,0.0,0.0,0.068030464,0.068030464,0.0,0.0,success,sinkhorn,0.01,100000
1D-students-6df-64p,64,64,0.1337229087332212,711,9.859950406784206e-07,,seconds,0.2453410625457763,0.0253943298012018,megabytes,88270.0,88270.0,0.0,0.0,0.078450688,0.078450688,0.0,0.0,success,sinkhorn,0.01,100000
1D-students-6df-64p,64,64,0.0175957012442274,721,9.3912883175464e-07,,seconds,0.2404377460479736,0.0225358251482248,megabytes,88270.0,88270.0,0.0,0.0,0.068046848,0.068046848,0.0,0.0,success,sinkhorn,0.01,100000
1D-students-6df-64p,64,64,0.2289186906705766,100000,0.0593306700301691,,seconds,3.006730079650879,2.853982347995043,megabytes,88270.0,88270.0,60.0,52.75,0.091967488,0.091967488,0.79921875,0.7408854166666666,success,sinkhorn,0.01,100000
1D-students-6df-64p,64,64,0.0141650670684972,701,8.849120057147619e-07,,seconds,0.2444627285003662,0.0223899409174919,megabytes,88270.0,88270.0,0.0,0.0,0.067981312,0.067981312,0.0,0.0,success,sinkhorn,0.01,100000
1D-students-6df-64p,64,64,0.0055571486840799,641,9.515641323490668e-07,,seconds,0.2389819622039795,0.0202540401369333,megabytes,88270.0,88270.0,0.0,0.0,0.067944448,0.067944448,0.0,0.0,success,sinkhorn,0.01,100000
1D-students-6df-64p,64,64,0.0179430645671767,711,9.082524086973344e-07,,seconds,0.2423629760742187,0.0224838722497224,megabytes,88270.0,88270.0,0.0,0.0,0.067969024,0.067969024,0.0,0.0,success,sinkhorn,0.01,100000
1D-students-6df-64p,64,64,0.0667476709745972,601,8.76429803684831e-07,,seconds,0.2376272678375244,0.0194148924201726,megabytes,88270.0,88270.0,0.0,0.0,0.068026368,0.068026368,0.0,0.0,success,sinkhorn,0.01,100000
1D-students-6df-64p,64,64,0.0279411501614344,671,8.775115122111976e-07,,seconds,0.2494955062866211,0.0217329692095518,megabytes,88270.0,88270.0,6.0,6.0,0.06801408,0.06801408,0.0,0.0,success,sinkhorn,0.01,100000
1D-students-6df-128p,128,128,0.027943065057785,641,9.895855130791816e-07,,seconds,0.2452144622802734,0.0221182219684124,megabytes,88270.0,88270.0,6.0,6.0,0.068149248,0.068149248,0.0,0.0,success,sinkhorn,0.01,100000
1D-students-6df-128p,128,128,0.069103840663947,641,8.798942093676127e-07,,seconds,0.239877700805664,0.0202988311648368,megabytes,88270.0,88270.0,0.0,0.0,0.068050944,0.068050944,0.0,0.0,success,sinkhorn,0.01,100000
1D-students-6df-128p,128,128,0.0197662528214388,721,9.39976553190884e-07,,seconds,0.2392170429229736,0.0230699405074119,megabytes,88270.0,88270.0,6.0,6.0,0.067555328,0.067555328,0.0,0.0,success,sinkhorn,0.01,100000
1D-students-6df-128p,128,128,0.1073049863983597,11531,9.953188964605635e-07,,seconds,0.4813122749328613,0.3314644321799278,megabytes,88270.0,88270.0,53.0,26.5,0.077217792,0.077217792,0.77578125,0.51484375,success,sinkhorn,0.01,100000
1D-students-6df-128p,128,128,0.1773500716488636,581,9.155071560060756e-07,,seconds,0.2406694889068603,0.0188316889107227,megabytes,88270.0,88270.0,0.0,0.0,0.068108288,0.068108288,0.0,0.0,success,sinkhorn,0.01,100000
1D-students-6df-128p,128,128,0.3014483315540489,100000,0.0234434935812895,,seconds,2.9927456378936768,2.8654258605092764,megabytes,88270.0,88270.0,61.0,55.46153846153846,0.09183232,0.09183232,0.7921875,0.7441706730769232,success,sinkhorn,0.01,100000
1D-students-6df-128p,128,128,0.0175990956963858,701,8.786537245829242e-07,,seconds,0.2428250312805175,0.0225766692310571,megabytes,88270.0,88270.0,0.0,0.0,0.067862528,0.067862528,0.0,0.0,success,sinkhorn,0.01,100000
1D-students-6df-128p,128,128,0.0540767968203793,371,7.788312995465436e-07,,seconds,0.2455663681030273,0.0127937290817499,megabytes,88270.0,88270.0,0.0,0.0,0.068063232,0.068063232,0.0,0.0,success,sinkhorn,0.01,100000
1D-students-6df-128p,128,128,0.0787580010778768,681,9.516858066147958e-07,,seconds,0.2428984642028808,0.0237915236502885,megabytes,88270.0,88270.0,0.0,0.0,0.068067328,0.068067328,0.0,0.0,success,sinkhorn,0.01,100000
1D-students-6df-128p,128,128,0.066744796728358,581,8.964593765890043e-07,,seconds,0.247887372970581,0.0202311873435974,megabytes,88270.0,88270.0,5.0,5.0,0.068124672,0.068124672,0.0,0.0,success,sinkhorn,0.01,100000
1D-students-6df-128p,128,128,0.0265477783806428,641,8.81085273979883e-07,,seconds,0.241199254989624,0.0211754962801933,megabytes,88270.0,88270.0,0.0,0.0,0.068173824,0.068173824,0.0,0.0,success,sinkhorn,0.01,100000
1D-students-6df-128p,128,128,0.015009877750357,621,9.179768745615364e-07,,seconds,0.2352869510650634,0.0202661175280809,megabytes,88270.0,88270.0,0.0,0.0,0.068067328,0.068067328,0.0,0.0,success,sinkhorn,0.01,100000
1D-students-6df-128p,128,128,0.1859415698379674,100000,0.010865415629584,,seconds,3.0257527828216557,2.8527389857918024,megabytes,88270.0,88270.0,62.0,57.15384615384615,0.095531008,0.095531008,0.81015625,0.7286658653846154,success,sinkhorn,0.01,100000
1D-students-6df-128p,128,128,0.22872353612255,100000,0.0421780263469249,,seconds,3.017175674438477,2.8847256414592266,megabytes,88270.0,88270.0,61.0,53.66666666666666,0.091582464,0.091582464,0.78828125,0.7438802083333332,success,sinkhorn,0.01,100000
1D-students-6df-128p,128,128,0.0055677641381265,561,9.079492230149772e-07,,seconds,0.2449419498443603,0.0184600632637739,megabytes,88270.0,88270.0,0.0,0.0,0.068046848,0.068046848,0.0,0.0,success,sinkhorn,0.01,100000
1D-students-6df-128p,128,128,0.133729985407673,691,9.613101344091628e-07,,seconds,0.2452630996704101,0.0219431538134813,megabytes,88270.0,88270.0,0.0,0.0,0.06805504,0.06805504,0.0,0.0,success,sinkhorn,0.01,100000
1D-students-6df-128p,128,128,0.0096079523860364,611,8.755745473771105e-07,,seconds,0.2352311611175537,0.0197596047073602,megabytes,88270.0,88270.0,0.0,0.0,0.068009984,0.068009984,0.0359375,0.0359375,success,sinkhorn,0.01,100000
1D-students-6df-128p,128,128,0.0139532020996233,531,9.437701518178792e-07,,seconds,0.2363927364349365,0.0195848792791366,megabytes,88270.0,88270.0,0.0,0.0,0.076578816,0.076578816,0.0,0.0,success,sinkhorn,0.01,100000
1D-students-6df-128p,128,128,0.0437301774195533,681,9.99932302364016e-07,,seconds,0.2410752773284912,0.0219270456582307,megabytes,88270.0,88270.0,0.0,0.0,0.068128768,0.068128768,0.0,0.0,success,sinkhorn,0.01,100000
1D-students-6df-128p,128,128,0.035838568197502,711,8.764615397725578e-07,,seconds,0.2405307292938232,0.0226222164928913,megabytes,88270.0,88270.0,1.0,1.0,0.068112384,0.068112384,0.0,0.0,success,sinkhorn,0.01,100000
1D-students-6df-128p,128,128,0.1939532063751111,100000,0.0187712809436097,,seconds,3.002693891525269,2.9113766122609377,megabytes,88270.0,88270.0,61.0,53.92307692307692,0.091766784,0.091766784,0.7921875,0.7541466346153847,success,sinkhorn,0.01,100000
1D-students-6df-128p,128,128,0.0837350047014289,681,8.677381526530921e-07,,seconds,0.289201021194458,0.0219049900770187,megabytes,88270.0,88270.0,0.0,0.0,0.0679936,0.0679936,0.0,0.0,success,sinkhorn,0.01,100000
1D-students-6df-128p,128,128,0.0055600015327753,621,8.803515280786546e-07,,seconds,0.2411744594573974,0.0204156171530485,megabytes,88270.0,88270.0,0.0,0.0,0.068009984,0.068009984,0.0,0.0,success,sinkhorn,0.01,100000
1D-students-6df-128p,128,128,0.0141673357356435,671,9.595968974650645e-07,,seconds,0.2395906448364257,0.0216827914118766,megabytes,88270.0,88270.0,6.0,6.0,0.068067328,0.068067328,0.0,0.0,success,sinkhorn,0.01,100000
1D-students-6df-128p,128,128,0.0068252980816575,651,9.950373409208e-07,,seconds,0.2421374320983886,0.020951259881258,megabytes,88270.0,88270.0,0.0,0.0,0.068063232,0.068063232,0.0,0.0,success,sinkhorn,0.01,100000
1D-students-6df-128p,128,128,0.004916771709398,511,9.69694368340839e-07,,seconds,0.2404134273529052,0.0168234650045633,megabytes,88270.0,88270.0,5.0,5.0,0.068059136,0.068059136,0.0,0.0,success,sinkhorn,0.01,100000
1D-students-6df-128p,128,128,0.215767948186581,100000,0.0272935767778119,,seconds,3.0240421295166016,2.9414710514247417,megabytes,88270.0,88270.0,61.0,54.09090909090909,0.092147712,0.092147712,0.809375,0.7639914772727271,success,sinkhorn,0.01,100000
1D-students-6df-128p,128,128,0.017945975793806,681,9.86401073438122e-07,,seconds,0.2420988082885742,0.0221223682165145,megabytes,88270.0,88270.0,0.0,0.0,0.068030464,0.068030464,0.0,0.0,success,sinkhorn,0.01,100000
1D-students-6df-128p,128,128,0.0052006779620284,611,9.434429871274872e-07,,seconds,0.2420330047607422,0.0202441345900297,megabytes,88270.0,88270.0,2.0,2.0,0.068132864,0.068132864,0.0,0.0,success,sinkhorn,0.01,100000
1D-students-6df-128p,128,128,0.1277387561634201,361,9.693991970680211e-07,,seconds,0.2393672466278076,0.0127205681055784,megabytes,88270.0,88270.0,0.0,0.0,0.06811648,0.06811648,0.0,0.0,success,sinkhorn,0.01,100000
1D-students-6df-256p,256,256,0.0691028244180612,621,8.699737948482159e-07,,seconds,0.2389376163482666,0.0215722285211086,megabytes,88270.0,88270.0,0.0,0.0,0.068038656,0.068038656,0.0,0.0,success,sinkhorn,0.01,100000
1D-students-6df-256p,256,256,0.228840497210334,100000,0.0298536895593941,,seconds,3.332782745361328,3.2615328524261717,megabytes,88270.0,88270.0,56.0,52.0,0.09244672,0.09244672,0.81171875,0.7702566964285713,success,sinkhorn,0.01,100000
1D-students-6df-256p,256,256,0.215821878244579,100000,0.0193307045773473,,seconds,3.2560458183288574,3.1240462865680456,megabytes,88270.0,88270.0,60.0,53.0,0.092389376,0.092389376,0.7890625,0.7454927884615383,success,sinkhorn,0.01,100000
1D-students-6df-256p,256,256,0.1859201547378899,100000,0.0076495098490597,,seconds,3.2965493202209477,3.2735367212444544,megabytes,88270.0,88270.0,56.0,49.5,0.0924672,0.0924672,0.7875,0.7664620535714285,success,sinkhorn,0.01,100000
1D-students-6df-256p,256,256,0.1773484467587464,561,9.56592152138605e-07,,seconds,0.2435224056243896,0.0201466176658868,megabytes,88270.0,88270.0,0.0,0.0,0.068169728,0.068169728,0.0,0.0,success,sinkhorn,0.01,100000
1D-students-6df-256p,256,256,0.0139540121137729,511,9.342547355294328e-07,,seconds,0.2402286529541015,0.0201291274279356,megabytes,88270.0,88270.0,5.0,5.0,0.076505088,0.076505088,0.0,0.0,success,sinkhorn,0.01,100000
1D-students-6df-256p,256,256,0.0096084589750772,581,9.653387383363267e-07,,seconds,0.2443296909332275,0.0201520528644323,megabytes,88270.0,88270.0,0.0,0.0,0.06813696,0.06813696,0.0,0.0,success,sinkhorn,0.01,100000
1D-students-6df-256p,256,256,0.0437300019359305,661,9.575005166310054e-07,,seconds,0.2364923954010009,0.0235717836767435,megabytes,88270.0,88270.0,0.0,0.0,0.067633152,0.067633152,0.0359375,0.0359375,success,sinkhorn,0.01,100000
1D-students-6df-256p,256,256,0.0179463164227261,661,9.285625870779726e-07,,seconds,0.2393548488616943,0.0227996706962585,megabytes,88270.0,88270.0,0.0,0.0,0.068112384,0.068112384,0.0,0.0,success,sinkhorn,0.01,100000
1D-students-6df-256p,256,256,0.0068258653632713,631,9.203821635648718e-07,,seconds,0.240323781967163,0.0223716627806425,megabytes,88270.0,88270.0,0.0,0.0,0.067764224,0.067764224,0.03515625,0.03515625,success,sinkhorn,0.01,100000
1D-students-6df-256p,256,256,0.0049174202347033,491,8.987826528350479e-07,,seconds,0.2389638423919677,0.0183655004948377,megabytes,88270.0,88270.0,0.0,0.0,0.068112384,0.068112384,0.0,0.0,success,sinkhorn,0.01,100000
1D-students-6df-256p,256,256,0.3022656744599635,100000,0.0164668755678769,,seconds,3.2307980060577397,3.099870042875409,megabytes,88270.0,88270.0,59.0,56.36363636363637,0.104378368,0.104378368,0.803125,0.7398437499999999,success,sinkhorn,0.01,100000
1D-students-6df-256p,256,256,0.0150099567886299,601,8.85658620414886e-07,,seconds,0.23134446144104,0.0216317996382713,megabytes,88270.0,88270.0,0.0,0.0,0.079970304,0.079970304,0.03671875,0.03671875,success,sinkhorn,0.01,100000
1D-students-6df-256p,256,256,0.0667430182695764,561,9.172830812960312e-07,,seconds,0.2320888042449951,0.0203084778040647,megabytes,88270.0,88270.0,0.0,0.0,0.07962624,0.07962624,0.0359375,0.0359375,success,sinkhorn,0.01,100000
1D-students-6df-256p,256,256,0.0141675890333375,651,9.02420742014687e-07,,seconds,0.2353677749633789,0.0235614143311977,megabytes,88270.0,88270.0,6.0,6.0,0.080027648,0.080027648,0.0,0.0,success,sinkhorn,0.01,100000
1D-students-6df-256p,256,256,0.0175993206236671,671,9.457618977840068e-07,,seconds,0.2313253879547119,0.0232142433524131,megabytes,88270.0,88270.0,6.0,6.0,0.079695872,0.079695872,0.03671875,0.03671875,success,sinkhorn,0.01,100000
1D-students-6df-256p,256,256,0.0055683803347325,531,9.717683933976284e-07,,seconds,0.2321274280548095,0.0196460261940956,megabytes,88270.0,88270.0,0.0,0.0,0.079753216,0.079753216,0.0,0.0,success,sinkhorn,0.01,100000
1D-students-6df-256p,256,256,0.0052012800804907,581,9.856573490664086e-07,,seconds,0.6138911247253418,0.02195281162858,megabytes,88270.0,88270.0,0.0,0.0,0.088195072,0.088195072,0.0,0.0,success,sinkhorn,0.01,100000
1D-students-6df-256p,256,256,0.0540778332343609,351,9.141723125515824e-07,,seconds,0.2448723316192627,0.0136795360594987,megabytes,88270.0,88270.0,3.0,3.0,0.079171584,0.079171584,0.0,0.0,success,sinkhorn,0.01,100000
1D-students-6df-256p,256,256,0.1277397908164958,351,9.250300922314944e-07,,seconds,0.246248722076416,0.0135793127119541,megabytes,88270.0,88270.0,0.0,0.0,0.07931904,0.07931904,0.0,0.0,success,sinkhorn,0.01,100000
1D-students-6df-256p,256,256,0.0265478852543134,621,8.541541982595418e-07,,seconds,0.2438199520111084,0.0217183101922273,megabytes,88270.0,88270.0,0.0,0.0,0.079118336,0.079118336,0.0,0.0,success,sinkhorn,0.01,100000
1D-students-6df-256p,256,256,0.0055605554261206,591,9.31694551150702e-07,,seconds,0.2423717975616455,0.0206969082355499,megabytes,88270.0,88270.0,0.0,0.0,0.079065088,0.079065088,0.0,0.0,success,sinkhorn,0.01,100000
1D-students-6df-256p,256,256,0.0787580268892551,661,9.233471717822632e-07,,seconds,0.2457718849182129,0.0227838549762964,megabytes,88270.0,88270.0,6.0,6.0,0.079024128,0.079024128,0.0,0.0,success,sinkhorn,0.01,100000
1D-students-6df-256p,256,256,0.0837337246869411,651,9.911922420147955e-07,,seconds,0.2412045001983642,0.0227557979524135,megabytes,88270.0,88270.0,0.0,0.0,0.07901184,0.07901184,0.0,0.0,success,sinkhorn,0.01,100000
1D-students-6df-256p,256,256,0.1939867860232004,100000,0.0132380193144339,,seconds,3.0249149799346924,3.0319759901613,megabytes,88270.0,88270.0,60.0,56.07692307692308,0.107094016,0.107094016,0.803125,0.7812499999999999,success,sinkhorn,0.01,100000
1D-students-6df-256p,256,256,0.0197667180497678,701,8.728234530988631e-07,,seconds,0.2463326454162597,0.0241084713488817,megabytes,88270.0,88270.0,0.0,0.0,0.079020032,0.079020032,0.0,0.0,success,sinkhorn,0.01,100000
1D-students-6df-256p,256,256,0.0358384354868576,681,9.581048072582722e-07,,seconds,0.2477784156799316,0.0237607453018426,megabytes,88270.0,88270.0,0.0,0.0,0.078983168,0.078983168,0.0,0.0,success,sinkhorn,0.01,100000
1D-students-6df-256p,256,256,0.1337303589603461,671,9.373135334815064e-07,,seconds,0.2423920631408691,0.0229505579918622,megabytes,88270.0,88270.0,0.0,0.0,0.07911424,0.07911424,0.0,0.0,success,sinkhorn,0.01,100000
1D-students-6df-256p,256,256,0.0279430378439354,621,9.552822621554551e-07,,seconds,0.2413370609283447,0.0234636943787336,megabytes,88270.0,88270.0,0.0,0.0,0.078700544,0.078700544,0.03515625,0.03515625,success,sinkhorn,0.01,100000
1D-students-6df-256p,256,256,0.107302400735436,13881,9.938233127328658e-07,,seconds,0.5672686100006104,0.4491144977509975,megabytes,88270.0,88270.0,50.0,25.0,0.089759744,0.089759744,0.79921875,0.62109375,success,sinkhorn,0.01,100000
1D-students-6df-512p,512,512,0.1939987613923481,100000,0.0093629688430207,,seconds,3.892658948898315,3.676206592470408,megabytes,88270.0,88270.0,61.0,58.46666666666667,0.103006208,0.103006208,0.8046875,0.7296875000000002,success,sinkhorn,0.01,100000
1D-students-6df-512p,512,512,0.0787566762737202,641,8.958834153206862e-07,,seconds,0.3242583274841308,0.0258499253541231,megabytes,88270.0,88270.0,7.0,7.0,0.073158656,0.073158656,0.0,0.0,success,sinkhorn,0.01,100000
1D-students-6df-512p,512,512,0.0055684696063036,511,9.058733858827592e-07,,seconds,0.2760541439056396,0.0211463030427694,megabytes,88270.0,88270.0,0.0,0.0,0.073240576,0.073240576,0.0,0.0,success,sinkhorn,0.01,100000
1D-students-6df-512p,512,512,0.1277391020614805,341,8.826349278548162e-07,,seconds,0.2474732398986816,0.01466497592628,megabytes,88270.0,88270.0,0.0,0.0,0.073117696,0.073117696,0.0,0.0,success,sinkhorn,0.01,100000
1D-students-6df-512p,512,512,0.0141668736687834,621,9.787445706876852e-07,,seconds,0.255995512008667,0.0298785883933305,megabytes,88270.0,88270.0,7.0,7.0,0.08261632,0.08261632,0.0,0.0,success,sinkhorn,0.01,100000
1D-students-6df-512p,512,512,0.0265466876981337,591,9.696533469933684e-07,,seconds,0.3243436813354492,0.0242059547454118,megabytes,88270.0,88270.0,7.0,7.0,0.073162752,0.073162752,0.0,0.0,success,sinkhorn,0.01,100000
1D-students-6df-512p,512,512,0.0358376009579227,661,9.058075767186948e-07,,seconds,0.3631105422973633,0.0266665890812873,megabytes,88270.0,88270.0,0.0,0.0,0.073187328,0.073187328,0.0,0.0,success,sinkhorn,0.01,100000
1D-students-6df-512p,512,512,0.0139539504122002,491,9.24875767274039e-07,,seconds,0.2900478839874267,0.0225334484130144,megabytes,88270.0,88270.0,6.0,6.0,0.081252352,0.081252352,0.0,0.0,success,sinkhorn,0.01,100000
1D-students-6df-512p,512,512,0.0540780081816348,341,8.32856840248402e-07,,seconds,0.2431516647338867,0.0149797610938549,megabytes,88270.0,88270.0,0.0,0.0,0.073138176,0.073138176,0.0,0.0,success,sinkhorn,0.01,100000
1D-students-6df-512p,512,512,0.215832120346481,100000,0.0136705440639352,,seconds,3.939546823501587,3.7256985139101744,megabytes,88270.0,88270.0,60.0,55.66666666666666,0.099856384,0.099856384,0.79140625,0.7223437500000001,success,sinkhorn,0.01,100000
1D-students-6df-512p,512,512,0.0175988958827655,651,8.849627263256863e-07,,seconds,0.302476167678833,0.026261918246746,megabytes,88270.0,88270.0,7.0,7.0,0.072699904,0.072699904,0.02734375,0.02734375,success,sinkhorn,0.01,100000
1D-students-6df-512p,512,512,0.0055604873306683,561,9.860424334748306e-07,,seconds,0.2879879474639892,0.0229459200054407,megabytes,88270.0,88270.0,6.0,6.0,0.072650752,0.072650752,0.0,0.0,success,sinkhorn,0.01,100000
1D-students-6df-512p,512,512,0.0068256547133716,601,9.736940805022046e-07,,seconds,0.2885336875915527,0.0246570110321044,megabytes,88270.0,88270.0,0.0,0.0,0.072802304,0.072802304,0.0,0.0,success,sinkhorn,0.01,100000
1D-students-6df-512p,512,512,0.0052013484687203,561,9.0412095969854e-07,,seconds,0.2905488014221191,0.0230552032589912,megabytes,88270.0,88270.0,6.0,6.0,0.072687616,0.072687616,0.0,0.0,success,sinkhorn,0.01,100000
1D-students-6df-512p,512,512,0.017945849709025,641,8.74141095499208e-07,,seconds,0.2857484817504883,0.0259854383766651,megabytes,88270.0,88270.0,0.0,0.0,0.073109504,0.073109504,0.0,0.0,success,sinkhorn,0.01,100000
1D-students-6df-512p,512,512,0.1773453742254784,541,9.99583132284926e-07,,seconds,0.2861695289611816,0.0221402086317539,megabytes,88270.0,88270.0,0.0,0.0,0.07319552,0.07319552,0.0,0.0,success,sinkhorn,0.01,100000
1D-students-6df-512p,512,512,0.0150091316479659,571,9.98211763521008e-07,,seconds,0.2434024810791015,0.0234620738774538,megabytes,88270.0,88270.0,0.0,0.0,0.073162752,0.073162752,0.0,0.0,success,sinkhorn,0.01,100000
1D-students-6df-512p,512,512,0.0049175301603394,461,9.53790524529728e-07,,seconds,0.2558398246765136,0.0228246767073869,megabytes,88270.0,88270.0,5.0,5.0,0.080867328,0.080867328,0.0,0.0,success,sinkhorn,0.01,100000
1D-students-6df-512p,512,512,0.0837319394607627,631,9.64949127428838e-07,,seconds,0.3197267055511474,0.0257139131426811,megabytes,88270.0,88270.0,0.0,0.0,0.073101312,0.073101312,0.0,0.0,success,sinkhorn,0.01,100000
1D-students-6df-512p,512,512,0.0197659245950005,671,9.287626446115746e-07,,seconds,0.3522617816925049,0.0287610813975334,megabytes,88270.0,88270.0,0.0,0.0,0.073179136,0.073179136,0.0,0.0,success,sinkhorn,0.01,100000
1D-students-6df-512p,512,512,0.0667410415172402,541,9.38672542543152e-07,,seconds,0.3245217800140381,0.022178640589118,megabytes,88270.0,88270.0,0.0,0.0,0.073089024,0.073089024,0.0,0.0,success,sinkhorn,0.01,100000
1D-students-6df-512p,512,512,0.0279422830953348,601,9.22211972626088e-07,,seconds,0.2853608131408691,0.0263161640614271,megabytes,88270.0,88270.0,7.0,7.0,0.073220096,0.073220096,0.0,0.0,success,sinkhorn,0.01,100000
1D-students-6df-512p,512,512,0.1073017575047463,17271,9.967657364127388e-07,,seconds,0.7735774517059326,0.638314064592123,megabytes,88270.0,88270.0,62.0,41.333333333333336,0.084938752,0.084938752,0.784375,0.6153645833333333,success,sinkhorn,0.01,100000
1D-students-6df-512p,512,512,0.2288435940010096,100000,0.0211169931634716,,seconds,3.8124711513519287,3.6985414549708366,megabytes,88270.0,88270.0,61.0,54.875,0.099516416,0.099516416,0.8078125,0.756494140625,success,sinkhorn,0.01,100000
1D-students-6df-512p,512,512,0.3019033037530386,100000,0.011643682477072,,seconds,3.9735143184661865,3.751861250028014,megabytes,88270.0,88270.0,62.0,55.5,0.099741696,0.099741696,0.79765625,0.7310267857142857,success,sinkhorn,0.01,100000
1D-students-6df-512p,512,512,0.133728524538892,651,9.139307209102448e-07,,seconds,0.2958133220672607,0.0262106396257877,megabytes,88270.0,88270.0,0.0,0.0,0.072609792,0.072609792,0.05625,0.05625,success,sinkhorn,0.01,100000
1D-students-6df-512p,512,512,0.0096083447906111,561,9.178567201311254e-07,,seconds,0.3622739315032959,0.0229827165603637,megabytes,88270.0,88270.0,0.0,0.0,0.07262208,0.07262208,0.0,0.0,success,sinkhorn,0.01,100000
1D-students-6df-512p,512,512,0.0691012579141172,601,8.601992298376084e-07,,seconds,0.2840991020202636,0.0243971664458513,megabytes,88270.0,88270.0,0.0,0.0,0.072679424,0.072679424,0.0296875,0.0296875,success,sinkhorn,0.01,100000
1D-students-6df-512p,512,512,0.0437288997650673,641,9.16908775481905e-07,,seconds,0.2900123596191406,0.0259721111506223,megabytes,88270.0,88270.0,7.0,7.0,0.07264256,0.07264256,0.02890625,0.02890625,success,sinkhorn,0.01,100000
1D-students-6df-512p,512,512,0.1859202096918051,100000,0.0054097924859863,,seconds,3.6969289779663086,3.701886283233762,megabytes,88270.0,88270.0,61.0,54.266666666666666,0.099356672,0.099356672,0.79921875,0.7706250000000002,success,sinkhorn,0.01,100000
1D-students-6df-1024p,1024,1024,0.0052011608451527,531,9.445692584042492e-07,,seconds,0.2433662414550781,0.0220533851534128,megabytes,88270.0,88270.0,9.0,9.0,0.0729088,0.0729088,0.0,0.0,success,sinkhorn,0.01,100000
1D-students-6df-1024p,1024,1024,0.1773432674475024,531,8.592301664498217e-07,,seconds,0.2481298446655273,0.0228694714605808,megabytes,88270.0,88270.0,3.0,3.0,0.073076736,0.073076736,0.034375,0.034375,success,sinkhorn,0.01,100000
1D-students-6df-1024p,1024,1024,0.0139535655675332,471,9.156003607983844e-07,,seconds,0.2541713714599609,0.0226757731288671,megabytes,88270.0,88270.0,0.0,0.0,0.081014784,0.081014784,0.0,0.0,success,sinkhorn,0.01,100000
1D-students-6df-1024p,1024,1024,0.127737642888741,331,8.421694087070446e-07,,seconds,0.3256905078887939,0.0147881358861923,megabytes,88270.0,88270.0,4.0,4.0,0.073125888,0.073125888,0.0,0.0,success,sinkhorn,0.01,100000
1D-students-6df-1024p,1024,1024,0.0141660802882437,601,9.204628641210372e-07,,seconds,0.2407717704772949,0.0245254077017307,megabytes,88270.0,88270.0,0.0,0.0,0.072818688,0.072818688,0.0,0.0,success,sinkhorn,0.01,100000
1D-students-6df-1024p,1024,1024,0.0179444408372314,611,9.495097304041758e-07,,seconds,0.2388668060302734,0.0255495849996805,megabytes,88270.0,88270.0,0.0,0.0,0.072634368,0.072634368,0.0,0.0,success,sinkhorn,0.01,100000
1D-students-6df-1024p,1024,1024,0.0055603024852075,541,9.123032126865248e-07,,seconds,0.2543401718139648,0.0245129447430372,megabytes,88270.0,88270.0,0.0,0.0,0.081063936,0.081063936,0.0,0.0,success,sinkhorn,0.01,100000
1D-students-6df-1024p,1024,1024,0.0068253310482128,581,9.006457346956065e-07,,seconds,0.3111774921417236,0.0241614896804094,megabytes,88270.0,88270.0,7.0,7.0,0.072667136,0.072667136,0.0265625,0.0265625,success,sinkhorn,0.01,100000
1D-students-6df-1024p,1024,1024,0.0690990310630362,581,8.505422253371549e-07,,seconds,0.2851796150207519,0.0238257106393575,megabytes,88270.0,88270.0,0.0,0.0,0.072589312,0.072589312,0.0296875,0.0296875,success,sinkhorn,0.01,100000
1D-students-6df-1024p,1024,1024,0.1859186502923398,100000,0.0038247921561454,,seconds,3.92443323135376,3.735757747665048,megabytes,88270.0,88270.0,62.0,55.42857142857143,0.099536896,0.099536896,0.80703125,0.739732142857143,success,sinkhorn,0.01,100000
1D-students-6df-1024p,1024,1024,0.0667383300908951,521,9.605804978413456e-07,,seconds,0.246326208114624,0.0217709112912416,megabytes,88270.0,88270.0,6.0,6.0,0.073084928,0.073084928,0.0,0.0,success,sinkhorn,0.01,100000
1D-students-6df-1024p,1024,1024,0.3019424988261625,100000,0.0082353279775879,,seconds,3.817294120788574,3.7863217536360025,megabytes,88270.0,88270.0,61.0,56.53846153846154,0.099045376,0.099045376,0.79609375,0.7698317307692307,success,sinkhorn,0.01,100000
1D-students-6df-1024p,1024,1024,0.035835313366926,631,9.902229176983705e-07,,seconds,0.310225248336792,0.0254889000207185,megabytes,88270.0,88270.0,7.0,7.0,0.072503296,0.072503296,0.02734375,0.02734375,success,sinkhorn,0.01,100000
1D-students-6df-1024p,1024,1024,0.1940013912451926,100000,0.0066203146855547,,seconds,3.759500980377197,3.747023295611143,megabytes,88270.0,88270.0,61.0,60.2,0.099094528,0.099094528,0.81328125,0.7792708333333335,success,sinkhorn,0.01,100000
1D-students-6df-1024p,1024,1024,0.0437271916831118,621,8.780466630137121e-07,,seconds,0.3231399059295654,0.02571252733469,megabytes,88270.0,88270.0,0.0,0.0,0.072470528,0.072470528,0.0,0.0,success,sinkhorn,0.01,100000
1D-students-6df-1024p,1024,1024,0.026545377019168,571,9.40088172274508e-07,,seconds,0.3290002346038818,0.0251923147588968,megabytes,88270.0,88270.0,0.0,0.0,0.073039872,0.073039872,0.0,0.0,success,sinkhorn,0.01,100000
1D-students-6df-1024p,1024,1024,0.0049175179008602,441,8.840587766497061e-07,,seconds,0.3237862586975097,0.0187154002487659,megabytes,88270.0,88270.0,5.0,5.0,0.072986624,0.072986624,0.0,0.0,success,sinkhorn,0.01,100000
1D-students-6df-1024p,1024,1024,0.0279410738242594,581,8.902965674853878e-07,,seconds,0.3161377906799316,0.024656543508172,megabytes,88270.0,88270.0,3.0,3.0,0.072769536,0.072769536,0.0,0.0,success,sinkhorn,0.01,100000
1D-students-6df-1024p,1024,1024,0.0540776977204564,321,9.776482792083058e-07,,seconds,0.2423224449157714,0.0144789945334196,megabytes,88270.0,88270.0,0.0,0.0,0.073003008,0.073003008,0.0,0.0,success,sinkhorn,0.01,100000
1D-students-6df-1024p,1024,1024,0.0150082325887111,551,9.631465304040834e-07,,seconds,0.3167393207550049,0.023402139544487,megabytes,88270.0,88270.0,6.0,6.0,0.073027584,0.073027584,0.0,0.0,success,sinkhorn,0.01,100000
1D-students-6df-1024p,1024,1024,0.0096079608052115,541,8.727175646160317e-07,,seconds,0.320436954498291,0.022261993959546,megabytes,88270.0,88270.0,6.0,6.0,0.07303168,0.07303168,0.0,0.0,success,sinkhorn,0.01,100000
1D-students-6df-1024p,1024,1024,0.1073015994960717,21961,9.993657839796766e-07,,seconds,0.8873653411865234,0.8194367364048958,megabytes,88270.0,88270.0,61.0,39.0,0.08296448,0.08296448,0.78359375,0.7072916666666668,success,sinkhorn,0.01,100000
1D-students-6df-1024p,1024,1024,0.0175975556928511,621,9.525785875605352e-07,,seconds,0.3340044021606445,0.0255624055862426,megabytes,88270.0,88270.0,0.0,0.0,0.073117696,0.073117696,0.0,0.0,success,sinkhorn,0.01,100000
1D-students-6df-1024p,1024,1024,0.1337254073991059,631,8.911339739211163e-07,,seconds,0.3353862762451172,0.0293329935520887,megabytes,88270.0,88270.0,7.0,7.0,0.08282112,0.08282112,0.0,0.0,success,sinkhorn,0.01,100000
1D-students-6df-1024p,1024,1024,0.0055683281021893,481,9.695905532248355e-07,,seconds,0.3222084045410156,0.0229502357542514,megabytes,88270.0,88270.0,0.0,0.0,0.080953344,0.080953344,0.0,0.0,success,sinkhorn,0.01,100000
1D-students-6df-1024p,1024,1024,0.2158247736228835,100000,0.0096654520740071,,seconds,3.769401788711548,3.723475739359856,megabytes,88270.0,88270.0,61.0,56.642857142857146,0.09900032,0.09900032,0.796875,0.7681361607142857,success,sinkhorn,0.01,100000
1D-students-6df-1024p,1024,1024,0.2288313629076783,100000,0.0149333840525095,,seconds,3.825410842895508,3.712905203923583,megabytes,88270.0,88270.0,61.0,57.93333333333333,0.099057664,0.099057664,0.80859375,0.7608333333333334,success,sinkhorn,0.01,100000
1D-students-6df-1024p,1024,1024,0.0787544769117747,621,8.692432119787092e-07,,seconds,0.2577219009399414,0.025833236053586,megabytes,88270.0,88270.0,0.0,0.0,0.072470528,0.072470528,0.0,0.0,success,sinkhorn,0.01,100000
1D-students-6df-1024p,1024,1024,0.0197644327889429,641,9.88288598046798e-07,,seconds,0.2467622756958007,0.0259487200528383,megabytes,88270.0,88270.0,0.0,0.0,0.072507392,0.072507392,0.034375,0.034375,success,sinkhorn,0.01,100000
1D-students-6df-1024p,1024,1024,0.0837292836675564,611,9.394052809214132e-07,,seconds,0.2998654842376709,0.0275739561766386,megabytes,88270.0,88270.0,7.0,7.0,0.080744448,0.080744448,0.028125,0.028125,success,sinkhorn,0.01,100000
1D-students-6df-2048p,2048,2048,0.066734443474242,501,9.830038522777615e-07,,seconds,0.2482213973999023,0.0294506698846817,megabytes,88270.0,88270.0,0.0,0.0,0.081207296,0.081207296,0.03515625,0.03515625,success,sinkhorn,0.01,100000
1D-students-6df-2048p,2048,2048,0.0179430663999634,591,8.938676202028794e-07,,seconds,0.2469959259033203,0.0320415422320365,megabytes,88270.0,88270.0,0.0,0.0,0.07254016,0.07254016,0.034375,0.034375,success,sinkhorn,0.01,100000
1D-students-6df-2048p,2048,2048,0.0358330863320938,611,9.361801934247888e-07,,seconds,0.2488219738006591,0.0322726499289274,megabytes,88270.0,88270.0,11.0,11.0,0.072503296,0.072503296,0.034375,0.034375,success,sinkhorn,0.01,100000
1D-students-6df-2048p,2048,2048,0.0049174139146505,411,9.381698161281304e-07,,seconds,0.2479569911956787,0.0239440966397523,megabytes,88270.0,88270.0,0.0,0.0,0.073109504,0.073109504,0.0,0.0,success,sinkhorn,0.01,100000
1D-students-6df-2048p,2048,2048,0.1073015636970578,27441,9.99289802975586e-07,,seconds,1.4218761920928955,1.3574457615613935,megabytes,88270.0,88270.0,68.0,57.66666666666666,0.098316288,0.098316288,0.7859375,0.7397135416666666,success,sinkhorn,0.01,100000
1D-students-6df-2048p,2048,2048,0.0139529522530194,451,9.064201065494584e-07,,seconds,0.254033088684082,0.0249244216829538,megabytes,88270.0,88270.0,0.0,0.0,0.072495104,0.072495104,0.0,0.0,success,sinkhorn,0.01,100000
1D-students-6df-2048p,2048,2048,0.0197629996380508,621,9.176943350072246e-07,,seconds,0.2505302429199219,0.03376916795969,megabytes,88270.0,88270.0,5.0,5.0,0.072556544,0.072556544,0.034375,0.034375,success,sinkhorn,0.01,100000
1D-students-6df-2048p,2048,2048,0.0141642951797213,571,9.983206672107445e-07,,seconds,0.248408555984497,0.03093639947474,megabytes,88270.0,88270.0,0.0,0.0,0.072556544,0.072556544,0.06875,0.06875,success,sinkhorn,0.01,100000
1D-students-6df-2048p,2048,2048,0.0096070215035067,511,9.622342239504589e-07,,seconds,0.3332407474517822,0.0287870187312364,megabytes,88270.0,88270.0,9.0,9.0,0.072564736,0.072564736,0.0,0.0,success,sinkhorn,0.01,100000
1D-students-6df-2048p,2048,2048,0.0540774360674646,311,8.90699963214044e-07,,seconds,0.2985742092132568,0.0181110333651304,megabytes,88270.0,88270.0,5.0,5.0,0.073080832,0.073080832,0.0,0.0,success,sinkhorn,0.01,100000
1D-students-6df-2048p,2048,2048,0.1337209622030717,611,8.689056107195334e-07,,seconds,0.3143181800842285,0.0324948020279407,megabytes,88270.0,88270.0,10.0,10.0,0.07251968,0.07251968,0.05390625,0.05390625,success,sinkhorn,0.01,100000
1D-students-6df-2048p,2048,2048,0.083725577814981,591,9.145379892627028e-07,,seconds,0.254753828048706,0.0332525633275508,megabytes,88270.0,88270.0,0.0,0.0,0.072548352,0.072548352,0.0,0.0,success,sinkhorn,0.01,100000
1D-students-6df-2048p,2048,2048,0.026543529530482,551,9.114273419788814e-07,,seconds,0.2513673305511474,0.0294948387891054,megabytes,88270.0,88270.0,9.0,9.0,0.072536064,0.072536064,0.034375,0.034375,success,sinkhorn,0.01,100000
1D-students-6df-2048p,2048,2048,0.0052008285930224,501,9.86826625444299e-07,,seconds,0.24696946144104,0.0271285455673933,megabytes,88270.0,88270.0,0.0,0.0,0.072531968,0.072531968,0.034375,0.034375,success,sinkhorn,0.01,100000
1D-students-6df-2048p,2048,2048,0.17733750852001,511,8.978602671189455e-07,,seconds,0.3191151618957519,0.0281749870628118,megabytes,88270.0,88270.0,0.0,0.0,0.07254016,0.07254016,0.02578125,0.02578125,success,sinkhorn,0.01,100000
1D-students-6df-2048p,2048,2048,0.1859186253347522,100000,0.0027045246858187,,seconds,5.306406259536743,5.205146787688136,megabytes,88270.0,88270.0,66.0,60.578947368421055,0.179433472,0.179433472,0.79609375,0.7644736842105264,success,sinkhorn,0.01,100000
1D-students-6df-2048p,2048,2048,0.0068245620949972,551,9.528153319173664e-07,,seconds,0.2411820888519287,0.0314747206866741,megabytes,88270.0,88270.0,0.0,0.0,0.078508032,0.078508032,0.06953125,0.06953125,success,sinkhorn,0.01,100000
1D-students-6df-2048p,2048,2048,0.0279393782179703,561,8.594877315145368e-07,,seconds,0.3032572269439697,0.0305632669478654,megabytes,88270.0,88270.0,0.0,0.0,0.072544256,0.072544256,0.0546875,0.0546875,success,sinkhorn,0.01,100000
1D-students-6df-2048p,2048,2048,0.2158255630451133,100000,0.0068346651977203,,seconds,5.152761220932007,5.002484763041139,megabytes,88270.0,88270.0,71.0,67.70588235294117,0.102682624,0.102682624,0.81953125,0.7547794117647059,success,sinkhorn,0.01,100000
1D-students-6df-2048p,2048,2048,0.005559830178341,511,9.65522507886485e-07,,seconds,0.2954754829406738,0.0274467449635267,megabytes,88270.0,88270.0,9.0,9.0,0.072572928,0.072572928,0.028125,0.028125,success,sinkhorn,0.01,100000
1D-students-6df-2048p,2048,2048,0.0150069707557521,531,9.293162908799934e-07,,seconds,0.2974939346313476,0.0286080501973629,megabytes,88270.0,88270.0,0.0,0.0,0.072564736,0.072564736,0.028125,0.028125,success,sinkhorn,0.01,100000
1D-students-6df-2048p,2048,2048,0.0437233356228807,591,9.78506251203361e-07,,seconds,0.2928609848022461,0.0329708531498909,megabytes,88270.0,88270.0,10.0,10.0,0.07254016,0.07254016,0.02890625,0.02890625,success,sinkhorn,0.01,100000
1D-students-6df-2048p,2048,2048,0.0055681651089018,461,9.038529912970516e-07,,seconds,0.3925576210021972,0.0270252581685781,megabytes,88270.0,88270.0,8.0,8.0,0.079904768,0.079904768,0.02109375,0.02109375,success,sinkhorn,0.01,100000
1D-students-6df-2048p,2048,2048,0.0787493987066124,591,9.879479705468073e-07,,seconds,0.310147762298584,0.0321339406073093,megabytes,88270.0,88270.0,0.0,0.0,0.072552448,0.072552448,0.02734375,0.02734375,success,sinkhorn,0.01,100000
1D-students-6df-2048p,2048,2048,0.3019518863126271,100000,0.0058217870651196,,seconds,5.019968748092651,4.8994789477437735,megabytes,88270.0,88270.0,69.0,67.0,0.17944576,0.17944576,0.8015625,0.7541118421052633,success,sinkhorn,0.01,100000
1D-students-6df-2048p,2048,2048,0.1277355409883284,321,8.035559543405004e-07,,seconds,0.3293521404266357,0.0199570693075656,megabytes,88270.0,88270.0,5.0,5.0,0.07872512,0.07872512,0.0,0.0,success,sinkhorn,0.01,100000
1D-students-6df-2048p,2048,2048,0.0690939060519223,551,9.944882314307975e-07,,seconds,0.2486839294433593,0.0294249448925256,megabytes,88270.0,88270.0,0.0,0.0,0.072568832,0.072568832,0.034375,0.034375,success,sinkhorn,0.01,100000
1D-students-6df-2048p,2048,2048,0.1940020708506118,100000,0.0046812404771041,,seconds,5.087486505508423,4.983141487464309,megabytes,88270.0,88270.0,67.0,63.526315789473685,0.17938432,0.17938432,0.80703125,0.7601151315789473,success,sinkhorn,0.01,100000
1D-students-6df-2048p,2048,2048,0.0175962532278865,601,8.913464113740815e-07,,seconds,0.3232734203338623,0.0317723583430051,megabytes,88270.0,88270.0,0.0,0.0,0.072486912,0.072486912,0.02578125,0.02578125,success,sinkhorn,0.01,100000
1D-students-6df-2048p,2048,2048,0.2288331396140875,100000,0.0105589072984324,,seconds,5.162023305892944,4.951190523803234,megabytes,88270.0,88270.0,68.0,62.94736842105263,0.17952768,0.17952768,0.80234375,0.7359375,success,sinkhorn,0.01,100000
1D-students-2df-32p,32,32,0.000499845049941,8511,9.96481512926207e-07,,seconds,0.3152801990509033,0.2614793945103884,megabytes,88270.0,88270.0,28.0,28.0,0.084434944,0.084434944,0.6546875,0.6546875,success,sinkhorn,0.001,100000
1D-students-2df-32p,32,32,0.0015629441419527,5111,9.87601573523234e-07,,seconds,0.4074363708496094,0.1495897229760885,megabytes,88270.0,88270.0,38.0,38.0,0.084004864,0.084004864,0.24453125,0.24453125,success,sinkhorn,0.001,100000
1D-students-2df-32p,32,32,0.0103063835991639,100000,0.065632817807255,,seconds,2.9190187454223637,2.822687976062298,megabytes,88270.0,88270.0,60.0,56.27272727272727,0.099479552,0.099479552,0.79296875,0.7496448863636364,success,sinkhorn,0.001,100000
1D-students-2df-32p,32,32,0.0036566474213905,100000,0.037739610948793,,seconds,3.049776315689087,2.911332614719868,megabytes,88270.0,88270.0,60.0,54.4,0.09926656,0.09926656,0.78984375,0.724765625,success,sinkhorn,0.001,100000
1D-students-2df-32p,32,32,0.0104202182176443,100000,0.1017701280779724,,seconds,2.9538161754608154,2.8539461325854063,megabytes,88270.0,88270.0,60.0,52.91666666666666,0.099475456,0.099475456,0.79140625,0.7451822916666666,success,sinkhorn,0.001,100000
1D-students-2df-32p,32,32,0.0015732667512807,4011,9.789605287859185e-07,,seconds,0.2480280399322509,0.1165720801800489,megabytes,88270.0,88270.0,0.0,0.0,0.072654848,0.072654848,0.34140625,0.34140625,success,sinkhorn,0.001,100000
1D-students-2df-32p,32,32,0.0029869934949481,100000,0.0153049498598836,,seconds,3.033585548400879,2.950795069336891,megabytes,88270.0,88270.0,59.0,53.6,0.103051264,0.103051264,0.78203125,0.74859375,success,sinkhorn,0.001,100000
1D-students-2df-32p,32,32,0.0043809548662932,100000,0.1005682496510916,,seconds,3.0262725353240967,2.881364602595568,megabytes,88270.0,88270.0,60.0,52.54545454545455,0.099315712,0.099315712,0.79453125,0.7323863636363637,success,sinkhorn,0.001,100000
1D-students-2df-32p,32,32,0.0053489297235793,100000,0.0211460726338974,,seconds,2.8710808753967285,2.82176735624671,megabytes,88270.0,88270.0,60.0,54.54545454545455,0.099332096,0.099332096,0.81015625,0.764346590909091,success,sinkhorn,0.001,100000
1D-students-2df-32p,32,32,0.0029317733243443,100000,0.0225389695632981,,seconds,2.984374761581421,2.8436972685158253,megabytes,88270.0,88270.0,60.0,52.333333333333336,0.099487744,0.099487744,0.79609375,0.7264973958333334,success,sinkhorn,0.001,100000
1D-students-2df-32p,32,32,0.0042242484186896,100000,0.0579430950025705,,seconds,2.99025559425354,2.8238560911268,megabytes,88270.0,88270.0,60.0,55.41666666666666,0.099889152,0.099889152,0.796875,0.7255859375,success,sinkhorn,0.001,100000
1D-students-2df-32p,32,32,0.0039257179646152,100000,0.0322949657939715,,seconds,2.8773229122161865,2.8163300454616547,megabytes,88270.0,88270.0,60.0,54.333333333333336,0.099516416,0.099516416,0.7984375,0.7555989583333332,success,sinkhorn,0.001,100000
1D-students-2df-32p,32,32,0.0039941676686837,100000,0.046541842969701,,seconds,2.830507278442383,2.829375060275197,megabytes,88270.0,88270.0,60.0,55.54545454545455,0.099381248,0.099381248,0.803125,0.77421875,success,sinkhorn,0.001,100000
1D-students-2df-32p,32,32,0.0057922847067005,100000,0.1609122469746159,,seconds,3.041325569152832,2.8409766107797623,megabytes,88270.0,88270.0,60.0,58.583333333333336,0.099672064,0.099672064,0.803125,0.7192708333333333,success,sinkhorn,0.001,100000
1D-students-2df-32p,32,32,0.0049685446028935,100000,0.1263040452250792,,seconds,2.9299769401550293,2.82197074405849,megabytes,88270.0,88270.0,60.0,55.333333333333336,0.099352576,0.099352576,0.79375,0.7451171874999999,success,sinkhorn,0.001,100000
1D-students-2df-32p,32,32,0.0037557358150075,100000,0.0283329767320152,,seconds,3.052310943603516,2.818297104910016,megabytes,88270.0,88270.0,60.0,54.25,0.09992192,0.09992192,0.80078125,0.7134765625,success,sinkhorn,0.001,100000
1D-students-2df-32p,32,32,0.0045600678771459,100000,0.0438156193721475,,seconds,3.0549020767211914,2.8246824834495783,megabytes,88270.0,88270.0,60.0,51.46153846153846,0.100069376,0.100069376,0.815625,0.7236778846153846,success,sinkhorn,0.001,100000
1D-students-2df-32p,32,32,0.0050516500634304,100000,0.098168799314752,,seconds,2.848210573196411,2.843656262382865,megabytes,88270.0,88270.0,60.0,54.75,0.099319808,0.099319808,0.8,0.7740234374999999,success,sinkhorn,0.001,100000
1D-students-2df-32p,32,32,0.0040666788045959,100000,0.0545327984852366,,seconds,3.0821690559387207,2.85863982886076,megabytes,88270.0,88270.0,59.0,57.0,0.100118528,0.100118528,0.796875,0.7149038461538463,success,sinkhorn,0.001,100000
1D-students-2df-32p,32,32,0.0042558094710361,100000,0.0744329899246811,,seconds,2.932419538497925,2.833803189918399,megabytes,88270.0,88270.0,60.0,57.25,0.099364864,0.099364864,0.79609375,0.75234375,success,sinkhorn,0.001,100000
1D-students-2df-32p,32,32,0.0094323060465977,100000,0.2349586578848619,,seconds,2.9963457584381104,2.9082200545817614,megabytes,88270.0,88270.0,60.0,53.72727272727273,0.09918464,0.09918464,0.8046875,0.7546875,success,sinkhorn,0.001,100000
1D-students-2df-32p,32,32,0.0035692776747417,100000,0.0135570030044007,,seconds,2.9679665565490723,2.859331516548991,megabytes,88270.0,88270.0,59.0,50.583333333333336,0.099340288,0.099340288,0.80078125,0.7493489583333334,success,sinkhorn,0.001,100000
1D-students-2df-32p,32,32,0.002903951019679,100000,0.0241728743490529,,seconds,2.939147472381592,2.868859700858593,megabytes,88270.0,88270.0,59.0,54.333333333333336,0.099328,0.099328,0.80390625,0.7585937499999998,success,sinkhorn,0.001,100000
1D-students-2df-32p,32,32,0.0025173317612902,100000,0.0129954297371632,,seconds,3.065020799636841,2.8560834787786007,megabytes,88270.0,88270.0,60.0,55.25,0.099631104,0.099631104,0.80078125,0.7150390624999999,success,sinkhorn,0.001,100000
1D-students-2df-32p,32,32,0.0025157689148227,100000,0.0037335402071079,,seconds,2.9627835750579834,2.859858524054289,megabytes,88270.0,88270.0,60.0,51.75,0.099250176,0.099250176,0.7953125,0.7488932291666667,success,sinkhorn,0.001,100000
1D-students-2df-32p,32,32,0.0042697838282478,100000,0.0886758067375506,,seconds,2.866107702255249,2.8314302898943424,megabytes,88270.0,88270.0,60.0,56.91666666666666,0.099303424,0.099303424,0.8109375,0.7746744791666668,success,sinkhorn,0.001,100000
1D-students-2df-32p,32,32,0.0034460659394158,100000,0.0352601446574477,,seconds,2.91634464263916,2.878837864845991,megabytes,88270.0,88270.0,59.0,53.083333333333336,0.099377152,0.099377152,0.8,0.7677734374999999,success,sinkhorn,0.001,100000
1D-students-2df-32p,32,32,0.004334658279687,100000,0.0594911847447481,,seconds,2.84817886352539,2.847668981179595,megabytes,88270.0,88270.0,60.0,57.25,0.099168256,0.099168256,0.7984375,0.77578125,success,sinkhorn,0.001,100000
1D-students-2df-32p,32,32,0.0013436062293233,4231,9.85570703818319e-07,,seconds,0.3450441360473633,0.1281981617212295,megabytes,88270.0,88270.0,4.0,4.0,0.072667136,0.072667136,0.22421875,0.22421875,success,sinkhorn,0.001,100000
1D-students-2df-32p,32,32,0.0031523918965698,100000,0.0251638024614005,,seconds,2.8393688201904297,2.8442777022719383,megabytes,88270.0,88270.0,60.0,54.36363636363637,0.0992256,0.0992256,0.80390625,0.7844460227272727,success,sinkhorn,0.001,100000
1D-students-2df-64p,64,64,0.0023639477542147,100000,0.0039652739650494,,seconds,2.9751226902008057,2.8604717906564474,megabytes,88270.0,88270.0,60.0,57.16666666666666,0.099311616,0.099311616,0.79609375,0.7399739583333335,success,sinkhorn,0.001,100000
1D-students-2df-64p,64,64,0.0030774422857581,100000,0.0168978092931261,,seconds,2.8770039081573486,2.8280056826770306,megabytes,88270.0,88270.0,60.0,56.333333333333336,0.099364864,0.099364864,0.80546875,0.7614583333333335,success,sinkhorn,0.001,100000
1D-students-2df-64p,64,64,0.0027128989276712,100000,0.0091027059707167,,seconds,3.1043593883514404,2.880996009334922,megabytes,88270.0,88270.0,60.0,52.91666666666666,0.100081664,0.100081664,0.796875,0.7178385416666666,success,sinkhorn,0.001,100000
1D-students-2df-64p,64,64,0.0039110754169938,100000,0.0231326958762793,,seconds,2.980146169662476,2.8370870370417838,megabytes,88270.0,88270.0,60.0,55.0,0.099385344,0.099385344,0.79765625,0.7369791666666666,success,sinkhorn,0.001,100000
1D-students-2df-64p,64,64,0.0058676060272668,100000,0.1133204424818062,,seconds,3.060047149658203,2.9011745043098927,megabytes,88270.0,88270.0,60.0,55.72727272727273,0.099622912,0.099622912,0.79296875,0.7360795454545456,success,sinkhorn,0.001,100000
1D-students-2df-64p,64,64,0.0051223407716023,100000,0.015592194632741,,seconds,2.960987329483032,2.811712333932519,megabytes,88270.0,88270.0,60.0,53.5,0.099426304,0.099426304,0.79453125,0.7292968750000001,success,sinkhorn,0.001,100000
1D-students-2df-64p,64,64,0.0039993286114983,100000,0.0389443320311373,,seconds,2.8755385875701904,2.866425009444356,megabytes,88270.0,88270.0,60.0,58.083333333333336,0.099487744,0.099487744,0.8109375,0.7798828125,success,sinkhorn,0.001,100000
1D-students-2df-64p,64,64,0.0037012908884062,100000,0.0267018773868083,,seconds,2.961302757263184,2.827201860025525,megabytes,88270.0,88270.0,60.0,55.083333333333336,0.099438592,0.099438592,0.79765625,0.7358723958333332,success,sinkhorn,0.001,100000
1D-students-2df-64p,64,64,0.0031258985836447,100000,0.0108926691742585,,seconds,3.010384082794189,2.8422466069459915,megabytes,88270.0,88270.0,61.0,55.0,0.099434496,0.099434496,0.79375,0.7423828124999998,success,sinkhorn,0.001,100000
1D-students-2df-64p,64,64,0.0045071143920645,100000,0.041978056279049,,seconds,2.835840940475464,2.829948091879487,megabytes,88270.0,88270.0,61.0,57.54545454545455,0.099352576,0.099352576,0.809375,0.7805397727272727,success,sinkhorn,0.001,100000
1D-students-2df-64p,64,64,0.0005775435223843,5241,9.936389951409944e-07,,seconds,0.2498118877410888,0.1549646183848381,megabytes,88270.0,88270.0,2.0,2.0,0.083767296,0.083767296,0.48203125,0.48203125,success,sinkhorn,0.001,100000
1D-students-2df-64p,64,64,0.005296143944106,100000,0.0692413631551004,,seconds,2.951490640640259,2.8205856792628765,megabytes,88270.0,88270.0,61.0,52.75,0.099397632,0.099397632,0.80234375,0.7434895833333334,success,sinkhorn,0.001,100000
1D-students-2df-64p,64,64,0.0040093950759848,100000,0.0330392283878141,,seconds,2.87771987915039,2.8366638515144587,megabytes,88270.0,88270.0,61.0,58.5,0.099274752,0.099274752,0.8,0.7788411458333333,success,sinkhorn,0.001,100000
1D-students-2df-64p,64,64,0.0045692631064506,100000,0.0711838591503751,,seconds,3.042596340179444,2.832895528525114,megabytes,88270.0,88270.0,61.0,55.833333333333336,0.103428096,0.103428096,0.796875,0.7178385416666666,success,sinkhorn,0.001,100000
1D-students-2df-64p,64,64,0.009937951529778,100000,0.0456827634640383,,seconds,2.933152437210083,2.833197981119156,megabytes,88270.0,88270.0,61.0,55.91666666666666,0.099311616,0.099311616,0.7953125,0.7453776041666665,success,sinkhorn,0.001,100000
1D-students-2df-64p,64,64,0.0041925865823112,100000,0.0527171459337629,,seconds,3.01221227645874,2.818264503031969,megabytes,88270.0,88270.0,61.0,55.66666666666666,0.099364864,0.099364864,0.79921875,0.7311848958333332,success,sinkhorn,0.001,100000
1D-students-2df-64p,64,64,0.0031208408419441,100000,0.015620170651546,,seconds,2.930749893188477,2.8387368749827147,megabytes,88270.0,88270.0,61.0,54.41666666666666,0.099295232,0.099295232,0.8046875,0.7600260416666668,success,sinkhorn,0.001,100000
1D-students-2df-64p,64,64,0.0035523511396773,100000,0.0250225712992988,,seconds,2.937519788742065,2.824903029948473,megabytes,88270.0,88270.0,60.0,56.333333333333336,0.099336192,0.099336192,0.7984375,0.7506510416666669,success,sinkhorn,0.001,100000
1D-students-2df-64p,64,64,0.0010399127135264,6421,9.870914840789791e-07,,seconds,0.3069775104522705,0.1853933446109295,megabytes,88270.0,88270.0,40.0,40.0,0.072552448,0.072552448,0.43359375,0.43359375,success,sinkhorn,0.001,100000
1D-students-2df-64p,64,64,0.0032891252869888,100000,0.0175527010403622,,seconds,2.967167377471924,2.8312130384147167,megabytes,88270.0,88270.0,60.0,55.0,0.099262464,0.099262464,0.803125,0.7423177083333332,success,sinkhorn,0.001,100000
1D-students-2df-64p,64,64,0.0091184193070287,100000,0.1668042369754727,,seconds,3.100972890853882,2.8823314495384693,megabytes,88270.0,88270.0,61.0,51.45454545454545,0.099807232,0.099807232,0.8015625,0.7064630681818181,success,sinkhorn,0.001,100000
1D-students-2df-64p,64,64,0.0035504672845419,100000,0.0098273497334431,,seconds,2.935112237930298,2.8752970211207867,megabytes,88270.0,88270.0,60.0,53.36363636363637,0.099115008,0.099115008,0.8015625,0.7678267045454544,success,sinkhorn,0.001,100000
1D-students-2df-64p,64,64,0.0013156142633016,5591,9.977747168518009e-07,,seconds,0.2448480129241943,0.1618796996772289,megabytes,88270.0,88270.0,0.0,0.0,0.07237632,0.07237632,0.4875,0.4875,success,sinkhorn,0.001,100000
1D-students-2df-64p,64,64,0.0036405869949951,100000,0.0203673463297909,,seconds,3.017958164215088,2.830857859924436,megabytes,88270.0,88270.0,60.0,51.41666666666666,0.099713024,0.099713024,0.82734375,0.7216796875,success,sinkhorn,0.001,100000
1D-students-2df-64p,64,64,0.0051624867253234,100000,0.0894630496975689,,seconds,2.860656261444092,2.8533555138856173,megabytes,88270.0,88270.0,61.0,55.16666666666666,0.099356672,0.099356672,0.7921875,0.7740234375,success,sinkhorn,0.001,100000
1D-students-2df-64p,64,64,0.0044860309709073,100000,0.0312048022992785,,seconds,2.9224090576171875,2.8288760166615248,megabytes,88270.0,88270.0,61.0,55.16666666666666,0.099385344,0.099385344,0.8015625,0.7520182291666667,success,sinkhorn,0.001,100000
1D-students-2df-64p,64,64,0.0044809117093013,100000,0.0626382998332446,,seconds,2.9038994312286377,2.837275044992566,megabytes,88270.0,88270.0,61.0,56.0,0.099278848,0.099278848,0.80234375,0.7643880208333335,success,sinkhorn,0.001,100000
1D-students-2df-64p,64,64,0.004108290382908,100000,0.0410294917305499,,seconds,3.1074650287628174,2.889872943982482,megabytes,88270.0,88270.0,61.0,55.333333333333336,0.099958784,0.099958784,0.78671875,0.7031901041666666,success,sinkhorn,0.001,100000
1D-students-2df-64p,64,64,0.0101464480439753,100000,0.0721121862100979,,seconds,2.9162957668304443,2.8537150286138058,megabytes,88270.0,88270.0,61.0,55.66666666666666,0.099229696,0.099229696,0.79765625,0.7598307291666666,success,sinkhorn,0.001,100000
1D-students-2df-64p,64,64,0.0012528325476853,6391,9.914311499291303e-07,,seconds,0.3342790603637695,0.1836130935698747,megabytes,88270.0,88270.0,49.0,49.0,0.07235584,0.07235584,0.39921875,0.39921875,success,sinkhorn,0.001,100000
1D-students-2df-128p,128,128,0.0037049895694584,100000,0.0189380363233061,,seconds,3.049601793289185,2.866450471803546,megabytes,88270.0,88270.0,61.0,55.75,0.099508224,0.099508224,0.796875,0.7244791666666667,success,sinkhorn,0.001,100000
1D-students-2df-128p,128,128,0.0039107795369963,100000,0.0163219602514985,,seconds,2.9997777938842773,2.887661948800087,megabytes,88270.0,88270.0,61.0,52.75,0.099147776,0.099147776,0.7984375,0.7524088541666666,success,sinkhorn,0.001,100000
1D-students-2df-128p,128,128,0.0053009157411299,100000,0.0489917930516233,,seconds,2.9743049144744877,2.916201217100024,megabytes,88270.0,88270.0,61.0,55.81818181818182,0.099127296,0.099127296,0.80390625,0.75859375,success,sinkhorn,0.001,100000
1D-students-2df-128p,128,128,0.0058513707936152,100000,0.0802544382590332,,seconds,3.0589795112609863,2.8709542378783226,megabytes,88270.0,88270.0,61.0,56.53846153846154,0.099643392,0.099643392,0.8046875,0.7310096153846153,success,sinkhorn,0.001,100000
1D-students-2df-128p,128,128,0.004105334497493,100000,0.0289474236516361,,seconds,2.912034034729004,2.884725648909807,megabytes,88270.0,88270.0,61.0,55.45454545454545,0.099160064,0.099160064,0.7890625,0.7649857954545454,success,sinkhorn,0.001,100000
1D-students-2df-128p,128,128,0.0051679565136368,100000,0.0633091573007833,,seconds,2.915271520614624,2.900800945237279,megabytes,88270.0,88270.0,61.0,58.36363636363637,0.099127296,0.099127296,0.7890625,0.7723721590909091,success,sinkhorn,0.001,100000
1D-students-2df-128p,128,128,0.0035516000516872,100000,0.0070098214128292,,seconds,2.940247774124145,2.878375127911568,megabytes,88270.0,88270.0,61.0,54.41666666666666,0.099201024,0.099201024,0.81015625,0.7600911458333334,success,sinkhorn,0.001,100000
1D-students-2df-128p,128,128,0.0045158167167659,100000,0.0297683719910925,,seconds,3.079916000366211,2.86849950440228,megabytes,88270.0,88270.0,61.0,55.15384615384615,0.099684352,0.099684352,0.8015625,0.7221153846153847,success,sinkhorn,0.001,100000
1D-students-2df-128p,128,128,0.0027143984114369,100000,0.006465598612118,,seconds,3.092080354690552,2.868830621242523,megabytes,88270.0,88270.0,61.0,56.25,0.099803136,0.099803136,0.80546875,0.7144531249999999,success,sinkhorn,0.001,100000
1D-students-2df-128p,128,128,0.0013166559809646,5351,9.902377440866815e-07,,seconds,0.243201732635498,0.1550205089151859,megabytes,88270.0,88270.0,0.0,0.0,0.072364032,0.072364032,0.4515625,0.4515625,success,sinkhorn,0.001,100000
1D-students-2df-128p,128,128,0.0035530114378245,100000,0.017679807608533,,seconds,3.070587396621704,2.860224535688758,megabytes,88270.0,88270.0,61.0,57.61538461538461,0.099586048,0.099586048,0.79609375,0.7141225961538461,success,sinkhorn,0.001,100000
1D-students-2df-128p,128,128,0.0041980342464409,100000,0.0373061353350799,,seconds,2.9275500774383545,2.832124287262559,megabytes,88270.0,88270.0,62.0,57.66666666666666,0.099172352,0.099172352,0.803125,0.7498697916666667,success,sinkhorn,0.001,100000
1D-students-2df-128p,128,128,0.0044838851626506,100000,0.0443395071205247,,seconds,2.9570233821868896,2.875328905880451,megabytes,88270.0,88270.0,61.0,55.91666666666666,0.099168256,0.099168256,0.80703125,0.7571614583333331,success,sinkhorn,0.001,100000
1D-students-2df-128p,128,128,0.0044905335334291,100000,0.0220938273832329,,seconds,2.877912759780884,2.859351672232151,megabytes,88270.0,88270.0,62.0,53.0,0.103010304,0.103010304,0.79296875,0.7721354166666666,success,sinkhorn,0.001,100000
1D-students-2df-128p,128,128,0.0036395576842128,100000,0.0143807563254871,,seconds,2.915754556655884,2.868877185508609,megabytes,88270.0,88270.0,61.0,54.16666666666666,0.099147776,0.099147776,0.8,0.7685546875,success,sinkhorn,0.001,100000
1D-students-2df-128p,128,128,0.009936536661447,100000,0.0326366124644544,,seconds,2.8695778846740723,2.865929391235113,megabytes,88270.0,88270.0,61.0,54.91666666666666,0.099217408,0.099217408,0.79609375,0.7774088541666667,success,sinkhorn,0.001,100000
1D-students-2df-128p,128,128,0.010121649590333,100000,0.0512598825280237,,seconds,3.1567482948303223,2.9530100133270025,megabytes,88270.0,88270.0,60.0,58.5,0.09908224,0.09908224,0.796875,0.7275000000000001,success,sinkhorn,0.001,100000
1D-students-2df-128p,128,128,0.001254099675117,6131,9.903415578091337e-07,,seconds,0.2499423027038574,0.179508451372385,megabytes,88270.0,88270.0,0.0,0.0,0.072351744,0.072351744,0.55078125,0.55078125,success,sinkhorn,0.001,100000
1D-students-2df-128p,128,128,0.0032911747633363,100000,0.0124473547966598,,seconds,3.000061273574829,2.884944910183549,megabytes,88270.0,88270.0,60.0,52.083333333333336,0.099172352,0.099172352,0.79765625,0.7447265625,success,sinkhorn,0.001,100000
1D-students-2df-128p,128,128,0.0030798869521242,100000,0.0119872558138322,,seconds,2.868964195251465,2.8422863222658634,megabytes,88270.0,88270.0,61.0,56.333333333333336,0.099151872,0.099151872,0.79921875,0.7699869791666667,success,sinkhorn,0.001,100000
1D-students-2df-128p,128,128,0.003122299093855,100000,0.0110985798266724,,seconds,3.0564286708831787,2.9217496532946825,megabytes,88270.0,88270.0,61.0,55.45454545454545,0.099090432,0.099090432,0.78828125,0.7400568181818182,success,sinkhorn,0.001,100000
1D-students-2df-128p,128,128,0.0045626903257552,100000,0.0503755316956853,,seconds,2.896559476852417,2.8689302783459425,megabytes,88270.0,88270.0,61.0,55.66666666666666,0.099180544,0.099180544,0.796875,0.7706380208333332,success,sinkhorn,0.001,100000
1D-students-2df-128p,128,128,0.0039965110627576,100000,0.027471118154416,,seconds,2.91772723197937,2.896365214139223,megabytes,88270.0,88270.0,60.0,56.25,0.099258368,0.099258368,0.80234375,0.7731770833333332,success,sinkhorn,0.001,100000
1D-students-2df-128p,128,128,0.0031245407079928,100000,0.0076575008530592,,seconds,2.927438735961914,2.89184745028615,megabytes,88270.0,88270.0,60.0,56.083333333333336,0.099364864,0.099364864,0.79609375,0.7694661458333334,success,sinkhorn,0.001,100000
1D-students-2df-128p,128,128,0.0091130079735277,100000,0.1179792324572008,,seconds,2.9311671257019043,2.83598673902452,megabytes,88270.0,88270.0,61.0,53.75,0.09926656,0.09926656,0.8015625,0.7531249999999999,success,sinkhorn,0.001,100000
1D-students-2df-128p,128,128,0.0040067844540901,100000,0.023309535423621,,seconds,2.9578616619110107,2.877172000706196,megabytes,88270.0,88270.0,61.0,58.66666666666666,0.099155968,0.099155968,0.8046875,0.7683593750000001,success,sinkhorn,0.001,100000
1D-students-2df-128p,128,128,0.0051252332969177,100000,0.0111289940539546,,seconds,3.0654871463775635,2.865323793143034,megabytes,88270.0,88270.0,61.0,54.07692307692308,0.103354368,0.103354368,0.80390625,0.7265024038461539,success,sinkhorn,0.001,100000
1D-students-2df-128p,128,128,0.0010412202720191,6151,9.91522449929693e-07,,seconds,0.2467837333679199,0.1774296909570694,megabytes,88270.0,88270.0,0.0,0.0,0.072257536,0.072257536,0.5203125,0.5203125,success,sinkhorn,0.001,100000
1D-students-2df-128p,128,128,0.0023651097390917,100000,0.0030742886324518,,seconds,3.1002843379974365,2.907761935144663,megabytes,88270.0,88270.0,60.0,57.69230769230769,0.099598336,0.099598336,0.79765625,0.7254807692307692,success,sinkhorn,0.001,100000
1D-students-2df-128p,128,128,0.000578660919259,4991,9.913697214431262e-07,,seconds,0.2474019527435302,0.1469500698149204,megabytes,88270.0,88270.0,0.0,0.0,0.072220672,0.072220672,0.4109375,0.4109375,success,sinkhorn,0.001,100000
1D-students-2df-256p,256,256,0.0035536125483038,100000,0.0125084536718729,,seconds,3.319550037384033,3.179615089669824,megabytes,88270.0,88270.0,57.0,50.0,0.099823616,0.099823616,0.8125,0.7347098214285713,success,sinkhorn,0.001,100000
1D-students-2df-256p,256,256,0.0013168467452553,5101,9.95551295079547e-07,,seconds,0.249269962310791,0.1693927980959415,megabytes,88270.0,88270.0,23.0,23.0,0.07235584,0.07235584,0.48515625,0.48515625,success,sinkhorn,0.001,100000
1D-students-2df-256p,256,256,0.0039115199198042,100000,0.0115497933669263,,seconds,3.331359624862671,3.1855717934668064,megabytes,88270.0,88270.0,57.0,52.142857142857146,0.09986048,0.09986048,0.80625,0.7478236607142856,success,sinkhorn,0.001,100000
1D-students-2df-256p,256,256,0.0005788461775971,4741,9.889088223683494e-07,,seconds,0.2476685047149658,0.1586294453591108,megabytes,88270.0,88270.0,0.0,0.0,0.072278016,0.072278016,0.51171875,0.51171875,success,sinkhorn,0.001,100000
1D-students-2df-256p,256,256,0.0041984134538705,100000,0.0263866629828604,,seconds,3.2586758136749268,3.050450013950467,megabytes,88270.0,88270.0,60.0,52.90909090909091,0.103858176,0.103858176,0.82734375,0.7220170454545456,success,sinkhorn,0.001,100000
1D-students-2df-256p,256,256,0.002714756134916,100000,0.004576911143144,,seconds,3.229649066925049,3.047917461022734,megabytes,88270.0,88270.0,60.0,54.54545454545455,0.103903232,0.103903232,0.8,0.7276988636363637,success,sinkhorn,0.001,100000
1D-students-2df-256p,256,256,0.0045647205160323,100000,0.0356283644004232,,seconds,3.1481034755706787,2.986882779747248,megabytes,88270.0,88270.0,60.0,55.38461538461539,0.103497728,0.103497728,0.80703125,0.7581730769230769,success,sinkhorn,0.001,100000
1D-students-2df-256p,256,256,0.0051688515624185,100000,0.0447630645050191,,seconds,3.16242790222168,3.0504315830767155,megabytes,88270.0,88270.0,60.0,50.61538461538461,0.103542784,0.103542784,0.7984375,0.7626802884615385,success,sinkhorn,0.001,100000
1D-students-2df-256p,256,256,0.0030801580424224,100000,0.0084838157095361,,seconds,3.167975902557373,3.124382458627224,megabytes,88270.0,88270.0,58.0,53.84615384615385,0.099807232,0.099807232,0.81015625,0.7677283653846154,success,sinkhorn,0.001,100000
1D-students-2df-256p,256,256,0.0012541827654882,5871,9.947406056516758e-07,,seconds,0.2457458972930908,0.1818617358803749,megabytes,88270.0,88270.0,29.0,29.0,0.082771968,0.082771968,0.58984375,0.58984375,success,sinkhorn,0.001,100000
1D-students-2df-256p,256,256,0.0051264374180359,100000,0.0078941297015014,,seconds,3.096072196960449,3.029547084122896,megabytes,88270.0,88270.0,60.0,57.15384615384615,0.103522304,0.103522304,0.80390625,0.7607572115384615,success,sinkhorn,0.001,100000
1D-students-2df-256p,256,256,0.0058541386408813,100000,0.0567296890147103,,seconds,3.320241689682007,3.125257443636656,megabytes,88270.0,88270.0,60.0,52.63636363636363,0.099975168,0.099975168,0.80234375,0.7183238636363636,success,sinkhorn,0.001,100000
1D-students-2df-256p,256,256,0.0010413334063921,5891,9.875975883524436e-07,,seconds,0.2464296817779541,0.1875435467809438,megabytes,88270.0,88270.0,0.0,0.0,0.072249344,0.072249344,0.5828125,0.5828125,success,sinkhorn,0.001,100000
1D-students-2df-256p,256,256,0.0044853889579851,100000,0.0313638373490977,,seconds,3.323873519897461,3.293320203199982,megabytes,88270.0,88270.0,56.0,53.35714285714285,0.099815424,0.099815424,0.80234375,0.7705915178571427,success,sinkhorn,0.001,100000
1D-students-2df-256p,256,256,0.0037054797286213,100000,0.0133935571861295,,seconds,3.324472665786743,3.160035785287618,megabytes,88270.0,88270.0,58.0,52.35714285714285,0.100098048,0.100098048,0.79375,0.7310267857142857,success,sinkhorn,0.001,100000
1D-students-2df-256p,256,256,0.0045157060824055,100000,0.0210574427575596,,seconds,3.336699724197388,3.2344175558537245,megabytes,88270.0,88270.0,56.0,50.785714285714285,0.09979904,0.09979904,0.7984375,0.7464285714285712,success,sinkhorn,0.001,100000
1D-students-2df-256p,256,256,0.0031222407304033,100000,0.0078406288898725,,seconds,3.2584142684936523,3.0997409354895358,megabytes,88270.0,88270.0,60.0,57.81818181818182,0.10371072,0.10371072,0.8046875,0.7348011363636363,success,sinkhorn,0.001,100000
1D-students-2df-256p,256,256,0.0053022118181532,100000,0.0346508119651413,,seconds,3.1069953441619877,3.0797063149511814,megabytes,88270.0,88270.0,59.0,54.38461538461539,0.103456768,0.103456768,0.79765625,0.7759014423076922,success,sinkhorn,0.001,100000
1D-students-2df-256p,256,256,0.0040066888340789,100000,0.0164821181006936,,seconds,3.323789358139038,3.150690941140056,megabytes,88270.0,88270.0,58.0,51.5,0.100159488,0.100159488,0.80078125,0.7339843750000001,success,sinkhorn,0.001,100000
1D-students-2df-256p,256,256,0.0023652230016827,100000,0.0022005172722192,,seconds,3.370614528656006,3.2233651652932167,megabytes,88270.0,88270.0,56.0,51.92857142857143,0.09990144,0.09990144,0.7984375,0.7404575892857144,success,sinkhorn,0.001,100000
1D-students-2df-256p,256,256,0.0099386795192429,100000,0.0230115511003697,,seconds,3.3328001499176025,3.1636273209005594,megabytes,88270.0,88270.0,58.0,52.57142857142857,0.100159488,0.100159488,0.8,0.7309709821428572,success,sinkhorn,0.001,100000
1D-students-2df-256p,256,256,0.0041062263818382,100000,0.0204796716850992,,seconds,3.328320026397705,3.264695866033435,megabytes,88270.0,88270.0,56.0,51.92857142857143,0.099872768,0.099872768,0.815625,0.7674665178571429,success,sinkhorn,0.001,100000
1D-students-2df-256p,256,256,0.0032915885428286,100000,0.0088073278311724,,seconds,3.216284275054932,3.0124004762619734,megabytes,88270.0,88270.0,60.0,55.53846153846154,0.103849984,0.103849984,0.79921875,0.7196514423076922,success,sinkhorn,0.001,100000
1D-students-2df-256p,256,256,0.0031248566643688,100000,0.0054210290845981,,seconds,3.318690061569214,3.281855873763561,megabytes,88270.0,88270.0,56.0,50.642857142857146,0.099598336,0.099598336,0.796875,0.7675781250000001,success,sinkhorn,0.001,100000
1D-students-2df-256p,256,256,0.0035510823600034,100000,0.0049286390179777,,seconds,3.1698014736175537,3.15600748360157,megabytes,88270.0,88270.0,58.0,52.61538461538461,0.099622912,0.099622912,0.80859375,0.7708533653846155,success,sinkhorn,0.001,100000
1D-students-2df-256p,256,256,0.0091028663078432,100000,0.0830497809709515,,seconds,3.374943971633911,3.28543559089303,megabytes,88270.0,88270.0,56.0,50.785714285714285,0.099733504,0.099733504,0.8015625,0.7603236607142857,success,sinkhorn,0.001,100000
1D-students-2df-256p,256,256,0.0036388429091949,100000,0.0101597814105167,,seconds,3.1158273220062256,3.0241626650094986,megabytes,88270.0,88270.0,60.0,53.61538461538461,0.103514112,0.103514112,0.80859375,0.7567908653846155,success,sinkhorn,0.001,100000
1D-students-2df-256p,256,256,0.0039963802729507,100000,0.0194339207211196,,seconds,3.3758983612060547,3.292604301124811,megabytes,88270.0,88270.0,56.0,50.71428571428572,0.099815424,0.099815424,0.79921875,0.7595982142857142,success,sinkhorn,0.001,100000
1D-students-2df-256p,256,256,0.0101243653773397,100000,0.0362229222286264,,seconds,3.339073657989502,3.1703089270740747,megabytes,88270.0,88270.0,58.0,51.642857142857146,0.100073472,0.100073472,0.8,0.7318638392857143,success,sinkhorn,0.001,100000
1D-students-2df-256p,256,256,0.0044917915235165,100000,0.0156303678508554,,seconds,3.357362747192383,3.2710727099329238,megabytes,88270.0,88270.0,59.0,50.15384615384615,0.099680256,0.099680256,0.79453125,0.7623798076923077,success,sinkhorn,0.001,100000
1D-students-2df-512p,512,512,0.0031248089441942,100000,0.003831656261029,,seconds,3.684551477432251,3.6860986556857824,megabytes,88270.0,88270.0,61.0,56.93333333333333,0.101302272,0.101302272,0.8,0.7842187500000001,success,sinkhorn,0.001,100000
1D-students-2df-512p,512,512,0.0035512230692748,100000,0.0034886764737728,,seconds,3.703333139419556,3.6999188978224993,megabytes,88270.0,88270.0,61.0,56.53333333333333,0.101285888,0.101285888,0.79765625,0.7786979166666665,success,sinkhorn,0.001,100000
1D-students-2df-512p,512,512,0.0039964908199325,100000,0.0137418519499305,,seconds,3.8809196949005127,3.683612525463104,megabytes,88270.0,88270.0,61.0,57.6875,0.101711872,0.101711872,0.7984375,0.732568359375,success,sinkhorn,0.001,100000
1D-students-2df-512p,512,512,0.0012540116680203,5611,9.991829642585777e-07,,seconds,0.2512297630310058,0.2089558858424425,megabytes,88270.0,88270.0,0.0,0.0,0.072298496,0.072298496,0.6171875,0.6171875,success,sinkhorn,0.001,100000
1D-students-2df-512p,512,512,0.0058529094793287,100000,0.0401089484321485,,seconds,3.8091676235198975,3.680581599473953,megabytes,88270.0,88270.0,61.0,56.8125,0.105074688,0.105074688,0.8015625,0.7484375,success,sinkhorn,0.001,100000
1D-students-2df-512p,512,512,0.0010411961142265,5621,9.967503794713097e-07,,seconds,0.2431371212005615,0.209852585569024,megabytes,88270.0,88270.0,0.0,0.0,0.072286208,0.072286208,0.66171875,0.66171875,success,sinkhorn,0.001,100000
1D-students-2df-512p,512,512,0.0045161299618311,100000,0.0148944026044025,,seconds,3.731281042098999,3.703586546704173,megabytes,88270.0,88270.0,61.0,57.4,0.101277696,0.101277696,0.796875,0.7722395833333332,success,sinkhorn,0.001,100000
1D-students-2df-512p,512,512,0.0044921199809688,100000,0.0110538821665437,,seconds,3.8049376010894775,3.706432549282909,megabytes,88270.0,88270.0,61.0,55.6875,0.101748736,0.101748736,0.803125,0.7569824218749999,success,sinkhorn,0.001,100000
1D-students-2df-512p,512,512,0.0037054972460908,100000,0.0094711842827217,,seconds,3.830367565155029,3.672479134052992,megabytes,88270.0,88270.0,61.0,57.25,0.101957632,0.101957632,0.79765625,0.7456542968750001,success,sinkhorn,0.001,100000
1D-students-2df-512p,512,512,0.0030802844168245,100000,0.0060003169057452,,seconds,3.8704795837402335,3.6942657567560673,megabytes,88270.0,88270.0,61.0,54.75,0.102158336,0.102158336,0.7984375,0.7349121093750001,success,sinkhorn,0.001,100000
1D-students-2df-512p,512,512,0.0027148125373447,100000,0.0032372733002355,,seconds,3.801700592041016,3.70505347289145,megabytes,88270.0,88270.0,61.0,56.9375,0.101769216,0.101769216,0.8015625,0.762109375,success,sinkhorn,0.001,100000
1D-students-2df-512p,512,512,0.0045647421034524,100000,0.0251906415078438,,seconds,3.970438003540039,3.767347237095237,megabytes,88270.0,88270.0,60.0,55.35714285714285,0.101597184,0.101597184,0.79453125,0.7451450892857144,success,sinkhorn,0.001,100000
1D-students-2df-512p,512,512,0.0099395285577274,100000,0.0162673494712893,,seconds,3.802694797515869,3.67817660048604,megabytes,88270.0,88270.0,61.0,55.5625,0.101756928,0.101756928,0.803125,0.7539550781249998,success,sinkhorn,0.001,100000
1D-students-2df-512p,512,512,0.0044853292034536,100000,0.0221798436414607,,seconds,3.84965443611145,3.688388811424375,megabytes,88270.0,88270.0,61.0,54.5,0.101838848,0.101838848,0.8078125,0.7475097656249999,success,sinkhorn,0.001,100000
1D-students-2df-512p,512,512,0.0013168101614761,4861,9.869634777801866e-07,,seconds,0.2473049163818359,0.1847349032759666,megabytes,88270.0,88270.0,0.0,0.0,0.081534976,0.081534976,0.58671875,0.58671875,success,sinkhorn,0.001,100000
1D-students-2df-512p,512,512,0.0041062669201225,100000,0.0144833820637834,,seconds,3.875512838363648,3.6912527810782194,megabytes,88270.0,88270.0,61.0,57.5625,0.101982208,0.101982208,0.79921875,0.7392089843749999,success,sinkhorn,0.001,100000
1D-students-2df-512p,512,512,0.0039117105362981,100000,0.0081685461447742,,seconds,3.693305015563965,3.683919496834278,megabytes,88270.0,88270.0,61.0,55.53333333333333,0.101609472,0.101609472,0.80234375,0.7776041666666667,success,sinkhorn,0.001,100000
1D-students-2df-512p,512,512,0.0051264822815496,100000,0.005582593004784,,seconds,3.832008600234986,3.673951556906104,megabytes,88270.0,88270.0,61.0,56.8125,0.105439232,0.105439232,0.79921875,0.745947265625,success,sinkhorn,0.001,100000
1D-students-2df-512p,512,512,0.0041987004908502,100000,0.0186595363901929,,seconds,3.857763767242432,3.685776868835092,megabytes,88270.0,88270.0,60.0,54.4375,0.101986304,0.101986304,0.7984375,0.73994140625,success,sinkhorn,0.001,100000
1D-students-2df-512p,512,512,0.0035537658658355,100000,0.0088460688912626,,seconds,3.811919927597046,3.731514612212777,megabytes,88270.0,88270.0,61.0,55.66666666666666,0.101707776,0.101707776,0.8,0.7673958333333334,success,sinkhorn,0.001,100000
1D-students-2df-512p,512,512,0.0031223534871753,100000,0.0055462977857224,,seconds,3.8652522563934326,3.6835979484021664,megabytes,88270.0,88270.0,61.0,55.25,0.102121472,0.102121472,0.81171875,0.7435058593749998,success,sinkhorn,0.001,100000
1D-students-2df-512p,512,512,0.0053014535232822,100000,0.0245006654733639,,seconds,3.82265043258667,3.7030033227056265,megabytes,88270.0,88270.0,61.0,56.5,0.10174464,0.10174464,0.80078125,0.7529785156249998,success,sinkhorn,0.001,100000
1D-students-2df-512p,512,512,0.010124722694087,100000,0.0255993383306174,,seconds,3.713378429412842,3.688775628805161,megabytes,88270.0,88270.0,61.0,58.93333333333333,0.101617664,0.101617664,0.79609375,0.7718229166666666,success,sinkhorn,0.001,100000
1D-students-2df-512p,512,512,0.0040067142046084,100000,0.0116554092532532,,seconds,3.807519435882568,3.681230099871754,megabytes,88270.0,88270.0,61.0,56.1875,0.105508864,0.105508864,0.80078125,0.7521484375,success,sinkhorn,0.001,100000
1D-students-2df-512p,512,512,0.0005788459825469,4491,9.864940873305208e-07,,seconds,0.2417387962341308,0.1704686414450407,megabytes,88270.0,88270.0,0.0,0.0,0.081526784,0.081526784,0.53125,0.53125,success,sinkhorn,0.001,100000
1D-students-2df-512p,512,512,0.002365281679304,100000,0.0015616970276658,,seconds,3.845891237258911,3.6990810334682473,megabytes,88270.0,88270.0,61.0,58.4375,0.1017856,0.1017856,0.80078125,0.7479003906249999,success,sinkhorn,0.001,100000
1D-students-2df-512p,512,512,0.009097825452829,100000,0.0587636731382448,,seconds,3.947301626205444,3.766815239563584,megabytes,88270.0,88270.0,61.0,53.85714285714285,0.1019904,0.1019904,0.8015625,0.7431361607142856,success,sinkhorn,0.001,100000
1D-students-2df-512p,512,512,0.0051680462445018,100000,0.031648179851766,,seconds,3.820892333984375,3.719068478792906,megabytes,88270.0,88270.0,61.0,55.06666666666667,0.101675008,0.101675008,0.7953125,0.76453125,success,sinkhorn,0.001,100000
1D-students-2df-512p,512,512,0.0032914794169107,100000,0.0062248744032364,,seconds,3.686944723129273,3.684336483478546,megabytes,88270.0,88270.0,61.0,55.8,0.101707776,0.101707776,0.8078125,0.7796874999999999,success,sinkhorn,0.001,100000
1D-students-2df-512p,512,512,0.003639051290345,100000,0.0071853968030406,,seconds,3.998786687850952,3.78043475560844,megabytes,88270.0,88270.0,61.0,57.21428571428572,0.10227712,0.10227712,0.79375,0.7257254464285715,success,sinkhorn,0.001,100000
1D-students-2df-1024p,1024,1024,0.0027148155265836,100000,0.0022890064225143,,seconds,3.8000433444976807,3.729683179408312,megabytes,88270.0,88270.0,61.0,57.1875,0.101281792,0.101281792,0.7984375,0.760546875,success,sinkhorn,0.001,100000
1D-students-2df-1024p,1024,1024,0.002365291768702,100000,0.001105200795662,,seconds,3.788905382156372,3.776111599057913,megabytes,88270.0,88270.0,61.0,54.21428571428572,0.100999168,0.100999168,0.8,0.7810825892857143,success,sinkhorn,0.001,100000
1D-students-2df-1024p,1024,1024,0.0051681223624829,100000,0.0223790652183409,,seconds,3.880071878433228,3.739008298143745,megabytes,88270.0,88270.0,61.0,58.125,0.101113856,0.101113856,0.80078125,0.7517578125,success,sinkhorn,0.001,100000
1D-students-2df-1024p,1024,1024,0.0030802912050102,100000,0.0042428549720937,,seconds,3.7978529930114746,3.732768163084984,megabytes,88270.0,88270.0,61.0,58.375,0.10115072,0.10115072,0.79609375,0.76806640625,success,sinkhorn,0.001,100000
1D-students-2df-1024p,1024,1024,0.0053014767167033,100000,0.017324358920834,,seconds,3.919252157211304,3.768383027985692,megabytes,88270.0,88270.0,61.0,57.6,0.110968832,0.110968832,0.80234375,0.7486458333333335,success,sinkhorn,0.001,100000
1D-students-2df-1024p,1024,1024,0.0010409430623807,5361,9.92821155481982e-07,,seconds,0.2417285442352295,0.2014244720339775,megabytes,88270.0,88270.0,13.0,13.0,0.078041088,0.078041088,0.6453125,0.6453125,success,sinkhorn,0.001,100000
1D-students-2df-1024p,1024,1024,0.0041062376051191,100000,0.0102408456186854,,seconds,3.7915053367614746,3.798094606027007,megabytes,88270.0,88270.0,61.0,53.91666666666666,0.101195776,0.101195776,0.80390625,0.7774088541666666,success,sinkhorn,0.001,100000
1D-students-2df-1024p,1024,1024,0.0058531816791933,100000,0.0283620828854932,,seconds,3.831899404525757,3.743219686672092,megabytes,88270.0,88270.0,61.0,55.9375,0.094355456,0.094355456,0.8,0.7591308593750001,success,sinkhorn,0.001,100000
1D-students-2df-1024p,1024,1024,0.0031223817093653,100000,0.0039222010392472,,seconds,3.984535455703736,3.768199808895588,megabytes,88270.0,88270.0,61.0,57.0,0.107102208,0.107102208,0.8109375,0.7339355468750001,success,sinkhorn,0.001,100000
1D-students-2df-1024p,1024,1024,0.0032915082403104,100000,0.0044019402432617,,seconds,4.0545501708984375,3.801790876314044,megabytes,88270.0,88270.0,61.0,55.285714285714285,0.102100992,0.102100992,0.80078125,0.734765625,success,sinkhorn,0.001,100000
1D-students-2df-1024p,1024,1024,0.0039117585514316,100000,0.0057763248302958,,seconds,3.7987136840820312,3.710583483800292,megabytes,88270.0,88270.0,61.0,58.2,0.097222656,0.097222656,0.80703125,0.7685416666666666,success,sinkhorn,0.001,100000
1D-students-2df-1024p,1024,1024,0.0036390977862286,100000,0.005081089014131,,seconds,3.774391412734986,3.743902083486319,megabytes,88270.0,88270.0,61.0,59.333333333333336,0.097312768,0.097312768,0.7953125,0.7705208333333332,success,sinkhorn,0.001,100000
1D-students-2df-1024p,1024,1024,0.0044921471574168,100000,0.0078165695292367,,seconds,3.821670055389404,3.7406674195081,megabytes,88270.0,88270.0,61.0,54.93333333333333,0.097378304,0.097378304,0.809375,0.76125,success,sinkhorn,0.001,100000
1D-students-2df-1024p,1024,1024,0.0013166783918791,4611,9.923398555502437e-07,,seconds,0.2553517818450928,0.17347670532763,megabytes,88270.0,88270.0,1.0,1.0,0.068337664,0.068337664,0.49609375,0.49609375,success,sinkhorn,0.001,100000
1D-students-2df-1024p,1024,1024,0.0101246509383315,100000,0.0181015950340445,,seconds,4.037857055664063,3.793094646185637,megabytes,88270.0,88270.0,61.0,53.5,0.09795584,0.09795584,0.7875,0.7237165178571427,success,sinkhorn,0.001,100000
1D-students-2df-1024p,1024,1024,0.003551219249,100000,0.0024670149654529,,seconds,3.806298017501831,3.6958888564258814,megabytes,88270.0,88270.0,61.0,56.73333333333333,0.097357824,0.097357824,0.796875,0.7559895833333334,success,sinkhorn,0.001,100000
1D-students-2df-1024p,1024,1024,0.0044853281453326,100000,0.0156832713330968,,seconds,3.73479437828064,3.705032764002681,megabytes,88270.0,88270.0,61.0,59.13333333333333,0.097292288,0.097292288,0.81015625,0.7797395833333333,success,sinkhorn,0.001,100000
1D-students-2df-1024p,1024,1024,0.0090983742915045,100000,0.0415463891751894,,seconds,3.792412281036377,3.716847250238061,megabytes,88270.0,88270.0,61.0,57.8,0.097353728,0.097353728,0.80234375,0.7594791666666667,success,sinkhorn,0.001,100000
1D-students-2df-1024p,1024,1024,0.009939924369648,100000,0.0115044956307513,,seconds,3.904621601104736,3.7183772046118975,megabytes,88270.0,88270.0,61.0,56.0625,0.097685504,0.097685504,0.79765625,0.734033203125,success,sinkhorn,0.001,100000
1D-students-2df-1024p,1024,1024,0.0031248203413586,100000,0.002709636150036,,seconds,3.747859716415405,3.7280442137271166,megabytes,88270.0,88270.0,61.0,56.86666666666667,0.097312768,0.097312768,0.80078125,0.7721875000000001,success,sinkhorn,0.001,100000
1D-students-2df-1024p,1024,1024,0.0041986458334437,100000,0.0131945496814609,,seconds,3.8965461254119873,3.71823188662529,megabytes,88270.0,88270.0,61.0,56.66666666666666,0.097513472,0.097513472,0.8015625,0.7385416666666668,success,sinkhorn,0.001,100000
1D-students-2df-1024p,1024,1024,0.0045646348876704,100000,0.0178127684827066,,seconds,4.039435863494873,3.8001890871673822,megabytes,88270.0,88270.0,61.0,55.57142857142857,0.09736192,0.09736192,0.79609375,0.7383928571428572,success,sinkhorn,0.001,100000
1D-students-2df-1024p,1024,1024,0.0051264472267678,100000,0.0039472883355142,,seconds,3.777909278869629,3.719738610088825,megabytes,88270.0,88270.0,61.0,58.333333333333336,0.097214464,0.097214464,0.796875,0.7612500000000001,success,sinkhorn,0.001,100000
1D-students-2df-1024p,1024,1024,0.0035538043961386,100000,0.0062553390494745,,seconds,3.935273170471192,3.7173316348344088,megabytes,88270.0,88270.0,61.0,57.21428571428572,0.097501184,0.097501184,0.8046875,0.7308035714285713,success,sinkhorn,0.001,100000
1D-students-2df-1024p,1024,1024,0.0005787803260811,4231,9.977351974836449e-07,,seconds,0.3191192150115967,0.1592750512063503,megabytes,88270.0,88270.0,48.0,48.0,0.068354048,0.068354048,0.3671875,0.3671875,success,sinkhorn,0.001,100000
1D-students-2df-1024p,1024,1024,0.0012537149777079,5361,9.901910009187358e-07,,seconds,0.3179848194122314,0.2011109925806522,megabytes,88270.0,88270.0,25.0,25.0,0.068374528,0.068374528,0.47109375,0.47109375,success,sinkhorn,0.001,100000
1D-students-2df-1024p,1024,1024,0.0040066290499742,100000,0.0082410032335362,,seconds,3.7401890754699703,3.714560570195317,megabytes,88270.0,88270.0,61.0,57.85714285714285,0.097120256,0.097120256,0.7984375,0.769921875,success,sinkhorn,0.001,100000
1D-students-2df-1024p,1024,1024,0.0039965132183366,100000,0.0097169030857917,,seconds,3.795773506164551,3.758661588653922,megabytes,88270.0,88270.0,60.0,54.333333333333336,0.097103872,0.097103872,0.803125,0.7698437499999999,success,sinkhorn,0.001,100000
1D-students-2df-1024p,1024,1024,0.0045161281336011,100000,0.0105327870820867,,seconds,3.7368955612182617,3.7046810556203127,megabytes,88270.0,88270.0,61.0,56.46666666666667,0.09709568,0.09709568,0.796875,0.7751562499999999,success,sinkhorn,0.001,100000
1D-students-2df-1024p,1024,1024,0.0037054829415767,100000,0.0066969064906721,,seconds,3.77741813659668,3.689764657989144,megabytes,88270.0,88270.0,61.0,56.333333333333336,0.101044224,0.101044224,0.7953125,0.7551562500000001,success,sinkhorn,0.001,100000
1D-students-2df-2048p,2048,2048,0.0041062345630262,100000,0.0072414285153513,,seconds,4.888440847396851,4.8955659829080105,megabytes,88270.0,88270.0,69.0,67.22222222222223,0.181100544,0.181100544,0.8,0.7805121527777776,success,sinkhorn,0.001,100000
1D-students-2df-2048p,2048,2048,0.0013164726311565,4361,9.977492886744162e-07,,seconds,0.3223567008972168,0.2131482232362032,megabytes,88270.0,88270.0,23.0,23.0,0.068329472,0.068329472,0.49296875,0.49296875,success,sinkhorn,0.001,100000
1D-students-2df-2048p,2048,2048,0.0099399955122147,100000,0.0081349176761389,,seconds,5.133584499359131,4.90596510656178,megabytes,88270.0,88270.0,69.0,65.55,0.17799168,0.17799168,0.78984375,0.7386328125,success,sinkhorn,0.001,100000
1D-students-2df-2048p,2048,2048,0.0027148185493199,100000,0.001618603986925,,seconds,5.087891340255737,5.007769422605634,megabytes,88270.0,88270.0,68.0,63.94736842105263,0.177512448,0.177512448,0.82265625,0.7661595394736841,success,sinkhorn,0.001,100000
1D-students-2df-2048p,2048,2048,0.0053015026239098,100000,0.0122502050429587,,seconds,5.15159797668457,4.946944611147046,megabytes,88270.0,88270.0,69.0,67.33333333333333,0.181256192,0.181256192,0.8109375,0.7394531249999999,success,sinkhorn,0.001,100000
1D-students-2df-2048p,2048,2048,0.0032915115938909,100000,0.0031126938587478,,seconds,4.980695009231567,4.920289468020201,megabytes,88270.0,88270.0,69.0,67.05263157894737,0.177455104,0.177455104,0.8015625,0.7668996710526317,success,sinkhorn,0.001,100000
1D-students-2df-2048p,2048,2048,0.0023652933838155,100000,0.0007816025438436,,seconds,5.096819877624512,4.951568914577365,megabytes,88270.0,88270.0,68.0,63.89473684210526,0.177426432,0.177426432,0.7953125,0.7542763157894736,success,sinkhorn,0.001,100000
1D-students-2df-2048p,2048,2048,0.0045646321155748,100000,0.0125953902380738,,seconds,5.243890285491943,5.053462360054255,megabytes,88270.0,88270.0,67.0,63.7,0.177713152,0.177713152,0.79140625,0.74,success,sinkhorn,0.001,100000
1D-students-2df-2048p,2048,2048,0.0030802912313208,100000,0.0030001703641245,,seconds,5.152774095535278,4.927943469956517,megabytes,88270.0,88270.0,69.0,63.5,0.177872896,0.177872896,0.79765625,0.7371484375,success,sinkhorn,0.001,100000
1D-students-2df-2048p,2048,2048,0.0045161354290423,100000,0.0074478704916901,,seconds,5.224954843521118,5.005088783800602,megabytes,88270.0,88270.0,69.0,65.05882352941177,0.097316864,0.097316864,0.7890625,0.7580422794117646,success,sinkhorn,0.001,100000
1D-students-2df-2048p,2048,2048,0.0035538116449477,100000,0.0044232326656711,,seconds,5.3421056270599365,5.118705976754427,megabytes,88270.0,88270.0,66.0,62.7,0.17768448,0.17768448,0.8015625,0.74796875,success,sinkhorn,0.001,100000
1D-students-2df-2048p,2048,2048,0.0012532619856812,5101,9.946195474560796e-07,,seconds,0.2551760673522949,0.2577865142375231,megabytes,88270.0,88270.0,0.0,0.0,0.068354048,0.068354048,0.77734375,0.77734375,success,sinkhorn,0.001,100000
1D-students-2df-2048p,2048,2048,0.0051264497936585,100000,0.0027911250652843,,seconds,5.362427473068237,5.15761217661202,megabytes,88270.0,88270.0,66.0,62.54545454545455,0.177799168,0.177799168,0.79296875,0.7463068181818181,success,sinkhorn,0.001,100000
1D-students-2df-2048p,2048,2048,0.0005786761418117,3981,9.953108838008434e-07,,seconds,0.2644515037536621,0.2084205318242311,megabytes,88270.0,88270.0,41.0,41.0,0.06832128,0.06832128,0.5875,0.5875,success,sinkhorn,0.001,100000
1D-students-2df-2048p,2048,2048,0.0051681285391941,100000,0.0158244658348522,,seconds,5.110090732574463,5.10113182477653,megabytes,88270.0,88270.0,66.0,62.7,0.177664,0.177664,0.7921875,0.7765234374999999,success,sinkhorn,0.001,100000
1D-students-2df-2048p,2048,2048,0.009097845101725,100000,0.0293784554949914,,seconds,5.427142858505249,5.210497044026852,megabytes,88270.0,88270.0,65.0,60.90909090909091,0.178069504,0.178069504,0.79453125,0.74375,success,sinkhorn,0.001,100000
1D-students-2df-2048p,2048,2048,0.0040066413733176,100000,0.0058273127735832,,seconds,5.22515606880188,5.003729404881597,megabytes,88270.0,88270.0,68.0,64.47619047619048,0.177922048,0.177922048,0.7953125,0.7486607142857142,success,sinkhorn,0.001,100000
1D-students-2df-2048p,2048,2048,0.0035512205972585,100000,0.0017444197545676,,seconds,5.210395574569702,5.171930398792028,megabytes,88270.0,88270.0,65.0,60.76190476190476,0.177713152,0.177713152,0.803125,0.7747395833333331,success,sinkhorn,0.001,100000
1D-students-2df-2048p,2048,2048,0.0036390861462943,100000,0.003592828968617,,seconds,5.316224813461304,5.129869716241956,megabytes,88270.0,88270.0,67.0,63.42857142857143,0.177733632,0.177733632,0.8,0.7504464285714285,success,sinkhorn,0.001,100000
1D-students-2df-2048p,2048,2048,0.0010405698686675,5101,9.889079952748614e-07,,seconds,0.2589321136474609,0.2610917165875435,megabytes,88270.0,88270.0,10.0,10.0,0.068378624,0.068378624,0.78671875,0.78671875,success,sinkhorn,0.001,100000
1D-students-2df-2048p,2048,2048,0.0058531344584578,100000,0.0200548725315325,,seconds,5.2715678215026855,5.063663337379694,megabytes,88270.0,88270.0,67.0,62.42857142857143,0.177676288,0.177676288,0.80546875,0.7434523809523809,success,sinkhorn,0.001,100000
1D-students-2df-2048p,2048,2048,0.0039117705780284,100000,0.0040845300802226,,seconds,5.2499754428863525,5.14821932464838,megabytes,88270.0,88270.0,66.0,61.70588235294117,0.101085184,0.101085184,0.80234375,0.772794117647059,success,sinkhorn,0.001,100000
1D-students-2df-2048p,2048,2048,0.0044921563258734,100000,0.0055271552186018,,seconds,5.0826733112335205,5.034174647182226,megabytes,88270.0,88270.0,68.0,63.7,0.177594368,0.177594368,0.79453125,0.766328125,success,sinkhorn,0.001,100000
1D-students-2df-2048p,2048,2048,0.0031223873353262,100000,0.0027734816980125,,seconds,5.07239556312561,4.93791395239532,megabytes,88270.0,88270.0,69.0,66.0,0.177537024,0.177537024,0.79609375,0.7509765625000001,success,sinkhorn,0.001,100000
1D-students-2df-2048p,2048,2048,0.0031248188625622,100000,0.0019159637147238,,seconds,4.9845802783966064,4.974413665011525,megabytes,88270.0,88270.0,68.0,63.15,0.177553408,0.177553408,0.796875,0.7779296875000001,success,sinkhorn,0.001,100000
1D-students-2df-2048p,2048,2048,0.0041986656215861,100000,0.0093299987248964,,seconds,5.142417907714844,5.000450577586889,megabytes,88270.0,88270.0,67.0,64.66666666666667,0.17750016,0.17750016,0.81015625,0.7560639880952381,success,sinkhorn,0.001,100000
1D-students-2df-2048p,2048,2048,0.0101246355526969,100000,0.0127999057573911,,seconds,5.247457504272461,5.077211139723659,megabytes,88270.0,88270.0,68.0,63.8421052631579,0.1811456,0.1811456,0.80859375,0.7577713815789474,success,sinkhorn,0.001,100000
1D-students-2df-2048p,2048,2048,0.0044853143594909,100000,0.0110898088097681,,seconds,5.168959856033325,5.08204573020339,megabytes,88270.0,88270.0,66.0,61.38095238095238,0.177713152,0.177713152,0.79765625,0.7609375,success,sinkhorn,0.001,100000
1D-students-2df-2048p,2048,2048,0.0039964949335606,100000,0.0068708613446012,,seconds,5.223353624343872,5.09865559451282,megabytes,88270.0,88270.0,67.0,63.65,0.177455104,0.177455104,0.809375,0.7580078125,success,sinkhorn,0.001,100000
1D-students-2df-2048p,2048,2048,0.0037054817901382,100000,0.004735474073317,,seconds,5.282866716384888,5.029874704778194,megabytes,88270.0,88270.0,67.0,60.7,0.177614848,0.177614848,0.80625,0.7473046875000001,success,sinkhorn,0.001,100000
1D-students-4df-32p,32,32,0.0060339759261002,100000,0.1684832137620001,,seconds,3.0761878490448,2.9132151678204536,megabytes,88270.0,88270.0,60.0,54.27272727272727,0.09711616,0.09711616,0.79765625,0.726278409090909,success,sinkhorn,0.001,100000
1D-students-4df-32p,32,32,0.0045183681177357,100000,0.0461333647506398,,seconds,2.9105443954467773,2.8230395950376987,megabytes,88270.0,88270.0,60.0,51.833333333333336,0.096894976,0.096894976,0.79609375,0.7603515624999999,success,sinkhorn,0.001,100000
1D-students-4df-32p,32,32,0.0027918006979801,100000,0.0205021085352652,,seconds,2.864422082901001,2.857459843158722,megabytes,88270.0,88270.0,60.0,57.75,0.096854016,0.096854016,0.8,0.7811197916666667,success,sinkhorn,0.001,100000
1D-students-4df-32p,32,32,0.003989965764681,100000,0.0489409576857652,,seconds,3.075315237045288,2.961286650970578,megabytes,88270.0,88270.0,59.0,53.1,0.10098688,0.10098688,0.80625,0.751171875,success,sinkhorn,0.001,100000
1D-students-4df-32p,32,32,0.0108120270043244,100000,0.1096842506566425,,seconds,2.935302734375,2.909275606274605,megabytes,88270.0,88270.0,60.0,53.90909090909091,0.096591872,0.096591872,0.81875,0.7723011363636364,success,sinkhorn,0.001,100000
1D-students-4df-32p,32,32,0.0049959436369821,100000,0.0970888311399742,,seconds,2.9270033836364746,2.8479795418679714,megabytes,88270.0,88270.0,60.0,53.333333333333336,0.096702464,0.096702464,0.803125,0.7631510416666667,success,sinkhorn,0.001,100000
1D-students-4df-32p,32,32,0.0049233108592953,100000,0.1282921251832652,,seconds,3.042176961898804,2.9148120004683733,megabytes,88270.0,88270.0,60.0,52.81818181818182,0.0966656,0.0966656,0.80546875,0.7471590909090909,success,sinkhorn,0.001,100000
1D-students-4df-32p,32,32,0.0104251590634833,100000,0.0677668679425433,,seconds,2.863422155380249,2.857446575537324,megabytes,88270.0,88270.0,59.0,54.083333333333336,0.096763904,0.096763904,0.79453125,0.7755859374999999,success,sinkhorn,0.001,100000
1D-students-4df-32p,32,32,0.0035020716838318,100000,0.0355314497360224,,seconds,3.019871234893799,2.97695111297071,megabytes,88270.0,88270.0,59.0,53.0,0.100958208,0.100958208,0.78203125,0.7637499999999999,success,sinkhorn,0.001,100000
1D-students-4df-32p,32,32,0.0040865896105523,100000,0.0552073091324741,,seconds,2.889099597930908,2.8737578894943,megabytes,88270.0,88270.0,60.0,53.91666666666666,0.0966656,0.0966656,0.80234375,0.7727213541666668,success,sinkhorn,0.001,100000
1D-students-4df-32p,32,32,0.0028014041889729,100000,0.0224910097175655,,seconds,3.0781238079071045,2.870662961155176,megabytes,88270.0,88270.0,60.0,57.15384615384615,0.09713664,0.09713664,0.8,0.715625,success,sinkhorn,0.001,100000
1D-students-4df-32p,32,32,0.0025470173576889,100000,0.014109448106432,,seconds,3.023809671401977,2.877586545422673,megabytes,88270.0,88270.0,60.0,51.16666666666666,0.096669696,0.096669696,0.79609375,0.7393880208333333,success,sinkhorn,0.001,100000
1D-students-4df-32p,32,32,0.0054703694567585,100000,0.018824832485886,,seconds,3.123974323272705,2.9425796270370483,megabytes,88270.0,88270.0,60.0,54.63636363636363,0.096960512,0.096960512,0.79453125,0.7230113636363636,success,sinkhorn,0.001,100000
1D-students-4df-32p,32,32,0.0044203775116047,100000,0.0887231117670995,,seconds,3.0808682441711426,2.900492260232568,megabytes,88270.0,88270.0,59.0,53.76923076923077,0.09713664,0.09713664,0.7984375,0.7281850961538463,success,sinkhorn,0.001,100000
1D-students-4df-32p,32,32,0.0004782842146813,8891,9.927397252089542e-07,,seconds,0.2494635581970214,0.2572193834930658,megabytes,88270.0,88270.0,10.0,10.0,0.068173824,0.068173824,0.7953125,0.7953125,success,sinkhorn,0.001,100000
1D-students-4df-32p,32,32,0.0036951920342892,100000,0.0302035436094747,,seconds,2.9227941036224365,2.877192722633481,megabytes,88270.0,88270.0,60.0,57.833333333333336,0.096616448,0.096616448,0.825,0.7671223958333332,success,sinkhorn,0.001,100000
1D-students-4df-32p,32,32,0.0032659376763285,100000,0.0319878623251705,,seconds,2.9882216453552246,2.903636187314987,megabytes,88270.0,88270.0,59.0,54.083333333333336,0.096657408,0.096657408,0.79921875,0.7517578125000001,success,sinkhorn,0.001,100000
1D-students-4df-32p,32,32,0.0037669563594895,100000,0.0311571422025846,,seconds,2.9715685844421387,2.8750785030424595,megabytes,88270.0,88270.0,60.0,55.333333333333336,0.09668608,0.09668608,0.79375,0.7503906250000001,success,sinkhorn,0.001,100000
1D-students-4df-32p,32,32,0.0044263478365171,100000,0.1025011094556998,,seconds,2.991207361221313,2.850102199241519,megabytes,88270.0,88270.0,60.0,55.16666666666666,0.100909056,0.100909056,0.80390625,0.7443359374999999,success,sinkhorn,0.001,100000
1D-students-4df-32p,32,32,0.0014676092298347,5291,9.874583290829967e-07,,seconds,0.2502279281616211,0.152516234666109,megabytes,88270.0,88270.0,0.0,0.0,0.068235264,0.068235264,0.4421875,0.4421875,success,sinkhorn,0.001,100000
1D-students-4df-32p,32,32,0.0030018693767637,100000,0.0224275007346941,,seconds,3.0768022537231445,2.883969634771347,megabytes,88270.0,88270.0,60.0,56.41666666666666,0.097017856,0.097017856,0.79921875,0.7306640624999999,success,sinkhorn,0.001,100000
1D-students-4df-32p,32,32,0.0029667362567902,100000,0.016689132109745,,seconds,3.1071016788482666,2.9377166964113712,megabytes,88270.0,88270.0,59.0,54.0,0.096989184,0.096989184,0.8015625,0.7254261363636365,success,sinkhorn,0.001,100000
1D-students-4df-32p,32,32,0.0042380124730647,100000,0.0703650758049119,,seconds,2.8925111293792725,2.880027631297708,megabytes,88270.0,88270.0,59.0,50.583333333333336,0.096669696,0.096669696,0.796875,0.7777994791666666,success,sinkhorn,0.001,100000
1D-students-4df-32p,32,32,0.0118360179243459,100000,0.2484337142515195,,seconds,2.99947452545166,2.868976529687643,megabytes,88270.0,88270.0,60.0,57.583333333333336,0.096768,0.096768,0.79921875,0.7320963541666666,success,sinkhorn,0.001,100000
1D-students-4df-32p,32,32,0.0040383212347552,100000,0.0553361695255453,,seconds,2.990225553512573,2.8651474863290787,megabytes,88270.0,88270.0,60.0,56.0,0.096628736,0.096628736,0.8,0.7468039772727273,success,sinkhorn,0.001,100000
1D-students-4df-32p,32,32,0.0045933411274826,100000,0.0659405319900803,,seconds,2.9228243827819824,2.8761281799525023,megabytes,88270.0,88270.0,60.0,54.41666666666666,0.096616448,0.096616448,0.80078125,0.7614583333333335,success,sinkhorn,0.001,100000
1D-students-4df-32p,32,32,0.0025136996438015,100000,0.0013115177097042,,seconds,3.0396082401275635,2.940173126757145,megabytes,88270.0,88270.0,59.0,53.5,0.096497664,0.096497664,0.7921875,0.742734375,success,sinkhorn,0.001,100000
1D-students-4df-32p,32,32,0.0011638902690871,4461,9.87161848149868e-07,,seconds,0.24507737159729,0.130232322961092,megabytes,88270.0,88270.0,0.0,0.0,0.0681984,0.0681984,0.3796875,0.3796875,success,sinkhorn,0.001,100000
1D-students-4df-32p,32,32,0.0034488781899188,100000,0.0121645422431796,,seconds,2.937941312789917,2.8669810444116592,megabytes,88270.0,88270.0,60.0,50.333333333333336,0.096735232,0.096735232,0.8,0.7643229166666666,success,sinkhorn,0.001,100000
1D-students-4df-32p,32,32,0.0015453217850427,4031,9.955725296575614e-07,,seconds,0.2911744117736816,0.1234359182417392,megabytes,88270.0,88270.0,11.0,11.0,0.068227072,0.068227072,0.29375,0.29375,success,sinkhorn,0.001,100000
1D-students-4df-64p,64,64,0.0027202597967722,100000,0.0098620675038851,,seconds,2.9547297954559326,2.8402066491544247,megabytes,88270.0,88270.0,60.0,52.5,0.096772096,0.096772096,0.809375,0.7457682291666666,success,sinkhorn,0.001,100000
1D-students-4df-64p,64,64,0.0047333807209533,100000,0.0462957623376619,,seconds,2.907520055770874,2.8405042309314013,megabytes,88270.0,88270.0,60.0,52.333333333333336,0.096776192,0.096776192,0.7984375,0.7658854166666668,success,sinkhorn,0.001,100000
1D-students-4df-64p,64,64,0.0044870419212814,100000,0.0625091362264065,,seconds,2.996145725250244,2.849321143701673,megabytes,88270.0,88270.0,60.0,55.0,0.096825344,0.096825344,0.81015625,0.7374999999999999,success,sinkhorn,0.001,100000
1D-students-4df-64p,64,64,0.0107370823983342,100000,0.1785477660328621,,seconds,2.931670904159546,2.8410584181547165,megabytes,88270.0,88270.0,60.0,55.0,0.096763904,0.096763904,0.803125,0.7625000000000001,success,sinkhorn,0.001,100000
1D-students-4df-64p,64,64,0.0043813054811586,100000,0.0329884491583954,,seconds,3.0066442489624023,2.924267243593931,megabytes,88270.0,88270.0,60.0,55.6,0.09664512,0.09664512,0.78984375,0.751171875,success,sinkhorn,0.001,100000
1D-students-4df-64p,64,64,0.0101566817167426,100000,0.0487820890876338,,seconds,2.8849868774414062,2.83869693428278,megabytes,88270.0,88270.0,60.0,55.41666666666666,0.096759808,0.096759808,0.80234375,0.7673828125000001,success,sinkhorn,0.001,100000
1D-students-4df-64p,64,64,0.002995427152876,100000,0.0158467463620205,,seconds,2.968050003051758,2.847192034125328,megabytes,88270.0,88270.0,60.0,52.41666666666666,0.096845824,0.096845824,0.796875,0.7565755208333332,success,sinkhorn,0.001,100000
1D-students-4df-64p,64,64,0.0039743955318049,100000,0.0393199719081949,,seconds,2.9425971508026123,2.8316485192626715,megabytes,88270.0,88270.0,60.0,55.0,0.096759808,0.096759808,0.79921875,0.7439453124999998,success,sinkhorn,0.001,100000
1D-students-4df-64p,64,64,0.0041153827660239,100000,0.0498613311938069,,seconds,3.0299108028411865,2.919175669550896,megabytes,88270.0,88270.0,60.0,53.6,0.096571392,0.096571392,0.80546875,0.76171875,success,sinkhorn,0.001,100000
1D-students-4df-64p,64,64,0.003563171125733,100000,0.0250266981547994,,seconds,2.838618516921997,2.819984283298254,megabytes,88270.0,88270.0,61.0,58.25,0.09672704,0.09672704,0.796875,0.7723958333333334,success,sinkhorn,0.001,100000
1D-students-4df-64p,64,64,0.0034265563346601,100000,0.0082953170061277,,seconds,2.953815698623657,2.824371399357915,megabytes,88270.0,88270.0,61.0,56.25,0.096600064,0.096600064,0.80859375,0.7456380208333333,success,sinkhorn,0.001,100000
1D-students-4df-64p,64,64,0.0052119481388883,100000,0.0684650426269317,,seconds,2.8310389518737797,2.8236753679811954,megabytes,88270.0,88270.0,61.0,50.91666666666666,0.096493568,0.096493568,0.80234375,0.7723307291666668,success,sinkhorn,0.001,100000
1D-students-4df-64p,64,64,0.0039935533279452,100000,0.0347956072361591,,seconds,2.98399019241333,2.8164902068674564,megabytes,88270.0,88270.0,61.0,58.66666666666666,0.096944128,0.096944128,0.7984375,0.7328776041666667,success,sinkhorn,0.001,100000
1D-students-4df-64p,64,64,0.0009018971695027,6361,9.92923625448292e-07,,seconds,0.2451167106628418,0.1821238566190004,megabytes,88270.0,88270.0,0.0,0.0,0.068243456,0.068243456,0.55546875,0.55546875,success,sinkhorn,0.001,100000
1D-students-4df-64p,64,64,0.0012407582840721,5731,9.960644059532469e-07,,seconds,0.2970423698425293,0.1722743138670921,megabytes,88270.0,88270.0,0.0,0.0,0.068214784,0.068214784,0.43125,0.43125,success,sinkhorn,0.001,100000
1D-students-4df-64p,64,64,0.0051877313723394,100000,0.0904503820646057,,seconds,3.048875331878662,2.8462009727954865,megabytes,88270.0,88270.0,60.0,55.75,0.096878592,0.096878592,0.79921875,0.71875,success,sinkhorn,0.001,100000
1D-students-4df-64p,64,64,0.0029927833024156,100000,0.014357755105506,,seconds,2.9186525344848637,2.8398740980774164,megabytes,88270.0,88270.0,60.0,53.333333333333336,0.096579584,0.096579584,0.80078125,0.7557291666666667,success,sinkhorn,0.001,100000
1D-students-4df-64p,64,64,0.0046122548426905,100000,0.0725466144662646,,seconds,2.857924461364746,2.836915345862508,megabytes,88270.0,88270.0,60.0,53.91666666666666,0.096538624,0.096538624,0.7984375,0.7737630208333334,success,sinkhorn,0.001,100000
1D-students-4df-64p,64,64,0.0012270401009251,6401,9.877637372826828e-07,,seconds,0.2533676624298095,0.1871141400188207,megabytes,88270.0,88270.0,0.0,0.0,0.06821888,0.06821888,0.56171875,0.56171875,success,sinkhorn,0.001,100000
1D-students-4df-64p,64,64,0.003947612510519,100000,0.0390148782773012,,seconds,2.897367238998413,2.831367395818233,megabytes,88270.0,88270.0,60.0,53.833333333333336,0.096571392,0.096571392,0.80546875,0.7619140625000002,success,sinkhorn,0.001,100000
1D-students-4df-64p,64,64,0.0105005480316573,100000,0.076978920005125,,seconds,2.858105421066284,2.826223881915212,megabytes,88270.0,88270.0,61.0,57.0,0.09658368,0.09658368,0.7953125,0.7641927083333333,success,sinkhorn,0.001,100000
1D-students-4df-64p,64,64,0.0036056993817034,100000,0.0215142678372539,,seconds,2.886297702789306,2.824884779751301,megabytes,88270.0,88270.0,60.0,57.25,0.09658368,0.09658368,0.8015625,0.7677734374999999,success,sinkhorn,0.001,100000
1D-students-4df-64p,64,64,0.0052297920924651,100000,0.0143770884313094,,seconds,2.9187207221984863,2.8501784838736057,megabytes,88270.0,88270.0,60.0,55.0,0.096649216,0.096649216,0.80390625,0.7647135416666667,success,sinkhorn,0.001,100000
1D-students-4df-64p,64,64,0.0037483743650737,100000,0.0219540146040796,,seconds,3.0736963748931885,2.865685699507594,megabytes,88270.0,88270.0,61.0,55.333333333333336,0.101249024,0.101249024,0.8,0.7186197916666667,success,sinkhorn,0.001,100000
1D-students-4df-64p,64,64,0.002247471648072,100000,0.0025220007617132,,seconds,2.8715507984161377,2.8083495032042265,megabytes,88270.0,88270.0,61.0,58.5,0.09662464,0.09662464,0.79765625,0.7654947916666667,success,sinkhorn,0.001,100000
1D-students-4df-64p,64,64,0.0031135019137158,100000,0.0118067021880685,,seconds,2.9299087524414062,2.8240018151700497,megabytes,88270.0,88270.0,61.0,54.75,0.09650176,0.09650176,0.7984375,0.7522786458333335,success,sinkhorn,0.001,100000
1D-students-4df-64p,64,64,0.0059667467751326,100000,0.1198411806748829,,seconds,2.8462581634521484,2.827205788344145,megabytes,88270.0,88270.0,61.0,56.75,0.100868096,0.100868096,0.796875,0.7741536458333332,success,sinkhorn,0.001,100000
1D-students-4df-64p,64,64,0.0033920638280268,100000,0.0226684004865555,,seconds,2.9424490928649902,2.832679370418191,megabytes,88270.0,88270.0,61.0,58.083333333333336,0.100872192,0.100872192,0.80234375,0.7440755208333333,success,sinkhorn,0.001,100000
1D-students-4df-64p,64,64,0.0031622288482414,100000,0.0159724048817027,,seconds,2.861053943634033,2.8142461217939854,megabytes,88270.0,88270.0,61.0,52.833333333333336,0.096595968,0.096595968,0.81171875,0.7716145833333333,success,sinkhorn,0.001,100000
1D-students-4df-64p,64,64,0.0005700182070065,5301,9.892729004490765e-07,,seconds,0.2561097145080566,0.1536017544567585,megabytes,88270.0,88270.0,0.0,0.0,0.0681984,0.0681984,0.43671875,0.43671875,success,sinkhorn,0.001,100000
1D-students-4df-128p,128,128,0.0107155330956461,100000,0.1249943209153081,,seconds,3.1142406463623047,2.890540258958936,megabytes,88270.0,88270.0,60.0,54.84615384615385,0.097296384,0.097296384,0.80078125,0.7201322115384615,success,sinkhorn,0.001,100000
1D-students-4df-128p,128,128,0.0027222803094858,100000,0.0070157240526228,,seconds,2.981025218963623,2.9336324837058783,megabytes,88270.0,88270.0,61.0,55.27272727272727,0.100913152,0.100913152,0.7953125,0.765625,success,sinkhorn,0.001,100000
1D-students-4df-128p,128,128,0.0051867591431551,100000,0.0639829398550294,,seconds,2.99498987197876,2.9384294226765637,megabytes,88270.0,88270.0,60.0,57.45454545454545,0.096497664,0.096497664,0.796875,0.7677556818181818,success,sinkhorn,0.001,100000
1D-students-4df-128p,128,128,0.0039529421444574,100000,0.0276409241719646,,seconds,3.0984983444213867,2.90530263632536,megabytes,88270.0,88270.0,61.0,53.833333333333336,0.096907264,0.096907264,0.79921875,0.7264973958333334,success,sinkhorn,0.001,100000
1D-students-4df-128p,128,128,0.0059520476727201,100000,0.0847783928735568,,seconds,2.850707530975342,2.8554805479943752,megabytes,88270.0,88270.0,62.0,53.75,0.100937728,0.100937728,0.8,0.7722005208333332,success,sinkhorn,0.001,100000
1D-students-4df-128p,128,128,0.0039970519737057,100000,0.0246407192932647,,seconds,3.1146433353424072,2.9728765692561865,megabytes,88270.0,88270.0,61.0,59.3,0.100839424,0.100839424,0.8046875,0.7428125,success,sinkhorn,0.001,100000
1D-students-4df-128p,128,128,0.0047152533144886,100000,0.0325418051781656,,seconds,3.1010873317718506,2.880543615669012,megabytes,88270.0,88270.0,61.0,56.76923076923077,0.097431552,0.097431552,0.81328125,0.7162860576923078,success,sinkhorn,0.001,100000
1D-students-4df-128p,128,128,0.0043805355528769,100000,0.0233325150603135,,seconds,3.0118234157562256,2.896658312529325,megabytes,88270.0,88270.0,60.0,51.75,0.097132544,0.097132544,0.79765625,0.7399739583333335,success,sinkhorn,0.001,100000
1D-students-4df-128p,128,128,0.0037518022993143,100000,0.0155927615870982,,seconds,3.159698009490967,2.9333020634949207,megabytes,88270.0,88270.0,60.0,53.53846153846154,0.097964032,0.097964032,0.79921875,0.7155048076923077,success,sinkhorn,0.001,100000
1D-students-4df-128p,128,128,0.0031143461241761,100000,0.0083726556957196,,seconds,3.0273470878601074,2.874728577211499,megabytes,88270.0,88270.0,61.0,55.91666666666666,0.101490688,0.101490688,0.796875,0.7321614583333335,success,sinkhorn,0.001,100000
1D-students-4df-128p,128,128,0.0005711816013923,5041,9.95688723060479e-07,,seconds,0.2529606819152832,0.1494622491300106,megabytes,88270.0,88270.0,0.0,0.0,0.06823936,0.06823936,0.44296875,0.44296875,success,sinkhorn,0.001,100000
1D-students-4df-128p,128,128,0.0012283280144464,6131,9.98693999573655e-07,,seconds,0.2512350082397461,0.180387170985341,megabytes,88270.0,88270.0,0.0,0.0,0.068235264,0.068235264,0.509375,0.509375,success,sinkhorn,0.001,100000
1D-students-4df-128p,128,128,0.0046192463233036,100000,0.0513840491845835,,seconds,3.124490976333618,2.938448678702116,megabytes,88270.0,88270.0,60.0,55.46153846153846,0.097492992,0.097492992,0.80546875,0.7313701923076923,success,sinkhorn,0.001,100000
1D-students-4df-128p,128,128,0.0039763283079636,100000,0.0278339256106702,,seconds,3.1426339149475098,2.933052383363247,megabytes,88270.0,88270.0,61.0,55.54545454545455,0.097337344,0.097337344,0.80234375,0.7107244318181818,success,sinkhorn,0.001,100000
1D-students-4df-128p,128,128,0.0033944423754725,100000,0.0160572032654704,,seconds,2.9056084156036377,2.896240498870611,megabytes,88270.0,88270.0,61.0,56.5,0.097038336,0.097038336,0.79296875,0.7756510416666665,success,sinkhorn,0.001,100000
1D-students-4df-128p,128,128,0.0101698173410199,100000,0.0346592379083185,,seconds,2.8723702430725098,2.852260284125805,megabytes,88270.0,88270.0,62.0,55.0,0.101527552,0.101527552,0.7984375,0.7720703124999999,success,sinkhorn,0.001,100000
1D-students-4df-128p,128,128,0.0022484536827421,100000,0.0022657102992467,,seconds,2.9119460582733154,2.9067346584051847,megabytes,88270.0,88270.0,61.0,55.083333333333336,0.096546816,0.096546816,0.80078125,0.7827473958333333,success,sinkhorn,0.001,100000
1D-students-4df-128p,128,128,0.003606608360449,100000,0.0152419664106992,,seconds,2.941717624664306,2.8718009404838085,megabytes,88270.0,88270.0,61.0,55.91666666666666,0.096595968,0.096595968,0.8015625,0.7636067708333333,success,sinkhorn,0.001,100000
1D-students-4df-128p,128,128,0.0035649882958545,100000,0.0177324208117873,,seconds,3.029147148132324,2.9155202582478523,megabytes,88270.0,88270.0,61.0,52.45454545454545,0.096509952,0.096509952,0.79375,0.7384943181818181,success,sinkhorn,0.001,100000
1D-students-4df-128p,128,128,0.0105135673343102,100000,0.054513566771699,,seconds,2.9607975482940674,2.857389096170664,megabytes,88270.0,88270.0,61.0,56.66666666666666,0.097165312,0.097165312,0.8015625,0.7507161458333335,success,sinkhorn,0.001,100000
1D-students-4df-128p,128,128,0.0009030088059216,6091,9.99107633869604e-07,,seconds,0.2486021518707275,0.177473459392786,megabytes,88270.0,88270.0,4.0,4.0,0.06821888,0.06821888,0.54765625,0.54765625,success,sinkhorn,0.001,100000
1D-students-4df-128p,128,128,0.0034271274509762,100000,0.005885745698553,,seconds,3.089671850204468,2.8659199997782707,megabytes,88270.0,88270.0,61.0,54.15384615384615,0.097927168,0.097927168,0.8,0.7227764423076922,success,sinkhorn,0.001,100000
1D-students-4df-128p,128,128,0.0044893029643052,100000,0.0441897166288965,,seconds,2.9509425163269043,2.8924445379525423,megabytes,88270.0,88270.0,61.0,57.083333333333336,0.097165312,0.097165312,0.79765625,0.7581380208333334,success,sinkhorn,0.001,100000
1D-students-4df-128p,128,128,0.0012417340280257,5481,9.979502798106624e-07,,seconds,0.2461843490600586,0.1591804530471563,megabytes,88270.0,88270.0,0.0,0.0,0.0683008,0.0683008,0.4796875,0.4796875,success,sinkhorn,0.001,100000
1D-students-4df-128p,128,128,0.0052053344601087,100000,0.0484217606228851,,seconds,2.9870197772979736,2.954145099967718,megabytes,88270.0,88270.0,60.0,54.0,0.097017856,0.097017856,0.80859375,0.771015625,success,sinkhorn,0.001,100000
1D-students-4df-128p,128,128,0.0029917703977774,100000,0.0101803698325288,,seconds,2.887016773223877,2.872132735326886,megabytes,88270.0,88270.0,61.0,57.41666666666666,0.097189888,0.097189888,0.79921875,0.7768880208333333,success,sinkhorn,0.001,100000
1D-students-4df-128p,128,128,0.0031617563750231,100000,0.0112692305198849,,seconds,3.078707218170166,2.962393844500184,megabytes,88270.0,88270.0,60.0,54.3,0.096956416,0.096956416,0.8078125,0.74875,success,sinkhorn,0.001,100000
1D-students-4df-128p,128,128,0.0041189843379347,100000,0.0352855323549019,,seconds,3.090250253677368,2.8988643307238817,megabytes,88270.0,88270.0,60.0,55.92307692307692,0.097714176,0.097714176,0.79375,0.7268629807692307,success,sinkhorn,0.001,100000
1D-students-4df-128p,128,128,0.005227707381521,100000,0.0100717680659628,,seconds,3.0623152256011963,2.9389328099787235,megabytes,88270.0,88270.0,61.0,55.90909090909091,0.097153024,0.097153024,0.8046875,0.7402698863636364,success,sinkhorn,0.001,100000
1D-students-4df-128p,128,128,0.0029964438860567,100000,0.0112423415570497,,seconds,3.099874258041382,2.8748778346925974,megabytes,88270.0,88270.0,61.0,54.61538461538461,0.097570816,0.097570816,0.79609375,0.7189903846153847,success,sinkhorn,0.001,100000
1D-students-4df-256p,256,256,0.0101653388532358,100000,0.0244817760190876,,seconds,3.279892921447754,3.094489872455597,megabytes,88270.0,88270.0,60.0,56.083333333333336,0.097845248,0.097845248,0.796875,0.7251953125,success,sinkhorn,0.001,100000
1D-students-4df-256p,256,256,0.0033938349317923,100000,0.0113436687882489,,seconds,3.495146989822388,3.280279401689768,megabytes,88270.0,88270.0,56.0,50.73333333333333,0.104030208,0.104030208,0.80625,0.7271875,success,sinkhorn,0.001,100000
1D-students-4df-256p,256,256,0.0051871413916123,100000,0.0452311422243282,,seconds,3.732720375061035,3.1185159757733345,megabytes,88270.0,88270.0,58.0,49.92857142857143,0.10354688,0.10354688,0.80703125,0.7290736607142856,success,sinkhorn,0.001,100000
1D-students-4df-256p,256,256,0.0044908451367576,100000,0.0312541522297389,,seconds,3.3739113807678223,3.287889936938882,megabytes,88270.0,88270.0,56.0,51.38461538461539,0.103604224,0.103604224,0.81015625,0.7534855769230769,success,sinkhorn,0.001,100000
1D-students-4df-256p,256,256,0.0039747643789325,100000,0.0196747355507913,,seconds,3.127447366714477,3.124018333852291,megabytes,88270.0,88270.0,58.0,52.2,0.102879232,0.102879232,0.7984375,0.781640625,success,sinkhorn,0.001,100000
1D-students-4df-256p,256,256,0.0059511764204772,100000,0.059873022368543,,seconds,3.2976269721984863,3.201324962079525,megabytes,88270.0,88270.0,56.0,51.333333333333336,0.10315776,0.10315776,0.7984375,0.75,success,sinkhorn,0.001,100000
1D-students-4df-256p,256,256,0.0052029412673965,100000,0.0342089793461313,,seconds,3.122236490249634,3.0975001733750105,megabytes,88270.0,88270.0,59.0,53.45454545454545,0.103100416,0.103100416,0.8109375,0.7707386363636364,success,sinkhorn,0.001,100000
1D-students-4df-256p,256,256,0.0043789148647963,100000,0.0164764934312749,,seconds,3.280346393585205,3.1637848429381847,megabytes,88270.0,88270.0,59.0,49.75,0.102785024,0.102785024,0.790625,0.73916015625,success,sinkhorn,0.001,100000
1D-students-4df-256p,256,256,0.0039523314340363,100000,0.0195358235289469,,seconds,3.2904841899871826,3.128820886835456,megabytes,88270.0,88270.0,58.0,58.0,0.107507712,0.107507712,0.7984375,0.74046875,success,sinkhorn,0.001,100000
1D-students-4df-256p,256,256,0.0029922070884295,100000,0.0072106067852156,,seconds,3.42343544960022,3.211000656709075,megabytes,88270.0,88270.0,57.0,55.0,0.10348544,0.10348544,0.80703125,0.7242838541666666,success,sinkhorn,0.001,100000
1D-students-4df-256p,256,256,0.0039983580488789,100000,0.0174333312661314,,seconds,2.984844207763672,3.0826316252350807,megabytes,88270.0,88270.0,60.0,59.285714285714285,0.102711296,0.102711296,0.79609375,0.7815848214285713,success,sinkhorn,0.001,100000
1D-students-4df-256p,256,256,0.0029968838483624,100000,0.0079561493517216,,seconds,3.500207662582397,3.3077527657151222,megabytes,88270.0,88270.0,58.0,53.54545454545455,0.103424,0.103424,0.79765625,0.7144176136363636,success,sinkhorn,0.001,100000
1D-students-4df-256p,256,256,0.0005713717486872,4791,9.889121550724456e-07,,seconds,0.3718152046203613,0.1562975849956274,megabytes,88270.0,88270.0,0.0,0.0,0.074502144,0.074502144,0.09296875,0.09296875,success,sinkhorn,0.001,100000
1D-students-4df-256p,256,256,0.0037515637491134,100000,0.0110182813954814,,seconds,3.27313494682312,3.21729514375329,megabytes,88270.0,88270.0,56.0,50.4,0.10295296,0.10295296,0.7953125,0.75953125,success,sinkhorn,0.001,100000
1D-students-4df-256p,256,256,0.0046191009910837,100000,0.0363175410278448,,seconds,3.0363359451293945,3.0185191445052624,megabytes,88270.0,88270.0,60.0,58.333333333333336,0.107606016,0.107606016,0.80859375,0.7775173611111111,success,sinkhorn,0.001,100000
1D-students-4df-256p,256,256,0.0047166359278744,100000,0.0230391672918245,,seconds,3.160698413848877,3.0334619637578726,megabytes,88270.0,88270.0,59.0,52.888888888888886,0.107573248,0.107573248,0.79921875,0.7329861111111112,success,sinkhorn,0.001,100000
1D-students-4df-256p,256,256,0.0034276642826085,100000,0.0041800104714421,,seconds,3.3451759815216064,3.151137156412005,megabytes,88270.0,88270.0,58.0,51.6,0.103727104,0.103727104,0.8140625,0.708046875,success,sinkhorn,0.001,100000
1D-students-4df-256p,256,256,0.0012419220681708,5231,9.984303905031826e-07,,seconds,0.3528525829315185,0.1754086408764124,megabytes,88270.0,88270.0,21.0,21.0,0.074059776,0.074059776,0.24375,0.24375,success,sinkhorn,0.001,100000
1D-students-4df-256p,256,256,0.0022486099043889,100000,0.0016521915342421,,seconds,3.327430963516236,3.1192401498556137,megabytes,88270.0,88270.0,59.0,53.3,0.103718912,0.103718912,0.8,0.7032812500000001,success,sinkhorn,0.001,100000
1D-students-4df-256p,256,256,0.0027220786533204,100000,0.0049543459769353,,seconds,3.5049233436584477,3.293742224574089,megabytes,88270.0,88270.0,56.0,50.27272727272727,0.10381312,0.10381312,0.80390625,0.7143465909090908,success,sinkhorn,0.001,100000
1D-students-4df-256p,256,256,0.0009031424426843,5831,9.91900619277755e-07,,seconds,0.3651721477508545,0.1846650652587413,megabytes,88270.0,88270.0,48.0,48.0,0.074059776,0.074059776,0.21484375,0.21484375,success,sinkhorn,0.001,100000
1D-students-4df-256p,256,256,0.0035653723372115,100000,0.0125439173066563,,seconds,3.3127551078796387,3.1842527240514755,megabytes,88270.0,88270.0,59.0,53.75,0.103124992,0.103124992,0.7859375,0.73408203125,success,sinkhorn,0.001,100000
1D-students-4df-256p,256,256,0.0012284225830171,5881,9.88596242791254e-07,,seconds,0.3314247131347656,0.1876328382641077,megabytes,88270.0,88270.0,2.0,2.0,0.074039296,0.074039296,0.3171875,0.3171875,success,sinkhorn,0.001,100000
1D-students-4df-256p,256,256,0.003114364045287,100000,0.005915643797653,,seconds,3.3418455123901367,3.331726113334298,megabytes,88270.0,88270.0,56.0,54.9,0.103305216,0.103305216,0.80546875,0.769609375,success,sinkhorn,0.001,100000
1D-students-4df-256p,256,256,0.0036073003224317,100000,0.0107842721820632,,seconds,3.400511741638184,3.226969044655561,megabytes,88270.0,88270.0,57.0,53.54545454545455,0.103706624,0.103706624,0.80078125,0.7249289772727272,success,sinkhorn,0.001,100000
1D-students-4df-256p,256,256,0.0031617023936931,100000,0.0079707588178068,,seconds,3.576530933380127,3.3439092561602592,megabytes,88270.0,88270.0,55.0,49.3,0.103907328,0.103907328,0.81015625,0.70203125,success,sinkhorn,0.001,100000
1D-students-4df-256p,256,256,0.0041199906495766,100000,0.0249569366300975,,seconds,3.1279098987579346,3.0768789760768414,megabytes,88270.0,88270.0,59.0,55.888888888888886,0.10790912,0.10790912,0.78515625,0.7591145833333334,success,sinkhorn,0.001,100000
1D-students-4df-256p,256,256,0.0105220868403028,100000,0.0386113731118029,,seconds,3.3986098766326904,3.3607947882264853,megabytes,88270.0,88270.0,55.0,52.0,0.103325696,0.103325696,0.7859375,0.7633593750000001,success,sinkhorn,0.001,100000
1D-students-4df-256p,256,256,0.0052273703879711,100000,0.0071113598051147,,seconds,3.2144062519073486,3.1009742338210344,megabytes,88270.0,88270.0,60.0,54.55555555555556,0.10795008,0.10795008,0.80546875,0.739236111111111,success,sinkhorn,0.001,100000
1D-students-4df-256p,256,256,0.010727356525081,100000,0.0885501937918054,,seconds,3.2019784450531006,3.083736253902316,megabytes,88270.0,88270.0,59.0,58.3,0.107937792,0.107937792,0.80703125,0.7372656249999999,success,sinkhorn,0.001,100000
1D-students-4df-512p,512,512,0.0012418728054211,4981,9.9896467040579e-07,,seconds,0.4080812931060791,0.1845661662518978,megabytes,88270.0,88270.0,0.0,0.0,0.074129408,0.074129408,0.2578125,0.2578125,success,sinkhorn,0.001,100000
1D-students-4df-512p,512,512,0.0052029975597215,100000,0.0241919449832201,,seconds,3.8887779712677,3.669743463397026,megabytes,88270.0,88270.0,61.0,54.0,0.10551296,0.10551296,0.81484375,0.7197916666666666,success,sinkhorn,0.001,100000
1D-students-4df-512p,512,512,0.0059527927295182,100000,0.0423418270629916,,seconds,3.897956609725952,3.746010197326541,megabytes,88270.0,88270.0,61.0,55.63636363636363,0.105005056,0.105005056,0.79609375,0.7387073863636363,success,sinkhorn,0.001,100000
1D-students-4df-512p,512,512,0.0105213023889298,100000,0.0272983518457555,,seconds,3.8318912982940674,3.669455897063017,megabytes,88270.0,88270.0,61.0,57.81818181818182,0.105259008,0.105259008,0.7984375,0.7181818181818183,success,sinkhorn,0.001,100000
1D-students-4df-512p,512,512,0.0012282585630766,5621,9.918810186480725e-07,,seconds,0.3800408840179443,0.2083467822521925,megabytes,88270.0,88270.0,49.0,49.0,0.074051584,0.074051584,0.271875,0.271875,success,sinkhorn,0.001,100000
1D-students-4df-512p,512,512,0.0009030330018572,5561,9.97690892718941e-07,,seconds,0.3543047904968261,0.2071041073650121,megabytes,88270.0,88270.0,10.0,10.0,0.074027008,0.074027008,0.27890625,0.27890625,success,sinkhorn,0.001,100000
1D-students-4df-512p,512,512,0.0107244260987472,100000,0.0625910390174763,,seconds,3.772528886795044,3.667188575491309,megabytes,88270.0,88270.0,61.0,55.45454545454545,0.104833024,0.104833024,0.80390625,0.7540482954545453,success,sinkhorn,0.001,100000
1D-students-4df-512p,512,512,0.0029922626377712,100000,0.0051007439042163,,seconds,3.877829551696777,3.674435637891293,megabytes,88270.0,88270.0,61.0,56.41666666666666,0.105312256,0.105312256,0.7984375,0.7190104166666668,success,sinkhorn,0.001,100000
1D-students-4df-512p,512,512,0.0022486155042547,100000,0.0011724739738871,,seconds,3.701726198196411,3.658631663769484,megabytes,88270.0,88270.0,61.0,59.0,0.1048576,0.1048576,0.77890625,0.7638494318181818,success,sinkhorn,0.001,100000
1D-students-4df-512p,512,512,0.0037515715691952,100000,0.0077926892486815,,seconds,3.8565361499786377,3.667855070903897,megabytes,88270.0,88270.0,61.0,55.91666666666666,0.109871104,0.109871104,0.80859375,0.7287760416666668,success,sinkhorn,0.001,100000
1D-students-4df-512p,512,512,0.0031617953839181,100000,0.0056371787269638,,seconds,3.5427582263946533,3.671797102317214,megabytes,88270.0,88270.0,61.0,56.90909090909091,0.104849408,0.104849408,0.80390625,0.7860795454545454,success,sinkhorn,0.001,100000
1D-students-4df-512p,512,512,0.0041202534714437,100000,0.0176484202631625,,seconds,3.591022253036499,3.705847671255469,megabytes,88270.0,88270.0,61.0,54.8,0.10471424,0.10471424,0.80234375,0.775078125,success,sinkhorn,0.001,100000
1D-students-4df-512p,512,512,0.0031144168745632,100000,0.0041830319853408,,seconds,3.7161319255828857,3.6692490223795176,megabytes,88270.0,88270.0,61.0,57.583333333333336,0.104996864,0.104996864,0.79921875,0.7673828124999998,success,sinkhorn,0.001,100000
1D-students-4df-512p,512,512,0.0044912518104677,100000,0.0221013767805315,,seconds,3.8205058574676514,3.669895237311721,megabytes,88270.0,88270.0,62.0,57.16666666666666,0.109473792,0.109473792,0.8,0.7408854166666666,success,sinkhorn,0.001,100000
1D-students-4df-512p,512,512,0.0029969943499235,100000,0.00562703565241,,seconds,3.802011489868164,3.656279956921935,megabytes,88270.0,88270.0,61.0,56.333333333333336,0.105005056,0.105005056,0.80546875,0.7335937499999999,success,sinkhorn,0.001,100000
1D-students-4df-512p,512,512,0.0034277718504241,100000,0.0029590477415322,,seconds,3.640941619873047,3.675145875662565,megabytes,88270.0,88270.0,61.0,60.0,0.109473792,0.109473792,0.8125,0.780255681818182,success,sinkhorn,0.001,100000
1D-students-4df-512p,512,512,0.0051873357529153,100000,0.0319820144984056,,seconds,3.784545421600342,3.667846318334341,megabytes,88270.0,88270.0,61.0,58.5,0.104935424,0.104935424,0.80078125,0.7417317708333333,success,sinkhorn,0.001,100000
1D-students-4df-512p,512,512,0.0036074051368633,100000,0.0076269475510433,,seconds,3.712777614593506,3.744646105915308,megabytes,88270.0,88270.0,62.0,61.0,0.104759296,0.104759296,0.79375,0.77890625,success,sinkhorn,0.001,100000
1D-students-4df-512p,512,512,0.0047161445205189,100000,0.0162821721088126,,seconds,3.818602800369263,3.6677918843925,megabytes,88270.0,88270.0,61.0,58.30769230769231,0.10942464,0.10942464,0.79609375,0.7382211538461539,success,sinkhorn,0.001,100000
1D-students-4df-512p,512,512,0.0101642542591703,100000,0.0173077238416495,,seconds,3.946121215820313,3.772654987871647,megabytes,88270.0,88270.0,60.0,54.18181818181818,0.105189376,0.105189376,0.803125,0.7315340909090909,success,sinkhorn,0.001,100000
1D-students-4df-512p,512,512,0.0027221594966907,100000,0.0035043617082807,,seconds,3.6992533206939697,3.667864130809903,megabytes,88270.0,88270.0,62.0,61.72727272727273,0.104718336,0.104718336,0.8140625,0.7693181818181819,success,sinkhorn,0.001,100000
1D-students-4df-512p,512,512,0.0043792328255711,100000,0.0116522626587852,,seconds,3.7603354454040527,3.67733421176672,megabytes,88270.0,88270.0,62.0,57.15384615384615,0.104923136,0.104923136,0.80546875,0.7587740384615386,success,sinkhorn,0.001,100000
1D-students-4df-512p,512,512,0.0046189602464047,100000,0.0256824454484223,,seconds,3.952360391616821,3.793823767453432,megabytes,88270.0,88270.0,61.0,56.81818181818182,0.109830144,0.109830144,0.790625,0.7294744318181817,success,sinkhorn,0.001,100000
1D-students-4df-512p,512,512,0.0033939733629072,100000,0.0080225160004036,,seconds,3.725999116897583,3.671844895929098,megabytes,88270.0,88270.0,61.0,56.91666666666666,0.104886272,0.104886272,0.79921875,0.7634765624999998,success,sinkhorn,0.001,100000
1D-students-4df-512p,512,512,0.0035650697019861,100000,0.0088680198526635,,seconds,3.910522222518921,3.802347596734762,megabytes,88270.0,88270.0,61.0,54.63636363636363,0.109428736,0.109428736,0.79921875,0.7483664772727273,success,sinkhorn,0.001,100000
1D-students-4df-512p,512,512,0.003998287948702,100000,0.0123269021903894,,seconds,3.690899848937988,3.684829378500581,megabytes,88270.0,88270.0,62.0,60.15384615384615,0.105414656,0.105414656,0.809375,0.7817908653846153,success,sinkhorn,0.001,100000
1D-students-4df-512p,512,512,0.0005713712871854,4531,9.95654742822752e-07,,seconds,0.3152320384979248,0.1687412168830633,megabytes,88270.0,88270.0,23.0,23.0,0.077623296,0.077623296,0.3140625,0.3140625,success,sinkhorn,0.001,100000
1D-students-4df-512p,512,512,0.0052274506013273,100000,0.0050321917475258,,seconds,3.990033626556397,3.769805328920484,megabytes,88270.0,88270.0,61.0,55.5,0.109817856,0.109817856,0.7953125,0.7195312500000001,success,sinkhorn,0.001,100000
1D-students-4df-512p,512,512,0.0039749610682806,100000,0.0139132581527953,,seconds,3.845085859298706,3.667940963059664,megabytes,88270.0,88270.0,62.0,59.71428571428572,0.109912064,0.109912064,0.80390625,0.7376116071428572,success,sinkhorn,0.001,100000
1D-students-4df-512p,512,512,0.0039524616848837,100000,0.0138151508731686,,seconds,3.8563249111175537,3.7165697552263737,megabytes,88270.0,88270.0,61.0,54.8,0.104574976,0.104574976,0.8046875,0.745859375,success,sinkhorn,0.001,100000
1D-students-4df-1024p,1024,1024,0.0052031158993282,100000,0.0171067363011687,,seconds,3.601767301559448,3.696461023762822,megabytes,88270.0,88270.0,61.0,60.1,0.104521728,0.104521728,0.79140625,0.7765624999999999,success,sinkhorn,0.001,100000
1D-students-4df-1024p,1024,1024,0.0012279569485665,5361,9.95181706399096e-07,,seconds,0.3880228996276855,0.2005302589386701,megabytes,88270.0,88270.0,23.0,23.0,0.077570048,0.077570048,0.2375,0.2375,success,sinkhorn,0.001,100000
1D-students-4df-1024p,1024,1024,0.0012417277263672,4731,9.995122304524137e-07,,seconds,0.3775444030761719,0.1801386065781116,megabytes,88270.0,88270.0,0.0,0.0,0.088674304,0.088674304,0.21015625,0.21015625,success,sinkhorn,0.001,100000
1D-students-4df-1024p,1024,1024,0.0052274456987856,100000,0.0035578537530238,,seconds,3.844848155975342,3.712653335183859,megabytes,88270.0,88270.0,61.0,61.0,0.104681472,0.104681472,0.8046875,0.737002840909091,success,sinkhorn,0.001,100000
1D-students-4df-1024p,1024,1024,0.0031617786518118,100000,0.0039856874150798,,seconds,3.887996196746826,3.70034146681428,megabytes,88270.0,88270.0,61.0,59.07692307692308,0.104779776,0.104779776,0.7890625,0.7331129807692308,success,sinkhorn,0.001,100000
1D-students-4df-1024p,1024,1024,0.0041202509138964,100000,0.0124795463375494,,seconds,3.788509607315064,3.683594975620508,megabytes,88270.0,88270.0,61.0,56.15384615384615,0.10766336,0.10766336,0.80625,0.7564302884615385,success,sinkhorn,0.001,100000
1D-students-4df-1024p,1024,1024,0.0022486290775727,100000,0.000830721489865,,seconds,3.724678039550781,3.7206015922129154,megabytes,88270.0,88270.0,61.0,58.0,0.104710144,0.104710144,0.81171875,0.7881009615384615,success,sinkhorn,0.001,100000
1D-students-4df-1024p,1024,1024,0.004491197513676,100000,0.0156271535799554,,seconds,3.7769935131073,3.7160468697547913,megabytes,88270.0,88270.0,61.0,57.38461538461539,0.104722432,0.104722432,0.82734375,0.7603966346153848,success,sinkhorn,0.001,100000
1D-students-4df-1024p,1024,1024,0.0051872520801607,100000,0.0226150521786089,,seconds,3.908280372619629,3.7132332529872656,megabytes,88270.0,88270.0,61.0,53.81818181818182,0.103374848,0.103374848,0.8078125,0.7215198863636364,success,sinkhorn,0.001,100000
1D-students-4df-1024p,1024,1024,0.0009028181211486,5301,9.905042458795342e-07,,seconds,0.3602769374847412,0.198580740019679,megabytes,88270.0,88270.0,47.0,47.0,0.0739328,0.0739328,0.27734375,0.27734375,success,sinkhorn,0.001,100000
1D-students-4df-1024p,1024,1024,0.0034277423533327,100000,0.002091606552571,,seconds,3.824500560760498,3.70426956564188,megabytes,88270.0,88270.0,61.0,57.63636363636363,0.104640512,0.104640512,0.8015625,0.7418323863636364,success,sinkhorn,0.001,100000
1D-students-4df-1024p,1024,1024,0.0005713104772498,4281,9.889184827371644e-07,,seconds,0.3929808139801025,0.1636194549500942,megabytes,88270.0,88270.0,46.0,46.0,0.089092096,0.089092096,0.0890625,0.0890625,success,sinkhorn,0.001,100000
1D-students-4df-1024p,1024,1024,0.003393971877184,100000,0.0056730192745596,,seconds,3.798057556152344,3.690873289480805,megabytes,88270.0,88270.0,62.0,58.38461538461539,0.109289472,0.109289472,0.80703125,0.7554687499999999,success,sinkhorn,0.001,100000
1D-students-4df-1024p,1024,1024,0.0035651106820653,100000,0.0062708793872543,,seconds,3.926499605178833,3.74985471367836,megabytes,88270.0,88270.0,61.0,55.69230769230769,0.105111552,0.105111552,0.80234375,0.7380408653846153,success,sinkhorn,0.001,100000
1D-students-4df-1024p,1024,1024,0.0037516069162189,100000,0.0055104540041981,,seconds,3.886287450790405,3.715214414522052,megabytes,88270.0,88270.0,61.0,61.0,0.105017344,0.105017344,0.8125,0.727556818181818,success,sinkhorn,0.001,100000
1D-students-4df-1024p,1024,1024,0.0027221645749523,100000,0.0024779154591519,,seconds,3.800458431243897,3.715393582358956,megabytes,88270.0,88270.0,61.0,57.69230769230769,0.104751104,0.104751104,0.80234375,0.7546875000000001,success,sinkhorn,0.001,100000
1D-students-4df-1024p,1024,1024,0.0039525097202278,100000,0.0097690094023917,,seconds,3.756848573684693,3.764839883893728,megabytes,88270.0,88270.0,61.0,55.66666666666666,0.104677376,0.104677376,0.8125,0.7843750000000002,success,sinkhorn,0.001,100000
1D-students-4df-1024p,1024,1024,0.0107212722398303,100000,0.0442615771713202,,seconds,3.970297574996948,3.7396281231194735,megabytes,88270.0,88270.0,61.0,58.76923076923077,0.105406464,0.105406464,0.80703125,0.7245192307692307,success,sinkhorn,0.001,100000
1D-students-4df-1024p,1024,1024,0.0043793132524071,100000,0.0082396913215407,,seconds,3.922999143600464,3.751618081703782,megabytes,88270.0,88270.0,61.0,57.85714285714285,0.105168896,0.105168896,0.8,0.7379464285714287,success,sinkhorn,0.001,100000
1D-students-4df-1024p,1024,1024,0.0039983002218482,100000,0.0087165049384357,,seconds,3.778742790222168,3.729633629322052,megabytes,88270.0,88270.0,61.0,60.46153846153846,0.104697856,0.104697856,0.8078125,0.7658052884615386,success,sinkhorn,0.001,100000
1D-students-4df-1024p,1024,1024,0.0031144287267392,100000,0.0029578641768661,,seconds,4.018611192703247,3.723064551129937,megabytes,88270.0,88270.0,61.0,55.18181818181818,0.105263104,0.105263104,0.809375,0.7082386363636363,success,sinkhorn,0.001,100000
1D-students-4df-1024p,1024,1024,0.0036073576212822,100000,0.0053925412844212,,seconds,3.905097723007202,3.707816859707236,megabytes,88270.0,88270.0,61.0,56.0,0.105009152,0.105009152,0.803125,0.7165482954545453,success,sinkhorn,0.001,100000
1D-students-4df-1024p,1024,1024,0.0029922834412627,100000,0.0036071328568702,,seconds,3.72471022605896,3.707633014768362,megabytes,88270.0,88270.0,61.0,56.69230769230769,0.104722432,0.104722432,0.80078125,0.7811899038461539,success,sinkhorn,0.001,100000
1D-students-4df-1024p,1024,1024,0.0047160977280244,100000,0.0115137907723463,,seconds,3.720523357391357,3.706414539366961,megabytes,88270.0,88270.0,61.0,55.45454545454545,0.104624128,0.104624128,0.7890625,0.7696732954545454,success,sinkhorn,0.001,100000
1D-students-4df-1024p,1024,1024,0.0029969872758721,100000,0.0039786837121688,,seconds,3.713535785675049,3.7016718108206983,megabytes,88270.0,88270.0,61.0,55.91666666666666,0.109154304,0.109154304,0.8015625,0.7725911458333332,success,sinkhorn,0.001,100000
1D-students-4df-1024p,1024,1024,0.0059531576349634,100000,0.0299407415424579,,seconds,3.786379098892212,3.745998742058873,megabytes,88270.0,88270.0,61.0,58.84615384615385,0.104620032,0.104620032,0.8109375,0.7708533653846155,success,sinkhorn,0.001,100000
1D-students-4df-1024p,1024,1024,0.0101639990045636,100000,0.012236495099727,,seconds,3.7275240421295166,3.7500019632279873,megabytes,88270.0,88270.0,61.0,57.07692307692308,0.104648704,0.104648704,0.8078125,0.7854567307692307,success,sinkhorn,0.001,100000
1D-students-4df-1024p,1024,1024,0.0039749581980684,100000,0.0098378119335652,,seconds,3.7111542224884033,3.752081125974655,megabytes,88270.0,88270.0,60.0,58.083333333333336,0.104542208,0.104542208,0.80625,0.7774088541666667,success,sinkhorn,0.001,100000
1D-students-4df-1024p,1024,1024,0.0105216402668444,100000,0.0193023827675867,,seconds,3.6123108863830566,3.736345859244466,megabytes,88270.0,88270.0,61.0,57.1,0.104374272,0.104374272,0.80078125,0.7786718749999999,success,sinkhorn,0.001,100000
1D-students-4df-1024p,1024,1024,0.0046190269109884,100000,0.0181605871557678,,seconds,3.8546738624572754,3.6860668156296015,megabytes,88270.0,88270.0,61.0,54.84615384615385,0.109461504,0.109461504,0.80703125,0.736778846153846,success,sinkhorn,0.001,100000
1D-students-4df-2048p,2048,2048,0.0101640958577588,100000,0.0086528339919078,,seconds,5.022040367126465,5.048230763524771,megabytes,88270.0,88270.0,67.0,63.1875,0.109432832,0.109432832,0.8078125,0.7731445312499998,success,sinkhorn,0.001,100000
1D-students-4df-2048p,2048,2048,0.0041202570712254,100000,0.0088243596052809,,seconds,5.120478630065918,5.125632531940937,megabytes,88270.0,88270.0,66.0,62.70588235294117,0.1851392,0.1851392,0.80625,0.7816636029411765,success,sinkhorn,0.001,100000
1D-students-4df-2048p,2048,2048,0.0027221675666031,100000,0.0017521808626187,,seconds,4.76774787902832,4.828116966411471,megabytes,88270.0,88270.0,71.0,70.15384615384616,0.104566784,0.104566784,0.8078125,0.7730168269230769,success,sinkhorn,0.001,100000
1D-students-4df-2048p,2048,2048,0.0039749541741351,100000,0.0069564377120937,,seconds,5.303314685821533,4.988357450813055,megabytes,88270.0,88270.0,67.0,67.0,0.105009152,0.105009152,0.80234375,0.7410644531250001,success,sinkhorn,0.001,100000
1D-students-4df-2048p,2048,2048,0.0107216209096886,100000,0.0312961943470693,,seconds,5.0301008224487305,5.086876651272178,megabytes,88270.0,88270.0,67.0,64.88235294117646,0.18495488,0.18495488,0.80859375,0.7870863970588236,success,sinkhorn,0.001,100000
1D-students-4df-2048p,2048,2048,0.0022486276447202,100000,0.0005874139456195,,seconds,5.119680643081665,4.9260435830801725,megabytes,88270.0,88270.0,69.0,66.71428571428571,0.109682688,0.109682688,0.79765625,0.7272879464285715,success,sinkhorn,0.001,100000
1D-students-4df-2048p,2048,2048,0.0105216251726234,100000,0.0136491845194914,,seconds,5.09617805480957,4.926574854180217,megabytes,88270.0,88270.0,69.0,65.88235294117646,0.185069568,0.185069568,0.80546875,0.7478400735294117,success,sinkhorn,0.001,100000
1D-students-4df-2048p,2048,2048,0.0031144242694243,100000,0.0020914965858265,,seconds,4.960076808929443,4.925679866224527,megabytes,88270.0,88270.0,68.0,63.6,0.10481664,0.10481664,0.80234375,0.76796875,success,sinkhorn,0.001,100000
1D-students-4df-2048p,2048,2048,0.0033939736279155,100000,0.0040114101066428,,seconds,4.930300712585449,4.924653947353363,megabytes,88270.0,88270.0,69.0,64.07142857142857,0.104620032,0.104620032,0.8046875,0.7736049107142857,success,sinkhorn,0.001,100000
1D-students-4df-2048p,2048,2048,0.0051872292367896,100000,0.0159910439473439,,seconds,5.342928886413574,5.0850900039076805,megabytes,88270.0,88270.0,67.0,63.125,0.10493952,0.10493952,0.80546875,0.7501953125,success,sinkhorn,0.001,100000
1D-students-4df-2048p,2048,2048,0.0009024848930828,5031,9.962884485977254e-07,,seconds,0.3493096828460693,0.2561720348894596,megabytes,88270.0,88270.0,0.0,0.0,0.07401472,0.07401472,0.51171875,0.51171875,success,sinkhorn,0.001,100000
1D-students-4df-2048p,2048,2048,0.0039525086074816,100000,0.0069077364353361,,seconds,5.214694499969482,4.959984442219138,megabytes,88270.0,88270.0,68.0,62.8125,0.104968192,0.104968192,0.80625,0.7499999999999999,success,sinkhorn,0.001,100000
1D-students-4df-2048p,2048,2048,0.0043793009545075,100000,0.0058262773733707,,seconds,5.021359443664551,5.059130614623427,megabytes,88270.0,88270.0,67.0,63.588235294117645,0.184979456,0.184979456,0.80078125,0.7745404411764706,success,sinkhorn,0.001,100000
1D-students-4df-2048p,2048,2048,0.0044911600331328,100000,0.0110501304731491,,seconds,5.0201802253723145,4.986007308587432,megabytes,88270.0,88270.0,68.0,65.2,0.104886272,0.104886272,0.80234375,0.768125,success,sinkhorn,0.001,100000
1D-students-4df-2048p,2048,2048,0.0012275120916996,5101,9.984943599222902e-07,,seconds,0.2638399600982666,0.2572584319859743,megabytes,88270.0,88270.0,0.0,0.0,0.082653184,0.082653184,0.7484375,0.7484375,success,sinkhorn,0.001,100000
1D-students-4df-2048p,2048,2048,0.0005712047685852,4021,9.956707100690932e-07,,seconds,0.3971345424652099,0.2022064886987209,megabytes,88270.0,88270.0,0.0,0.0,0.088899584,0.088899584,0.20546875,0.20546875,success,sinkhorn,0.001,100000
1D-students-4df-2048p,2048,2048,0.0036073628021162,100000,0.0038131556002186,,seconds,5.319076061248779,5.043809987604618,megabytes,88270.0,88270.0,67.0,62.86666666666667,0.105459712,0.105459712,0.79296875,0.7260937500000002,success,sinkhorn,0.001,100000
1D-students-4df-2048p,2048,2048,0.0037515968008247,100000,0.0038963718632862,,seconds,5.1627936363220215,5.101065181195736,megabytes,88270.0,88270.0,66.0,62.11764705882353,0.185012224,0.185012224,0.8046875,0.7661305147058824,success,sinkhorn,0.001,100000
1D-students-4df-2048p,2048,2048,0.0029922815734373,100000,0.0025506605976789,,seconds,5.518324613571167,5.197078712284565,megabytes,88270.0,88270.0,67.0,61.3125,0.105242624,0.105242624,0.80546875,0.742822265625,success,sinkhorn,0.001,100000
1D-students-4df-2048p,2048,2048,0.0034277497209877,100000,0.0014791111978987,,seconds,5.176972389221191,4.9828308299183846,megabytes,88270.0,88270.0,68.0,66.4,0.10524672,0.10524672,0.8046875,0.7336458333333334,success,sinkhorn,0.001,100000
1D-students-4df-2048p,2048,2048,0.0046190161226159,100000,0.0128415411678007,,seconds,5.224647760391235,5.008608276024461,megabytes,88270.0,88270.0,68.0,63.61111111111112,0.185253888,0.185253888,0.80703125,0.7366319444444445,success,sinkhorn,0.001,100000
1D-students-4df-2048p,2048,2048,0.0029969946683649,100000,0.002813396622013,,seconds,5.042723655700684,4.961320595815778,megabytes,88270.0,88270.0,68.0,64.70588235294117,0.184918016,0.184918016,0.8046875,0.7619025735294116,success,sinkhorn,0.001,100000
1D-students-4df-2048p,2048,2048,0.001241514610017,4491,9.862732429737627e-07,,seconds,0.3094842433929443,0.2258290201425552,megabytes,88270.0,88270.0,13.0,13.0,0.08902656,0.08902656,0.52421875,0.52421875,success,sinkhorn,0.001,100000
1D-students-4df-2048p,2048,2048,0.0052274548414944,100000,0.002515822245082,,seconds,5.090712308883667,5.01834280602634,megabytes,88270.0,88270.0,68.0,65.17647058823529,0.184922112,0.184922112,0.80390625,0.7687040441176471,success,sinkhorn,0.001,100000
1D-students-4df-2048p,2048,2048,0.0052030781466664,100000,0.0120962583044514,,seconds,4.915956974029541,4.954527882859111,megabytes,88270.0,88270.0,68.0,63.75,0.104861696,0.104861696,0.80859375,0.7776855468749999,success,sinkhorn,0.001,100000
1D-students-4df-2048p,2048,2048,0.0047161346769708,100000,0.008141600770947,,seconds,5.2955076694488525,5.178569786250591,megabytes,88270.0,88270.0,65.0,61.578947368421055,0.185122816,0.185122816,0.80078125,0.7569490131578946,success,sinkhorn,0.001,100000
1D-students-4df-2048p,2048,2048,0.0035651209414441,100000,0.004434224242198,,seconds,4.9918739795684814,4.938108256086707,megabytes,88270.0,88270.0,69.0,65.92857142857143,0.104763392,0.104763392,0.79921875,0.7662946428571428,success,sinkhorn,0.001,100000
1D-students-4df-2048p,2048,2048,0.0039982821314562,100000,0.0061634200618299,,seconds,4.934044599533081,4.939018612727523,megabytes,88270.0,88270.0,68.0,63.142857142857146,0.104730624,0.104730624,0.80703125,0.7787388392857143,success,sinkhorn,0.001,100000
1D-students-4df-2048p,2048,2048,0.0031617851237602,100000,0.0028183599834851,,seconds,5.092915773391724,4.919578414410353,megabytes,88270.0,88270.0,69.0,66.92307692307692,0.104771584,0.104771584,0.81015625,0.7512620192307692,success,sinkhorn,0.001,100000
1D-students-4df-2048p,2048,2048,0.0059529553102928,100000,0.0211709924975989,,seconds,4.92410135269165,4.932541336864233,megabytes,88270.0,88270.0,68.0,65.92857142857143,0.104828928,0.104828928,0.80390625,0.7784598214285714,success,sinkhorn,0.001,100000
1D-students-6df-32p,32,32,0.0014329931566691,5451,9.99339771672962e-07,,seconds,0.3836781978607178,0.1620416007936,megabytes,88270.0,88270.0,32.0,32.0,0.089399296,0.089399296,0.12109375,0.12109375,success,sinkhorn,0.001,100000
1D-students-6df-32p,32,32,0.0004699125378702,9021,9.950230933553494e-07,,seconds,0.3638749122619629,0.2605849262326956,megabytes,88270.0,88270.0,6.0,6.0,0.089014272,0.089014272,0.434375,0.434375,success,sinkhorn,0.001,100000
1D-students-6df-32p,32,32,0.0051037014298088,100000,0.1297683166722071,,seconds,3.03774356842041,2.8405616097152238,megabytes,88270.0,88270.0,60.0,58.2,0.109563904,0.109563904,0.796875,0.7060156249999999,success,sinkhorn,0.001,100000
1D-students-6df-32p,32,32,0.0055864567950504,100000,0.0182497670876992,,seconds,3.047430515289306,2.8485332392156124,megabytes,88270.0,88270.0,60.0,54.54545454545455,0.10469376,0.10469376,0.809375,0.7157670454545455,success,sinkhorn,0.001,100000
1D-students-6df-32p,32,32,0.0104666529468894,100000,0.0699467097986829,,seconds,3.067504405975342,2.8625444937497377,megabytes,88270.0,88270.0,60.0,55.25,0.104443904,0.104443904,0.79375,0.689453125,success,sinkhorn,0.001,100000
1D-students-6df-32p,32,32,0.0046486426307032,100000,0.0685074569004482,,seconds,3.019331455230713,2.835196679458022,megabytes,88270.0,88270.0,60.0,57.0,0.10457088,0.10457088,0.8109375,0.7044270833333334,success,sinkhorn,0.001,100000
1D-students-6df-32p,32,32,0.0027527887534861,100000,0.019790471785571,,seconds,2.933608055114746,2.8556615207344294,megabytes,88270.0,88270.0,60.0,54.0,0.10426368,0.10426368,0.80625,0.7607031249999999,success,sinkhorn,0.001,100000
1D-students-6df-32p,32,32,0.0027738377823049,100000,0.0220500723804438,,seconds,2.9080193042755127,2.850918622687459,megabytes,88270.0,88270.0,60.0,54.0,0.104267776,0.104267776,0.8109375,0.7540625000000001,success,sinkhorn,0.001,100000
1D-students-6df-32p,32,32,0.0011012340394681,4571,9.86400560124281e-07,,seconds,0.3913552761077881,0.135887436568737,megabytes,88270.0,88270.0,9.0,9.0,0.08945664,0.08945664,0.05703125,0.05703125,success,sinkhorn,0.001,100000
1D-students-6df-32p,32,32,0.0029436139361389,100000,0.0216332037142833,,seconds,2.9317386150360107,2.850089820101857,megabytes,88270.0,88270.0,60.0,56.5,0.10409984,0.10409984,0.80546875,0.739453125,success,sinkhorn,0.001,100000
1D-students-6df-32p,32,32,0.0040466948322706,100000,0.0556868184105389,,seconds,3.046926021575928,2.8583398405462503,megabytes,88270.0,88270.0,60.0,56.6,0.104726528,0.104726528,0.8046875,0.7166406249999999,success,sinkhorn,0.001,100000
1D-students-6df-32p,32,32,0.0034563833646489,100000,0.0348130260677826,,seconds,2.830859899520874,2.854077380150557,megabytes,88270.0,88270.0,60.0,53.333333333333336,0.104210432,0.104210432,0.79921875,0.7806423611111111,success,sinkhorn,0.001,100000
1D-students-6df-32p,32,32,0.0039701857545704,100000,0.0546633062278805,,seconds,2.973918437957764,2.8601818159222603,megabytes,88270.0,88270.0,60.0,59.77777777777778,0.104251392,0.104251392,0.784375,0.7297743055555554,success,sinkhorn,0.001,100000
1D-students-6df-32p,32,32,0.0037044718100538,100000,0.0309802200095264,,seconds,2.897978544235229,2.830234080553055,megabytes,88270.0,88270.0,60.0,54.0,0.109154304,0.109154304,0.80234375,0.756171875,success,sinkhorn,0.001,100000
1D-students-6df-32p,32,32,0.0045307598873103,100000,0.1041524130433282,,seconds,2.841302394866944,2.853619271889329,megabytes,88270.0,88270.0,60.0,54.0,0.10432512,0.10432512,0.803125,0.775859375,success,sinkhorn,0.001,100000
1D-students-6df-32p,32,32,0.0025123650006145,100000,0.0004935519796835,,seconds,2.932205438613892,2.8225966542959213,megabytes,88270.0,88270.0,60.0,56.9,0.104251392,0.104251392,0.8046875,0.741328125,success,sinkhorn,0.001,100000
1D-students-6df-32p,32,32,0.0061230601166602,100000,0.172385911817552,,seconds,2.967771053314209,2.855892898514867,megabytes,88270.0,88270.0,60.0,54.4,0.104198144,0.104198144,0.80390625,0.738984375,success,sinkhorn,0.001,100000
1D-students-6df-32p,32,32,0.0044001008018382,100000,0.0888191562194756,,seconds,2.846376657485962,2.829759957268834,megabytes,88270.0,88270.0,60.0,54.0,0.104194048,0.104194048,0.8015625,0.775390625,success,sinkhorn,0.001,100000
1D-students-6df-32p,32,32,0.0015344462730092,4051,9.765829275402487e-07,,seconds,0.254770278930664,0.1185175236314535,megabytes,88270.0,88270.0,0.0,0.0,0.07391232,0.07391232,0.2984375,0.2984375,success,sinkhorn,0.001,100000
1D-students-6df-32p,32,32,0.003399299007697,100000,0.0118687167290679,,seconds,2.941435575485229,2.902001859620213,megabytes,88270.0,88270.0,60.0,54.25,0.104067072,0.104067072,0.8046875,0.7687499999999999,success,sinkhorn,0.001,100000
1D-students-6df-32p,32,32,0.0029606454720507,100000,0.017327246967597,,seconds,2.9674432277679443,2.862468894571066,megabytes,88270.0,88270.0,60.0,59.875,0.104050688,0.104050688,0.79609375,0.74677734375,success,sinkhorn,0.001,100000
1D-students-6df-32p,32,32,0.0032217538565361,100000,0.0308015458079618,,seconds,2.8400018215179443,2.826504450291395,megabytes,88270.0,88270.0,60.0,58.375,0.103972864,0.103972864,0.80859375,0.77705078125,success,sinkhorn,0.001,100000
1D-students-6df-32p,32,32,0.0039890433427566,100000,0.0502446492446771,,seconds,2.94655704498291,2.853637410327792,megabytes,88270.0,88270.0,60.0,53.0,0.104030208,0.104030208,0.80234375,0.74873046875,success,sinkhorn,0.001,100000
1D-students-6df-32p,32,32,0.0050509058350094,100000,0.0970273939442416,,seconds,2.91927433013916,2.8080107532441616,megabytes,88270.0,88270.0,60.0,52.5,0.104022016,0.104022016,0.803125,0.7302734375,success,sinkhorn,0.001,100000
1D-students-6df-32p,32,32,0.0025502159951093,100000,0.0146632454219486,,seconds,3.052645206451416,2.847390405833721,megabytes,88270.0,88270.0,60.0,58.8,0.104505344,0.104505344,0.77890625,0.6989062500000001,success,sinkhorn,0.001,100000
1D-students-6df-32p,32,32,0.0036945337280134,100000,0.031068625429992,,seconds,2.838347911834717,2.820659900084138,megabytes,88270.0,88270.0,60.0,54.0,0.104194048,0.104194048,0.803125,0.77640625,success,sinkhorn,0.001,100000
1D-students-6df-32p,32,32,0.0042624885455825,100000,0.0689657758650813,,seconds,3.132096767425537,2.9617866165935998,megabytes,88270.0,88270.0,60.0,53.11111111111112,0.109555712,0.109555712,0.80625,0.722482638888889,success,sinkhorn,0.001,100000
1D-students-6df-32p,32,32,0.010912977892089,100000,0.1121458723176441,,seconds,3.019683837890625,2.8332396131008863,megabytes,88270.0,88270.0,60.0,54.44444444444444,0.104448,0.104448,0.809375,0.7065972222222223,success,sinkhorn,0.001,100000
1D-students-6df-32p,32,32,0.0045429069616369,100000,0.0475985353127881,,seconds,3.004356622695923,2.943758063018322,megabytes,88270.0,88270.0,60.0,56.285714285714285,0.109166592,0.109166592,0.79765625,0.7542410714285716,success,sinkhorn,0.001,100000
1D-students-6df-32p,32,32,0.0125299848795657,100000,0.2564688209674118,,seconds,2.997497320175171,2.847959335893393,megabytes,88270.0,88270.0,60.0,53.11111111111112,0.104083456,0.104083456,0.79765625,0.7203124999999999,success,sinkhorn,0.001,100000
1D-students-6df-64p,64,64,0.0107227992218723,100000,0.0792369995451805,,seconds,2.849769115447998,2.8442389462143183,megabytes,88270.0,88270.0,60.0,54.0,0.104153088,0.104153088,0.8078125,0.773046875,success,sinkhorn,0.001,100000
1D-students-6df-64p,64,64,0.0033834616472454,100000,0.0078404842194772,,seconds,2.7575628757476807,2.850717231631279,megabytes,88270.0,88270.0,60.0,54.875,0.103989248,0.103989248,0.80546875,0.7837890625,success,sinkhorn,0.001,100000
1D-students-6df-64p,64,64,0.0051695815635584,100000,0.0685283050885132,,seconds,3.032093048095703,2.8476828169077635,megabytes,88270.0,88270.0,61.0,59.888888888888886,0.10954752,0.10954752,0.80546875,0.7057291666666665,success,sinkhorn,0.001,100000
1D-students-6df-64p,64,64,0.0036964530936598,100000,0.0217057903028153,,seconds,2.7991931438446045,2.845206892117858,megabytes,88270.0,88270.0,60.0,55.1,0.104091648,0.104091648,0.7984375,0.7850781249999998,success,sinkhorn,0.001,100000
1D-students-6df-64p,64,64,0.0039425024466338,100000,0.0393899647738851,,seconds,2.911520004272461,2.8918651286512613,megabytes,88270.0,88270.0,60.0,56.57142857142857,0.103829504,0.103829504,0.80390625,0.7734375,success,sinkhorn,0.001,100000
1D-students-6df-64p,64,64,0.003110403680774,100000,0.0122299776995866,,seconds,2.849292993545532,2.8490207009017467,megabytes,88270.0,88270.0,61.0,51.1,0.104075264,0.104075264,0.80546875,0.77625,success,sinkhorn,0.001,100000
1D-students-6df-64p,64,64,0.0022074127869866,100000,0.0018010810166637,,seconds,2.874209403991699,2.837236927822232,megabytes,88270.0,88270.0,60.0,52.5,0.103936,0.103936,0.80703125,0.76748046875,success,sinkhorn,0.001,100000
1D-students-6df-64p,64,64,0.0039947825275675,100000,0.0357528811439811,,seconds,2.819840431213379,2.850435433909297,megabytes,88270.0,88270.0,61.0,53.6,0.104112128,0.104112128,0.81328125,0.77734375,success,sinkhorn,0.001,100000
1D-students-6df-64p,64,64,0.0046434060271125,100000,0.0736301081217154,,seconds,3.078449010848999,2.8430176470428705,megabytes,88270.0,88270.0,61.0,55.90909090909091,0.104968192,0.104968192,0.7984375,0.7044034090909091,success,sinkhorn,0.001,100000
1D-students-6df-64p,64,64,0.0029655189034877,100000,0.0154549654009683,,seconds,3.072833776473999,2.8570097740739584,megabytes,88270.0,88270.0,60.0,54.54545454545455,0.104681472,0.104681472,0.80390625,0.7123579545454546,success,sinkhorn,0.001,100000
1D-students-6df-64p,64,64,0.0039320716186308,100000,0.0389216339940952,,seconds,2.8078033924102783,2.8454191721975803,megabytes,88270.0,88270.0,61.0,52.875,0.104013824,0.104013824,0.80625,0.775,success,sinkhorn,0.001,100000
1D-students-6df-64p,64,64,0.0005670427161088,5311,9.988763905401603e-07,,seconds,0.3459782600402832,0.157537542283535,megabytes,88270.0,88270.0,46.0,46.0,0.089817088,0.089817088,0.13671875,0.13671875,success,sinkhorn,0.001,100000
1D-students-6df-64p,64,64,0.0033365647692353,100000,0.0217940621545603,,seconds,2.820882797241211,2.842776043340564,megabytes,88270.0,88270.0,61.0,56.5,0.103964672,0.103964672,0.80078125,0.7830078125,success,sinkhorn,0.001,100000
1D-students-6df-64p,64,64,0.010292286711922,100000,0.0507692402847277,,seconds,2.9377641677856445,2.844644447788596,megabytes,88270.0,88270.0,61.0,53.55555555555556,0.104087552,0.104087552,0.803125,0.7432291666666666,success,sinkhorn,0.001,100000
1D-students-6df-64p,64,64,0.0052914227450643,100000,0.013503295206948,,seconds,2.8159964084625244,2.839935021474957,megabytes,88270.0,88270.0,61.0,58.0,0.104132608,0.104132608,0.81015625,0.7896701388888889,success,sinkhorn,0.001,100000
1D-students-6df-64p,64,64,0.0048128990551357,100000,0.0479361366077978,,seconds,2.868300199508667,2.851214401423931,megabytes,88270.0,88270.0,61.0,52.9,0.10428416,0.10428416,0.80390625,0.7718750000000001,success,sinkhorn,0.001,100000
1D-students-6df-64p,64,64,0.0008584217796761,6331,9.999421547514575e-07,,seconds,0.3519697189331054,0.1817721780389547,megabytes,88270.0,88270.0,55.0,55.0,0.07426048,0.07426048,0.2015625,0.2015625,success,sinkhorn,0.001,100000
1D-students-6df-64p,64,64,0.0035167372137507,100000,0.0244935990421083,,seconds,2.971089124679565,2.841303914785385,megabytes,88270.0,88270.0,61.0,58.1,0.104239104,0.104239104,0.80703125,0.740625,success,sinkhorn,0.001,100000
1D-students-6df-64p,64,64,0.005230284348087,100000,0.0915149342661578,,seconds,2.8005473613739014,2.8507161643356085,megabytes,88270.0,88270.0,61.0,54.1,0.104239104,0.104239104,0.81015625,0.78015625,success,sinkhorn,0.001,100000
1D-students-6df-64p,64,64,0.0044930453882103,100000,0.062733002211628,,seconds,2.869247913360596,2.827880296856165,megabytes,88270.0,88270.0,60.0,58.0,0.10399744,0.10399744,0.81015625,0.7587890625,success,sinkhorn,0.001,100000
1D-students-6df-64p,64,64,0.0115358930028032,100000,0.1824140300861204,,seconds,2.96895694732666,2.849107751622796,megabytes,88270.0,88270.0,61.0,59.77777777777778,0.104083456,0.104083456,0.79921875,0.7247395833333333,success,sinkhorn,0.001,100000
1D-students-6df-64p,64,64,0.0012142072960887,5781,9.894898685049287e-07,,seconds,0.4208576679229736,0.1656206957995891,megabytes,88270.0,88270.0,27.0,27.0,0.074387456,0.074387456,0.05703125,0.05703125,success,sinkhorn,0.001,100000
1D-students-6df-64p,64,64,0.0040859082802539,100000,0.0489046041508447,,seconds,2.9177212715148926,2.8647093288600445,megabytes,88270.0,88270.0,61.0,60.55555555555556,0.109248512,0.109248512,0.79296875,0.7549479166666667,success,sinkhorn,0.001,100000
1D-students-6df-64p,64,64,0.0031119442669808,100000,0.0152425898226869,,seconds,2.8386576175689697,2.8214047607034445,megabytes,88270.0,88270.0,61.0,55.3,0.104226816,0.104226816,0.803125,0.7725781249999999,success,sinkhorn,0.001,100000
1D-students-6df-64p,64,64,0.0060263065398147,100000,0.1229177558341722,,seconds,3.022594451904297,2.855290876701474,megabytes,88270.0,88270.0,61.0,54.3,0.104574976,0.104574976,0.8046875,0.72375,success,sinkhorn,0.001,100000
1D-students-6df-64p,64,64,0.0027262236049997,100000,0.0102402371988022,,seconds,2.843755960464477,2.8293855860829358,megabytes,88270.0,88270.0,61.0,59.5,0.109187072,0.109187072,0.80234375,0.7689453125,success,sinkhorn,0.001,100000
1D-students-6df-64p,64,64,0.0012170841040862,6401,9.916019822348144e-07,,seconds,0.3798811435699463,0.1854129955172538,megabytes,88270.0,88270.0,4.0,4.0,0.074067968,0.074067968,0.18046875,0.18046875,success,sinkhorn,0.001,100000
1D-students-6df-64p,64,64,0.0029466531805102,100000,0.0138815289383702,,seconds,2.931105375289917,2.82298437692225,megabytes,88270.0,88270.0,61.0,57.6,0.104046592,0.104046592,0.7828125,0.7401562500000001,success,sinkhorn,0.001,100000
1D-students-6df-64p,64,64,0.0043406990825448,100000,0.0337908590163943,,seconds,2.9857757091522217,2.857674572616816,megabytes,88270.0,88270.0,61.0,57.5,0.103849984,0.103849984,0.80234375,0.7210937500000001,success,sinkhorn,0.001,100000
1D-students-6df-64p,64,64,0.0035984382717823,100000,0.0220691082955635,,seconds,2.997713804244995,2.9152162205427885,megabytes,88270.0,88270.0,60.0,52.375,0.103845888,0.103845888,0.79921875,0.7545898437499999,success,sinkhorn,0.001,100000
1D-students-6df-128p,128,128,0.0035992065712918,100000,0.0156436779783053,,seconds,2.8625104427337646,2.870630457997322,megabytes,88270.0,88270.0,61.0,57.3,0.109043712,0.109043712,0.80703125,0.781328125,success,sinkhorn,0.001,100000
1D-students-6df-128p,128,128,0.0040019152399242,100000,0.0253405761780593,,seconds,3.0639913082122803,2.9005103949457407,megabytes,88270.0,88270.0,60.0,56.09090909090909,0.104431616,0.104431616,0.79921875,0.7225142045454546,success,sinkhorn,0.001,100000
1D-students-6df-128p,128,128,0.0029667267891153,100000,0.0109891685183395,,seconds,2.9036481380462646,2.895269753411412,megabytes,88270.0,88270.0,60.0,55.8,0.104042496,0.104042496,0.8046875,0.7753125000000001,success,sinkhorn,0.001,100000
1D-students-6df-128p,128,128,0.0048107302475901,100000,0.033843595474438,,seconds,3.1321394443511963,2.905848355963826,megabytes,88270.0,88270.0,60.0,55.36363636363637,0.104747008,0.104747008,0.79765625,0.7032670454545454,success,sinkhorn,0.001,100000
1D-students-6df-128p,128,128,0.0051658382208224,100000,0.0483679347379716,,seconds,2.90604829788208,2.9044071175158024,megabytes,88270.0,88270.0,60.0,54.0,0.104030208,0.104030208,0.80625,0.774140625,success,sinkhorn,0.001,100000
1D-students-6df-128p,128,128,0.0116368185542037,100000,0.1281532401225496,,seconds,2.895186185836792,2.8881912883371115,megabytes,88270.0,88270.0,60.0,51.9,0.103927808,0.103927808,0.80234375,0.77609375,success,sinkhorn,0.001,100000
1D-students-6df-128p,128,128,0.0031140545651502,100000,0.0108275758046638,,seconds,2.8626742362976074,2.901595516130328,megabytes,88270.0,88270.0,60.0,57.7,0.10397696,0.10397696,0.8046875,0.77609375,success,sinkhorn,0.001,100000
1D-students-6df-128p,128,128,0.0102885852208102,100000,0.0357147940276409,,seconds,3.142941236495972,2.950626717880368,megabytes,88270.0,88270.0,60.0,57.44444444444444,0.104185856,0.104185856,0.7984375,0.711892361111111,success,sinkhorn,0.001,100000
1D-students-6df-128p,128,128,0.0039335135267929,100000,0.0275004106712558,,seconds,2.884697437286377,2.8888515513390303,megabytes,88270.0,88270.0,60.0,57.333333333333336,0.104075264,0.104075264,0.81015625,0.7846354166666667,success,sinkhorn,0.001,100000
1D-students-6df-128p,128,128,0.0043460861617613,100000,0.0239266054017594,,seconds,2.9230761528015137,2.8837226517498493,megabytes,88270.0,88270.0,61.0,57.875,0.10401792,0.10401792,0.80390625,0.76611328125,success,sinkhorn,0.001,100000
1D-students-6df-128p,128,128,0.0036944259297731,100000,0.0153147686550101,,seconds,2.88666033744812,2.89161335863173,megabytes,88270.0,88270.0,60.0,57.5,0.103968768,0.103968768,0.8046875,0.7886718749999999,success,sinkhorn,0.001,100000
1D-students-6df-128p,128,128,0.0031118990884778,100000,0.0086754243254117,,seconds,2.932929039001465,2.8982807006686926,megabytes,88270.0,88270.0,60.0,58.125,0.103960576,0.103960576,0.80625,0.76142578125,success,sinkhorn,0.001,100000
1D-students-6df-128p,128,128,0.0045023228111279,100000,0.0444168815379277,,seconds,2.878345251083374,2.879322899505496,megabytes,88270.0,88270.0,61.0,57.75,0.104026112,0.104026112,0.79921875,0.7798828124999999,success,sinkhorn,0.001,100000
1D-students-6df-128p,128,128,0.0060182938767525,100000,0.0866908369858973,,seconds,2.862290382385254,2.8977127578109503,megabytes,88270.0,88270.0,60.0,52.5,0.103981056,0.103981056,0.8046875,0.785546875,success,sinkhorn,0.001,100000
1D-students-6df-128p,128,128,0.001215187823684,5531,9.895469958502552e-07,,seconds,0.364595890045166,0.1619819458574056,megabytes,88270.0,88270.0,44.0,44.0,0.074448896,0.074448896,0.1015625,0.1015625,success,sinkhorn,0.001,100000
1D-students-6df-128p,128,128,0.0040910006613613,100000,0.0346055448767885,,seconds,2.841845750808716,2.918230501934886,megabytes,88270.0,88270.0,60.0,57.375,0.10389504,0.10389504,0.81015625,0.79072265625,success,sinkhorn,0.001,100000
1D-students-6df-128p,128,128,0.0033829579324842,100000,0.0055058149247286,,seconds,2.8777856826782227,2.8906327057629824,megabytes,88270.0,88270.0,60.0,52.5,0.10399744,0.10399744,0.8078125,0.7860351562499999,success,sinkhorn,0.001,100000
1D-students-6df-128p,128,128,0.005294863329627,100000,0.0096260753752871,,seconds,3.091487169265747,2.9029277060180902,megabytes,88270.0,88270.0,61.0,57.9,0.109531136,0.109531136,0.7984375,0.7196874999999999,success,sinkhorn,0.001,100000
1D-students-6df-128p,128,128,0.0035179670598003,100000,0.0173303454992791,,seconds,2.953532218933105,2.8891386315226555,megabytes,88270.0,88270.0,60.0,54.0,0.104132608,0.104132608,0.80703125,0.7608593749999999,success,sinkhorn,0.001,100000
1D-students-6df-128p,128,128,0.0033364936745459,100000,0.0154470792115747,,seconds,3.0359904766082764,2.883875295519829,megabytes,88270.0,88270.0,62.0,56.6,0.10917888,0.10917888,0.80703125,0.72484375,success,sinkhorn,0.001,100000
1D-students-6df-128p,128,128,0.0046500534574872,100000,0.0520985922057524,,seconds,2.9802703857421875,2.8822168558835983,megabytes,88270.0,88270.0,61.0,56.2,0.104083456,0.104083456,0.78359375,0.738046875,success,sinkhorn,0.001,100000
1D-students-6df-128p,128,128,0.0039403660282422,100000,0.027831170769173,,seconds,2.873108386993408,2.883244736120105,megabytes,88270.0,88270.0,61.0,59.5,0.103882752,0.103882752,0.809375,0.7810546875000001,success,sinkhorn,0.001,100000
1D-students-6df-128p,128,128,0.0012183871467967,6141,9.886631036363609e-07,,seconds,0.3785805702209472,0.1820637620985508,megabytes,88270.0,88270.0,5.0,5.0,0.08992768,0.08992768,0.21171875,0.21171875,success,sinkhorn,0.001,100000
1D-students-6df-128p,128,128,0.0027263668652671,100000,0.0072486559984382,,seconds,2.8611879348754883,2.8711126409471035,megabytes,88270.0,88270.0,61.0,57.875,0.10397696,0.10397696,0.79296875,0.7767578125,success,sinkhorn,0.001,100000
1D-students-6df-128p,128,128,0.0022077419022051,100000,0.0018069503802239,,seconds,3.094247341156006,2.876627814024687,megabytes,88270.0,88270.0,61.0,56.90909090909091,0.104603648,0.104603648,0.81171875,0.7136363636363637,success,sinkhorn,0.001,100000
1D-students-6df-128p,128,128,0.0005682261129001,5061,9.900468259807966e-07,,seconds,0.2539258003234863,0.1487478390336036,megabytes,88270.0,88270.0,0.0,0.0,0.0740352,0.0740352,0.40234375,0.40234375,success,sinkhorn,0.001,100000
1D-students-6df-128p,128,128,0.0052026510233962,100000,0.0645853587321075,,seconds,2.8507375717163086,2.890373170375824,megabytes,88270.0,88270.0,61.0,53.0,0.103972864,0.103972864,0.8109375,0.78896484375,success,sinkhorn,0.001,100000
1D-students-6df-128p,128,128,0.002948537189019,100000,0.0098866915996316,,seconds,3.1147918701171875,2.879335155710578,megabytes,88270.0,88270.0,61.0,57.54545454545455,0.104824832,0.104824832,0.80859375,0.7088068181818182,success,sinkhorn,0.001,100000
1D-students-6df-128p,128,128,0.0008594461734589,6071,9.941443883392185e-07,,seconds,0.3849794864654541,0.1770582646131515,megabytes,88270.0,88270.0,35.0,35.0,0.074473472,0.074473472,0.15078125,0.15078125,success,sinkhorn,0.001,100000
1D-students-6df-128p,128,128,0.0107353098978433,100000,0.0564390754555541,,seconds,2.929838895797729,2.9324220418930054,megabytes,88270.0,88270.0,61.0,60.285714285714285,0.103776256,0.103776256,0.790625,0.7777901785714285,success,sinkhorn,0.001,100000
1D-students-6df-256p,256,256,0.0040003799791975,100000,0.0179069202404417,,seconds,3.121803045272827,2.994143506512046,megabytes,88270.0,88270.0,60.0,57.90909090909091,0.109817856,0.109817856,0.80703125,0.7390625,success,sinkhorn,0.001,100000
1D-students-6df-256p,256,256,0.0060228616339352,100000,0.0613308099321441,,seconds,3.1751718521118164,3.182229043915868,megabytes,88270.0,88270.0,57.0,53.09090909090909,0.104800256,0.104800256,0.8046875,0.7772727272727273,success,sinkhorn,0.001,100000
1D-students-6df-256p,256,256,0.0052059732509788,100000,0.0456844029766687,,seconds,3.195562601089477,2.9904830530285835,megabytes,88270.0,88270.0,60.0,59.22222222222222,0.110153728,0.110153728,0.81015625,0.7019097222222221,success,sinkhorn,0.001,100000
1D-students-6df-256p,256,256,0.0045032811261012,100000,0.0314153523923205,,seconds,3.3940775394439697,3.1566446982324123,megabytes,88270.0,88270.0,58.0,55.0,0.105365504,0.105365504,0.80625,0.7062500000000002,success,sinkhorn,0.001,100000
1D-students-6df-256p,256,256,0.0051664783718989,100000,0.0342005812804896,,seconds,3.173305988311768,3.1759648229926825,megabytes,88270.0,88270.0,57.0,51.72727272727273,0.104787968,0.104787968,0.80546875,0.7803977272727274,success,sinkhorn,0.001,100000
1D-students-6df-256p,256,256,0.0052952035448734,100000,0.0068255972286259,,seconds,3.414482831954956,3.2537545952945948,megabytes,88270.0,88270.0,56.0,53.16666666666666,0.105054208,0.105054208,0.80859375,0.7324218750000001,success,sinkhorn,0.001,100000
1D-students-6df-256p,256,256,0.003383000565965,100000,0.0038966065365335,,seconds,3.0096683502197266,3.076632851734757,megabytes,88270.0,88270.0,60.0,50.55555555555556,0.10979328,0.10979328,0.80390625,0.7805555555555556,success,sinkhorn,0.001,100000
1D-students-6df-256p,256,256,0.0035177895842735,100000,0.0122499854586441,,seconds,3.214359998703003,3.245399108156562,megabytes,88270.0,88270.0,57.0,55.77777777777778,0.104525824,0.104525824,0.8046875,0.7789930555555555,success,sinkhorn,0.001,100000
1D-students-6df-256p,256,256,0.0029487196231823,100000,0.0069978799806022,,seconds,3.1656556129455566,3.155874578282237,megabytes,88270.0,88270.0,58.0,55.66666666666666,0.10457088,0.10457088,0.81015625,0.7696180555555556,success,sinkhorn,0.001,100000
1D-students-6df-256p,256,256,0.0022079007115266,100000,0.0013503067508373,,seconds,3.3872108459472656,3.2250286377966404,megabytes,88270.0,88270.0,56.0,53.0,0.105017344,0.105017344,0.8125,0.7298295454545454,success,sinkhorn,0.001,100000
1D-students-6df-256p,256,256,0.0005684167504819,4801,9.951749612447086e-07,,seconds,0.2837080955505371,0.1535751447081565,megabytes,88270.0,88270.0,0.0,0.0,0.074031104,0.074031104,0.33671875,0.33671875,success,sinkhorn,0.001,100000
1D-students-6df-256p,256,256,0.011648589569072,100000,0.0907426844459293,,seconds,3.316935539245605,3.230296650901437,megabytes,88270.0,88270.0,56.0,50.4,0.104660992,0.104660992,0.8,0.747890625,success,sinkhorn,0.001,100000
1D-students-6df-256p,256,256,0.0031123574048488,100000,0.0061399946557779,,seconds,3.143145799636841,3.1562023907899857,megabytes,88270.0,88270.0,58.0,52.09090909090909,0.104771584,0.104771584,0.79375,0.7771306818181819,success,sinkhorn,0.001,100000
1D-students-6df-256p,256,256,0.0043467068784986,100000,0.0169281125940531,,seconds,3.409664869308472,3.272409077733755,megabytes,88270.0,88270.0,56.0,55.36363636363637,0.104812544,0.104812544,0.81171875,0.7353693181818183,success,sinkhorn,0.001,100000
1D-students-6df-256p,256,256,0.0027267509298189,100000,0.0051304344643554,,seconds,3.332781791687012,3.105517385527492,megabytes,88270.0,88270.0,59.0,51.55555555555556,0.105316352,0.105316352,0.7921875,0.6897569444444445,success,sinkhorn,0.001,100000
1D-students-6df-256p,256,256,0.003114545683224,100000,0.0076655762783014,,seconds,3.2469301223754883,3.231356732547283,megabytes,88270.0,88270.0,56.0,50.90909090909091,0.104845312,0.104845312,0.79765625,0.7720170454545454,success,sinkhorn,0.001,100000
1D-students-6df-256p,256,256,0.0012153768068445,5281,9.883107508544849e-07,,seconds,0.4172651767730713,0.1679744273424148,megabytes,88270.0,88270.0,34.0,34.0,0.074457088,0.074457088,0.10859375,0.10859375,success,sinkhorn,0.001,100000
1D-students-6df-256p,256,256,0.0008595827377556,5801,9.987785376142345e-07,,seconds,0.3092939853668213,0.1866508796811103,megabytes,88270.0,88270.0,0.0,0.0,0.073908224,0.073908224,0.39140625,0.39140625,success,sinkhorn,0.001,100000
1D-students-6df-256p,256,256,0.0102867461409331,100000,0.0253193933826197,,seconds,3.1116318702697754,3.155653262510896,megabytes,88270.0,88270.0,58.0,52.45454545454545,0.105177088,0.105177088,0.80625,0.7825284090909093,success,sinkhorn,0.001,100000
1D-students-6df-256p,256,256,0.0107155720737139,100000,0.0398550027846477,,seconds,3.314327955245972,3.2629544977098703,megabytes,88270.0,88270.0,56.0,55.1,0.10512384,0.10512384,0.809375,0.7683593750000001,success,sinkhorn,0.001,100000
1D-students-6df-256p,256,256,0.0036951080800389,100000,0.0108378428093845,,seconds,3.372246503829956,3.189278343692422,megabytes,88270.0,88270.0,57.0,52.25,0.105631744,0.105631744,0.8078125,0.7274088541666667,success,sinkhorn,0.001,100000
1D-students-6df-256p,256,256,0.0012184786223535,5881,9.914636177476662e-07,,seconds,0.309988260269165,0.187568312510848,megabytes,88270.0,88270.0,53.0,53.0,0.073949184,0.073949184,0.38125,0.38125,success,sinkhorn,0.001,100000
1D-students-6df-256p,256,256,0.0039329828329633,100000,0.0194543297892794,,seconds,3.1949429512023926,3.0810843780636787,megabytes,88270.0,88270.0,60.0,57.09090909090909,0.110317568,0.110317568,0.80234375,0.7410511363636364,success,sinkhorn,0.001,100000
1D-students-6df-256p,256,256,0.003940522554289,100000,0.0196859471937104,,seconds,3.1513826847076416,3.0068212766200304,megabytes,88270.0,88270.0,60.0,54.0,0.110247936,0.110247936,0.8109375,0.7234375,success,sinkhorn,0.001,100000
1D-students-6df-256p,256,256,0.0046522242628587,100000,0.0368472316180682,,seconds,3.117074489593506,3.1215843819081783,megabytes,88270.0,88270.0,61.0,58.75,0.10496,0.10496,0.8015625,0.7814453125,success,sinkhorn,0.001,100000
1D-students-6df-256p,256,256,0.0029664891684529,100000,0.007759704609514,,seconds,3.121487617492676,3.019326314330101,megabytes,88270.0,88270.0,59.0,56.90909090909091,0.110276608,0.110276608,0.81015625,0.7566051136363636,success,sinkhorn,0.001,100000
1D-students-6df-256p,256,256,0.0033368177726151,100000,0.0109287084722159,,seconds,3.1591484546661377,3.1469625029712915,megabytes,88270.0,88270.0,58.0,52.1,0.105168896,0.105168896,0.79375,0.774140625,success,sinkhorn,0.001,100000
1D-students-6df-256p,256,256,0.0040901247259444,100000,0.0244761506018292,,seconds,3.254091501235962,3.175567390397191,megabytes,88270.0,88270.0,57.0,51.2,0.105132032,0.105132032,0.809375,0.7524218750000001,success,sinkhorn,0.001,100000
1D-students-6df-256p,256,256,0.0036001808860985,100000,0.0110706318636081,,seconds,3.226717948913574,3.13248840905726,megabytes,88270.0,88270.0,58.0,52.54545454545455,0.105218048,0.105218048,0.79765625,0.7564630681818181,success,sinkhorn,0.001,100000
1D-students-6df-256p,256,256,0.0048127493582994,100000,0.0239451568230147,,seconds,3.032666683197021,3.023781757801771,megabytes,88270.0,88270.0,60.0,54.0,0.110252032,0.110252032,0.81171875,0.780703125,success,sinkhorn,0.001,100000
1D-students-6df-512p,512,512,0.0046527827658632,100000,0.0260561906738885,,seconds,3.807748556137085,3.670041473582387,megabytes,88270.0,88270.0,62.0,56.833333333333336,0.106819584,0.106819584,0.80546875,0.7387369791666667,success,sinkhorn,0.001,100000
1D-students-6df-512p,512,512,0.003933215566582,100000,0.0137577609446012,,seconds,3.7083587646484375,3.677685521543026,megabytes,88270.0,88270.0,61.0,61.0,0.106868736,0.106868736,0.796875,0.7740384615384616,success,sinkhorn,0.001,100000
1D-students-6df-512p,512,512,0.0012153269075682,5031,9.87125122011755e-07,,seconds,0.2813258171081543,0.1863216422498226,megabytes,88270.0,88270.0,0.0,0.0,0.073981952,0.073981952,0.46171875,0.46171875,success,sinkhorn,0.001,100000
1D-students-6df-512p,512,512,0.0107190612044388,100000,0.0281939037378423,,seconds,3.910667181015015,3.6768726464360952,megabytes,88270.0,88270.0,61.0,57.833333333333336,0.107470848,0.107470848,0.8,0.7189453125000002,success,sinkhorn,0.001,100000
1D-students-6df-512p,512,512,0.0027267949868406,100000,0.0036280389682708,,seconds,3.768787384033203,3.669925982132554,megabytes,88270.0,88270.0,62.0,56.833333333333336,0.111915008,0.111915008,0.80859375,0.7524739583333334,success,sinkhorn,0.001,100000
1D-students-6df-512p,512,512,0.003695283066944,100000,0.0076651583598417,,seconds,3.7064085006713863,3.668573459610343,megabytes,88270.0,88270.0,61.0,56.30769230769231,0.106983424,0.106983424,0.80625,0.7679687500000001,success,sinkhorn,0.001,100000
1D-students-6df-512p,512,512,0.0033366881514198,100000,0.0077259679561725,,seconds,3.811840057373047,3.7047966979444023,megabytes,88270.0,88270.0,62.0,58.09090909090909,0.111845376,0.111845376,0.815625,0.740625,success,sinkhorn,0.001,100000
1D-students-6df-512p,512,512,0.0052954489887178,100000,0.0048296568518001,,seconds,3.772332191467285,3.747578486800194,megabytes,88270.0,88270.0,61.0,55.333333333333336,0.106889216,0.106889216,0.796875,0.7783203125,success,sinkhorn,0.001,100000
1D-students-6df-512p,512,512,0.0102877360571958,100000,0.0179128831505708,,seconds,3.822251796722412,3.675553223118186,megabytes,88270.0,88270.0,62.0,56.36363636363637,0.106758144,0.106758144,0.79921875,0.7348721590909091,success,sinkhorn,0.001,100000
1D-students-6df-512p,512,512,0.0052047654567779,100000,0.032302311531021,,seconds,3.84012770652771,3.688313545659185,megabytes,88270.0,88270.0,61.0,59.07142857142857,0.10696704,0.10696704,0.7984375,0.7388392857142857,success,sinkhorn,0.001,100000
1D-students-6df-512p,512,512,0.0031146694266086,100000,0.0054220726876464,,seconds,3.674082756042481,3.67468598857522,megabytes,88270.0,88270.0,62.0,56.72727272727273,0.10672128,0.10672128,0.8,0.7806107954545454,success,sinkhorn,0.001,100000
1D-students-6df-512p,512,512,0.0012183162926011,5621,9.942932500325515e-07,,seconds,0.2800846099853515,0.2089152466505766,megabytes,88270.0,88270.0,0.0,0.0,0.074133504,0.074133504,0.5640625,0.5640625,success,sinkhorn,0.001,100000
1D-students-6df-512p,512,512,0.0022078512910591,100000,0.0009522764610248,,seconds,3.573012113571167,3.669119572266936,megabytes,88270.0,88270.0,62.0,60.23076923076923,0.111874048,0.111874048,0.80546875,0.7783653846153845,success,sinkhorn,0.001,100000
1D-students-6df-512p,512,512,0.0008594890635885,5541,9.904721494320268e-07,,seconds,0.3757305145263672,0.2095655426383018,megabytes,88270.0,88270.0,8.0,8.0,0.089960448,0.089960448,0.2703125,0.2703125,success,sinkhorn,0.001,100000
1D-students-6df-512p,512,512,0.0029486976492687,100000,0.0049484680853798,,seconds,3.864978313446045,3.668544040992856,megabytes,88270.0,88270.0,62.0,60.0,0.107147264,0.107147264,0.79609375,0.7141276041666665,success,sinkhorn,0.001,100000
1D-students-6df-512p,512,512,0.0051669045172659,100000,0.0241848633433976,,seconds,3.913745641708374,3.778457958251238,megabytes,88270.0,88270.0,62.0,58.81818181818182,0.111845376,0.111845376,0.8015625,0.7444602272727274,success,sinkhorn,0.001,100000
1D-students-6df-512p,512,512,0.0031123318425426,100000,0.0043403548420824,,seconds,3.5821802616119385,3.6717643048614255,megabytes,88270.0,88270.0,61.0,55.91666666666666,0.106893312,0.106893312,0.80546875,0.7820963541666667,success,sinkhorn,0.001,100000
1D-students-6df-512p,512,512,0.0005684194618515,4551,9.86915612954674e-07,,seconds,0.3847508430480957,0.1696155350655317,megabytes,88270.0,88270.0,2.0,2.0,0.074412032,0.074412032,0.15078125,0.15078125,success,sinkhorn,0.001,100000
1D-students-6df-512p,512,512,0.0039407907916025,100000,0.0139212560571688,,seconds,3.799248456954956,3.675427507609129,megabytes,88270.0,88270.0,61.0,58.0,0.106913792,0.106913792,0.803125,0.7515024038461537,success,sinkhorn,0.001,100000
1D-students-6df-512p,512,512,0.0029665333003324,100000,0.0054884140140823,,seconds,3.8000776767730713,3.7923383750021458,megabytes,88270.0,88270.0,62.0,59.8,0.111685632,0.111685632,0.79453125,0.78046875,success,sinkhorn,0.001,100000
1D-students-6df-512p,512,512,0.0043470433078163,100000,0.0119718453656542,,seconds,3.7815423011779785,3.669976571574807,megabytes,88270.0,88270.0,61.0,57.15384615384615,0.111796224,0.111796224,0.79609375,0.7419471153846152,success,sinkhorn,0.001,100000
1D-students-6df-512p,512,512,0.0036002813328558,100000,0.0078299229151661,,seconds,3.715739488601685,3.6786601785570383,megabytes,88270.0,88270.0,62.0,60.083333333333336,0.106786816,0.106786816,0.82109375,0.7708984375000001,success,sinkhorn,0.001,100000
1D-students-6df-512p,512,512,0.0048131269582663,100000,0.0169343666605612,,seconds,3.660216808319092,3.6691398173570633,megabytes,88270.0,88270.0,61.0,55.91666666666666,0.1117184,0.1117184,0.79921875,0.7764322916666667,success,sinkhorn,0.001,100000
1D-students-6df-512p,512,512,0.0060210314326697,100000,0.0433691542047954,,seconds,3.631251811981201,3.6847399789839983,megabytes,88270.0,88270.0,62.0,61.5,0.10665984,0.10665984,0.790625,0.7771484375000002,success,sinkhorn,0.001,100000
1D-students-6df-512p,512,512,0.0116513363325649,100000,0.0641075783129594,,seconds,3.75289797782898,3.674522465094924,megabytes,88270.0,88270.0,61.0,55.91666666666666,0.106999808,0.106999808,0.80703125,0.7560546875000002,success,sinkhorn,0.001,100000
1D-students-6df-512p,512,512,0.0040903932557539,100000,0.0173083148715993,,seconds,3.618277072906494,3.701299767941237,megabytes,88270.0,88270.0,62.0,54.0,0.295145472,0.295145472,0.80390625,0.78515625,success,sinkhorn,0.001,100000
1D-students-6df-512p,512,512,0.0033830786751887,100000,0.0027588781486329,,seconds,3.899436712265015,3.723908692598343,megabytes,88270.0,88270.0,61.0,59.90909090909091,0.295366656,0.295366656,0.8140625,0.7322443181818182,success,sinkhorn,0.001,100000
1D-students-6df-512p,512,512,0.0040006781071067,100000,0.0126634606513783,,seconds,3.706005811691284,3.684704219922424,megabytes,88270.0,88270.0,62.0,61.16666666666666,0.295141376,0.295141376,0.79296875,0.7677734375000002,success,sinkhorn,0.001,100000
1D-students-6df-512p,512,512,0.0035177362375488,100000,0.0086634114577957,,seconds,4.082589864730835,3.9229255709797135,megabytes,88270.0,88270.0,61.0,53.083333333333336,0.30011392,0.30011392,0.80546875,0.7526692708333332,success,sinkhorn,0.001,100000
1D-students-6df-512p,512,512,0.0045028699739518,100000,0.0222115716281893,,seconds,3.935033082962036,3.7109630927443504,megabytes,88270.0,88270.0,62.0,57.38461538461539,0.29581312,0.29581312,0.8046875,0.7171274038461538,success,sinkhorn,0.001,100000
1D-students-6df-1024p,1024,1024,0.0008592792099403,5271,9.950971707301315e-07,,seconds,0.2850117683410644,0.1981442868709564,megabytes,88270.0,88270.0,0.0,0.0,0.26789888,0.26789888,0.50625,0.50625,success,sinkhorn,0.001,100000
1D-students-6df-1024p,1024,1024,0.0051667729487225,100000,0.0171001897466089,,seconds,3.725724220275879,3.718689020723105,megabytes,88270.0,88270.0,61.0,55.91666666666666,0.293269504,0.293269504,0.809375,0.7742838541666667,success,sinkhorn,0.001,100000
1D-students-6df-1024p,1024,1024,0.0052952976801268,100000,0.0034131861808053,,seconds,3.953594923019409,3.7981659434735775,megabytes,88270.0,88270.0,61.0,58.36363636363637,0.29341696,0.29341696,0.7859375,0.73359375,success,sinkhorn,0.001,100000
1D-students-6df-1024p,1024,1024,0.010718505807874,100000,0.0199387422536969,,seconds,3.901988983154297,3.7186069283634415,megabytes,88270.0,88270.0,61.0,58.583333333333336,0.293675008,0.293675008,0.7921875,0.7175781250000002,success,sinkhorn,0.001,100000
1D-students-6df-1024p,1024,1024,0.0027267898166658,100000,0.0025652937646358,,seconds,3.773324489593506,3.7621996831148863,megabytes,88270.0,88270.0,61.0,54.45454545454545,0.293203968,0.293203968,0.79609375,0.7772727272727272,success,sinkhorn,0.001,100000
1D-students-6df-1024p,1024,1024,0.0029487152533507,100000,0.00349945895805,,seconds,3.914751291275024,3.712551025673747,megabytes,88270.0,88270.0,61.0,56.07692307692308,0.293625856,0.293625856,0.80546875,0.7305288461538463,success,sinkhorn,0.001,100000
1D-students-6df-1024p,1024,1024,0.0012180169114207,5361,9.971357808318045e-07,,seconds,0.2671010494232178,0.2009287551045417,megabytes,88270.0,88270.0,0.0,0.0,0.267952128,0.267952128,0.53828125,0.53828125,success,sinkhorn,0.001,100000
1D-students-6df-1024p,1024,1024,0.0022078659989249,100000,0.000675875537921,,seconds,3.8700380325317374,3.709264636039734,megabytes,88270.0,88270.0,61.0,58.46153846153846,0.293691392,0.293691392,0.80625,0.7349158653846153,success,sinkhorn,0.001,100000
1D-students-6df-1024p,1024,1024,0.0040007408182572,100000,0.0089546706134265,,seconds,4.199477434158325,4.186697904020548,megabytes,88270.0,88270.0,61.0,54.63636363636363,0.29837312,0.29837312,0.79765625,0.7680397727272726,success,sinkhorn,0.001,100000
1D-students-6df-1024p,1024,1024,0.0045028931756741,100000,0.0157063072274218,,seconds,3.8775110244750977,3.7157499473541975,megabytes,88270.0,88270.0,61.0,57.75,0.29366272,0.29366272,0.80078125,0.7306640624999999,success,sinkhorn,0.001,100000
1D-students-6df-1024p,1024,1024,0.0043469592658206,100000,0.0084648721188401,,seconds,3.871600389480591,3.7726838812232018,megabytes,88270.0,88270.0,61.0,59.1,0.295190528,0.295190528,0.7859375,0.7489062499999999,success,sinkhorn,0.001,100000
1D-students-6df-1024p,1024,1024,0.0116490445052858,100000,0.0453329049750177,,seconds,3.869843006134033,3.6916503347456455,megabytes,88270.0,88270.0,61.0,56.642857142857146,0.298848256,0.298848256,0.80546875,0.7346540178571429,success,sinkhorn,0.001,100000
1D-students-6df-1024p,1024,1024,0.0033367041295502,100000,0.0054633163403418,,seconds,3.8424887657165527,3.716306520625949,megabytes,88270.0,88270.0,61.0,55.45454545454545,0.295149568,0.295149568,0.8046875,0.7376420454545454,success,sinkhorn,0.001,100000
1D-students-6df-1024p,1024,1024,0.0046527656554894,100000,0.0184235492039253,,seconds,3.91789984703064,3.7468975950032473,megabytes,88270.0,88270.0,61.0,55.85714285714285,0.2957312,0.2957312,0.80078125,0.7352678571428573,success,sinkhorn,0.001,100000
1D-students-6df-1024p,1024,1024,0.0035177750942111,100000,0.006126187070885,,seconds,3.931422233581543,3.800881899893284,megabytes,88270.0,88270.0,61.0,53.9,0.295030784,0.295030784,0.7953125,0.735234375,success,sinkhorn,0.001,100000
1D-students-6df-1024p,1024,1024,0.0036953271058284,100000,0.0054203822229912,,seconds,3.912454605102539,3.7059834264218807,megabytes,88270.0,88270.0,61.0,58.69230769230769,0.300699648,0.300699648,0.80234375,0.7265625,success,sinkhorn,0.001,100000
1D-students-6df-1024p,1024,1024,0.0005683568662435,4291,9.92063835237088e-07,,seconds,0.288682222366333,0.1624479368329048,megabytes,88270.0,88270.0,0.0,0.0,0.26796032,0.26796032,0.41328125,0.41328125,success,sinkhorn,0.001,100000
1D-students-6df-1024p,1024,1024,0.0036003409743539,100000,0.0055369108436373,,seconds,3.875427007675171,3.744749814271927,megabytes,88270.0,88270.0,60.0,57.583333333333336,0.295256064,0.295256064,0.80703125,0.7391276041666667,success,sinkhorn,0.001,100000
1D-students-6df-1024p,1024,1024,0.0102870951699753,100000,0.0126621783180218,,seconds,3.709683895111084,3.691466273739934,megabytes,88270.0,88270.0,61.0,58.16666666666666,0.300314624,0.300314624,0.80625,0.7829427083333335,success,sinkhorn,0.001,100000
1D-students-6df-1024p,1024,1024,0.0031123461031648,100000,0.0030693205159927,,seconds,3.910855293273926,3.7107236832380295,megabytes,88270.0,88270.0,61.0,58.38461538461539,0.2957312,0.2957312,0.784375,0.7210336538461538,success,sinkhorn,0.001,100000
1D-students-6df-1024p,1024,1024,0.0033830518168393,100000,0.0019498693195229,,seconds,3.7989423274993896,3.713281387463212,megabytes,88270.0,88270.0,61.0,57.833333333333336,0.295247872,0.295247872,0.8109375,0.7630208333333334,success,sinkhorn,0.001,100000
1D-students-6df-1024p,1024,1024,0.0048128083507119,100000,0.0119740910207783,,seconds,3.909278631210327,3.687867796048522,megabytes,88270.0,88270.0,61.0,56.30769230769231,0.301113344,0.301113344,0.80546875,0.7181490384615383,success,sinkhorn,0.001,100000
1D-students-6df-1024p,1024,1024,0.0031146909306938,100000,0.003834288824794,,seconds,3.8391716480255127,3.723613327369094,megabytes,88270.0,88270.0,61.0,59.66666666666666,0.295325696,0.295325696,0.80546875,0.7440755208333333,success,sinkhorn,0.001,100000
1D-students-6df-1024p,1024,1024,0.004090376343148,100000,0.0122384365553552,,seconds,3.9395809173583984,3.740988552570343,megabytes,88270.0,88270.0,61.0,59.15384615384615,0.295702528,0.295702528,0.79765625,0.7270432692307691,success,sinkhorn,0.001,100000
1D-students-6df-1024p,1024,1024,0.0012151729599226,4771,9.996687025620772e-07,,seconds,0.3471553325653076,0.1788969486951828,megabytes,88270.0,88270.0,0.0,0.0,0.268251136,0.268251136,0.2046875,0.2046875,success,sinkhorn,0.001,100000
1D-students-6df-1024p,1024,1024,0.0052049532220892,100000,0.0228415376278402,,seconds,3.6155765056610103,3.717589683830738,megabytes,88270.0,88270.0,61.0,55.91666666666666,0.295346176,0.295346176,0.79453125,0.7791666666666668,success,sinkhorn,0.001,100000
1D-students-6df-1024p,1024,1024,0.0060212686887046,100000,0.0306658029779402,,seconds,3.763094186782837,3.715278651565313,megabytes,88270.0,88270.0,61.0,56.30769230769231,0.295256064,0.295256064,0.81015625,0.7732572115384616,success,sinkhorn,0.001,100000
1D-students-6df-1024p,1024,1024,0.0039332193498326,100000,0.0097284803532221,,seconds,3.754129409790039,3.687894016504288,megabytes,88270.0,88270.0,61.0,55.91666666666666,0.300429312,0.300429312,0.80859375,0.7593098958333333,success,sinkhorn,0.001,100000
1D-students-6df-1024p,1024,1024,0.002966558729726,100000,0.0038810950242517,,seconds,3.850427865982056,3.7157668378204103,megabytes,88270.0,88270.0,61.0,55.15384615384615,0.295325696,0.295325696,0.80390625,0.7467548076923076,success,sinkhorn,0.001,100000
1D-students-6df-1024p,1024,1024,0.0039408585992634,100000,0.009844031727601,,seconds,3.7449159622192383,3.71449993737042,megabytes,88270.0,88270.0,61.0,57.0,0.295346176,0.295346176,0.8125,0.7747596153846152,success,sinkhorn,0.001,100000
1D-students-6df-2048p,2048,2048,0.0043469671437015,100000,0.0059856176179493,,seconds,5.259493589401245,4.889434589073062,megabytes,88270.0,88270.0,69.0,64.5,0.295448576,0.295448576,0.80390625,0.7300781249999999,success,sinkhorn,0.001,100000
1D-students-6df-2048p,2048,2048,0.0029487153635891,100000,0.0024745222048084,,seconds,5.062160491943359,4.887862130999565,megabytes,88270.0,88270.0,69.0,66.5,0.299491328,0.299491328,0.81171875,0.75751953125,success,sinkhorn,0.001,100000
1D-students-6df-2048p,2048,2048,0.0033367094805112,100000,0.003863188878355,,seconds,5.008157253265381,5.10558526776731,megabytes,88270.0,88270.0,67.0,64.5625,0.294703104,0.294703104,0.8078125,0.7817382812499999,success,sinkhorn,0.001,100000
1D-students-6df-2048p,2048,2048,0.0005682522058568,4031,9.972405619623692e-07,,seconds,0.4086945056915283,0.2099821791052818,megabytes,88270.0,88270.0,63.0,63.0,0.268017664,0.268017664,0.28203125,0.28203125,success,sinkhorn,0.001,100000
1D-students-6df-2048p,2048,2048,0.0048128457119325,100000,0.0084669736770245,,seconds,5.322709560394287,5.254016736522317,megabytes,88270.0,88270.0,66.0,65.33333333333333,0.370188288,0.370188288,0.79453125,0.7638888888888888,success,sinkhorn,0.001,100000
1D-students-6df-2048p,2048,2048,0.0052953151902547,100000,0.002413629013743,,seconds,4.996362209320068,5.015033734962344,megabytes,88270.0,88270.0,67.0,64.4375,0.29474816,0.29474816,0.80234375,0.7828125,success,sinkhorn,0.001,100000
1D-students-6df-2048p,2048,2048,0.0029665557778575,100000,0.0027442960262487,,seconds,5.391735315322876,5.08513380214572,megabytes,88270.0,88270.0,67.0,64.5625,0.294948864,0.294948864,0.80234375,0.73212890625,success,sinkhorn,0.001,100000
1D-students-6df-2048p,2048,2048,0.002726795142175,100000,0.0018139680795873,,seconds,5.337209939956665,5.146860843524337,megabytes,88270.0,88270.0,65.0,61.1764705882353,0.370102272,0.370102272,0.81796875,0.7443474264705883,success,sinkhorn,0.001,100000
1D-students-6df-2048p,2048,2048,0.0033830580314862,100000,0.0013788947319684,,seconds,5.15381383895874,5.0885442905128,megabytes,88270.0,88270.0,67.0,64.41176470588235,0.374784,0.374784,0.8109375,0.7651194852941177,success,sinkhorn,0.001,100000
1D-students-6df-2048p,2048,2048,0.0102871545850033,100000,0.0089538348440709,,seconds,5.201108932495117,5.0793676096946,megabytes,88270.0,88270.0,66.0,61.875,0.294580224,0.294580224,0.8,0.76552734375,success,sinkhorn,0.001,100000
1D-students-6df-2048p,2048,2048,0.004090394550834,100000,0.0086539226091008,,seconds,5.053091049194336,5.007737148553133,megabytes,88270.0,88270.0,68.0,66.6875,0.294592512,0.294592512,0.8078125,0.773046875,success,sinkhorn,0.001,100000
1D-students-6df-2048p,2048,2048,0.0039408480467938,100000,0.0069607148640164,,seconds,5.042477369308472,4.950411150231957,megabytes,88270.0,88270.0,68.0,66.17647058823529,0.370057216,0.370057216,0.80390625,0.7626838235294117,success,sinkhorn,0.001,100000
1D-students-6df-2048p,2048,2048,0.0036953381340276,100000,0.0038328417511377,,seconds,5.087521076202393,4.992783237248659,megabytes,88270.0,88270.0,68.0,63.75,0.29452288,0.29452288,0.81171875,0.7612304687500001,success,sinkhorn,0.001,100000
1D-students-6df-2048p,2048,2048,0.000858963940674,5001,9.997439853865116e-07,,seconds,0.2882583141326904,0.24687534943223,megabytes,88270.0,88270.0,43.0,43.0,0.26802176,0.26802176,0.6578125,0.6578125,success,sinkhorn,0.001,100000
1D-students-6df-2048p,2048,2048,0.0051668053549857,100000,0.0120917308939613,,seconds,5.157447338104248,5.118099620565772,megabytes,88270.0,88270.0,67.0,63.625,0.29952,0.29952,0.803125,0.77275390625,success,sinkhorn,0.001,100000
1D-students-6df-2048p,2048,2048,0.0045028724545607,100000,0.0111059210527708,,seconds,5.141431093215942,5.0275691747665405,megabytes,88270.0,88270.0,67.0,63.05882352941177,0.369836032,0.369836032,0.81015625,0.7622702205882355,success,sinkhorn,0.001,100000
1D-students-6df-2048p,2048,2048,0.0022078696690877,100000,0.0004783572156518,,seconds,4.873834133148193,4.9533156380057335,megabytes,88270.0,88270.0,69.0,67.13333333333334,0.29554688,0.29554688,0.80078125,0.7805729166666666,success,sinkhorn,0.001,100000
1D-students-6df-2048p,2048,2048,0.0036003225906011,100000,0.0039150504484715,,seconds,5.033696174621582,4.876720979809761,megabytes,88270.0,88270.0,69.0,63.4375,0.300515328,0.300515328,0.80546875,0.757275390625,success,sinkhorn,0.001,100000
1D-students-6df-2048p,2048,2048,0.005204914136489,100000,0.0161512323182139,,seconds,5.066504716873169,4.967345047742128,megabytes,88270.0,88270.0,69.0,64.58823529411765,0.370970624,0.370970624,0.8046875,0.7556985294117647,success,sinkhorn,0.001,100000
1D-students-6df-2048p,2048,2048,0.0012175753536621,5101,9.999873767247444e-07,,seconds,0.2785999774932861,0.2641612812876701,megabytes,88270.0,88270.0,0.0,0.0,0.26796032,0.26796032,0.7359375,0.7359375,success,sinkhorn,0.001,100000
1D-students-6df-2048p,2048,2048,0.0031123386942663,100000,0.0021702485474758,,seconds,5.3364434242248535,5.169895529747009,megabytes,88270.0,88270.0,66.0,65.47058823529412,0.371142656,0.371142656,0.80546875,0.7532169117647058,success,sinkhorn,0.001,100000
1D-students-6df-2048p,2048,2048,0.0035177809785338,100000,0.0043318762291309,,seconds,5.028098106384277,4.997074827551842,megabytes,88270.0,88270.0,68.0,63.375,0.29560832,0.29560832,0.809375,0.7751464843750002,success,sinkhorn,0.001,100000
1D-students-6df-2048p,2048,2048,0.0012149446090612,4521,9.984842030507498e-07,,seconds,0.2781989574432373,0.226066917181015,megabytes,88270.0,88270.0,53.0,53.0,0.267964416,0.267964416,0.61015625,0.61015625,success,sinkhorn,0.001,100000
1D-students-6df-2048p,2048,2048,0.0039332329347844,100000,0.0068791212816121,,seconds,4.959878444671631,4.845501407980919,megabytes,88270.0,88270.0,69.0,64.6875,0.30058496,0.30058496,0.8046875,0.7590332031250001,success,sinkhorn,0.001,100000
1D-students-6df-2048p,2048,2048,0.0116492645980102,100000,0.0320564758815768,,seconds,5.264854669570923,5.11588085629046,megabytes,88270.0,88270.0,67.0,60.35294117647059,0.370835456,0.370835456,0.80859375,0.7511488970588235,success,sinkhorn,0.001,100000
1D-students-6df-2048p,2048,2048,0.010718455545371,100000,0.0140988742806669,,seconds,5.197319746017456,5.100381979718804,megabytes,88270.0,88270.0,66.0,61.875,0.295596032,0.295596032,0.80546875,0.76708984375,success,sinkhorn,0.001,100000
1D-students-6df-2048p,2048,2048,0.004000746491484,100000,0.0063319547302776,,seconds,5.155789852142334,5.248652681708336,megabytes,88270.0,88270.0,66.0,61.125,0.29548544,0.29548544,0.8,0.77822265625,success,sinkhorn,0.001,100000
1D-students-6df-2048p,2048,2048,0.0046528051562792,100000,0.0130274797883742,,seconds,5.077801942825317,4.890507780015469,megabytes,88270.0,88270.0,69.0,65.05882352941177,0.37103616,0.37103616,0.80234375,0.7443474264705883,success,sinkhorn,0.001,100000
1D-students-6df-2048p,2048,2048,0.0031146973749808,100000,0.002711305321326,,seconds,5.424283504486084,5.244294825941324,megabytes,88270.0,88270.0,66.0,61.23529411764706,0.371003392,0.371003392,0.79765625,0.7394761029411763,success,sinkhorn,0.001,100000
1D-students-6df-2048p,2048,2048,0.0060210595025706,100000,0.0216840661574272,,seconds,5.058764934539795,5.0172326024621725,megabytes,88270.0,88270.0,68.0,65.47058823529412,0.370900992,0.370900992,0.8109375,0.7677849264705882,success,sinkhorn,0.001,100000
