dataset,mu_size,nu_size,cost,iterations,error,cost_rerr,time_unit,time,time_counter,gpu_mem_unit,peak_gpu_mem,combined_peak_gpu_ram,peak_gpu_util_pct,mean_gpu_util_pct,peak_ram_MiB,combined_peak_ram_MiB,max_cpu_util_pct,mean_cpu_util_pct,status,name,reg,maxiter
1D-cauchy-vs-gaussian-32p,32,32,1.6069794112397746,11,5.594315781034093e-17,,seconds,0.0,0.0025325957685709,megabytes,0.0,0.0,0.0,0.0,0.0,0.0,0.0,0.0,success,sinkhorn,1.0,100000
1D-cauchy-vs-gaussian-32p,32,32,0.5135262442353405,11,3.9261930842775086e-17,,seconds,0.0,0.0023330189287662,megabytes,0.0,0.0,0.0,0.0,0.0,0.0,0.0,0.0,success,sinkhorn,1.0,100000
1D-cauchy-vs-gaussian-32p,32,32,0.1403903984327237,11,1.2432353298863444e-16,,seconds,0.0,0.0028598681092262,megabytes,0.0,0.0,0.0,0.0,0.0,0.0,0.0,0.0,success,sinkhorn,1.0,100000
1D-cauchy-vs-gaussian-32p,32,32,0.0879538844839151,11,5.551115164487338e-17,,seconds,0.0,0.0024966467171907,megabytes,0.0,0.0,0.0,0.0,0.0,0.0,0.0,0.0,success,sinkhorn,1.0,100000
1D-cauchy-vs-gaussian-32p,32,32,0.1522760183427915,11,2.314409786063609e-17,,seconds,0.0,0.0024679210036993,megabytes,0.0,0.0,0.0,0.0,0.0,0.0,0.0,0.0,success,sinkhorn,1.0,100000
1D-cauchy-vs-gaussian-32p,32,32,0.2674574947814407,11,2.467030512745531e-17,,seconds,0.0,0.0023442283272743,megabytes,0.0,0.0,0.0,0.0,0.0,0.0,0.0,0.0,success,sinkhorn,1.0,100000
1D-cauchy-vs-gaussian-32p,32,32,0.5175049524286114,11,1.1443922132196074e-16,,seconds,0.0,0.0022171102464199,megabytes,0.0,0.0,0.0,0.0,0.0,0.0,0.0,0.0,success,sinkhorn,1.0,100000
1D-cauchy-vs-gaussian-32p,32,32,0.1788625617776189,11,1.1107649954940279e-16,,seconds,0.0,0.0025684237480163,megabytes,0.0,0.0,0.0,0.0,0.0,0.0,0.0,0.0,success,sinkhorn,1.0,100000
1D-cauchy-vs-gaussian-32p,32,32,0.2045533336001176,11,1.2498067357702232e-16,,seconds,0.0,0.0024294033646583,megabytes,0.0,0.0,0.0,0.0,0.0,0.0,0.0,0.0,success,sinkhorn,1.0,100000
1D-cauchy-vs-gaussian-32p,32,32,0.6401523690908024,11,6.834571021610231e-17,,seconds,0.0,0.0025611836463212,megabytes,0.0,0.0,0.0,0.0,0.0,0.0,0.0,0.0,success,sinkhorn,1.0,100000
1D-cauchy-vs-gaussian-32p,32,32,0.1872083432098626,11,2.818613206303653e-17,,seconds,0.0,0.0023680049926042,megabytes,0.0,0.0,0.0,0.0,0.0,0.0,0.0,0.0,success,sinkhorn,1.0,100000
1D-cauchy-vs-gaussian-32p,32,32,1.2540202915495555,11,6.209384011968097e-17,,seconds,0.0,0.0023415796458721,megabytes,0.0,0.0,0.0,0.0,0.0,0.0,0.0,0.0,success,sinkhorn,1.0,100000
1D-cauchy-vs-gaussian-32p,32,32,0.2930472889697317,11,6.206942033369114e-17,,seconds,0.0,0.0022951364517211,megabytes,0.0,0.0,0.0,0.0,0.0,0.0,0.0,0.0,success,sinkhorn,1.0,100000
1D-cauchy-vs-gaussian-32p,32,32,0.5543756654094065,11,7.858248433107299e-17,,seconds,0.0,0.0023155491799116,megabytes,0.0,0.0,0.0,0.0,0.0,0.0,0.0,0.0,success,sinkhorn,1.0,100000
1D-cauchy-vs-gaussian-32p,32,32,0.2684407129035821,11,1.154862109119991e-16,,seconds,0.0,0.0023888498544692,megabytes,0.0,0.0,0.0,0.0,0.0,0.0,0.0,0.0,success,sinkhorn,1.0,100000
1D-cauchy-vs-gaussian-32p,32,32,0.2378357510796464,11,5.56465114693644e-17,,seconds,0.0,0.0023953896015882,megabytes,0.0,0.0,0.0,0.0,0.0,0.0,0.0,0.0,success,sinkhorn,1.0,100000
1D-cauchy-vs-gaussian-32p,32,32,0.2670896974561785,11,3.104379630067033e-17,,seconds,0.0,0.0023385416716337,megabytes,0.0,0.0,0.0,0.0,0.0,0.0,0.0,0.0,success,sinkhorn,1.0,100000
1D-cauchy-vs-gaussian-32p,32,32,0.905343893517956,11,5.551115784870233e-17,,seconds,0.0,0.0023502875119447,megabytes,0.0,0.0,0.0,0.0,0.0,0.0,0.0,0.0,success,sinkhorn,1.0,100000
1D-cauchy-vs-gaussian-32p,32,32,0.4249604121298819,11,1.1103585437259275e-16,,seconds,0.0,0.0026705358177423,megabytes,0.0,0.0,0.0,0.0,0.0,0.0,0.0,0.0,success,sinkhorn,1.0,100000
1D-cauchy-vs-gaussian-32p,32,32,0.1504664106960352,11,2.5391635267130948e-17,,seconds,0.0,0.0023219734430313,megabytes,0.0,0.0,0.0,0.0,0.0,0.0,0.0,0.0,success,sinkhorn,1.0,100000
1D-cauchy-vs-gaussian-32p,32,32,0.4924068995858817,11,4.063661482007513e-17,,seconds,0.0,0.0023085344582796,megabytes,0.0,0.0,0.0,0.0,0.0,0.0,0.0,0.0,success,sinkhorn,1.0,100000
1D-cauchy-vs-gaussian-32p,32,32,0.8731146711379364,11,5.015732992095309e-17,,seconds,0.0,0.0023004803806543,megabytes,0.0,0.0,0.0,0.0,0.0,0.0,0.0,0.0,success,sinkhorn,1.0,100000
1D-cauchy-vs-gaussian-32p,32,32,0.1513418582281331,11,6.20754803144715e-17,,seconds,0.0,0.0023750383406877,megabytes,0.0,0.0,0.0,0.0,0.0,0.0,0.0,0.0,success,sinkhorn,1.0,100000
1D-cauchy-vs-gaussian-32p,32,32,0.8755221484707789,11,6.24801546970363e-17,,seconds,0.0,0.0024968795478343,megabytes,0.0,0.0,0.0,0.0,0.0,0.0,0.0,0.0,success,sinkhorn,1.0,100000
1D-cauchy-vs-gaussian-32p,32,32,0.4536435231266,11,6.206524784865115e-17,,seconds,0.0,0.0026425905525684,megabytes,0.0,0.0,0.0,0.0,0.0,0.0,0.0,0.0,success,sinkhorn,1.0,100000
1D-cauchy-vs-gaussian-32p,32,32,0.2493577204745894,11,1.1188630310358827e-16,,seconds,0.0,0.0023450516164302,megabytes,0.0,0.0,0.0,0.0,0.0,0.0,0.0,0.0,success,sinkhorn,1.0,100000
1D-cauchy-vs-gaussian-32p,32,32,0.3523969543823458,11,3.555125210177728e-17,,seconds,0.0,0.002428576350212,megabytes,0.0,0.0,0.0,0.0,0.0,0.0,0.0,0.0,success,sinkhorn,1.0,100000
1D-cauchy-vs-gaussian-32p,32,32,0.1899679647698796,11,5.551115164484812e-17,,seconds,0.0,0.0024124551564455,megabytes,0.0,0.0,0.0,0.0,0.0,0.0,0.0,0.0,success,sinkhorn,1.0,100000
1D-cauchy-vs-gaussian-32p,32,32,0.3553255815084024,11,4.3472045706752456e-17,,seconds,0.0,0.002231853082776,megabytes,0.0,0.0,0.0,0.0,0.0,0.0,0.0,0.0,success,sinkhorn,1.0,100000
1D-cauchy-vs-gaussian-32p,32,32,0.3921676151967105,11,7.858125028065543e-17,,seconds,0.0,0.0028489623218774,megabytes,0.0,0.0,0.0,0.0,0.0,0.0,0.0,0.0,success,sinkhorn,1.0,100000
1D-cauchy-vs-gaussian-32p,32,32,0.4461269373786967,11,6.206638428687604e-17,,seconds,0.0,0.0022753663361072,megabytes,0.0,0.0,0.0,0.0,0.0,0.0,0.0,0.0,success,sinkhorn,1.0,100000
1D-cauchy-vs-gaussian-64p,64,64,0.2674629461707852,11,5.066650343790533e-17,,seconds,0.6604568958282471,0.460952190682292,megabytes,88268.0,88268.0,0.0,0.0,0.04968448,0.04968448,0.50703125,0.30859375,success,sinkhorn,1.0,100000
1D-cauchy-vs-gaussian-64p,64,64,0.5545348953656821,11,4.416806651234309e-17,,seconds,0.0,0.0027402155101299,megabytes,0.0,0.0,0.0,0.0,0.0,0.0,0.0,0.0,success,sinkhorn,1.0,100000
1D-cauchy-vs-gaussian-64p,64,64,0.2684399505080809,11,4.2349999377239293e-17,,seconds,0.0,0.0025183279067277,megabytes,0.0,0.0,0.0,0.0,0.0,0.0,0.0,0.0,success,sinkhorn,1.0,100000
1D-cauchy-vs-gaussian-64p,64,64,0.513718247700159,11,4.460922549104861e-17,,seconds,0.0,0.0024579651653766,megabytes,0.0,0.0,0.0,0.0,0.0,0.0,0.0,0.0,success,sinkhorn,1.0,100000
1D-cauchy-vs-gaussian-64p,64,64,0.640140411377798,11,1.5546233007919186e-17,,seconds,0.0,0.0024980567395687,megabytes,0.0,0.0,0.0,0.0,0.0,0.0,0.0,0.0,success,sinkhorn,1.0,100000
1D-cauchy-vs-gaussian-64p,64,64,0.4247951232532338,11,4.8199105202256085e-17,,seconds,0.0,0.0024626664817333,megabytes,0.0,0.0,0.0,0.0,0.0,0.0,0.0,0.0,success,sinkhorn,1.0,100000
1D-cauchy-vs-gaussian-64p,64,64,0.3921457465845556,11,3.940773122718659e-17,,seconds,0.0,0.0027032177895307,megabytes,0.0,0.0,0.0,0.0,0.0,0.0,0.0,0.0,success,sinkhorn,1.0,100000
1D-cauchy-vs-gaussian-64p,64,64,0.4536536495118327,11,7.087465376364868e-17,,seconds,0.0,0.0026925280690193,megabytes,0.0,0.0,0.0,0.0,0.0,0.0,0.0,0.0,success,sinkhorn,1.0,100000
1D-cauchy-vs-gaussian-64p,64,64,0.5174856122373943,11,7.88106864596444e-17,,seconds,0.0,0.0024621691554784,megabytes,0.0,0.0,0.0,0.0,0.0,0.0,0.0,0.0,success,sinkhorn,1.0,100000
1D-cauchy-vs-gaussian-64p,64,64,1.2540119207696143,11,3.1990419024358164e-17,,seconds,0.0,0.0023929048329591,megabytes,0.0,0.0,0.0,0.0,0.0,0.0,0.0,0.0,success,sinkhorn,1.0,100000
1D-cauchy-vs-gaussian-64p,64,64,0.8731115400396815,11,1.8032990800515525e-17,,seconds,0.0,0.00236726552248,megabytes,0.0,0.0,0.0,0.0,0.0,0.0,0.0,0.0,success,sinkhorn,1.0,100000
1D-cauchy-vs-gaussian-64p,64,64,0.2379893627977258,11,2.7759811297476106e-17,,seconds,0.0,0.0024152603000402,megabytes,0.0,0.0,0.0,0.0,0.0,0.0,0.0,0.0,success,sinkhorn,1.0,100000
1D-cauchy-vs-gaussian-64p,64,64,0.2493160617250725,11,4.1779924516829776e-17,,seconds,0.0,0.0024739764630794,megabytes,0.0,0.0,0.0,0.0,0.0,0.0,0.0,0.0,success,sinkhorn,1.0,100000
1D-cauchy-vs-gaussian-64p,64,64,0.2047624590436352,11,1.2414185966359758e-16,,seconds,0.0,0.0023794174194335,megabytes,0.0,0.0,0.0,0.0,0.0,0.0,0.0,0.0,success,sinkhorn,1.0,100000
1D-cauchy-vs-gaussian-64p,64,64,0.875540138052925,11,3.222471795193289e-17,,seconds,0.0,0.0026557222008705,megabytes,0.0,0.0,0.0,0.0,0.0,0.0,0.0,0.0,success,sinkhorn,1.0,100000
1D-cauchy-vs-gaussian-64p,64,64,0.3553282515422422,11,1.769077770938649e-17,,seconds,0.0,0.0025297962129116,megabytes,0.0,0.0,0.0,0.0,0.0,0.0,0.0,0.0,success,sinkhorn,1.0,100000
1D-cauchy-vs-gaussian-64p,64,64,0.1504758980257549,11,4.182323110943857e-17,,seconds,0.0,0.0024206768721342,megabytes,0.0,0.0,0.0,0.0,0.0,0.0,0.0,0.0,success,sinkhorn,1.0,100000
1D-cauchy-vs-gaussian-64p,64,64,0.1872488631187173,11,3.7742695639030347e-17,,seconds,0.0,0.0026651229709386,megabytes,0.0,0.0,0.0,0.0,0.0,0.0,0.0,0.0,success,sinkhorn,1.0,100000
1D-cauchy-vs-gaussian-64p,64,64,0.4927853492830018,11,3.156350696942444e-17,,seconds,0.0,0.0025651212781667,megabytes,0.0,0.0,0.0,0.0,0.0,0.0,0.0,0.0,success,sinkhorn,1.0,100000
1D-cauchy-vs-gaussian-64p,64,64,1.6067986677342452,11,3.266076941133968e-17,,seconds,0.0,0.0024612657725811,megabytes,0.0,0.0,0.0,0.0,0.0,0.0,0.0,0.0,success,sinkhorn,1.0,100000
1D-cauchy-vs-gaussian-64p,64,64,0.2671170483427916,11,4.0021602289192986e-17,,seconds,0.0,0.0024331212043762,megabytes,0.0,0.0,0.0,0.0,0.0,0.0,0.0,0.0,success,sinkhorn,1.0,100000
1D-cauchy-vs-gaussian-64p,64,64,0.1513606520238843,11,4.6168684989181805e-17,,seconds,0.0,0.002676710486412,megabytes,0.0,0.0,0.0,0.0,0.0,0.0,0.0,0.0,success,sinkhorn,1.0,100000
1D-cauchy-vs-gaussian-64p,64,64,0.1788241802691408,11,2.337857680352529e-17,,seconds,0.0,0.0024038143455982,megabytes,0.0,0.0,0.0,0.0,0.0,0.0,0.0,0.0,success,sinkhorn,1.0,100000
1D-cauchy-vs-gaussian-64p,64,64,0.4461560309907981,11,4.002116226992191e-17,,seconds,0.0,0.0025471281260252,megabytes,0.0,0.0,0.0,0.0,0.0,0.0,0.0,0.0,success,sinkhorn,1.0,100000
1D-cauchy-vs-gaussian-64p,64,64,0.0879680265357127,11,3.5629983094602615e-17,,seconds,0.0,0.0023833569139242,megabytes,0.0,0.0,0.0,0.0,0.0,0.0,0.0,0.0,success,sinkhorn,1.0,100000
1D-cauchy-vs-gaussian-64p,64,64,0.3524321896993213,11,2.8622951791675466e-17,,seconds,0.0,0.0024865586310625,megabytes,0.0,0.0,0.0,0.0,0.0,0.0,0.0,0.0,success,sinkhorn,1.0,100000
1D-cauchy-vs-gaussian-64p,64,64,0.1900354942446863,11,2.7756422635652654e-17,,seconds,0.0,0.0024357587099075,megabytes,0.0,0.0,0.0,0.0,0.0,0.0,0.0,0.0,success,sinkhorn,1.0,100000
1D-cauchy-vs-gaussian-64p,64,64,0.140449523330875,11,1.2490013738515028e-16,,seconds,0.0,0.002597214654088,megabytes,0.0,0.0,0.0,0.0,0.0,0.0,0.0,0.0,success,sinkhorn,1.0,100000
1D-cauchy-vs-gaussian-64p,64,64,0.90521830581453,11,6.24561859141167e-17,,seconds,0.0,0.0024105701595544,megabytes,0.0,0.0,0.0,0.0,0.0,0.0,0.0,0.0,success,sinkhorn,1.0,100000
1D-cauchy-vs-gaussian-64p,64,64,0.1522497493824904,11,6.206638419442715e-17,,seconds,0.0,0.0024438463151454,megabytes,0.0,0.0,0.0,0.0,0.0,0.0,0.0,0.0,success,sinkhorn,1.0,100000
1D-cauchy-vs-gaussian-64p,64,64,0.2930877984585179,11,6.838972610645886e-17,,seconds,0.0,0.0024774707853794,megabytes,0.0,0.0,0.0,0.0,0.0,0.0,0.0,0.0,success,sinkhorn,1.0,100000
1D-cauchy-vs-gaussian-128p,128,128,0.4927865900436533,11,3.4706029645070877e-17,,seconds,0.6384127140045166,0.4678189475089311,megabytes,88268.0,88268.0,0.0,0.0,0.04917248,0.04917248,0.53671875,0.357421875,success,sinkhorn,1.0,100000
1D-cauchy-vs-gaussian-128p,128,128,0.2671238916202861,11,2.1053147909817158e-17,,seconds,0.0,0.0027509331703186,megabytes,0.0,0.0,0.0,0.0,0.0,0.0,0.0,0.0,success,sinkhorn,1.0,100000
1D-cauchy-vs-gaussian-128p,128,128,0.3553340849925236,11,1.994963417544021e-17,,seconds,0.0,0.0025307144969701,megabytes,0.0,0.0,0.0,0.0,0.0,0.0,0.0,0.0,success,sinkhorn,1.0,100000
1D-cauchy-vs-gaussian-128p,128,128,0.1788333486422499,11,5.101987045289511e-17,,seconds,0.0,0.0024795457720756,megabytes,0.0,0.0,0.0,0.0,0.0,0.0,0.0,0.0,success,sinkhorn,1.0,100000
1D-cauchy-vs-gaussian-128p,128,128,0.1504788195397453,11,1.8944810343915624e-17,,seconds,0.0,0.0024936906993389,megabytes,0.0,0.0,0.0,0.0,0.0,0.0,0.0,0.0,success,sinkhorn,1.0,100000
1D-cauchy-vs-gaussian-128p,128,128,0.446163762620567,11,2.809340895188196e-17,,seconds,0.0,0.0028520207852125,megabytes,0.0,0.0,0.0,0.0,0.0,0.0,0.0,0.0,success,sinkhorn,1.0,100000
1D-cauchy-vs-gaussian-128p,128,128,0.2930979319951955,11,2.3928655578965618e-17,,seconds,0.0,0.002474769949913,megabytes,0.0,0.0,0.0,0.0,0.0,0.0,0.0,0.0,success,sinkhorn,1.0,100000
1D-cauchy-vs-gaussian-128p,128,128,0.5137664505146644,11,2.128780764243292e-17,,seconds,0.0,0.0025522764772176,megabytes,0.0,0.0,0.0,0.0,0.0,0.0,0.0,0.0,success,sinkhorn,1.0,100000
1D-cauchy-vs-gaussian-128p,128,128,0.0879722097841303,11,4.791058148640209e-17,,seconds,0.0,0.0024526081979274,megabytes,0.0,0.0,0.0,0.0,0.0,0.0,0.0,0.0,success,sinkhorn,1.0,100000
1D-cauchy-vs-gaussian-128p,128,128,0.2674643109914849,11,2.7335943029827436e-17,,seconds,0.0,0.0024641938507556,megabytes,0.0,0.0,0.0,0.0,0.0,0.0,0.0,0.0,success,sinkhorn,1.0,100000
1D-cauchy-vs-gaussian-128p,128,128,0.9052144641445766,11,3.4708064423122e-17,,seconds,0.0,0.0027569606900215,megabytes,0.0,0.0,0.0,0.0,0.0,0.0,0.0,0.0,success,sinkhorn,1.0,100000
1D-cauchy-vs-gaussian-128p,128,128,0.5545747911078838,11,2.74879076709169e-17,,seconds,0.0,0.0024759192019701,megabytes,0.0,0.0,0.0,0.0,0.0,0.0,0.0,0.0,success,sinkhorn,1.0,100000
1D-cauchy-vs-gaussian-128p,128,128,0.4536561747239489,11,3.0147328033784655e-17,,seconds,0.0,0.0024099983274936,megabytes,0.0,0.0,0.0,0.0,0.0,0.0,0.0,0.0,success,sinkhorn,1.0,100000
1D-cauchy-vs-gaussian-128p,128,128,0.151365358382103,11,3.495776656436484e-17,,seconds,0.0,0.0027195625007152,megabytes,0.0,0.0,0.0,0.0,0.0,0.0,0.0,0.0,success,sinkhorn,1.0,100000
1D-cauchy-vs-gaussian-128p,128,128,1.606754920379833,11,4.57666253548529e-17,,seconds,0.0,0.0025012511759996,megabytes,0.0,0.0,0.0,0.0,0.0,0.0,0.0,0.0,success,sinkhorn,1.0,100000
1D-cauchy-vs-gaussian-128p,128,128,0.2493186740345413,11,4.235240087653061e-17,,seconds,0.0,0.0024871658533811,megabytes,0.0,0.0,0.0,0.0,0.0,0.0,0.0,0.0,success,sinkhorn,1.0,100000
1D-cauchy-vs-gaussian-128p,128,128,0.2047615419626827,11,4.671918414142232e-17,,seconds,0.0,0.002504589036107,megabytes,0.0,0.0,0.0,0.0,0.0,0.0,0.0,0.0,success,sinkhorn,1.0,100000
1D-cauchy-vs-gaussian-128p,128,128,1.2540101363467282,11,2.6699270876856678e-17,,seconds,0.0,0.0025306474417448,megabytes,0.0,0.0,0.0,0.0,0.0,0.0,0.0,0.0,success,sinkhorn,1.0,100000
1D-cauchy-vs-gaussian-128p,128,128,0.1900522762158933,11,3.5551296190134184e-17,,seconds,0.0,0.0027178227901458,megabytes,0.0,0.0,0.0,0.0,0.0,0.0,0.0,0.0,success,sinkhorn,1.0,100000
1D-cauchy-vs-gaussian-128p,128,128,0.1404716693604976,11,4.292783674509617e-17,,seconds,0.0,0.0025542918592691,megabytes,0.0,0.0,0.0,0.0,0.0,0.0,0.0,0.0,success,sinkhorn,1.0,100000
1D-cauchy-vs-gaussian-128p,128,128,0.1872589594971935,11,2.5616560988730507e-17,,seconds,0.0,0.0024724677205085,megabytes,0.0,0.0,0.0,0.0,0.0,0.0,0.0,0.0,success,sinkhorn,1.0,100000
1D-cauchy-vs-gaussian-128p,128,128,0.8755447677602982,11,3.2562473083330627e-17,,seconds,0.2515032291412353,0.0036443527787923,megabytes,88268.0,88268.0,0.0,0.0,0.02746368,0.02746368,0.0,0.0,success,sinkhorn,1.0,100000
1D-cauchy-vs-gaussian-128p,128,128,0.5174863521200797,11,4.057987834111786e-17,,seconds,0.0,0.0026256907731294,megabytes,0.0,0.0,0.0,0.0,0.0,0.0,0.0,0.0,success,sinkhorn,1.0,100000
1D-cauchy-vs-gaussian-128p,128,128,0.2684397693234904,11,2.9862123479370216e-17,,seconds,0.0,0.0026800502091646,megabytes,0.0,0.0,0.0,0.0,0.0,0.0,0.0,0.0,success,sinkhorn,1.0,100000
1D-cauchy-vs-gaussian-128p,128,128,0.4247727271388463,11,2.509455623989217e-17,,seconds,0.0,0.0023780986666679,megabytes,0.0,0.0,0.0,0.0,0.0,0.0,0.0,0.0,success,sinkhorn,1.0,100000
1D-cauchy-vs-gaussian-128p,128,128,0.6401374693362971,11,2.1695464022071e-17,,seconds,0.0,0.0024381130933761,megabytes,0.0,0.0,0.0,0.0,0.0,0.0,0.0,0.0,success,sinkhorn,1.0,100000
1D-cauchy-vs-gaussian-128p,128,128,0.3921420439435274,11,3.487833901666035e-17,,seconds,0.0,0.0026612654328346,megabytes,0.0,0.0,0.0,0.0,0.0,0.0,0.0,0.0,success,sinkhorn,1.0,100000
1D-cauchy-vs-gaussian-128p,128,128,0.8731107764768931,11,2.7715157452161937e-17,,seconds,0.0,0.0023766253143548,megabytes,0.0,0.0,0.0,0.0,0.0,0.0,0.0,0.0,success,sinkhorn,1.0,100000
1D-cauchy-vs-gaussian-128p,128,128,0.3524410401223571,11,1.6668735285676268e-17,,seconds,0.0,0.0024212189018726,megabytes,0.0,0.0,0.0,0.0,0.0,0.0,0.0,0.0,success,sinkhorn,1.0,100000
1D-cauchy-vs-gaussian-128p,128,128,0.2379941051596732,11,3.127617909834073e-17,,seconds,0.0,0.0024137571454048,megabytes,0.0,0.0,0.0,0.0,0.0,0.0,0.0,0.0,success,sinkhorn,1.0,100000
1D-cauchy-vs-gaussian-128p,128,128,0.1522506885118111,11,3.542687632969333e-17,,seconds,0.0,0.0027905236929655,megabytes,0.0,0.0,0.0,0.0,0.0,0.0,0.0,0.0,success,sinkhorn,1.0,100000
1D-cauchy-vs-gaussian-256p,256,256,0.1513665354705171,11,2.5245272244009346e-17,,seconds,0.6704661846160889,0.4859419800341129,megabytes,88268.0,88268.0,0.0,0.0,0.052953088,0.052953088,0.740625,0.3432291666666667,success,sinkhorn,1.0,100000
1D-cauchy-vs-gaussian-256p,256,256,0.5545847703807922,11,1.6999473541897437e-17,,seconds,0.0,0.0026211719959974,megabytes,0.0,0.0,0.0,0.0,0.0,0.0,0.0,0.0,success,sinkhorn,1.0,100000
1D-cauchy-vs-gaussian-256p,256,256,0.4247671274770542,11,3.0922642849535045e-17,,seconds,0.0,0.0025825854390859,megabytes,0.0,0.0,0.0,0.0,0.0,0.0,0.0,0.0,success,sinkhorn,1.0,100000
1D-cauchy-vs-gaussian-256p,256,256,0.2671256027901129,11,2.4945753478176202e-17,,seconds,0.0,0.0026184078305959,megabytes,0.0,0.0,0.0,0.0,0.0,0.0,0.0,0.0,success,sinkhorn,1.0,100000
1D-cauchy-vs-gaussian-256p,256,256,0.3553355436389351,11,1.8111127622176414e-17,,seconds,0.0,0.0025376062840223,megabytes,0.0,0.0,0.0,0.0,0.0,0.0,0.0,0.0,success,sinkhorn,1.0,100000
1D-cauchy-vs-gaussian-256p,256,256,0.2047613170856188,11,2.203493517085389e-17,,seconds,0.0,0.0027204733341932,megabytes,0.0,0.0,0.0,0.0,0.0,0.0,0.0,0.0,success,sinkhorn,1.0,100000
1D-cauchy-vs-gaussian-256p,256,256,0.1872614842932391,11,2.953617311905494e-17,,seconds,0.0,0.0024648085236549,megabytes,0.0,0.0,0.0,0.0,0.0,0.0,0.0,0.0,success,sinkhorn,1.0,100000
1D-cauchy-vs-gaussian-256p,256,256,0.5174865372775613,11,3.3540654720454946e-17,,seconds,0.0,0.0025484878569841,megabytes,0.0,0.0,0.0,0.0,0.0,0.0,0.0,0.0,success,sinkhorn,1.0,100000
1D-cauchy-vs-gaussian-256p,256,256,0.5137785130327117,11,2.890774875269917e-17,,seconds,0.0,0.0026874002069234,megabytes,0.0,0.0,0.0,0.0,0.0,0.0,0.0,0.0,success,sinkhorn,1.0,100000
1D-cauchy-vs-gaussian-256p,256,256,0.4461656958633252,11,2.4480248051316093e-17,,seconds,0.0,0.0025216825306415,megabytes,0.0,0.0,0.0,0.0,0.0,0.0,0.0,0.0,success,sinkhorn,1.0,100000
1D-cauchy-vs-gaussian-256p,256,256,0.2379952910177092,11,3.556585088689873e-17,,seconds,0.0,0.0027123745530843,megabytes,0.0,0.0,0.0,0.0,0.0,0.0,0.0,0.0,success,sinkhorn,1.0,100000
1D-cauchy-vs-gaussian-256p,256,256,0.1788356414485707,11,2.6701546558284642e-17,,seconds,0.0,0.0025089289993047,megabytes,0.0,0.0,0.0,0.0,0.0,0.0,0.0,0.0,success,sinkhorn,1.0,100000
1D-cauchy-vs-gaussian-256p,256,256,1.2540097093817408,11,2.0040269261579408e-17,,seconds,0.0,0.0025309417396783,megabytes,0.0,0.0,0.0,0.0,0.0,0.0,0.0,0.0,success,sinkhorn,1.0,100000
1D-cauchy-vs-gaussian-256p,256,256,0.6401367368097107,11,1.750593281450057e-17,,seconds,0.0,0.0025383923202753,megabytes,0.0,0.0,0.0,0.0,0.0,0.0,0.0,0.0,success,sinkhorn,1.0,100000
1D-cauchy-vs-gaussian-256p,256,256,0.8755459334332099,11,1.7290174806485954e-17,,seconds,0.0,0.0027196984738111,megabytes,0.0,0.0,0.0,0.0,0.0,0.0,0.0,0.0,success,sinkhorn,1.0,100000
1D-cauchy-vs-gaussian-256p,256,256,0.4927869018801298,11,3.089977423435329e-17,,seconds,0.0,0.0024277325719594,megabytes,0.0,0.0,0.0,0.0,0.0,0.0,0.0,0.0,success,sinkhorn,1.0,100000
1D-cauchy-vs-gaussian-256p,256,256,0.3921410977364055,11,3.6787073677300285e-17,,seconds,0.0,0.0024000760167837,megabytes,0.0,0.0,0.0,0.0,0.0,0.0,0.0,0.0,success,sinkhorn,1.0,100000
1D-cauchy-vs-gaussian-256p,256,256,0.1522509233658664,11,2.8124815872321604e-17,,seconds,0.0,0.0025934930890798,megabytes,0.0,0.0,0.0,0.0,0.0,0.0,0.0,0.0,success,sinkhorn,1.0,100000
1D-cauchy-vs-gaussian-256p,256,256,0.1900564724822709,11,3.1299103079339405e-17,,seconds,0.0,0.0024578720331192,megabytes,0.0,0.0,0.0,0.0,0.0,0.0,0.0,0.0,success,sinkhorn,1.0,100000
1D-cauchy-vs-gaussian-256p,256,256,0.3524432553242855,11,1.644014900078127e-17,,seconds,0.0,0.0027322713285684,megabytes,0.0,0.0,0.0,0.0,0.0,0.0,0.0,0.0,success,sinkhorn,1.0,100000
1D-cauchy-vs-gaussian-256p,256,256,0.2684397246203495,11,2.2176947022517386e-17,,seconds,0.0,0.0025109704583883,megabytes,0.0,0.0,0.0,0.0,0.0,0.0,0.0,0.0,success,sinkhorn,1.0,100000
1D-cauchy-vs-gaussian-256p,256,256,0.0879732698942961,11,2.0903895171355348e-17,,seconds,0.0,0.0023679435253143,megabytes,0.0,0.0,0.0,0.0,0.0,0.0,0.0,0.0,success,sinkhorn,1.0,100000
1D-cauchy-vs-gaussian-256p,256,256,0.2493193292616226,11,2.560308165078657e-17,,seconds,0.0,0.0024575777351856,megabytes,0.0,0.0,0.0,0.0,0.0,0.0,0.0,0.0,success,sinkhorn,1.0,100000
1D-cauchy-vs-gaussian-256p,256,256,1.6067440491602731,11,2.7408852863611005e-17,,seconds,0.0,0.0024969689548015,megabytes,0.0,0.0,0.0,0.0,0.0,0.0,0.0,0.0,success,sinkhorn,1.0,100000
1D-cauchy-vs-gaussian-256p,256,256,0.4536568067833427,11,2.3779913815812245e-17,,seconds,0.0,0.0024433489888906,megabytes,0.0,0.0,0.0,0.0,0.0,0.0,0.0,0.0,success,sinkhorn,1.0,100000
1D-cauchy-vs-gaussian-256p,256,256,0.1504795501206164,11,2.2769109166746775e-17,,seconds,0.0,0.0026405062526464,megabytes,0.0,0.0,0.0,0.0,0.0,0.0,0.0,0.0,success,sinkhorn,1.0,100000
1D-cauchy-vs-gaussian-256p,256,256,0.9052135135958592,11,2.7459738862185054e-17,,seconds,0.0,0.0026908423751592,megabytes,0.0,0.0,0.0,0.0,0.0,0.0,0.0,0.0,success,sinkhorn,1.0,100000
1D-cauchy-vs-gaussian-256p,256,256,0.2931004657645142,11,2.2695297642473685e-17,,seconds,0.0,0.0026284419000148,megabytes,0.0,0.0,0.0,0.0,0.0,0.0,0.0,0.0,success,sinkhorn,1.0,100000
1D-cauchy-vs-gaussian-256p,256,256,0.1404772087379232,11,2.957155555598294e-17,,seconds,0.0,0.0024527106434106,megabytes,0.0,0.0,0.0,0.0,0.0,0.0,0.0,0.0,success,sinkhorn,1.0,100000
1D-cauchy-vs-gaussian-256p,256,256,0.267464652357045,11,2.582556415101512e-17,,seconds,0.0,0.00248609110713,megabytes,0.0,0.0,0.0,0.0,0.0,0.0,0.0,0.0,success,sinkhorn,1.0,100000
1D-cauchy-vs-gaussian-256p,256,256,0.8731105867577458,11,2.02242669178815e-17,,seconds,0.0,0.0026880167424678,megabytes,0.0,0.0,0.0,0.0,0.0,0.0,0.0,0.0,success,sinkhorn,1.0,100000
1D-cauchy-vs-gaussian-512p,512,512,0.8731105394006298,11,1.2383538863848732e-17,,seconds,0.6257917881011963,0.5612294655293226,megabytes,88268.0,88268.0,0.0,0.0,0.048877568,0.048877568,0.6,0.4382812499999999,success,sinkhorn,1.0,100000
1D-cauchy-vs-gaussian-512p,512,512,0.8755462253664352,11,1.2205106932468109e-17,,seconds,0.0,0.0026828423142433,megabytes,0.0,0.0,0.0,0.0,0.0,0.0,0.0,0.0,success,sinkhorn,1.0,100000
1D-cauchy-vs-gaussian-512p,512,512,1.2540096038346773,11,1.2681045720508134e-17,,seconds,0.0,0.0027546044439077,megabytes,0.0,0.0,0.0,0.0,0.0,0.0,0.0,0.0,success,sinkhorn,1.0,100000
1D-cauchy-vs-gaussian-512p,512,512,0.0879735358220732,11,1.5457729622326566e-17,,seconds,0.0,0.0029013603925704,megabytes,0.0,0.0,0.0,0.0,0.0,0.0,0.0,0.0,success,sinkhorn,1.0,100000
1D-cauchy-vs-gaussian-512p,512,512,0.5174865835787302,11,2.3339473217953292e-17,,seconds,0.0,0.0029713287949562,megabytes,0.0,0.0,0.0,0.0,0.0,0.0,0.0,0.0,success,sinkhorn,1.0,100000
1D-cauchy-vs-gaussian-512p,512,512,0.3553359083182821,11,2.2257693161319917e-17,,seconds,0.0,0.0027752686291933,megabytes,0.0,0.0,0.0,0.0,0.0,0.0,0.0,0.0,success,sinkhorn,1.0,100000
1D-cauchy-vs-gaussian-512p,512,512,0.9052132765755736,11,1.921580411648396e-17,,seconds,0.0,0.0027493629604578,megabytes,0.0,0.0,0.0,0.0,0.0,0.0,0.0,0.0,success,sinkhorn,1.0,100000
1D-cauchy-vs-gaussian-512p,512,512,0.4927869799422263,11,2.019164216700516e-17,,seconds,0.0,0.0026951618492603,megabytes,0.0,0.0,0.0,0.0,0.0,0.0,0.0,0.0,success,sinkhorn,1.0,100000
1D-cauchy-vs-gaussian-512p,512,512,0.4247657275273361,11,2.471194695595539e-17,,seconds,0.0,0.0025150515139102,megabytes,0.0,0.0,0.0,0.0,0.0,0.0,0.0,0.0,success,sinkhorn,1.0,100000
1D-cauchy-vs-gaussian-512p,512,512,0.2493194932029032,11,1.962860133133915e-17,,seconds,0.0,0.0028848573565483,megabytes,0.0,0.0,0.0,0.0,0.0,0.0,0.0,0.0,success,sinkhorn,1.0,100000
1D-cauchy-vs-gaussian-512p,512,512,0.392140861141892,11,1.9320685896362656e-17,,seconds,0.0,0.0026876032352447,megabytes,0.0,0.0,0.0,0.0,0.0,0.0,0.0,0.0,success,sinkhorn,1.0,100000
1D-cauchy-vs-gaussian-512p,512,512,0.4461661791949753,11,2.2316372245616654e-17,,seconds,0.0,0.0026288535445928,megabytes,0.0,0.0,0.0,0.0,0.0,0.0,0.0,0.0,success,sinkhorn,1.0,100000
1D-cauchy-vs-gaussian-512p,512,512,0.4536569648455041,11,1.364703847661822e-17,,seconds,0.0,0.0026210714131593,megabytes,0.0,0.0,0.0,0.0,0.0,0.0,0.0,0.0,success,sinkhorn,1.0,100000
1D-cauchy-vs-gaussian-512p,512,512,0.2674647377084682,11,1.6615335390128848e-17,,seconds,0.0,0.0027364715933799,megabytes,0.0,0.0,0.0,0.0,0.0,0.0,0.0,0.0,success,sinkhorn,1.0,100000
1D-cauchy-vs-gaussian-512p,512,512,0.640136553864808,11,1.5997261517317826e-17,,seconds,0.0,0.0026295557618141,megabytes,0.0,0.0,0.0,0.0,0.0,0.0,0.0,0.0,success,sinkhorn,1.0,100000
1D-cauchy-vs-gaussian-512p,512,512,0.1504797327784892,11,2.1194660434782017e-17,,seconds,0.0,0.0026048105210065,megabytes,0.0,0.0,0.0,0.0,0.0,0.0,0.0,0.0,success,sinkhorn,1.0,100000
1D-cauchy-vs-gaussian-512p,512,512,0.2671260306044744,11,1.8122633103001017e-17,,seconds,0.0,0.0029939208179712,megabytes,0.0,0.0,0.0,0.0,0.0,0.0,0.0,0.0,success,sinkhorn,1.0,100000
1D-cauchy-vs-gaussian-512p,512,512,0.1900575215970578,11,1.789238568007643e-17,,seconds,0.0,0.0025981236249208,megabytes,0.0,0.0,0.0,0.0,0.0,0.0,0.0,0.0,success,sinkhorn,1.0,100000
1D-cauchy-vs-gaussian-512p,512,512,0.5137815293886856,11,1.5856039332941084e-17,,seconds,0.0,0.0027152728289365,megabytes,0.0,0.0,0.0,0.0,0.0,0.0,0.0,0.0,success,sinkhorn,1.0,100000
1D-cauchy-vs-gaussian-512p,512,512,0.187262115536074,11,1.6126144173502178e-17,,seconds,0.0,0.0025663524866104,megabytes,0.0,0.0,0.0,0.0,0.0,0.0,0.0,0.0,success,sinkhorn,1.0,100000
1D-cauchy-vs-gaussian-512p,512,512,0.2047612608586655,11,2.3288284451961152e-17,,seconds,0.0,0.0026369653642177,megabytes,0.0,0.0,0.0,0.0,0.0,0.0,0.0,0.0,success,sinkhorn,1.0,100000
1D-cauchy-vs-gaussian-512p,512,512,0.2684397134817017,11,1.4879929112215914e-17,,seconds,0.0,0.0025395546108484,megabytes,0.0,0.0,0.0,0.0,0.0,0.0,0.0,0.0,success,sinkhorn,1.0,100000
1D-cauchy-vs-gaussian-512p,512,512,0.2931010992309008,11,1.7149755807266602e-17,,seconds,0.0,0.0026595331728458,megabytes,0.0,0.0,0.0,0.0,0.0,0.0,0.0,0.0,success,sinkhorn,1.0,100000
1D-cauchy-vs-gaussian-512p,512,512,0.3524438092869718,11,1.5129020478510113e-17,,seconds,0.0,0.0025691892951726,megabytes,0.0,0.0,0.0,0.0,0.0,0.0,0.0,0.0,success,sinkhorn,1.0,100000
1D-cauchy-vs-gaussian-512p,512,512,0.1522509820838661,11,2.1115683351940537e-17,,seconds,0.0,0.0025651957839727,megabytes,0.0,0.0,0.0,0.0,0.0,0.0,0.0,0.0,success,sinkhorn,1.0,100000
1D-cauchy-vs-gaussian-512p,512,512,0.1404785937596597,11,2.0709887128995225e-17,,seconds,0.0,0.0026736110448837,megabytes,0.0,0.0,0.0,0.0,0.0,0.0,0.0,0.0,success,sinkhorn,1.0,100000
1D-cauchy-vs-gaussian-512p,512,512,1.6067413354609037,11,1.5710983990624688e-17,,seconds,0.0,0.0026295408606529,megabytes,0.0,0.0,0.0,0.0,0.0,0.0,0.0,0.0,success,sinkhorn,1.0,100000
1D-cauchy-vs-gaussian-512p,512,512,0.5545872655298875,11,1.637253254572661e-17,,seconds,0.0,0.0026643853634595,megabytes,0.0,0.0,0.0,0.0,0.0,0.0,0.0,0.0,success,sinkhorn,1.0,100000
1D-cauchy-vs-gaussian-512p,512,512,0.2379955874991015,11,2.4401149408814568e-17,,seconds,0.0,0.002601221203804,megabytes,0.0,0.0,0.0,0.0,0.0,0.0,0.0,0.0,success,sinkhorn,1.0,100000
1D-cauchy-vs-gaussian-512p,512,512,0.1513668297738171,11,1.6591791374795234e-17,,seconds,0.0,0.0025351960211992,megabytes,0.0,0.0,0.0,0.0,0.0,0.0,0.0,0.0,success,sinkhorn,1.0,100000
1D-cauchy-vs-gaussian-512p,512,512,0.1788362146945848,11,2.5556061395235477e-17,,seconds,0.0,0.0025892611593008,megabytes,0.0,0.0,0.0,0.0,0.0,0.0,0.0,0.0,success,sinkhorn,1.0,100000
1D-cauchy-vs-gaussian-1024p,1024,1024,0.492786999464188,11,1.5576612761382265e-17,,seconds,0.8482480049133301,0.6937902253121138,megabytes,88270.0,88270.0,0.0,0.0,0.063762432,0.063762432,0.759375,0.3559895833333333,success,sinkhorn,1.0,100000
1D-cauchy-vs-gaussian-1024p,1024,1024,0.3524439477877802,11,1.1668366742721813e-17,,seconds,0.0,0.0026308726519346,megabytes,0.0,0.0,0.0,0.0,0.0,0.0,0.0,0.0,success,sinkhorn,1.0,100000
1D-cauchy-vs-gaussian-1024p,1024,1024,0.2379956616205049,11,1.4727491776278233e-17,,seconds,0.0,0.0026336517184972,megabytes,0.0,0.0,0.0,0.0,0.0,0.0,0.0,0.0,success,sinkhorn,1.0,100000
1D-cauchy-vs-gaussian-1024p,1024,1024,0.9052132173590596,11,1.2411814305893259e-17,,seconds,0.0,0.0027296859771013,megabytes,0.0,0.0,0.0,0.0,0.0,0.0,0.0,0.0,success,sinkhorn,1.0,100000
1D-cauchy-vs-gaussian-1024p,1024,1024,0.42476537753791,11,1.394678720334139e-17,,seconds,0.0,0.00294791162014,megabytes,0.0,0.0,0.0,0.0,0.0,0.0,0.0,0.0,success,sinkhorn,1.0,100000
1D-cauchy-vs-gaussian-1024p,1024,1024,0.1404789400261487,11,1.2943040067137473e-17,,seconds,0.0,0.002686446532607,megabytes,0.0,0.0,0.0,0.0,0.0,0.0,0.0,0.0,success,sinkhorn,1.0,100000
1D-cauchy-vs-gaussian-1024p,1024,1024,0.5174865951547601,11,1.5856436787256013e-17,,seconds,0.0,0.0026666447520256,megabytes,0.0,0.0,0.0,0.0,0.0,0.0,0.0,0.0,success,sinkhorn,1.0,100000
1D-cauchy-vs-gaussian-1024p,1024,1024,0.1522509967636464,11,1.6602260687782393e-17,,seconds,0.0,0.0027692932635545,megabytes,0.0,0.0,0.0,0.0,0.0,0.0,0.0,0.0,success,sinkhorn,1.0,100000
1D-cauchy-vs-gaussian-1024p,1024,1024,0.1788363580088653,11,1.4706833683943403e-17,,seconds,0.0,0.0026064440608024,megabytes,0.0,0.0,0.0,0.0,0.0,0.0,0.0,0.0,success,sinkhorn,1.0,100000
1D-cauchy-vs-gaussian-1024p,1024,1024,0.8755462983819229,11,1.1376149842444456e-17,,seconds,0.0,0.0026636458933353,megabytes,0.0,0.0,0.0,0.0,0.0,0.0,0.0,0.0,success,sinkhorn,1.0,100000
1D-cauchy-vs-gaussian-1024p,1024,1024,0.0879736023603907,11,1.0397785642248892e-17,,seconds,0.0,0.0028251353651285,megabytes,0.0,0.0,0.0,0.0,0.0,0.0,0.0,0.0,success,sinkhorn,1.0,100000
1D-cauchy-vs-gaussian-1024p,1024,1024,0.446166300029198,11,1.5222662753545992e-17,,seconds,0.0,0.002638678997755,megabytes,0.0,0.0,0.0,0.0,0.0,0.0,0.0,0.0,success,sinkhorn,1.0,100000
1D-cauchy-vs-gaussian-1024p,1024,1024,0.6401365081402577,11,1.065941325991509e-17,,seconds,0.0,0.0025477521121501,megabytes,0.0,0.0,0.0,0.0,0.0,0.0,0.0,0.0,success,sinkhorn,1.0,100000
1D-cauchy-vs-gaussian-1024p,1024,1024,0.1900577838787641,11,1.2904792805146057e-17,,seconds,0.0,0.0027049928903579,megabytes,0.0,0.0,0.0,0.0,0.0,0.0,0.0,0.0,success,sinkhorn,1.0,100000
1D-cauchy-vs-gaussian-1024p,1024,1024,0.1872622733495215,11,1.298256912940213e-17,,seconds,0.0,0.0025597997009754,megabytes,0.0,0.0,0.0,0.0,0.0,0.0,0.0,0.0,success,sinkhorn,1.0,100000
1D-cauchy-vs-gaussian-1024p,1024,1024,0.2674647590469513,11,1.1525948148634877e-17,,seconds,0.0,0.0027488339692354,megabytes,0.0,0.0,0.0,0.0,0.0,0.0,0.0,0.0,success,sinkhorn,1.0,100000
1D-cauchy-vs-gaussian-1024p,1024,1024,0.5545878893377982,11,1.4855047360173533e-17,,seconds,0.0,0.0026173535734415,megabytes,0.0,0.0,0.0,0.0,0.0,0.0,0.0,0.0,success,sinkhorn,1.0,100000
1D-cauchy-vs-gaussian-1024p,1024,1024,0.4536570043640022,11,1.0467013951538909e-17,,seconds,0.0,0.0025547463446855,megabytes,0.0,0.0,0.0,0.0,0.0,0.0,0.0,0.0,success,sinkhorn,1.0,100000
1D-cauchy-vs-gaussian-1024p,1024,1024,0.1504797784437484,11,1.331106332184476e-17,,seconds,0.0,0.002717163413763,megabytes,0.0,0.0,0.0,0.0,0.0,0.0,0.0,0.0,success,sinkhorn,1.0,100000
1D-cauchy-vs-gaussian-1024p,1024,1024,0.355335999489228,11,1.4797140102504964e-17,,seconds,0.0,0.0026184450834989,megabytes,0.0,0.0,0.0,0.0,0.0,0.0,0.0,0.0,success,sinkhorn,1.0,100000
1D-cauchy-vs-gaussian-1024p,1024,1024,0.1513669033515921,11,1.2677350386690896e-17,,seconds,0.0,0.0025523714721202,megabytes,0.0,0.0,0.0,0.0,0.0,0.0,0.0,0.0,success,sinkhorn,1.0,100000
1D-cauchy-vs-gaussian-1024p,1024,1024,1.2540095775225142,11,1.0392917072973289e-17,,seconds,0.0,0.0026643928140401,megabytes,0.0,0.0,0.0,0.0,0.0,0.0,0.0,0.0,success,sinkhorn,1.0,100000
1D-cauchy-vs-gaussian-1024p,1024,1024,0.2493195341966327,11,1.5395447067781416e-17,,seconds,0.0,0.002578355371952,megabytes,0.0,0.0,0.0,0.0,0.0,0.0,0.0,0.0,success,sinkhorn,1.0,100000
1D-cauchy-vs-gaussian-1024p,1024,1024,1.6067406572927168,11,1.2070535409346375e-17,,seconds,0.0,0.0026005282998085,megabytes,0.0,0.0,0.0,0.0,0.0,0.0,0.0,0.0,success,sinkhorn,1.0,100000
1D-cauchy-vs-gaussian-1024p,1024,1024,0.2931012575990008,11,1.31930551139603e-17,,seconds,0.0,0.0027354694902896,megabytes,0.0,0.0,0.0,0.0,0.0,0.0,0.0,0.0,success,sinkhorn,1.0,100000
1D-cauchy-vs-gaussian-1024p,1024,1024,0.2671261375594339,11,1.3349241596601713e-17,,seconds,0.0,0.0024113785475492,megabytes,0.0,0.0,0.0,0.0,0.0,0.0,0.0,0.0,success,sinkhorn,1.0,100000
1D-cauchy-vs-gaussian-1024p,1024,1024,0.2047612468015371,11,1.6412986751125132e-17,,seconds,0.0,0.0025327932089567,megabytes,0.0,0.0,0.0,0.0,0.0,0.0,0.0,0.0,success,sinkhorn,1.0,100000
1D-cauchy-vs-gaussian-1024p,1024,1024,0.513782283522899,11,1.1914874539979776e-17,,seconds,0.0,0.0026741214096546,megabytes,0.0,0.0,0.0,0.0,0.0,0.0,0.0,0.0,success,sinkhorn,1.0,100000
1D-cauchy-vs-gaussian-1024p,1024,1024,0.392140801990593,11,1.411655554115628e-17,,seconds,0.0,0.0025419574230909,megabytes,0.0,0.0,0.0,0.0,0.0,0.0,0.0,0.0,success,sinkhorn,1.0,100000
1D-cauchy-vs-gaussian-1024p,1024,1024,0.268439710699362,11,1.0118432484607585e-17,,seconds,0.0,0.0027151219546794,megabytes,0.0,0.0,0.0,0.0,0.0,0.0,0.0,0.0,success,sinkhorn,1.0,100000
1D-cauchy-vs-gaussian-1024p,1024,1024,0.8731105275658836,11,9.842824306633889e-18,,seconds,0.0,0.0026083588600158,megabytes,0.0,0.0,0.0,0.0,0.0,0.0,0.0,0.0,success,sinkhorn,1.0,100000
1D-cauchy-vs-gaussian-2048p,2048,2048,0.554588045291065,11,8.474120478511594e-18,,seconds,0.7597999572753906,0.7150115352123976,megabytes,88270.0,88270.0,0.0,0.0,0.094244864,0.127950848,0.75234375,0.5020833333333333,success,sinkhorn,1.0,100000
1D-cauchy-vs-gaussian-2048p,2048,2048,0.0879736189984951,11,1.0681609927278386e-17,,seconds,0.0,0.0032270886003971,megabytes,0.0,0.0,0.0,0.0,0.0,0.0,0.0,0.0,success,sinkhorn,1.0,100000
1D-cauchy-vs-gaussian-2048p,2048,2048,0.2493195444455906,11,9.461014637838275e-18,,seconds,0.0,0.0029370691627264,megabytes,0.0,0.0,0.0,0.0,0.0,0.0,0.0,0.0,success,sinkhorn,1.0,100000
1D-cauchy-vs-gaussian-2048p,2048,2048,0.8755463166378059,11,6.7775493735988235e-18,,seconds,0.0,0.0034272521734237,megabytes,0.0,0.0,0.0,0.0,0.0,0.0,0.0,0.0,success,sinkhorn,1.0,100000
1D-cauchy-vs-gaussian-2048p,2048,2048,0.9052132025573408,11,8.938920807501336e-18,,seconds,0.0,0.0029913075268268,megabytes,0.0,0.0,0.0,0.0,0.0,0.0,0.0,0.0,success,sinkhorn,1.0,100000
1D-cauchy-vs-gaussian-2048p,2048,2048,0.3553360222820338,11,1.1748106184641064e-17,,seconds,0.0,0.0029991492629051,megabytes,0.0,0.0,0.0,0.0,0.0,0.0,0.0,0.0,success,sinkhorn,1.0,100000
1D-cauchy-vs-gaussian-2048p,2048,2048,0.178836393837609,11,1.1061261193798669e-17,,seconds,0.2910664081573486,0.0032177418470382,megabytes,88270.0,88270.0,0.0,0.0,0.069804032,0.069804032,0.0,0.0,success,sinkhorn,1.0,100000
1D-cauchy-vs-gaussian-2048p,2048,2048,0.2674647643816112,11,9.865698812657789e-18,,seconds,0.0,0.0032903514802455,megabytes,0.0,0.0,0.0,0.0,0.0,0.0,0.0,0.0,success,sinkhorn,1.0,100000
1D-cauchy-vs-gaussian-2048p,2048,2048,0.5174865980488137,11,1.0914229037343214e-17,,seconds,0.0,0.0031920596957206,megabytes,0.0,0.0,0.0,0.0,0.0,0.0,0.0,0.0,success,sinkhorn,1.0,100000
1D-cauchy-vs-gaussian-2048p,2048,2048,0.64013649670985,11,7.553063145835725e-18,,seconds,0.0,0.003121543675661,megabytes,0.0,0.0,0.0,0.0,0.0,0.0,0.0,0.0,success,sinkhorn,1.0,100000
1D-cauchy-vs-gaussian-2048p,2048,2048,1.2540095709491357,11,8.707322038527013e-18,,seconds,0.0,0.0028800666332244,megabytes,0.0,0.0,0.0,0.0,0.0,0.0,0.0,0.0,success,sinkhorn,1.0,100000
1D-cauchy-vs-gaussian-2048p,2048,2048,0.3524439824136158,11,9.121988499619469e-18,,seconds,0.0,0.0027670506387948,megabytes,0.0,0.0,0.0,0.0,0.0,0.0,0.0,0.0,success,sinkhorn,1.0,100000
1D-cauchy-vs-gaussian-2048p,2048,2048,0.2047612432872306,11,1.7085228183988177e-17,,seconds,0.0,0.0029256213456392,megabytes,0.0,0.0,0.0,0.0,0.0,0.0,0.0,0.0,success,sinkhorn,1.0,100000
1D-cauchy-vs-gaussian-2048p,2048,2048,0.1404790265934614,11,1.1159877518361e-17,,seconds,0.0,0.0030501373112201,megabytes,0.0,0.0,0.0,0.0,0.0,0.0,0.0,0.0,success,sinkhorn,1.0,100000
1D-cauchy-vs-gaussian-2048p,2048,2048,0.1900578494493788,11,1.1297085329533344e-17,,seconds,0.0,0.0030514150857925,megabytes,0.0,0.0,0.0,0.0,0.0,0.0,0.0,0.0,success,sinkhorn,1.0,100000
1D-cauchy-vs-gaussian-2048p,2048,2048,0.4927870043450808,11,1.00110902667533e-17,,seconds,0.0,0.0030366126447916,megabytes,0.0,0.0,0.0,0.0,0.0,0.0,0.0,0.0,success,sinkhorn,1.0,100000
1D-cauchy-vs-gaussian-2048p,2048,2048,0.3921407872026013,11,1.402309895140373e-17,,seconds,0.0,0.0030921660363674,megabytes,0.0,0.0,0.0,0.0,0.0,0.0,0.0,0.0,success,sinkhorn,1.0,100000
1D-cauchy-vs-gaussian-2048p,2048,2048,0.152251000433609,11,1.1373305962291909e-17,,seconds,0.0,0.0029665082693099,megabytes,0.0,0.0,0.0,0.0,0.0,0.0,0.0,0.0,success,sinkhorn,1.0,100000
1D-cauchy-vs-gaussian-2048p,2048,2048,0.2684397100039221,11,8.410306792520681e-18,,seconds,0.0,0.0027707777917385,megabytes,0.0,0.0,0.0,0.0,0.0,0.0,0.0,0.0,success,sinkhorn,1.0,100000
1D-cauchy-vs-gaussian-2048p,2048,2048,0.4247652900404312,11,1.0713630482639405e-17,,seconds,0.0,0.0029387176036834,megabytes,0.0,0.0,0.0,0.0,0.0,0.0,0.0,0.0,success,sinkhorn,1.0,100000
1D-cauchy-vs-gaussian-2048p,2048,2048,0.2379956801509217,11,1.1890737286330105e-17,,seconds,0.0,0.003060657531023,megabytes,0.0,0.0,0.0,0.0,0.0,0.0,0.0,0.0,success,sinkhorn,1.0,100000
1D-cauchy-vs-gaussian-2048p,2048,2048,0.1513669217461578,11,9.433753692479041e-18,,seconds,0.0,0.0028754901140928,megabytes,0.0,0.0,0.0,0.0,0.0,0.0,0.0,0.0,success,sinkhorn,1.0,100000
1D-cauchy-vs-gaussian-2048p,2048,2048,1.6067404877667115,11,8.883848156031538e-18,,seconds,0.0,0.0027677249163389,megabytes,0.0,0.0,0.0,0.0,0.0,0.0,0.0,0.0,success,sinkhorn,1.0,100000
1D-cauchy-vs-gaussian-2048p,2048,2048,0.1872623128030545,11,9.879127981913532e-18,,seconds,0.0,0.0027480032294988,megabytes,0.0,0.0,0.0,0.0,0.0,0.0,0.0,0.0,success,sinkhorn,1.0,100000
1D-cauchy-vs-gaussian-2048p,2048,2048,0.8731105246074805,11,7.441792333952085e-18,,seconds,0.0,0.0029465164989233,megabytes,0.0,0.0,0.0,0.0,0.0,0.0,0.0,0.0,success,sinkhorn,1.0,100000
1D-cauchy-vs-gaussian-2048p,2048,2048,0.1504797898601127,11,1.031600953293623e-17,,seconds,0.0,0.0030787214636802,megabytes,0.0,0.0,0.0,0.0,0.0,0.0,0.0,0.0,success,sinkhorn,1.0,100000
1D-cauchy-vs-gaussian-2048p,2048,2048,0.4536570142438115,11,9.365943199197316e-18,,seconds,0.0,0.0031232740730047,megabytes,0.0,0.0,0.0,0.0,0.0,0.0,0.0,0.0,success,sinkhorn,1.0,100000
1D-cauchy-vs-gaussian-2048p,2048,2048,0.2931012971911196,11,8.679940263979227e-18,,seconds,0.0,0.0028278827667236,megabytes,0.0,0.0,0.0,0.0,0.0,0.0,0.0,0.0,success,sinkhorn,1.0,100000
1D-cauchy-vs-gaussian-2048p,2048,2048,0.5137824720592757,11,7.840506088595826e-18,,seconds,0.0,0.0029451511800289,megabytes,0.0,0.0,0.0,0.0,0.0,0.0,0.0,0.0,success,sinkhorn,1.0,100000
1D-cauchy-vs-gaussian-2048p,2048,2048,0.2671261642982593,11,8.961551329666514e-18,,seconds,0.0,0.0029582064598798,megabytes,0.0,0.0,0.0,0.0,0.0,0.0,0.0,0.0,success,sinkhorn,1.0,100000
1D-cauchy-vs-gaussian-2048p,2048,2048,0.4461663302378355,11,9.910806276746004e-18,,seconds,0.0,0.0027169715613126,megabytes,0.0,0.0,0.0,0.0,0.0,0.0,0.0,0.0,success,sinkhorn,1.0,100000
1D-exp-vs-gaussian-32p,32,32,1.0285908207865022,11,6.836253652864668e-17,,seconds,0.0,0.0026885848492383,megabytes,0.0,0.0,0.0,0.0,0.0,0.0,0.0,0.0,success,sinkhorn,1.0,100000
1D-exp-vs-gaussian-32p,32,32,0.6519566688034403,11,3.2914063767906566e-17,,seconds,0.0,0.0026337523013353,megabytes,0.0,0.0,0.0,0.0,0.0,0.0,0.0,0.0,success,sinkhorn,1.0,100000
1D-exp-vs-gaussian-32p,32,32,0.3778530069383726,11,6.20709546137483e-17,,seconds,0.0,0.0024837311357259,megabytes,0.0,0.0,0.0,0.0,0.0,0.0,0.0,0.0,success,sinkhorn,1.0,100000
1D-exp-vs-gaussian-32p,32,32,0.0586181240082913,11,1.2413882900427947e-16,,seconds,0.0,0.0024320613592863,megabytes,0.0,0.0,0.0,0.0,0.0,0.0,0.0,0.0,success,sinkhorn,1.0,100000
1D-exp-vs-gaussian-32p,32,32,0.0619391395094957,11,4.020855518850362e-17,,seconds,0.0,0.0024605728685855,megabytes,0.0,0.0,0.0,0.0,0.0,0.0,0.0,0.0,success,sinkhorn,1.0,100000
1D-exp-vs-gaussian-32p,32,32,0.2577506542802817,11,1.110767109974218e-16,,seconds,0.0,0.0023676306009292,megabytes,0.0,0.0,0.0,0.0,0.0,0.0,0.0,0.0,success,sinkhorn,1.0,100000
1D-exp-vs-gaussian-32p,32,32,0.6378377013206669,11,1.1102569054583859e-16,,seconds,0.0,0.0024195220321416,megabytes,0.0,0.0,0.0,0.0,0.0,0.0,0.0,0.0,success,sinkhorn,1.0,100000
1D-exp-vs-gaussian-32p,32,32,0.1071565045804895,11,4.4969172124985776e-17,,seconds,0.0,0.0024727769196033,megabytes,0.0,0.0,0.0,0.0,0.0,0.0,0.0,0.0,success,sinkhorn,1.0,100000
1D-exp-vs-gaussian-32p,32,32,0.1167902664827095,11,6.216630922544565e-17,,seconds,0.0,0.0026492178440093,megabytes,0.0,0.0,0.0,0.0,0.0,0.0,0.0,0.0,success,sinkhorn,1.0,100000
1D-exp-vs-gaussian-32p,32,32,0.0423642191384235,11,5.594357138585266e-17,,seconds,0.0,0.0024365317076444,megabytes,0.0,0.0,0.0,0.0,0.0,0.0,0.0,0.0,success,sinkhorn,1.0,100000
1D-exp-vs-gaussian-32p,32,32,0.4452399225284621,11,8.80489823656601e-17,,seconds,0.0,0.0023867152631282,megabytes,0.0,0.0,0.0,0.0,0.0,0.0,0.0,0.0,success,sinkhorn,1.0,100000
1D-exp-vs-gaussian-32p,32,32,0.0751695737820631,11,7.110250420355456e-17,,seconds,0.0,0.0025040879845619,megabytes,0.0,0.0,0.0,0.0,0.0,0.0,0.0,0.0,success,sinkhorn,1.0,100000
1D-exp-vs-gaussian-32p,32,32,0.0370428448210626,11,7.581977033242263e-17,,seconds,0.0,0.0026790853589773,megabytes,0.0,0.0,0.0,0.0,0.0,0.0,0.0,0.0,success,sinkhorn,1.0,100000
1D-exp-vs-gaussian-32p,32,32,0.0757750888452378,11,5.551115167069753e-17,,seconds,0.0,0.0026976466178894,megabytes,0.0,0.0,0.0,0.0,0.0,0.0,0.0,0.0,success,sinkhorn,1.0,100000
1D-exp-vs-gaussian-32p,32,32,0.0214467069817505,11,7.858125020761362e-17,,seconds,0.0,0.0025935135781764,megabytes,0.0,0.0,0.0,0.0,0.0,0.0,0.0,0.0,success,sinkhorn,1.0,100000
1D-exp-vs-gaussian-32p,32,32,0.0451021994548442,11,1.1102251422135831e-16,,seconds,0.0,0.0024125445634126,megabytes,0.0,0.0,0.0,0.0,0.0,0.0,0.0,0.0,success,sinkhorn,1.0,100000
1D-exp-vs-gaussian-32p,32,32,0.3235641055914953,11,2.8609792541118165e-17,,seconds,0.0,0.0025088842958211,megabytes,0.0,0.0,0.0,0.0,0.0,0.0,0.0,0.0,success,sinkhorn,1.0,100000
1D-exp-vs-gaussian-32p,32,32,0.2273482275804917,11,2.79717856929232e-17,,seconds,0.0,0.0024104621261358,megabytes,0.0,0.0,0.0,0.0,0.0,0.0,0.0,0.0,success,sinkhorn,1.0,100000
1D-exp-vs-gaussian-32p,32,32,0.1105074785661874,11,6.360192800332137e-17,,seconds,0.0,0.0024980213493108,megabytes,0.0,0.0,0.0,0.0,0.0,0.0,0.0,0.0,success,sinkhorn,1.0,100000
1D-exp-vs-gaussian-32p,32,32,1.0104440480249617,11,1.2412973810881039e-16,,seconds,0.0,0.0024984274059534,megabytes,0.0,0.0,0.0,0.0,0.0,0.0,0.0,0.0,success,sinkhorn,1.0,100000
1D-exp-vs-gaussian-32p,32,32,0.5259725152112229,11,6.411440341336341e-17,,seconds,0.0,0.0024977549910545,megabytes,0.0,0.0,0.0,0.0,0.0,0.0,0.0,0.0,success,sinkhorn,1.0,100000
1D-exp-vs-gaussian-32p,32,32,0.4702543088066333,11,1.1533001545400628e-16,,seconds,0.0,0.0024194568395614,megabytes,0.0,0.0,0.0,0.0,0.0,0.0,0.0,0.0,success,sinkhorn,1.0,100000
1D-exp-vs-gaussian-32p,32,32,0.9500860178477456,11,1.2491232459149715e-16,,seconds,0.0,0.0026846528053283,megabytes,0.0,0.0,0.0,0.0,0.0,0.0,0.0,0.0,success,sinkhorn,1.0,100000
1D-exp-vs-gaussian-32p,32,32,0.1798200119301908,11,1.1194008084984332e-16,,seconds,0.0,0.0025209840387105,megabytes,0.0,0.0,0.0,0.0,0.0,0.0,0.0,0.0,success,sinkhorn,1.0,100000
1D-exp-vs-gaussian-32p,32,32,0.8840688693848389,11,6.37141994448939e-17,,seconds,0.0,0.0024734307080507,megabytes,0.0,0.0,0.0,0.0,0.0,0.0,0.0,0.0,success,sinkhorn,1.0,100000
1D-exp-vs-gaussian-32p,32,32,0.9340783906039822,11,4.5666410171008667e-17,,seconds,0.0,0.0025839246809482,megabytes,0.0,0.0,0.0,0.0,0.0,0.0,0.0,0.0,success,sinkhorn,1.0,100000
1D-exp-vs-gaussian-32p,32,32,0.3401538865672705,11,4.309836601769661e-17,,seconds,0.0,0.0026895608752965,megabytes,0.0,0.0,0.0,0.0,0.0,0.0,0.0,0.0,success,sinkhorn,1.0,100000
1D-exp-vs-gaussian-32p,32,32,0.2135024796368345,11,7.882977915959392e-17,,seconds,0.0,0.002416007220745,megabytes,0.0,0.0,0.0,0.0,0.0,0.0,0.0,0.0,success,sinkhorn,1.0,100000
1D-exp-vs-gaussian-32p,32,32,0.0848937991315451,11,6.257200026744614e-17,,seconds,0.0,0.0024641305208206,megabytes,0.0,0.0,0.0,0.0,0.0,0.0,0.0,0.0,success,sinkhorn,1.0,100000
1D-exp-vs-gaussian-32p,32,32,0.9882315403360872,11,5.594315770774142e-17,,seconds,0.0,0.0023997034877538,megabytes,0.0,0.0,0.0,0.0,0.0,0.0,0.0,0.0,success,sinkhorn,1.0,100000
1D-exp-vs-gaussian-32p,32,32,0.031256992145596,11,6.246209067002706e-17,,seconds,0.0,0.002598064020276,megabytes,0.0,0.0,0.0,0.0,0.0,0.0,0.0,0.0,success,sinkhorn,1.0,100000
1D-exp-vs-gaussian-64p,64,64,0.6510367319592689,11,7.162958706057936e-17,,seconds,0.0,0.0029805190861225,megabytes,0.0,0.0,0.0,0.0,0.0,0.0,0.0,0.0,success,sinkhorn,1.0,100000
1D-exp-vs-gaussian-64p,64,64,0.9859888454614316,11,5.637851296924626e-17,,seconds,0.0,0.002466645091772,megabytes,0.0,0.0,0.0,0.0,0.0,0.0,0.0,0.0,success,sinkhorn,1.0,100000
1D-exp-vs-gaussian-64p,64,64,0.0855390502282736,11,3.513618059789082e-17,,seconds,0.0,0.0025395769625902,megabytes,0.0,0.0,0.0,0.0,0.0,0.0,0.0,0.0,success,sinkhorn,1.0,100000
1D-exp-vs-gaussian-64p,64,64,0.8973888453375539,11,4.184065280074651e-17,,seconds,0.0,0.0024991948157548,megabytes,0.0,0.0,0.0,0.0,0.0,0.0,0.0,0.0,success,sinkhorn,1.0,100000
1D-exp-vs-gaussian-64p,64,64,0.0689435683612465,11,3.4623924658285077e-17,,seconds,0.0,0.0024944320321083,megabytes,0.0,0.0,0.0,0.0,0.0,0.0,0.0,0.0,success,sinkhorn,1.0,100000
1D-exp-vs-gaussian-64p,64,64,0.1886859071622978,11,3.58188139353222e-17,,seconds,0.0,0.0025756284594535,megabytes,0.0,0.0,0.0,0.0,0.0,0.0,0.0,0.0,success,sinkhorn,1.0,100000
1D-exp-vs-gaussian-64p,64,64,0.1311553481525498,11,5.0644204155538905e-17,,seconds,0.0,0.0024784840643405,megabytes,0.0,0.0,0.0,0.0,0.0,0.0,0.0,0.0,success,sinkhorn,1.0,100000
1D-exp-vs-gaussian-64p,64,64,1.026738070320094,11,3.184990673232276e-17,,seconds,0.0,0.0023781694471836,megabytes,0.0,0.0,0.0,0.0,0.0,0.0,0.0,0.0,success,sinkhorn,1.0,100000
1D-exp-vs-gaussian-64p,64,64,0.2039773419896584,11,7.028490584440326e-17,,seconds,0.0,0.0025373771786689,megabytes,0.0,0.0,0.0,0.0,0.0,0.0,0.0,0.0,success,sinkhorn,1.0,100000
1D-exp-vs-gaussian-64p,64,64,0.9318816594038636,11,7.850462293420661e-17,,seconds,0.0,0.0027601961046457,megabytes,0.0,0.0,0.0,0.0,0.0,0.0,0.0,0.0,success,sinkhorn,1.0,100000
1D-exp-vs-gaussian-64p,64,64,0.0450612434546549,11,5.554717153910294e-17,,seconds,0.0,0.0025424137711524,megabytes,0.0,0.0,0.0,0.0,0.0,0.0,0.0,0.0,success,sinkhorn,1.0,100000
1D-exp-vs-gaussian-64p,64,64,0.5097251597686747,11,5.992170624252656e-17,,seconds,0.0,0.0023986287415027,megabytes,0.0,0.0,0.0,0.0,0.0,0.0,0.0,0.0,success,sinkhorn,1.0,100000
1D-exp-vs-gaussian-64p,64,64,0.0753994873996415,11,5.561988887866462e-17,,seconds,0.0,0.002536442130804,megabytes,0.0,0.0,0.0,0.0,0.0,0.0,0.0,0.0,success,sinkhorn,1.0,100000
1D-exp-vs-gaussian-64p,64,64,0.3724109692642484,11,7.981642935153692e-17,,seconds,0.0,0.0024559311568737,megabytes,0.0,0.0,0.0,0.0,0.0,0.0,0.0,0.0,success,sinkhorn,1.0,100000
1D-exp-vs-gaussian-64p,64,64,0.8333923184691499,11,6.360229764159111e-17,,seconds,0.0,0.0026716012507677,megabytes,0.0,0.0,0.0,0.0,0.0,0.0,0.0,0.0,success,sinkhorn,1.0,100000
1D-exp-vs-gaussian-64p,64,64,0.0137318565170098,11,1.1555810451301414e-16,,seconds,0.0,0.0024163629859685,megabytes,0.0,0.0,0.0,0.0,0.0,0.0,0.0,0.0,success,sinkhorn,1.0,100000
1D-exp-vs-gaussian-64p,64,64,0.1068748802344921,11,3.1092418619345325e-17,,seconds,0.0,0.0026251673698425,megabytes,0.0,0.0,0.0,0.0,0.0,0.0,0.0,0.0,success,sinkhorn,1.0,100000
1D-exp-vs-gaussian-64p,64,64,0.41169576232737,11,3.737797876981284e-17,,seconds,0.0,0.0027116909623146,megabytes,0.0,0.0,0.0,0.0,0.0,0.0,0.0,0.0,success,sinkhorn,1.0,100000
1D-exp-vs-gaussian-64p,64,64,0.1292754474956714,11,6.83625365273348e-17,,seconds,0.0,0.0024409461766481,megabytes,0.0,0.0,0.0,0.0,0.0,0.0,0.0,0.0,success,sinkhorn,1.0,100000
1D-exp-vs-gaussian-64p,64,64,0.3222428579426081,11,3.1056715317997503e-17,,seconds,0.0,0.0024092029780149,megabytes,0.0,0.0,0.0,0.0,0.0,0.0,0.0,0.0,success,sinkhorn,1.0,100000
1D-exp-vs-gaussian-64p,64,64,0.5901503467111899,11,8.44152876808074e-17,,seconds,0.0,0.0024557206779718,megabytes,0.0,0.0,0.0,0.0,0.0,0.0,0.0,0.0,success,sinkhorn,1.0,100000
1D-exp-vs-gaussian-64p,64,64,0.1957291400859138,11,1.2813783701920174e-16,,seconds,0.0,0.0025043245404958,megabytes,0.0,0.0,0.0,0.0,0.0,0.0,0.0,0.0,success,sinkhorn,1.0,100000
1D-exp-vs-gaussian-64p,64,64,0.0314229323710175,11,4.22171205806172e-17,,seconds,0.0,0.002467231824994,megabytes,0.0,0.0,0.0,0.0,0.0,0.0,0.0,0.0,success,sinkhorn,1.0,100000
1D-exp-vs-gaussian-64p,64,64,0.231591150508348,11,4.8973305319017723e-17,,seconds,0.0,0.0024061165750026,megabytes,0.0,0.0,0.0,0.0,0.0,0.0,0.0,0.0,success,sinkhorn,1.0,100000
1D-exp-vs-gaussian-64p,64,64,0.0585305230316175,11,7.881068529464405e-17,,seconds,0.0,0.0025267135351896,megabytes,0.0,0.0,0.0,0.0,0.0,0.0,0.0,0.0,success,sinkhorn,1.0,100000
1D-exp-vs-gaussian-64p,64,64,0.0659913096898931,11,3.847802807769244e-17,,seconds,0.0,0.0023960843682289,megabytes,0.0,0.0,0.0,0.0,0.0,0.0,0.0,0.0,success,sinkhorn,1.0,100000
1D-exp-vs-gaussian-64p,64,64,0.0358672005492131,11,5.732510769949452e-17,,seconds,0.0,0.0025006607174873,megabytes,0.0,0.0,0.0,0.0,0.0,0.0,0.0,0.0,success,sinkhorn,1.0,100000
1D-exp-vs-gaussian-64p,64,64,0.484430766660948,11,6.382038001943575e-17,,seconds,0.0,0.002499483525753,megabytes,0.0,0.0,0.0,0.0,0.0,0.0,0.0,0.0,success,sinkhorn,1.0,100000
1D-exp-vs-gaussian-64p,64,64,1.0090474437548496,11,6.843506132728486e-17,,seconds,0.0,0.0025181882083415,megabytes,0.0,0.0,0.0,0.0,0.0,0.0,0.0,0.0,success,sinkhorn,1.0,100000
1D-exp-vs-gaussian-64p,64,64,0.0447074270381968,11,6.984828923170796e-17,,seconds,0.0,0.0025017298758029,megabytes,0.0,0.0,0.0,0.0,0.0,0.0,0.0,0.0,success,sinkhorn,1.0,100000
1D-exp-vs-gaussian-64p,64,64,0.4437386928455702,11,4.7253307072351576e-17,,seconds,0.0,0.0024647451937198,megabytes,0.0,0.0,0.0,0.0,0.0,0.0,0.0,0.0,success,sinkhorn,1.0,100000
1D-exp-vs-gaussian-128p,128,128,0.0584960308591069,11,4.388556065528732e-17,,seconds,0.0,0.0029377713799476,megabytes,0.0,0.0,0.0,0.0,0.0,0.0,0.0,0.0,success,sinkhorn,1.0,100000
1D-exp-vs-gaussian-128p,128,128,0.6713949206068521,11,3.203744037997746e-17,,seconds,0.0,0.0025240555405616,megabytes,0.0,0.0,0.0,0.0,0.0,0.0,0.0,0.0,success,sinkhorn,1.0,100000
1D-exp-vs-gaussian-128p,128,128,0.5896814212258759,11,4.820121093272183e-17,,seconds,0.0,0.0025587491691112,megabytes,0.0,0.0,0.0,0.0,0.0,0.0,0.0,0.0,success,sinkhorn,1.0,100000
1D-exp-vs-gaussian-128p,128,128,0.0446036051771399,11,5.118347245493245e-17,,seconds,0.0,0.0024662967771291,megabytes,0.0,0.0,0.0,0.0,0.0,0.0,0.0,0.0,success,sinkhorn,1.0,100000
1D-exp-vs-gaussian-128p,128,128,0.0753527602131222,11,4.823286391471385e-17,,seconds,0.0,0.0024534557014703,megabytes,0.0,0.0,0.0,0.0,0.0,0.0,0.0,0.0,success,sinkhorn,1.0,100000
1D-exp-vs-gaussian-128p,128,128,0.0314649502855068,11,3.881225390374642e-17,,seconds,0.0,0.0024196021258831,megabytes,0.0,0.0,0.0,0.0,0.0,0.0,0.0,0.0,success,sinkhorn,1.0,100000
1D-exp-vs-gaussian-128p,128,128,0.2087001277198648,11,6.593457481638102e-17,,seconds,0.0,0.0024869814515113,megabytes,0.0,0.0,0.0,0.0,0.0,0.0,0.0,0.0,success,sinkhorn,1.0,100000
1D-exp-vs-gaussian-128p,128,128,0.4113743604756508,11,3.259340869442069e-17,,seconds,0.0,0.0024938583374023,megabytes,0.0,0.0,0.0,0.0,0.0,0.0,0.0,0.0,success,sinkhorn,1.0,100000
1D-exp-vs-gaussian-128p,128,128,0.1005592153843823,11,3.236084682545498e-17,,seconds,0.0,0.0024377740919589,megabytes,0.0,0.0,0.0,0.0,0.0,0.0,0.0,0.0,success,sinkhorn,1.0,100000
1D-exp-vs-gaussian-128p,128,128,0.1203336653446493,11,2.493061794392511e-17,,seconds,0.0,0.0024275630712509,megabytes,0.0,0.0,0.0,0.0,0.0,0.0,0.0,0.0,success,sinkhorn,1.0,100000
1D-exp-vs-gaussian-128p,128,128,0.0359243758517407,11,4.345311341939521e-17,,seconds,0.0,0.002437325194478,megabytes,0.0,0.0,0.0,0.0,0.0,0.0,0.0,0.0,success,sinkhorn,1.0,100000
1D-exp-vs-gaussian-128p,128,128,0.9854616347342656,11,3.5445497392859444e-17,,seconds,0.0,0.0024261586368083,megabytes,0.0,0.0,0.0,0.0,0.0,0.0,0.0,0.0,success,sinkhorn,1.0,100000
1D-exp-vs-gaussian-128p,128,128,0.1310747841818534,11,3.118182416361824e-17,,seconds,0.0,0.0025174356997013,megabytes,0.0,0.0,0.0,0.0,0.0,0.0,0.0,0.0,success,sinkhorn,1.0,100000
1D-exp-vs-gaussian-128p,128,128,1.0262748383228455,11,3.852292048232157e-17,,seconds,0.0,0.0025686435401439,megabytes,0.0,0.0,0.0,0.0,0.0,0.0,0.0,0.0,success,sinkhorn,1.0,100000
1D-exp-vs-gaussian-128p,128,128,0.2022098277320333,11,4.0059512700978616e-17,,seconds,0.0,0.0027162339538335,megabytes,0.0,0.0,0.0,0.0,0.0,0.0,0.0,0.0,success,sinkhorn,1.0,100000
1D-exp-vs-gaussian-128p,128,128,0.5037604663335122,11,2.908281782716596e-17,,seconds,0.0,0.0025530699640512,megabytes,0.0,0.0,0.0,0.0,0.0,0.0,0.0,0.0,success,sinkhorn,1.0,100000
1D-exp-vs-gaussian-128p,128,128,0.9045307765614952,11,4.4116238356975145e-17,,seconds,0.0,0.0025548506528139,megabytes,0.0,0.0,0.0,0.0,0.0,0.0,0.0,0.0,success,sinkhorn,1.0,100000
1D-exp-vs-gaussian-128p,128,128,0.0652143302555671,11,3.360911261848954e-17,,seconds,0.0,0.0024598892778158,megabytes,0.0,0.0,0.0,0.0,0.0,0.0,0.0,0.0,success,sinkhorn,1.0,100000
1D-exp-vs-gaussian-128p,128,128,0.0136065218072681,11,7.076984343995435e-17,,seconds,0.0,0.0024572033435106,megabytes,0.0,0.0,0.0,0.0,0.0,0.0,0.0,0.0,success,sinkhorn,1.0,100000
1D-exp-vs-gaussian-128p,128,128,1.0086993298685336,11,2.555523782198075e-17,,seconds,0.0,0.0027327295392751,megabytes,0.0,0.0,0.0,0.0,0.0,0.0,0.0,0.0,success,sinkhorn,1.0,100000
1D-exp-vs-gaussian-128p,128,128,0.372074417276058,11,3.7421168852497806e-17,,seconds,0.0,0.0025504902005195,megabytes,0.0,0.0,0.0,0.0,0.0,0.0,0.0,0.0,success,sinkhorn,1.0,100000
1D-exp-vs-gaussian-128p,128,128,0.2033623964651766,11,3.265181541815351e-17,,seconds,0.0,0.0024783108383417,megabytes,0.0,0.0,0.0,0.0,0.0,0.0,0.0,0.0,success,sinkhorn,1.0,100000
1D-exp-vs-gaussian-128p,128,128,0.857406267641201,11,3.2048606351162816e-17,,seconds,0.0,0.0024901367723941,megabytes,0.0,0.0,0.0,0.0,0.0,0.0,0.0,0.0,success,sinkhorn,1.0,100000
1D-exp-vs-gaussian-128p,128,128,0.0703298354656389,11,4.4439629422763346e-17,,seconds,0.0,0.002456896007061,megabytes,0.0,0.0,0.0,0.0,0.0,0.0,0.0,0.0,success,sinkhorn,1.0,100000
1D-exp-vs-gaussian-128p,128,128,0.8970145469643969,11,3.7455066119890247e-17,,seconds,0.0,0.0026189964264631,megabytes,0.0,0.0,0.0,0.0,0.0,0.0,0.0,0.0,success,sinkhorn,1.0,100000
1D-exp-vs-gaussian-128p,128,128,0.0450793642493862,11,4.090652984397943e-17,,seconds,0.0,0.0024752467870712,megabytes,0.0,0.0,0.0,0.0,0.0,0.0,0.0,0.0,success,sinkhorn,1.0,100000
1D-exp-vs-gaussian-128p,128,128,0.3219127406988809,11,3.2239525202968075e-17,,seconds,0.0,0.0025389939546585,megabytes,0.0,0.0,0.0,0.0,0.0,0.0,0.0,0.0,success,sinkhorn,1.0,100000
1D-exp-vs-gaussian-128p,128,128,0.508766748162461,11,9.387051109671087e-17,,seconds,0.0,0.0024188328534364,megabytes,0.0,0.0,0.0,0.0,0.0,0.0,0.0,0.0,success,sinkhorn,1.0,100000
1D-exp-vs-gaussian-128p,128,128,0.2313563046839438,11,4.390255775187009e-17,,seconds,0.0,0.0024663694202899,megabytes,0.0,0.0,0.0,0.0,0.0,0.0,0.0,0.0,success,sinkhorn,1.0,100000
1D-exp-vs-gaussian-128p,128,128,0.079290236264742,11,2.971081591725272e-17,,seconds,0.0,0.0024500675499439,megabytes,0.0,0.0,0.0,0.0,0.0,0.0,0.0,0.0,success,sinkhorn,1.0,100000
1D-exp-vs-gaussian-128p,128,128,0.4433634735942744,11,3.7747678502031665e-17,,seconds,0.0,0.0026114676147699,megabytes,0.0,0.0,0.0,0.0,0.0,0.0,0.0,0.0,success,sinkhorn,1.0,100000
1D-exp-vs-gaussian-256p,256,256,0.6609171815032405,11,2.829580732603466e-17,,seconds,0.0,0.0030090920627117,megabytes,0.0,0.0,0.0,0.0,0.0,0.0,0.0,0.0,success,sinkhorn,1.0,100000
1D-exp-vs-gaussian-256p,256,256,0.909602569037973,11,2.2526636568691e-17,,seconds,0.0,0.0025119427591562,megabytes,0.0,0.0,0.0,0.0,0.0,0.0,0.0,0.0,success,sinkhorn,1.0,100000
1D-exp-vs-gaussian-256p,256,256,0.0564789443595931,11,2.6713022019397185e-17,,seconds,0.0,0.0026316680014133,megabytes,0.0,0.0,0.0,0.0,0.0,0.0,0.0,0.0,success,sinkhorn,1.0,100000
1D-exp-vs-gaussian-256p,256,256,1.0086123048226383,11,2.6677542985849458e-17,,seconds,0.0,0.0026843007653951,megabytes,0.0,0.0,0.0,0.0,0.0,0.0,0.0,0.0,success,sinkhorn,1.0,100000
1D-exp-vs-gaussian-256p,256,256,0.0314754881572573,11,2.5344451127094678e-17,,seconds,0.0,0.002583933994174,megabytes,0.0,0.0,0.0,0.0,0.0,0.0,0.0,0.0,success,sinkhorn,1.0,100000
1D-exp-vs-gaussian-256p,256,256,0.4432696743827105,11,2.0484249155620122e-17,,seconds,0.0,0.0027430616319179,megabytes,0.0,0.0,0.0,0.0,0.0,0.0,0.0,0.0,success,sinkhorn,1.0,100000
1D-exp-vs-gaussian-256p,256,256,0.8573095377015879,11,2.4107676809364188e-17,,seconds,0.0,0.002898696810007,megabytes,0.0,0.0,0.0,0.0,0.0,0.0,0.0,0.0,success,sinkhorn,1.0,100000
1D-exp-vs-gaussian-256p,256,256,0.0420863387553507,11,4.368149168504101e-17,,seconds,0.0,0.0027829185128211,megabytes,0.0,0.0,0.0,0.0,0.0,0.0,0.0,0.0,success,sinkhorn,1.0,100000
1D-exp-vs-gaussian-256p,256,256,0.5895641844203148,11,3.473733467037318e-17,,seconds,0.0,0.00279544852674,megabytes,0.0,0.0,0.0,0.0,0.0,0.0,0.0,0.0,success,sinkhorn,1.0,100000
1D-exp-vs-gaussian-256p,256,256,0.0824823719743801,11,4.6547515373386365e-17,,seconds,0.0,0.0025001913309097,megabytes,0.0,0.0,0.0,0.0,0.0,0.0,0.0,0.0,success,sinkhorn,1.0,100000
1D-exp-vs-gaussian-256p,256,256,0.904396307924684,11,3.0036901040938327e-17,,seconds,0.0,0.0024310443550348,megabytes,0.0,0.0,0.0,0.0,0.0,0.0,0.0,0.0,success,sinkhorn,1.0,100000
1D-exp-vs-gaussian-256p,256,256,0.0135754890461949,11,3.9285926217064915e-17,,seconds,0.0,0.0025426894426345,megabytes,0.0,0.0,0.0,0.0,0.0,0.0,0.0,0.0,success,sinkhorn,1.0,100000
1D-exp-vs-gaussian-256p,256,256,0.0680999991959958,11,2.9312400603616305e-17,,seconds,0.0,0.0024750009179115,megabytes,0.0,0.0,0.0,0.0,0.0,0.0,0.0,0.0,success,sinkhorn,1.0,100000
1D-exp-vs-gaussian-256p,256,256,0.0652115132341746,11,1.7321465818569766e-17,,seconds,0.0,0.0024982802569866,megabytes,0.0,0.0,0.0,0.0,0.0,0.0,0.0,0.0,success,sinkhorn,1.0,100000
1D-exp-vs-gaussian-256p,256,256,0.9983221683530312,11,2.513318817481738e-17,,seconds,0.0,0.0025900248438119,megabytes,0.0,0.0,0.0,0.0,0.0,0.0,0.0,0.0,success,sinkhorn,1.0,100000
1D-exp-vs-gaussian-256p,256,256,0.4112940202016262,11,2.295940916324841e-17,,seconds,0.0,0.0027698781341314,megabytes,0.0,0.0,0.0,0.0,0.0,0.0,0.0,0.0,success,sinkhorn,1.0,100000
1D-exp-vs-gaussian-256p,256,256,0.2312976135166548,11,2.8402786185202306e-17,,seconds,0.0,0.0024644881486892,megabytes,0.0,0.0,0.0,0.0,0.0,0.0,0.0,0.0,success,sinkhorn,1.0,100000
1D-exp-vs-gaussian-256p,256,256,0.124925784671518,11,2.312470356251632e-17,,seconds,0.0,0.0025976430624723,megabytes,0.0,0.0,0.0,0.0,0.0,0.0,0.0,0.0,success,sinkhorn,1.0,100000
1D-exp-vs-gaussian-256p,256,256,0.2084598019381848,11,3.015381480550286e-17,,seconds,0.0,0.0024838205426931,megabytes,0.0,0.0,0.0,0.0,0.0,0.0,0.0,0.0,success,sinkhorn,1.0,100000
1D-exp-vs-gaussian-256p,256,256,0.3218302236906947,11,2.479103600868517e-17,,seconds,0.0,0.002556137740612,megabytes,0.0,0.0,0.0,0.0,0.0,0.0,0.0,0.0,success,sinkhorn,1.0,100000
1D-exp-vs-gaussian-256p,256,256,0.3719902897152215,11,3.10592414658266e-17,,seconds,0.0,0.002523174509406,megabytes,0.0,0.0,0.0,0.0,0.0,0.0,0.0,0.0,success,sinkhorn,1.0,100000
1D-exp-vs-gaussian-256p,256,256,0.1272598065202978,11,2.3749720194111054e-17,,seconds,0.0,0.0024918969720602,megabytes,0.0,0.0,0.0,0.0,0.0,0.0,0.0,0.0,success,sinkhorn,1.0,100000
1D-exp-vs-gaussian-256p,256,256,0.0753411039281987,11,2.120395226132649e-17,,seconds,0.0,0.0025657322257757,megabytes,0.0,0.0,0.0,0.0,0.0,0.0,0.0,0.0,success,sinkhorn,1.0,100000
1D-exp-vs-gaussian-256p,256,256,1.0261590275733077,11,2.0914248417521117e-17,,seconds,0.0,0.0025521572679281,megabytes,0.0,0.0,0.0,0.0,0.0,0.0,0.0,0.0,success,sinkhorn,1.0,100000
1D-exp-vs-gaussian-256p,256,256,0.2032085467180983,11,1.9428798412393407e-17,,seconds,0.0,0.0025615748018026,megabytes,0.0,0.0,0.0,0.0,0.0,0.0,0.0,0.0,success,sinkhorn,1.0,100000
1D-exp-vs-gaussian-256p,256,256,0.0450839232106956,11,2.49558769689866e-17,,seconds,0.0,0.0025666411966085,megabytes,0.0,0.0,0.0,0.0,0.0,0.0,0.0,0.0,success,sinkhorn,1.0,100000
1D-exp-vs-gaussian-256p,256,256,0.1957127161596855,11,5.2271953616298704e-17,,seconds,0.0,0.0025234185159206,megabytes,0.0,0.0,0.0,0.0,0.0,0.0,0.0,0.0,success,sinkhorn,1.0,100000
1D-exp-vs-gaussian-256p,256,256,0.1036292568841772,11,2.1590081811885095e-17,,seconds,0.0,0.0026144329458475,megabytes,0.0,0.0,0.0,0.0,0.0,0.0,0.0,0.0,success,sinkhorn,1.0,100000
1D-exp-vs-gaussian-256p,256,256,0.5036561735250036,11,2.8400923727772405e-17,,seconds,0.0,0.0025398880243301,megabytes,0.0,0.0,0.0,0.0,0.0,0.0,0.0,0.0,success,sinkhorn,1.0,100000
1D-exp-vs-gaussian-256p,256,256,0.4975812312636036,11,2.3222865937387436e-17,,seconds,0.0,0.0024204049259424,megabytes,0.0,0.0,0.0,0.0,0.0,0.0,0.0,0.0,success,sinkhorn,1.0,100000
1D-exp-vs-gaussian-256p,256,256,0.0359387126036994,11,2.3499441187596232e-17,,seconds,0.0,0.0025299787521362,megabytes,0.0,0.0,0.0,0.0,0.0,0.0,0.0,0.0,success,sinkhorn,1.0,100000
1D-exp-vs-gaussian-512p,512,512,0.3179840086952726,11,1.9306657186565425e-17,,seconds,0.0,0.0029326025396585,megabytes,0.0,0.0,0.0,0.0,0.0,0.0,0.0,0.0,success,sinkhorn,1.0,100000
1D-exp-vs-gaussian-512p,512,512,0.8572853553700549,11,2.4754468708218877e-17,,seconds,0.0,0.0026136189699172,megabytes,0.0,0.0,0.0,0.0,0.0,0.0,0.0,0.0,success,sinkhorn,1.0,100000
1D-exp-vs-gaussian-512p,512,512,0.2343494046328322,11,2.1160142915070056e-17,,seconds,0.0,0.0025827102363109,megabytes,0.0,0.0,0.0,0.0,0.0,0.0,0.0,0.0,success,sinkhorn,1.0,100000
1D-exp-vs-gaussian-512p,512,512,0.66089438015237,11,2.262053788421165e-17,,seconds,0.0,0.0025907643139362,megabytes,0.0,0.0,0.0,0.0,0.0,0.0,0.0,0.0,success,sinkhorn,1.0,100000
1D-exp-vs-gaussian-512p,512,512,0.0314781247136247,11,1.427103733465403e-17,,seconds,0.0,0.0025488696992397,megabytes,0.0,0.0,0.0,0.0,0.0,0.0,0.0,0.0,success,sinkhorn,1.0,100000
1D-exp-vs-gaussian-512p,512,512,0.9917877431039828,11,2.417291470575833e-17,,seconds,0.0,0.0026897266507148,megabytes,0.0,0.0,0.0,0.0,0.0,0.0,0.0,0.0,success,sinkhorn,1.0,100000
1D-exp-vs-gaussian-512p,512,512,0.2031700772030395,11,2.3169637609881058e-17,,seconds,0.0,0.0026663187891244,megabytes,0.0,0.0,0.0,0.0,0.0,0.0,0.0,0.0,success,sinkhorn,1.0,100000
1D-exp-vs-gaussian-512p,512,512,0.4986645831372422,11,1.6987237288965186e-17,,seconds,0.0,0.0026180762797594,megabytes,0.0,0.0,0.0,0.0,0.0,0.0,0.0,0.0,success,sinkhorn,1.0,100000
1D-exp-vs-gaussian-512p,512,512,0.4432462249313226,11,1.526686018410607e-17,,seconds,0.0,0.0026673469692468,megabytes,0.0,0.0,0.0,0.0,0.0,0.0,0.0,0.0,success,sinkhorn,1.0,100000
1D-exp-vs-gaussian-512p,512,512,0.1990295592374691,11,1.5814183036633718e-17,,seconds,0.0,0.0027043744921684,megabytes,0.0,0.0,0.0,0.0,0.0,0.0,0.0,0.0,success,sinkhorn,1.0,100000
1D-exp-vs-gaussian-512p,512,512,0.035942299476737,11,1.8805751557768605e-17,,seconds,0.0,0.0025865472853183,megabytes,0.0,0.0,0.0,0.0,0.0,0.0,0.0,0.0,success,sinkhorn,1.0,100000
1D-exp-vs-gaussian-512p,512,512,0.069199024333208,11,1.7889537424508566e-17,,seconds,0.0,0.0025441888719797,megabytes,0.0,0.0,0.0,0.0,0.0,0.0,0.0,0.0,success,sinkhorn,1.0,100000
1D-exp-vs-gaussian-512p,512,512,0.2083996766845086,11,3.107046815601008e-17,,seconds,0.0,0.0024797488003969,megabytes,0.0,0.0,0.0,0.0,0.0,0.0,0.0,0.0,success,sinkhorn,1.0,100000
1D-exp-vs-gaussian-512p,512,512,0.9110364541574464,11,3.1250972274114376e-17,,seconds,0.0,0.0026210192590951,megabytes,0.0,0.0,0.0,0.0,0.0,0.0,0.0,0.0,success,sinkhorn,1.0,100000
1D-exp-vs-gaussian-512p,512,512,0.0420803417038113,11,1.9552533786656032e-17,,seconds,0.0,0.0025377292186021,megabytes,0.0,0.0,0.0,0.0,0.0,0.0,0.0,0.0,success,sinkhorn,1.0,100000
1D-exp-vs-gaussian-512p,512,512,0.0135677498686612,11,2.597940832754589e-17,,seconds,0.0,0.0025796461850404,megabytes,0.0,0.0,0.0,0.0,0.0,0.0,0.0,0.0,success,sinkhorn,1.0,100000
1D-exp-vs-gaussian-512p,512,512,0.5952548438754521,11,2.4905197844337097e-17,,seconds,0.0,0.0025845412164926,megabytes,0.0,0.0,0.0,0.0,0.0,0.0,0.0,0.0,success,sinkhorn,1.0,100000
1D-exp-vs-gaussian-512p,512,512,0.1272549931170914,11,1.3932495425509477e-17,,seconds,0.0,0.002457583323121,megabytes,0.0,0.0,0.0,0.0,0.0,0.0,0.0,0.0,success,sinkhorn,1.0,100000
1D-exp-vs-gaussian-512p,512,512,0.3676971050105926,11,3.013584747489337e-17,,seconds,0.0,0.0025264285504817,megabytes,0.0,0.0,0.0,0.0,0.0,0.0,0.0,0.0,success,sinkhorn,1.0,100000
1D-exp-vs-gaussian-512p,512,512,1.0023121788240257,11,1.9427647951870802e-17,,seconds,0.0,0.0025004297494888,megabytes,0.0,0.0,0.0,0.0,0.0,0.0,0.0,0.0,success,sinkhorn,1.0,100000
1D-exp-vs-gaussian-512p,512,512,0.0652108107333896,11,1.4572122703182717e-17,,seconds,0.0,0.0025765616446733,megabytes,0.0,0.0,0.0,0.0,0.0,0.0,0.0,0.0,success,sinkhorn,1.0,100000
1D-exp-vs-gaussian-512p,512,512,1.0324696540530836,11,1.7594834248510488e-17,,seconds,0.0,0.0027016755193471,megabytes,0.0,0.0,0.0,0.0,0.0,0.0,0.0,0.0,success,sinkhorn,1.0,100000
1D-exp-vs-gaussian-512p,512,512,0.4068115722943423,11,1.4440014564112522e-17,,seconds,0.0,0.0025776382535696,megabytes,0.0,0.0,0.0,0.0,0.0,0.0,0.0,0.0,success,sinkhorn,1.0,100000
1D-exp-vs-gaussian-512p,512,512,0.1249405118357022,11,1.29989013173787e-17,,seconds,0.0,0.0026360414922237,megabytes,0.0,0.0,0.0,0.0,0.0,0.0,0.0,0.0,success,sinkhorn,1.0,100000
1D-exp-vs-gaussian-512p,512,512,0.0740759318626021,11,2.0091947612370078e-17,,seconds,0.0,0.0026013292372226,megabytes,0.0,0.0,0.0,0.0,0.0,0.0,0.0,0.0,success,sinkhorn,1.0,100000
1D-exp-vs-gaussian-512p,512,512,0.4975219475659803,11,2.1674454078638688e-17,,seconds,0.0,0.0026812851428985,megabytes,0.0,0.0,0.0,0.0,0.0,0.0,0.0,0.0,success,sinkhorn,1.0,100000
1D-exp-vs-gaussian-512p,512,512,0.0450850647497686,11,1.383754772299822e-17,,seconds,0.0,0.0025452878326177,megabytes,0.0,0.0,0.0,0.0,0.0,0.0,0.0,0.0,success,sinkhorn,1.0,100000
1D-exp-vs-gaussian-512p,512,512,0.0564770144385846,11,2.585899041552247e-17,,seconds,0.0,0.0026504602283239,megabytes,0.0,0.0,0.0,0.0,0.0,0.0,0.0,0.0,success,sinkhorn,1.0,100000
1D-exp-vs-gaussian-512p,512,512,0.909578969367402,11,1.5792226354469416e-17,,seconds,0.0,0.0029550660401582,megabytes,0.0,0.0,0.0,0.0,0.0,0.0,0.0,0.0,success,sinkhorn,1.0,100000
1D-exp-vs-gaussian-512p,512,512,0.1036250991599858,11,2.0785985946283405e-17,,seconds,0.0,0.0025941245257854,megabytes,0.0,0.0,0.0,0.0,0.0,0.0,0.0,0.0,success,sinkhorn,1.0,100000
1D-exp-vs-gaussian-512p,512,512,0.0809022703782384,11,1.5566893088282406e-17,,seconds,0.0,0.0029124412685632,megabytes,0.0,0.0,0.0,0.0,0.0,0.0,0.0,0.0,success,sinkhorn,1.0,100000
1D-exp-vs-gaussian-1024p,1024,1024,0.8572793097967637,11,1.326149938862582e-17,,seconds,0.0,0.0029573179781436,megabytes,0.0,0.0,0.0,0.0,0.0,0.0,0.0,0.0,success,sinkhorn,1.0,100000
1D-exp-vs-gaussian-1024p,1024,1024,0.4975071255439447,11,1.3531563190272724e-17,,seconds,0.0,0.0026874858886003,megabytes,0.0,0.0,0.0,0.0,0.0,0.0,0.0,0.0,success,sinkhorn,1.0,100000
1D-exp-vs-gaussian-1024p,1024,1024,0.4411191442948,11,1.0292986053233874e-17,,seconds,0.0,0.0024675745517015,megabytes,0.0,0.0,0.0,0.0,0.0,0.0,0.0,0.0,success,sinkhorn,1.0,100000
1D-exp-vs-gaussian-1024p,1024,1024,0.367691886595638,11,1.5874781652434678e-17,,seconds,0.0,0.0025851540267467,megabytes,0.0,0.0,0.0,0.0,0.0,0.0,0.0,0.0,success,sinkhorn,1.0,100000
1D-exp-vs-gaussian-1024p,1024,1024,0.0569709774647176,11,1.2274013067955989e-17,,seconds,0.0,0.0025110803544521,megabytes,0.0,0.0,0.0,0.0,0.0,0.0,0.0,0.0,success,sinkhorn,1.0,100000
1D-exp-vs-gaussian-1024p,1024,1024,0.5011381864091621,11,1.0238078835345369e-17,,seconds,0.0,0.002542819827795,megabytes,0.0,0.0,0.0,0.0,0.0,0.0,0.0,0.0,success,sinkhorn,1.0,100000
1D-exp-vs-gaussian-1024p,1024,1024,0.0809047187307377,11,1.633969472782312e-17,,seconds,0.0,0.0026892069727182,megabytes,0.0,0.0,0.0,0.0,0.0,0.0,0.0,0.0,success,sinkhorn,1.0,100000
1D-exp-vs-gaussian-1024p,1024,1024,1.0324623891416271,11,1.4101298677253032e-17,,seconds,0.0,0.002651622518897,megabytes,0.0,0.0,0.0,0.0,0.0,0.0,0.0,0.0,success,sinkhorn,1.0,100000
1D-exp-vs-gaussian-1024p,1024,1024,0.3179788920114851,11,1.2035498748118145e-17,,seconds,0.0,0.0026330836117267,megabytes,0.0,0.0,0.0,0.0,0.0,0.0,0.0,0.0,success,sinkhorn,1.0,100000
1D-exp-vs-gaussian-1024p,1024,1024,0.2066226144679345,11,2.950314595753192e-17,,seconds,0.0,0.0025892201811075,megabytes,0.0,0.0,0.0,0.0,0.0,0.0,0.0,0.0,success,sinkhorn,1.0,100000
1D-exp-vs-gaussian-1024p,1024,1024,0.0450853502469753,11,1.2535738714335644e-17,,seconds,0.0,0.0027921795845031,megabytes,0.0,0.0,0.0,0.0,0.0,0.0,0.0,0.0,success,sinkhorn,1.0,100000
1D-exp-vs-gaussian-1024p,1024,1024,0.0740752319124614,11,1.4344623453688025e-17,,seconds,0.0,0.0026927310973405,megabytes,0.0,0.0,0.0,0.0,0.0,0.0,0.0,0.0,success,sinkhorn,1.0,100000
1D-exp-vs-gaussian-1024p,1024,1024,0.9917794729919872,11,1.5425419491652326e-17,,seconds,0.0,0.0026091057807207,megabytes,0.0,0.0,0.0,0.0,0.0,0.0,0.0,0.0,success,sinkhorn,1.0,100000
1D-exp-vs-gaussian-1024p,1024,1024,0.1249441938675626,11,9.840774820636826e-18,,seconds,0.0,0.0026080012321472,megabytes,0.0,0.0,0.0,0.0,0.0,0.0,0.0,0.0,success,sinkhorn,1.0,100000
1D-exp-vs-gaussian-1024p,1024,1024,0.2031604593819947,11,1.2840302957766613e-17,,seconds,0.0,0.0024394560605287,megabytes,0.0,0.0,0.0,0.0,0.0,0.0,0.0,0.0,success,sinkhorn,1.0,100000
1D-exp-vs-gaussian-1024p,1024,1024,0.1973879690754166,11,1.758630464706226e-17,,seconds,0.0,0.0026934370398521,megabytes,0.0,0.0,0.0,0.0,0.0,0.0,0.0,0.0,success,sinkhorn,1.0,100000
1D-exp-vs-gaussian-1024p,1024,1024,0.5923841335199123,11,1.4449808771591825e-17,,seconds,0.0,0.0026794299483299,megabytes,0.0,0.0,0.0,0.0,0.0,0.0,0.0,0.0,success,sinkhorn,1.0,100000
1D-exp-vs-gaussian-1024p,1024,1024,0.1281936989823763,11,1.0193445317939669e-17,,seconds,0.0,0.0026241242885589,megabytes,0.0,0.0,0.0,0.0,0.0,0.0,0.0,0.0,success,sinkhorn,1.0,100000
1D-exp-vs-gaussian-1024p,1024,1024,0.2343457016587247,11,1.3913130914354206e-17,,seconds,0.0,0.0027304831892251,megabytes,0.0,0.0,0.0,0.0,0.0,0.0,0.0,0.0,success,sinkhorn,1.0,100000
1D-exp-vs-gaussian-1024p,1024,1024,0.0314787839832647,11,8.987364413755977e-18,,seconds,0.0,0.0026397835463285,megabytes,0.0,0.0,0.0,0.0,0.0,0.0,0.0,0.0,success,sinkhorn,1.0,100000
1D-exp-vs-gaussian-1024p,1024,1024,0.035985787292668,11,1.1701360414782301e-17,,seconds,0.0,0.0028692334890365,megabytes,0.0,0.0,0.0,0.0,0.0,0.0,0.0,0.0,success,sinkhorn,1.0,100000
1D-exp-vs-gaussian-1024p,1024,1024,1.0023067613459131,11,1.2435606023504288e-17,,seconds,0.0,0.002609709277749,megabytes,0.0,0.0,0.0,0.0,0.0,0.0,0.0,0.0,success,sinkhorn,1.0,100000
1D-exp-vs-gaussian-1024p,1024,1024,0.9110280135144676,11,1.5435299873078502e-17,,seconds,0.0,0.0024961829185485,megabytes,0.0,0.0,0.0,0.0,0.0,0.0,0.0,0.0,success,sinkhorn,1.0,100000
1D-exp-vs-gaussian-1024p,1024,1024,0.0139328408542103,11,2.6471732479790805e-17,,seconds,0.0,0.0026676878333091,megabytes,0.0,0.0,0.0,0.0,0.0,0.0,0.0,0.0,success,sinkhorn,1.0,100000
1D-exp-vs-gaussian-1024p,1024,1024,0.4090347997781721,11,1.2460052282913706e-17,,seconds,0.0,0.0027581341564655,megabytes,0.0,0.0,0.0,0.0,0.0,0.0,0.0,0.0,success,sinkhorn,1.0,100000
1D-exp-vs-gaussian-1024p,1024,1024,0.9063963136165408,11,1.1615720924618442e-17,,seconds,0.0,0.0025637261569499,megabytes,0.0,0.0,0.0,0.0,0.0,0.0,0.0,0.0,success,sinkhorn,1.0,100000
1D-exp-vs-gaussian-1024p,1024,1024,0.0420788427517401,11,1.6904200006199516e-17,,seconds,0.0,0.0026017799973487,megabytes,0.0,0.0,0.0,0.0,0.0,0.0,0.0,0.0,success,sinkhorn,1.0,100000
1D-exp-vs-gaussian-1024p,1024,1024,0.0656515075473556,11,1.6004817338526308e-17,,seconds,0.0,0.0025898758322,megabytes,0.0,0.0,0.0,0.0,0.0,0.0,0.0,0.0,success,sinkhorn,1.0,100000
1D-exp-vs-gaussian-1024p,1024,1024,0.0686456341673009,11,1.1416720036588364e-17,,seconds,0.0,0.0025709215551614,megabytes,0.0,0.0,0.0,0.0,0.0,0.0,0.0,0.0,success,sinkhorn,1.0,100000
1D-exp-vs-gaussian-1024p,1024,1024,0.1036240598053158,11,1.3371867210515533e-17,,seconds,0.0,0.0025475472211837,megabytes,0.0,0.0,0.0,0.0,0.0,0.0,0.0,0.0,success,sinkhorn,1.0,100000
1D-exp-vs-gaussian-1024p,1024,1024,0.6608886798322171,11,1.5632892017533472e-17,,seconds,0.0,0.0025069117546081,megabytes,0.0,0.0,0.0,0.0,0.0,0.0,0.0,0.0,success,sinkhorn,1.0,100000
1D-exp-vs-gaussian-2048p,2048,2048,0.9063948418709042,11,8.851657543651939e-18,,seconds,0.0,0.0029095280915498,megabytes,0.0,0.0,0.0,0.0,0.0,0.0,0.0,0.0,success,sinkhorn,1.0,100000
1D-exp-vs-gaussian-2048p,2048,2048,0.1973896923311303,11,9.411207871402492e-18,,seconds,0.0,0.002881783992052,megabytes,0.0,0.0,0.0,0.0,0.0,0.0,0.0,0.0,success,sinkhorn,1.0,100000
1D-exp-vs-gaussian-2048p,2048,2048,0.0740750569311887,11,1.1506142959074885e-17,,seconds,0.0,0.0028551612049341,megabytes,0.0,0.0,0.0,0.0,0.0,0.0,0.0,0.0,success,sinkhorn,1.0,100000
1D-exp-vs-gaussian-2048p,2048,2048,0.1281933947992206,11,7.102929015708156e-18,,seconds,0.0,0.00299708917737,megabytes,0.0,0.0,0.0,0.0,0.0,0.0,0.0,0.0,success,sinkhorn,1.0,100000
1D-exp-vs-gaussian-2048p,2048,2048,1.0023054069772377,11,1.04736889597114e-17,,seconds,0.0,0.0029751844704151,megabytes,0.0,0.0,0.0,0.0,0.0,0.0,0.0,0.0,success,sinkhorn,1.0,100000
1D-exp-vs-gaussian-2048p,2048,2048,0.0813003675086282,11,7.091045085952184e-18,,seconds,0.0,0.0028201453387737,megabytes,0.0,0.0,0.0,0.0,0.0,0.0,0.0,0.0,success,sinkhorn,1.0,100000
1D-exp-vs-gaussian-2048p,2048,2048,0.0449820463140458,11,8.38275589487595e-18,,seconds,0.0,0.0029065832495689,megabytes,0.0,0.0,0.0,0.0,0.0,0.0,0.0,0.0,success,sinkhorn,1.0,100000
1D-exp-vs-gaussian-2048p,2048,2048,0.0314789488088343,11,1.0757804496008062e-17,,seconds,0.0,0.0029040724039077,megabytes,0.0,0.0,0.0,0.0,0.0,0.0,0.0,0.0,success,sinkhorn,1.0,100000
1D-exp-vs-gaussian-2048p,2048,2048,0.0686454956514696,11,9.812960784255469e-18,,seconds,0.0,0.0028506815433502,megabytes,0.0,0.0,0.0,0.0,0.0,0.0,0.0,0.0,success,sinkhorn,1.0,100000
1D-exp-vs-gaussian-2048p,2048,2048,0.0654302163729424,11,1.5916437779780338e-17,,seconds,0.0,0.0029242020100355,megabytes,0.0,0.0,0.0,0.0,0.0,0.0,0.0,0.0,success,sinkhorn,1.0,100000
1D-exp-vs-gaussian-2048p,2048,2048,0.2031580548990929,11,1.1904099666335701e-17,,seconds,0.0,0.0031898356974124,megabytes,0.0,0.0,0.0,0.0,0.0,0.0,0.0,0.0,success,sinkhorn,1.0,100000
1D-exp-vs-gaussian-2048p,2048,2048,1.0308748749184995,11,7.703050446176779e-18,,seconds,0.0,0.0032534841448068,megabytes,0.0,0.0,0.0,0.0,0.0,0.0,0.0,0.0,success,sinkhorn,1.0,100000
1D-exp-vs-gaussian-2048p,2048,2048,0.0423835117061456,11,9.76793637923413e-18,,seconds,0.0,0.0032221656292676,megabytes,0.0,0.0,0.0,0.0,0.0,0.0,0.0,0.0,success,sinkhorn,1.0,100000
1D-exp-vs-gaussian-2048p,2048,2048,0.3687563908661507,11,1.0825147649426196e-17,,seconds,0.0,0.0029317196458578,megabytes,0.0,0.0,0.0,0.0,0.0,0.0,0.0,0.0,success,sinkhorn,1.0,100000
1D-exp-vs-gaussian-2048p,2048,2048,0.0137478840400781,11,1.9328746488407844e-17,,seconds,0.0,0.0032626707106828,megabytes,0.0,0.0,0.0,0.0,0.0,0.0,0.0,0.0,success,sinkhorn,1.0,100000
1D-exp-vs-gaussian-2048p,2048,2048,0.0569708534759802,11,1.0476199299587436e-17,,seconds,0.0,0.0028911903500556,megabytes,0.0,0.0,0.0,0.0,0.0,0.0,0.0,0.0,success,sinkhorn,1.0,100000
1D-exp-vs-gaussian-2048p,2048,2048,0.6621825171361189,11,8.833812130013488e-18,,seconds,0.0,0.0029254518449306,megabytes,0.0,0.0,0.0,0.0,0.0,0.0,0.0,0.0,success,sinkhorn,1.0,100000
1D-exp-vs-gaussian-2048p,2048,2048,0.909355801367734,11,1.1928527881782141e-17,,seconds,0.3561859130859375,0.0032039079815149,megabytes,88270.0,88270.0,0.0,0.0,0.069738496,0.069738496,0.0,0.0,success,sinkhorn,1.0,100000
1D-exp-vs-gaussian-2048p,2048,2048,0.5938131201898096,11,8.988488691824855e-18,,seconds,0.0,0.0033474694937467,megabytes,0.0,0.0,0.0,0.0,0.0,0.0,0.0,0.0,success,sinkhorn,1.0,100000
1D-exp-vs-gaussian-2048p,2048,2048,0.318932073371568,11,1.4759268306344418e-17,,seconds,0.0,0.003040961921215,megabytes,0.0,0.0,0.0,0.0,0.0,0.0,0.0,0.0,success,sinkhorn,1.0,100000
1D-exp-vs-gaussian-2048p,2048,2048,0.4411176831345185,11,1.4914579225638768e-17,,seconds,0.0,0.0031938608735799,megabytes,0.0,0.0,0.0,0.0,0.0,0.0,0.0,0.0,success,sinkhorn,1.0,100000
1D-exp-vs-gaussian-2048p,2048,2048,0.2066188730447661,11,1.1833318831274516e-17,,seconds,0.0,0.0031317118555307,megabytes,0.0,0.0,0.0,0.0,0.0,0.0,0.0,0.0,success,sinkhorn,1.0,100000
1D-exp-vs-gaussian-2048p,2048,2048,0.0359638744627052,11,8.869838362294196e-18,,seconds,0.0,0.0032413378357887,megabytes,0.0,0.0,0.0,0.0,0.0,0.0,0.0,0.0,success,sinkhorn,1.0,100000
1D-exp-vs-gaussian-2048p,2048,2048,0.2343447759201023,11,1.0668559231525984e-17,,seconds,0.0,0.0027747750282287,megabytes,0.0,0.0,0.0,0.0,0.0,0.0,0.0,0.0,success,sinkhorn,1.0,100000
1D-exp-vs-gaussian-2048p,2048,2048,0.4998958579763261,11,9.8376598807416e-18,,seconds,0.0,0.0028173197060823,megabytes,0.0,0.0,0.0,0.0,0.0,0.0,0.0,0.0,success,sinkhorn,1.0,100000
1D-exp-vs-gaussian-2048p,2048,2048,0.4975034199698266,11,1.8704422019786202e-17,,seconds,0.0,0.0028142314404249,megabytes,0.0,0.0,0.0,0.0,0.0,0.0,0.0,0.0,success,sinkhorn,1.0,100000
1D-exp-vs-gaussian-2048p,2048,2048,0.9934017390165176,11,1.1252483014820448e-17,,seconds,0.0,0.0030038114637136,megabytes,0.0,0.0,0.0,0.0,0.0,0.0,0.0,0.0,success,sinkhorn,1.0,100000
1D-exp-vs-gaussian-2048p,2048,2048,0.1243719752548621,11,8.468721990289904e-18,,seconds,0.0,0.0029170289635658,megabytes,0.0,0.0,0.0,0.0,0.0,0.0,0.0,0.0,success,sinkhorn,1.0,100000
1D-exp-vs-gaussian-2048p,2048,2048,0.1032340966752757,11,9.436793028893645e-18,,seconds,0.0,0.0028111580759286,megabytes,0.0,0.0,0.0,0.0,0.0,0.0,0.0,0.0,success,sinkhorn,1.0,100000
1D-exp-vs-gaussian-2048p,2048,2048,0.4079187064264059,11,9.180024131198164e-18,,seconds,0.0,0.002970241010189,megabytes,0.0,0.0,0.0,0.0,0.0,0.0,0.0,0.0,success,sinkhorn,1.0,100000
1D-exp-vs-gaussian-2048p,2048,2048,0.8557457324917185,11,9.519681420848633e-18,,seconds,0.0,0.0028887726366519,megabytes,0.0,0.0,0.0,0.0,0.0,0.0,0.0,0.0,success,sinkhorn,1.0,100000
1D-exp-vs-cauchy-32p,32,32,0.1824940786488188,11,6.982127306007956e-17,,seconds,0.0,0.0024572201073169,megabytes,0.0,0.0,0.0,0.0,0.0,0.0,0.0,0.0,success,sinkhorn,1.0,100000
1D-exp-vs-cauchy-32p,32,32,0.2826243052439972,11,5.763878168445254e-17,,seconds,0.0,0.0027424227446317,megabytes,0.0,0.0,0.0,0.0,0.0,0.0,0.0,0.0,success,sinkhorn,1.0,100000
1D-exp-vs-cauchy-32p,32,32,0.4387172998930568,11,7.806255641895632e-17,,seconds,0.0,0.0024700909852981,megabytes,0.0,0.0,0.0,0.0,0.0,0.0,0.0,0.0,success,sinkhorn,1.0,100000
1D-exp-vs-cauchy-32p,32,32,0.582034236906648,11,9.141515410104466e-17,,seconds,0.0,0.0025087445974349,megabytes,0.0,0.0,0.0,0.0,0.0,0.0,0.0,0.0,success,sinkhorn,1.0,100000
1D-exp-vs-cauchy-32p,32,32,0.1009389707605597,11,7.123183519712497e-17,,seconds,0.0,0.0025119874626398,megabytes,0.0,0.0,0.0,0.0,0.0,0.0,0.0,0.0,success,sinkhorn,1.0,100000
1D-exp-vs-cauchy-32p,32,32,0.2685260279801365,11,5.56465114693644e-17,,seconds,0.0,0.0025136489421129,megabytes,0.0,0.0,0.0,0.0,0.0,0.0,0.0,0.0,success,sinkhorn,1.0,100000
1D-exp-vs-cauchy-32p,32,32,0.7258114276157188,11,4.463042882908886e-17,,seconds,0.0,0.0025362987071275,megabytes,0.0,0.0,0.0,0.0,0.0,0.0,0.0,0.0,success,sinkhorn,1.0,100000
1D-exp-vs-cauchy-32p,32,32,0.4943921957924568,11,3.399349888776296e-17,,seconds,0.2111999988555908,0.0027252286672592,megabytes,88270.0,88270.0,0.0,0.0,0.069275648,0.069275648,0.0,0.0,success,sinkhorn,1.0,100000
1D-exp-vs-cauchy-32p,32,32,0.7895950088585184,11,6.982800704023314e-17,,seconds,0.0,0.0025057904422283,megabytes,0.0,0.0,0.0,0.0,0.0,0.0,0.0,0.0,success,sinkhorn,1.0,100000
1D-exp-vs-cauchy-32p,32,32,0.7720370063376745,11,6.306143360728356e-17,,seconds,0.0,0.0024323221296072,megabytes,0.0,0.0,0.0,0.0,0.0,0.0,0.0,0.0,success,sinkhorn,1.0,100000
1D-exp-vs-cauchy-32p,32,32,0.525085973291479,11,6.321633202427609e-17,,seconds,0.0,0.002476206049323,megabytes,0.0,0.0,0.0,0.0,0.0,0.0,0.0,0.0,success,sinkhorn,1.0,100000
1D-exp-vs-cauchy-32p,32,32,0.3605699438275172,11,4.0049201387917773e-17,,seconds,0.0,0.0024425089359283,megabytes,0.0,0.0,0.0,0.0,0.0,0.0,0.0,0.0,success,sinkhorn,1.0,100000
1D-exp-vs-cauchy-32p,32,32,0.0406177384766218,11,1.144950380869562e-16,,seconds,0.0,0.0027616489678621,megabytes,0.0,0.0,0.0,0.0,0.0,0.0,0.0,0.0,success,sinkhorn,1.0,100000
1D-exp-vs-cauchy-32p,32,32,0.298100702037879,11,4.4835135546289775e-17,,seconds,0.0,0.0026912465691566,megabytes,0.0,0.0,0.0,0.0,0.0,0.0,0.0,0.0,success,sinkhorn,1.0,100000
1D-exp-vs-cauchy-32p,32,32,0.4475636717351462,11,5.93873657494515e-17,,seconds,0.0,0.0026307068765163,megabytes,0.0,0.0,0.0,0.0,0.0,0.0,0.0,0.0,success,sinkhorn,1.0,100000
1D-exp-vs-cauchy-32p,32,32,0.2077545751207629,11,3.486751034121081e-17,,seconds,0.0,0.002510791644454,megabytes,0.0,0.0,0.0,0.0,0.0,0.0,0.0,0.0,success,sinkhorn,1.0,100000
1D-exp-vs-cauchy-32p,32,32,0.399102783521165,11,3.044427344733912e-17,,seconds,0.0,0.0025176703929901,megabytes,0.0,0.0,0.0,0.0,0.0,0.0,0.0,0.0,success,sinkhorn,1.0,100000
1D-exp-vs-cauchy-32p,32,32,0.2507502738955557,11,2.221529986854171e-17,,seconds,0.0,0.00253252312541,megabytes,0.0,0.0,0.0,0.0,0.0,0.0,0.0,0.0,success,sinkhorn,1.0,100000
1D-exp-vs-cauchy-32p,32,32,0.5636420881192381,11,1.1777315879409514e-16,,seconds,0.0,0.0025327373296022,megabytes,0.0,0.0,0.0,0.0,0.0,0.0,0.0,0.0,success,sinkhorn,1.0,100000
1D-exp-vs-cauchy-32p,32,32,0.178861023731378,11,7.310578359934718e-17,,seconds,0.0,0.0027691572904586,megabytes,0.0,0.0,0.0,0.0,0.0,0.0,0.0,0.0,success,sinkhorn,1.0,100000
1D-exp-vs-cauchy-32p,32,32,0.7255756654553622,11,2.9146064775806726e-16,,seconds,0.0,0.0024916902184486,megabytes,0.0,0.0,0.0,0.0,0.0,0.0,0.0,0.0,success,sinkhorn,1.0,100000
1D-exp-vs-cauchy-32p,32,32,0.6467661226963884,11,1.6499947067562502e-16,,seconds,0.0,0.002545965835452,megabytes,0.0,0.0,0.0,0.0,0.0,0.0,0.0,0.0,success,sinkhorn,1.0,100000
1D-exp-vs-cauchy-32p,32,32,0.6162955514683051,11,5.651179569181986e-17,,seconds,0.0,0.00269759260118,megabytes,0.0,0.0,0.0,0.0,0.0,0.0,0.0,0.0,success,sinkhorn,1.0,100000
1D-exp-vs-cauchy-32p,32,32,0.2269285542027136,11,6.254634441385502e-17,,seconds,0.0,0.0024620816111564,megabytes,0.0,0.0,0.0,0.0,0.0,0.0,0.0,0.0,success,sinkhorn,1.0,100000
1D-exp-vs-cauchy-32p,32,32,0.274946844762243,11,4.0608835428777945e-17,,seconds,0.0,0.0025134198367595,megabytes,0.0,0.0,0.0,0.0,0.0,0.0,0.0,0.0,success,sinkhorn,1.0,100000
1D-exp-vs-cauchy-32p,32,32,0.1761260168016482,11,5.774310535657398e-17,,seconds,0.0,0.002380471676588,megabytes,0.0,0.0,0.0,0.0,0.0,0.0,0.0,0.0,success,sinkhorn,1.0,100000
1D-exp-vs-cauchy-32p,32,32,0.2582188498457269,11,5.928593550334434e-17,,seconds,0.0,0.0024601574987173,megabytes,0.0,0.0,0.0,0.0,0.0,0.0,0.0,0.0,success,sinkhorn,1.0,100000
1D-exp-vs-cauchy-32p,32,32,0.731917110167278,11,8.746837564097303e-17,,seconds,0.0,0.0024529956281185,megabytes,0.0,0.0,0.0,0.0,0.0,0.0,0.0,0.0,success,sinkhorn,1.0,100000
1D-exp-vs-cauchy-32p,32,32,0.5842563972219099,11,3.381598593091618e-17,,seconds,0.0,0.0024871677160263,megabytes,0.0,0.0,0.0,0.0,0.0,0.0,0.0,0.0,success,sinkhorn,1.0,100000
1D-exp-vs-cauchy-32p,32,32,0.2670727405497822,11,3.403842317065348e-17,,seconds,0.0,0.0025530029088258,megabytes,0.0,0.0,0.0,0.0,0.0,0.0,0.0,0.0,success,sinkhorn,1.0,100000
1D-exp-vs-cauchy-32p,32,32,0.1627087924186255,11,6.369057972232327e-17,,seconds,0.0,0.0026230607181787,megabytes,0.0,0.0,0.0,0.0,0.0,0.0,0.0,0.0,success,sinkhorn,1.0,100000
1D-exp-vs-cauchy-64p,64,64,0.0376273013152024,11,1.110403567607982e-16,,seconds,0.0,0.0024159718304872,megabytes,0.0,0.0,0.0,0.0,0.0,0.0,0.0,0.0,success,sinkhorn,1.0,100000
1D-exp-vs-cauchy-64p,64,64,0.2821920054644716,11,6.591949208711867e-17,,seconds,0.0,0.0024555046111345,megabytes,0.0,0.0,0.0,0.0,0.0,0.0,0.0,0.0,success,sinkhorn,1.0,100000
1D-exp-vs-cauchy-64p,64,64,0.2741911823761079,11,6.248617475643161e-17,,seconds,0.0,0.0024894997477531,megabytes,0.0,0.0,0.0,0.0,0.0,0.0,0.0,0.0,success,sinkhorn,1.0,100000
1D-exp-vs-cauchy-64p,64,64,0.1628209889292602,11,2.5078606370050887e-17,,seconds,0.0,0.002495389431715,megabytes,0.0,0.0,0.0,0.0,0.0,0.0,0.0,0.0,success,sinkhorn,1.0,100000
1D-exp-vs-cauchy-64p,64,64,0.685073726369156,11,7.442651099753961e-17,,seconds,0.0,0.0025783721357584,megabytes,0.0,0.0,0.0,0.0,0.0,0.0,0.0,0.0,success,sinkhorn,1.0,100000
1D-exp-vs-cauchy-64p,64,64,0.2656868183909877,11,7.708502081156654e-17,,seconds,0.0,0.0025898721069097,megabytes,0.0,0.0,0.0,0.0,0.0,0.0,0.0,0.0,success,sinkhorn,1.0,100000
1D-exp-vs-cauchy-64p,64,64,0.2974813503959524,11,4.2207643840401616e-17,,seconds,0.0,0.0024413205683231,megabytes,0.0,0.0,0.0,0.0,0.0,0.0,0.0,0.0,success,sinkhorn,1.0,100000
1D-exp-vs-cauchy-64p,64,64,0.4111466176780498,11,2.5773928057956e-17,,seconds,0.0,0.0026083867996931,megabytes,0.0,0.0,0.0,0.0,0.0,0.0,0.0,0.0,success,sinkhorn,1.0,100000
1D-exp-vs-cauchy-64p,64,64,0.7684583698254376,11,1.4643778960547252e-16,,seconds,0.0,0.0025195870548486,megabytes,0.0,0.0,0.0,0.0,0.0,0.0,0.0,0.0,success,sinkhorn,1.0,100000
1D-exp-vs-cauchy-64p,64,64,0.7725365776826573,11,3.5622160446055186e-17,,seconds,0.0,0.0025939643383026,megabytes,0.0,0.0,0.0,0.0,0.0,0.0,0.0,0.0,success,sinkhorn,1.0,100000
1D-exp-vs-cauchy-64p,64,64,0.5579531677312898,11,2.7235711026938444e-17,,seconds,0.0,0.0025823898613452,megabytes,0.0,0.0,0.0,0.0,0.0,0.0,0.0,0.0,success,sinkhorn,1.0,100000
1D-exp-vs-cauchy-64p,64,64,0.5492328882265108,11,2.708336158812468e-17,,seconds,0.0,0.002527916803956,megabytes,0.0,0.0,0.0,0.0,0.0,0.0,0.0,0.0,success,sinkhorn,1.0,100000
1D-exp-vs-cauchy-64p,64,64,0.7786153845207371,11,2.213113990930807e-17,,seconds,0.0,0.0026264321058988,megabytes,0.0,0.0,0.0,0.0,0.0,0.0,0.0,0.0,success,sinkhorn,1.0,100000
1D-exp-vs-cauchy-64p,64,64,0.7243986228641828,11,4.986434267724118e-17,,seconds,0.0,0.0026756655424833,megabytes,0.0,0.0,0.0,0.0,0.0,0.0,0.0,0.0,success,sinkhorn,1.0,100000
1D-exp-vs-cauchy-64p,64,64,0.7394177735877004,11,4.5361909804531096e-17,,seconds,0.0,0.0024286862462759,megabytes,0.0,0.0,0.0,0.0,0.0,0.0,0.0,0.0,success,sinkhorn,1.0,100000
1D-exp-vs-cauchy-64p,64,64,0.2503250206769115,11,3.61805266555878e-17,,seconds,0.0,0.0024796072393655,megabytes,0.0,0.0,0.0,0.0,0.0,0.0,0.0,0.0,success,sinkhorn,1.0,100000
1D-exp-vs-cauchy-64p,64,64,0.226582428928871,11,4.958396862527072e-17,,seconds,0.0,0.0025611519813537,megabytes,0.0,0.0,0.0,0.0,0.0,0.0,0.0,0.0,success,sinkhorn,1.0,100000
1D-exp-vs-cauchy-64p,64,64,0.248543388980144,11,1.601099022632031e-17,,seconds,0.0,0.0025062710046768,megabytes,0.0,0.0,0.0,0.0,0.0,0.0,0.0,0.0,success,sinkhorn,1.0,100000
1D-exp-vs-cauchy-64p,64,64,0.5281088967276101,11,6.927771918218225e-17,,seconds,0.0,0.0024251826107501,megabytes,0.0,0.0,0.0,0.0,0.0,0.0,0.0,0.0,success,sinkhorn,1.0,100000
1D-exp-vs-cauchy-64p,64,64,0.5145129422072307,11,3.2780423520840403e-17,,seconds,0.0,0.0024108998477458,megabytes,0.0,0.0,0.0,0.0,0.0,0.0,0.0,0.0,success,sinkhorn,1.0,100000
1D-exp-vs-cauchy-64p,64,64,0.207572506970937,11,3.863412619563315e-17,,seconds,0.0,0.0024267174303531,megabytes,0.0,0.0,0.0,0.0,0.0,0.0,0.0,0.0,success,sinkhorn,1.0,100000
1D-exp-vs-cauchy-64p,64,64,0.4468373838622177,11,3.151281687781447e-17,,seconds,0.0,0.0024788528680801,megabytes,0.0,0.0,0.0,0.0,0.0,0.0,0.0,0.0,success,sinkhorn,1.0,100000
1D-exp-vs-cauchy-64p,64,64,0.3982497914632056,11,2.3737838402225505e-17,,seconds,0.0,0.0025342870503664,megabytes,0.0,0.0,0.0,0.0,0.0,0.0,0.0,0.0,success,sinkhorn,1.0,100000
1D-exp-vs-cauchy-64p,64,64,0.2464869846120083,11,5.583546451384493e-17,,seconds,0.0,0.002733627334237,megabytes,0.0,0.0,0.0,0.0,0.0,0.0,0.0,0.0,success,sinkhorn,1.0,100000
1D-exp-vs-cauchy-64p,64,64,0.5808595935236163,11,3.2060135064578376e-17,,seconds,0.0,0.002552181482315,megabytes,0.0,0.0,0.0,0.0,0.0,0.0,0.0,0.0,success,sinkhorn,1.0,100000
1D-exp-vs-cauchy-64p,64,64,0.1757462120770203,11,6.748163509828045e-17,,seconds,0.0,0.0025537125766277,megabytes,0.0,0.0,0.0,0.0,0.0,0.0,0.0,0.0,success,sinkhorn,1.0,100000
1D-exp-vs-cauchy-64p,64,64,0.6555811373329854,11,4.730303379992916e-17,,seconds,0.0,0.0025290213525295,megabytes,0.0,0.0,0.0,0.0,0.0,0.0,0.0,0.0,success,sinkhorn,1.0,100000
1D-exp-vs-cauchy-64p,64,64,0.1743275207666917,11,4.5666410171008667e-17,,seconds,0.0,0.002486327663064,megabytes,0.0,0.0,0.0,0.0,0.0,0.0,0.0,0.0,success,sinkhorn,1.0,100000
1D-exp-vs-cauchy-64p,64,64,0.0913802324404055,11,8.481455187359087e-17,,seconds,0.0,0.0025301501154899,megabytes,0.0,0.0,0.0,0.0,0.0,0.0,0.0,0.0,success,sinkhorn,1.0,100000
1D-exp-vs-cauchy-64p,64,64,0.3873760293103909,11,2.323331672184569e-17,,seconds,0.0,0.0024693701416254,megabytes,0.0,0.0,0.0,0.0,0.0,0.0,0.0,0.0,success,sinkhorn,1.0,100000
1D-exp-vs-cauchy-64p,64,64,0.1787458589336493,11,4.7380503283802e-17,,seconds,0.0,0.0027417801320552,megabytes,0.0,0.0,0.0,0.0,0.0,0.0,0.0,0.0,success,sinkhorn,1.0,100000
1D-exp-vs-cauchy-128p,128,128,0.3870763589271866,11,3.4298509100672475e-17,,seconds,0.0,0.002468628808856,megabytes,0.0,0.0,0.0,0.0,0.0,0.0,0.0,0.0,success,sinkhorn,1.0,100000
1D-exp-vs-cauchy-128p,128,128,0.7458599915816377,11,1.5883750543575835e-16,,seconds,0.0,0.0025155171751976,megabytes,0.0,0.0,0.0,0.0,0.0,0.0,0.0,0.0,success,sinkhorn,1.0,100000
1D-exp-vs-cauchy-128p,128,128,0.5132076136773038,11,3.978059770732013e-17,,seconds,0.0,0.002527268603444,megabytes,0.0,0.0,0.0,0.0,0.0,0.0,0.0,0.0,success,sinkhorn,1.0,100000
1D-exp-vs-cauchy-128p,128,128,0.548973919915282,11,2.5465598823935786e-17,,seconds,0.0,0.0025696698576211,megabytes,0.0,0.0,0.0,0.0,0.0,0.0,0.0,0.0,success,sinkhorn,1.0,100000
1D-exp-vs-cauchy-128p,128,128,0.5277580189695322,11,1.7812620109741066e-17,,seconds,0.0,0.0024750139564275,megabytes,0.0,0.0,0.0,0.0,0.0,0.0,0.0,0.0,success,sinkhorn,1.0,100000
1D-exp-vs-cauchy-128p,128,128,0.2748240010489874,11,2.850441536478805e-17,,seconds,0.0,0.0025147385895252,megabytes,0.0,0.0,0.0,0.0,0.0,0.0,0.0,0.0,success,sinkhorn,1.0,100000
1D-exp-vs-cauchy-128p,128,128,0.1628493732847831,11,2.7619717846307405e-17,,seconds,0.0,0.002491382881999,megabytes,0.0,0.0,0.0,0.0,0.0,0.0,0.0,0.0,success,sinkhorn,1.0,100000
1D-exp-vs-cauchy-128p,128,128,0.5576675314446291,11,2.408783949560195e-17,,seconds,0.0,0.0025436021387577,megabytes,0.0,0.0,0.0,0.0,0.0,0.0,0.0,0.0,success,sinkhorn,1.0,100000
1D-exp-vs-cauchy-128p,128,128,0.297326713826148,11,2.221529986854171e-17,,seconds,0.0,0.0027943290770053,megabytes,0.0,0.0,0.0,0.0,0.0,0.0,0.0,0.0,success,sinkhorn,1.0,100000
1D-exp-vs-cauchy-128p,128,128,0.2653404586391695,11,1.6574291909925277e-17,,seconds,0.0,0.002403151243925,megabytes,0.0,0.0,0.0,0.0,0.0,0.0,0.0,0.0,success,sinkhorn,1.0,100000
1D-exp-vs-cauchy-128p,128,128,0.7529450023051023,11,3.122279020303712e-17,,seconds,0.0,0.0026729851961135,megabytes,0.0,0.0,0.0,0.0,0.0,0.0,0.0,0.0,success,sinkhorn,1.0,100000
1D-exp-vs-cauchy-128p,128,128,0.1756517675258479,11,1.6110529248338214e-17,,seconds,0.0,0.0025192312896251,megabytes,0.0,0.0,0.0,0.0,0.0,0.0,0.0,0.0,success,sinkhorn,1.0,100000
1D-exp-vs-cauchy-128p,128,128,0.5987011231145363,11,2.2049591005279402e-17,,seconds,0.0,0.0026082079857587,megabytes,0.0,0.0,0.0,0.0,0.0,0.0,0.0,0.0,success,sinkhorn,1.0,100000
1D-exp-vs-cauchy-128p,128,128,0.6551897614998876,11,3.649818102489286e-17,,seconds,0.0,0.0025485903024673,megabytes,0.0,0.0,0.0,0.0,0.0,0.0,0.0,0.0,success,sinkhorn,1.0,100000
1D-exp-vs-cauchy-128p,128,128,0.264528800756856,11,3.2554964394103925e-17,,seconds,0.0,0.0026073269546031,megabytes,0.0,0.0,0.0,0.0,0.0,0.0,0.0,0.0,success,sinkhorn,1.0,100000
1D-exp-vs-cauchy-128p,128,128,0.7388977691599616,11,2.408546036235712e-17,,seconds,0.0,0.0026663206517696,megabytes,0.0,0.0,0.0,0.0,0.0,0.0,0.0,0.0,success,sinkhorn,1.0,100000
1D-exp-vs-cauchy-128p,128,128,0.2577268967626145,11,2.373189527547209e-17,,seconds,0.0,0.0026277154684066,megabytes,0.0,0.0,0.0,0.0,0.0,0.0,0.0,0.0,success,sinkhorn,1.0,100000
1D-exp-vs-cauchy-128p,128,128,0.1787174390202379,11,1.666147490140628e-17,,seconds,0.0,0.0025185141712427,megabytes,0.0,0.0,0.0,0.0,0.0,0.0,0.0,0.0,success,sinkhorn,1.0,100000
1D-exp-vs-cauchy-128p,128,128,0.3980366889464328,11,2.224913888262379e-17,,seconds,0.0,0.002555564045906,megabytes,0.0,0.0,0.0,0.0,0.0,0.0,0.0,0.0,success,sinkhorn,1.0,100000
1D-exp-vs-cauchy-128p,128,128,0.7466975878215595,11,4.4572446671960336e-17,,seconds,0.0,0.0025454089045524,megabytes,0.0,0.0,0.0,0.0,0.0,0.0,0.0,0.0,success,sinkhorn,1.0,100000
1D-exp-vs-cauchy-128p,128,128,0.2502189291636233,11,3.8005887153050735e-17,,seconds,0.0,0.0028712060302495,megabytes,0.0,0.0,0.0,0.0,0.0,0.0,0.0,0.0,success,sinkhorn,1.0,100000
1D-exp-vs-cauchy-128p,128,128,0.2519787979934283,11,1.7347234759768068e-17,,seconds,0.0,0.0025343857705593,megabytes,0.0,0.0,0.0,0.0,0.0,0.0,0.0,0.0,success,sinkhorn,1.0,100000
1D-exp-vs-cauchy-128p,128,128,0.4466559233179104,11,2.2096455226066133e-17,,seconds,0.0,0.0026025045663118,megabytes,0.0,0.0,0.0,0.0,0.0,0.0,0.0,0.0,success,sinkhorn,1.0,100000
1D-exp-vs-cauchy-128p,128,128,0.1742753352797553,11,3.9595799592289256e-17,,seconds,0.0,0.0025625806301832,megabytes,0.0,0.0,0.0,0.0,0.0,0.0,0.0,0.0,success,sinkhorn,1.0,100000
1D-exp-vs-cauchy-128p,128,128,0.4241083017699397,11,1.582786644015061e-17,,seconds,0.0,0.0026103816926479,megabytes,0.0,0.0,0.0,0.0,0.0,0.0,0.0,0.0,success,sinkhorn,1.0,100000
1D-exp-vs-cauchy-128p,128,128,0.2323394289814482,11,3.838994396045599e-17,,seconds,0.0,0.002512278035283,megabytes,0.0,0.0,0.0,0.0,0.0,0.0,0.0,0.0,success,sinkhorn,1.0,100000
1D-exp-vs-cauchy-128p,128,128,0.091668005748071,11,3.392907586291448e-17,,seconds,0.0,0.002487001940608,megabytes,0.0,0.0,0.0,0.0,0.0,0.0,0.0,0.0,success,sinkhorn,1.0,100000
1D-exp-vs-cauchy-128p,128,128,0.7713290921627095,11,6.181512077453956e-17,,seconds,0.0,0.0024658534675836,megabytes,0.0,0.0,0.0,0.0,0.0,0.0,0.0,0.0,success,sinkhorn,1.0,100000
1D-exp-vs-cauchy-128p,128,128,0.684760211715158,11,6.903294965291298e-17,,seconds,0.0,0.0025240276008844,megabytes,0.0,0.0,0.0,0.0,0.0,0.0,0.0,0.0,success,sinkhorn,1.0,100000
1D-exp-vs-cauchy-128p,128,128,0.0386568822843888,11,6.523983251861694e-17,,seconds,0.0,0.002576470375061,megabytes,0.0,0.0,0.0,0.0,0.0,0.0,0.0,0.0,success,sinkhorn,1.0,100000
1D-exp-vs-cauchy-128p,128,128,0.2075272257181457,11,2.770131246379473e-17,,seconds,0.0,0.0023964680731296,megabytes,0.0,0.0,0.0,0.0,0.0,0.0,0.0,0.0,success,sinkhorn,1.0,100000
1D-exp-vs-cauchy-256p,256,256,0.5276703026313393,11,2.232008648778032e-17,,seconds,0.0,0.0025802347809076,megabytes,0.0,0.0,0.0,0.0,0.0,0.0,0.0,0.0,success,sinkhorn,1.0,100000
1D-exp-vs-cauchy-256p,256,256,0.2491452534582412,11,1.9394798072244318e-17,,seconds,0.0,0.0025486554950475,megabytes,0.0,0.0,0.0,0.0,0.0,0.0,0.0,0.0,success,sinkhorn,1.0,100000
1D-exp-vs-cauchy-256p,256,256,0.3870014492928928,11,1.737770119222464e-17,,seconds,0.0,0.0025507397949695,megabytes,0.0,0.0,0.0,0.0,0.0,0.0,0.0,0.0,success,sinkhorn,1.0,100000
1D-exp-vs-cauchy-256p,256,256,0.4466105651613923,11,1.4409695421113136e-17,,seconds,0.0,0.0025328416377305,megabytes,0.0,0.0,0.0,0.0,0.0,0.0,0.0,0.0,success,sinkhorn,1.0,100000
1D-exp-vs-cauchy-256p,256,256,0.1628564906263437,11,3.824268624873333e-17,,seconds,0.0,0.0026310831308364,megabytes,0.0,0.0,0.0,0.0,0.0,0.0,0.0,0.0,success,sinkhorn,1.0,100000
1D-exp-vs-cauchy-256p,256,256,0.2972880673085888,11,2.0746542157600358e-17,,seconds,0.0,0.002532985061407,megabytes,0.0,0.0,0.0,0.0,0.0,0.0,0.0,0.0,success,sinkhorn,1.0,100000
1D-exp-vs-cauchy-256p,256,256,0.2592379226427135,11,2.7282337907088346e-17,,seconds,0.0,0.0025521162897348,megabytes,0.0,0.0,0.0,0.0,0.0,0.0,0.0,0.0,success,sinkhorn,1.0,100000
1D-exp-vs-cauchy-256p,256,256,0.1742623168745214,11,2.3975336025843277e-17,,seconds,0.0,0.0025798399001359,megabytes,0.0,0.0,0.0,0.0,0.0,0.0,0.0,0.0,success,sinkhorn,1.0,100000
1D-exp-vs-cauchy-256p,256,256,0.2293550033487849,11,1.867347434806719e-17,,seconds,0.0,0.0024792328476905,megabytes,0.0,0.0,0.0,0.0,0.0,0.0,0.0,0.0,success,sinkhorn,1.0,100000
1D-exp-vs-cauchy-256p,256,256,0.5572691568610696,11,1.5940353160257948e-17,,seconds,0.0,0.0025038421154022,megabytes,0.0,0.0,0.0,0.0,0.0,0.0,0.0,0.0,success,sinkhorn,1.0,100000
1D-exp-vs-cauchy-256p,256,256,0.5895164441203566,11,3.747530341115215e-17,,seconds,0.0,0.0026579927653074,megabytes,0.0,0.0,0.0,0.0,0.0,0.0,0.0,0.0,success,sinkhorn,1.0,100000
1D-exp-vs-cauchy-256p,256,256,0.655091920429427,11,1.504269465665279e-17,,seconds,0.0,0.0026399809867143,megabytes,0.0,0.0,0.0,0.0,0.0,0.0,0.0,0.0,success,sinkhorn,1.0,100000
1D-exp-vs-cauchy-256p,256,256,0.2783913550532509,11,1.9204767832858612e-17,,seconds,0.0,0.0027378425002098,megabytes,0.0,0.0,0.0,0.0,0.0,0.0,0.0,0.0,success,sinkhorn,1.0,100000
1D-exp-vs-cauchy-256p,256,256,0.0917403487687466,11,3.824561582887224e-17,,seconds,0.0,0.0026267487555742,megabytes,0.0,0.0,0.0,0.0,0.0,0.0,0.0,0.0,success,sinkhorn,1.0,100000
1D-exp-vs-cauchy-256p,256,256,0.7651831014746928,11,1.805911239277932e-17,,seconds,0.0,0.0025458894670009,megabytes,0.0,0.0,0.0,0.0,0.0,0.0,0.0,0.0,success,sinkhorn,1.0,100000
1D-exp-vs-cauchy-256p,256,256,0.397983422444747,11,1.2986913777182853e-17,,seconds,0.0,0.0027120430022478,megabytes,0.0,0.0,0.0,0.0,0.0,0.0,0.0,0.0,success,sinkhorn,1.0,100000
1D-exp-vs-cauchy-256p,256,256,0.5128803595106922,11,3.297697887358432e-17,,seconds,0.0,0.0026784315705299,megabytes,0.0,0.0,0.0,0.0,0.0,0.0,0.0,0.0,success,sinkhorn,1.0,100000
1D-exp-vs-cauchy-256p,256,256,0.2075159201662259,11,2.847470778468466e-17,,seconds,0.0,0.0025127455592155,megabytes,0.0,0.0,0.0,0.0,0.0,0.0,0.0,0.0,success,sinkhorn,1.0,100000
1D-exp-vs-cauchy-256p,256,256,0.1801827910973309,11,1.876390332415651e-17,,seconds,0.0,0.0024850405752658,megabytes,0.0,0.0,0.0,0.0,0.0,0.0,0.0,0.0,success,sinkhorn,1.0,100000
1D-exp-vs-cauchy-256p,256,256,0.2576774839948617,11,2.2240419687643268e-17,,seconds,0.0,0.0026977621018886,megabytes,0.0,0.0,0.0,0.0,0.0,0.0,0.0,0.0,success,sinkhorn,1.0,100000
1D-exp-vs-cauchy-256p,256,256,0.7351784566414379,11,2.5059498589717166e-17,,seconds,0.0,0.0026645865291357,megabytes,0.0,0.0,0.0,0.0,0.0,0.0,0.0,0.0,success,sinkhorn,1.0,100000
1D-exp-vs-cauchy-256p,256,256,0.0386469865769052,11,1.7407325233353434e-17,,seconds,0.0,0.0026118941605091,megabytes,0.0,0.0,0.0,0.0,0.0,0.0,0.0,0.0,success,sinkhorn,1.0,100000
1D-exp-vs-cauchy-256p,256,256,0.1756281882133998,11,3.252100517084041e-17,,seconds,0.0,0.0026448369026184,megabytes,0.0,0.0,0.0,0.0,0.0,0.0,0.0,0.0,success,sinkhorn,1.0,100000
1D-exp-vs-cauchy-256p,256,256,0.2644839494427258,11,2.222164860880998e-17,,seconds,0.0,0.0027546547353267,megabytes,0.0,0.0,0.0,0.0,0.0,0.0,0.0,0.0,success,sinkhorn,1.0,100000
1D-exp-vs-cauchy-256p,256,256,0.7387677742078129,11,4.2768340198479727e-17,,seconds,0.0,0.0024928580969572,megabytes,0.0,0.0,0.0,0.0,0.0,0.0,0.0,0.0,success,sinkhorn,1.0,100000
1D-exp-vs-cauchy-256p,256,256,0.7580233558940105,11,3.182410078464828e-17,,seconds,0.0,0.0025873444974422,megabytes,0.0,0.0,0.0,0.0,0.0,0.0,0.0,0.0,success,sinkhorn,1.0,100000
1D-exp-vs-cauchy-256p,256,256,0.4240542083170399,11,1.5903438764082545e-17,,seconds,0.0,0.0025832075625658,megabytes,0.0,0.0,0.0,0.0,0.0,0.0,0.0,0.0,success,sinkhorn,1.0,100000
1D-exp-vs-cauchy-256p,256,256,0.2468486380514676,11,3.801825684813922e-17,,seconds,0.0,0.0025208927690982,megabytes,0.0,0.0,0.0,0.0,0.0,0.0,0.0,0.0,success,sinkhorn,1.0,100000
1D-exp-vs-cauchy-256p,256,256,0.5575961285203457,11,1.9783644736240814e-17,,seconds,0.0,0.0026230048388242,megabytes,0.0,0.0,0.0,0.0,0.0,0.0,0.0,0.0,success,sinkhorn,1.0,100000
1D-exp-vs-cauchy-256p,256,256,0.6746809741311464,11,3.2176884782670534e-17,,seconds,0.0,0.0028121918439865,megabytes,0.0,0.0,0.0,0.0,0.0,0.0,0.0,0.0,success,sinkhorn,1.0,100000
1D-exp-vs-cauchy-256p,256,256,0.7457781250711475,11,1.1354521747430684e-16,,seconds,0.0,0.0026069674640893,megabytes,0.0,0.0,0.0,0.0,0.0,0.0,0.0,0.0,success,sinkhorn,1.0,100000
1D-exp-vs-cauchy-512p,512,512,0.7589168580711034,11,1.7853289078430876e-17,,seconds,0.0,0.0026263482868671,megabytes,0.0,0.0,0.0,0.0,0.0,0.0,0.0,0.0,success,sinkhorn,1.0,100000
1D-exp-vs-cauchy-512p,512,512,0.4240406854790057,11,1.0774591504424152e-17,,seconds,0.0,0.0025941859930753,megabytes,0.0,0.0,0.0,0.0,0.0,0.0,0.0,0.0,success,sinkhorn,1.0,100000
1D-exp-vs-cauchy-512p,512,512,0.2085068301111573,11,1.1803371995301068e-17,,seconds,0.0,0.0024975724518299,megabytes,0.0,0.0,0.0,0.0,0.0,0.0,0.0,0.0,success,sinkhorn,1.0,100000
1D-exp-vs-cauchy-512p,512,512,0.091758459621903,11,3.66741977297394e-17,,seconds,0.0,0.0025400780141353,megabytes,0.0,0.0,0.0,0.0,0.0,0.0,0.0,0.0,success,sinkhorn,1.0,100000
1D-exp-vs-cauchy-512p,512,512,0.2505393918274581,11,1.0135985707461704e-17,,seconds,0.0,0.0025822203606367,megabytes,0.0,0.0,0.0,0.0,0.0,0.0,0.0,0.0,success,sinkhorn,1.0,100000
1D-exp-vs-cauchy-512p,512,512,0.5127984896383742,11,2.927423315958417e-17,,seconds,0.0,0.00258962623775,megabytes,0.0,0.0,0.0,0.0,0.0,0.0,0.0,0.0,success,sinkhorn,1.0,100000
1D-exp-vs-cauchy-512p,512,512,0.2972784064688987,11,1.6744518881058718e-17,,seconds,0.0,0.0028872545808553,megabytes,0.0,0.0,0.0,0.0,0.0,0.0,0.0,0.0,success,sinkhorn,1.0,100000
1D-exp-vs-cauchy-512p,512,512,0.0386445427936419,11,3.93786218305109e-17,,seconds,0.0,0.0026703123003244,megabytes,0.0,0.0,0.0,0.0,0.0,0.0,0.0,0.0,success,sinkhorn,1.0,100000
1D-exp-vs-cauchy-512p,512,512,0.5575782781739461,11,1.2742489343887346e-17,,seconds,0.0,0.0026032626628875,megabytes,0.0,0.0,0.0,0.0,0.0,0.0,0.0,0.0,success,sinkhorn,1.0,100000
1D-exp-vs-cauchy-512p,512,512,0.2783847976719323,11,1.132978301247618e-17,,seconds,0.0,0.0026485677808523,megabytes,0.0,0.0,0.0,0.0,0.0,0.0,0.0,0.0,success,sinkhorn,1.0,100000
1D-exp-vs-cauchy-512p,512,512,0.229349396788801,11,1.5959514902908962e-17,,seconds,0.0,0.0025968421250581,megabytes,0.0,0.0,0.0,0.0,0.0,0.0,0.0,0.0,success,sinkhorn,1.0,100000
1D-exp-vs-cauchy-512p,512,512,0.7351517005372452,11,1.0715859042933219e-17,,seconds,0.0,0.0025219190865755,megabytes,0.0,0.0,0.0,0.0,0.0,0.0,0.0,0.0,success,sinkhorn,1.0,100000
1D-exp-vs-cauchy-512p,512,512,0.1743840811127982,11,1.36122435520423e-17,,seconds,0.0,0.0025983750820159,megabytes,0.0,0.0,0.0,0.0,0.0,0.0,0.0,0.0,success,sinkhorn,1.0,100000
1D-exp-vs-cauchy-512p,512,512,0.5940418234307807,11,1.3802621832020473e-17,,seconds,0.0,0.0031705070286989,megabytes,0.0,0.0,0.0,0.0,0.0,0.0,0.0,0.0,success,sinkhorn,1.0,100000
1D-exp-vs-cauchy-512p,512,512,0.3834081692342839,11,2.0574361033546997e-17,,seconds,0.0,0.0026742555201053,megabytes,0.0,0.0,0.0,0.0,0.0,0.0,0.0,0.0,success,sinkhorn,1.0,100000
1D-exp-vs-cauchy-512p,512,512,0.5572527620702472,11,1.7043713327065897e-17,,seconds,0.0,0.0026052519679069,megabytes,0.0,0.0,0.0,0.0,0.0,0.0,0.0,0.0,success,sinkhorn,1.0,100000
1D-exp-vs-cauchy-512p,512,512,0.2468422244170885,11,1.3787709977185493e-17,,seconds,0.0,0.0025803986936807,megabytes,0.0,0.0,0.0,0.0,0.0,0.0,0.0,0.0,success,sinkhorn,1.0,100000
1D-exp-vs-cauchy-512p,512,512,0.1751637038649874,11,2.3016005934958916e-17,,seconds,0.0,0.0026190765202045,megabytes,0.0,0.0,0.0,0.0,0.0,0.0,0.0,0.0,success,sinkhorn,1.0,100000
1D-exp-vs-cauchy-512p,512,512,0.4434220290215537,11,1.0576390803305676e-17,,seconds,0.0,0.0026629958301782,megabytes,0.0,0.0,0.0,0.0,0.0,0.0,0.0,0.0,success,sinkhorn,1.0,100000
1D-exp-vs-cauchy-512p,512,512,0.7446369036805923,11,2.0154603749589646e-17,,seconds,0.0,0.0026681739836931,megabytes,0.0,0.0,0.0,0.0,0.0,0.0,0.0,0.0,success,sinkhorn,1.0,100000
1D-exp-vs-cauchy-512p,512,512,0.7457576587994756,11,7.307391941937592e-17,,seconds,0.0,0.0025893896818161,megabytes,0.0,0.0,0.0,0.0,0.0,0.0,0.0,0.0,success,sinkhorn,1.0,100000
1D-exp-vs-cauchy-512p,512,512,0.2668057961484018,11,2.2788887734887078e-17,,seconds,0.0,0.0027067698538303,megabytes,0.0,0.0,0.0,0.0,0.0,0.0,0.0,0.0,success,sinkhorn,1.0,100000
1D-exp-vs-cauchy-512p,512,512,0.3947935729139272,11,2.2430148955188397e-17,,seconds,0.0,0.0026370584964752,megabytes,0.0,0.0,0.0,0.0,0.0,0.0,0.0,0.0,success,sinkhorn,1.0,100000
1D-exp-vs-cauchy-512p,512,512,0.162858271294813,11,1.7393252315988056e-17,,seconds,0.0,0.0026822686195373,megabytes,0.0,0.0,0.0,0.0,0.0,0.0,0.0,0.0,success,sinkhorn,1.0,100000
1D-exp-vs-cauchy-512p,512,512,0.523185211425526,11,1.7698998582257537e-17,,seconds,0.0,0.0026027522981166,megabytes,0.0,0.0,0.0,0.0,0.0,0.0,0.0,0.0,success,sinkhorn,1.0,100000
1D-exp-vs-cauchy-512p,512,512,0.1794339761436132,11,1.5552161188246277e-17,,seconds,0.0,0.0027542412281036,megabytes,0.0,0.0,0.0,0.0,0.0,0.0,0.0,0.0,success,sinkhorn,1.0,100000
1D-exp-vs-cauchy-512p,512,512,0.7579485064838553,11,1.8086653733408536e-17,,seconds,0.0,0.0025787986814975,megabytes,0.0,0.0,0.0,0.0,0.0,0.0,0.0,0.0,success,sinkhorn,1.0,100000
1D-exp-vs-cauchy-512p,512,512,0.6550674603430631,11,2.1752105843371418e-17,,seconds,0.0,0.0026596393436193,megabytes,0.0,0.0,0.0,0.0,0.0,0.0,0.0,0.0,success,sinkhorn,1.0,100000
1D-exp-vs-cauchy-512p,512,512,0.2592167454264044,11,1.1969183498699936e-17,,seconds,0.0,0.0025943592190742,megabytes,0.0,0.0,0.0,0.0,0.0,0.0,0.0,0.0,success,sinkhorn,1.0,100000
1D-exp-vs-cauchy-512p,512,512,0.2552865065542878,11,2.0386676994654108e-17,,seconds,0.0,0.0026380605995655,megabytes,0.0,0.0,0.0,0.0,0.0,0.0,0.0,0.0,success,sinkhorn,1.0,100000
1D-exp-vs-cauchy-512p,512,512,0.6746616044486888,11,2.9387929379738877e-17,,seconds,0.0,0.0025919266045093,megabytes,0.0,0.0,0.0,0.0,0.0,0.0,0.0,0.0,success,sinkhorn,1.0,100000
1D-exp-vs-cauchy-1024p,1024,1024,0.7620129199474941,11,1.435889172907615e-17,,seconds,0.0,0.0027560722082853,megabytes,0.0,0.0,0.0,0.0,0.0,0.0,0.0,0.0,success,sinkhorn,1.0,100000
1D-exp-vs-cauchy-1024p,1024,1024,0.5940371502699963,11,7.384025737695751e-18,,seconds,0.0,0.0028474666178226,megabytes,0.0,0.0,0.0,0.0,0.0,0.0,0.0,0.0,success,sinkhorn,1.0,100000
1D-exp-vs-cauchy-1024p,1024,1024,0.5575738156113952,11,1.0146128215889145e-17,,seconds,0.0,0.0026614516973495,megabytes,0.0,0.0,0.0,0.0,0.0,0.0,0.0,0.0,success,sinkhorn,1.0,100000
1D-exp-vs-cauchy-1024p,1024,1024,0.2783831583675082,11,9.839396055334066e-18,,seconds,0.0,0.0026235692203044,megabytes,0.0,0.0,0.0,0.0,0.0,0.0,0.0,0.0,success,sinkhorn,1.0,100000
1D-exp-vs-cauchy-1024p,1024,1024,0.091762988905687,11,2.6040367166528846e-17,,seconds,0.0,0.0025072917342185,megabytes,0.0,0.0,0.0,0.0,0.0,0.0,0.0,0.0,success,sinkhorn,1.0,100000
1D-exp-vs-cauchy-1024p,1024,1024,0.5254083030721406,11,9.356898734795264e-18,,seconds,0.0,0.0025583151727914,megabytes,0.0,0.0,0.0,0.0,0.0,0.0,0.0,0.0,success,sinkhorn,1.0,100000
1D-exp-vs-cauchy-1024p,1024,1024,0.4434192159617421,11,1.111135327792546e-17,,seconds,0.0,0.002571852877736,megabytes,0.0,0.0,0.0,0.0,0.0,0.0,0.0,0.0,success,sinkhorn,1.0,100000
1D-exp-vs-cauchy-1024p,1024,1024,0.1751628567392791,11,9.113749548298045e-18,,seconds,0.0,0.0027580559253692,megabytes,0.0,0.0,0.0,0.0,0.0,0.0,0.0,0.0,success,sinkhorn,1.0,100000
1D-exp-vs-cauchy-1024p,1024,1024,0.3947902721159075,11,7.05689862280777e-18,,seconds,0.0,0.0027186591178178,megabytes,0.0,0.0,0.0,0.0,0.0,0.0,0.0,0.0,success,sinkhorn,1.0,100000
1D-exp-vs-cauchy-1024p,1024,1024,0.6524681833228207,11,9.087856241315662e-18,,seconds,0.0,0.0025098789483308,megabytes,0.0,0.0,0.0,0.0,0.0,0.0,0.0,0.0,success,sinkhorn,1.0,100000
1D-exp-vs-cauchy-1024p,1024,1024,0.25646971376164,11,8.698146650568699e-18,,seconds,0.0,0.0027647260576486,megabytes,0.0,0.0,0.0,0.0,0.0,0.0,0.0,0.0,success,sinkhorn,1.0,100000
1D-exp-vs-cauchy-1024p,1024,1024,0.2972759913083425,11,1.3217264957148066e-17,,seconds,0.0,0.0027138777077198,megabytes,0.0,0.0,0.0,0.0,0.0,0.0,0.0,0.0,success,sinkhorn,1.0,100000
1D-exp-vs-cauchy-1024p,1024,1024,0.7416745157478435,11,7.606587523497316e-18,,seconds,0.0,0.0025464352220296,megabytes,0.0,0.0,0.0,0.0,0.0,0.0,0.0,0.0,success,sinkhorn,1.0,100000
1D-exp-vs-cauchy-1024p,1024,1024,0.2085060981094234,11,9.260889149320064e-18,,seconds,0.0,0.0027269218116998,megabytes,0.0,0.0,0.0,0.0,0.0,0.0,0.0,0.0,success,sinkhorn,1.0,100000
1D-exp-vs-cauchy-1024p,1024,1024,0.6771489279857984,11,2.054870618211458e-17,,seconds,0.0,0.002594169229269,megabytes,0.0,0.0,0.0,0.0,0.0,0.0,0.0,0.0,success,sinkhorn,1.0,100000
1D-exp-vs-cauchy-1024p,1024,1024,0.1743826477064526,11,9.575260864762972e-18,,seconds,0.0,0.002561742439866,megabytes,0.0,0.0,0.0,0.0,0.0,0.0,0.0,0.0,success,sinkhorn,1.0,100000
1D-exp-vs-cauchy-1024p,1024,1024,0.5154524489163147,11,1.805811308073122e-17,,seconds,0.0,0.0026488471776247,megabytes,0.0,0.0,0.0,0.0,0.0,0.0,0.0,0.0,success,sinkhorn,1.0,100000
1D-exp-vs-cauchy-1024p,1024,1024,0.1627242084408382,11,9.398851018305104e-18,,seconds,0.0,0.0026398841291666,megabytes,0.0,0.0,0.0,0.0,0.0,0.0,0.0,0.0,success,sinkhorn,1.0,100000
1D-exp-vs-cauchy-1024p,1024,1024,0.7579297926346622,11,1.3735914488543386e-17,,seconds,0.0,0.0027262233197689,megabytes,0.0,0.0,0.0,0.0,0.0,0.0,0.0,0.0,success,sinkhorn,1.0,100000
1D-exp-vs-cauchy-1024p,1024,1024,0.2668029573537659,11,8.176746292926952e-18,,seconds,0.0,0.0027697719633579,megabytes,0.0,0.0,0.0,0.0,0.0,0.0,0.0,0.0,success,sinkhorn,1.0,100000
1D-exp-vs-cauchy-1024p,1024,1024,0.383403527083878,11,1.485849039491289e-17,,seconds,0.0,0.0025996956974267,megabytes,0.0,0.0,0.0,0.0,0.0,0.0,0.0,0.0,success,sinkhorn,1.0,100000
1D-exp-vs-cauchy-1024p,1024,1024,0.7485145681452213,11,5.645513042133365e-17,,seconds,0.0,0.0028273295611143,megabytes,0.0,0.0,0.0,0.0,0.0,0.0,0.0,0.0,success,sinkhorn,1.0,100000
1D-exp-vs-cauchy-1024p,1024,1024,0.4240373048023287,11,8.290071002158247e-18,,seconds,0.0,0.0026376694440841,megabytes,0.0,0.0,0.0,0.0,0.0,0.0,0.0,0.0,success,sinkhorn,1.0,100000
1D-exp-vs-cauchy-1024p,1024,1024,0.735145011549456,11,7.222327242984914e-18,,seconds,0.0,0.0026564802974462,megabytes,0.0,0.0,0.0,0.0,0.0,0.0,0.0,0.0,success,sinkhorn,1.0,100000
1D-exp-vs-cauchy-1024p,1024,1024,0.5551511944745009,11,1.109348648187135e-17,,seconds,0.0,0.0026935208588838,megabytes,0.0,0.0,0.0,0.0,0.0,0.0,0.0,0.0,success,sinkhorn,1.0,100000
1D-exp-vs-cauchy-1024p,1024,1024,0.2592114511604994,11,1.674878939933863e-17,,seconds,0.0,0.0027304720133543,megabytes,0.0,0.0,0.0,0.0,0.0,0.0,0.0,0.0,success,sinkhorn,1.0,100000
1D-exp-vs-cauchy-1024p,1024,1024,0.0384892810858316,11,2.7202346353917362e-17,,seconds,0.0,0.0026510395109653,megabytes,0.0,0.0,0.0,0.0,0.0,0.0,0.0,0.0,success,sinkhorn,1.0,100000
1D-exp-vs-cauchy-1024p,1024,1024,0.2476690876272601,11,7.746546753843145e-18,,seconds,0.0,0.0026299152523279,megabytes,0.0,0.0,0.0,0.0,0.0,0.0,0.0,0.0,success,sinkhorn,1.0,100000
1D-exp-vs-cauchy-1024p,1024,1024,0.2293479952102101,11,9.219544267910407e-18,,seconds,0.0,0.0026763118803501,megabytes,0.0,0.0,0.0,0.0,0.0,0.0,0.0,0.0,success,sinkhorn,1.0,100000
1D-exp-vs-cauchy-1024p,1024,1024,0.2498367555343068,11,7.852049331265627e-18,,seconds,0.0,0.0026311129331588,megabytes,0.0,0.0,0.0,0.0,0.0,0.0,0.0,0.0,success,sinkhorn,1.0,100000
1D-exp-vs-cauchy-1024p,1024,1024,0.1794335036921079,11,9.391969766013116e-18,,seconds,0.0,0.0026384703814983,megabytes,0.0,0.0,0.0,0.0,0.0,0.0,0.0,0.0,success,sinkhorn,1.0,100000
1D-exp-vs-cauchy-2048p,2048,2048,0.3947894469186636,11,1.154013404343875e-17,,seconds,0.0,0.003064852207899,megabytes,0.0,0.0,0.0,0.0,0.0,0.0,0.0,0.0,success,sinkhorn,1.0,100000
1D-exp-vs-cauchy-2048p,2048,2048,0.174689558147282,11,6.524384199229234e-18,,seconds,0.0,0.0030449330806732,megabytes,0.0,0.0,0.0,0.0,0.0,0.0,0.0,0.0,success,sinkhorn,1.0,100000
1D-exp-vs-cauchy-2048p,2048,2048,0.2297133557695257,11,7.206886837677054e-18,,seconds,0.0,0.0028969310224056,megabytes,0.0,0.0,0.0,0.0,0.0,0.0,0.0,0.0,success,sinkhorn,1.0,100000
1D-exp-vs-cauchy-2048p,2048,2048,0.2498364746176838,11,6.0652366572940495e-18,,seconds,0.0,0.0030304826796054,megabytes,0.0,0.0,0.0,0.0,0.0,0.0,0.0,0.0,success,sinkhorn,1.0,100000
1D-exp-vs-cauchy-2048p,2048,2048,0.3842936752366621,11,5.914012911025047e-18,,seconds,0.0,0.0029003508388996,megabytes,0.0,0.0,0.0,0.0,0.0,0.0,0.0,0.0,success,sinkhorn,1.0,100000
1D-exp-vs-cauchy-2048p,2048,2048,0.4434185126985095,11,4.966663764742456e-18,,seconds,0.0,0.003299755975604,megabytes,0.0,0.0,0.0,0.0,0.0,0.0,0.0,0.0,success,sinkhorn,1.0,100000
1D-exp-vs-cauchy-2048p,2048,2048,0.677147713906359,11,1.3045319387825409e-17,,seconds,0.0,0.0032010897994041,megabytes,0.0,0.0,0.0,0.0,0.0,0.0,0.0,0.0,success,sinkhorn,1.0,100000
1D-exp-vs-cauchy-2048p,2048,2048,0.2662168163146609,11,6.089474852617286e-18,,seconds,0.0,0.0033754147589206,megabytes,0.0,0.0,0.0,0.0,0.0,0.0,0.0,0.0,success,sinkhorn,1.0,100000
1D-exp-vs-cauchy-2048p,2048,2048,0.4232039299585312,11,5.671437106972456e-18,,seconds,0.0,0.0036190245300531,megabytes,0.0,0.0,0.0,0.0,0.0,0.0,0.0,0.0,success,sinkhorn,1.0,100000
1D-exp-vs-cauchy-2048p,2048,2048,0.2558750611822164,11,6.2227059719251054e-18,,seconds,0.0,0.0031033996492624,megabytes,0.0,0.0,0.0,0.0,0.0,0.0,0.0,0.0,success,sinkhorn,1.0,100000
1D-exp-vs-cauchy-2048p,2048,2048,0.1751626449646278,11,6.389208093980113e-18,,seconds,0.0,0.0031512435525655,megabytes,0.0,0.0,0.0,0.0,0.0,0.0,0.0,0.0,success,sinkhorn,1.0,100000
1D-exp-vs-cauchy-2048p,2048,2048,0.6537624781400269,11,7.738074670305016e-18,,seconds,0.0,0.0029091089963912,megabytes,0.0,0.0,0.0,0.0,0.0,0.0,0.0,0.0,success,sinkhorn,1.0,100000
1D-exp-vs-cauchy-2048p,2048,2048,0.7471315351233403,11,3.056977613717514e-17,,seconds,0.0,0.0029558520764112,megabytes,0.0,0.0,0.0,0.0,0.0,0.0,0.0,0.0,success,sinkhorn,1.0,100000
1D-exp-vs-cauchy-2048p,2048,2048,0.5551501731077564,11,9.629277978792701e-18,,seconds,0.0,0.0030527934432029,megabytes,0.0,0.0,0.0,0.0,0.0,0.0,0.0,0.0,success,sinkhorn,1.0,100000
1D-exp-vs-cauchy-2048p,2048,2048,0.1796180744368344,11,5.95423459571423e-18,,seconds,0.0,0.0029514078050851,megabytes,0.0,0.0,0.0,0.0,0.0,0.0,0.0,0.0,success,sinkhorn,1.0,100000
1D-exp-vs-cauchy-2048p,2048,2048,0.2779296642756562,11,6.613855421006296e-18,,seconds,0.0,0.003078144043684,megabytes,0.0,0.0,0.0,0.0,0.0,0.0,0.0,0.0,success,sinkhorn,1.0,100000
1D-exp-vs-cauchy-2048p,2048,2048,0.7579251140788172,11,7.825585903016812e-18,,seconds,0.0,0.0030922666192054,megabytes,0.0,0.0,0.0,0.0,0.0,0.0,0.0,0.0,success,sinkhorn,1.0,100000
1D-exp-vs-cauchy-2048p,2048,2048,0.5141091546292145,11,1.436361619187654e-17,,seconds,0.0,0.0028511378914117,megabytes,0.0,0.0,0.0,0.0,0.0,0.0,0.0,0.0,success,sinkhorn,1.0,100000
1D-exp-vs-cauchy-2048p,2048,2048,0.2599558157656547,11,7.01645610017693e-18,,seconds,0.0,0.0028697978705167,megabytes,0.0,0.0,0.0,0.0,0.0,0.0,0.0,0.0,success,sinkhorn,1.0,100000
1D-exp-vs-cauchy-2048p,2048,2048,0.2476686834642106,11,5.8897231083273955e-18,,seconds,0.0,0.0029577389359474,megabytes,0.0,0.0,0.0,0.0,0.0,0.0,0.0,0.0,success,sinkhorn,1.0,100000
1D-exp-vs-cauchy-2048p,2048,2048,0.5564915775307424,11,6.306455580762746e-18,,seconds,0.0,0.0029165633022785,megabytes,0.0,0.0,0.0,0.0,0.0,0.0,0.0,0.0,success,sinkhorn,1.0,100000
1D-exp-vs-cauchy-2048p,2048,2048,0.0917641213248182,11,9.988462483304598e-18,,seconds,0.0,0.0029251482337713,megabytes,0.0,0.0,0.0,0.0,0.0,0.0,0.0,0.0,success,sinkhorn,1.0,100000
1D-exp-vs-cauchy-2048p,2048,2048,0.208255665473801,11,6.130537752242097e-18,,seconds,0.0,0.0030437037348747,megabytes,0.0,0.0,0.0,0.0,0.0,0.0,0.0,0.0,success,sinkhorn,1.0,100000
1D-exp-vs-cauchy-2048p,2048,2048,0.7620101435250075,11,6.715799903538706e-18,,seconds,0.0,0.0029085557907819,megabytes,0.0,0.0,0.0,0.0,0.0,0.0,0.0,0.0,success,sinkhorn,1.0,100000
1D-exp-vs-cauchy-2048p,2048,2048,0.1627243242165342,11,9.389466242107244e-18,,seconds,0.0,0.0029712691903114,megabytes,0.0,0.0,0.0,0.0,0.0,0.0,0.0,0.0,success,sinkhorn,1.0,100000
1D-exp-vs-cauchy-2048p,2048,2048,0.038489146182101,11,2.6374640364447918e-17,,seconds,0.0,0.0028272457420825,megabytes,0.0,0.0,0.0,0.0,0.0,0.0,0.0,0.0,success,sinkhorn,1.0,100000
1D-exp-vs-cauchy-2048p,2048,2048,0.7365640993168723,11,7.297963517537989e-18,,seconds,0.0,0.0029455088078975,megabytes,0.0,0.0,0.0,0.0,0.0,0.0,0.0,0.0,success,sinkhorn,1.0,100000
1D-exp-vs-cauchy-2048p,2048,2048,0.297275387521289,11,5.860900014753283e-18,,seconds,0.0,0.0032502561807632,megabytes,0.0,0.0,0.0,0.0,0.0,0.0,0.0,0.0,success,sinkhorn,1.0,100000
1D-exp-vs-cauchy-2048p,2048,2048,0.5928980005737549,11,5.4634841134770884e-18,,seconds,0.0,0.002922324463725,megabytes,0.0,0.0,0.0,0.0,0.0,0.0,0.0,0.0,success,sinkhorn,1.0,100000
1D-exp-vs-cauchy-2048p,2048,2048,0.5242919135914027,11,6.51821611213664e-18,,seconds,0.0,0.0028951428830623,megabytes,0.0,0.0,0.0,0.0,0.0,0.0,0.0,0.0,success,sinkhorn,1.0,100000
1D-exp-vs-cauchy-2048p,2048,2048,0.7431487294086261,11,7.309313853720588e-18,,seconds,0.0,0.0029368884861469,megabytes,0.0,0.0,0.0,0.0,0.0,0.0,0.0,0.0,success,sinkhorn,1.0,100000
1D-cauchy-vs-gaussian-32p,32,32,1.5973612651692282,11,2.675466687269348e-10,,seconds,0.0,0.0028192289173603,megabytes,0.0,0.0,0.0,0.0,0.0,0.0,0.0,0.0,success,sinkhorn,0.1,100000
1D-cauchy-vs-gaussian-32p,32,32,0.4900291579047864,11,1.877841906874457e-07,,seconds,0.0,0.0028715468943119,megabytes,0.0,0.0,0.0,0.0,0.0,0.0,0.0,0.0,success,sinkhorn,0.1,100000
1D-cauchy-vs-gaussian-32p,32,32,0.1348965893796446,11,3.004265214364617e-14,,seconds,0.0,0.0026691611856222,megabytes,0.0,0.0,0.0,0.0,0.0,0.0,0.0,0.0,success,sinkhorn,0.1,100000
1D-cauchy-vs-gaussian-32p,32,32,0.0774613314684874,11,1.674041102813747e-10,,seconds,0.0,0.0026228092610836,megabytes,0.0,0.0,0.0,0.0,0.0,0.0,0.0,0.0,success,sinkhorn,0.1,100000
1D-cauchy-vs-gaussian-32p,32,32,0.1466483688120056,11,2.7065964788182976e-14,,seconds,0.0,0.0026132762432098,megabytes,0.0,0.0,0.0,0.0,0.0,0.0,0.0,0.0,success,sinkhorn,0.1,100000
1D-cauchy-vs-gaussian-32p,32,32,0.2517978629323701,11,6.156871972040056e-10,,seconds,0.0,0.0027128215879201,megabytes,0.0,0.0,0.0,0.0,0.0,0.0,0.0,0.0,success,sinkhorn,0.1,100000
1D-cauchy-vs-gaussian-32p,32,32,0.5126318264616834,11,2.7450326839181535e-14,,seconds,0.0,0.0026610363274812,megabytes,0.0,0.0,0.0,0.0,0.0,0.0,0.0,0.0,success,sinkhorn,0.1,100000
1D-cauchy-vs-gaussian-32p,32,32,0.1719135978961208,11,1.850783575962267e-13,,seconds,0.0,0.002660933881998,megabytes,0.0,0.0,0.0,0.0,0.0,0.0,0.0,0.0,success,sinkhorn,0.1,100000
1D-cauchy-vs-gaussian-32p,32,32,0.2032619381093401,11,2.2377260456559053e-16,,seconds,0.0,0.0027045775204896,megabytes,0.0,0.0,0.0,0.0,0.0,0.0,0.0,0.0,success,sinkhorn,0.1,100000
1D-cauchy-vs-gaussian-32p,32,32,0.6214305114607553,11,1.3622297408700578e-08,,seconds,0.0,0.0026895366609096,megabytes,0.0,0.0,0.0,0.0,0.0,0.0,0.0,0.0,success,sinkhorn,0.1,100000
1D-cauchy-vs-gaussian-32p,32,32,0.1741156129435144,11,4.0511272500210393e-11,,seconds,0.0,0.0028286129236221,megabytes,0.0,0.0,0.0,0.0,0.0,0.0,0.0,0.0,success,sinkhorn,0.1,100000
1D-cauchy-vs-gaussian-32p,32,32,1.2232855299667582,21,1.5640806603053008e-11,,seconds,0.0,0.0030141863971948,megabytes,0.0,0.0,0.0,0.0,0.0,0.0,0.0,0.0,success,sinkhorn,0.1,100000
1D-cauchy-vs-gaussian-32p,32,32,0.2699112889664821,11,2.242589663118059e-08,,seconds,0.0,0.0025429707020521,megabytes,0.0,0.0,0.0,0.0,0.0,0.0,0.0,0.0,success,sinkhorn,0.1,100000
1D-cauchy-vs-gaussian-32p,32,32,0.5225511523272972,21,8.457567025496736e-12,,seconds,0.0,0.0029615852981805,megabytes,0.0,0.0,0.0,0.0,0.0,0.0,0.0,0.0,success,sinkhorn,0.1,100000
1D-cauchy-vs-gaussian-32p,32,32,0.2493813635368732,11,5.003409147655381e-09,,seconds,0.0,0.0027120038866996,megabytes,0.0,0.0,0.0,0.0,0.0,0.0,0.0,0.0,success,sinkhorn,0.1,100000
1D-cauchy-vs-gaussian-32p,32,32,0.2307627454271877,11,3.0754460046088783e-13,,seconds,0.0,0.0026720128953456,megabytes,0.0,0.0,0.0,0.0,0.0,0.0,0.0,0.0,success,sinkhorn,0.1,100000
1D-cauchy-vs-gaussian-32p,32,32,0.2469452684360692,11,5.8428418047288905e-09,,seconds,0.0,0.0027007162570953,megabytes,0.0,0.0,0.0,0.0,0.0,0.0,0.0,0.0,success,sinkhorn,0.1,100000
1D-cauchy-vs-gaussian-32p,32,32,0.8975922690475358,11,6.002475110645675e-12,,seconds,0.0,0.0025858897715806,megabytes,0.0,0.0,0.0,0.0,0.0,0.0,0.0,0.0,success,sinkhorn,0.1,100000
1D-cauchy-vs-gaussian-32p,32,32,0.4214528985335377,11,6.743610616434498e-15,,seconds,0.0,0.0026689115911722,megabytes,0.0,0.0,0.0,0.0,0.0,0.0,0.0,0.0,success,sinkhorn,0.1,100000
1D-cauchy-vs-gaussian-32p,32,32,0.1410094921968918,11,2.137557208202492e-12,,seconds,0.0,0.0027227737009525,megabytes,0.0,0.0,0.0,0.0,0.0,0.0,0.0,0.0,success,sinkhorn,0.1,100000
1D-cauchy-vs-gaussian-32p,32,32,0.4850738187910151,11,1.6058811584949289e-12,,seconds,0.0,0.002640426158905,megabytes,0.0,0.0,0.0,0.0,0.0,0.0,0.0,0.0,success,sinkhorn,0.1,100000
1D-cauchy-vs-gaussian-32p,32,32,0.8401990675551472,21,4.549005470775507e-12,,seconds,0.0,0.0029925778508186,megabytes,0.0,0.0,0.0,0.0,0.0,0.0,0.0,0.0,success,sinkhorn,0.1,100000
1D-cauchy-vs-gaussian-32p,32,32,0.1340355939938542,11,4.4923348646590407e-10,,seconds,0.0,0.0025738440454006,megabytes,0.0,0.0,0.0,0.0,0.0,0.0,0.0,0.0,success,sinkhorn,0.1,100000
1D-cauchy-vs-gaussian-32p,32,32,0.8466775465284985,11,7.60353661935848e-07,,seconds,0.0,0.0026316922158002,megabytes,0.0,0.0,0.0,0.0,0.0,0.0,0.0,0.0,success,sinkhorn,0.1,100000
1D-cauchy-vs-gaussian-32p,32,32,0.4374727910346979,11,1.5734939254929222e-09,,seconds,0.0,0.0028058104217052,megabytes,0.0,0.0,0.0,0.0,0.0,0.0,0.0,0.0,success,sinkhorn,0.1,100000
1D-cauchy-vs-gaussian-32p,32,32,0.2415368960095802,11,1.3618854775440877e-12,,seconds,0.0,0.0027127880603075,megabytes,0.0,0.0,0.0,0.0,0.0,0.0,0.0,0.0,success,sinkhorn,0.1,100000
1D-cauchy-vs-gaussian-32p,32,32,0.3225474175158979,11,2.538981465352543e-07,,seconds,0.0,0.00274502299726,megabytes,0.0,0.0,0.0,0.0,0.0,0.0,0.0,0.0,success,sinkhorn,0.1,100000
1D-cauchy-vs-gaussian-32p,32,32,0.1800148802474588,11,5.97340846386875e-12,,seconds,0.0,0.0027518086135387,megabytes,0.0,0.0,0.0,0.0,0.0,0.0,0.0,0.0,success,sinkhorn,0.1,100000
1D-cauchy-vs-gaussian-32p,32,32,0.3452104346346863,11,1.5629865687331695e-11,,seconds,0.0,0.0027673244476318,megabytes,0.0,0.0,0.0,0.0,0.0,0.0,0.0,0.0,success,sinkhorn,0.1,100000
1D-cauchy-vs-gaussian-32p,32,32,0.3903784408482927,11,6.473867316742193e-17,,seconds,0.0,0.0026510674506425,megabytes,0.0,0.0,0.0,0.0,0.0,0.0,0.0,0.0,success,sinkhorn,0.1,100000
1D-cauchy-vs-gaussian-32p,32,32,0.4319288170531921,11,3.999204181999607e-10,,seconds,0.0,0.0028203893452882,megabytes,0.0,0.0,0.0,0.0,0.0,0.0,0.0,0.0,success,sinkhorn,0.1,100000
1D-cauchy-vs-gaussian-64p,64,64,0.2518022842674622,11,4.355633158754418e-10,,seconds,0.0,0.0026662796735763,megabytes,0.0,0.0,0.0,0.0,0.0,0.0,0.0,0.0,success,sinkhorn,0.1,100000
1D-cauchy-vs-gaussian-64p,64,64,0.5226871345181965,11,9.172908829585312e-07,,seconds,0.0,0.0026678889989852,megabytes,0.0,0.0,0.0,0.0,0.0,0.0,0.0,0.0,success,sinkhorn,0.1,100000
1D-cauchy-vs-gaussian-64p,64,64,0.2493783752313185,11,3.539549467863908e-09,,seconds,0.0,0.0025843363255262,megabytes,0.0,0.0,0.0,0.0,0.0,0.0,0.0,0.0,success,sinkhorn,0.1,100000
1D-cauchy-vs-gaussian-64p,64,64,0.4901983394655935,11,1.3324463367398638e-07,,seconds,0.0,0.0025540515780448,megabytes,0.0,0.0,0.0,0.0,0.0,0.0,0.0,0.0,success,sinkhorn,0.1,100000
1D-cauchy-vs-gaussian-64p,64,64,0.6214142619560232,11,9.641765419724367e-09,,seconds,0.0,0.00271687656641,megabytes,0.0,0.0,0.0,0.0,0.0,0.0,0.0,0.0,success,sinkhorn,0.1,100000
1D-cauchy-vs-gaussian-64p,64,64,0.4212724547308237,11,4.882272955685467e-15,,seconds,0.0,0.0027051549404859,megabytes,0.0,0.0,0.0,0.0,0.0,0.0,0.0,0.0,success,sinkhorn,0.1,100000
1D-cauchy-vs-gaussian-64p,64,64,0.390431502736093,11,3.18056301969166e-17,,seconds,0.0,0.00259580463171,megabytes,0.0,0.0,0.0,0.0,0.0,0.0,0.0,0.0,success,sinkhorn,0.1,100000
1D-cauchy-vs-gaussian-64p,64,64,0.4374806260021649,11,1.1137167075942703e-09,,seconds,0.0,0.0027008578181266,megabytes,0.0,0.0,0.0,0.0,0.0,0.0,0.0,0.0,success,sinkhorn,0.1,100000
1D-cauchy-vs-gaussian-64p,64,64,0.5121616042716264,11,4.303642529972389e-14,,seconds,0.0,0.002741215750575,megabytes,0.0,0.0,0.0,0.0,0.0,0.0,0.0,0.0,success,sinkhorn,0.1,100000
1D-cauchy-vs-gaussian-64p,64,64,1.2232614330406355,21,1.1095566039418992e-11,,seconds,0.0,0.0029639191925525,megabytes,0.0,0.0,0.0,0.0,0.0,0.0,0.0,0.0,success,sinkhorn,0.1,100000
1D-cauchy-vs-gaussian-64p,64,64,0.8401861913295331,11,8.392665283453174e-07,,seconds,0.0,0.0026686172932386,megabytes,0.0,0.0,0.0,0.0,0.0,0.0,0.0,0.0,success,sinkhorn,0.1,100000
1D-cauchy-vs-gaussian-64p,64,64,0.2312790950436443,11,1.35020492693206e-13,,seconds,0.0,0.0027125645428895,megabytes,0.0,0.0,0.0,0.0,0.0,0.0,0.0,0.0,success,sinkhorn,0.1,100000
1D-cauchy-vs-gaussian-64p,64,64,0.2414583150198784,11,1.0101205644125014e-12,,seconds,0.0,0.00270227342844,megabytes,0.0,0.0,0.0,0.0,0.0,0.0,0.0,0.0,success,sinkhorn,0.1,100000
1D-cauchy-vs-gaussian-64p,64,64,0.2034373003995516,11,7.852378793237725e-17,,seconds,0.0,0.0027013327926397,megabytes,0.0,0.0,0.0,0.0,0.0,0.0,0.0,0.0,success,sinkhorn,0.1,100000
1D-cauchy-vs-gaussian-64p,64,64,0.8466845251693359,11,5.383555539129715e-07,,seconds,0.0,0.0026468932628631,megabytes,0.0,0.0,0.0,0.0,0.0,0.0,0.0,0.0,success,sinkhorn,0.1,100000
1D-cauchy-vs-gaussian-64p,64,64,0.3451829750710951,11,1.1301341193236546e-11,,seconds,0.0,0.0026995874941349,megabytes,0.0,0.0,0.0,0.0,0.0,0.0,0.0,0.0,success,sinkhorn,0.1,100000
1D-cauchy-vs-gaussian-64p,64,64,0.1410222568499107,11,1.5049863567646365e-12,,seconds,0.0,0.0028532277792692,megabytes,0.0,0.0,0.0,0.0,0.0,0.0,0.0,0.0,success,sinkhorn,0.1,100000
1D-cauchy-vs-gaussian-64p,64,64,0.1741489518867347,11,2.8736938868389247e-11,,seconds,0.0,0.0028175748884677,megabytes,0.0,0.0,0.0,0.0,0.0,0.0,0.0,0.0,success,sinkhorn,0.1,100000
1D-cauchy-vs-gaussian-64p,64,64,0.4854915972086224,11,9.737579963584716e-13,,seconds,0.0,0.0025642719119787,megabytes,0.0,0.0,0.0,0.0,0.0,0.0,0.0,0.0,success,sinkhorn,0.1,100000
1D-cauchy-vs-gaussian-64p,64,64,1.5971721150017046,11,1.9054020473693144e-10,,seconds,0.0,0.0027015246450901,megabytes,0.0,0.0,0.0,0.0,0.0,0.0,0.0,0.0,success,sinkhorn,0.1,100000
1D-cauchy-vs-gaussian-64p,64,64,0.2469705168891774,11,4.1345219528053914e-09,,seconds,0.0,0.0025502312928438,megabytes,0.0,0.0,0.0,0.0,0.0,0.0,0.0,0.0,success,sinkhorn,0.1,100000
1D-cauchy-vs-gaussian-64p,64,64,0.134052511051671,11,3.180380789435865e-10,,seconds,0.0,0.002754557877779,megabytes,0.0,0.0,0.0,0.0,0.0,0.0,0.0,0.0,success,sinkhorn,0.1,100000
1D-cauchy-vs-gaussian-64p,64,64,0.1723219816792769,11,7.210806815318423e-14,,seconds,0.0,0.0026634503155946,megabytes,0.0,0.0,0.0,0.0,0.0,0.0,0.0,0.0,success,sinkhorn,0.1,100000
1D-cauchy-vs-gaussian-64p,64,64,0.4319606873680269,11,2.8202661605854786e-10,,seconds,0.0,0.0026292018592357,megabytes,0.0,0.0,0.0,0.0,0.0,0.0,0.0,0.0,success,sinkhorn,0.1,100000
1D-cauchy-vs-gaussian-64p,64,64,0.0774682161791339,11,1.188698523589543e-10,,seconds,0.0,0.002729007974267,megabytes,0.0,0.0,0.0,0.0,0.0,0.0,0.0,0.0,success,sinkhorn,0.1,100000
1D-cauchy-vs-gaussian-64p,64,64,0.3225744468108006,11,1.7970390783519538e-07,,seconds,0.0,0.002948485314846,megabytes,0.0,0.0,0.0,0.0,0.0,0.0,0.0,0.0,success,sinkhorn,0.1,100000
1D-cauchy-vs-gaussian-64p,64,64,0.180079613114709,11,3.967745191450731e-12,,seconds,0.0,0.0027682818472385,megabytes,0.0,0.0,0.0,0.0,0.0,0.0,0.0,0.0,success,sinkhorn,0.1,100000
1D-cauchy-vs-gaussian-64p,64,64,0.1348124530455429,11,3.288016494771301e-14,,seconds,0.0,0.0026746224611997,megabytes,0.0,0.0,0.0,0.0,0.0,0.0,0.0,0.0,success,sinkhorn,0.1,100000
1D-cauchy-vs-gaussian-64p,64,64,0.897488778076779,11,4.489129439325295e-12,,seconds,0.0,0.0024435203522443,megabytes,0.0,0.0,0.0,0.0,0.0,0.0,0.0,0.0,success,sinkhorn,0.1,100000
1D-cauchy-vs-gaussian-64p,64,64,0.1466162102299547,11,1.9198445769655072e-14,,seconds,0.0,0.0026350766420364,megabytes,0.0,0.0,0.0,0.0,0.0,0.0,0.0,0.0,success,sinkhorn,0.1,100000
1D-cauchy-vs-gaussian-64p,64,64,0.2699485276991489,11,1.5870955969192627e-08,,seconds,0.0,0.0026583280414342,megabytes,0.0,0.0,0.0,0.0,0.0,0.0,0.0,0.0,success,sinkhorn,0.1,100000
1D-cauchy-vs-gaussian-128p,128,128,0.4854924716033175,11,6.888069528731019e-13,,seconds,0.0,0.0025752615183591,megabytes,0.0,0.0,0.0,0.0,0.0,0.0,0.0,0.0,success,sinkhorn,0.1,100000
1D-cauchy-vs-gaussian-128p,128,128,0.246976834795071,11,2.924073385886889e-09,,seconds,0.0,0.0025954470038414,megabytes,0.0,0.0,0.0,0.0,0.0,0.0,0.0,0.0,success,sinkhorn,0.1,100000
1D-cauchy-vs-gaussian-128p,128,128,0.3451885358301205,11,7.992980498088804e-12,,seconds,0.0,0.002541646361351,megabytes,0.0,0.0,0.0,0.0,0.0,0.0,0.0,0.0,success,sinkhorn,0.1,100000
1D-cauchy-vs-gaussian-128p,128,128,0.1723308578982751,11,5.101980591199986e-14,,seconds,0.0,0.0026075839996337,megabytes,0.0,0.0,0.0,0.0,0.0,0.0,0.0,0.0,success,sinkhorn,0.1,100000
1D-cauchy-vs-gaussian-128p,128,128,0.1410250145362301,11,1.0643755872081973e-12,,seconds,0.0,0.0024925097823143,megabytes,0.0,0.0,0.0,0.0,0.0,0.0,0.0,0.0,success,sinkhorn,0.1,100000
1D-cauchy-vs-gaussian-128p,128,128,0.4319679453560667,11,1.9947176103160048e-10,,seconds,0.0,0.0026405211538076,megabytes,0.0,0.0,0.0,0.0,0.0,0.0,0.0,0.0,success,sinkhorn,0.1,100000
1D-cauchy-vs-gaussian-128p,128,128,0.269957843419779,11,1.122480636344897e-08,,seconds,0.0,0.0026027485728263,megabytes,0.0,0.0,0.0,0.0,0.0,0.0,0.0,0.0,success,sinkhorn,0.1,100000
1D-cauchy-vs-gaussian-128p,128,128,0.4902408579225633,11,9.43056713621682e-08,,seconds,0.0,0.0024832617491483,megabytes,0.0,0.0,0.0,0.0,0.0,0.0,0.0,0.0,success,sinkhorn,0.1,100000
1D-cauchy-vs-gaussian-128p,128,128,0.0774704456627094,11,8.41583056072991e-11,,seconds,0.0,0.0026780050247907,megabytes,0.0,0.0,0.0,0.0,0.0,0.0,0.0,0.0,success,sinkhorn,0.1,100000
1D-cauchy-vs-gaussian-128p,128,128,0.2518033920363056,11,3.080264360983612e-10,,seconds,0.0,0.002490809187293,megabytes,0.0,0.0,0.0,0.0,0.0,0.0,0.0,0.0,success,sinkhorn,0.1,100000
1D-cauchy-vs-gaussian-128p,128,128,0.897484151315586,11,3.176460218878101e-12,,seconds,0.0,0.0027146004140377,megabytes,0.0,0.0,0.0,0.0,0.0,0.0,0.0,0.0,success,sinkhorn,0.1,100000
1D-cauchy-vs-gaussian-128p,128,128,0.5227217992270338,11,6.490028552396302e-07,,seconds,0.0,0.0025093425065279,megabytes,0.0,0.0,0.0,0.0,0.0,0.0,0.0,0.0,success,sinkhorn,0.1,100000
1D-cauchy-vs-gaussian-128p,128,128,0.4374825806330962,11,7.876915510778152e-10,,seconds,0.0,0.0025702696293592,megabytes,0.0,0.0,0.0,0.0,0.0,0.0,0.0,0.0,success,sinkhorn,0.1,100000
1D-cauchy-vs-gaussian-128p,128,128,0.1340567490011672,11,2.2495605840806247e-10,,seconds,0.0,0.002613628283143,megabytes,0.0,0.0,0.0,0.0,0.0,0.0,0.0,0.0,success,sinkhorn,0.1,100000
1D-cauchy-vs-gaussian-128p,128,128,1.5971263356777827,11,1.34883599441569e-10,,seconds,0.0,0.0025702323764562,megabytes,0.0,0.0,0.0,0.0,0.0,0.0,0.0,0.0,success,sinkhorn,0.1,100000
1D-cauchy-vs-gaussian-128p,128,128,0.2414604671947899,11,7.144947208591408e-13,,seconds,0.0,0.0025680400431156,megabytes,0.0,0.0,0.0,0.0,0.0,0.0,0.0,0.0,success,sinkhorn,0.1,100000
1D-cauchy-vs-gaussian-128p,128,128,0.2034363506753064,11,3.6720547009909287e-17,,seconds,0.0,0.002626160159707,megabytes,0.0,0.0,0.0,0.0,0.0,0.0,0.0,0.0,success,sinkhorn,0.1,100000
1D-cauchy-vs-gaussian-128p,128,128,1.223255720788178,21,7.851999670534581e-12,,seconds,0.0,0.0029842164367437,megabytes,0.0,0.0,0.0,0.0,0.0,0.0,0.0,0.0,success,sinkhorn,0.1,100000
1D-cauchy-vs-gaussian-128p,128,128,0.1800955993733523,11,2.807370019121668e-12,,seconds,0.0,0.0026330631226301,megabytes,0.0,0.0,0.0,0.0,0.0,0.0,0.0,0.0,success,sinkhorn,0.1,100000
1D-cauchy-vs-gaussian-128p,128,128,0.1348337259787146,11,2.3295571191584165e-14,,seconds,0.0,0.0026539973914623,megabytes,0.0,0.0,0.0,0.0,0.0,0.0,0.0,0.0,success,sinkhorn,0.1,100000
1D-cauchy-vs-gaussian-128p,128,128,0.1741584234528961,11,2.032919629301334e-11,,seconds,0.0,0.0025321785360574,megabytes,0.0,0.0,0.0,0.0,0.0,0.0,0.0,0.0,success,sinkhorn,0.1,100000
1D-cauchy-vs-gaussian-128p,128,128,0.8466863984757143,11,3.808030703675183e-07,,seconds,0.0,0.0026904065161943,megabytes,0.0,0.0,0.0,0.0,0.0,0.0,0.0,0.0,success,sinkhorn,0.1,100000
1D-cauchy-vs-gaussian-128p,128,128,0.5121622326966233,11,3.043209029164327e-14,,seconds,0.0,0.002644158899784,megabytes,0.0,0.0,0.0,0.0,0.0,0.0,0.0,0.0,success,sinkhorn,0.1,100000
1D-cauchy-vs-gaussian-128p,128,128,0.2493776347071809,11,2.50314231792922e-09,,seconds,0.0,0.0025494173169136,megabytes,0.0,0.0,0.0,0.0,0.0,0.0,0.0,0.0,success,sinkhorn,0.1,100000
1D-cauchy-vs-gaussian-128p,128,128,0.4212495825893922,11,3.457633189360147e-15,,seconds,0.0,0.002697542309761,megabytes,0.0,0.0,0.0,0.0,0.0,0.0,0.0,0.0,success,sinkhorn,0.1,100000
1D-cauchy-vs-gaussian-128p,128,128,0.6214102402346254,11,6.819638293196454e-09,,seconds,0.0,0.002590699121356,megabytes,0.0,0.0,0.0,0.0,0.0,0.0,0.0,0.0,success,sinkhorn,0.1,100000
1D-cauchy-vs-gaussian-128p,128,128,0.3904277788318318,11,4.123236506317185e-17,,seconds,0.0,0.0027337949723005,megabytes,0.0,0.0,0.0,0.0,0.0,0.0,0.0,0.0,success,sinkhorn,0.1,100000
1D-cauchy-vs-gaussian-128p,128,128,0.8401841379027523,11,5.935407453770196e-07,,seconds,0.0,0.0025180969387292,megabytes,0.0,0.0,0.0,0.0,0.0,0.0,0.0,0.0,success,sinkhorn,0.1,100000
1D-cauchy-vs-gaussian-128p,128,128,0.3225812419160606,11,1.2710065831080624e-07,,seconds,0.0,0.0025247186422348,megabytes,0.0,0.0,0.0,0.0,0.0,0.0,0.0,0.0,success,sinkhorn,0.1,100000
1D-cauchy-vs-gaussian-128p,128,128,0.231283663196206,11,9.549450689332053e-14,,seconds,0.0,0.0026861075311899,megabytes,0.0,0.0,0.0,0.0,0.0,0.0,0.0,0.0,success,sinkhorn,0.1,100000
1D-cauchy-vs-gaussian-128p,128,128,0.1466170949348143,11,1.357665706050332e-14,,seconds,0.0,0.002541622146964,megabytes,0.0,0.0,0.0,0.0,0.0,0.0,0.0,0.0,success,sinkhorn,0.1,100000
1D-cauchy-vs-gaussian-256p,256,256,0.1340578089400948,11,1.590801852108723e-10,,seconds,0.0,0.0025916919112205,megabytes,0.0,0.0,0.0,0.0,0.0,0.0,0.0,0.0,success,sinkhorn,0.1,100000
1D-cauchy-vs-gaussian-256p,256,256,0.5227304715502845,11,4.589815724872087e-07,,seconds,0.0,0.0025178678333759,megabytes,0.0,0.0,0.0,0.0,0.0,0.0,0.0,0.0,success,sinkhorn,0.1,100000
1D-cauchy-vs-gaussian-256p,256,256,0.4212438633617352,11,2.4449320895733202e-15,,seconds,0.0,0.0026033092290163,megabytes,0.0,0.0,0.0,0.0,0.0,0.0,0.0,0.0,success,sinkhorn,0.1,100000
1D-cauchy-vs-gaussian-256p,256,256,0.246978414587989,11,2.0677249234751677e-09,,seconds,0.0,0.0024857819080352,megabytes,0.0,0.0,0.0,0.0,0.0,0.0,0.0,0.0,success,sinkhorn,0.1,100000
1D-cauchy-vs-gaussian-256p,256,256,0.3451899262891542,11,5.652196505911092e-12,,seconds,0.0,0.0025362968444824,megabytes,0.0,0.0,0.0,0.0,0.0,0.0,0.0,0.0,success,sinkhorn,0.1,100000
1D-cauchy-vs-gaussian-256p,256,256,0.2034361242419878,11,4.2847532290932986e-17,,seconds,0.0,0.0024703685194253,megabytes,0.0,0.0,0.0,0.0,0.0,0.0,0.0,0.0,success,sinkhorn,0.1,100000
1D-cauchy-vs-gaussian-256p,256,256,0.1741607920039007,11,1.4376531697481263e-11,,seconds,0.0,0.0027585551142692,megabytes,0.0,0.0,0.0,0.0,0.0,0.0,0.0,0.0,success,sinkhorn,0.1,100000
1D-cauchy-vs-gaussian-256p,256,256,0.5121623899577586,11,2.1519929999955284e-14,,seconds,0.0,0.0026253927499055,megabytes,0.0,0.0,0.0,0.0,0.0,0.0,0.0,0.0,success,sinkhorn,0.1,100000
1D-cauchy-vs-gaussian-256p,256,256,0.4902515011519645,11,6.669965179661908e-08,,seconds,0.0,0.0026192646473646,megabytes,0.0,0.0,0.0,0.0,0.0,0.0,0.0,0.0,success,sinkhorn,0.1,100000
1D-cauchy-vs-gaussian-256p,256,256,0.4319697601682684,11,1.4105646993053908e-10,,seconds,0.0,0.0030097663402557,megabytes,0.0,0.0,0.0,0.0,0.0,0.0,0.0,0.0,success,sinkhorn,0.1,100000
1D-cauchy-vs-gaussian-256p,256,256,0.2312848054883761,11,6.752807727790227e-14,,seconds,0.0,0.0025295373052358,megabytes,0.0,0.0,0.0,0.0,0.0,0.0,0.0,0.0,success,sinkhorn,0.1,100000
1D-cauchy-vs-gaussian-256p,256,256,0.1723330776317939,11,3.6085210955942035e-14,,seconds,0.0,0.0026256777346134,megabytes,0.0,0.0,0.0,0.0,0.0,0.0,0.0,0.0,success,sinkhorn,0.1,100000
1D-cauchy-vs-gaussian-256p,256,256,1.2232439528259968,11,9.324063560762178e-07,,seconds,0.0,0.0026701129972934,megabytes,0.0,0.0,0.0,0.0,0.0,0.0,0.0,0.0,success,sinkhorn,0.1,100000
1D-cauchy-vs-gaussian-256p,256,256,0.6214092376531454,11,4.8225452427138005e-09,,seconds,0.0,0.0025460049510002,megabytes,0.0,0.0,0.0,0.0,0.0,0.0,0.0,0.0,success,sinkhorn,0.1,100000
1D-cauchy-vs-gaussian-256p,256,256,0.8466868749700471,11,2.692911183929073e-07,,seconds,0.0,0.0028061270713806,megabytes,0.0,0.0,0.0,0.0,0.0,0.0,0.0,0.0,success,sinkhorn,0.1,100000
1D-cauchy-vs-gaussian-256p,256,256,0.485492691811479,11,4.87103429650926e-13,,seconds,0.0,0.0027057994157075,megabytes,0.0,0.0,0.0,0.0,0.0,0.0,0.0,0.0,success,sinkhorn,0.1,100000
1D-cauchy-vs-gaussian-256p,256,256,0.3904268268870137,11,4.0691505102458304e-17,,seconds,0.0,0.0026640016585588,megabytes,0.0,0.0,0.0,0.0,0.0,0.0,0.0,0.0,success,sinkhorn,0.1,100000
1D-cauchy-vs-gaussian-256p,256,256,0.1466173161786959,11,9.59984334581918e-15,,seconds,0.0,0.0026465877890586,megabytes,0.0,0.0,0.0,0.0,0.0,0.0,0.0,0.0,success,sinkhorn,0.1,100000
1D-cauchy-vs-gaussian-256p,256,256,0.1800995966741667,11,1.9854181585608096e-12,,seconds,0.0,0.0025110431015491,megabytes,0.0,0.0,0.0,0.0,0.0,0.0,0.0,0.0,success,sinkhorn,0.1,100000
1D-cauchy-vs-gaussian-256p,256,256,0.3225829431907078,11,8.987918815803075e-08,,seconds,0.0,0.0025858208537101,megabytes,0.0,0.0,0.0,0.0,0.0,0.0,0.0,0.0,success,sinkhorn,0.1,100000
1D-cauchy-vs-gaussian-256p,256,256,0.249377450086741,11,1.7700424969798035e-09,,seconds,0.0,0.0025869943201541,megabytes,0.0,0.0,0.0,0.0,0.0,0.0,0.0,0.0,success,sinkhorn,0.1,100000
1D-cauchy-vs-gaussian-256p,256,256,0.077471015079168,11,5.952743570553374e-11,,seconds,0.0,0.0026540718972682,megabytes,0.0,0.0,0.0,0.0,0.0,0.0,0.0,0.0,success,sinkhorn,0.1,100000
1D-cauchy-vs-gaussian-256p,256,256,0.2414610073120539,11,5.052673427753036e-13,,seconds,0.0,0.0025804806500673,megabytes,0.0,0.0,0.0,0.0,0.0,0.0,0.0,0.0,success,sinkhorn,0.1,100000
1D-cauchy-vs-gaussian-256p,256,256,1.5971149560830316,11,9.540395614025434e-11,,seconds,0.0,0.0026135109364986,megabytes,0.0,0.0,0.0,0.0,0.0,0.0,0.0,0.0,success,sinkhorn,0.1,100000
1D-cauchy-vs-gaussian-256p,256,256,0.4374830700049164,11,5.57012971759484e-10,,seconds,0.0,0.0025711767375469,megabytes,0.0,0.0,0.0,0.0,0.0,0.0,0.0,0.0,success,sinkhorn,0.1,100000
1D-cauchy-vs-gaussian-256p,256,256,0.1410257041484799,11,7.526611470452794e-13,,seconds,0.0,0.0025604721158742,megabytes,0.0,0.0,0.0,0.0,0.0,0.0,0.0,0.0,success,sinkhorn,0.1,100000
1D-cauchy-vs-gaussian-256p,256,256,0.8974830044123407,11,2.2464870094890536e-12,,seconds,0.0,0.0026678051799535,megabytes,0.0,0.0,0.0,0.0,0.0,0.0,0.0,0.0,success,sinkhorn,0.1,100000
1D-cauchy-vs-gaussian-256p,256,256,0.2699601726860365,11,7.937551481254761e-09,,seconds,0.0,0.0025238823145627,megabytes,0.0,0.0,0.0,0.0,0.0,0.0,0.0,0.0,success,sinkhorn,0.1,100000
1D-cauchy-vs-gaussian-256p,256,256,0.1348390469980157,11,1.6463680627829012e-14,,seconds,0.0,0.002639677375555,megabytes,0.0,0.0,0.0,0.0,0.0,0.0,0.0,0.0,success,sinkhorn,0.1,100000
1D-cauchy-vs-gaussian-256p,256,256,0.2518036691196987,11,2.1781406276187556e-10,,seconds,0.0,0.002564251422882,megabytes,0.0,0.0,0.0,0.0,0.0,0.0,0.0,0.0,success,sinkhorn,0.1,100000
1D-cauchy-vs-gaussian-256p,256,256,0.8401836257625945,11,4.1971253841090843e-07,,seconds,0.0,0.0025909282267093,megabytes,0.0,0.0,0.0,0.0,0.0,0.0,0.0,0.0,success,sinkhorn,0.1,100000
1D-cauchy-vs-gaussian-512p,512,512,0.8401834978034946,11,2.967843842403248e-07,,seconds,0.0,0.0025128629058599,megabytes,0.0,0.0,0.0,0.0,0.0,0.0,0.0,0.0,success,sinkhorn,0.1,100000
1D-cauchy-vs-gaussian-512p,512,512,0.8466869946037885,11,1.904215870396525e-07,,seconds,0.0,0.0026356242597103,megabytes,0.0,0.0,0.0,0.0,0.0,0.0,0.0,0.0,success,sinkhorn,0.1,100000
1D-cauchy-vs-gaussian-512p,512,512,1.223243601509985,11,6.593258058093392e-07,,seconds,0.0,0.0026431865990161,megabytes,0.0,0.0,0.0,0.0,0.0,0.0,0.0,0.0,success,sinkhorn,0.1,100000
1D-cauchy-vs-gaussian-512p,512,512,0.0774711581924796,11,4.209554971788812e-11,,seconds,0.0,0.0026522856205701,megabytes,0.0,0.0,0.0,0.0,0.0,0.0,0.0,0.0,success,sinkhorn,0.1,100000
1D-cauchy-vs-gaussian-512p,512,512,0.512162429284307,11,1.5217360230232282e-14,,seconds,0.0,0.0028210580348968,megabytes,0.0,0.0,0.0,0.0,0.0,0.0,0.0,0.0,success,sinkhorn,0.1,100000
1D-cauchy-vs-gaussian-512p,512,512,0.3451902739207463,11,3.996759729552357e-12,,seconds,0.0,0.0026216637343168,megabytes,0.0,0.0,0.0,0.0,0.0,0.0,0.0,0.0,success,sinkhorn,0.1,100000
1D-cauchy-vs-gaussian-512p,512,512,0.8974827182983476,11,1.5885728224818308e-12,,seconds,0.0,0.002887962386012,megabytes,0.0,0.0,0.0,0.0,0.0,0.0,0.0,0.0,success,sinkhorn,0.1,100000
1D-cauchy-vs-gaussian-512p,512,512,0.4854927469641734,11,3.444400562321966e-13,,seconds,0.0,0.0027110297232866,megabytes,0.0,0.0,0.0,0.0,0.0,0.0,0.0,0.0,success,sinkhorn,0.1,100000
1D-cauchy-vs-gaussian-512p,512,512,0.4212424334854823,11,1.7114156344395894e-15,,seconds,0.0,0.0026381891220808,megabytes,0.0,0.0,0.0,0.0,0.0,0.0,0.0,0.0,success,sinkhorn,0.1,100000
1D-cauchy-vs-gaussian-512p,512,512,0.241461142471119,11,3.572797559050899e-13,,seconds,0.0,0.0026384051889181,megabytes,0.0,0.0,0.0,0.0,0.0,0.0,0.0,0.0,success,sinkhorn,0.1,100000
1D-cauchy-vs-gaussian-512p,512,512,0.3904265888574548,11,2.2337468085403065e-17,,seconds,0.0,0.0028832089155912,megabytes,0.0,0.0,0.0,0.0,0.0,0.0,0.0,0.0,success,sinkhorn,0.1,100000
1D-cauchy-vs-gaussian-512p,512,512,0.4319702138910214,11,9.974351298534757e-11,,seconds,0.0,0.002686446532607,megabytes,0.0,0.0,0.0,0.0,0.0,0.0,0.0,0.0,success,sinkhorn,0.1,100000
1D-cauchy-vs-gaussian-512p,512,512,0.4374831923925417,11,3.9387312283786234e-10,,seconds,0.0,0.0027829855680465,megabytes,0.0,0.0,0.0,0.0,0.0,0.0,0.0,0.0,success,sinkhorn,0.1,100000
1D-cauchy-vs-gaussian-512p,512,512,0.2518037383993794,11,1.540189475036171e-10,,seconds,0.0,0.0029740016907453,megabytes,0.0,0.0,0.0,0.0,0.0,0.0,0.0,0.0,success,sinkhorn,0.1,100000
1D-cauchy-vs-gaussian-512p,512,512,0.6214089871860928,11,3.410113278576944e-09,,seconds,0.0,0.0026821419596672,megabytes,0.0,0.0,0.0,0.0,0.0,0.0,0.0,0.0,success,sinkhorn,0.1,100000
1D-cauchy-vs-gaussian-512p,512,512,0.1410258765634655,11,5.322169424783884e-13,,seconds,0.0,0.0026941541582345,megabytes,0.0,0.0,0.0,0.0,0.0,0.0,0.0,0.0,success,sinkhorn,0.1,100000
1D-cauchy-vs-gaussian-512p,512,512,0.246978809555997,11,1.4621187238986151e-09,,seconds,0.0,0.002753559499979,megabytes,0.0,0.0,0.0,0.0,0.0,0.0,0.0,0.0,success,sinkhorn,0.1,100000
1D-cauchy-vs-gaussian-512p,512,512,0.1801005960452313,11,1.4039585571078032e-12,,seconds,0.0,0.0026587266474962,megabytes,0.0,0.0,0.0,0.0,0.0,0.0,0.0,0.0,success,sinkhorn,0.1,100000
1D-cauchy-vs-gaussian-512p,512,512,0.4902541627981818,11,4.716651147548408e-08,,seconds,0.0,0.0027484484016895,megabytes,0.0,0.0,0.0,0.0,0.0,0.0,0.0,0.0,success,sinkhorn,0.1,100000
1D-cauchy-vs-gaussian-512p,512,512,0.1741613841828536,11,1.0166026301198207e-11,,seconds,0.0,0.0027326270937919,megabytes,0.0,0.0,0.0,0.0,0.0,0.0,0.0,0.0,success,sinkhorn,0.1,100000
1D-cauchy-vs-gaussian-512p,512,512,0.2034360676258465,11,2.3219764628130236e-17,,seconds,0.0,0.0027822833508253,megabytes,0.0,0.0,0.0,0.0,0.0,0.0,0.0,0.0,success,sinkhorn,0.1,100000
1D-cauchy-vs-gaussian-512p,512,512,0.2493774039636133,11,1.251618527142781e-09,,seconds,0.0,0.0026949476450681,megabytes,0.0,0.0,0.0,0.0,0.0,0.0,0.0,0.0,success,sinkhorn,0.1,100000
1D-cauchy-vs-gaussian-512p,512,512,0.2699607550235924,11,5.612769809946303e-09,,seconds,0.0,0.0026908870786428,megabytes,0.0,0.0,0.0,0.0,0.0,0.0,0.0,0.0,success,sinkhorn,0.1,100000
1D-cauchy-vs-gaussian-512p,512,512,0.322583368665477,11,6.35551472219753e-08,,seconds,0.0,0.0026878993958234,megabytes,0.0,0.0,0.0,0.0,0.0,0.0,0.0,0.0,success,sinkhorn,0.1,100000
1D-cauchy-vs-gaussian-512p,512,512,0.1466173714938983,11,6.788935932420467e-15,,seconds,0.0,0.0028575044125318,megabytes,0.0,0.0,0.0,0.0,0.0,0.0,0.0,0.0,success,sinkhorn,0.1,100000
1D-cauchy-vs-gaussian-512p,512,512,0.134840377425012,11,1.1647072675482252e-14,,seconds,0.0,0.0026927292346954,megabytes,0.0,0.0,0.0,0.0,0.0,0.0,0.0,0.0,success,sinkhorn,0.1,100000
1D-cauchy-vs-gaussian-512p,512,512,1.5971121152664547,11,6.746552059861576e-11,,seconds,0.0,0.0028040464967489,megabytes,0.0,0.0,0.0,0.0,0.0,0.0,0.0,0.0,success,sinkhorn,0.1,100000
1D-cauchy-vs-gaussian-512p,512,512,0.5227326400125093,11,3.245608724634069e-07,,seconds,0.0,0.0028068646788597,megabytes,0.0,0.0,0.0,0.0,0.0,0.0,0.0,0.0,success,sinkhorn,0.1,100000
1D-cauchy-vs-gaussian-512p,512,512,0.231285091077701,11,4.7750889338135586e-14,,seconds,0.0,0.0026263762265443,megabytes,0.0,0.0,0.0,0.0,0.0,0.0,0.0,0.0,success,sinkhorn,0.1,100000
1D-cauchy-vs-gaussian-512p,512,512,0.1340580739530649,11,1.1248884174705844e-10,,seconds,0.0,0.0027159508317708,megabytes,0.0,0.0,0.0,0.0,0.0,0.0,0.0,0.0,success,sinkhorn,0.1,100000
1D-cauchy-vs-gaussian-512p,512,512,0.1723336326079456,11,2.5510310429724163e-14,,seconds,0.0,0.0026137456297874,megabytes,0.0,0.0,0.0,0.0,0.0,0.0,0.0,0.0,success,sinkhorn,0.1,100000
1D-cauchy-vs-gaussian-1024p,1024,1024,0.4854927607586394,11,2.435574314365594e-13,,seconds,0.0,0.0027803648263216,megabytes,0.0,0.0,0.0,0.0,0.0,0.0,0.0,0.0,success,sinkhorn,0.1,100000
1D-cauchy-vs-gaussian-1024p,1024,1024,0.3225834750439255,11,4.4940445963456855e-08,,seconds,0.0,0.0027593709528446,megabytes,0.0,0.0,0.0,0.0,0.0,0.0,0.0,0.0,success,sinkhorn,0.1,100000
1D-cauchy-vs-gaussian-1024p,1024,1024,0.23128516247605,11,3.3764828779539164e-14,,seconds,0.0,0.0026966333389282,megabytes,0.0,0.0,0.0,0.0,0.0,0.0,0.0,0.0,success,sinkhorn,0.1,100000
1D-cauchy-vs-gaussian-1024p,1024,1024,0.8974826468080899,11,1.1232955182129046e-12,,seconds,0.0,0.0026350785046815,megabytes,0.0,0.0,0.0,0.0,0.0,0.0,0.0,0.0,success,sinkhorn,0.1,100000
1D-cauchy-vs-gaussian-1024p,1024,1024,0.4212420760122276,11,1.2275780536759738e-15,,seconds,0.0,0.0027495101094245,megabytes,0.0,0.0,0.0,0.0,0.0,0.0,0.0,0.0,success,sinkhorn,0.1,100000
1D-cauchy-vs-gaussian-1024p,1024,1024,0.1348407100424916,11,8.236717149049542e-15,,seconds,0.0,0.0027775540947914,megabytes,0.0,0.0,0.0,0.0,0.0,0.0,0.0,0.0,success,sinkhorn,0.1,100000
1D-cauchy-vs-gaussian-1024p,1024,1024,0.5121624391166483,11,1.0760746512475601e-14,,seconds,0.0,0.0026646144688129,megabytes,0.0,0.0,0.0,0.0,0.0,0.0,0.0,0.0,success,sinkhorn,0.1,100000
1D-cauchy-vs-gaussian-1024p,1024,1024,0.1466173853229634,11,4.800336166416405e-15,,seconds,0.0,0.0026061125099658,megabytes,0.0,0.0,0.0,0.0,0.0,0.0,0.0,0.0,success,sinkhorn,0.1,100000
1D-cauchy-vs-gaussian-1024p,1024,1024,0.1723337713546567,11,1.8040162549294237e-14,,seconds,0.0,0.0028446950018405,megabytes,0.0,0.0,0.0,0.0,0.0,0.0,0.0,0.0,success,sinkhorn,0.1,100000
1D-cauchy-vs-gaussian-1024p,1024,1024,0.8466870245441036,11,1.346491045888742e-07,,seconds,0.0,0.0026428624987602,megabytes,0.0,0.0,0.0,0.0,0.0,0.0,0.0,0.0,success,sinkhorn,0.1,100000
1D-cauchy-vs-gaussian-1024p,1024,1024,0.077471194018361,11,2.976662797939593e-11,,seconds,0.0,0.0025810915976762,megabytes,0.0,0.0,0.0,0.0,0.0,0.0,0.0,0.0,success,sinkhorn,0.1,100000
1D-cauchy-vs-gaussian-1024p,1024,1024,0.431970327322941,11,7.052958400172552e-11,,seconds,0.0,0.0027567856013774,megabytes,0.0,0.0,0.0,0.0,0.0,0.0,0.0,0.0,success,sinkhorn,0.1,100000
1D-cauchy-vs-gaussian-1024p,1024,1024,0.6214089245804786,11,2.411324627522202e-09,,seconds,0.0,0.0026989970356225,megabytes,0.0,0.0,0.0,0.0,0.0,0.0,0.0,0.0,success,sinkhorn,0.1,100000
1D-cauchy-vs-gaussian-1024p,1024,1024,0.1801008458908615,11,9.927597034106524e-13,,seconds,0.0,0.0026500672101974,megabytes,0.0,0.0,0.0,0.0,0.0,0.0,0.0,0.0,success,sinkhorn,0.1,100000
1D-cauchy-vs-gaussian-1024p,1024,1024,0.1741615322301667,11,7.188514522936045e-12,,seconds,0.0,0.0030162017792463,megabytes,0.0,0.0,0.0,0.0,0.0,0.0,0.0,0.0,success,sinkhorn,0.1,100000
1D-cauchy-vs-gaussian-1024p,1024,1024,0.2518037557198517,11,1.0890804489109255e-10,,seconds,0.0,0.0026559513062238,megabytes,0.0,0.0,0.0,0.0,0.0,0.0,0.0,0.0,success,sinkhorn,0.1,100000
1D-cauchy-vs-gaussian-1024p,1024,1024,0.5227331821518615,11,2.295012957969973e-07,,seconds,0.0,0.0027748420834541,megabytes,0.0,0.0,0.0,0.0,0.0,0.0,0.0,0.0,success,sinkhorn,0.1,100000
1D-cauchy-vs-gaussian-1024p,1024,1024,0.4374832229922405,11,2.7851132059296074e-10,,seconds,0.0,0.0026563536375761,megabytes,0.0,0.0,0.0,0.0,0.0,0.0,0.0,0.0,success,sinkhorn,0.1,100000
1D-cauchy-vs-gaussian-1024p,1024,1024,0.1410259196679572,11,3.763351756763899e-13,,seconds,0.0,0.0026940014213323,megabytes,0.0,0.0,0.0,0.0,0.0,0.0,0.0,0.0,success,sinkhorn,0.1,100000
1D-cauchy-vs-gaussian-1024p,1024,1024,0.3451903608296965,11,2.8261457970673705e-12,,seconds,0.0,0.0027151238173246,megabytes,0.0,0.0,0.0,0.0,0.0,0.0,0.0,0.0,success,sinkhorn,0.1,100000
1D-cauchy-vs-gaussian-1024p,1024,1024,0.1340581402080725,11,7.954200372345682e-11,,seconds,0.0,0.0026534795761108,megabytes,0.0,0.0,0.0,0.0,0.0,0.0,0.0,0.0,success,sinkhorn,0.1,100000
1D-cauchy-vs-gaussian-1024p,1024,1024,1.2232435137558366,11,4.662163910222697e-07,,seconds,0.0,0.0026478171348571,megabytes,0.0,0.0,0.0,0.0,0.0,0.0,0.0,0.0,success,sinkhorn,0.1,100000
1D-cauchy-vs-gaussian-1024p,1024,1024,0.2414611762689969,11,2.526380948275991e-13,,seconds,0.0,0.0026712026447057,megabytes,0.0,0.0,0.0,0.0,0.0,0.0,0.0,0.0,success,sinkhorn,0.1,100000
1D-cauchy-vs-gaussian-1024p,1024,1024,1.5971114053175115,11,4.770616019016414e-11,,seconds,0.0,0.0028033293783664,megabytes,0.0,0.0,0.0,0.0,0.0,0.0,0.0,0.0,success,sinkhorn,0.1,100000
1D-cauchy-vs-gaussian-1024p,1024,1024,0.2699609006092932,11,3.9688405574242325e-09,,seconds,0.0,0.0027817692607641,megabytes,0.0,0.0,0.0,0.0,0.0,0.0,0.0,0.0,success,sinkhorn,0.1,100000
1D-cauchy-vs-gaussian-1024p,1024,1024,0.2469789082992352,11,1.033876965336978e-09,,seconds,0.0,0.0027119163423776,megabytes,0.0,0.0,0.0,0.0,0.0,0.0,0.0,0.0,success,sinkhorn,0.1,100000
1D-cauchy-vs-gaussian-1024p,1024,1024,0.203436053471416,11,1.5058238729099625e-17,,seconds,0.0,0.0026727244257926,megabytes,0.0,0.0,0.0,0.0,0.0,0.0,0.0,0.0,success,sinkhorn,0.1,100000
1D-cauchy-vs-gaussian-1024p,1024,1024,0.4902548282619791,11,3.3352243675046144e-08,,seconds,0.0,0.0025958511978387,megabytes,0.0,0.0,0.0,0.0,0.0,0.0,0.0,0.0,success,sinkhorn,0.1,100000
1D-cauchy-vs-gaussian-1024p,1024,1024,0.3904265293473555,11,1.67052781427688e-17,,seconds,0.0,0.0026620160788297,megabytes,0.0,0.0,0.0,0.0,0.0,0.0,0.0,0.0,success,sinkhorn,0.1,100000
1D-cauchy-vs-gaussian-1024p,1024,1024,0.2493773924348313,11,8.85029623716008e-10,,seconds,0.0,0.0027801319956779,megabytes,0.0,0.0,0.0,0.0,0.0,0.0,0.0,0.0,success,sinkhorn,0.1,100000
1D-cauchy-vs-gaussian-1024p,1024,1024,0.8401834658184639,11,2.0985874600133413e-07,,seconds,0.0,0.0027463659644126,megabytes,0.0,0.0,0.0,0.0,0.0,0.0,0.0,0.0,success,sinkhorn,0.1,100000
1D-cauchy-vs-gaussian-2048p,2048,2048,0.5227333176881861,11,1.6228229412444902e-07,,seconds,0.0,0.0034241396933794,megabytes,0.0,0.0,0.0,0.0,0.0,0.0,0.0,0.0,success,sinkhorn,0.1,100000
1D-cauchy-vs-gaussian-2048p,2048,2048,0.077471202977805,11,2.104828982248476e-11,,seconds,0.0,0.003377728164196,megabytes,0.0,0.0,0.0,0.0,0.0,0.0,0.0,0.0,success,sinkhorn,0.1,100000
1D-cauchy-vs-gaussian-2048p,2048,2048,0.2414611847189735,11,1.786412709789046e-13,,seconds,0.0,0.0033330619335174,megabytes,0.0,0.0,0.0,0.0,0.0,0.0,0.0,0.0,success,sinkhorn,0.1,100000
1D-cauchy-vs-gaussian-2048p,2048,2048,0.8466870320311748,11,9.521142029451005e-08,,seconds,0.0,0.0033108461648225,megabytes,0.0,0.0,0.0,0.0,0.0,0.0,0.0,0.0,success,sinkhorn,0.1,100000
1D-cauchy-vs-gaussian-2048p,2048,2048,0.8974826289379153,11,7.94292824471987e-13,,seconds,0.0,0.0034015569835901,megabytes,0.0,0.0,0.0,0.0,0.0,0.0,0.0,0.0,success,sinkhorn,0.1,100000
1D-cauchy-vs-gaussian-2048p,2048,2048,0.3451903825569998,11,1.9983885618933635e-12,,seconds,0.0,0.0032857004553079,megabytes,0.0,0.0,0.0,0.0,0.0,0.0,0.0,0.0,success,sinkhorn,0.1,100000
1D-cauchy-vs-gaussian-2048p,2048,2048,0.1723338060415015,11,1.2756374073181778e-14,,seconds,0.0,0.0032341945916414,megabytes,0.0,0.0,0.0,0.0,0.0,0.0,0.0,0.0,success,sinkhorn,0.1,100000
1D-cauchy-vs-gaussian-2048p,2048,2048,0.2518037600500043,11,7.700965240067863e-11,,seconds,0.0,0.0033844988793134,megabytes,0.0,0.0,0.0,0.0,0.0,0.0,0.0,0.0,success,sinkhorn,0.1,100000
1D-cauchy-vs-gaussian-2048p,2048,2048,0.5121624415747776,11,7.609256199385695e-15,,seconds,0.0,0.0033251531422138,megabytes,0.0,0.0,0.0,0.0,0.0,0.0,0.0,0.0,success,sinkhorn,0.1,100000
1D-cauchy-vs-gaussian-2048p,2048,2048,0.6214089089297719,11,1.705065835562438e-09,,seconds,0.0,0.0033687464892864,megabytes,0.0,0.0,0.0,0.0,0.0,0.0,0.0,0.0,success,sinkhorn,0.1,100000
1D-cauchy-vs-gaussian-2048p,2048,2048,1.2232434918219774,11,3.296652387675444e-07,,seconds,0.0,0.0032560471445322,megabytes,0.0,0.0,0.0,0.0,0.0,0.0,0.0,0.0,success,sinkhorn,0.1,100000
1D-cauchy-vs-gaussian-2048p,2048,2048,0.3225835016391473,11,3.1777724211187495e-08,,seconds,0.0,0.0033147651702165,megabytes,0.0,0.0,0.0,0.0,0.0,0.0,0.0,0.0,success,sinkhorn,0.1,100000
1D-cauchy-vs-gaussian-2048p,2048,2048,0.2034360499327837,11,1.775417395433163e-17,,seconds,0.0,0.0032962523400783,megabytes,0.0,0.0,0.0,0.0,0.0,0.0,0.0,0.0,success,sinkhorn,0.1,100000
1D-cauchy-vs-gaussian-2048p,2048,2048,0.1348407931975316,11,5.825735866401945e-15,,seconds,0.0,0.0032093375921249,megabytes,0.0,0.0,0.0,0.0,0.0,0.0,0.0,0.0,success,sinkhorn,0.1,100000
1D-cauchy-vs-gaussian-2048p,2048,2048,0.180100908352448,11,7.019880397995377e-13,,seconds,0.2954535484313965,0.0033631585538387,megabytes,88270.0,88270.0,0.0,0.0,0.069480448,0.069480448,0.0,0.0,success,sinkhorn,0.1,100000
1D-cauchy-vs-gaussian-2048p,2048,2048,0.4854927642076492,11,1.7222245758931482e-13,,seconds,0.0,0.0033712964504957,megabytes,0.0,0.0,0.0,0.0,0.0,0.0,0.0,0.0,success,sinkhorn,0.1,100000
1D-cauchy-vs-gaussian-2048p,2048,2048,0.3904265144696613,11,1.3002643122158465e-17,,seconds,0.0,0.0035421345382928,megabytes,0.0,0.0,0.0,0.0,0.0,0.0,0.0,0.0,success,sinkhorn,0.1,100000
1D-cauchy-vs-gaussian-2048p,2048,2048,0.1466173887802463,11,3.3945514393041084e-15,,seconds,0.0,0.0033279955387115,megabytes,0.0,0.0,0.0,0.0,0.0,0.0,0.0,0.0,success,sinkhorn,0.1,100000
1D-cauchy-vs-gaussian-2048p,2048,2048,0.2493773895527608,11,6.258107485092564e-10,,seconds,0.0,0.00336723215878,megabytes,0.0,0.0,0.0,0.0,0.0,0.0,0.0,0.0,success,sinkhorn,0.1,100000
1D-cauchy-vs-gaussian-2048p,2048,2048,0.4212419866436544,11,8.574252217907876e-16,,seconds,0.2313768863677978,0.0033609420061111,megabytes,88270.0,88270.0,1.0,1.0,0.069398528,0.069398528,0.0,0.0,success,sinkhorn,0.1,100000
1D-cauchy-vs-gaussian-2048p,2048,2048,0.2312851803257008,11,2.3875165009823582e-14,,seconds,0.0,0.0034819357097148,megabytes,0.0,0.0,0.0,0.0,0.0,0.0,0.0,0.0,success,sinkhorn,0.1,100000
1D-cauchy-vs-gaussian-2048p,2048,2048,0.1340581567719347,11,5.6244755860717005e-11,,seconds,0.0,0.0032987464219331,megabytes,0.0,0.0,0.0,0.0,0.0,0.0,0.0,0.0,success,sinkhorn,0.1,100000
1D-cauchy-vs-gaussian-2048p,2048,2048,1.5971112278462265,11,3.373349634236566e-11,,seconds,0.0,0.0033517535775899,megabytes,0.0,0.0,0.0,0.0,0.0,0.0,0.0,0.0,success,sinkhorn,0.1,100000
1D-cauchy-vs-gaussian-2048p,2048,2048,0.1741615692421559,11,5.0830579265738835e-12,,seconds,0.0,0.0032261759042739,megabytes,0.0,0.0,0.0,0.0,0.0,0.0,0.0,0.0,success,sinkhorn,0.1,100000
1D-cauchy-vs-gaussian-2048p,2048,2048,0.8401834578225031,11,1.4839262995202297e-07,,seconds,0.0,0.0033501759171485,megabytes,0.0,0.0,0.0,0.0,0.0,0.0,0.0,0.0,success,sinkhorn,0.1,100000
1D-cauchy-vs-gaussian-2048p,2048,2048,0.1410259304441267,11,2.661091895911679e-13,,seconds,0.0,0.0032345987856388,megabytes,0.0,0.0,0.0,0.0,0.0,0.0,0.0,0.0,success,sinkhorn,0.1,100000
1D-cauchy-vs-gaussian-2048p,2048,2048,0.4374832306423398,11,1.9693741534844035e-10,,seconds,0.0,0.0033214129507541,megabytes,0.0,0.0,0.0,0.0,0.0,0.0,0.0,0.0,success,sinkhorn,0.1,100000
1D-cauchy-vs-gaussian-2048p,2048,2048,0.2699609370058003,11,2.8063963628103483e-09,,seconds,0.0,0.0031963679939508,megabytes,0.0,0.0,0.0,0.0,0.0,0.0,0.0,0.0,success,sinkhorn,0.1,100000
1D-cauchy-vs-gaussian-2048p,2048,2048,0.4902549946311906,11,2.3583683151023952e-08,,seconds,0.0,0.0033305715769529,megabytes,0.0,0.0,0.0,0.0,0.0,0.0,0.0,0.0,success,sinkhorn,0.1,100000
1D-cauchy-vs-gaussian-2048p,2048,2048,0.2469789329851219,11,7.310619240010101e-10,,seconds,0.0,0.0034043248742818,megabytes,0.0,0.0,0.0,0.0,0.0,0.0,0.0,0.0,success,sinkhorn,0.1,100000
1D-cauchy-vs-gaussian-2048p,2048,2048,0.4319703556809979,11,4.987199499630045e-11,,seconds,0.0,0.003408495336771,megabytes,0.0,0.0,0.0,0.0,0.0,0.0,0.0,0.0,success,sinkhorn,0.1,100000
1D-exp-vs-gaussian-32p,32,32,1.0241269060774778,11,2.1695348124448352e-14,,seconds,0.0,0.0025752522051334,megabytes,0.0,0.0,0.0,0.0,0.0,0.0,0.0,0.0,success,sinkhorn,0.1,100000
1D-exp-vs-gaussian-32p,32,32,0.6509044896146388,11,4.2491873609703704e-17,,seconds,0.0,0.002652084454894,megabytes,0.0,0.0,0.0,0.0,0.0,0.0,0.0,0.0,success,sinkhorn,0.1,100000
1D-exp-vs-gaussian-32p,32,32,0.373892828189093,11,5.665317191277965e-15,,seconds,0.0,0.0025719497352838,megabytes,0.0,0.0,0.0,0.0,0.0,0.0,0.0,0.0,success,sinkhorn,0.1,100000
1D-exp-vs-gaussian-32p,32,32,0.0576168515608402,11,3.1986720415755645e-17,,seconds,0.0,0.0027744490653276,megabytes,0.0,0.0,0.0,0.0,0.0,0.0,0.0,0.0,success,sinkhorn,0.1,100000
1D-exp-vs-gaussian-32p,32,32,0.05247247804736,11,1.4473135465764723e-11,,seconds,0.0,0.002532185986638,megabytes,0.0,0.0,0.0,0.0,0.0,0.0,0.0,0.0,success,sinkhorn,0.1,100000
1D-exp-vs-gaussian-32p,32,32,0.2567211100553176,11,6.546139416680338e-17,,seconds,0.0,0.0024555064737796,megabytes,0.0,0.0,0.0,0.0,0.0,0.0,0.0,0.0,success,sinkhorn,0.1,100000
1D-exp-vs-gaussian-32p,32,32,0.6367454059624644,11,7.089621135712403e-17,,seconds,0.0,0.0025166068226099,megabytes,0.0,0.0,0.0,0.0,0.0,0.0,0.0,0.0,success,sinkhorn,0.1,100000
1D-exp-vs-gaussian-32p,32,32,0.1051621761385252,11,8.554842949272357e-17,,seconds,0.0,0.0028249081224203,megabytes,0.0,0.0,0.0,0.0,0.0,0.0,0.0,0.0,success,sinkhorn,0.1,100000
1D-exp-vs-gaussian-32p,32,32,0.1081430025812515,11,7.799288342583356e-12,,seconds,0.0,0.0025224704295396,megabytes,0.0,0.0,0.0,0.0,0.0,0.0,0.0,0.0,success,sinkhorn,0.1,100000
1D-exp-vs-gaussian-32p,32,32,0.0384659020134355,11,1.6703729727063765e-15,,seconds,0.0,0.0026373751461505,megabytes,0.0,0.0,0.0,0.0,0.0,0.0,0.0,0.0,success,sinkhorn,0.1,100000
1D-exp-vs-gaussian-32p,32,32,0.4422897233268327,11,3.314910864404113e-16,,seconds,0.0,0.0025765746831893,megabytes,0.0,0.0,0.0,0.0,0.0,0.0,0.0,0.0,success,sinkhorn,0.1,100000
1D-exp-vs-gaussian-32p,32,32,0.073940969587001,11,3.8005887153050735e-17,,seconds,0.0,0.0027101337909698,megabytes,0.0,0.0,0.0,0.0,0.0,0.0,0.0,0.0,success,sinkhorn,0.1,100000
1D-exp-vs-gaussian-32p,32,32,0.0323756966656189,11,5.6468301481039265e-15,,seconds,0.0,0.0025641955435276,megabytes,0.0,0.0,0.0,0.0,0.0,0.0,0.0,0.0,success,sinkhorn,0.1,100000
1D-exp-vs-gaussian-32p,32,32,0.0744510366729926,11,8.91992044961712e-17,,seconds,0.0,0.0027009956538677,megabytes,0.0,0.0,0.0,0.0,0.0,0.0,0.0,0.0,success,sinkhorn,0.1,100000
1D-exp-vs-gaussian-32p,32,32,0.0212930269186016,11,1.1529082284224826e-16,,seconds,0.0,0.002519616857171,megabytes,0.0,0.0,0.0,0.0,0.0,0.0,0.0,0.0,success,sinkhorn,0.1,100000
1D-exp-vs-gaussian-32p,32,32,0.0442640556925145,11,1.1102230246332364e-16,,seconds,0.0,0.0025151222944259,megabytes,0.0,0.0,0.0,0.0,0.0,0.0,0.0,0.0,success,sinkhorn,0.1,100000
1D-exp-vs-gaussian-32p,32,32,0.3203870247755885,11,6.02978002566753e-16,,seconds,0.0,0.00255305506289,megabytes,0.0,0.0,0.0,0.0,0.0,0.0,0.0,0.0,success,sinkhorn,0.1,100000
1D-exp-vs-gaussian-32p,32,32,0.2272540988646163,11,3.103248186503252e-17,,seconds,0.0,0.0026125535368919,megabytes,0.0,0.0,0.0,0.0,0.0,0.0,0.0,0.0,success,sinkhorn,0.1,100000
1D-exp-vs-gaussian-32p,32,32,0.10222809754711,11,6.015258358833859e-12,,seconds,0.0,0.0025260355323553,megabytes,0.0,0.0,0.0,0.0,0.0,0.0,0.0,0.0,success,sinkhorn,0.1,100000
1D-exp-vs-gaussian-32p,32,32,1.0076362740414853,11,1.864807565362765e-16,,seconds,0.0,0.002556612715125,megabytes,0.0,0.0,0.0,0.0,0.0,0.0,0.0,0.0,success,sinkhorn,0.1,100000
1D-exp-vs-gaussian-32p,32,32,0.5231981755662716,11,1.896331278557505e-16,,seconds,0.0,0.0024397987872362,megabytes,0.0,0.0,0.0,0.0,0.0,0.0,0.0,0.0,success,sinkhorn,0.1,100000
1D-exp-vs-gaussian-32p,32,32,0.4690043883307375,11,8.458042196131774e-17,,seconds,0.0,0.0024716537445783,megabytes,0.0,0.0,0.0,0.0,0.0,0.0,0.0,0.0,success,sinkhorn,0.1,100000
1D-exp-vs-gaussian-32p,32,32,0.9446137992937952,11,1.4393354178277717e-13,,seconds,0.0,0.0024921130388975,megabytes,0.0,0.0,0.0,0.0,0.0,0.0,0.0,0.0,success,sinkhorn,0.1,100000
1D-exp-vs-gaussian-32p,32,32,0.1794746889022126,11,3.4760137130385617e-17,,seconds,0.0,0.0025494582951068,megabytes,0.0,0.0,0.0,0.0,0.0,0.0,0.0,0.0,success,sinkhorn,0.1,100000
1D-exp-vs-gaussian-32p,32,32,0.8821265631946438,11,4.361027195607012e-17,,seconds,0.0,0.0025716349482536,megabytes,0.0,0.0,0.0,0.0,0.0,0.0,0.0,0.0,success,sinkhorn,0.1,100000
1D-exp-vs-gaussian-32p,32,32,0.933288087673475,11,3.222105849667643e-17,,seconds,0.0,0.0025321375578641,megabytes,0.0,0.0,0.0,0.0,0.0,0.0,0.0,0.0,success,sinkhorn,0.1,100000
1D-exp-vs-gaussian-32p,32,32,0.3383097334172739,11,6.456458074408931e-17,,seconds,0.0,0.0025197546929121,megabytes,0.0,0.0,0.0,0.0,0.0,0.0,0.0,0.0,success,sinkhorn,0.1,100000
1D-exp-vs-gaussian-32p,32,32,0.2118551179018521,11,9.126213422693548e-17,,seconds,0.0,0.0025861505419015,megabytes,0.0,0.0,0.0,0.0,0.0,0.0,0.0,0.0,success,sinkhorn,0.1,100000
1D-exp-vs-gaussian-32p,32,32,0.0759115748875799,11,7.489552048098397e-12,,seconds,0.0,0.0025868378579616,megabytes,0.0,0.0,0.0,0.0,0.0,0.0,0.0,0.0,success,sinkhorn,0.1,100000
1D-exp-vs-gaussian-32p,32,32,0.9872293691976568,11,1.241751881493816e-16,,seconds,0.0,0.0025222226977348,megabytes,0.0,0.0,0.0,0.0,0.0,0.0,0.0,0.0,success,sinkhorn,0.1,100000
1D-exp-vs-gaussian-32p,32,32,0.0274773131564685,11,7.815810048697281e-16,,seconds,0.0,0.0024159159511327,megabytes,0.0,0.0,0.0,0.0,0.0,0.0,0.0,0.0,success,sinkhorn,0.1,100000
1D-exp-vs-gaussian-64p,64,64,0.6499537957774743,11,7.97406927610739e-17,,seconds,0.0,0.0025033373385667,megabytes,0.0,0.0,0.0,0.0,0.0,0.0,0.0,0.0,success,sinkhorn,0.1,100000
1D-exp-vs-gaussian-64p,64,64,0.9849883622294672,11,6.24561859141167e-17,,seconds,0.0,0.0025277733802795,megabytes,0.0,0.0,0.0,0.0,0.0,0.0,0.0,0.0,success,sinkhorn,0.1,100000
1D-exp-vs-gaussian-64p,64,64,0.0765025694607077,11,5.657278929772817e-12,,seconds,0.0,0.0024073980748653,megabytes,0.0,0.0,0.0,0.0,0.0,0.0,0.0,0.0,success,sinkhorn,0.1,100000
1D-exp-vs-gaussian-64p,64,64,0.8916378268349208,11,1.6621303949002211e-13,,seconds,0.0,0.0025029405951499,megabytes,0.0,0.0,0.0,0.0,0.0,0.0,0.0,0.0,success,sinkhorn,0.1,100000
1D-exp-vs-gaussian-64p,64,64,0.0596585852671587,11,9.04443285960919e-12,,seconds,0.0,0.0028406661003828,megabytes,0.0,0.0,0.0,0.0,0.0,0.0,0.0,0.0,success,sinkhorn,0.1,100000
1D-exp-vs-gaussian-64p,64,64,0.1870263492764955,11,5.15449485312315e-17,,seconds,0.0,0.0025852359831333,megabytes,0.0,0.0,0.0,0.0,0.0,0.0,0.0,0.0,success,sinkhorn,0.1,100000
1D-exp-vs-gaussian-64p,64,64,0.1227406634568301,11,4.388708600863861e-12,,seconds,0.0,0.0025708377361297,megabytes,0.0,0.0,0.0,0.0,0.0,0.0,0.0,0.0,success,sinkhorn,0.1,100000
1D-exp-vs-gaussian-64p,64,64,1.0222222557652207,11,1.7579154305079523e-14,,seconds,0.0,0.0029156450182199,megabytes,0.0,0.0,0.0,0.0,0.0,0.0,0.0,0.0,success,sinkhorn,0.1,100000
1D-exp-vs-gaussian-64p,64,64,0.2036230502659463,11,8.813450050984967e-17,,seconds,0.0,0.002516895532608,megabytes,0.0,0.0,0.0,0.0,0.0,0.0,0.0,0.0,success,sinkhorn,0.1,100000
1D-exp-vs-gaussian-64p,64,64,0.9310053266954136,11,3.4975226107056204e-17,,seconds,0.0,0.002524759620428,megabytes,0.0,0.0,0.0,0.0,0.0,0.0,0.0,0.0,success,sinkhorn,0.1,100000
1D-exp-vs-gaussian-64p,64,64,0.0412849020081357,11,1.0112932015259936e-15,,seconds,0.0,0.0025856904685497,megabytes,0.0,0.0,0.0,0.0,0.0,0.0,0.0,0.0,success,sinkhorn,0.1,100000
1D-exp-vs-gaussian-64p,64,64,0.5084329093521953,11,5.654093866787156e-17,,seconds,0.0,0.0026033446192741,megabytes,0.0,0.0,0.0,0.0,0.0,0.0,0.0,0.0,success,sinkhorn,0.1,100000
1D-exp-vs-gaussian-64p,64,64,0.0741433560110265,11,6.359638855848975e-17,,seconds,0.0,0.0025148876011371,megabytes,0.0,0.0,0.0,0.0,0.0,0.0,0.0,0.0,success,sinkhorn,0.1,100000
1D-exp-vs-gaussian-64p,64,64,0.3706073908399291,11,7.53759947597548e-17,,seconds,0.0,0.0028258059173822,megabytes,0.0,0.0,0.0,0.0,0.0,0.0,0.0,0.0,success,sinkhorn,0.1,100000
1D-exp-vs-gaussian-64p,64,64,0.8313295279442734,11,6.209365820930815e-17,,seconds,0.0,0.0025993064045906,megabytes,0.0,0.0,0.0,0.0,0.0,0.0,0.0,0.0,success,sinkhorn,0.1,100000
1D-exp-vs-gaussian-64p,64,64,0.0135784461433806,11,6.216327929602001e-17,,seconds,0.0,0.0026291795074939,megabytes,0.0,0.0,0.0,0.0,0.0,0.0,0.0,0.0,success,sinkhorn,0.1,100000
1D-exp-vs-gaussian-64p,64,64,0.1048613985793289,11,4.869649131798502e-17,,seconds,0.0,0.0026985462754964,megabytes,0.0,0.0,0.0,0.0,0.0,0.0,0.0,0.0,success,sinkhorn,0.1,100000
1D-exp-vs-gaussian-64p,64,64,0.4078159546355546,11,3.3684900143944266e-15,,seconds,0.0,0.0025868639349937,megabytes,0.0,0.0,0.0,0.0,0.0,0.0,0.0,0.0,success,sinkhorn,0.1,100000
1D-exp-vs-gaussian-64p,64,64,0.1207635356171187,11,6.757435361934682e-12,,seconds,0.0,0.0028383210301399,megabytes,0.0,0.0,0.0,0.0,0.0,0.0,0.0,0.0,success,sinkhorn,0.1,100000
1D-exp-vs-gaussian-64p,64,64,0.3190252262371726,11,4.940415102978635e-16,,seconds,0.0,0.0025340188294649,megabytes,0.0,0.0,0.0,0.0,0.0,0.0,0.0,0.0,success,sinkhorn,0.1,100000
1D-exp-vs-gaussian-64p,64,64,0.5890236160354807,11,5.551792710714227e-17,,seconds,0.0,0.0027073472738265,megabytes,0.0,0.0,0.0,0.0,0.0,0.0,0.0,0.0,success,sinkhorn,0.1,100000
1D-exp-vs-gaussian-64p,64,64,0.1956187408908331,11,6.976377805127806e-17,,seconds,0.0,0.002640314400196,megabytes,0.0,0.0,0.0,0.0,0.0,0.0,0.0,0.0,success,sinkhorn,0.1,100000
1D-exp-vs-gaussian-64p,64,64,0.0276097904875006,11,6.22874440610411e-16,,seconds,0.0,0.0025784205645322,megabytes,0.0,0.0,0.0,0.0,0.0,0.0,0.0,0.0,success,sinkhorn,0.1,100000
1D-exp-vs-gaussian-64p,64,64,0.2304762031538268,11,2.642252078890985e-17,,seconds,0.0,0.0025405399501323,megabytes,0.0,0.0,0.0,0.0,0.0,0.0,0.0,0.0,success,sinkhorn,0.1,100000
1D-exp-vs-gaussian-64p,64,64,0.0575758336675659,11,5.732467354679925e-17,,seconds,0.0,0.0026121232658624,megabytes,0.0,0.0,0.0,0.0,0.0,0.0,0.0,0.0,success,sinkhorn,0.1,100000
1D-exp-vs-gaussian-64p,64,64,0.0646292807267653,11,4.6547515373386365e-17,,seconds,0.0,0.0027059633284807,megabytes,0.0,0.0,0.0,0.0,0.0,0.0,0.0,0.0,success,sinkhorn,0.1,100000
1D-exp-vs-gaussian-64p,64,64,0.0312845339035455,11,4.397981298741496e-15,,seconds,0.0,0.0025991480797529,megabytes,0.0,0.0,0.0,0.0,0.0,0.0,0.0,0.0,success,sinkhorn,0.1,100000
1D-exp-vs-gaussian-64p,64,64,0.4815084884581441,11,2.0815778190303182e-16,,seconds,0.0,0.00254962220788,megabytes,0.0,0.0,0.0,0.0,0.0,0.0,0.0,0.0,success,sinkhorn,0.1,100000
1D-exp-vs-gaussian-64p,64,64,1.0062215784931787,11,1.5702841086641878e-16,,seconds,0.0,0.0025383569300174,megabytes,0.0,0.0,0.0,0.0,0.0,0.0,0.0,0.0,success,sinkhorn,0.1,100000
1D-exp-vs-gaussian-64p,64,64,0.043852116314932,11,3.962028408570023e-17,,seconds,0.0,0.0025498624891042,megabytes,0.0,0.0,0.0,0.0,0.0,0.0,0.0,0.0,success,sinkhorn,0.1,100000
1D-exp-vs-gaussian-64p,64,64,0.4407409847133186,11,2.754935319323261e-16,,seconds,0.0,0.0025477744638919,megabytes,0.0,0.0,0.0,0.0,0.0,0.0,0.0,0.0,success,sinkhorn,0.1,100000
1D-exp-vs-gaussian-128p,128,128,0.0575389028660934,11,4.163351342074503e-17,,seconds,0.0,0.0026228800415992,megabytes,0.0,0.0,0.0,0.0,0.0,0.0,0.0,0.0,success,sinkhorn,0.1,100000
1D-exp-vs-gaussian-128p,128,128,0.6703466585741585,11,4.4576435874748145e-17,,seconds,0.0,0.0025791991502046,megabytes,0.0,0.0,0.0,0.0,0.0,0.0,0.0,0.0,success,sinkhorn,0.1,100000
1D-exp-vs-gaussian-128p,128,128,0.588552115805646,11,5.2056188292256056e-17,,seconds,0.0,0.00262669660151,megabytes,0.0,0.0,0.0,0.0,0.0,0.0,0.0,0.0,success,sinkhorn,0.1,100000
1D-exp-vs-gaussian-128p,128,128,0.043744695233247,11,4.282049643375482e-17,,seconds,0.0,0.0025438535958528,megabytes,0.0,0.0,0.0,0.0,0.0,0.0,0.0,0.0,success,sinkhorn,0.1,100000
1D-exp-vs-gaussian-128p,128,128,0.0740941406628799,11,3.122804660513626e-17,,seconds,0.0,0.0024811625480651,megabytes,0.0,0.0,0.0,0.0,0.0,0.0,0.0,0.0,success,sinkhorn,0.1,100000
1D-exp-vs-gaussian-128p,128,128,0.0276434178819978,11,4.3417000201710734e-16,,seconds,0.0,0.0027194563299417,megabytes,0.0,0.0,0.0,0.0,0.0,0.0,0.0,0.0,success,sinkhorn,0.1,100000
1D-exp-vs-gaussian-128p,128,128,0.2085874222762257,11,6.323056500447641e-17,,seconds,0.0,0.0025053434073925,megabytes,0.0,0.0,0.0,0.0,0.0,0.0,0.0,0.0,success,sinkhorn,0.1,100000
1D-exp-vs-gaussian-128p,128,128,0.4074866473158743,11,2.4412603273370936e-15,,seconds,0.0,0.0026986505836248,megabytes,0.0,0.0,0.0,0.0,0.0,0.0,0.0,0.0,success,sinkhorn,0.1,100000
1D-exp-vs-gaussian-128p,128,128,0.0984660022998356,11,4.235291373692878e-17,,seconds,0.0,0.0026227533817291,megabytes,0.0,0.0,0.0,0.0,0.0,0.0,0.0,0.0,success,sinkhorn,0.1,100000
1D-exp-vs-gaussian-128p,128,128,0.1118925897094244,11,4.0217807452722055e-12,,seconds,0.0,0.0025543048977851,megabytes,0.0,0.0,0.0,0.0,0.0,0.0,0.0,0.0,success,sinkhorn,0.1,100000
1D-exp-vs-gaussian-128p,128,128,0.0313334600515936,11,3.1237130306664505e-15,,seconds,0.0,0.0026494301855564,megabytes,0.0,0.0,0.0,0.0,0.0,0.0,0.0,0.0,success,sinkhorn,0.1,100000
1D-exp-vs-gaussian-128p,128,128,0.9844579200470788,11,3.2673183953247784e-17,,seconds,0.0,0.0027892682701349,megabytes,0.0,0.0,0.0,0.0,0.0,0.0,0.0,0.0,success,sinkhorn,0.1,100000
1D-exp-vs-gaussian-128p,128,128,0.1226483497008647,11,3.1448959228060308e-12,,seconds,0.0,0.0025273468345403,megabytes,0.0,0.0,0.0,0.0,0.0,0.0,0.0,0.0,success,sinkhorn,0.1,100000
1D-exp-vs-gaussian-128p,128,128,1.0217460146131525,11,1.2850044736869816e-14,,seconds,0.0,0.0025697145611047,megabytes,0.0,0.0,0.0,0.0,0.0,0.0,0.0,0.0,success,sinkhorn,0.1,100000
1D-exp-vs-gaussian-128p,128,128,0.2005392070464159,11,4.228421050758246e-17,,seconds,0.0,0.0026551280170679,megabytes,0.0,0.0,0.0,0.0,0.0,0.0,0.0,0.0,success,sinkhorn,0.1,100000
1D-exp-vs-gaussian-128p,128,128,0.500887731334237,11,1.3071539957408399e-16,,seconds,0.0,0.0025545880198478,megabytes,0.0,0.0,0.0,0.0,0.0,0.0,0.0,0.0,success,sinkhorn,0.1,100000
1D-exp-vs-gaussian-128p,128,128,0.903631045729905,11,5.4079847862635955e-17,,seconds,0.0,0.0025185253471136,megabytes,0.0,0.0,0.0,0.0,0.0,0.0,0.0,0.0,success,sinkhorn,0.1,100000
1D-exp-vs-gaussian-128p,128,128,0.0557979527259418,11,7.0645374368357096e-12,,seconds,0.0,0.0024921260774135,megabytes,0.0,0.0,0.0,0.0,0.0,0.0,0.0,0.0,success,sinkhorn,0.1,100000
1D-exp-vs-gaussian-128p,128,128,0.0134506290117908,11,4.5537863844937314e-17,,seconds,0.0,0.0027827844023704,megabytes,0.0,0.0,0.0,0.0,0.0,0.0,0.0,0.0,success,sinkhorn,0.1,100000
1D-exp-vs-gaussian-128p,128,128,1.0058686700556507,11,1.1590237858689947e-16,,seconds,0.0,0.0026222374290227,megabytes,0.0,0.0,0.0,0.0,0.0,0.0,0.0,0.0,success,sinkhorn,0.1,100000
1D-exp-vs-gaussian-128p,128,128,0.3702664082009247,11,4.4776902691530837e-17,,seconds,0.0,0.0025788098573684,megabytes,0.0,0.0,0.0,0.0,0.0,0.0,0.0,0.0,success,sinkhorn,0.1,100000
1D-exp-vs-gaussian-128p,128,128,0.2030045068901068,11,3.5056675934507404e-17,,seconds,0.0,0.0025855805724859,megabytes,0.0,0.0,0.0,0.0,0.0,0.0,0.0,0.0,success,sinkhorn,0.1,100000
1D-exp-vs-gaussian-128p,128,128,0.8553900133605769,11,4.226178714804853e-17,,seconds,0.0,0.0025488436222076,megabytes,0.0,0.0,0.0,0.0,0.0,0.0,0.0,0.0,success,sinkhorn,0.1,100000
1D-exp-vs-gaussian-128p,128,128,0.0690198299111187,11,4.235947025382003e-17,,seconds,0.0,0.002466794103384,megabytes,0.0,0.0,0.0,0.0,0.0,0.0,0.0,0.0,success,sinkhorn,0.1,100000
1D-exp-vs-gaussian-128p,128,128,0.8912547466311662,11,1.197468285445516e-13,,seconds,0.0,0.0027156192809343,megabytes,0.0,0.0,0.0,0.0,0.0,0.0,0.0,0.0,success,sinkhorn,0.1,100000
1D-exp-vs-gaussian-128p,128,128,0.041296787310429,11,7.066628486355763e-16,,seconds,0.0,0.0028501749038696,megabytes,0.0,0.0,0.0,0.0,0.0,0.0,0.0,0.0,success,sinkhorn,0.1,100000
1D-exp-vs-gaussian-128p,128,128,0.3186849135795869,11,3.537270360689984e-16,,seconds,0.0,0.0026626102626323,megabytes,0.0,0.0,0.0,0.0,0.0,0.0,0.0,0.0,success,sinkhorn,0.1,100000
1D-exp-vs-gaussian-128p,128,128,0.5074635302660548,11,5.003290216416306e-17,,seconds,0.0,0.0026775915175676,megabytes,0.0,0.0,0.0,0.0,0.0,0.0,0.0,0.0,success,sinkhorn,0.1,100000
1D-exp-vs-gaussian-128p,128,128,0.2302378385628646,11,5.099395161546378e-17,,seconds,0.0,0.0026645306497812,megabytes,0.0,0.0,0.0,0.0,0.0,0.0,0.0,0.0,success,sinkhorn,0.1,100000
1D-exp-vs-gaussian-128p,128,128,0.0703976661369462,11,3.0746174419180757e-12,,seconds,0.0,0.0025506950914859,megabytes,0.0,0.0,0.0,0.0,0.0,0.0,0.0,0.0,success,sinkhorn,0.1,100000
1D-exp-vs-gaussian-128p,128,128,0.4403538310316295,11,2.1352959232995962e-16,,seconds,0.0,0.0025877747684717,megabytes,0.0,0.0,0.0,0.0,0.0,0.0,0.0,0.0,success,sinkhorn,0.1,100000
1D-exp-vs-gaussian-256p,256,256,0.6598494347873356,11,3.580776267931313e-17,,seconds,0.0,0.0025682114064693,megabytes,0.0,0.0,0.0,0.0,0.0,0.0,0.0,0.0,success,sinkhorn,0.1,100000
1D-exp-vs-gaussian-256p,256,256,0.9039006751122096,11,7.703346324363641e-14,,seconds,0.0,0.0027208980172872,megabytes,0.0,0.0,0.0,0.0,0.0,0.0,0.0,0.0,success,sinkhorn,0.1,100000
1D-exp-vs-gaussian-256p,256,256,0.0555044139104752,11,2.4057602712130466e-17,,seconds,0.0,0.0026759225875139,megabytes,0.0,0.0,0.0,0.0,0.0,0.0,0.0,0.0,success,sinkhorn,0.1,100000
1D-exp-vs-gaussian-256p,256,256,1.0057804458222128,11,9.858969361996887e-17,,seconds,0.0,0.0027352999895811,megabytes,0.0,0.0,0.0,0.0,0.0,0.0,0.0,0.0,success,sinkhorn,0.1,100000
1D-exp-vs-gaussian-256p,256,256,0.0276518565698974,11,3.1513219737955154e-16,,seconds,0.0,0.0027713775634765,megabytes,0.0,0.0,0.0,0.0,0.0,0.0,0.0,0.0,success,sinkhorn,0.1,100000
1D-exp-vs-gaussian-256p,256,256,0.4402570446241784,11,1.4985666563854022e-16,,seconds,0.0,0.0026582479476928,megabytes,0.0,0.0,0.0,0.0,0.0,0.0,0.0,0.0,success,sinkhorn,0.1,100000
1D-exp-vs-gaussian-256p,256,256,0.8552923471356197,11,2.5160971244914546e-17,,seconds,0.0,0.0025194268673658,megabytes,0.0,0.0,0.0,0.0,0.0,0.0,0.0,0.0,success,sinkhorn,0.1,100000
1D-exp-vs-gaussian-256p,256,256,0.0412230022487775,11,5.458751349359953e-17,,seconds,0.0,0.0025977529585361,megabytes,0.0,0.0,0.0,0.0,0.0,0.0,0.0,0.0,success,sinkhorn,0.1,100000
1D-exp-vs-gaussian-256p,256,256,0.588434234351664,11,4.128921918043975e-17,,seconds,0.0,0.0026131402701139,megabytes,0.0,0.0,0.0,0.0,0.0,0.0,0.0,0.0,success,sinkhorn,0.1,100000
1D-exp-vs-gaussian-256p,256,256,0.0735071690773156,11,2.515387184016408e-12,,seconds,0.0,0.0024652555584907,megabytes,0.0,0.0,0.0,0.0,0.0,0.0,0.0,0.0,success,sinkhorn,0.1,100000
1D-exp-vs-gaussian-256p,256,256,0.9034959966645532,11,3.413016088287388e-17,,seconds,0.0,0.0027367733418941,megabytes,0.0,0.0,0.0,0.0,0.0,0.0,0.0,0.0,success,sinkhorn,0.1,100000
1D-exp-vs-gaussian-256p,256,256,0.0134189681436665,11,5.678325288370473e-17,,seconds,0.0,0.0025712326169013,megabytes,0.0,0.0,0.0,0.0,0.0,0.0,0.0,0.0,success,sinkhorn,0.1,100000
1D-exp-vs-gaussian-256p,256,256,0.0667613601746626,11,1.7738554840462904e-17,,seconds,0.0,0.0025297366082668,megabytes,0.0,0.0,0.0,0.0,0.0,0.0,0.0,0.0,success,sinkhorn,0.1,100000
1D-exp-vs-gaussian-256p,256,256,0.0557918916929783,11,5.0096693447416205e-12,,seconds,0.0,0.0025878865271806,megabytes,0.0,0.0,0.0,0.0,0.0,0.0,0.0,0.0,success,sinkhorn,0.1,100000
1D-exp-vs-gaussian-256p,256,256,0.9973367516169296,11,2.833343258326347e-17,,seconds,0.0,0.0026605706661939,megabytes,0.0,0.0,0.0,0.0,0.0,0.0,0.0,0.0,success,sinkhorn,0.1,100000
1D-exp-vs-gaussian-256p,256,256,0.4074043285578087,11,1.7371678968048717e-15,,seconds,0.0,0.0026662722229957,megabytes,0.0,0.0,0.0,0.0,0.0,0.0,0.0,0.0,success,sinkhorn,0.1,100000
1D-exp-vs-gaussian-256p,256,256,0.2301782666306175,11,2.767547248804227e-17,,seconds,0.0,0.0026113931089639,megabytes,0.0,0.0,0.0,0.0,0.0,0.0,0.0,0.0,success,sinkhorn,0.1,100000
1D-exp-vs-gaussian-256p,256,256,0.1164379363696211,11,3.144140436983732e-12,,seconds,0.0,0.0027181934565305,megabytes,0.0,0.0,0.0,0.0,0.0,0.0,0.0,0.0,success,sinkhorn,0.1,100000
1D-exp-vs-gaussian-256p,256,256,0.2083465047853001,11,4.2808301202409165e-17,,seconds,0.0,0.0025585386902093,megabytes,0.0,0.0,0.0,0.0,0.0,0.0,0.0,0.0,success,sinkhorn,0.1,100000
1D-exp-vs-gaussian-256p,256,256,0.3185998440960097,11,2.82362799781512e-16,,seconds,0.0,0.0025881920009851,megabytes,0.0,0.0,0.0,0.0,0.0,0.0,0.0,0.0,success,sinkhorn,0.1,100000
1D-exp-vs-gaussian-256p,256,256,0.370181171496911,11,3.1739051162264625e-17,,seconds,0.0,0.0029315259307622,megabytes,0.0,0.0,0.0,0.0,0.0,0.0,0.0,0.0,success,sinkhorn,0.1,100000
1D-exp-vs-gaussian-256p,256,256,0.1187594349147163,11,2.3978878075152177e-12,,seconds,0.0,0.002522425726056,megabytes,0.0,0.0,0.0,0.0,0.0,0.0,0.0,0.0,success,sinkhorn,0.1,100000
1D-exp-vs-gaussian-256p,256,256,0.0740818618576276,11,2.545176605816016e-17,,seconds,0.0,0.0025776326656341,megabytes,0.0,0.0,0.0,0.0,0.0,0.0,0.0,0.0,success,sinkhorn,0.1,100000
1D-exp-vs-gaussian-256p,256,256,1.02162694943362,11,9.170432735187347e-15,,seconds,0.0,0.0025756396353244,megabytes,0.0,0.0,0.0,0.0,0.0,0.0,0.0,0.0,success,sinkhorn,0.1,100000
1D-exp-vs-gaussian-256p,256,256,0.2028497512580014,11,3.113233495846845e-17,,seconds,0.0,0.0026021674275398,megabytes,0.0,0.0,0.0,0.0,0.0,0.0,0.0,0.0,success,sinkhorn,0.1,100000
1D-exp-vs-gaussian-256p,256,256,0.0412997863206926,11,5.033106582318466e-16,,seconds,0.0,0.0026060976088047,megabytes,0.0,0.0,0.0,0.0,0.0,0.0,0.0,0.0,success,sinkhorn,0.1,100000
1D-exp-vs-gaussian-256p,256,256,0.194043309185789,11,4.75714137710611e-17,,seconds,0.0,0.0026984196156263,megabytes,0.0,0.0,0.0,0.0,0.0,0.0,0.0,0.0,success,sinkhorn,0.1,100000
1D-exp-vs-gaussian-256p,256,256,0.1015723002468079,11,2.210212658347896e-17,,seconds,0.0,0.0025481078773736,megabytes,0.0,0.0,0.0,0.0,0.0,0.0,0.0,0.0,success,sinkhorn,0.1,100000
1D-exp-vs-gaussian-256p,256,256,0.5007814790212335,11,1.0635852004549574e-16,,seconds,0.0,0.002608947455883,megabytes,0.0,0.0,0.0,0.0,0.0,0.0,0.0,0.0,success,sinkhorn,0.1,100000
1D-exp-vs-gaussian-256p,256,256,0.4962751262859248,11,2.0144613996037425e-17,,seconds,0.0,0.0025776103138923,megabytes,0.0,0.0,0.0,0.0,0.0,0.0,0.0,0.0,success,sinkhorn,0.1,100000
1D-exp-vs-gaussian-256p,256,256,0.0313457325385657,11,2.2215623380723558e-15,,seconds,0.0,0.002735236659646,megabytes,0.0,0.0,0.0,0.0,0.0,0.0,0.0,0.0,success,sinkhorn,0.1,100000
1D-exp-vs-gaussian-512p,512,512,0.3147325429992728,11,2.0336575260835755e-16,,seconds,0.0,0.0028635282069444,megabytes,0.0,0.0,0.0,0.0,0.0,0.0,0.0,0.0,success,sinkhorn,0.1,100000
1D-exp-vs-gaussian-512p,512,512,0.8552679306922399,11,1.9192089465559562e-17,,seconds,0.0,0.0027294307947158,megabytes,0.0,0.0,0.0,0.0,0.0,0.0,0.0,0.0,success,sinkhorn,0.1,100000
1D-exp-vs-gaussian-512p,512,512,0.2332389201601636,11,1.8291391910413432e-17,,seconds,0.0,0.0026665553450584,megabytes,0.0,0.0,0.0,0.0,0.0,0.0,0.0,0.0,success,sinkhorn,0.1,100000
1D-exp-vs-gaussian-512p,512,512,0.6598264574486952,11,1.9489674803442853e-17,,seconds,0.0,0.0026180986315011,megabytes,0.0,0.0,0.0,0.0,0.0,0.0,0.0,0.0,success,sinkhorn,0.1,100000
1D-exp-vs-gaussian-512p,512,512,0.0276539682331306,11,2.2066401675081324e-16,,seconds,0.0,0.0027518030256032,megabytes,0.0,0.0,0.0,0.0,0.0,0.0,0.0,0.0,success,sinkhorn,0.1,100000
1D-exp-vs-gaussian-512p,512,512,0.9907925589488203,11,2.055717094146848e-17,,seconds,0.0,0.0026080012321472,megabytes,0.0,0.0,0.0,0.0,0.0,0.0,0.0,0.0,success,sinkhorn,0.1,100000
1D-exp-vs-gaussian-512p,512,512,0.2028110548679222,11,2.5899393682234267e-17,,seconds,0.0,0.0026359092444181,megabytes,0.0,0.0,0.0,0.0,0.0,0.0,0.0,0.0,success,sinkhorn,0.1,100000
1D-exp-vs-gaussian-512p,512,512,0.4957748707628598,11,7.909017048479907e-17,,seconds,0.0,0.0026326887309551,megabytes,0.0,0.0,0.0,0.0,0.0,0.0,0.0,0.0,success,sinkhorn,0.1,100000
1D-exp-vs-gaussian-512p,512,512,0.4402328481493402,11,1.0722885555160585e-16,,seconds,0.0,0.0028830990195274,megabytes,0.0,0.0,0.0,0.0,0.0,0.0,0.0,0.0,success,sinkhorn,0.1,100000
1D-exp-vs-gaussian-512p,512,512,0.1973584643733626,11,1.8301669323911757e-17,,seconds,0.0,0.0027658194303512,megabytes,0.0,0.0,0.0,0.0,0.0,0.0,0.0,0.0,success,sinkhorn,0.1,100000
1D-exp-vs-gaussian-512p,512,512,0.031348803221741,11,1.560865450169601e-15,,seconds,0.0,0.0027447324246168,megabytes,0.0,0.0,0.0,0.0,0.0,0.0,0.0,0.0,success,sinkhorn,0.1,100000
1D-exp-vs-gaussian-512p,512,512,0.0678740461922815,11,2.0232985896600572e-17,,seconds,0.0,0.0025852415710687,megabytes,0.0,0.0,0.0,0.0,0.0,0.0,0.0,0.0,success,sinkhorn,0.1,100000
1D-exp-vs-gaussian-512p,512,512,0.2082862310234667,11,3.1335806132105543e-17,,seconds,0.0,0.0026122573763132,megabytes,0.0,0.0,0.0,0.0,0.0,0.0,0.0,0.0,success,sinkhorn,0.1,100000
1D-exp-vs-gaussian-512p,512,512,0.9101412153129024,11,2.1431639501629122e-17,,seconds,0.0,0.0026369281113147,megabytes,0.0,0.0,0.0,0.0,0.0,0.0,0.0,0.0,success,sinkhorn,0.1,100000
1D-exp-vs-gaussian-512p,512,512,0.0412167794669677,11,2.1745124395542556e-17,,seconds,0.0,0.0026049017906188,megabytes,0.0,0.0,0.0,0.0,0.0,0.0,0.0,0.0,success,sinkhorn,0.1,100000
1D-exp-vs-gaussian-512p,512,512,0.0134110714658278,11,3.1229005469318866e-17,,seconds,0.0,0.0025579370558261,megabytes,0.0,0.0,0.0,0.0,0.0,0.0,0.0,0.0,success,sinkhorn,0.1,100000
1D-exp-vs-gaussian-512p,512,512,0.5941269024255569,11,2.51667984420858e-17,,seconds,0.0,0.0025458950549364,megabytes,0.0,0.0,0.0,0.0,0.0,0.0,0.0,0.0,success,sinkhorn,0.1,100000
1D-exp-vs-gaussian-512p,512,512,0.1187538877065458,11,1.6969632250417396e-12,,seconds,0.0,0.002641936764121,megabytes,0.0,0.0,0.0,0.0,0.0,0.0,0.0,0.0,success,sinkhorn,0.1,100000
1D-exp-vs-gaussian-512p,512,512,0.3658803784026608,11,2.928635581409628e-17,,seconds,0.0,0.0026793405413627,megabytes,0.0,0.0,0.0,0.0,0.0,0.0,0.0,0.0,success,sinkhorn,0.1,100000
1D-exp-vs-gaussian-512p,512,512,0.999459259492952,11,7.374710979463847e-17,,seconds,0.0,0.0025843288749456,megabytes,0.0,0.0,0.0,0.0,0.0,0.0,0.0,0.0,success,sinkhorn,0.1,100000
1D-exp-vs-gaussian-512p,512,512,0.0557903780550158,11,3.544904089582972e-12,,seconds,0.0,0.0027012098580598,megabytes,0.0,0.0,0.0,0.0,0.0,0.0,0.0,0.0,success,sinkhorn,0.1,100000
1D-exp-vs-gaussian-512p,512,512,1.0279816781733784,11,5.921566041776382e-15,,seconds,0.0,0.0026417169719934,megabytes,0.0,0.0,0.0,0.0,0.0,0.0,0.0,0.0,success,sinkhorn,0.1,100000
1D-exp-vs-gaussian-512p,512,512,0.4029069787899072,11,1.2676908987264844e-15,,seconds,0.0,0.0027471967041492,megabytes,0.0,0.0,0.0,0.0,0.0,0.0,0.0,0.0,success,sinkhorn,0.1,100000
1D-exp-vs-gaussian-512p,512,512,0.1164517522036021,11,2.225706005668368e-12,,seconds,0.0,0.002576570957899,megabytes,0.0,0.0,0.0,0.0,0.0,0.0,0.0,0.0,success,sinkhorn,0.1,100000
1D-exp-vs-gaussian-512p,512,512,0.0728085329733853,11,2.4034481318750214e-17,,seconds,0.0,0.002764493227005,megabytes,0.0,0.0,0.0,0.0,0.0,0.0,0.0,0.0,success,sinkhorn,0.1,100000
1D-exp-vs-gaussian-512p,512,512,0.4962151517329242,11,2.3879986524536536e-17,,seconds,0.0,0.0026699490845203,megabytes,0.0,0.0,0.0,0.0,0.0,0.0,0.0,0.0,success,sinkhorn,0.1,100000
1D-exp-vs-gaussian-512p,512,512,0.0413005378045966,11,3.556376161387917e-16,,seconds,0.0,0.0025992654263973,megabytes,0.0,0.0,0.0,0.0,0.0,0.0,0.0,0.0,success,sinkhorn,0.1,100000
1D-exp-vs-gaussian-512p,512,512,0.0555023314873382,11,1.865037117106247e-17,,seconds,0.0,0.0029721800237894,megabytes,0.0,0.0,0.0,0.0,0.0,0.0,0.0,0.0,success,sinkhorn,0.1,100000
1D-exp-vs-gaussian-512p,512,512,0.9038765254663714,11,5.4534855425680015e-14,,seconds,0.0,0.0026901364326477,megabytes,0.0,0.0,0.0,0.0,0.0,0.0,0.0,0.0,success,sinkhorn,0.1,100000
1D-exp-vs-gaussian-512p,512,512,0.1015678438629165,11,1.6827649556784307e-17,,seconds,0.0,0.0025686081498861,megabytes,0.0,0.0,0.0,0.0,0.0,0.0,0.0,0.0,success,sinkhorn,0.1,100000
1D-exp-vs-gaussian-512p,512,512,0.0719657074493414,11,1.6596683224151393e-12,,seconds,0.0,0.0030563026666641,megabytes,0.0,0.0,0.0,0.0,0.0,0.0,0.0,0.0,success,sinkhorn,0.1,100000
1D-exp-vs-gaussian-1024p,1024,1024,0.8552618265884548,11,1.4409419380267254e-17,,seconds,0.0,0.0026095211505889,megabytes,0.0,0.0,0.0,0.0,0.0,0.0,0.0,0.0,success,sinkhorn,0.1,100000
1D-exp-vs-gaussian-1024p,1024,1024,0.4962001569293047,11,1.3414349396823385e-17,,seconds,0.0,0.0026841145008802,megabytes,0.0,0.0,0.0,0.0,0.0,0.0,0.0,0.0,success,sinkhorn,0.1,100000
1D-exp-vs-gaussian-1024p,1024,1024,0.438089832761613,11,7.749763065407396e-17,,seconds,0.0,0.002591909840703,megabytes,0.0,0.0,0.0,0.0,0.0,0.0,0.0,0.0,success,sinkhorn,0.1,100000
1D-exp-vs-gaussian-1024p,1024,1024,0.3658750906494094,11,1.4460997372632528e-17,,seconds,0.0,0.0025580991059541,megabytes,0.0,0.0,0.0,0.0,0.0,0.0,0.0,0.0,success,sinkhorn,0.1,100000
1D-exp-vs-gaussian-1024p,1024,1024,0.0560004487032046,11,1.6794097150031612e-17,,seconds,0.0,0.0026169680058956,megabytes,0.0,0.0,0.0,0.0,0.0,0.0,0.0,0.0,success,sinkhorn,0.1,100000
1D-exp-vs-gaussian-1024p,1024,1024,0.4982555997281861,11,4.8517388516007646e-17,,seconds,0.0,0.00266794860363,megabytes,0.0,0.0,0.0,0.0,0.0,0.0,0.0,0.0,success,sinkhorn,0.1,100000
1D-exp-vs-gaussian-1024p,1024,1024,0.0719679426894042,11,1.1738772048813532e-12,,seconds,0.0,0.0026695672422647,megabytes,0.0,0.0,0.0,0.0,0.0,0.0,0.0,0.0,success,sinkhorn,0.1,100000
1D-exp-vs-gaussian-1024p,1024,1024,1.0279742096104725,11,4.193439980197743e-15,,seconds,0.0,0.0026431065052747,megabytes,0.0,0.0,0.0,0.0,0.0,0.0,0.0,0.0,success,sinkhorn,0.1,100000
1D-exp-vs-gaussian-1024p,1024,1024,0.3147272667904059,11,1.4589044133266092e-16,,seconds,0.0,0.0026888698339462,megabytes,0.0,0.0,0.0,0.0,0.0,0.0,0.0,0.0,success,sinkhorn,0.1,100000
1D-exp-vs-gaussian-1024p,1024,1024,0.2065091283390503,11,3.1556315600622657e-17,,seconds,0.0,0.0026641190052032,megabytes,0.0,0.0,0.0,0.0,0.0,0.0,0.0,0.0,success,sinkhorn,0.1,100000
1D-exp-vs-gaussian-1024p,1024,1024,0.0413007257837975,11,2.554844087932485e-16,,seconds,0.0,0.0026558898389339,megabytes,0.0,0.0,0.0,0.0,0.0,0.0,0.0,0.0,success,sinkhorn,0.1,100000
1D-exp-vs-gaussian-1024p,1024,1024,0.0728077941138799,11,1.351746764096912e-17,,seconds,0.0,0.0026387870311737,megabytes,0.0,0.0,0.0,0.0,0.0,0.0,0.0,0.0,success,sinkhorn,0.1,100000
1D-exp-vs-gaussian-1024p,1024,1024,0.990784238263926,11,1.6950002191282316e-17,,seconds,0.0,0.0026831924915313,megabytes,0.0,0.0,0.0,0.0,0.0,0.0,0.0,0.0,success,sinkhorn,0.1,100000
1D-exp-vs-gaussian-1024p,1024,1024,0.1164552063895495,11,1.574243010827013e-12,,seconds,0.0,0.0026378333568573,megabytes,0.0,0.0,0.0,0.0,0.0,0.0,0.0,0.0,success,sinkhorn,0.1,100000
1D-exp-vs-gaussian-1024p,1024,1024,0.2028013803028498,11,1.6474578900313422e-17,,seconds,0.0,0.0028805136680603,megabytes,0.0,0.0,0.0,0.0,0.0,0.0,0.0,0.0,success,sinkhorn,0.1,100000
1D-exp-vs-gaussian-1024p,1024,1024,0.1957174477354049,11,1.6672703572416124e-17,,seconds,0.0,0.0028834100812673,megabytes,0.0,0.0,0.0,0.0,0.0,0.0,0.0,0.0,success,sinkhorn,0.1,100000
1D-exp-vs-gaussian-1024p,1024,1024,0.5912550633668813,11,1.270495310737062e-17,,seconds,0.0,0.0026533845812082,megabytes,0.0,0.0,0.0,0.0,0.0,0.0,0.0,0.0,success,sinkhorn,0.1,100000
1D-exp-vs-gaussian-1024p,1024,1024,0.1197100834254008,11,1.1789527038877496e-12,,seconds,0.0,0.0024865884333848,megabytes,0.0,0.0,0.0,0.0,0.0,0.0,0.0,0.0,success,sinkhorn,0.1,100000
1D-exp-vs-gaussian-1024p,1024,1024,0.2332351621051678,11,1.3493309400339078e-17,,seconds,0.0,0.0026583280414342,megabytes,0.0,0.0,0.0,0.0,0.0,0.0,0.0,0.0,success,sinkhorn,0.1,100000
1D-exp-vs-gaussian-1024p,1024,1024,0.027654496273413,11,1.5624837335509172e-16,,seconds,0.0,0.0027581099420785,megabytes,0.0,0.0,0.0,0.0,0.0,0.0,0.0,0.0,success,sinkhorn,0.1,100000
1D-exp-vs-gaussian-1024p,1024,1024,0.0313845915995854,11,1.1125501193455843e-15,,seconds,0.0,0.0031372047960758,megabytes,0.0,0.0,0.0,0.0,0.0,0.0,0.0,0.0,success,sinkhorn,0.1,100000
1D-exp-vs-gaussian-1024p,1024,1024,0.9994537670913246,11,4.700525977628564e-17,,seconds,0.0,0.0025567263364791,megabytes,0.0,0.0,0.0,0.0,0.0,0.0,0.0,0.0,success,sinkhorn,0.1,100000
1D-exp-vs-gaussian-1024p,1024,1024,0.910132738374754,11,1.6349403903790766e-17,,seconds,0.0,0.0025747437030076,megabytes,0.0,0.0,0.0,0.0,0.0,0.0,0.0,0.0,success,sinkhorn,0.1,100000
1D-exp-vs-gaussian-1024p,1024,1024,0.0137761234249237,11,2.3009391641037024e-17,,seconds,0.0,0.0027246158570051,megabytes,0.0,0.0,0.0,0.0,0.0,0.0,0.0,0.0,success,sinkhorn,0.1,100000
1D-exp-vs-gaussian-1024p,1024,1024,0.4051372703876817,11,8.86009713109866e-16,,seconds,0.0,0.0027803815901279,megabytes,0.0,0.0,0.0,0.0,0.0,0.0,0.0,0.0,success,sinkhorn,0.1,100000
1D-exp-vs-gaussian-1024p,1024,1024,0.9006786576576989,11,3.9551033700446804e-14,,seconds,0.0,0.0026516839861869,megabytes,0.0,0.0,0.0,0.0,0.0,0.0,0.0,0.0,success,sinkhorn,0.1,100000
1D-exp-vs-gaussian-1024p,1024,1024,0.0412152240723267,11,1.65977214134772e-17,,seconds,0.0,0.0026099253445863,megabytes,0.0,0.0,0.0,0.0,0.0,0.0,0.0,0.0,success,sinkhorn,0.1,100000
1D-exp-vs-gaussian-1024p,1024,1024,0.0562454750952969,11,2.4809073438410626e-12,,seconds,0.0,0.0026413388550281,megabytes,0.0,0.0,0.0,0.0,0.0,0.0,0.0,0.0,success,sinkhorn,0.1,100000
1D-exp-vs-gaussian-1024p,1024,1024,0.0673136616198261,11,1.6181079127468638e-17,,seconds,0.0,0.0026341155171394,megabytes,0.0,0.0,0.0,0.0,0.0,0.0,0.0,0.0,success,sinkhorn,0.1,100000
1D-exp-vs-gaussian-1024p,1024,1024,0.1015667298406044,11,1.1001148369695889e-17,,seconds,0.0,0.0026493575423955,megabytes,0.0,0.0,0.0,0.0,0.0,0.0,0.0,0.0,success,sinkhorn,0.1,100000
1D-exp-vs-gaussian-1024p,1024,1024,0.6598207131293139,11,1.4500967434187183e-17,,seconds,0.0,0.0025966875255107,megabytes,0.0,0.0,0.0,0.0,0.0,0.0,0.0,0.0,success,sinkhorn,0.1,100000
1D-exp-vs-gaussian-2048p,2048,2048,0.9006771515485035,11,2.7966427981921308e-14,,seconds,0.0,0.0034101530909538,megabytes,0.0,0.0,0.0,0.0,0.0,0.0,0.0,0.0,success,sinkhorn,0.1,100000
1D-exp-vs-gaussian-2048p,2048,2048,0.1957191487250324,11,9.078828467194049e-18,,seconds,0.0,0.0033531002700328,megabytes,0.0,0.0,0.0,0.0,0.0,0.0,0.0,0.0,success,sinkhorn,0.1,100000
1D-exp-vs-gaussian-2048p,2048,2048,0.0728076094051492,11,1.1277321101997165e-17,,seconds,0.0,0.0032572168856859,megabytes,0.0,0.0,0.0,0.0,0.0,0.0,0.0,0.0,success,sinkhorn,0.1,100000
1D-exp-vs-gaussian-2048p,2048,2048,0.1197097333608299,11,8.336865791602788e-13,,seconds,0.0,0.0033830571919679,megabytes,0.0,0.0,0.0,0.0,0.0,0.0,0.0,0.0,success,sinkhorn,0.1,100000
1D-exp-vs-gaussian-2048p,2048,2048,0.9994523939916355,11,3.387966986278884e-17,,seconds,0.0,0.0032943785190582,megabytes,0.0,0.0,0.0,0.0,0.0,0.0,0.0,0.0,success,sinkhorn,0.1,100000
1D-exp-vs-gaussian-2048p,2048,2048,0.072353643170509,11,8.448927033444363e-13,,seconds,0.0,0.0034034047275781,megabytes,0.0,0.0,0.0,0.0,0.0,0.0,0.0,0.0,success,sinkhorn,0.1,100000
1D-exp-vs-gaussian-2048p,2048,2048,0.0411927182666568,11,1.8225837794648152e-16,,seconds,0.0,0.0032553113996982,megabytes,0.0,0.0,0.0,0.0,0.0,0.0,0.0,0.0,success,sinkhorn,0.1,100000
1D-exp-vs-gaussian-2048p,2048,2048,0.0276546282912635,11,1.0651932869585675e-16,,seconds,0.0,0.0031983330845832,megabytes,0.0,0.0,0.0,0.0,0.0,0.0,0.0,0.0,success,sinkhorn,0.1,100000
1D-exp-vs-gaussian-2048p,2048,2048,0.0673135093667833,11,1.2035704018501561e-17,,seconds,0.0,0.0032446272671222,megabytes,0.0,0.0,0.0,0.0,0.0,0.0,0.0,0.0,success,sinkhorn,0.1,100000
1D-exp-vs-gaussian-2048p,2048,2048,0.0560168247516483,11,1.763594066827925e-12,,seconds,0.0,0.0033526439219713,megabytes,0.0,0.0,0.0,0.0,0.0,0.0,0.0,0.0,success,sinkhorn,0.1,100000
1D-exp-vs-gaussian-2048p,2048,2048,0.2027989616323608,11,1.0840286227202584e-17,,seconds,0.0,0.0032107234001159,megabytes,0.0,0.0,0.0,0.0,0.0,0.0,0.0,0.0,success,sinkhorn,0.1,100000
1D-exp-vs-gaussian-2048p,2048,2048,1.02637540960568,11,3.0324778757743608e-15,,seconds,0.0,0.0033136699348688,megabytes,0.0,0.0,0.0,0.0,0.0,0.0,0.0,0.0,success,sinkhorn,0.1,100000
1D-exp-vs-gaussian-2048p,2048,2048,0.0415203123188644,11,1.0098261834960094e-17,,seconds,0.0,0.0033550597727298,megabytes,0.0,0.0,0.0,0.0,0.0,0.0,0.0,0.0,success,sinkhorn,0.1,100000
1D-exp-vs-gaussian-2048p,2048,2048,0.3669414038940117,11,9.823634502176436e-18,,seconds,0.0,0.0032899808138608,megabytes,0.0,0.0,0.0,0.0,0.0,0.0,0.0,0.0,success,sinkhorn,0.1,100000
1D-exp-vs-gaussian-2048p,2048,2048,0.0135911565673213,11,1.9398178693742985e-17,,seconds,0.0,0.0034455638378858,megabytes,0.0,0.0,0.0,0.0,0.0,0.0,0.0,0.0,success,sinkhorn,0.1,100000
1D-exp-vs-gaussian-2048p,2048,2048,0.0560003151815301,11,1.1886278331035562e-17,,seconds,0.0,0.0033193863928318,megabytes,0.0,0.0,0.0,0.0,0.0,0.0,0.0,0.0,success,sinkhorn,0.1,100000
1D-exp-vs-gaussian-2048p,2048,2048,0.661116882949911,11,1.133985346616267e-17,,seconds,0.3673255443572998,0.0033981259912252,megabytes,88270.0,88270.0,0.0,0.0,0.069382144,0.069382144,0.0,0.0,success,sinkhorn,0.1,100000
1D-exp-vs-gaussian-2048p,2048,2048,0.9084592095063582,11,1.2264515255774017e-17,,seconds,0.0,0.0032650046050548,megabytes,0.0,0.0,0.0,0.0,0.0,0.0,0.0,0.0,success,sinkhorn,0.1,100000
1D-exp-vs-gaussian-2048p,2048,2048,0.5926845832845709,11,1.177629967478712e-17,,seconds,0.0,0.0033323653042316,megabytes,0.0,0.0,0.0,0.0,0.0,0.0,0.0,0.0,success,sinkhorn,0.1,100000
1D-exp-vs-gaussian-2048p,2048,2048,0.3156855050988339,11,9.095923560087944e-17,,seconds,0.0,0.003245772793889,megabytes,0.0,0.0,0.0,0.0,0.0,0.0,0.0,0.0,success,sinkhorn,0.1,100000
1D-exp-vs-gaussian-2048p,2048,2048,0.4380883249251339,11,6.539869399072782e-17,,seconds,0.0,0.0033630579710006,megabytes,0.0,0.0,0.0,0.0,0.0,0.0,0.0,0.0,success,sinkhorn,0.1,100000
1D-exp-vs-gaussian-2048p,2048,2048,0.2065053776227393,11,1.3743952622902228e-17,,seconds,0.2342073917388916,0.003267079591751,megabytes,88270.0,88270.0,1.0,1.0,0.069574656,0.069574656,0.0,0.0,success,sinkhorn,0.1,100000
1D-exp-vs-gaussian-2048p,2048,2048,0.0313664276125064,11,7.85906507777701e-16,,seconds,0.0,0.0032274611294269,megabytes,0.0,0.0,0.0,0.0,0.0,0.0,0.0,0.0,success,sinkhorn,0.1,100000
1D-exp-vs-gaussian-2048p,2048,2048,0.2332342225960608,11,1.1669682044573203e-17,,seconds,0.0,0.003299156203866,megabytes,0.0,0.0,0.0,0.0,0.0,0.0,0.0,0.0,success,sinkhorn,0.1,100000
1D-exp-vs-gaussian-2048p,2048,2048,0.4970096126557334,11,3.9151989033302715e-17,,seconds,0.0,0.0031234081834554,megabytes,0.0,0.0,0.0,0.0,0.0,0.0,0.0,0.0,success,sinkhorn,0.1,100000
1D-exp-vs-gaussian-2048p,2048,2048,0.4961964081555554,11,1.9342831797574968e-17,,seconds,0.0,0.0034858882427215,megabytes,0.0,0.0,0.0,0.0,0.0,0.0,0.0,0.0,success,sinkhorn,0.1,100000
1D-exp-vs-gaussian-2048p,2048,2048,0.9924088807351216,11,1.163106905509476e-17,,seconds,0.0,0.0033390931785106,megabytes,0.0,0.0,0.0,0.0,0.0,0.0,0.0,0.0,success,sinkhorn,0.1,100000
1D-exp-vs-gaussian-2048p,2048,2048,0.1158882736414928,11,1.1000972625881478e-12,,seconds,0.0,0.0032433457672595,megabytes,0.0,0.0,0.0,0.0,0.0,0.0,0.0,0.0,success,sinkhorn,0.1,100000
1D-exp-vs-gaussian-2048p,2048,2048,0.1011720638929784,11,1.0179189375966861e-17,,seconds,0.0,0.0033731572329998,megabytes,0.0,0.0,0.0,0.0,0.0,0.0,0.0,0.0,success,sinkhorn,0.1,100000
1D-exp-vs-gaussian-2048p,2048,2048,0.4040175482956044,11,6.2395999884985755e-16,,seconds,0.0,0.0033517107367515,megabytes,0.0,0.0,0.0,0.0,0.0,0.0,0.0,0.0,success,sinkhorn,0.1,100000
1D-exp-vs-gaussian-2048p,2048,2048,0.8537250711801764,11,1.0009151993624737e-17,,seconds,0.0,0.0033860187977552,megabytes,0.0,0.0,0.0,0.0,0.0,0.0,0.0,0.0,success,sinkhorn,0.1,100000
1D-exp-vs-cauchy-32p,32,32,0.1425193813915187,11,3.419384161150318e-07,,seconds,0.0,0.0023889113217592,megabytes,0.0,0.0,0.0,0.0,0.0,0.0,0.0,0.0,success,sinkhorn,0.1,100000
1D-exp-vs-cauchy-32p,32,32,0.2159763704604263,21,1.157122680747499e-08,,seconds,0.0,0.0028941202908754,megabytes,0.0,0.0,0.0,0.0,0.0,0.0,0.0,0.0,success,sinkhorn,0.1,100000
1D-exp-vs-cauchy-32p,32,32,0.3562623412606379,31,3.5608524320251594e-09,,seconds,0.0,0.0032875016331672,megabytes,0.0,0.0,0.0,0.0,0.0,0.0,0.0,0.0,success,sinkhorn,0.1,100000
1D-exp-vs-cauchy-32p,32,32,0.4871016680624106,31,2.727351135866469e-07,,seconds,0.0,0.0031884033232927,megabytes,0.0,0.0,0.0,0.0,0.0,0.0,0.0,0.0,success,sinkhorn,0.1,100000
1D-exp-vs-cauchy-32p,32,32,0.0950031210320964,11,1.185965529537718e-14,,seconds,0.0,0.0024664029479026,megabytes,0.0,0.0,0.0,0.0,0.0,0.0,0.0,0.0,success,sinkhorn,0.1,100000
1D-exp-vs-cauchy-32p,32,32,0.2176244688431902,21,2.807280360892631e-09,,seconds,0.0,0.0027853194624185,megabytes,0.0,0.0,0.0,0.0,0.0,0.0,0.0,0.0,success,sinkhorn,0.1,100000
1D-exp-vs-cauchy-32p,32,32,0.7052817303115007,21,3.6751464462379826e-08,,seconds,0.0,0.0029641333967447,megabytes,0.0,0.0,0.0,0.0,0.0,0.0,0.0,0.0,success,sinkhorn,0.1,100000
1D-exp-vs-cauchy-32p,32,32,0.4183739203925508,31,3.3935619208076166e-08,,seconds,0.0,0.0031882114708423,megabytes,0.0,0.0,0.0,0.0,0.0,0.0,0.0,0.0,success,sinkhorn,0.1,100000
1D-exp-vs-cauchy-32p,32,32,0.7178864109370124,31,4.683820485615228e-07,,seconds,0.0,0.0032554026693105,megabytes,0.0,0.0,0.0,0.0,0.0,0.0,0.0,0.0,success,sinkhorn,0.1,100000
1D-exp-vs-cauchy-32p,32,32,0.6865088753101778,41,2.4077813371975305e-08,,seconds,0.0,0.003416346386075,megabytes,0.0,0.0,0.0,0.0,0.0,0.0,0.0,0.0,success,sinkhorn,0.1,100000
1D-exp-vs-cauchy-32p,32,32,0.4314508240560891,31,1.600407225745374e-07,,seconds,0.0,0.0033063739538192,megabytes,0.0,0.0,0.0,0.0,0.0,0.0,0.0,0.0,success,sinkhorn,0.1,100000
1D-exp-vs-cauchy-32p,32,32,0.297603911713396,21,3.257559658865068e-07,,seconds,0.0,0.0028416290879249,megabytes,0.0,0.0,0.0,0.0,0.0,0.0,0.0,0.0,success,sinkhorn,0.1,100000
1D-exp-vs-cauchy-32p,32,32,0.0380711658765219,11,6.562495823404841e-17,,seconds,0.0,0.0025387480854988,megabytes,0.0,0.0,0.0,0.0,0.0,0.0,0.0,0.0,success,sinkhorn,0.1,100000
1D-exp-vs-cauchy-32p,32,32,0.230843792440552,21,3.265111386498324e-08,,seconds,0.0,0.0028414912521839,megabytes,0.0,0.0,0.0,0.0,0.0,0.0,0.0,0.0,success,sinkhorn,0.1,100000
1D-exp-vs-cauchy-32p,32,32,0.354020525712268,31,1.2403109731679862e-08,,seconds,0.0,0.0032692942768335,megabytes,0.0,0.0,0.0,0.0,0.0,0.0,0.0,0.0,success,sinkhorn,0.1,100000
1D-exp-vs-cauchy-32p,32,32,0.158345028088081,21,3.714177826112254e-11,,seconds,0.0,0.0029563624411821,megabytes,0.0,0.0,0.0,0.0,0.0,0.0,0.0,0.0,success,sinkhorn,0.1,100000
1D-exp-vs-cauchy-32p,32,32,0.320237254111076,21,6.928480331477482e-07,,seconds,0.0,0.0028085391968488,megabytes,0.0,0.0,0.0,0.0,0.0,0.0,0.0,0.0,success,sinkhorn,0.1,100000
1D-exp-vs-cauchy-32p,32,32,0.1912753755425822,21,2.2119002872465044e-09,,seconds,0.0,0.0030351020395755,megabytes,0.0,0.0,0.0,0.0,0.0,0.0,0.0,0.0,success,sinkhorn,0.1,100000
1D-exp-vs-cauchy-32p,32,32,0.555388380357523,11,3.114355012274135e-07,,seconds,0.0,0.0028431564569473,megabytes,0.0,0.0,0.0,0.0,0.0,0.0,0.0,0.0,success,sinkhorn,0.1,100000
1D-exp-vs-cauchy-32p,32,32,0.1370071781190694,11,1.6408573525481024e-07,,seconds,0.0,0.0028502251952886,megabytes,0.0,0.0,0.0,0.0,0.0,0.0,0.0,0.0,success,sinkhorn,0.1,100000
1D-exp-vs-cauchy-32p,32,32,0.6217605698566052,41,1.683499478355136e-07,,seconds,0.0,0.0033764243125915,megabytes,0.0,0.0,0.0,0.0,0.0,0.0,0.0,0.0,success,sinkhorn,0.1,100000
1D-exp-vs-cauchy-32p,32,32,0.5425364576119969,41,3.5885369154231526e-08,,seconds,0.0,0.0034796353429555,megabytes,0.0,0.0,0.0,0.0,0.0,0.0,0.0,0.0,success,sinkhorn,0.1,100000
1D-exp-vs-cauchy-32p,32,32,0.5308632021587447,31,4.475546084219981e-07,,seconds,0.0,0.003149002790451,megabytes,0.0,0.0,0.0,0.0,0.0,0.0,0.0,0.0,success,sinkhorn,0.1,100000
1D-exp-vs-cauchy-32p,32,32,0.1705035499012523,21,7.255942170932145e-10,,seconds,0.0,0.0028551165014505,megabytes,0.0,0.0,0.0,0.0,0.0,0.0,0.0,0.0,success,sinkhorn,0.1,100000
1D-exp-vs-cauchy-32p,32,32,0.2193375458497426,21,5.7497623383799294e-09,,seconds,0.0,0.00305001065135,megabytes,0.0,0.0,0.0,0.0,0.0,0.0,0.0,0.0,success,sinkhorn,0.1,100000
1D-exp-vs-cauchy-32p,32,32,0.1361465559112896,11,6.49226570019475e-07,,seconds,0.0,0.0028040837496519,megabytes,0.0,0.0,0.0,0.0,0.0,0.0,0.0,0.0,success,sinkhorn,0.1,100000
1D-exp-vs-cauchy-32p,32,32,0.1998813080496297,21,1.1174110427233863e-09,,seconds,0.0,0.0028289593756198,megabytes,0.0,0.0,0.0,0.0,0.0,0.0,0.0,0.0,success,sinkhorn,0.1,100000
1D-exp-vs-cauchy-32p,32,32,0.6803980702447846,31,7.272292371538443e-08,,seconds,0.2198603153228759,0.0032524242997169,megabytes,88270.0,88270.0,0.0,0.0,0.069287936,0.069287936,0.0,0.0,success,sinkhorn,0.1,100000
1D-exp-vs-cauchy-32p,32,32,0.4895604728804597,31,1.0903131849504694e-07,,seconds,0.0,0.0031689498573541,megabytes,0.0,0.0,0.0,0.0,0.0,0.0,0.0,0.0,success,sinkhorn,0.1,100000
1D-exp-vs-cauchy-32p,32,32,0.2330556124792458,21,8.293844165670501e-10,,seconds,0.0,0.0028113555163145,megabytes,0.0,0.0,0.0,0.0,0.0,0.0,0.0,0.0,success,sinkhorn,0.1,100000
1D-exp-vs-cauchy-32p,32,32,0.1307800520984119,11,1.8251345917876887e-08,,seconds,0.0,0.0025852248072624,megabytes,0.0,0.0,0.0,0.0,0.0,0.0,0.0,0.0,success,sinkhorn,0.1,100000
1D-exp-vs-cauchy-64p,64,64,0.034828108972136,11,3.955970293441754e-17,,seconds,0.0,0.0026788841933012,megabytes,0.0,0.0,0.0,0.0,0.0,0.0,0.0,0.0,success,sinkhorn,0.1,100000
1D-exp-vs-cauchy-64p,64,64,0.2149086756745354,21,9.156567626806285e-09,,seconds,0.0,0.002853624522686,megabytes,0.0,0.0,0.0,0.0,0.0,0.0,0.0,0.0,success,sinkhorn,0.1,100000
1D-exp-vs-cauchy-64p,64,64,0.2180181725518765,21,4.404887558252197e-09,,seconds,0.0,0.0028803683817386,megabytes,0.0,0.0,0.0,0.0,0.0,0.0,0.0,0.0,success,sinkhorn,0.1,100000
1D-exp-vs-cauchy-64p,64,64,0.1299987282795664,11,1.7169352936735364e-08,,seconds,0.0,0.0026946384459733,megabytes,0.0,0.0,0.0,0.0,0.0,0.0,0.0,0.0,success,sinkhorn,0.1,100000
1D-exp-vs-cauchy-64p,64,64,0.5823569595455921,31,9.168894493104756e-07,,seconds,0.0,0.0030786804854869,megabytes,0.0,0.0,0.0,0.0,0.0,0.0,0.0,0.0,success,sinkhorn,0.1,100000
1D-exp-vs-cauchy-64p,64,64,0.231205470846141,21,6.252702921971258e-10,,seconds,0.0,0.0029562022536993,megabytes,0.0,0.0,0.0,0.0,0.0,0.0,0.0,0.0,success,sinkhorn,0.1,100000
1D-exp-vs-cauchy-64p,64,64,0.2296572910531366,21,2.483654719099151e-08,,seconds,0.0,0.0028498731553554,megabytes,0.0,0.0,0.0,0.0,0.0,0.0,0.0,0.0,success,sinkhorn,0.1,100000
1D-exp-vs-cauchy-64p,64,64,0.3260285518870263,31,4.107886840120987e-09,,seconds,0.0,0.0031562522053718,megabytes,0.0,0.0,0.0,0.0,0.0,0.0,0.0,0.0,success,sinkhorn,0.1,100000
1D-exp-vs-cauchy-64p,64,64,0.6657237933558297,41,9.548670869468217e-08,,seconds,0.0,0.0034733898937702,megabytes,0.0,0.0,0.0,0.0,0.0,0.0,0.0,0.0,success,sinkhorn,0.1,100000
1D-exp-vs-cauchy-64p,64,64,0.7517663647283372,21,2.793546755487977e-08,,seconds,0.0,0.0028628483414649,megabytes,0.0,0.0,0.0,0.0,0.0,0.0,0.0,0.0,success,sinkhorn,0.1,100000
1D-exp-vs-cauchy-64p,64,64,0.4658122162350835,31,8.48529552031591e-08,,seconds,0.0,0.0034811645746231,megabytes,0.0,0.0,0.0,0.0,0.0,0.0,0.0,0.0,success,sinkhorn,0.1,100000
1D-exp-vs-cauchy-64p,64,64,0.4519596484628296,31,1.1243472549574617e-07,,seconds,0.0,0.0032208710908889,megabytes,0.0,0.0,0.0,0.0,0.0,0.0,0.0,0.0,success,sinkhorn,0.1,100000
1D-exp-vs-cauchy-64p,64,64,0.7270054665369501,31,5.0338783294344543e-08,,seconds,0.0,0.0032087117433547,megabytes,0.0,0.0,0.0,0.0,0.0,0.0,0.0,0.0,success,sinkhorn,0.1,100000
1D-exp-vs-cauchy-64p,64,64,0.6376069272708161,31,9.798444099584366e-07,,seconds,0.0,0.0031253118067979,megabytes,0.0,0.0,0.0,0.0,0.0,0.0,0.0,0.0,success,sinkhorn,0.1,100000
1D-exp-vs-cauchy-64p,64,64,0.6668212683296108,31,3.828308863032131e-07,,seconds,0.0,0.0032054018229246,megabytes,0.0,0.0,0.0,0.0,0.0,0.0,0.0,0.0,success,sinkhorn,0.1,100000
1D-exp-vs-cauchy-64p,64,64,0.190197491367081,21,1.7897445521332525e-09,,seconds,0.0,0.0028698723763227,megabytes,0.0,0.0,0.0,0.0,0.0,0.0,0.0,0.0,success,sinkhorn,0.1,100000
1D-exp-vs-cauchy-64p,64,64,0.1694827376084358,21,6.019451286938141e-10,,seconds,0.0,0.0029518045485019,megabytes,0.0,0.0,0.0,0.0,0.0,0.0,0.0,0.0,success,sinkhorn,0.1,100000
1D-exp-vs-cauchy-64p,64,64,0.1958491023347919,21,2.9890843524817543e-09,,seconds,0.0,0.0030531138181686,megabytes,0.0,0.0,0.0,0.0,0.0,0.0,0.0,0.0,success,sinkhorn,0.1,100000
1D-exp-vs-cauchy-64p,64,64,0.4529164852531849,31,1.8433520704377932e-08,,seconds,0.0,0.0031216535717248,megabytes,0.0,0.0,0.0,0.0,0.0,0.0,0.0,0.0,success,sinkhorn,0.1,100000
1D-exp-vs-cauchy-64p,64,64,0.5060399577299296,11,2.336771601063499e-07,,seconds,0.0,0.0025639254599809,megabytes,0.0,0.0,0.0,0.0,0.0,0.0,0.0,0.0,success,sinkhorn,0.1,100000
1D-exp-vs-cauchy-64p,64,64,0.157391555506955,21,3.512583066108296e-11,,seconds,0.0,0.0028623025864362,megabytes,0.0,0.0,0.0,0.0,0.0,0.0,0.0,0.0,success,sinkhorn,0.1,100000
1D-exp-vs-cauchy-64p,64,64,0.3528487425304076,31,9.141416946174378e-09,,seconds,0.0,0.0031676422804594,megabytes,0.0,0.0,0.0,0.0,0.0,0.0,0.0,0.0,success,sinkhorn,0.1,100000
1D-exp-vs-cauchy-64p,64,64,0.3189127061690923,21,5.083832402059431e-07,,seconds,0.0,0.0030829813331365,megabytes,0.0,0.0,0.0,0.0,0.0,0.0,0.0,0.0,success,sinkhorn,0.1,100000
1D-exp-vs-cauchy-64p,64,64,0.1847251418862611,21,1.4629601170083475e-09,,seconds,0.0,0.0029254052788019,megabytes,0.0,0.0,0.0,0.0,0.0,0.0,0.0,0.0,success,sinkhorn,0.1,100000
1D-exp-vs-cauchy-64p,64,64,0.485597321530297,31,1.9648319848375357e-07,,seconds,0.0,0.0032045729458332,megabytes,0.0,0.0,0.0,0.0,0.0,0.0,0.0,0.0,success,sinkhorn,0.1,100000
1D-exp-vs-cauchy-64p,64,64,0.1351067587364696,11,5.183566807548624e-07,,seconds,0.0,0.0026099625974893,megabytes,0.0,0.0,0.0,0.0,0.0,0.0,0.0,0.0,success,sinkhorn,0.1,100000
1D-exp-vs-cauchy-64p,64,64,0.5710041178810314,31,2.605594217132746e-07,,seconds,0.0,0.0031020361930131,megabytes,0.0,0.0,0.0,0.0,0.0,0.0,0.0,0.0,success,sinkhorn,0.1,100000
1D-exp-vs-cauchy-64p,64,64,0.1320939845799304,11,2.809426130882478e-07,,seconds,0.0,0.0025501549243927,megabytes,0.0,0.0,0.0,0.0,0.0,0.0,0.0,0.0,success,sinkhorn,0.1,100000
1D-exp-vs-cauchy-64p,64,64,0.0850289736172002,11,1.8413458095806636e-14,,seconds,0.0,0.0026771072298288,megabytes,0.0,0.0,0.0,0.0,0.0,0.0,0.0,0.0,success,sinkhorn,0.1,100000
1D-exp-vs-cauchy-64p,64,64,0.3250562147203043,21,1.9091920884724847e-07,,seconds,0.0,0.0028438158333301,megabytes,0.0,0.0,0.0,0.0,0.0,0.0,0.0,0.0,success,sinkhorn,0.1,100000
1D-exp-vs-cauchy-64p,64,64,0.1361119767170411,11,1.4577615760729378e-07,,seconds,0.0,0.002525920048356,megabytes,0.0,0.0,0.0,0.0,0.0,0.0,0.0,0.0,success,sinkhorn,0.1,100000
1D-exp-vs-cauchy-128p,128,128,0.324644097539594,21,1.3618831341287676e-07,,seconds,0.0,0.0032290536910295,megabytes,0.0,0.0,0.0,0.0,0.0,0.0,0.0,0.0,success,sinkhorn,0.1,100000
1D-exp-vs-cauchy-128p,128,128,0.642380339844931,41,7.638039353196285e-08,,seconds,0.0,0.0037259142845869,megabytes,0.0,0.0,0.0,0.0,0.0,0.0,0.0,0.0,success,sinkhorn,0.1,100000
1D-exp-vs-cauchy-128p,128,128,0.5046757224500679,11,1.691437484611113e-07,,seconds,0.0,0.0027696192264556,megabytes,0.0,0.0,0.0,0.0,0.0,0.0,0.0,0.0,success,sinkhorn,0.1,100000
1D-exp-vs-cauchy-128p,128,128,0.4516122175712335,31,7.994266584050447e-08,,seconds,0.0,0.0032347906380891,megabytes,0.0,0.0,0.0,0.0,0.0,0.0,0.0,0.0,success,sinkhorn,0.1,100000
1D-exp-vs-cauchy-128p,128,128,0.4524737258422406,31,1.3116983140071111e-08,,seconds,0.0,0.0032009724527597,megabytes,0.0,0.0,0.0,0.0,0.0,0.0,0.0,0.0,success,sinkhorn,0.1,100000
1D-exp-vs-cauchy-128p,128,128,0.2060733884426483,21,8.049710596082545e-09,,seconds,0.0,0.002939011901617,megabytes,0.0,0.0,0.0,0.0,0.0,0.0,0.0,0.0,success,sinkhorn,0.1,100000
1D-exp-vs-cauchy-128p,128,128,0.1298044257386675,11,1.299626521639588e-08,,seconds,0.0,0.0025082416832447,megabytes,0.0,0.0,0.0,0.0,0.0,0.0,0.0,0.0,success,sinkhorn,0.1,100000
1D-exp-vs-cauchy-128p,128,128,0.4654381863291246,31,6.033571049081845e-08,,seconds,0.0,0.0031925980001688,megabytes,0.0,0.0,0.0,0.0,0.0,0.0,0.0,0.0,success,sinkhorn,0.1,100000
1D-exp-vs-cauchy-128p,128,128,0.2293613915967221,21,1.7886388491808326e-08,,seconds,0.0,0.0028605107218027,megabytes,0.0,0.0,0.0,0.0,0.0,0.0,0.0,0.0,success,sinkhorn,0.1,100000
1D-exp-vs-cauchy-128p,128,128,0.2307417475380962,21,4.4938684114357463e-10,,seconds,0.0,0.0029519703239202,megabytes,0.0,0.0,0.0,0.0,0.0,0.0,0.0,0.0,success,sinkhorn,0.1,100000
1D-exp-vs-cauchy-128p,128,128,0.7011723165733276,31,3.6625062501493915e-08,,seconds,0.0,0.0032095089554786,megabytes,0.0,0.0,0.0,0.0,0.0,0.0,0.0,0.0,success,sinkhorn,0.1,100000
1D-exp-vs-cauchy-128p,128,128,0.1348469035025263,11,3.77966708887791e-07,,seconds,0.0,0.0026288889348506,megabytes,0.0,0.0,0.0,0.0,0.0,0.0,0.0,0.0,success,sinkhorn,0.1,100000
1D-exp-vs-cauchy-128p,128,128,0.5042809916367441,31,1.203047697734278e-07,,seconds,0.0,0.0032328683882951,megabytes,0.0,0.0,0.0,0.0,0.0,0.0,0.0,0.0,success,sinkhorn,0.1,100000
1D-exp-vs-cauchy-128p,128,128,0.5705379255963798,31,1.85012187933034e-07,,seconds,0.0,0.0032996013760566,megabytes,0.0,0.0,0.0,0.0,0.0,0.0,0.0,0.0,success,sinkhorn,0.1,100000
1D-exp-vs-cauchy-128p,128,128,0.2074695708729164,21,3.761602176548337e-09,,seconds,0.0,0.0029663257300853,megabytes,0.0,0.0,0.0,0.0,0.0,0.0,0.0,0.0,success,sinkhorn,0.1,100000
1D-exp-vs-cauchy-128p,128,128,0.666233980839963,31,2.717544175824101e-07,,seconds,0.0,0.0031366031616926,megabytes,0.0,0.0,0.0,0.0,0.0,0.0,0.0,0.0,success,sinkhorn,0.1,100000
1D-exp-vs-cauchy-128p,128,128,0.2054954280220709,21,1.8451657549108243e-09,,seconds,0.0,0.0030485540628433,megabytes,0.0,0.0,0.0,0.0,0.0,0.0,0.0,0.0,success,sinkhorn,0.1,100000
1D-exp-vs-cauchy-128p,128,128,0.1358895200258055,11,1.0914000281975148e-07,,seconds,0.0,0.0026934463530778,megabytes,0.0,0.0,0.0,0.0,0.0,0.0,0.0,0.0,success,sinkhorn,0.1,100000
1D-exp-vs-cauchy-128p,128,128,0.3185820021782206,21,3.628367211896559e-07,,seconds,0.0,0.0030252989381551,megabytes,0.0,0.0,0.0,0.0,0.0,0.0,0.0,0.0,success,sinkhorn,0.1,100000
1D-exp-vs-cauchy-128p,128,128,0.6603235294959078,31,6.429149932613047e-07,,seconds,0.0,0.0032032486051321,megabytes,0.0,0.0,0.0,0.0,0.0,0.0,0.0,0.0,success,sinkhorn,0.1,100000
1D-exp-vs-cauchy-128p,128,128,0.1899291687641359,21,1.308820285669918e-09,,seconds,0.0,0.0028445050120353,megabytes,0.0,0.0,0.0,0.0,0.0,0.0,0.0,0.0,success,sinkhorn,0.1,100000
1D-exp-vs-cauchy-128p,128,128,0.1913709177122302,21,8.851367665783256e-10,,seconds,0.0,0.0028109326958656,megabytes,0.0,0.0,0.0,0.0,0.0,0.0,0.0,0.0,success,sinkhorn,0.1,100000
1D-exp-vs-cauchy-128p,128,128,0.3525563041181956,31,6.531503942777991e-09,,seconds,0.0,0.0032110847532749,megabytes,0.0,0.0,0.0,0.0,0.0,0.0,0.0,0.0,success,sinkhorn,0.1,100000
1D-exp-vs-cauchy-128p,128,128,0.1318613657448519,11,2.070988718095676e-07,,seconds,0.0,0.002608923241496,megabytes,0.0,0.0,0.0,0.0,0.0,0.0,0.0,0.0,success,sinkhorn,0.1,100000
1D-exp-vs-cauchy-128p,128,128,0.3399616302566181,21,7.593571975182741e-07,,seconds,0.0,0.0028909090906381,megabytes,0.0,0.0,0.0,0.0,0.0,0.0,0.0,0.0,success,sinkhorn,0.1,100000
1D-exp-vs-cauchy-128p,128,128,0.1761243273354026,21,3.7088345468663617e-10,,seconds,0.0,0.002896212041378,megabytes,0.0,0.0,0.0,0.0,0.0,0.0,0.0,0.0,success,sinkhorn,0.1,100000
1D-exp-vs-cauchy-128p,128,128,0.0851943730069457,11,1.7228345494671687e-14,,seconds,0.0,0.0024706460535526,megabytes,0.0,0.0,0.0,0.0,0.0,0.0,0.0,0.0,success,sinkhorn,0.1,100000
1D-exp-vs-cauchy-128p,128,128,0.750496346101031,21,1.9977216471248663e-08,,seconds,0.0,0.0030017122626304,megabytes,0.0,0.0,0.0,0.0,0.0,0.0,0.0,0.0,success,sinkhorn,0.1,100000
1D-exp-vs-cauchy-128p,128,128,0.5819724217901603,31,6.506641578456617e-07,,seconds,0.0,0.0033027976751327,megabytes,0.0,0.0,0.0,0.0,0.0,0.0,0.0,0.0,success,sinkhorn,0.1,100000
1D-exp-vs-cauchy-128p,128,128,0.0357890645838894,11,4.1638857194603976e-17,,seconds,0.0,0.0024861935526132,megabytes,0.0,0.0,0.0,0.0,0.0,0.0,0.0,0.0,success,sinkhorn,0.1,100000
1D-exp-vs-cauchy-128p,128,128,0.1571549529362858,11,8.021490513920019e-07,,seconds,0.0,0.0025567505508661,megabytes,0.0,0.0,0.0,0.0,0.0,0.0,0.0,0.0,success,sinkhorn,0.1,100000
1D-exp-vs-cauchy-256p,256,256,0.4523630342581227,31,9.289780273657304e-09,,seconds,0.0,0.0033176522701978,megabytes,0.0,0.0,0.0,0.0,0.0,0.0,0.0,0.0,success,sinkhorn,0.1,100000
1D-exp-vs-cauchy-256p,256,256,0.1878237138252909,21,7.011549856576916e-10,,seconds,0.0,0.0029978789389133,megabytes,0.0,0.0,0.0,0.0,0.0,0.0,0.0,0.0,success,sinkhorn,0.1,100000
1D-exp-vs-cauchy-256p,256,256,0.3245410659181081,21,9.651129496686773e-08,,seconds,0.0,0.0029357746243476,megabytes,0.0,0.0,0.0,0.0,0.0,0.0,0.0,0.0,success,sinkhorn,0.1,100000
1D-exp-vs-cauchy-256p,256,256,0.3524832256346396,31,4.630498966842868e-09,,seconds,0.0,0.0032141134142875,megabytes,0.0,0.0,0.0,0.0,0.0,0.0,0.0,0.0,success,sinkhorn,0.1,100000
1D-exp-vs-cauchy-256p,256,256,0.1297559328328493,11,9.345487751612393e-09,,seconds,0.0,0.0028779096901416,megabytes,0.0,0.0,0.0,0.0,0.0,0.0,0.0,0.0,success,sinkhorn,0.1,100000
1D-exp-vs-cauchy-256p,256,256,0.229287461924816,21,1.2705609408227703e-08,,seconds,0.0,0.0030492786318063,megabytes,0.0,0.0,0.0,0.0,0.0,0.0,0.0,0.0,success,sinkhorn,0.1,100000
1D-exp-vs-cauchy-256p,256,256,0.2245170700200643,21,3.356048879981788e-10,,seconds,0.0,0.0029952134937047,megabytes,0.0,0.0,0.0,0.0,0.0,0.0,0.0,0.0,success,sinkhorn,0.1,100000
1D-exp-vs-cauchy-256p,256,256,0.1318032650040409,11,1.4797517255327646e-07,,seconds,0.0,0.0026050992310047,megabytes,0.0,0.0,0.0,0.0,0.0,0.0,0.0,0.0,success,sinkhorn,0.1,100000
1D-exp-vs-cauchy-256p,256,256,0.172566808213294,21,2.9035892090203587e-10,,seconds,0.0,0.00283645093441,megabytes,0.0,0.0,0.0,0.0,0.0,0.0,0.0,0.0,success,sinkhorn,0.1,100000
1D-exp-vs-cauchy-256p,256,256,0.4604238018934453,31,5.2046684524213466e-08,,seconds,0.0,0.0036572832614183,megabytes,0.0,0.0,0.0,0.0,0.0,0.0,0.0,0.0,success,sinkhorn,0.1,100000
1D-exp-vs-cauchy-256p,256,256,0.4946086422052022,31,9.185703958528505e-08,,seconds,0.0,0.00331393443048,megabytes,0.0,0.0,0.0,0.0,0.0,0.0,0.0,0.0,success,sinkhorn,0.1,100000
1D-exp-vs-cauchy-256p,256,256,0.5704213743774486,31,1.309598927798802e-07,,seconds,0.0,0.0032848827540874,megabytes,0.0,0.0,0.0,0.0,0.0,0.0,0.0,0.0,success,sinkhorn,0.1,100000
1D-exp-vs-cauchy-256p,256,256,0.2102510744342593,21,5.224088947662975e-09,,seconds,0.0,0.002949895337224,megabytes,0.0,0.0,0.0,0.0,0.0,0.0,0.0,0.0,success,sinkhorn,0.1,100000
1D-exp-vs-cauchy-256p,256,256,0.0852355909021717,11,1.3060235338722262e-14,,seconds,0.0,0.0025538522750139,megabytes,0.0,0.0,0.0,0.0,0.0,0.0,0.0,0.0,success,sinkhorn,0.1,100000
1D-exp-vs-cauchy-256p,256,256,0.713439411943666,31,2.56486818517229e-08,,seconds,0.0,0.0033131539821624,megabytes,0.0,0.0,0.0,0.0,0.0,0.0,0.0,0.0,success,sinkhorn,0.1,100000
1D-exp-vs-cauchy-256p,256,256,0.3184993529575954,21,2.571615881809424e-07,,seconds,0.0,0.0029668305069208,megabytes,0.0,0.0,0.0,0.0,0.0,0.0,0.0,0.0,success,sinkhorn,0.1,100000
1D-exp-vs-cauchy-256p,256,256,0.5043336114939995,11,1.2031151334417056e-07,,seconds,0.0,0.002771096304059,megabytes,0.0,0.0,0.0,0.0,0.0,0.0,0.0,0.0,success,sinkhorn,0.1,100000
1D-exp-vs-cauchy-256p,256,256,0.157095932072761,11,5.731119538729458e-07,,seconds,0.0,0.0029673613607883,megabytes,0.0,0.0,0.0,0.0,0.0,0.0,0.0,0.0,success,sinkhorn,0.1,100000
1D-exp-vs-cauchy-256p,256,256,0.1377311561914752,11,8.508302136308913e-08,,seconds,0.0,0.0027840975672006,megabytes,0.0,0.0,0.0,0.0,0.0,0.0,0.0,0.0,success,sinkhorn,0.1,100000
1D-exp-vs-cauchy-256p,256,256,0.2054113242637662,21,1.3112043504688147e-09,,seconds,0.0,0.0030098780989646,megabytes,0.0,0.0,0.0,0.0,0.0,0.0,0.0,0.0,success,sinkhorn,0.1,100000
1D-exp-vs-cauchy-256p,256,256,0.6485425017898514,31,4.735256134578487e-07,,seconds,0.0,0.0034019332379102,megabytes,0.0,0.0,0.0,0.0,0.0,0.0,0.0,0.0,success,sinkhorn,0.1,100000
1D-exp-vs-cauchy-256p,256,256,0.0357614118582364,11,4.102071144233701e-17,,seconds,0.0,0.0026940163224935,megabytes,0.0,0.0,0.0,0.0,0.0,0.0,0.0,0.0,success,sinkhorn,0.1,100000
1D-exp-vs-cauchy-256p,256,256,0.1347819527074502,11,2.6932888355213214e-07,,seconds,0.0,0.0026112142950296,megabytes,0.0,0.0,0.0,0.0,0.0,0.0,0.0,0.0,success,sinkhorn,0.1,100000
1D-exp-vs-cauchy-256p,256,256,0.2073896721231073,21,2.6727308906129997e-09,,seconds,0.0,0.003010282292962,megabytes,0.0,0.0,0.0,0.0,0.0,0.0,0.0,0.0,success,sinkhorn,0.1,100000
1D-exp-vs-cauchy-256p,256,256,0.6660871501375079,31,1.923462732519705e-07,,seconds,0.0,0.0033786464482545,megabytes,0.0,0.0,0.0,0.0,0.0,0.0,0.0,0.0,success,sinkhorn,0.1,100000
1D-exp-vs-cauchy-256p,256,256,0.737173390138709,21,1.4069790937363992e-08,,seconds,0.0,0.0029876418411731,megabytes,0.0,0.0,0.0,0.0,0.0,0.0,0.0,0.0,success,sinkhorn,0.1,100000
1D-exp-vs-cauchy-256p,256,256,0.3398795058956867,21,5.380202999321171e-07,,seconds,0.0,0.0030751954764127,megabytes,0.0,0.0,0.0,0.0,0.0,0.0,0.0,0.0,success,sinkhorn,0.1,100000
1D-exp-vs-cauchy-256p,256,256,0.185962424346969,21,1.0238437350086098e-09,,seconds,0.0,0.0028875898569822,megabytes,0.0,0.0,0.0,0.0,0.0,0.0,0.0,0.0,success,sinkhorn,0.1,100000
1D-exp-vs-cauchy-256p,256,256,0.4653446888211217,31,4.2723414485639496e-08,,seconds,0.0,0.0032639242708683,megabytes,0.0,0.0,0.0,0.0,0.0,0.0,0.0,0.0,success,sinkhorn,0.1,100000
1D-exp-vs-cauchy-256p,256,256,0.5714136017582947,31,4.897523535839803e-07,,seconds,0.0,0.0035749804228544,megabytes,0.0,0.0,0.0,0.0,0.0,0.0,0.0,0.0,success,sinkhorn,0.1,100000
1D-exp-vs-cauchy-256p,256,256,0.6422826481916046,41,5.4050893320516884e-08,,seconds,0.0,0.0034976713359355,megabytes,0.0,0.0,0.0,0.0,0.0,0.0,0.0,0.0,success,sinkhorn,0.1,100000
1D-exp-vs-cauchy-512p,512,512,0.7071455726254653,31,1.824502691007357e-08,,seconds,0.0,0.0033900458365678,megabytes,0.0,0.0,0.0,0.0,0.0,0.0,0.0,0.0,success,sinkhorn,0.1,100000
1D-exp-vs-cauchy-512p,512,512,0.3398589763785818,21,3.806278923442102e-07,,seconds,0.0,0.0030701961368322,megabytes,0.0,0.0,0.0,0.0,0.0,0.0,0.0,0.0,success,sinkhorn,0.1,100000
1D-exp-vs-cauchy-512p,512,512,0.1583465717985065,11,4.066110705992006e-07,,seconds,0.0,0.002725001424551,megabytes,0.0,0.0,0.0,0.0,0.0,0.0,0.0,0.0,success,sinkhorn,0.1,100000
1D-exp-vs-cauchy-512p,512,512,0.0852458869932544,11,9.425100774004781e-15,,seconds,0.0,0.0026172827929258,megabytes,0.0,0.0,0.0,0.0,0.0,0.0,0.0,0.0,success,sinkhorn,0.1,100000
1D-exp-vs-cauchy-512p,512,512,0.1895403312771282,21,4.727249328871268e-10,,seconds,0.0,0.0031693316996097,megabytes,0.0,0.0,0.0,0.0,0.0,0.0,0.0,0.0,success,sinkhorn,0.1,100000
1D-exp-vs-cauchy-512p,512,512,0.5042480192961785,11,8.519919747387517e-08,,seconds,0.0,0.00286909006536,megabytes,0.0,0.0,0.0,0.0,0.0,0.0,0.0,0.0,success,sinkhorn,0.1,100000
1D-exp-vs-cauchy-512p,512,512,0.2292689823273076,21,8.994510610850644e-09,,seconds,0.0,0.0030327439308166,megabytes,0.0,0.0,0.0,0.0,0.0,0.0,0.0,0.0,success,sinkhorn,0.1,100000
1D-exp-vs-cauchy-512p,512,512,0.0357545019137205,11,3.068123124520312e-17,,seconds,0.0,0.0028322245925664,megabytes,0.0,0.0,0.0,0.0,0.0,0.0,0.0,0.0,success,sinkhorn,0.1,100000
1D-exp-vs-cauchy-512p,512,512,0.4653213150653379,31,3.022056946231818e-08,,seconds,0.2171592712402343,0.0033991523087024,megabytes,88270.0,88270.0,0.0,0.0,0.069951488,0.069951488,0.0,0.0,success,sinkhorn,0.1,100000
1D-exp-vs-cauchy-512p,512,512,0.2102347237987015,21,3.7003145720310732e-09,,seconds,0.0,0.0030002910643815,megabytes,0.0,0.0,0.0,0.0,0.0,0.0,0.0,0.0,success,sinkhorn,0.1,100000
1D-exp-vs-cauchy-512p,512,512,0.1725507029733187,21,2.0583639141397986e-10,,seconds,0.0,0.0030591171234846,megabytes,0.0,0.0,0.0,0.0,0.0,0.0,0.0,0.0,success,sinkhorn,0.1,100000
1D-exp-vs-cauchy-512p,512,512,0.6485116013530592,31,3.34903865321873e-07,,seconds,0.0,0.0036220923066139,megabytes,0.0,0.0,0.0,0.0,0.0,0.0,0.0,0.0,success,sinkhorn,0.1,100000
1D-exp-vs-cauchy-512p,512,512,0.1333799621103318,11,1.916432645377773e-07,,seconds,0.0,0.003088878467679,megabytes,0.0,0.0,0.0,0.0,0.0,0.0,0.0,0.0,success,sinkhorn,0.1,100000
1D-exp-vs-cauchy-512p,512,512,0.4993611098169902,31,6.258359662968595e-08,,seconds,0.3706192970275879,0.0036212000995874,megabytes,88270.0,88270.0,0.0,0.0,0.070098944,0.070098944,0.0,0.0,success,sinkhorn,0.1,100000
1D-exp-vs-cauchy-512p,512,512,0.3207975514893303,21,7.034652945601154e-08,,seconds,0.0,0.0029946491122245,megabytes,0.0,0.0,0.0,0.0,0.0,0.0,0.0,0.0,success,sinkhorn,0.1,100000
1D-exp-vs-cauchy-512p,512,512,0.4604018556266006,31,3.681556985815386e-08,,seconds,0.0,0.0035493560135364,megabytes,0.0,0.0,0.0,0.0,0.0,0.0,0.0,0.0,success,sinkhorn,0.1,100000
1D-exp-vs-cauchy-512p,512,512,0.1859459273422328,21,7.254569626099251e-10,,seconds,0.0,0.0032952595502138,megabytes,0.0,0.0,0.0,0.0,0.0,0.0,0.0,0.0,success,sinkhorn,0.1,100000
1D-exp-vs-cauchy-512p,512,512,0.1328765965664538,11,1.0617624540996733e-07,,seconds,0.0,0.0028010495007038,megabytes,0.0,0.0,0.0,0.0,0.0,0.0,0.0,0.0,success,sinkhorn,0.1,100000
1D-exp-vs-cauchy-512p,512,512,0.3489336647283275,21,7.878239661776473e-07,,seconds,0.0,0.0030708853155374,megabytes,0.0,0.0,0.0,0.0,0.0,0.0,0.0,0.0,success,sinkhorn,0.1,100000
1D-exp-vs-cauchy-512p,512,512,0.672024683078674,31,1.3407041516381684e-07,,seconds,0.2131938934326172,0.0035223513841629,megabytes,88270.0,88270.0,0.0,0.0,0.069984256,0.069984256,0.0,0.0,success,sinkhorn,0.1,100000
1D-exp-vs-cauchy-512p,512,512,0.6422582251189826,41,3.8227149323685766e-08,,seconds,0.2888486385345459,0.0038460958749055,megabytes,88270.0,88270.0,1.0,1.0,0.069316608,0.069316608,0.0,0.0,success,sinkhorn,0.1,100000
1D-exp-vs-cauchy-512p,512,512,0.2098856622487346,21,1.816908764170171e-09,,seconds,0.0,0.0031510852277278,megabytes,0.0,0.0,0.0,0.0,0.0,0.0,0.0,0.0,success,sinkhorn,0.1,100000
1D-exp-vs-cauchy-512p,512,512,0.3150381015374471,21,1.8848159048832998e-07,,seconds,0.0,0.0030057542026042,megabytes,0.0,0.0,0.0,0.0,0.0,0.0,0.0,0.0,success,sinkhorn,0.1,100000
1D-exp-vs-cauchy-512p,512,512,0.1297438149817681,11,6.635985622949477e-09,,seconds,0.0,0.0029257014393806,megabytes,0.0,0.0,0.0,0.0,0.0,0.0,0.0,0.0,success,sinkhorn,0.1,100000
1D-exp-vs-cauchy-512p,512,512,0.447716635699621,31,6.828272123562539e-09,,seconds,0.2204251289367675,0.0035792589187622,megabytes,88270.0,88270.0,0.0,0.0,0.070033408,0.070033408,0.0,0.0,success,sinkhorn,0.1,100000
1D-exp-vs-cauchy-512p,512,512,0.1367567092210042,11,5.8125383003504935e-08,,seconds,0.0,0.0026336144655942,megabytes,0.0,0.0,0.0,0.0,0.0,0.0,0.0,0.0,success,sinkhorn,0.1,100000
1D-exp-vs-cauchy-512p,512,512,0.7370946136553949,21,9.955892751169089e-09,,seconds,0.0,0.0031071733683347,megabytes,0.0,0.0,0.0,0.0,0.0,0.0,0.0,0.0,success,sinkhorn,0.1,100000
1D-exp-vs-cauchy-512p,512,512,0.5703922363755233,31,9.262678860046609e-08,,seconds,0.0,0.0034273695200681,megabytes,0.0,0.0,0.0,0.0,0.0,0.0,0.0,0.0,success,sinkhorn,0.1,100000
1D-exp-vs-cauchy-512p,512,512,0.2244885369510459,21,2.375478127183554e-10,,seconds,0.0,0.0032354108989238,megabytes,0.0,0.0,0.0,0.0,0.0,0.0,0.0,0.0,success,sinkhorn,0.1,100000
1D-exp-vs-cauchy-512p,512,512,0.2028583907008031,21,9.663176009316712e-10,,seconds,0.0,0.0030320491641759,megabytes,0.0,0.0,0.0,0.0,0.0,0.0,0.0,0.0,success,sinkhorn,0.1,100000
1D-exp-vs-cauchy-512p,512,512,0.5713898113209419,31,3.463832285104141e-07,,seconds,0.305354356765747,0.0036830995231866,megabytes,88270.0,88270.0,0.0,0.0,0.069439488,0.069439488,0.0,0.0,success,sinkhorn,0.1,100000
1D-exp-vs-cauchy-1024p,1024,1024,0.7102521554279599,31,1.2866392576616918e-08,,seconds,0.2947258949279785,0.0036116316914558,megabytes,88270.0,88270.0,0.0,0.0,0.069513216,0.069513216,0.0,0.0,success,sinkhorn,0.1,100000
1D-exp-vs-cauchy-1024p,1024,1024,0.4993551418982097,31,4.425664631589679e-08,,seconds,0.0,0.0035460460931062,megabytes,0.0,0.0,0.0,0.0,0.0,0.0,0.0,0.0,success,sinkhorn,0.1,100000
1D-exp-vs-cauchy-1024p,1024,1024,0.4653154716651898,31,2.1371035755869135e-08,,seconds,0.0,0.003552621230483,megabytes,0.0,0.0,0.0,0.0,0.0,0.0,0.0,0.0,success,sinkhorn,0.1,100000
1D-exp-vs-cauchy-1024p,1024,1024,0.2102306364349513,21,2.6176369383513162e-09,,seconds,0.2262690067291259,0.0034187100827693,megabytes,88270.0,88270.0,1.0,1.0,0.06938624,0.06938624,0.0,0.0,success,sinkhorn,0.1,100000
1D-exp-vs-cauchy-1024p,1024,1024,0.0852484604905011,11,6.668245380621137e-15,,seconds,0.0,0.0027963146567344,megabytes,0.0,0.0,0.0,0.0,0.0,0.0,0.0,0.0,success,sinkhorn,0.1,100000
1D-exp-vs-cauchy-1024p,1024,1024,0.4500130267378194,21,8.19577174349115e-07,,seconds,0.0,0.0031071305274963,megabytes,0.0,0.0,0.0,0.0,0.0,0.0,0.0,0.0,success,sinkhorn,0.1,100000
1D-exp-vs-cauchy-1024p,1024,1024,0.3489291241825277,21,5.571424682142318e-07,,seconds,0.0,0.0031610857695341,megabytes,0.0,0.0,0.0,0.0,0.0,0.0,0.0,0.0,success,sinkhorn,0.1,100000
1D-exp-vs-cauchy-1024p,1024,1024,0.1328729292884868,11,7.51271423957693e-08,,seconds,0.0,0.002686969935894,megabytes,0.0,0.0,0.0,0.0,0.0,0.0,0.0,0.0,success,sinkhorn,0.1,100000
1D-exp-vs-cauchy-1024p,1024,1024,0.3150329681599857,21,1.332957633892019e-07,,seconds,0.0,0.0029987562447786,megabytes,0.0,0.0,0.0,0.0,0.0,0.0,0.0,0.0,success,sinkhorn,0.1,100000
1D-exp-vs-cauchy-1024p,1024,1024,0.5677163002608389,31,6.643148756181018e-08,,seconds,0.0,0.0033618155866861,megabytes,0.0,0.0,0.0,0.0,0.0,0.0,0.0,0.0,success,sinkhorn,0.1,100000
1D-exp-vs-cauchy-1024p,1024,1024,0.2041158128306984,21,6.700077666403945e-10,,seconds,0.0,0.0029510520398616,megabytes,0.0,0.0,0.0,0.0,0.0,0.0,0.0,0.0,success,sinkhorn,0.1,100000
1D-exp-vs-cauchy-1024p,1024,1024,0.2292643626041427,21,6.361899503414661e-09,,seconds,0.0,0.0030371639877557,megabytes,0.0,0.0,0.0,0.0,0.0,0.0,0.0,0.0,success,sinkhorn,0.1,100000
1D-exp-vs-cauchy-1024p,1024,1024,0.6690247769477058,31,9.55074211471149e-08,,seconds,0.0,0.0034659542143344,megabytes,0.0,0.0,0.0,0.0,0.0,0.0,0.0,0.0,success,sinkhorn,0.1,100000
1D-exp-vs-cauchy-1024p,1024,1024,0.1583428542979801,11,2.877043735352631e-07,,seconds,0.0,0.0026606153696775,megabytes,0.0,0.0,0.0,0.0,0.0,0.0,0.0,0.0,success,sinkhorn,0.1,100000
1D-exp-vs-cauchy-1024p,1024,1024,0.5739906074150104,31,2.412476123215575e-07,,seconds,0.0,0.0034053362905979,megabytes,0.0,0.0,0.0,0.0,0.0,0.0,0.0,0.0,success,sinkhorn,0.1,100000
1D-exp-vs-cauchy-1024p,1024,1024,0.1333759449732948,11,1.355769849316281e-07,,seconds,0.0,0.0029403269290924,megabytes,0.0,0.0,0.0,0.0,0.0,0.0,0.0,0.0,success,sinkhorn,0.1,100000
1D-exp-vs-cauchy-1024p,1024,1024,0.5069010689320128,11,6.039414321309166e-08,,seconds,0.0,0.0029996149241924,megabytes,0.0,0.0,0.0,0.0,0.0,0.0,0.0,0.0,success,sinkhorn,0.1,100000
1D-exp-vs-cauchy-1024p,1024,1024,0.1295179290431769,11,4.99658800121053e-09,,seconds,0.0,0.0026694666594266,megabytes,0.0,0.0,0.0,0.0,0.0,0.0,0.0,0.0,success,sinkhorn,0.1,100000
1D-exp-vs-cauchy-1024p,1024,1024,0.7370749178017761,21,7.041126329344108e-09,,seconds,0.0,0.0030275527387857,megabytes,0.0,0.0,0.0,0.0,0.0,0.0,0.0,0.0,success,sinkhorn,0.1,100000
1D-exp-vs-cauchy-1024p,1024,1024,0.2098806304356724,21,1.285140813700794e-09,,seconds,0.0,0.0029159318655729,megabytes,0.0,0.0,0.0,0.0,0.0,0.0,0.0,0.0,success,sinkhorn,0.1,100000
1D-exp-vs-cauchy-1024p,1024,1024,0.3207911532519346,21,4.97492695866391e-08,,seconds,0.0,0.0031483769416809,megabytes,0.0,0.0,0.0,0.0,0.0,0.0,0.0,0.0,success,sinkhorn,0.1,100000
1D-exp-vs-cauchy-1024p,1024,1024,0.6450929546737381,31,8.214452796801512e-07,,seconds,0.0,0.0034769847989082,megabytes,0.0,0.0,0.0,0.0,0.0,0.0,0.0,0.0,success,sinkhorn,0.1,100000
1D-exp-vs-cauchy-1024p,1024,1024,0.3398538440975476,21,2.6917818001309565e-07,,seconds,0.0,0.0030835475772619,megabytes,0.0,0.0,0.0,0.0,0.0,0.0,0.0,0.0,success,sinkhorn,0.1,100000
1D-exp-vs-cauchy-1024p,1024,1024,0.6485038762417276,31,2.368252942735814e-07,,seconds,0.260732889175415,0.0035642497241497,megabytes,88270.0,88270.0,0.0,0.0,0.069398528,0.069398528,0.0,0.0,success,sinkhorn,0.1,100000
1D-exp-vs-cauchy-1024p,1024,1024,0.4581633591396349,31,2.6593794392606518e-08,,seconds,0.0,0.0034472681581974,megabytes,0.0,0.0,0.0,0.0,0.0,0.0,0.0,0.0,success,sinkhorn,0.1,100000
1D-exp-vs-cauchy-1024p,1024,1024,0.2244814034077317,21,1.6801402876251822e-10,,seconds,0.0,0.0032458920031785,megabytes,0.0,0.0,0.0,0.0,0.0,0.0,0.0,0.0,success,sinkhorn,0.1,100000
1D-exp-vs-cauchy-1024p,1024,1024,0.0355980142182406,11,4.217908224895226e-17,,seconds,0.0,0.0027417968958616,megabytes,0.0,0.0,0.0,0.0,0.0,0.0,0.0,0.0,success,sinkhorn,0.1,100000
1D-exp-vs-cauchy-1024p,1024,1024,0.186908302757068,21,5.017326214539002e-10,,seconds,0.0,0.0030550938099622,megabytes,0.0,0.0,0.0,0.0,0.0,0.0,0.0,0.0,success,sinkhorn,0.1,100000
1D-exp-vs-cauchy-1024p,1024,1024,0.1725466769612522,21,1.4564066554403415e-10,,seconds,0.0,0.0032556429505348,megabytes,0.0,0.0,0.0,0.0,0.0,0.0,0.0,0.0,success,sinkhorn,0.1,100000
1D-exp-vs-cauchy-1024p,1024,1024,0.1886679010722968,21,3.4309674460109604e-10,,seconds,0.0,0.0030751544982194,megabytes,0.0,0.0,0.0,0.0,0.0,0.0,0.0,0.0,success,sinkhorn,0.1,100000
1D-exp-vs-cauchy-1024p,1024,1024,0.1367532067453992,11,4.1137303472334966e-08,,seconds,0.0,0.0027833748608827,megabytes,0.0,0.0,0.0,0.0,0.0,0.0,0.0,0.0,success,sinkhorn,0.1,100000
1D-exp-vs-cauchy-2048p,2048,2048,0.3150316848221569,21,9.425772430681116e-08,,seconds,0.2207756042480468,0.0037188325077295,megabytes,88270.0,88270.0,0.0,0.0,0.069394432,0.069394432,0.0,0.0,success,sinkhorn,0.1,100000
1D-exp-vs-cauchy-2048p,2048,2048,0.1337189088817184,11,9.578688881241476e-08,,seconds,0.2977020740509033,0.0032566152513027,megabytes,88270.0,88270.0,0.0,0.0,0.069566464,0.069566464,0.0,0.0,success,sinkhorn,0.1,100000
1D-exp-vs-cauchy-2048p,2048,2048,0.1729772009062657,21,1.0186195095626798e-10,,seconds,0.2385480403900146,0.0038441214710474,megabytes,88270.0,88270.0,0.0,0.0,0.069373952,0.069373952,0.0,0.0,success,sinkhorn,0.1,100000
1D-exp-vs-cauchy-2048p,2048,2048,0.1886669341125885,21,2.426478103353049e-10,,seconds,0.2176856994628906,0.0038667879998683,megabytes,88270.0,88270.0,0.0,0.0,0.069337088,0.069337088,0.0,0.0,success,sinkhorn,0.1,100000
1D-exp-vs-cauchy-2048p,2048,2048,0.3217164750393458,21,3.492047784045909e-08,,seconds,0.2321603298187255,0.0038604289293289,megabytes,88270.0,88270.0,0.0,0.0,0.06940672,0.06940672,0.0,0.0,success,sinkhorn,0.1,100000
1D-exp-vs-cauchy-2048p,2048,2048,0.3489279890536235,21,3.939710269523929e-07,,seconds,0.0,0.0038775913417339,megabytes,0.0,0.0,0.0,0.0,0.0,0.0,0.0,0.0,success,sinkhorn,0.1,100000
1D-exp-vs-cauchy-2048p,2048,2048,0.5739891167447576,31,1.705901754041424e-07,,seconds,0.2472016811370849,0.0042633097618818,megabytes,88270.0,88270.0,0.0,0.0,0.069398528,0.069398528,0.0,0.0,success,sinkhorn,0.1,100000
1D-exp-vs-cauchy-2048p,2048,2048,0.209248006755706,21,9.181548472583243e-10,,seconds,0.0,0.003810504451394,megabytes,0.0,0.0,0.0,0.0,0.0,0.0,0.0,0.0,success,sinkhorn,0.1,100000
1D-exp-vs-cauchy-2048p,2048,2048,0.3389511459937249,21,1.9194015699040454e-07,,seconds,0.2300817966461181,0.0040589217096567,megabytes,88270.0,88270.0,0.0,0.0,0.069390336,0.069390336,0.0,0.0,success,sinkhorn,0.1,100000
1D-exp-vs-cauchy-2048p,2048,2048,0.2034823633485209,21,4.78564908611937e-10,,seconds,0.0,0.0038820393383502,megabytes,0.0,0.0,0.0,0.0,0.0,0.0,0.0,0.0,success,sinkhorn,0.1,100000
1D-exp-vs-cauchy-2048p,2048,2048,0.1328720124825695,11,5.3131612887064146e-08,,seconds,0.0,0.0033594127744436,megabytes,0.0,0.0,0.0,0.0,0.0,0.0,0.0,0.0,success,sinkhorn,0.1,100000
1D-exp-vs-cauchy-2048p,2048,2048,0.5690479862113124,31,4.66456951320374e-08,,seconds,0.0,0.0043720211833715,megabytes,0.0,0.0,0.0,0.0,0.0,0.0,0.0,0.0,success,sinkhorn,0.1,100000
1D-exp-vs-cauchy-2048p,2048,2048,0.643667900450109,31,5.837214485218752e-07,,seconds,0.0,0.0044274553656578,megabytes,0.0,0.0,0.0,0.0,0.0,0.0,0.0,0.0,success,sinkhorn,0.1,100000
1D-exp-vs-cauchy-2048p,2048,2048,0.4581619912013504,31,1.8805065191010588e-08,,seconds,0.0,0.0044424626976251,megabytes,0.0,0.0,0.0,0.0,0.0,0.0,0.0,0.0,success,sinkhorn,0.1,100000
1D-exp-vs-cauchy-2048p,2048,2048,0.1369901770863167,11,2.9391272336537078e-08,,seconds,0.0,0.0033238362520933,megabytes,0.0,0.0,0.0,0.0,0.0,0.0,0.0,0.0,success,sinkhorn,0.1,100000
1D-exp-vs-cauchy-2048p,2048,2048,0.2096947987084446,21,1.873111178682557e-09,,seconds,0.0,0.0043279007077217,megabytes,0.0,0.0,0.0,0.0,0.0,0.0,0.0,0.0,success,sinkhorn,0.1,100000
1D-exp-vs-cauchy-2048p,2048,2048,0.7370699937300621,21,4.979048680420461e-09,,seconds,0.2338266372680664,0.0039224401116371,megabytes,88270.0,88270.0,1.0,1.0,0.069455872,0.069455872,0.0,0.0,success,sinkhorn,0.1,100000
1D-exp-vs-cauchy-2048p,2048,2048,0.5055575310364024,11,4.2664253527216397e-08,,seconds,0.0,0.003474123775959,megabytes,0.0,0.0,0.0,0.0,0.0,0.0,0.0,0.0,success,sinkhorn,0.1,100000
1D-exp-vs-cauchy-2048p,2048,2048,0.2252366702390593,21,1.1808787908852875e-10,,seconds,0.0,0.0038800202310085,megabytes,0.0,0.0,0.0,0.0,0.0,0.0,0.0,0.0,success,sinkhorn,0.1,100000
1D-exp-vs-cauchy-2048p,2048,2048,0.1869072678660923,21,3.5482437466083255e-10,,seconds,0.0,0.0037966798990964,megabytes,0.0,0.0,0.0,0.0,0.0,0.0,0.0,0.0,success,sinkhorn,0.1,100000
1D-exp-vs-cauchy-2048p,2048,2048,0.4641730563263207,31,1.526764639164276e-08,,seconds,0.0,0.0044234283268451,megabytes,0.0,0.0,0.0,0.0,0.0,0.0,0.0,0.0,success,sinkhorn,0.1,100000
1D-exp-vs-cauchy-2048p,2048,2048,0.0852491038319445,11,4.733314258910349e-15,,seconds,0.0,0.0033745877444744,megabytes,0.0,0.0,0.0,0.0,0.0,0.0,0.0,0.0,success,sinkhorn,0.1,100000
1D-exp-vs-cauchy-2048p,2048,2048,0.1580235298711249,11,2.034756410575579e-07,,seconds,0.2997646331787109,0.0033203791826963,megabytes,88270.0,88270.0,0.0,0.0,0.069378048,0.069378048,0.0,0.0,success,sinkhorn,0.1,100000
1D-exp-vs-cauchy-2048p,2048,2048,0.7102440158738197,21,9.623073604083248e-07,,seconds,0.2161409854888916,0.0040306467562913,megabytes,88270.0,88270.0,0.0,0.0,0.069431296,0.069431296,0.0,0.0,success,sinkhorn,0.1,100000
1D-exp-vs-cauchy-2048p,2048,2048,0.1295171765601714,11,3.534051871679634e-09,,seconds,0.3100252151489258,0.0034574344754219,megabytes,88270.0,88270.0,0.0,0.0,0.069373952,0.069373952,0.0,0.0,success,sinkhorn,0.1,100000
1D-exp-vs-cauchy-2048p,2048,2048,0.035597599650912,11,2.349231938432761e-17,,seconds,0.0,0.0033644586801528,megabytes,0.0,0.0,0.0,0.0,0.0,0.0,0.0,0.0,success,sinkhorn,0.1,100000
1D-exp-vs-cauchy-2048p,2048,2048,0.6499529842777029,31,1.6664548879115277e-07,,seconds,0.0,0.0043493527919054,megabytes,0.0,0.0,0.0,0.0,0.0,0.0,0.0,0.0,success,sinkhorn,0.1,100000
1D-exp-vs-cauchy-2048p,2048,2048,0.2292632076843637,21,4.4988640900318664e-09,,seconds,0.2982025146484375,0.0038589034229516,megabytes,88270.0,88270.0,0.0,0.0,0.069337088,0.069337088,0.0,0.0,success,sinkhorn,0.1,100000
1D-exp-vs-cauchy-2048p,2048,2048,0.4981573827020375,31,3.1591043832039305e-08,,seconds,0.2957422733306885,0.0044286269694566,megabytes,88270.0,88270.0,0.0,0.0,0.069394432,0.069394432,0.0,0.0,success,sinkhorn,0.1,100000
1D-exp-vs-cauchy-2048p,2048,2048,0.4488574404739733,21,5.827395228099333e-07,,seconds,0.3030388355255127,0.0038657058030366,megabytes,88270.0,88270.0,0.0,0.0,0.069402624,0.069402624,0.0,0.0,success,sinkhorn,0.1,100000
1D-exp-vs-cauchy-2048p,2048,2048,0.6705169200410819,31,6.728805178004762e-08,,seconds,0.0,0.0044262520968914,megabytes,0.0,0.0,0.0,0.0,0.0,0.0,0.0,0.0,success,sinkhorn,0.1,100000
1D-cauchy-vs-gaussian-32p,32,32,0.3528266533717823,100000,0.4688166732452997,,seconds,3.421274423599243,3.2645236365497112,megabytes,88270.0,88270.0,54.0,48.285714285714285,0.090537984,0.090537984,0.79453125,0.7405133928571429,success,sinkhorn,0.01,100000
1D-cauchy-vs-gaussian-32p,32,32,0.4675429637877689,251,9.56063963629442e-07,,seconds,0.2907781600952148,0.0105003714561462,megabytes,88270.0,88270.0,2.0,2.0,0.074207232,0.074207232,0.0,0.0,success,sinkhorn,0.01,100000
1D-cauchy-vs-gaussian-32p,32,32,0.0964581443997465,100000,0.0146764654462683,,seconds,3.405833005905152,3.255660552531481,megabytes,88270.0,88270.0,54.0,49.642857142857146,0.090636288,0.090636288,0.809375,0.7530691964285714,success,sinkhorn,0.01,100000
1D-cauchy-vs-gaussian-32p,32,32,0.0558005347662357,100000,0.0038223294621412,,seconds,3.316411256790161,3.243188299238682,megabytes,88270.0,88270.0,54.0,47.46153846153846,0.090554368,0.090554368,0.7921875,0.7620793269230769,success,sinkhorn,0.01,100000
1D-cauchy-vs-gaussian-32p,32,32,0.1320378027266058,8251,9.77061511554029e-07,,seconds,0.4926109313964844,0.2714589647948742,megabytes,88270.0,88270.0,47.0,36.0,0.07958528,0.07958528,0.79296875,0.41328125,success,sinkhorn,0.01,100000
1D-cauchy-vs-gaussian-32p,32,32,0.2288905045957351,4331,9.539482357410245e-07,,seconds,0.2192990779876709,0.1439079418778419,megabytes,88270.0,88270.0,0.0,0.0,0.069066752,0.069066752,0.471875,0.471875,success,sinkhorn,0.01,100000
1D-cauchy-vs-gaussian-32p,32,32,0.4057307820196065,100000,0.0533307167997711,,seconds,3.343792676925659,3.249437337741256,megabytes,88270.0,88270.0,54.0,50.07692307692308,0.090427392,0.090427392,0.8015625,0.7621995192307691,success,sinkhorn,0.01,100000
1D-cauchy-vs-gaussian-32p,32,32,0.1402685037368079,100000,0.0104685482642873,,seconds,3.220380544662476,3.2124645449221134,megabytes,88270.0,88270.0,55.0,52.083333333333336,0.090411008,0.090411008,0.79609375,0.7765624999999999,success,sinkhorn,0.01,100000
1D-cauchy-vs-gaussian-32p,32,32,0.1975096454064279,6501,9.97964445320503e-07,,seconds,0.264892578125,0.210439121350646,megabytes,88270.0,88270.0,4.0,4.0,0.06897664,0.06897664,0.5734375,0.5734375,success,sinkhorn,0.01,100000
1D-cauchy-vs-gaussian-32p,32,32,0.5451482010091271,100000,0.0334583899065143,,seconds,3.28870177268982,3.1956221405416727,megabytes,88270.0,88270.0,55.0,47.69230769230769,0.090427392,0.090427392,0.790625,0.7560697115384615,success,sinkhorn,0.01,100000
1D-cauchy-vs-gaussian-32p,32,32,0.1534275517988158,7321,9.714961735971764e-07,,seconds,0.293691873550415,0.2354085575789213,megabytes,88270.0,88270.0,21.0,21.0,0.069009408,0.069009408,0.59765625,0.59765625,success,sinkhorn,0.01,100000
1D-cauchy-vs-gaussian-32p,32,32,0.4213740349100782,100000,0.2389130239720457,,seconds,3.217327833175659,3.2012393791228533,megabytes,88270.0,88270.0,55.0,49.92857142857143,0.090533888,0.090533888,0.81875,0.7801339285714287,success,sinkhorn,0.01,100000
1D-cauchy-vs-gaussian-32p,32,32,0.1897612840753884,100000,0.0296830706846115,,seconds,3.21402907371521,3.216730058193207,megabytes,88270.0,88270.0,55.0,49.2,0.090505216,0.090505216,0.815625,0.7790625,success,sinkhorn,0.01,100000
1D-cauchy-vs-gaussian-32p,32,32,0.4966526804691143,501,9.790209685633209e-07,,seconds,0.2170281410217285,0.0185902994126081,megabytes,88270.0,88270.0,4.0,4.0,0.069996544,0.069996544,0.0,0.0,success,sinkhorn,0.01,100000
1D-cauchy-vs-gaussian-32p,32,32,0.225708076598668,1231,9.398947761751156e-07,,seconds,0.2921159267425537,0.0417648218572139,megabytes,88270.0,88270.0,11.0,11.0,0.069537792,0.069537792,0.0578125,0.0578125,success,sinkhorn,0.01,100000
1D-cauchy-vs-gaussian-32p,32,32,0.2156047004992423,4371,9.62219898649732e-07,,seconds,0.2203593254089355,0.1409633923321962,megabytes,88270.0,88270.0,0.0,0.0,0.069128192,0.069128192,0.47109375,0.47109375,success,sinkhorn,0.01,100000
1D-cauchy-vs-gaussian-32p,32,32,0.1857685054300671,100000,0.0208563522385352,,seconds,3.219946384429932,3.1958928275853395,megabytes,88270.0,88270.0,55.0,49.333333333333336,0.090488832,0.090488832,0.78984375,0.7691145833333334,success,sinkhorn,0.01,100000
1D-cauchy-vs-gaussian-32p,32,32,0.5724064129643386,100000,0.168292227429785,,seconds,3.1570398807525635,3.108374198898673,megabytes,88270.0,88270.0,58.0,51.30769230769231,0.09039872,0.09039872,0.81484375,0.7621394230769231,success,sinkhorn,0.01,100000
1D-cauchy-vs-gaussian-32p,32,32,0.4122799882486379,22621,9.95264879371509e-07,,seconds,0.9053492546081544,0.728828277438879,megabytes,88270.0,88270.0,54.0,36.25,0.080273408,0.080273408,0.7828125,0.5888671875,success,sinkhorn,0.01,100000
1D-cauchy-vs-gaussian-32p,32,32,0.1224125108768983,6841,9.997551829951002e-07,,seconds,0.4234054088592529,0.2213034741580486,megabytes,88270.0,88270.0,0.0,0.0,0.080142336,0.080142336,0.784375,0.3921875,success,sinkhorn,0.01,100000
1D-cauchy-vs-gaussian-32p,32,32,0.4696217444975572,1501,9.626490126989591e-07,,seconds,0.2186665534973144,0.0505500081926584,megabytes,88270.0,88270.0,13.0,13.0,0.069128192,0.069128192,0.11640625,0.11640625,success,sinkhorn,0.01,100000
1D-cauchy-vs-gaussian-32p,32,32,0.5000283571924204,100000,0.1223051283629025,,seconds,3.1552255153656006,3.142929857596755,megabytes,88270.0,88270.0,57.0,50.84615384615385,0.090361856,0.090361856,0.78984375,0.768389423076923,success,sinkhorn,0.01,100000
1D-cauchy-vs-gaussian-32p,32,32,0.1107181439367592,9341,9.92389548908202e-07,,seconds,0.432866096496582,0.3013423327356577,megabytes,88270.0,88270.0,55.0,51.0,0.07929856,0.07929856,0.78515625,0.512890625,success,sinkhorn,0.01,100000
1D-cauchy-vs-gaussian-32p,32,32,0.5156950524143732,100000,0.1464695418289867,,seconds,3.198007822036743,3.1844872515648603,megabytes,88270.0,88270.0,55.0,50.86666666666667,0.090415104,0.090415104,0.80234375,0.7775520833333333,success,sinkhorn,0.01,100000
1D-cauchy-vs-gaussian-32p,32,32,0.3846139434405241,100000,0.0194241553240163,,seconds,3.2194817066192627,3.098288092762232,megabytes,88270.0,88270.0,58.0,50.76923076923077,0.090333184,0.090333184,0.8046875,0.7437500000000001,success,sinkhorn,0.01,100000
1D-cauchy-vs-gaussian-32p,32,32,0.2255570532591457,8311,9.894829845386616e-07,,seconds,0.4285175800323486,0.2688478790223598,megabytes,88270.0,88270.0,41.0,20.5,0.079425536,0.079425536,0.7796875,0.451171875,success,sinkhorn,0.01,100000
1D-cauchy-vs-gaussian-32p,32,32,0.2955787155865701,761,8.214001852525262e-07,,seconds,0.2220580577850341,0.0271704327315092,megabytes,88270.0,88270.0,0.0,0.0,0.069545984,0.069545984,0.0390625,0.0390625,success,sinkhorn,0.01,100000
1D-cauchy-vs-gaussian-32p,32,32,0.1448691005736406,100000,0.0106149682030739,,seconds,3.359201669692993,3.1835683695971966,megabytes,88270.0,88270.0,54.0,47.4375,0.0907264,0.0907264,0.78828125,0.7357910156249998,success,sinkhorn,0.01,100000
1D-cauchy-vs-gaussian-32p,32,32,0.2589317547940334,100000,0.0393224183569883,,seconds,3.435103416442871,3.26838793605566,megabytes,88270.0,88270.0,54.0,46.66666666666666,0.090689536,0.090689536,0.8140625,0.7333854166666666,success,sinkhorn,0.01,100000
1D-cauchy-vs-gaussian-32p,32,32,0.3839581082024093,3021,9.468843551784264e-07,,seconds,0.2160534858703613,0.100250756368041,megabytes,88270.0,88270.0,0.0,0.0,0.069193728,0.069193728,0.3546875,0.3546875,success,sinkhorn,0.01,100000
1D-cauchy-vs-gaussian-32p,32,32,0.312193820637816,100000,0.0408410946880836,,seconds,3.35833740234375,3.275267520919442,megabytes,88270.0,88270.0,54.0,47.75,0.090382336,0.090382336,0.81328125,0.7595214843750001,success,sinkhorn,0.01,100000
1D-cauchy-vs-gaussian-64p,64,64,0.2288364776689359,6371,9.82960828663867e-07,,seconds,0.2206132411956787,0.2078388929367065,megabytes,88270.0,88270.0,0.0,0.0,0.069111808,0.069111808,0.73671875,0.73671875,success,sinkhorn,0.01,100000
1D-cauchy-vs-gaussian-64p,64,64,0.4967057871351156,741,9.948209750840258e-07,,seconds,0.2187819480895996,0.0263780634850263,megabytes,88270.0,88270.0,7.0,7.0,0.069632,0.069632,0.0,0.0,success,sinkhorn,0.01,100000
1D-cauchy-vs-gaussian-64p,64,64,0.2256552871275519,2201,9.666183377677864e-07,,seconds,0.2207694053649902,0.0728824120014905,megabytes,88270.0,88270.0,0.0,0.0,0.069173248,0.069173248,0.1953125,0.1953125,success,sinkhorn,0.01,100000
1D-cauchy-vs-gaussian-64p,64,64,0.467583506575633,421,8.334910965756046e-07,,seconds,0.2200586795806884,0.0159435253590345,megabytes,88270.0,88270.0,17.0,17.0,0.070275072,0.070275072,0.0,0.0,success,sinkhorn,0.01,100000
1D-cauchy-vs-gaussian-64p,64,64,0.5222765401319301,100000,0.0344877388721835,,seconds,3.3015332221984863,3.140457069501281,megabytes,88270.0,88270.0,57.0,51.5,0.090619904,0.090619904,0.79609375,0.7372767857142858,success,sinkhorn,0.01,100000
1D-cauchy-vs-gaussian-64p,64,64,0.4119176549567062,38111,9.980188776822488e-07,,seconds,1.3902690410614014,1.203625937923789,megabytes,88270.0,88270.0,55.0,43.5,0.087351296,0.087351296,0.81640625,0.6669270833333333,success,sinkhorn,0.01,100000
1D-cauchy-vs-gaussian-64p,64,64,0.383696050091832,5161,9.832994160370066e-07,,seconds,0.2912538051605224,0.1644396148622036,megabytes,88270.0,88270.0,1.0,1.0,0.076914688,0.076914688,0.4046875,0.4046875,success,sinkhorn,0.01,100000
1D-cauchy-vs-gaussian-64p,64,64,0.3845108795169157,100000,0.0193780717377282,,seconds,3.3515937328338623,3.286672228947282,megabytes,88270.0,88270.0,57.0,49.71428571428572,0.090365952,0.090365952,0.815625,0.7715959821428572,success,sinkhorn,0.01,100000
1D-cauchy-vs-gaussian-64p,64,64,0.4037893432106055,100000,0.0533162342092116,,seconds,3.29789400100708,3.100713225081563,megabytes,88270.0,88270.0,58.0,51.92857142857143,0.093200384,0.093200384,0.80078125,0.7219866071428571,success,sinkhorn,0.01,100000
1D-cauchy-vs-gaussian-64p,64,64,0.4621026190204526,100000,0.1693625699748304,,seconds,3.231215238571167,3.1418160255998373,megabytes,88270.0,88270.0,56.0,51.86666666666667,0.092504064,0.092504064,0.8140625,0.7609375,success,sinkhorn,0.01,100000
1D-cauchy-vs-gaussian-64p,64,64,0.4710092352278296,100000,0.0916524363804651,,seconds,3.2255759239196777,3.1690549664199352,megabytes,88270.0,88270.0,55.0,50.2,0.092520448,0.092520448,0.815625,0.7645833333333336,success,sinkhorn,0.01,100000
1D-cauchy-vs-gaussian-64p,64,64,0.2149659295006565,6261,9.968131779671212e-07,,seconds,0.2230045795440673,0.2026894576847553,megabytes,88270.0,88270.0,7.0,7.0,0.069107712,0.069107712,0.69296875,0.69296875,success,sinkhorn,0.01,100000
1D-cauchy-vs-gaussian-64p,64,64,0.2250952861453065,13551,9.888174190563831e-07,,seconds,0.5289981365203857,0.41781753487885,megabytes,88270.0,88270.0,57.0,28.5,0.08656896,0.08656896,0.78984375,0.600390625,success,sinkhorn,0.01,100000
1D-cauchy-vs-gaussian-64p,64,64,0.1975034111808452,11521,9.864303512299054e-07,,seconds,0.4466626644134521,0.3639165442436933,megabytes,88270.0,88270.0,56.0,33.0,0.08656896,0.08656896,0.79375,0.622265625,success,sinkhorn,0.01,100000
1D-cauchy-vs-gaussian-64p,64,64,0.5271520630125895,100000,0.0983459680958871,,seconds,3.3066623210906982,3.1665766406804323,megabytes,88270.0,88270.0,55.0,50.266666666666666,0.092561408,0.092561408,0.8078125,0.7427083333333333,success,sinkhorn,0.01,100000
1D-cauchy-vs-gaussian-64p,64,64,0.2638290146143711,100000,0.0354696146480284,,seconds,3.255197048187256,3.161553669720888,megabytes,88270.0,88270.0,56.0,51.4,0.092520448,0.092520448,0.81484375,0.7628645833333334,success,sinkhorn,0.01,100000
1D-cauchy-vs-gaussian-64p,64,64,0.1221454662805539,10091,9.9893645989669e-07,,seconds,0.4247608184814453,0.3293713554739952,megabytes,88270.0,88270.0,37.0,18.5,0.07919616,0.07919616,0.7484375,0.55859375,success,sinkhorn,0.01,100000
1D-cauchy-vs-gaussian-64p,64,64,0.1496652389846375,100000,0.0023530407055881,,seconds,3.290846347808838,3.224227895960212,megabytes,88270.0,88270.0,55.0,48.73333333333333,0.090497024,0.090497024,0.809375,0.7614583333333333,success,sinkhorn,0.01,100000
1D-cauchy-vs-gaussian-64p,64,64,0.4580264937075082,100000,0.0076157299780231,,seconds,3.1548526287078857,3.1217344366014004,megabytes,88270.0,88270.0,57.0,47.85714285714285,0.092495872,0.092495872,0.8,0.7657924107142858,success,sinkhorn,0.01,100000
1D-cauchy-vs-gaussian-64p,64,64,0.327758365621021,100000,0.3241210151052794,,seconds,3.338104009628296,3.1591227538883686,megabytes,88270.0,88270.0,56.0,50.625,0.09306112,0.09306112,0.80390625,0.73427734375,success,sinkhorn,0.01,100000
1D-cauchy-vs-gaussian-64p,64,64,0.1811558672382851,100000,0.0176344748497425,,seconds,3.383746862411499,3.242882059887052,megabytes,88270.0,88270.0,54.0,54.0,0.090472448,0.090472448,0.80625,0.7404017857142857,success,sinkhorn,0.01,100000
1D-cauchy-vs-gaussian-64p,64,64,0.1106508340087356,13491,9.909307365449558e-07,,seconds,0.4931082725524902,0.4411513190716505,megabytes,88270.0,88270.0,54.0,45.5,0.0790528,0.0790528,0.76953125,0.670703125,success,sinkhorn,0.01,100000
1D-cauchy-vs-gaussian-64p,64,64,0.1397878514258171,100000,0.0104528204753654,,seconds,3.43752670288086,3.230047201737761,megabytes,88270.0,88270.0,55.0,49.2,0.090570752,0.090570752,0.8125,0.7444270833333333,success,sinkhorn,0.01,100000
1D-cauchy-vs-gaussian-64p,64,64,0.3008434657134042,100000,0.0457269634880144,,seconds,3.193298816680908,3.1762191727757454,megabytes,88270.0,88270.0,55.0,47.86666666666667,0.092594176,0.092594176,0.79765625,0.7773958333333334,success,sinkhorn,0.01,100000
1D-cauchy-vs-gaussian-64p,64,64,0.0562948555109878,100000,0.0034359368386016,,seconds,3.224208116531372,3.16850271075964,megabytes,88270.0,88270.0,57.0,50.73333333333333,0.092573696,0.092573696,0.79375,0.7630729166666665,success,sinkhorn,0.01,100000
1D-cauchy-vs-gaussian-64p,64,64,0.295545704115825,1251,9.012365304929184e-07,,seconds,0.2365884780883789,0.0428744554519653,megabytes,88270.0,88270.0,3.0,3.0,0.069259264,0.069259264,0.0390625,0.0390625,success,sinkhorn,0.01,100000
1D-cauchy-vs-gaussian-64p,64,64,0.1442992663883343,100000,0.0106168021680458,,seconds,3.2837917804718018,3.240028198808432,megabytes,88270.0,88270.0,54.0,50.4,0.09050112,0.09050112,0.81015625,0.7729166666666668,success,sinkhorn,0.01,100000
1D-cauchy-vs-gaussian-64p,64,64,0.0975042046500414,100000,0.0094526339115533,,seconds,3.297780036926269,3.2333055157214403,megabytes,88270.0,88270.0,55.0,48.57142857142857,0.090505216,0.090505216,0.7984375,0.7600446428571429,success,sinkhorn,0.01,100000
1D-cauchy-vs-gaussian-64p,64,64,0.6134213756466571,100000,0.1290319661244786,,seconds,3.389549970626831,3.225137386471033,megabytes,88270.0,88270.0,55.0,51.625,0.09099264,0.09099264,0.8125,0.729296875,success,sinkhorn,0.01,100000
1D-cauchy-vs-gaussian-64p,64,64,0.1317861564805412,11981,9.822660604126304e-07,,seconds,0.4820759296417236,0.3870019949972629,megabytes,88270.0,88270.0,54.0,31.0,0.079228928,0.079228928,0.778125,0.591015625,success,sinkhorn,0.01,100000
1D-cauchy-vs-gaussian-64p,64,64,0.1834760128378893,100000,0.0303230434965733,,seconds,3.336885929107666,3.2324431017041206,megabytes,88270.0,88270.0,54.0,48.875,0.09064448,0.09064448,0.81953125,0.7583496093750002,success,sinkhorn,0.01,100000
1D-cauchy-vs-gaussian-128p,128,128,0.4601404037505053,100000,0.0060818302774163,,seconds,3.4121224880218506,3.2825118340551853,megabytes,88270.0,88270.0,54.0,52.9375,0.090660864,0.090660864,0.7921875,0.7429687500000001,success,sinkhorn,0.01,100000
1D-cauchy-vs-gaussian-128p,128,128,0.1828286836375441,100000,0.0146192031347266,,seconds,3.398136615753174,3.2642776872962718,megabytes,88270.0,88270.0,57.0,48.13333333333333,0.090701824,0.090701824,0.81953125,0.7678125,success,sinkhorn,0.01,100000
1D-cauchy-vs-gaussian-128p,128,128,0.261964461675032,100000,0.0250698136115528,,seconds,3.2646820545196533,3.1447660010308027,megabytes,88270.0,88270.0,58.0,52.38461538461539,0.090525696,0.090525696,0.79609375,0.7443509615384616,success,sinkhorn,0.01,100000
1D-cauchy-vs-gaussian-128p,128,128,0.139855887565873,100000,0.0104082820025865,,seconds,3.4350686073303223,3.2914764508605003,megabytes,88270.0,88270.0,54.0,52.625,0.090628096,0.090628096,0.8125,0.7440429687500001,success,sinkhorn,0.01,100000
1D-cauchy-vs-gaussian-128p,128,128,0.1221479410012911,14691,9.930469430189509e-07,,seconds,0.6383905410766602,0.4856439027935266,megabytes,88270.0,88270.0,54.0,36.0,0.079495168,0.079495168,0.78203125,0.56015625,success,sinkhorn,0.01,100000
1D-cauchy-vs-gaussian-128p,128,128,0.3046242738508528,100000,0.0343101819531035,,seconds,3.282812118530273,3.2820751648396254,megabytes,88270.0,88270.0,54.0,49.8,0.090591232,0.090591232,0.78984375,0.7798958333333333,success,sinkhorn,0.01,100000
1D-cauchy-vs-gaussian-128p,128,128,0.1843119150956167,100000,0.0193020477455369,,seconds,3.4683938026428223,3.2719380110502243,megabytes,88270.0,88270.0,55.0,50.5625,0.091283456,0.091283456,0.815625,0.7337890625,success,sinkhorn,0.01,100000
1D-cauchy-vs-gaussian-128p,128,128,0.4676172851062851,671,8.832147383577963e-07,,seconds,0.2221472263336181,0.0245948079973459,megabytes,88270.0,88270.0,0.0,0.0,0.069435392,0.069435392,0.0,0.0,success,sinkhorn,0.01,100000
1D-cauchy-vs-gaussian-128p,128,128,0.0561269808478322,100000,0.0035456319911455,,seconds,3.419193983078003,3.2570997457951307,megabytes,88270.0,88270.0,56.0,49.333333333333336,0.090599424,0.090599424,0.81171875,0.7515104166666667,success,sinkhorn,0.01,100000
1D-cauchy-vs-gaussian-128p,128,128,0.2288372328996996,9261,9.847023943072162e-07,,seconds,0.4365382194519043,0.3048438839614391,megabytes,88270.0,88270.0,54.0,31.0,0.079171584,0.079171584,0.74453125,0.530078125,success,sinkhorn,0.01,100000
1D-cauchy-vs-gaussian-128p,128,128,0.6020240947748485,100000,0.0960078623580034,,seconds,3.1771697998046875,3.171965327113867,megabytes,88270.0,88270.0,58.0,50.61538461538461,0.090443776,0.090443776,0.78671875,0.7751802884615385,success,sinkhorn,0.01,100000
1D-cauchy-vs-gaussian-128p,128,128,0.4967336296737329,1101,9.21121217681404e-07,,seconds,0.3546483516693115,0.0385605320334434,megabytes,88270.0,88270.0,10.0,10.0,0.069267456,0.069267456,0.046875,0.046875,success,sinkhorn,0.01,100000
1D-cauchy-vs-gaussian-128p,128,128,0.384746221807851,100000,0.0136255297482574,,seconds,3.337767601013184,3.207002956420183,megabytes,88270.0,88270.0,56.0,49.86666666666667,0.092737536,0.092737536,0.7859375,0.7512500000000001,success,sinkhorn,0.01,100000
1D-cauchy-vs-gaussian-128p,128,128,0.1106543376687991,19131,9.98611663080171e-07,,seconds,0.7335512638092041,0.6045799031853676,megabytes,88270.0,88270.0,56.0,43.66666666666666,0.086908928,0.086908928,0.765625,0.5916666666666667,success,sinkhorn,0.01,100000
1D-cauchy-vs-gaussian-128p,128,128,0.3226433041576971,100000,0.2279172677251803,,seconds,3.371802806854248,3.2291693836450577,megabytes,88270.0,88270.0,55.0,49.8125,0.090697728,0.090697728,0.8140625,0.741357421875,success,sinkhorn,0.01,100000
1D-cauchy-vs-gaussian-128p,128,128,0.225095196848771,20481,9.962630192216646e-07,,seconds,0.8183450698852539,0.6414077207446098,megabytes,88270.0,88270.0,58.0,40.0,0.08722432,0.08722432,0.77734375,0.5408854166666667,success,sinkhorn,0.01,100000
1D-cauchy-vs-gaussian-128p,128,128,0.1975014189550192,18271,9.997073065488532e-07,,seconds,0.6356136798858643,0.6018005535006523,megabytes,88270.0,88270.0,54.0,33.333333333333336,0.079519744,0.079519744,0.77890625,0.7351562499999998,success,sinkhorn,0.01,100000
1D-cauchy-vs-gaussian-128p,128,128,0.4466326907758063,100000,0.124261158362875,,seconds,3.171799421310425,3.155576443299651,megabytes,88270.0,88270.0,59.0,50.46153846153846,0.090443776,0.090443776,0.81171875,0.7766826923076923,success,sinkhorn,0.01,100000
1D-cauchy-vs-gaussian-128p,128,128,0.1428462640106412,100000,0.0088439403165601,,seconds,3.370957136154175,3.229910602793097,megabytes,88270.0,88270.0,58.0,55.0625,0.092786688,0.092786688,0.7953125,0.742724609375,success,sinkhorn,0.01,100000
1D-cauchy-vs-gaussian-128p,128,128,0.0974974303727814,100000,0.0094562324506803,,seconds,3.4864144325256348,3.289533408358693,megabytes,88270.0,88270.0,54.0,48.6875,0.09129984,0.09129984,0.78828125,0.727392578125,success,sinkhorn,0.01,100000
1D-cauchy-vs-gaussian-128p,128,128,0.1509300605852913,100000,0.0014835318947419,,seconds,3.274186134338379,3.2320273481309414,megabytes,88270.0,88270.0,55.0,49.285714285714285,0.09273344,0.09273344,0.7890625,0.7656808035714288,success,sinkhorn,0.01,100000
1D-cauchy-vs-gaussian-128p,128,128,0.5377402588995858,100000,0.0663095085562016,,seconds,3.364897489547729,3.268196264281869,megabytes,88270.0,88270.0,55.0,50.9375,0.090587136,0.090587136,0.815625,0.7586914062499999,success,sinkhorn,0.01,100000
1D-cauchy-vs-gaussian-128p,128,128,0.4041720428210473,100000,0.0352897508310556,,seconds,3.358689308166504,3.2843209840357304,megabytes,88270.0,88270.0,54.0,50.266666666666666,0.090529792,0.090529792,0.81171875,0.7558854166666666,success,sinkhorn,0.01,100000
1D-cauchy-vs-gaussian-128p,128,128,0.2256536633535163,3581,9.921834558535149e-07,,seconds,0.2204372882843017,0.1203520596027374,megabytes,88270.0,88270.0,25.0,25.0,0.068784128,0.068784128,0.39296875,0.39296875,success,sinkhorn,0.01,100000
1D-cauchy-vs-gaussian-128p,128,128,0.4118913249842436,61951,9.993565053448328e-07,,seconds,2.1333563327789307,2.028345888480544,megabytes,88270.0,88270.0,54.0,46.6,0.090116096,0.090116096,0.78359375,0.733125,success,sinkhorn,0.01,100000
1D-cauchy-vs-gaussian-128p,128,128,0.5299558096820307,100000,0.0255380245223861,,seconds,3.3331987857818604,3.1600174866616726,megabytes,88270.0,88270.0,58.0,52.07692307692308,0.090824704,0.090824704,0.79453125,0.7235576923076922,success,sinkhorn,0.01,100000
1D-cauchy-vs-gaussian-128p,128,128,0.3836952181899658,8271,9.82807362699516e-07,,seconds,0.4469404220581054,0.2734410278499126,megabytes,88270.0,88270.0,49.0,24.5,0.078938112,0.078938112,0.7828125,0.465625,success,sinkhorn,0.01,100000
1D-cauchy-vs-gaussian-128p,128,128,0.4799507983109794,100000,0.0668113865905753,,seconds,3.412872314453125,3.282421035692096,megabytes,88270.0,88270.0,54.0,48.9375,0.090611712,0.090611712,0.80625,0.747119140625,success,sinkhorn,0.01,100000
1D-cauchy-vs-gaussian-128p,128,128,0.2955497573838317,1961,9.41047163526189e-07,,seconds,0.2179899215698242,0.0664928816258907,megabytes,88270.0,88270.0,0.0,0.0,0.06875136,0.06875136,0.15703125,0.15703125,success,sinkhorn,0.01,100000
1D-cauchy-vs-gaussian-128p,128,128,0.2139831488280164,100000,0.0006762164328996,,seconds,3.3397669792175293,3.222855757921934,megabytes,88270.0,88270.0,58.0,47.2,0.090456064,0.090456064,0.7921875,0.7457291666666667,success,sinkhorn,0.01,100000
1D-cauchy-vs-gaussian-128p,128,128,0.131785928519337,17461,9.96806648782792e-07,,seconds,0.7089197635650635,0.5538344774395227,megabytes,88270.0,88270.0,56.0,36.66666666666666,0.08667136,0.08667136,0.79453125,0.5546875000000001,success,sinkhorn,0.01,100000
1D-cauchy-vs-gaussian-256p,256,256,0.1106552190741333,27281,9.955390464578463e-07,,seconds,0.9204778671264648,0.9078847132623196,megabytes,88270.0,88270.0,55.0,40.0,0.08732672,0.08732672,0.76796875,0.755859375,success,sinkhorn,0.01,100000
1D-cauchy-vs-gaussian-256p,256,256,0.4967405826933778,1661,9.480825487367282e-07,,seconds,0.220860481262207,0.0573387295007705,megabytes,88270.0,88270.0,34.0,34.0,0.068763648,0.068763648,0.11640625,0.11640625,success,sinkhorn,0.01,100000
1D-cauchy-vs-gaussian-256p,256,256,0.4118852304675704,94571,9.997063788957433e-07,,seconds,3.107573270797729,3.102111814543605,megabytes,88270.0,88270.0,59.0,49.85714285714285,0.09080832,0.09080832,0.81796875,0.7762834821428571,success,sinkhorn,0.01,100000
1D-cauchy-vs-gaussian-256p,256,256,0.1821765353690899,100000,0.010778527895086,,seconds,3.330740451812744,3.157260660082102,megabytes,88270.0,88270.0,59.0,52.785714285714285,0.091213824,0.091213824,0.790625,0.7344866071428572,success,sinkhorn,0.01,100000
1D-cauchy-vs-gaussian-256p,256,256,0.2621444360217488,100000,0.0176086936632199,,seconds,3.397474527359009,3.375076150521636,megabytes,88270.0,88270.0,54.0,47.375,0.090955776,0.090955776,0.81015625,0.775244140625,success,sinkhorn,0.01,100000
1D-cauchy-vs-gaussian-256p,256,256,0.197501201887709,28141,9.971059079895643e-07,,seconds,1.1161296367645264,0.9180177021771668,megabytes,88270.0,88270.0,58.0,40.0,0.088051712,0.088051712,0.80390625,0.6212500000000001,success,sinkhorn,0.01,100000
1D-cauchy-vs-gaussian-256p,256,256,0.1504568916609431,100000,0.0018073044729916,,seconds,3.267063856124878,3.2296893261373043,megabytes,88270.0,88270.0,59.0,52.07692307692308,0.090640384,0.090640384,0.79921875,0.7690504807692307,success,sinkhorn,0.01,100000
1D-cauchy-vs-gaussian-256p,256,256,0.404387605408586,100000,0.025054185913017,,seconds,3.738215923309326,3.66861118003726,megabytes,88270.0,88270.0,51.0,48.94117647058823,0.09086976,0.09086976,0.80859375,0.76328125,success,sinkhorn,0.01,100000
1D-cauchy-vs-gaussian-256p,256,256,0.4676257186699573,1071,9.838622408797856e-07,,seconds,0.2200667858123779,0.0377640277147293,megabytes,88270.0,88270.0,10.0,10.0,0.06920192,0.06920192,0.07734375,0.07734375,success,sinkhorn,0.01,100000
1D-cauchy-vs-gaussian-256p,256,256,0.3034842648874163,100000,0.0254481706270298,,seconds,3.205009937286377,3.2006761971861124,megabytes,88270.0,88270.0,59.0,52.333333333333336,0.090513408,0.090513408,0.83671875,0.7810546874999998,success,sinkhorn,0.01,100000
1D-cauchy-vs-gaussian-256p,256,256,0.2137874234974063,100000,0.0008058619638851,,seconds,3.6786139011383057,3.6648123934865,megabytes,88270.0,88270.0,55.0,47.285714285714285,0.090669056,0.090669056,0.8125,0.7732700892857143,success,sinkhorn,0.01,100000
1D-cauchy-vs-gaussian-256p,256,256,0.1396475212970603,100000,0.0075672467095538,,seconds,3.759617328643799,3.637173222377896,megabytes,88270.0,88270.0,56.0,48.5625,0.090886144,0.090886144,0.80859375,0.759619140625,success,sinkhorn,0.01,100000
1D-cauchy-vs-gaussian-256p,256,256,0.4504918168661378,100000,0.0877134039733959,,seconds,3.473663806915283,3.3496082480996847,megabytes,88270.0,88270.0,58.0,50.92857142857143,0.090681344,0.090681344,0.80625,0.7531808035714286,success,sinkhorn,0.01,100000
1D-cauchy-vs-gaussian-256p,256,256,0.5272314519449856,100000,0.018065641293361,,seconds,3.5573267936706543,3.474700940772891,megabytes,88270.0,88270.0,53.0,51.0625,0.090877952,0.090877952,0.80703125,0.7608398437499998,success,sinkhorn,0.01,100000
1D-cauchy-vs-gaussian-256p,256,256,0.5339897340164137,100000,0.0478329381705872,,seconds,3.51686954498291,3.4651569332927465,megabytes,88270.0,88270.0,54.0,51.1875,0.093155328,0.093155328,0.8109375,0.777783203125,success,sinkhorn,0.01,100000
1D-cauchy-vs-gaussian-256p,256,256,0.4589520001064727,100000,0.0047876652630991,,seconds,3.341781616210937,3.1781248543411493,megabytes,88270.0,88270.0,59.0,54.61538461538461,0.090632192,0.090632192,0.7984375,0.7325120192307691,success,sinkhorn,0.01,100000
1D-cauchy-vs-gaussian-256p,256,256,0.3836942325426671,12911,9.92835860212741e-07,,seconds,0.4939785003662109,0.426535815000534,megabytes,88270.0,88270.0,57.0,44.5,0.079126528,0.079126528,0.80859375,0.683984375,success,sinkhorn,0.01,100000
1D-cauchy-vs-gaussian-256p,256,256,0.1317861254365654,25411,9.999869249057662e-07,,seconds,0.8859519958496094,0.8417331296950579,megabytes,88270.0,88270.0,55.0,39.5,0.07995392,0.07995392,0.79453125,0.751171875,success,sinkhorn,0.01,100000
1D-cauchy-vs-gaussian-256p,256,256,0.1431278609112546,100000,0.0079297303884964,,seconds,3.4706814289093018,3.4704533871263266,megabytes,88270.0,88270.0,54.0,50.46666666666667,0.090771456,0.090771456,0.8109375,0.78828125,success,sinkhorn,0.01,100000
1D-cauchy-vs-gaussian-256p,256,256,0.2955507519869335,3061,9.887704459653575e-07,,seconds,0.239511489868164,0.1047539040446281,megabytes,88270.0,88270.0,0.0,0.0,0.068694016,0.068694016,0.31953125,0.31953125,success,sinkhorn,0.01,100000
1D-cauchy-vs-gaussian-256p,256,256,0.2256532566646821,5701,9.98934443623915e-07,,seconds,0.2295591831207275,0.2001396045088768,megabytes,88270.0,88270.0,27.0,27.0,0.068767744,0.068767744,0.6640625,0.6640625,success,sinkhorn,0.01,100000
1D-cauchy-vs-gaussian-256p,256,256,0.0561495275126973,100000,0.0021324646805513,,seconds,3.362741470336914,3.324682407081127,megabytes,88270.0,88270.0,55.0,51.46666666666667,0.091230208,0.091230208,0.7828125,0.75640625,success,sinkhorn,0.01,100000
1D-cauchy-vs-gaussian-256p,256,256,0.2250954626833774,30521,9.98897495180536e-07,,seconds,1.0893278121948242,1.0629506763070822,megabytes,88270.0,88270.0,53.0,43.8,0.080642048,0.080642048,0.78984375,0.7603125,success,sinkhorn,0.01,100000
1D-cauchy-vs-gaussian-256p,256,256,0.3213866454511747,100000,0.16285730337883,,seconds,3.310781240463257,3.258267406374216,megabytes,88270.0,88270.0,59.0,50.142857142857146,0.091058176,0.091058176,0.78828125,0.7659040178571427,success,sinkhorn,0.01,100000
1D-cauchy-vs-gaussian-256p,256,256,0.3834218309275909,100000,0.009987838382179,,seconds,3.4696297645568848,3.3161869272589684,megabytes,88270.0,88270.0,58.0,48.642857142857146,0.090984448,0.090984448,0.7953125,0.7402901785714285,success,sinkhorn,0.01,100000
1D-cauchy-vs-gaussian-256p,256,256,0.1221485585995272,21391,9.978031731951553e-07,,seconds,0.7071518898010254,0.7114990707486868,megabytes,88270.0,88270.0,54.0,29.33333333333333,0.080093184,0.080093184,0.78359375,0.7768229166666667,success,sinkhorn,0.01,100000
1D-cauchy-vs-gaussian-256p,256,256,0.6030973974051344,100000,0.0644348599091755,,seconds,3.497387647628784,3.417057206854224,megabytes,88270.0,88270.0,54.0,48.5625,0.09115648,0.09115648,0.79765625,0.7507812500000001,success,sinkhorn,0.01,100000
1D-cauchy-vs-gaussian-256p,256,256,0.1847941620696381,100000,0.0136607097596555,,seconds,3.479169607162476,3.233129344880581,megabytes,88270.0,88270.0,58.0,51.375,0.09181184,0.09181184,0.796875,0.729150390625,success,sinkhorn,0.01,100000
1D-cauchy-vs-gaussian-256p,256,256,0.0971533320262384,100000,0.0093310954448869,,seconds,3.6797382831573486,3.564558897167444,megabytes,88270.0,88270.0,56.0,48.73333333333333,0.091119616,0.091119616,0.790625,0.7469270833333336,success,sinkhorn,0.01,100000
1D-cauchy-vs-gaussian-256p,256,256,0.2288374072576108,13521,9.975051200758456e-07,,seconds,0.6432235240936279,0.442249109968543,megabytes,88270.0,88270.0,55.0,28.0,0.080859136,0.080859136,0.78515625,0.52109375,success,sinkhorn,0.01,100000
1D-cauchy-vs-gaussian-256p,256,256,0.4771101076539787,100000,0.0467281716827183,,seconds,3.50808048248291,3.4104620795696974,megabytes,88270.0,88270.0,54.0,47.5625,0.093466624,0.093466624,0.7984375,0.7616699218749999,success,sinkhorn,0.01,100000
1D-cauchy-vs-gaussian-512p,512,512,0.4774563179291952,100000,0.0330863770332167,,seconds,4.102279901504517,4.059503797441721,megabytes,88270.0,88270.0,56.0,54.16666666666666,0.092942336,0.092942336,0.7875,0.7677083333333333,success,sinkhorn,0.01,100000
1D-cauchy-vs-gaussian-512p,512,512,0.5343462959867773,100000,0.0335702040436912,,seconds,4.187653064727783,4.0487744975835085,megabytes,88270.0,88270.0,57.0,53.10526315789474,0.093106176,0.093106176,0.80546875,0.7628289473684211,success,sinkhorn,0.01,100000
1D-cauchy-vs-gaussian-512p,512,512,0.4493499583484719,100000,0.0622240191717071,,seconds,4.055189609527588,3.939653238281608,megabytes,88270.0,88270.0,58.0,52.4375,0.095203328,0.095203328,0.79609375,0.7579101562500001,success,sinkhorn,0.01,100000
1D-cauchy-vs-gaussian-512p,512,512,0.0561572129556769,100000,0.0015135793396429,,seconds,4.348489046096802,4.124043665826321,megabytes,88270.0,88270.0,56.0,53.0,0.093237248,0.093237248,0.81640625,0.7478207236842104,success,sinkhorn,0.01,100000
1D-cauchy-vs-gaussian-512p,512,512,0.4039115192438656,100000,0.0179528387383708,,seconds,4.387079477310181,4.0742719285190105,megabytes,88270.0,88270.0,58.0,53.63157894736842,0.093814784,0.093814784,0.7921875,0.7362253289473684,success,sinkhorn,0.01,100000
1D-cauchy-vs-gaussian-512p,512,512,0.2620897386268964,100000,0.0125873639590781,,seconds,4.0596678256988525,3.9035783167928457,megabytes,88270.0,88270.0,59.0,57.0,0.095162368,0.095162368,0.796875,0.7437500000000001,success,sinkhorn,0.01,100000
1D-cauchy-vs-gaussian-512p,512,512,0.6036168261509558,100000,0.0455902596293696,,seconds,4.197188854217529,4.069651803001761,megabytes,88270.0,88270.0,56.0,53.05263157894737,0.09312256,0.09312256,0.8125,0.7655427631578948,success,sinkhorn,0.01,100000
1D-cauchy-vs-gaussian-512p,512,512,0.4590822792884065,100000,0.0033344994856489,,seconds,4.160979986190796,4.073745282366872,megabytes,88270.0,88270.0,57.0,52.78947368421053,0.09271296,0.09271296,0.80234375,0.7754934210526316,success,sinkhorn,0.01,100000
1D-cauchy-vs-gaussian-512p,512,512,0.4118813759087857,100000,5.468710463842258e-06,,seconds,4.183230400085449,4.056947523728013,megabytes,88270.0,88270.0,57.0,52.47368421052632,0.092655616,0.092655616,0.80234375,0.7609375,success,sinkhorn,0.01,100000
1D-cauchy-vs-gaussian-512p,512,512,0.2250955276857509,45111,9.98386305372925e-07,,seconds,1.8920977115631104,1.8281382955610752,megabytes,88270.0,88270.0,57.0,48.333333333333336,0.091865088,0.091865088,0.79140625,0.7469618055555556,success,sinkhorn,0.01,100000
1D-cauchy-vs-gaussian-512p,512,512,0.3836939822034586,19911,9.979917804928422e-07,,seconds,0.9125313758850098,0.8103546872735023,megabytes,88270.0,88270.0,56.0,48.75,0.081555456,0.081555456,0.79765625,0.6804687500000001,success,sinkhorn,0.01,100000
1D-cauchy-vs-gaussian-512p,512,512,0.3036165757101176,100000,0.0177876801268324,,seconds,4.21129584312439,4.059283044189215,megabytes,88270.0,88270.0,57.0,54.526315789473685,0.092561408,0.092561408,0.8078125,0.7603618421052633,success,sinkhorn,0.01,100000
1D-cauchy-vs-gaussian-512p,512,512,0.3836785583037675,100000,0.0071427458306884,,seconds,4.068670988082886,3.9321571439504623,megabytes,88270.0,88270.0,59.0,54.55555555555556,0.094744576,0.094744576,0.81796875,0.7586805555555556,success,sinkhorn,0.01,100000
1D-cauchy-vs-gaussian-512p,512,512,0.2288374525712303,19951,9.975112077410571e-07,,seconds,0.8371720314025879,0.8095797579735518,megabytes,88270.0,88270.0,57.0,33.25,0.08153088,0.08153088,0.78046875,0.744140625,success,sinkhorn,0.01,100000
1D-cauchy-vs-gaussian-512p,512,512,0.5275223754878048,100000,0.0127571097596838,,seconds,4.342327356338501,4.072057511657476,megabytes,88270.0,88270.0,58.0,53.05263157894737,0.092565504,0.092565504,0.80546875,0.7431743421052631,success,sinkhorn,0.01,100000
1D-cauchy-vs-gaussian-512p,512,512,0.1221487096154435,31301,9.997602320293591e-07,,seconds,1.2850263118743896,1.286500934511423,megabytes,88270.0,88270.0,56.0,37.833333333333336,0.081850368,0.081850368,0.7890625,0.7727864583333334,success,sinkhorn,0.01,100000
1D-cauchy-vs-gaussian-512p,512,512,0.182263303772411,100000,0.0074860548052253,,seconds,4.252774715423584,4.131829116493464,megabytes,88270.0,88270.0,56.0,52.526315789473685,0.092659712,0.092659712,0.8,0.76328125,success,sinkhorn,0.01,100000
1D-cauchy-vs-gaussian-512p,512,512,0.1431356535208139,100000,0.0053885517302464,,seconds,4.023651361465454,3.969380272552371,megabytes,88270.0,88270.0,59.0,52.6875,0.094666752,0.094666752,0.80078125,0.77919921875,success,sinkhorn,0.01,100000
1D-cauchy-vs-gaussian-512p,512,512,0.4676278593431002,1741,9.576242464614873e-07,,seconds,0.3058936595916748,0.0736920982599258,megabytes,88270.0,88270.0,14.0,14.0,0.068653056,0.068653056,0.1359375,0.1359375,success,sinkhorn,0.01,100000
1D-cauchy-vs-gaussian-512p,512,512,0.150505955804028,100000,0.0011064568494247,,seconds,4.257517576217651,4.081914896145463,megabytes,88270.0,88270.0,57.0,53.5,0.09304064,0.09304064,0.81640625,0.742534722222222,success,sinkhorn,0.01,100000
1D-cauchy-vs-gaussian-512p,512,512,0.1975011383785641,42491,9.9878898786812e-07,,seconds,1.7857286930084229,1.7315032817423344,megabytes,88270.0,88270.0,58.0,47.0,0.09224192,0.09224192,0.815625,0.7667968749999999,success,sinkhorn,0.01,100000
1D-cauchy-vs-gaussian-512p,512,512,0.2256531575139896,9011,9.957375058960148e-07,,seconds,0.4180243015289306,0.3713752403855324,megabytes,88270.0,88270.0,31.0,15.5,0.079290368,0.079290368,0.7640625,0.672265625,success,sinkhorn,0.01,100000
1D-cauchy-vs-gaussian-512p,512,512,0.1846703593733238,100000,0.0097563628937818,,seconds,4.179679393768311,4.03224952891469,megabytes,88270.0,88270.0,58.0,53.27777777777778,0.093114368,0.093114368,0.79765625,0.747482638888889,success,sinkhorn,0.01,100000
1D-cauchy-vs-gaussian-512p,512,512,0.2955510089963269,4821,9.90302719895518e-07,,seconds,0.2211697101593017,0.1980375107377767,megabytes,88270.0,88270.0,0.0,0.0,0.06862848,0.06862848,0.66484375,0.66484375,success,sinkhorn,0.01,100000
1D-cauchy-vs-gaussian-512p,512,512,0.1317861739254092,37081,9.988679651992402e-07,,seconds,1.699610948562622,1.5287252217531204,megabytes,88270.0,88270.0,56.0,46.75,0.092479488,0.092479488,0.80078125,0.6971679687500001,success,sinkhorn,0.01,100000
1D-cauchy-vs-gaussian-512p,512,512,0.097185707191172,100000,0.0061947792288729,,seconds,4.149567604064941,4.007928026840091,megabytes,88270.0,88270.0,58.0,52.88235294117647,0.092925952,0.092925952,0.80234375,0.7536764705882351,success,sinkhorn,0.01,100000
1D-cauchy-vs-gaussian-512p,512,512,0.3204814321945929,100000,0.1153016834896399,,seconds,4.347378492355347,4.13433101028204,megabytes,88270.0,88270.0,56.0,51.68421052631579,0.093085696,0.093085696,0.79453125,0.7520148026315789,success,sinkhorn,0.01,100000
1D-cauchy-vs-gaussian-512p,512,512,0.4967423068994999,2561,9.859791928568283e-07,,seconds,0.2277178764343261,0.1066052913665771,megabytes,88270.0,88270.0,0.0,0.0,0.068661248,0.068661248,0.34140625,0.34140625,success,sinkhorn,0.01,100000
1D-cauchy-vs-gaussian-512p,512,512,0.2138349451765341,100000,0.0005571040459201,,seconds,4.226900339126587,4.104044569656253,megabytes,88270.0,88270.0,56.0,53.05263157894737,0.09304064,0.09304064,0.8015625,0.7626233552631578,success,sinkhorn,0.01,100000
1D-cauchy-vs-gaussian-512p,512,512,0.1106554315804008,39191,9.990558307489065e-07,,seconds,1.6906836032867432,1.6101565137505531,megabytes,88270.0,88270.0,55.0,44.5,0.092110848,0.092110848,0.81796875,0.74296875,success,sinkhorn,0.01,100000
1D-cauchy-vs-gaussian-512p,512,512,0.1396482198712824,100000,0.0051296306955199,,seconds,4.246415853500366,4.134409250691533,megabytes,88270.0,88270.0,56.0,51.21052631578947,0.092950528,0.092950528,0.7921875,0.7662828947368421,success,sinkhorn,0.01,100000
1D-cauchy-vs-gaussian-1024p,1024,1024,0.4590133519687631,100000,0.0024121596964195,,seconds,4.284141778945923,4.190847808495164,megabytes,88270.0,88270.0,55.0,51.21052631578947,0.09084928,0.09084928,0.79140625,0.765953947368421,success,sinkhorn,0.01,100000
1D-cauchy-vs-gaussian-1024p,1024,1024,0.2955510690369926,7581,9.979131723166393e-07,,seconds,0.4920575618743896,0.3029987420886755,megabytes,88270.0,88270.0,57.0,29.0,0.084037632,0.084037632,0.77734375,0.40859375,success,sinkhorn,0.01,100000
1D-cauchy-vs-gaussian-1024p,1024,1024,0.2138077345482884,100000,0.0004172253880105,,seconds,4.332125663757324,4.166815079748631,megabytes,88270.0,88270.0,55.0,50.44444444444444,0.090771456,0.090771456,0.8046875,0.7506510416666666,success,sinkhorn,0.01,100000
1D-cauchy-vs-gaussian-1024p,1024,1024,0.6038002104963526,100000,0.0322549647072145,,seconds,4.440157651901245,4.176981937140226,megabytes,88270.0,88270.0,55.0,50.31578947368421,0.090763264,0.090763264,0.80703125,0.7454358552631578,success,sinkhorn,0.01,100000
1D-cauchy-vs-gaussian-1024p,1024,1024,0.4118805108341165,100000,6.361588573422353e-06,,seconds,4.336632013320923,4.047515477985144,megabytes,88270.0,88270.0,57.0,53.10526315789474,0.093364224,0.093364224,0.82109375,0.7420641447368422,success,sinkhorn,0.01,100000
1D-cauchy-vs-gaussian-1024p,1024,1024,0.0971947000156114,100000,0.0043835156885837,,seconds,4.07856822013855,3.997620105743408,megabytes,88270.0,88270.0,58.0,54.77777777777778,0.09299968,0.09299968,0.82421875,0.7617621527777776,success,sinkhorn,0.01,100000
1D-cauchy-vs-gaussian-1024p,1024,1024,0.40396139827707,100000,0.0127162208654098,,seconds,4.034618377685547,3.9586949981749058,megabytes,88270.0,88270.0,58.0,52.875,0.0929792,0.0929792,0.7890625,0.7595214843749999,success,sinkhorn,0.01,100000
1D-cauchy-vs-gaussian-1024p,1024,1024,0.1317861837773069,53621,9.992348670731187e-07,,seconds,2.2916054725646973,2.2011285834014416,megabytes,88270.0,88270.0,55.0,46.72727272727273,0.09027584,0.09027584,0.81328125,0.7513494318181819,success,sinkhorn,0.01,100000
1D-cauchy-vs-gaussian-1024p,1024,1024,0.1396447963580674,100000,0.0036762599489449,,seconds,4.127397537231445,4.103693066164851,megabytes,88270.0,88270.0,56.0,52.66666666666666,0.090791936,0.090791936,0.8125,0.7722222222222223,success,sinkhorn,0.01,100000
1D-cauchy-vs-gaussian-1024p,1024,1024,0.5345001217755965,100000,0.0237479852879964,,seconds,4.296195268630981,4.114034304395318,megabytes,88270.0,88270.0,55.0,53.333333333333336,0.091267072,0.091267072,0.79375,0.7331163194444446,success,sinkhorn,0.01,100000
1D-cauchy-vs-gaussian-1024p,1024,1024,0.0561592164159903,100000,0.0010607483550723,,seconds,4.380462646484375,4.087244875729084,megabytes,88270.0,88270.0,57.0,50.94736842105263,0.091324416,0.091324416,0.8046875,0.7478618421052632,success,sinkhorn,0.01,100000
1D-cauchy-vs-gaussian-1024p,1024,1024,0.303654161972891,100000,0.0125881174122271,,seconds,4.351422071456909,4.125564243644476,megabytes,88270.0,88270.0,57.0,52.05263157894737,0.090988544,0.090988544,0.796875,0.7493421052631579,success,sinkhorn,0.01,100000
1D-cauchy-vs-gaussian-1024p,1024,1024,0.527605229630624,100000,0.009017969030542,,seconds,4.331236600875855,4.177568204700947,megabytes,88270.0,88270.0,55.0,51.35294117647059,0.090861568,0.090861568,0.81484375,0.75546875,success,sinkhorn,0.01,100000
1D-cauchy-vs-gaussian-1024p,1024,1024,0.1431282135985629,100000,0.0038146962333938,,seconds,4.246156454086304,4.0217259638011456,megabytes,88270.0,88270.0,57.0,55.36842105263158,0.093155328,0.093155328,0.81171875,0.7550986842105263,success,sinkhorn,0.01,100000
1D-cauchy-vs-gaussian-1024p,1024,1024,0.1505190046059872,100000,0.0007636922313919,,seconds,4.072622537612915,4.005487868562341,megabytes,88270.0,88270.0,57.0,52.4375,0.090943488,0.090943488,0.79375,0.7582519531249999,success,sinkhorn,0.01,100000
1D-cauchy-vs-gaussian-1024p,1024,1024,0.2288374611084945,29441,9.991389354790814e-07,,seconds,1.428842067718506,1.198515634983778,megabytes,88270.0,88270.0,57.0,41.0,0.080891904,0.080891904,0.8109375,0.6712239583333334,success,sinkhorn,0.01,100000
1D-cauchy-vs-gaussian-1024p,1024,1024,0.4967427394102965,4011,9.978588427162964e-07,,seconds,0.24314546585083,0.1673681382089853,megabytes,88270.0,88270.0,0.0,0.0,0.068640768,0.068640768,0.4859375,0.4859375,success,sinkhorn,0.01,100000
1D-cauchy-vs-gaussian-1024p,1024,1024,0.383600769602747,100000,0.0050809601528273,,seconds,4.336444854736328,4.125406922772527,megabytes,88270.0,88270.0,55.0,50.63157894736842,0.091226112,0.091226112,0.80234375,0.7534128289473685,success,sinkhorn,0.01,100000
1D-cauchy-vs-gaussian-1024p,1024,1024,0.1221487479836931,45531,9.98649582442262e-07,,seconds,1.8733315467834477,1.8350253477692604,megabytes,88270.0,88270.0,57.0,45.42857142857143,0.090263552,0.090263552,0.80625,0.7661830357142857,success,sinkhorn,0.01,100000
1D-cauchy-vs-gaussian-1024p,1024,1024,0.2620688238624118,100000,0.0089258887508071,,seconds,4.408693552017212,4.183602202683687,megabytes,88270.0,88270.0,55.0,51.21052631578947,0.091267072,0.091267072,0.81171875,0.7510690789473683,success,sinkhorn,0.01,100000
1D-cauchy-vs-gaussian-1024p,1024,1024,0.110655483687223,56051,9.997556296161682e-07,,seconds,2.4060537815093994,2.306977177038789,megabytes,88270.0,88270.0,55.0,50.45454545454545,0.090660864,0.090660864,0.7859375,0.73515625,success,sinkhorn,0.01,100000
1D-cauchy-vs-gaussian-1024p,1024,1024,0.4495375469394825,100000,0.0440065483416401,,seconds,4.242685794830322,4.126248765736818,megabytes,88270.0,88270.0,55.0,51.21052631578947,0.091267072,0.091267072,0.809375,0.7656250000000001,success,sinkhorn,0.01,100000
1D-cauchy-vs-gaussian-1024p,1024,1024,0.2250955419759672,65291,9.991147616820034e-07,,seconds,2.9097695350646973,2.632810762152076,megabytes,88270.0,88270.0,57.0,52.53846153846154,0.094027776,0.094027776,0.8046875,0.7252403846153848,success,sinkhorn,0.01,100000
1D-cauchy-vs-gaussian-1024p,1024,1024,0.3206425732669645,100000,0.0815104176287454,,seconds,4.2941505908966064,4.103335276246071,megabytes,88270.0,88270.0,55.0,50.16666666666666,0.091856896,0.091856896,0.8078125,0.7384114583333333,success,sinkhorn,0.01,100000
1D-cauchy-vs-gaussian-1024p,1024,1024,0.1846891272579168,100000,0.0068919413171524,,seconds,4.272613286972046,4.1158645413815975,megabytes,88270.0,88270.0,55.0,51.94444444444444,0.091119616,0.091119616,0.79453125,0.7435763888888889,success,sinkhorn,0.01,100000
1D-cauchy-vs-gaussian-1024p,1024,1024,0.1822808983771703,100000,0.0052939166154395,,seconds,4.2262372970581055,3.993917288258672,megabytes,88270.0,88270.0,57.0,52.63157894736842,0.093519872,0.093519872,0.8,0.7482730263157894,success,sinkhorn,0.01,100000
1D-cauchy-vs-gaussian-1024p,1024,1024,0.1975011201564271,62321,9.995570951513028e-07,,seconds,2.7254514694213867,2.555852085351944,megabytes,88270.0,88270.0,57.0,46.833333333333336,0.091164672,0.091164672,0.79296875,0.7249348958333334,success,sinkhorn,0.01,100000
1D-cauchy-vs-gaussian-1024p,1024,1024,0.4676283802674568,2821,9.844271840650902e-07,,seconds,0.2145388126373291,0.118023132905364,megabytes,88270.0,88270.0,0.0,0.0,0.06862848,0.06862848,0.434375,0.434375,success,sinkhorn,0.01,100000
1D-cauchy-vs-gaussian-1024p,1024,1024,0.3836939178810637,30181,9.993166274432297e-07,,seconds,1.3516626358032229,1.224818266928196,megabytes,88270.0,88270.0,57.0,47.0,0.0805888,0.0805888,0.78671875,0.7075520833333333,success,sinkhorn,0.01,100000
1D-cauchy-vs-gaussian-1024p,1024,1024,0.2256531298898313,14061,9.983510083531577e-07,,seconds,0.6433115005493164,0.5802980829030275,megabytes,88270.0,88270.0,55.0,37.66666666666666,0.079835136,0.079835136,0.7828125,0.6989583333333335,success,sinkhorn,0.01,100000
1D-cauchy-vs-gaussian-1024p,1024,1024,0.4775482841380029,100000,0.023404326674394,,seconds,4.099418640136719,3.9838962852954873,megabytes,88270.0,88270.0,57.0,52.64705882352941,0.093478912,0.093478912,0.8,0.7529411764705883,success,sinkhorn,0.01,100000
1D-cauchy-vs-gaussian-2048p,2048,2048,0.4967428506866086,6281,9.982258170994842e-07,,seconds,0.4599912166595459,0.327300850301981,megabytes,88270.0,88270.0,59.0,29.5,0.07931904,0.07931904,0.78671875,0.51484375,success,sinkhorn,0.01,100000
1D-cauchy-vs-gaussian-2048p,2048,2048,0.056157946106061,100000,0.0007515599597413,,seconds,5.22523832321167,5.017326198518276,megabytes,88270.0,88270.0,68.0,62.82608695652174,0.172097536,0.172097536,0.79609375,0.7437839673913045,success,sinkhorn,0.01,100000
1D-cauchy-vs-gaussian-2048p,2048,2048,0.2250955445667898,89521,9.997196779869103e-07,,seconds,4.94486665725708,4.727459687739611,megabytes,88270.0,88270.0,65.0,59.6,0.171851776,0.171851776,0.80703125,0.742421875,success,sinkhorn,0.01,100000
1D-cauchy-vs-gaussian-2048p,2048,2048,0.5345254985798105,100000,0.0167856475963062,,seconds,5.103288650512695,5.0421631168574095,megabytes,88270.0,88270.0,68.0,62.15,0.171732992,0.171732992,0.790625,0.7636718750000001,success,sinkhorn,0.01,100000
1D-cauchy-vs-gaussian-2048p,2048,2048,0.6038126601633411,100000,0.0227694361073779,,seconds,5.254667282104492,5.175827544182539,megabytes,88270.0,88270.0,66.0,62.17391304347826,0.17199104,0.17199104,0.79296875,0.7644021739130435,success,sinkhorn,0.01,100000
1D-cauchy-vs-gaussian-2048p,2048,2048,0.2620752434752391,100000,0.0063043503264118,,seconds,5.159112215042114,5.136688539758325,megabytes,88270.0,88270.0,66.0,63.095238095238095,0.173965312,0.173965312,0.79453125,0.7717633928571429,success,sinkhorn,0.01,100000
1D-cauchy-vs-gaussian-2048p,2048,2048,0.1396417292045059,100000,0.0026044189602854,,seconds,5.394242763519287,5.327231427654624,megabytes,88270.0,88270.0,64.0,60.25,0.172085248,0.172085248,0.81640625,0.7741861979166668,success,sinkhorn,0.01,100000
1D-cauchy-vs-gaussian-2048p,2048,2048,0.2288374634282919,42491,9.989711337890443e-07,,seconds,2.383196830749512,2.249425245448947,megabytes,88270.0,88270.0,65.0,58.3,0.090783744,0.090783744,0.8109375,0.7241406250000001,success,sinkhorn,0.01,100000
1D-cauchy-vs-gaussian-2048p,2048,2048,0.4039694795743936,100000,0.008967023047445,,seconds,5.28510308265686,5.213083548471332,megabytes,88270.0,88270.0,67.0,60.22727272727273,0.171999232,0.171999232,0.80859375,0.7643821022727271,success,sinkhorn,0.01,100000
1D-cauchy-vs-gaussian-2048p,2048,2048,0.5276212667241067,100000,0.0063692363261865,,seconds,5.37626838684082,5.346248798072338,megabytes,88270.0,88270.0,63.0,58.958333333333336,0.172105728,0.172105728,0.7953125,0.7710286458333333,success,sinkhorn,0.01,100000
1D-cauchy-vs-gaussian-2048p,2048,2048,0.4495851280634467,100000,0.0311187383695619,,seconds,5.248305320739746,5.220122557133436,megabytes,88270.0,88270.0,66.0,62.71428571428572,0.173928448,0.173928448,0.81484375,0.7781622023809524,success,sinkhorn,0.01,100000
1D-cauchy-vs-gaussian-2048p,2048,2048,0.2955510855671944,11741,9.97989865784836e-07,,seconds,0.6731536388397217,0.6273256633430719,megabytes,88270.0,88270.0,64.0,29.33333333333333,0.080121856,0.080121856,0.79375,0.7192708333333333,success,sinkhorn,0.01,100000
1D-cauchy-vs-gaussian-2048p,2048,2048,0.1975011147320913,85991,9.995481231043715e-07,,seconds,4.624335765838623,4.533897843211889,megabytes,88270.0,88270.0,65.0,63.35,0.171814912,0.171814912,0.81796875,0.7574218749999999,success,sinkhorn,0.01,100000
1D-cauchy-vs-gaussian-2048p,2048,2048,0.0971970443739867,100000,0.0031064191596022,,seconds,5.413871049880981,5.23816392198205,megabytes,88270.0,88270.0,66.0,63.125,0.17227776,0.17227776,0.7921875,0.7442382812499999,success,sinkhorn,0.01,100000
1D-cauchy-vs-gaussian-2048p,2048,2048,0.1431272600225011,100000,0.0027012935366001,,seconds,5.344012498855591,5.214444529265165,megabytes,88270.0,88270.0,65.0,62.73913043478261,0.172040192,0.172040192,0.8,0.7567255434782609,success,sinkhorn,0.01,100000
1D-cauchy-vs-gaussian-2048p,2048,2048,0.4590277323804461,100000,0.0017024691778279,,seconds,5.38657283782959,5.226286666467786,megabytes,88270.0,88270.0,65.0,61.0,0.172085248,0.172085248,0.8109375,0.7541015624999999,success,sinkhorn,0.01,100000
1D-cauchy-vs-gaussian-2048p,2048,2048,0.3836939009471817,44041,9.9965045110522e-07,,seconds,2.394402503967285,2.333725506439805,megabytes,88270.0,88270.0,64.0,59.72727272727273,0.091004928,0.091004928,0.8171875,0.7550426136363636,success,sinkhorn,0.01,100000
1D-cauchy-vs-gaussian-2048p,2048,2048,0.1317861850386108,74691,9.997035280676858e-07,,seconds,3.97845721244812,3.9774861969053754,megabytes,88270.0,88270.0,64.0,59.23529411764706,0.091426816,0.091426816,0.81953125,0.7890625,success,sinkhorn,0.01,100000
1D-cauchy-vs-gaussian-2048p,2048,2048,0.225653122202384,21321,9.997948296299377e-07,,seconds,1.208571195602417,1.1502609085291624,megabytes,88270.0,88270.0,63.0,46.6,0.080498688,0.080498688,0.8046875,0.7334375,success,sinkhorn,0.01,100000
1D-cauchy-vs-gaussian-2048p,2048,2048,0.4118806004382829,100000,4.404558392911826e-06,,seconds,5.3063576221466064,5.281672682613134,megabytes,88270.0,88270.0,66.0,61.21739130434783,0.172044288,0.172044288,0.80703125,0.7755774456521738,success,sinkhorn,0.01,100000
1D-cauchy-vs-gaussian-2048p,2048,2048,0.2138122717306267,100000,0.0002980629848552,,seconds,5.26216721534729,5.066082470119,megabytes,88270.0,88270.0,67.0,63.31578947368421,0.091779072,0.091779072,0.79609375,0.7555098684210527,success,sinkhorn,0.01,100000
1D-cauchy-vs-gaussian-2048p,2048,2048,0.110655496712513,77481,9.99441297673401e-07,,seconds,3.982607841491699,3.872006747871637,megabytes,88270.0,88270.0,68.0,61.64705882352941,0.09160704,0.09160704,0.8171875,0.765533088235294,success,sinkhorn,0.01,100000
1D-cauchy-vs-gaussian-2048p,2048,2048,0.3205915642879172,100000,0.0576292228909896,,seconds,5.2206947803497314,5.079462191089988,megabytes,88270.0,88270.0,67.0,64.28571428571429,0.174108672,0.174108672,0.81328125,0.7612723214285715,success,sinkhorn,0.01,100000
1D-cauchy-vs-gaussian-2048p,2048,2048,0.1505224925244538,100000,0.0005418030114873,,seconds,5.493619203567505,5.26052032969892,megabytes,88270.0,88270.0,67.0,60.54545454545455,0.172253184,0.172253184,0.803125,0.7434303977272727,success,sinkhorn,0.01,100000
1D-cauchy-vs-gaussian-2048p,2048,2048,0.4775611962164144,100000,0.016551540394229,,seconds,5.295838832855225,5.245282975956798,megabytes,88270.0,88270.0,67.0,61.90909090909091,0.172130304,0.172130304,0.8109375,0.7704545454545453,success,sinkhorn,0.01,100000
1D-cauchy-vs-gaussian-2048p,2048,2048,0.1221487558508865,64061,9.993195378145492e-07,,seconds,3.503305673599243,3.366698555648327,megabytes,88270.0,88270.0,65.0,61.0,0.091365376,0.091365376,0.80703125,0.7424107142857144,success,sinkhorn,0.01,100000
1D-cauchy-vs-gaussian-2048p,2048,2048,0.3836105167424696,100000,0.0035829471398833,,seconds,5.317482948303223,5.233708884567022,megabytes,88270.0,88270.0,65.0,62.45454545454545,0.172023808,0.172023808,0.80625,0.7638139204545453,success,sinkhorn,0.01,100000
1D-cauchy-vs-gaussian-2048p,2048,2048,0.1846925817018206,100000,0.0048732038114981,,seconds,5.2936623096466064,5.280389171093702,megabytes,88270.0,88270.0,66.0,59.31818181818182,0.172167168,0.172167168,0.8109375,0.7765980113636363,success,sinkhorn,0.01,100000
1D-cauchy-vs-gaussian-2048p,2048,2048,0.4676285091983169,4531,9.962176895306649e-07,,seconds,0.4984667301177978,0.2339009679853916,megabytes,88270.0,88270.0,46.0,38.5,0.088158208,0.088158208,0.81796875,0.408984375,success,sinkhorn,0.01,100000
1D-cauchy-vs-gaussian-2048p,2048,2048,0.1822691512309419,100000,0.003744982143863,,seconds,5.273786306381226,5.255204496905208,megabytes,88270.0,88270.0,65.0,61.26086956521739,0.172273664,0.172273664,0.81953125,0.7805027173913044,success,sinkhorn,0.01,100000
1D-cauchy-vs-gaussian-2048p,2048,2048,0.3036631499204182,100000,0.0088935514357951,,seconds,5.269502639770508,5.1701840329915285,megabytes,88270.0,88270.0,66.0,62.35,0.174178304,0.174178304,0.8046875,0.7574218749999999,success,sinkhorn,0.01,100000
1D-exp-vs-gaussian-32p,32,32,0.7311113725343676,100000,0.1073170816260144,,seconds,3.3698692321777344,3.2147013004869223,megabytes,88270.0,88270.0,55.0,54.53333333333333,0.091394048,0.091394048,0.8015625,0.7359895833333333,success,sinkhorn,0.01,100000
1D-exp-vs-gaussian-32p,32,32,0.6192262894850893,100000,0.0174679356113051,,seconds,3.376038074493408,3.1852773502469063,megabytes,88270.0,88270.0,55.0,48.86666666666667,0.091398144,0.091398144,0.79296875,0.7367708333333333,success,sinkhorn,0.01,100000
1D-exp-vs-gaussian-32p,32,32,0.3551978774878339,100000,0.0044524179924883,,seconds,3.167687177658081,3.1613193098455667,megabytes,88270.0,88270.0,58.0,48.0,0.091168768,0.091168768,0.8140625,0.7794471153846154,success,sinkhorn,0.01,100000
1D-exp-vs-gaussian-32p,32,32,0.0524117585790302,21,1.282027317730478e-09,,seconds,0.0,0.002846322953701,megabytes,0.0,0.0,0.0,0.0,0.0,0.0,0.0,0.0,success,sinkhorn,0.01,100000
1D-exp-vs-gaussian-32p,32,32,0.0353843942367919,51,5.677387458814861e-07,,seconds,0.0,0.003883484750986,megabytes,0.0,0.0,0.0,0.0,0.0,0.0,0.0,0.0,success,sinkhorn,0.01,100000
1D-exp-vs-gaussian-32p,32,32,0.2511427003678037,21,2.1108885541791738e-08,,seconds,0.0,0.0031011961400508,megabytes,0.0,0.0,0.0,0.0,0.0,0.0,0.0,0.0,success,sinkhorn,0.01,100000
1D-exp-vs-gaussian-32p,32,32,0.5754531096322146,100000,0.0265808857229085,,seconds,3.361553192138672,3.1516849882900715,megabytes,88270.0,88270.0,58.0,52.642857142857146,0.091865088,0.091865088,0.79140625,0.7171316964285713,success,sinkhorn,0.01,100000
1D-exp-vs-gaussian-32p,32,32,0.0968110892879609,31,4.76572576060889e-09,,seconds,0.0,0.0033237785100936,megabytes,0.0,0.0,0.0,0.0,0.0,0.0,0.0,0.0,success,sinkhorn,0.01,100000
1D-exp-vs-gaussian-32p,32,32,0.0914722837677774,51,3.545347873364008e-07,,seconds,0.0,0.0038596261292696,megabytes,0.0,0.0,0.0,0.0,0.0,0.0,0.0,0.0,success,sinkhorn,0.01,100000
1D-exp-vs-gaussian-32p,32,32,0.0268498762869767,31,5.266497275368385e-07,,seconds,0.0,0.0031335055828094,megabytes,0.0,0.0,0.0,0.0,0.0,0.0,0.0,0.0,success,sinkhorn,0.01,100000
1D-exp-vs-gaussian-32p,32,32,0.4320469255301044,100000,1.5262035941158826e-05,,seconds,3.404218912124634,3.201268780976534,megabytes,88270.0,88270.0,55.0,51.3125,0.091435008,0.091435008,0.8015625,0.73720703125,success,sinkhorn,0.01,100000
1D-exp-vs-gaussian-32p,32,32,0.0677842350819927,21,6.232396564946644e-08,,seconds,0.0,0.0027703531086444,megabytes,0.0,0.0,0.0,0.0,0.0,0.0,0.0,0.0,success,sinkhorn,0.01,100000
1D-exp-vs-gaussian-32p,32,32,0.019932438628436,31,8.998884881959093e-07,,seconds,0.0,0.0032274425029754,megabytes,0.0,0.0,0.0,0.0,0.0,0.0,0.0,0.0,success,sinkhorn,0.01,100000
1D-exp-vs-gaussian-32p,32,32,0.0679901440112479,21,5.910888002418724e-08,,seconds,0.0,0.0028639882802963,megabytes,0.0,0.0,0.0,0.0,0.0,0.0,0.0,0.0,success,sinkhorn,0.01,100000
1D-exp-vs-gaussian-32p,32,32,0.020058526065107,11,1.316608540550752e-09,,seconds,0.0,0.0025458596646785,megabytes,0.0,0.0,0.0,0.0,0.0,0.0,0.0,0.0,success,sinkhorn,0.01,100000
1D-exp-vs-gaussian-32p,32,32,0.0396485983309026,21,1.0630862554762048e-08,,seconds,0.0,0.0028785672038793,megabytes,0.0,0.0,0.0,0.0,0.0,0.0,0.0,0.0,success,sinkhorn,0.01,100000
1D-exp-vs-gaussian-32p,32,32,0.3099492867477259,31,3.490250700302913e-07,,seconds,0.2157888412475586,0.0033557303249835,megabytes,88270.0,88270.0,0.0,0.0,0.07010304,0.07010304,0.0,0.0,success,sinkhorn,0.01,100000
1D-exp-vs-gaussian-32p,32,32,0.226413273592055,100000,7.451505595411656e-06,,seconds,3.31711220741272,3.188055297359824,megabytes,88270.0,88270.0,55.0,49.642857142857146,0.091418624,0.091418624,0.78828125,0.7326450892857144,success,sinkhorn,0.01,100000
1D-exp-vs-gaussian-32p,32,32,0.086205600287323,51,4.3837856839518834e-07,,seconds,0.0,0.0038988944143056,megabytes,0.0,0.0,0.0,0.0,0.0,0.0,0.0,0.0,success,sinkhorn,0.01,100000
1D-exp-vs-gaussian-32p,32,32,0.7038103769244108,100000,0.1132864314392886,,seconds,3.433689832687378,3.23834116011858,megabytes,88270.0,88270.0,57.0,49.66666666666666,0.092073984,0.092073984,0.8015625,0.7324999999999999,success,sinkhorn,0.01,100000
1D-exp-vs-gaussian-32p,32,32,0.4995896643170603,100000,0.0088002404812472,,seconds,3.245917558670044,3.24526852555573,megabytes,88270.0,88270.0,54.0,49.61538461538461,0.091357184,0.091357184,0.796875,0.7789663461538463,success,sinkhorn,0.01,100000
1D-exp-vs-gaussian-32p,32,32,0.4610634847167001,100000,0.000879490261199,,seconds,3.4056432247161865,3.1886723209172487,megabytes,88270.0,88270.0,55.0,50.21428571428572,0.09408512,0.09408512,0.790625,0.7299107142857143,success,sinkhorn,0.01,100000
1D-exp-vs-gaussian-32p,32,32,0.6735683925565795,100000,0.0972993856159425,,seconds,3.3152318000793457,3.2545768450945616,megabytes,88270.0,88270.0,54.0,51.285714285714285,0.091496448,0.091496448,0.81015625,0.7609933035714287,success,sinkhorn,0.01,100000
1D-exp-vs-gaussian-32p,32,32,0.1770123107189194,11,6.401581662492043e-07,,seconds,0.0,0.0025641303509473,megabytes,0.0,0.0,0.0,0.0,0.0,0.0,0.0,0.0,success,sinkhorn,0.01,100000
1D-exp-vs-gaussian-32p,32,32,0.6833572019650909,100000,0.1039136423782114,,seconds,3.253673553466797,3.206100659444928,megabytes,88270.0,88270.0,57.0,47.07142857142857,0.091500544,0.091500544,0.8,0.7625558035714285,success,sinkhorn,0.01,100000
1D-exp-vs-gaussian-32p,32,32,0.7427247093005597,100000,0.1068416974056788,,seconds,3.244113683700561,3.24376405403018,megabytes,88270.0,88270.0,55.0,49.07142857142857,0.091521024,0.091521024,0.815625,0.7813058035714284,success,sinkhorn,0.01,100000
1D-exp-vs-gaussian-32p,32,32,0.330638793338156,100000,2.0491188106860903e-05,,seconds,3.270738124847412,3.2527341060340405,megabytes,88270.0,88270.0,54.0,48.5,0.0915456,0.0915456,0.81015625,0.7792410714285715,success,sinkhorn,0.01,100000
1D-exp-vs-gaussian-32p,32,32,0.2049118872506307,31,1.873818131884428e-08,,seconds,0.0,0.0033285021781921,megabytes,0.0,0.0,0.0,0.0,0.0,0.0,0.0,0.0,success,sinkhorn,0.01,100000
1D-exp-vs-gaussian-32p,32,32,0.0589522514198707,51,3.6131219167217083e-07,,seconds,0.0,0.0037634894251823,megabytes,0.0,0.0,0.0,0.0,0.0,0.0,0.0,0.0,success,sinkhorn,0.01,100000
1D-exp-vs-gaussian-32p,32,32,0.8086184417865249,100000,0.0723963730301564,,seconds,3.37296986579895,3.2351174522191286,megabytes,88270.0,88270.0,54.0,48.85714285714285,0.091582464,0.091582464,0.8171875,0.741685267857143,success,sinkhorn,0.01,100000
1D-exp-vs-gaussian-32p,32,32,0.0158899626504087,31,2.899399843757303e-07,,seconds,0.0,0.0032551772892475,megabytes,0.0,0.0,0.0,0.0,0.0,0.0,0.0,0.0,success,sinkhorn,0.01,100000
1D-exp-vs-gaussian-64p,64,64,0.6232697751486983,100000,0.0107144965019553,,seconds,3.415936231613159,3.23752174526453,megabytes,88270.0,88270.0,55.0,51.8,0.092114944,0.092114944,0.80234375,0.7322395833333334,success,sinkhorn,0.01,100000
1D-exp-vs-gaussian-64p,64,64,0.8050508804624784,100000,0.066760905626299,,seconds,3.1427793502807617,3.045666217803955,megabytes,88270.0,88270.0,58.0,52.583333333333336,0.09150464,0.09150464,0.78984375,0.7542317708333331,success,sinkhorn,0.01,100000
1D-exp-vs-gaussian-64p,64,64,0.0594472151038489,51,2.6308694515837694e-07,,seconds,0.0,0.003845440223813,megabytes,0.0,0.0,0.0,0.0,0.0,0.0,0.0,0.0,success,sinkhorn,0.01,100000
1D-exp-vs-gaussian-64p,64,64,0.6615544168639094,100000,0.0721382301857293,,seconds,3.166351795196533,3.0652771312743425,megabytes,88270.0,88270.0,57.0,52.785714285714285,0.094314496,0.094314496,0.79453125,0.7529575892857144,success,sinkhorn,0.01,100000
1D-exp-vs-gaussian-64p,64,64,0.0426019265136739,51,3.655770100456802e-07,,seconds,0.2356295585632324,0.00400304608047,megabytes,88270.0,88270.0,0.0,0.0,0.070569984,0.070569984,0.0,0.0,success,sinkhorn,0.01,100000
1D-exp-vs-gaussian-64p,64,64,0.1800118179091428,31,1.0208197189679373e-08,,seconds,0.0,0.0033340156078338,megabytes,0.0,0.0,0.0,0.0,0.0,0.0,0.0,0.0,success,sinkhorn,0.01,100000
1D-exp-vs-gaussian-64p,64,64,0.1061647164853058,51,2.0324679501809534e-07,,seconds,0.2207119464874267,0.0039110071957111,megabytes,88270.0,88270.0,0.0,0.0,0.069451776,0.069451776,0.0,0.0,success,sinkhorn,0.01,100000
1D-exp-vs-gaussian-64p,64,64,0.7444194796170072,100000,0.0862060506085933,,seconds,3.3088414669036865,3.2170027270913124,megabytes,88270.0,88270.0,55.0,49.333333333333336,0.091705344,0.091705344,0.80859375,0.7516666666666667,success,sinkhorn,0.01,100000
1D-exp-vs-gaussian-64p,64,64,0.201102763066072,11,5.117267987902712e-07,,seconds,0.0,0.0025992579758167,megabytes,0.0,0.0,0.0,0.0,0.0,0.0,0.0,0.0,success,sinkhorn,0.01,100000
1D-exp-vs-gaussian-64p,64,64,0.7607838321868181,100000,0.0744463574616374,,seconds,3.278703212738037,3.2244741059839725,megabytes,88270.0,88270.0,55.0,46.785714285714285,0.091574272,0.091574272,0.78359375,0.7585379464285714,success,sinkhorn,0.01,100000
1D-exp-vs-gaussian-64p,64,64,0.029792597310452,31,3.497299095047598e-07,,seconds,0.0,0.0031560994684696,megabytes,0.0,0.0,0.0,0.0,0.0,0.0,0.0,0.0,success,sinkhorn,0.01,100000
1D-exp-vs-gaussian-64p,64,64,0.4981337720021784,100000,0.001878683055343,,seconds,3.1392977237701416,2.9496655762195587,megabytes,88270.0,88270.0,59.0,55.0,0.091574272,0.091574272,0.81484375,0.7419642857142856,success,sinkhorn,0.01,100000
1D-exp-vs-gaussian-64p,64,64,0.0678973003720623,21,5.5438517355040364e-08,,seconds,0.0,0.0029083937406539,megabytes,0.0,0.0,0.0,0.0,0.0,0.0,0.0,0.0,success,sinkhorn,0.01,100000
1D-exp-vs-gaussian-64p,64,64,0.3615303079742641,100000,0.0009985359277231,,seconds,3.1195995807647705,3.105102466419339,megabytes,88270.0,88270.0,58.0,51.91666666666666,0.091512832,0.091512832,0.8,0.7741536458333332,success,sinkhorn,0.01,100000
1D-exp-vs-gaussian-64p,64,64,0.6618668417812923,100000,0.0597172240417454,,seconds,3.3384008407592773,3.2477143090218306,megabytes,88270.0,88270.0,55.0,50.42857142857143,0.09170944,0.09170944,0.78828125,0.754408482142857,success,sinkhorn,0.01,100000
1D-exp-vs-gaussian-64p,64,64,0.0122975449485947,11,1.3492502020517106e-09,,seconds,0.0,0.0025851242244243,megabytes,0.0,0.0,0.0,0.0,0.0,0.0,0.0,0.0,success,sinkhorn,0.01,100000
1D-exp-vs-gaussian-64p,64,64,0.0964765170363368,31,2.997929444497458e-09,,seconds,0.0,0.0032284371554851,megabytes,0.0,0.0,0.0,0.0,0.0,0.0,0.0,0.0,success,sinkhorn,0.01,100000
1D-exp-vs-gaussian-64p,64,64,0.3831053780219773,100000,0.0054033118235654,,seconds,3.1531169414520264,3.091213922947645,megabytes,88270.0,88270.0,57.0,52.285714285714285,0.091615232,0.091615232,0.7953125,0.7633370535714284,success,sinkhorn,0.01,100000
1D-exp-vs-gaussian-64p,64,64,0.1045317170960696,51,4.475178013334677e-07,,seconds,0.2175531387329101,0.0039667040109634,megabytes,88270.0,88270.0,0.0,0.0,0.069578752,0.069578752,0.0,0.0,success,sinkhorn,0.01,100000
1D-exp-vs-gaussian-64p,64,64,0.3084764595198319,31,2.709876525193436e-07,,seconds,0.0,0.0036694351583719,megabytes,0.0,0.0,0.0,0.0,0.0,0.0,0.0,0.0,success,sinkhorn,0.01,100000
1D-exp-vs-gaussian-64p,64,64,0.5413744983430864,100000,0.0159485690567017,,seconds,3.2479214668273926,3.21474283747375,megabytes,88270.0,88270.0,55.0,51.0,0.091623424,0.091623424,0.8125,0.7753348214285714,success,sinkhorn,0.01,100000
1D-exp-vs-gaussian-64p,64,64,0.1946498951698086,100000,4.865588728823957e-06,,seconds,3.2870359420776367,3.1718673799186945,megabytes,88270.0,88270.0,58.0,50.0,0.091643904,0.091643904,0.790625,0.7498883928571429,success,sinkhorn,0.01,100000
1D-exp-vs-gaussian-64p,64,64,0.0159413445262761,31,2.138730654915797e-07,,seconds,0.0,0.0032358132302761,megabytes,0.0,0.0,0.0,0.0,0.0,0.0,0.0,0.0,success,sinkhorn,0.01,100000
1D-exp-vs-gaussian-64p,64,64,0.2246798124958099,21,2.7937973972850182e-08,,seconds,0.0,0.0030100513249635,megabytes,0.0,0.0,0.0,0.0,0.0,0.0,0.0,0.0,success,sinkhorn,0.01,100000
1D-exp-vs-gaussian-64p,64,64,0.0522911339380697,21,5.046657111029719e-09,,seconds,0.0,0.0029651820659637,megabytes,0.0,0.0,0.0,0.0,0.0,0.0,0.0,0.0,success,sinkhorn,0.01,100000
1D-exp-vs-gaussian-64p,64,64,0.0579652480288768,21,8.437823663335418e-08,,seconds,0.0,0.0029790736734867,megabytes,0.0,0.0,0.0,0.0,0.0,0.0,0.0,0.0,success,sinkhorn,0.01,100000
1D-exp-vs-gaussian-64p,64,64,0.0188763412217604,31,8.329281984679346e-07,,seconds,0.0,0.0032283701002597,megabytes,0.0,0.0,0.0,0.0,0.0,0.0,0.0,0.0,success,sinkhorn,0.01,100000
1D-exp-vs-gaussian-64p,64,64,0.4600029761885631,100000,0.0055604593643112,,seconds,3.239310503005981,3.2174443788826466,megabytes,88270.0,88270.0,55.0,50.92857142857143,0.091680768,0.091680768,0.784375,0.7708705357142857,success,sinkhorn,0.01,100000
1D-exp-vs-gaussian-64p,64,64,0.7017927529397974,100000,0.0979107389105159,,seconds,3.3197264671325684,3.1834291461855173,megabytes,88270.0,88270.0,56.0,53.71428571428572,0.094400512,0.094400512,0.81875,0.7448102678571429,success,sinkhorn,0.01,100000
1D-exp-vs-gaussian-64p,64,64,0.0391458239006597,21,6.7695628193370765e-09,,seconds,0.0,0.0029773730784654,megabytes,0.0,0.0,0.0,0.0,0.0,0.0,0.0,0.0,success,sinkhorn,0.01,100000
1D-exp-vs-gaussian-64p,64,64,0.4303675047350948,100000,1.7506222407736262e-05,,seconds,3.3920211791992188,3.2288355696946383,megabytes,88270.0,88270.0,55.0,49.0,0.092094464,0.092094464,0.790625,0.7252232142857143,success,sinkhorn,0.01,100000
1D-exp-vs-gaussian-128p,128,128,0.0522442272862569,21,3.610851439689089e-09,,seconds,0.0,0.0028879977762699,megabytes,0.0,0.0,0.0,0.0,0.0,0.0,0.0,0.0,success,sinkhorn,0.01,100000
1D-exp-vs-gaussian-128p,128,128,0.6386109202531799,100000,0.0099313639884216,,seconds,3.3345160484313965,3.177467020228505,megabytes,88270.0,88270.0,58.0,51.5,0.091918336,0.091918336,0.81015625,0.7471540178571429,success,sinkhorn,0.01,100000
1D-exp-vs-gaussian-128p,128,128,0.5375459923286423,100000,0.015633001422319,,seconds,3.270701169967652,3.1295057013630867,megabytes,88270.0,88270.0,59.0,53.61538461538461,0.091807744,0.091807744,0.79140625,0.7417668269230769,success,sinkhorn,0.01,100000
1D-exp-vs-gaussian-128p,128,128,0.0390211456983616,21,4.8947796097960975e-09,,seconds,0.0,0.003158813342452,megabytes,0.0,0.0,0.0,0.0,0.0,0.0,0.0,0.0,success,sinkhorn,0.01,100000
1D-exp-vs-gaussian-128p,128,128,0.0678386244197528,21,3.9350876778893216e-08,,seconds,0.0,0.0030196849256753,megabytes,0.0,0.0,0.0,0.0,0.0,0.0,0.0,0.0,success,sinkhorn,0.01,100000
1D-exp-vs-gaussian-128p,128,128,0.0159548373787049,31,1.5215874935532126e-07,,seconds,0.0,0.0032886434346437,megabytes,0.0,0.0,0.0,0.0,0.0,0.0,0.0,0.0,success,sinkhorn,0.01,100000
1D-exp-vs-gaussian-128p,128,128,0.2075993073349838,100000,4.326922088981588e-06,,seconds,3.4011855125427246,3.2898750621825457,megabytes,88270.0,88270.0,54.0,46.6,0.092053504,0.092053504,0.81953125,0.7475520833333333,success,sinkhorn,0.01,100000
1D-exp-vs-gaussian-128p,128,128,0.3831136709192134,100000,0.004541272176786,,seconds,3.221473693847656,3.1266941018402576,megabytes,88270.0,88270.0,58.0,49.76923076923077,0.091844608,0.091844608,0.80703125,0.7643629807692307,success,sinkhorn,0.01,100000
1D-exp-vs-gaussian-128p,128,128,0.0898990904006288,31,3.017494380470142e-09,,seconds,0.0,0.0034024864435195,megabytes,0.0,0.0,0.0,0.0,0.0,0.0,0.0,0.0,success,sinkhorn,0.01,100000
1D-exp-vs-gaussian-128p,128,128,0.0956783689002234,51,2.702330447209266e-07,,seconds,0.216604471206665,0.0037034023553133,megabytes,88270.0,88270.0,0.0,0.0,0.069472256,0.069472256,0.0,0.0,success,sinkhorn,0.01,100000
1D-exp-vs-gaussian-128p,128,128,0.0189052301233722,31,5.901196074805092e-07,,seconds,0.0,0.0034506786614656,megabytes,0.0,0.0,0.0,0.0,0.0,0.0,0.0,0.0,success,sinkhorn,0.01,100000
1D-exp-vs-gaussian-128p,128,128,0.8006257434757124,100000,0.0575667114903202,,seconds,3.392805576324463,3.2989075500518084,megabytes,88270.0,88270.0,54.0,47.642857142857146,0.091865088,0.091865088,0.81640625,0.7603794642857143,success,sinkhorn,0.01,100000
1D-exp-vs-gaussian-128p,128,128,0.1060513620229399,51,1.446856732172472e-07,,seconds,0.0,0.0040045753121376,megabytes,0.0,0.0,0.0,0.0,0.0,0.0,0.0,0.0,success,sinkhorn,0.01,100000
1D-exp-vs-gaussian-128p,128,128,0.741875400777217,100000,0.0606637757633014,,seconds,3.343520164489746,3.2912915274500847,megabytes,88270.0,88270.0,54.0,49.25,0.092033024,0.092033024,0.78671875,0.7650390625,success,sinkhorn,0.01,100000
1D-exp-vs-gaussian-128p,128,128,0.1934940813195721,31,8.226833890563434e-09,,seconds,0.0,0.0033491607755422,megabytes,0.0,0.0,0.0,0.0,0.0,0.0,0.0,0.0,success,sinkhorn,0.01,100000
1D-exp-vs-gaussian-128p,128,128,0.478029120656284,100000,0.0045277802266554,,seconds,3.367523193359375,3.228587571531534,megabytes,88270.0,88270.0,55.0,48.5625,0.094793728,0.094793728,0.79140625,0.744140625,success,sinkhorn,0.01,100000
1D-exp-vs-gaussian-128p,128,128,0.7509494333378105,100000,0.0497179167383934,,seconds,3.3438215255737305,3.330712515860796,megabytes,88270.0,88270.0,54.0,50.9375,0.092053504,0.092053504,0.80859375,0.783740234375,success,sinkhorn,0.01,100000
1D-exp-vs-gaussian-128p,128,128,0.0386536680260041,51,2.750436737396755e-07,,seconds,0.0,0.0039127133786678,megabytes,0.0,0.0,0.0,0.0,0.0,0.0,0.0,0.0,success,sinkhorn,0.01,100000
1D-exp-vs-gaussian-128p,128,128,0.0121507372240617,11,1.0503799556966531e-09,,seconds,0.0,0.0026644207537174,megabytes,0.0,0.0,0.0,0.0,0.0,0.0,0.0,0.0,success,sinkhorn,0.01,100000
1D-exp-vs-gaussian-128p,128,128,0.7015267017186131,100000,0.0772265610128162,,seconds,3.4075067043304443,3.220003804191947,megabytes,88270.0,88270.0,58.0,50.8,0.092540928,0.092540928,0.79296875,0.7254166666666665,success,sinkhorn,0.01,100000
1D-exp-vs-gaussian-128p,128,128,0.3609419038604948,100000,0.0011428942762234,,seconds,3.3851542472839355,3.3066325932741165,megabytes,88270.0,88270.0,54.0,49.125,0.092172288,0.092172288,0.7921875,0.755615234375,success,sinkhorn,0.01,100000
1D-exp-vs-gaussian-128p,128,128,0.2004616077956229,11,3.924089351324108e-07,,seconds,0.0,0.0026052314788103,megabytes,0.0,0.0,0.0,0.0,0.0,0.0,0.0,0.0,success,sinkhorn,0.01,100000
1D-exp-vs-gaussian-128p,128,128,0.6813950593933642,100000,0.0533603133318347,,seconds,3.257345676422119,3.234587237238884,megabytes,88270.0,88270.0,58.0,52.53333333333333,0.092073984,0.092073984,0.790625,0.7686979166666668,success,sinkhorn,0.01,100000
1D-exp-vs-gaussian-128p,128,128,0.0625068226576204,21,4.527485107857128e-08,,seconds,0.2164924144744873,0.002872897312045,megabytes,88270.0,88270.0,0.0,0.0,0.06946816,0.06946816,0.0,0.0,success,sinkhorn,0.01,100000
1D-exp-vs-gaussian-128p,128,128,0.6513643291490707,100000,0.0519832790955181,,seconds,3.412750244140625,3.2525411155074835,megabytes,88270.0,88270.0,55.0,50.0,0.092454912,0.092454912,0.8140625,0.7419433593749999,success,sinkhorn,0.01,100000
1D-exp-vs-gaussian-128p,128,128,0.0297889197441269,31,2.485785523962459e-07,,seconds,0.0,0.0032037161290645,megabytes,0.0,0.0,0.0,0.0,0.0,0.0,0.0,0.0,success,sinkhorn,0.01,100000
1D-exp-vs-gaussian-128p,128,128,0.3081085887047549,31,1.9638739182599245e-07,,seconds,0.0,0.0034342445433139,megabytes,0.0,0.0,0.0,0.0,0.0,0.0,0.0,0.0,success,sinkhorn,0.01,100000
1D-exp-vs-gaussian-128p,128,128,0.4973141888620299,100000,0.0012543452426993,,seconds,3.4268054962158203,3.252029163762927,megabytes,88270.0,88270.0,55.0,51.1875,0.092606464,0.092606464,0.7890625,0.734130859375,success,sinkhorn,0.01,100000
1D-exp-vs-gaussian-128p,128,128,0.2244272249263727,21,2.0380628487063472e-08,,seconds,0.0,0.0032218620181083,megabytes,0.0,0.0,0.0,0.0,0.0,0.0,0.0,0.0,success,sinkhorn,0.01,100000
1D-exp-vs-gaussian-128p,128,128,0.053416559319062,51,1.471329988073034e-07,,seconds,0.2179393768310547,0.0038626603782176,megabytes,88270.0,88270.0,0.0,0.0,0.069476352,0.069476352,0.0,0.0,success,sinkhorn,0.01,100000
1D-exp-vs-gaussian-128p,128,128,0.4299502302834813,100000,1.166678293567664e-05,,seconds,3.407151222229004,3.291781229898333,megabytes,88270.0,88270.0,54.0,47.6875,0.092348416,0.092348416,0.79375,0.7472167968749999,success,sinkhorn,0.01,100000
1D-exp-vs-gaussian-256p,256,256,0.6279665572188129,100000,0.0081568852612148,,seconds,3.964330673217773,3.84734489955008,megabytes,88270.0,88270.0,49.0,47.22222222222222,0.092884992,0.092884992,0.81953125,0.7625868055555556,success,sinkhorn,0.01,100000
1D-exp-vs-gaussian-256p,256,256,0.6554409317159414,100000,0.0391739957747642,,seconds,3.594808578491211,3.558767521753907,megabytes,88270.0,88270.0,53.0,47.64705882352941,0.092688384,0.092688384,0.81875,0.7711856617647058,success,sinkhorn,0.01,100000
1D-exp-vs-gaussian-256p,256,256,0.0501492277270535,21,2.9522826368035452e-09,,seconds,0.0,0.0031149201095104,megabytes,0.0,0.0,0.0,0.0,0.0,0.0,0.0,0.0,success,sinkhorn,0.01,100000
1D-exp-vs-gaussian-256p,256,256,0.7025508419088148,100000,0.0553576546030871,,seconds,3.63529109954834,3.627724906429648,megabytes,88270.0,88270.0,52.0,48.8235294117647,0.092852224,0.092852224,0.80390625,0.7775735294117647,success,sinkhorn,0.01,100000
1D-exp-vs-gaussian-256p,256,256,0.0159582508127401,31,1.0775710612093847e-07,,seconds,0.0,0.0034359451383352,megabytes,0.0,0.0,0.0,0.0,0.0,0.0,0.0,0.0,success,sinkhorn,0.01,100000
1D-exp-vs-gaussian-256p,256,256,0.4298456747004758,100000,8.217729397057867e-06,,seconds,3.87491512298584,3.630821619182825,megabytes,88270.0,88270.0,52.0,47.11111111111112,0.09283584,0.09283584,0.821875,0.7509982638888889,success,sinkhorn,0.01,100000
1D-exp-vs-gaussian-256p,256,256,0.6797504496342247,100000,0.0374775036797724,,seconds,3.992978572845459,3.835550909861922,megabytes,88270.0,88270.0,50.0,46.61111111111112,0.0955392,0.0955392,0.81328125,0.7626736111111112,success,sinkhorn,0.01,100000
1D-exp-vs-gaussian-256p,256,256,0.0364850812141201,21,3.617816178519663e-09,,seconds,0.0,0.0029862113296985,megabytes,0.0,0.0,0.0,0.0,0.0,0.0,0.0,0.0,success,sinkhorn,0.01,100000
1D-exp-vs-gaussian-256p,256,256,0.53779235031572,100000,0.0113440537018965,,seconds,4.252935409545898,4.090213360264897,megabytes,88270.0,88270.0,47.0,43.89473684210526,0.173133824,0.173133824,0.79921875,0.7423108552631579,success,sinkhorn,0.01,100000
1D-exp-vs-gaussian-256p,256,256,0.0564705164457675,51,1.178752958404101e-07,,seconds,0.0,0.0039350632578134,megabytes,0.0,0.0,0.0,0.0,0.0,0.0,0.0,0.0,success,sinkhorn,0.01,100000
1D-exp-vs-gaussian-256p,256,256,0.7508091658306371,100000,0.0362754050193225,,seconds,4.179441452026367,4.073612893000245,megabytes,88270.0,88270.0,47.0,44.578947368421055,0.173056,0.173056,0.81015625,0.766159539473684,success,sinkhorn,0.01,100000
1D-exp-vs-gaussian-256p,256,256,0.0121142808115978,11,7.608907743335311e-10,,seconds,0.0,0.0027492120862007,megabytes,0.0,0.0,0.0,0.0,0.0,0.0,0.0,0.0,success,sinkhorn,0.01,100000
1D-exp-vs-gaussian-256p,256,256,0.0601628545878322,21,3.728649913334169e-08,,seconds,0.0,0.0030765086412429,megabytes,0.0,0.0,0.0,0.0,0.0,0.0,0.0,0.0,success,sinkhorn,0.01,100000
1D-exp-vs-gaussian-256p,256,256,0.0386418133826485,51,1.946967000487841e-07,,seconds,0.0,0.0041645411401987,megabytes,0.0,0.0,0.0,0.0,0.0,0.0,0.0,0.0,success,sinkhorn,0.01,100000
1D-exp-vs-gaussian-256p,256,256,0.8050132871104254,100000,0.0436758498402714,,seconds,3.921380281448364,3.809965543448925,megabytes,88270.0,88270.0,50.0,45.388888888888886,0.092934144,0.092934144,0.7890625,0.7601996527777778,success,sinkhorn,0.01,100000
1D-exp-vs-gaussian-256p,256,256,0.3831924118328269,100000,0.0031053172188043,,seconds,3.944530248641968,3.6477936804294586,megabytes,88270.0,88270.0,51.0,47.11111111111112,0.09336832,0.09336832,0.80625,0.7453993055555556,success,sinkhorn,0.01,100000
1D-exp-vs-gaussian-256p,256,256,0.2243640971046626,21,1.4527084308189252e-08,,seconds,0.0,0.0032192654907703,megabytes,0.0,0.0,0.0,0.0,0.0,0.0,0.0,0.0,success,sinkhorn,0.01,100000
1D-exp-vs-gaussian-256p,256,256,0.1001934280733839,51,2.0812586068524186e-07,,seconds,0.0,0.0040717758238315,megabytes,0.0,0.0,0.0,0.0,0.0,0.0,0.0,0.0,success,sinkhorn,0.01,100000
1D-exp-vs-gaussian-256p,256,256,0.2073537013214705,100000,2.9568456480075418e-06,,seconds,4.043497562408447,3.780154038220644,megabytes,88270.0,88270.0,51.0,44.888888888888886,0.092995584,0.092995584,0.796875,0.7452256944444444,success,sinkhorn,0.01,100000
1D-exp-vs-gaussian-256p,256,256,0.3080166411928086,31,1.397613844511031e-07,,seconds,0.0,0.0034282561391592,megabytes,0.0,0.0,0.0,0.0,0.0,0.0,0.0,0.0,success,sinkhorn,0.01,100000
1D-exp-vs-gaussian-256p,256,256,0.3608334982226451,100000,0.000776546807161,,seconds,3.9177205562591553,3.8404637705534697,megabytes,88270.0,88270.0,50.0,45.888888888888886,0.092925952,0.092925952,0.8,0.7654079861111109,success,sinkhorn,0.01,100000
1D-exp-vs-gaussian-256p,256,256,0.1021105841851179,51,1.0900643742840213e-07,,seconds,0.220933198928833,0.0041390098631381,megabytes,88270.0,88270.0,22.0,22.0,0.06950912,0.06950912,0.0,0.0,success,sinkhorn,0.01,100000
1D-exp-vs-gaussian-256p,256,256,0.0678239445072509,21,2.790403472350833e-08,,seconds,0.0,0.0031567066907882,megabytes,0.0,0.0,0.0,0.0,0.0,0.0,0.0,0.0,success,sinkhorn,0.01,100000
1D-exp-vs-gaussian-256p,256,256,0.7409319400435547,100000,0.0422284250480079,,seconds,3.8971338272094727,3.609052672982216,megabytes,88270.0,88270.0,52.0,45.72222222222222,0.093257728,0.093257728,0.7921875,0.7377604166666667,success,sinkhorn,0.01,100000
1D-exp-vs-gaussian-256p,256,256,0.2003011704321252,11,2.833290208609496e-07,,seconds,0.0,0.0026545822620391,megabytes,0.0,0.0,0.0,0.0,0.0,0.0,0.0,0.0,success,sinkhorn,0.01,100000
1D-exp-vs-gaussian-256p,256,256,0.0297880328657953,31,1.7599778990910489e-07,,seconds,0.0,0.0033068619668483,megabytes,0.0,0.0,0.0,0.0,0.0,0.0,0.0,0.0,success,sinkhorn,0.01,100000
1D-exp-vs-gaussian-256p,256,256,0.1869969190042155,31,5.514779345244245e-09,,seconds,0.0,0.0033952370285987,megabytes,0.0,0.0,0.0,0.0,0.0,0.0,0.0,0.0,success,sinkhorn,0.01,100000
1D-exp-vs-gaussian-256p,256,256,0.0930841174878894,21,8.13921569591199e-07,,seconds,0.0,0.0028087757527828,megabytes,0.0,0.0,0.0,0.0,0.0,0.0,0.0,0.0,success,sinkhorn,0.01,100000
1D-exp-vs-gaussian-256p,256,256,0.4775896366287193,100000,0.0033194067089707,,seconds,3.942044734954834,3.7670106757432222,megabytes,88270.0,88270.0,50.0,46.16666666666666,0.092934144,0.092934144,0.8046875,0.7578559027777779,success,sinkhorn,0.01,100000
1D-exp-vs-gaussian-256p,256,256,0.4865913011975023,100000,0.0008337399116488,,seconds,3.660512208938599,3.53866926766932,megabytes,88270.0,88270.0,53.0,48.294117647058826,0.092766208,0.092766208,0.81171875,0.7609834558823529,success,sinkhorn,0.01,100000
1D-exp-vs-gaussian-256p,256,256,0.0189125008951581,31,4.174803216749592e-07,,seconds,0.0,0.0035329926759004,megabytes,0.0,0.0,0.0,0.0,0.0,0.0,0.0,0.0,success,sinkhorn,0.01,100000
1D-exp-vs-gaussian-512p,512,512,0.3041178857093125,31,1.041118910306654e-07,,seconds,0.0,0.0035448037087917,megabytes,0.0,0.0,0.0,0.0,0.0,0.0,0.0,0.0,success,sinkhorn,0.01,100000
1D-exp-vs-gaussian-512p,512,512,0.6796393703726977,100000,0.0259716149722106,,seconds,4.186483144760132,4.027332233265042,megabytes,88270.0,88270.0,57.0,54.0,0.17516544,0.17516544,0.81875,0.751439144736842,success,sinkhorn,0.01,100000
1D-exp-vs-gaussian-512p,512,512,0.2274519306504382,21,9.600711672503582e-09,,seconds,0.0,0.0030328761786222,megabytes,0.0,0.0,0.0,0.0,0.0,0.0,0.0,0.0,success,sinkhorn,0.01,100000
1D-exp-vs-gaussian-512p,512,512,0.6280120537569902,100000,0.0055793466276624,,seconds,4.133535385131836,3.977951608598232,megabytes,88270.0,88270.0,58.0,52.94444444444444,0.094777344,0.094777344,0.8,0.7627604166666665,success,sinkhorn,0.01,100000
1D-exp-vs-gaussian-512p,512,512,0.015959106684662,31,7.62249135227941e-08,,seconds,0.0,0.0035318080335855,megabytes,0.0,0.0,0.0,0.0,0.0,0.0,0.0,0.0,success,sinkhorn,0.01,100000
1D-exp-vs-gaussian-512p,512,512,0.8030101358222557,100000,0.0304935331794416,,seconds,3.969146013259888,3.9150156415998936,megabytes,88270.0,88270.0,59.0,53.588235294117645,0.097447936,0.097447936,0.80078125,0.7649356617647058,success,sinkhorn,0.01,100000
1D-exp-vs-gaussian-512p,512,512,0.2002610518131991,11,2.014001071296563e-07,,seconds,0.0,0.0027277618646621,megabytes,0.0,0.0,0.0,0.0,0.0,0.0,0.0,0.0,success,sinkhorn,0.01,100000
1D-exp-vs-gaussian-512p,512,512,0.4730435601512104,100000,0.0022443236120631,,seconds,4.1084980964660645,4.033381989225745,megabytes,88270.0,88270.0,57.0,55.0,0.174944256,0.174944256,0.8109375,0.7668585526315789,success,sinkhorn,0.01,100000
1D-exp-vs-gaussian-512p,512,512,0.4298188202572315,100000,6.15597503072515e-06,,seconds,4.193572759628296,4.02450655028224,megabytes,88270.0,88270.0,57.0,52.68421052631579,0.17506304,0.17506304,0.79140625,0.7442023026315789,success,sinkhorn,0.01,100000
1D-exp-vs-gaussian-512p,512,512,0.1903085666017089,31,4.0169183276287276e-09,,seconds,0.0,0.0034203771501779,megabytes,0.0,0.0,0.0,0.0,0.0,0.0,0.0,0.0,success,sinkhorn,0.01,100000
1D-exp-vs-gaussian-512p,512,512,0.0189143216223933,31,2.952390013853779e-07,,seconds,0.2171652317047119,0.003534821793437,megabytes,88270.0,88270.0,0.0,0.0,0.069492736,0.069492736,0.0,0.0,success,sinkhorn,0.01,100000
1D-exp-vs-gaussian-512p,512,512,0.0613157686808744,21,2.4524517355952442e-08,,seconds,0.0,0.0032742284238338,megabytes,0.0,0.0,0.0,0.0,0.0,0.0,0.0,0.0,success,sinkhorn,0.01,100000
1D-exp-vs-gaussian-512p,512,512,0.2072927794084879,100000,1.8887378725508704e-06,,seconds,3.955064296722412,3.903733337298036,megabytes,88270.0,88270.0,59.0,54.66666666666666,0.096940032,0.096940032,0.82109375,0.7772569444444444,success,sinkhorn,0.01,100000
1D-exp-vs-gaussian-512p,512,512,0.7550019415696752,100000,0.026490996884936,,seconds,4.14171314239502,4.018880352377892,megabytes,88270.0,88270.0,57.0,54.0,0.174518272,0.174518272,0.80078125,0.750205592105263,success,sinkhorn,0.01,100000
1D-exp-vs-gaussian-512p,512,512,0.03647777858756,21,2.561708542768616e-09,,seconds,0.0,0.0031434092670679,megabytes,0.0,0.0,0.0,0.0,0.0,0.0,0.0,0.0,success,sinkhorn,0.01,100000
1D-exp-vs-gaussian-512p,512,512,0.012105182232762,11,5.412938296823052e-10,,seconds,0.0,0.0026635844260454,megabytes,0.0,0.0,0.0,0.0,0.0,0.0,0.0,0.0,success,sinkhorn,0.01,100000
1D-exp-vs-gaussian-512p,512,512,0.5425239745863583,100000,0.0084367708279892,,seconds,4.132407188415527,3.993464857339859,megabytes,88270.0,88270.0,58.0,55.26315789473684,0.1748992,0.1748992,0.790625,0.7441611842105263,success,sinkhorn,0.01,100000
1D-exp-vs-gaussian-512p,512,512,0.102103729654606,51,7.711058624051127e-08,,seconds,0.2241406440734863,0.0046810694038867,megabytes,88270.0,88270.0,0.0,0.0,0.0738304,0.0738304,0.0,0.0,success,sinkhorn,0.01,100000
1D-exp-vs-gaussian-512p,512,512,0.3565213487461332,100000,0.000536098800456,,seconds,4.123987674713135,3.9549617301672697,megabytes,88270.0,88270.0,59.0,53.875,0.094703616,0.094703616,0.80859375,0.7403320312500001,success,sinkhorn,0.01,100000
1D-exp-vs-gaussian-512p,512,512,0.7004640665142181,100000,0.0391670215315579,,seconds,4.192349672317505,4.076480958610773,megabytes,88270.0,88270.0,56.0,53.21052631578947,0.17481728,0.17481728,0.82109375,0.7613075657894737,success,sinkhorn,0.01,100000
1D-exp-vs-gaussian-512p,512,512,0.0386388524810425,51,1.3770879073618737e-07,,seconds,0.0,0.0042102076113224,megabytes,0.0,0.0,0.0,0.0,0.0,0.0,0.0,0.0,success,sinkhorn,0.01,100000
1D-exp-vs-gaussian-512p,512,512,0.7426344284572985,100000,0.0305075102892589,,seconds,4.08625340461731,3.966019993647933,megabytes,88270.0,88270.0,58.0,53.94736842105263,0.177475584,0.177475584,0.79453125,0.7495888157894736,success,sinkhorn,0.01,100000
1D-exp-vs-gaussian-512p,512,512,0.3790360044931807,100000,0.0020922780380566,,seconds,4.146784067153931,4.081119848415256,megabytes,88270.0,88270.0,57.0,53.73684210526316,0.174768128,0.174768128,0.80078125,0.7694490131578947,success,sinkhorn,0.01,100000
1D-exp-vs-gaussian-512p,512,512,0.100205488517418,51,1.472356140574059e-07,,seconds,0.0,0.0044557694345712,megabytes,0.0,0.0,0.0,0.0,0.0,0.0,0.0,0.0,success,sinkhorn,0.01,100000
1D-exp-vs-gaussian-512p,512,512,0.0665271060544739,21,2.0661006512471497e-08,,seconds,0.0,0.0032697059214115,megabytes,0.0,0.0,0.0,0.0,0.0,0.0,0.0,0.0,success,sinkhorn,0.01,100000
1D-exp-vs-gaussian-512p,512,512,0.4865352784247876,100000,0.0005935464549927,,seconds,4.158822298049927,4.014049410820007,megabytes,88270.0,88270.0,57.0,53.1578947368421,0.175996928,0.175996928,0.8015625,0.7507401315789473,success,sinkhorn,0.01,100000
1D-exp-vs-gaussian-512p,512,512,0.0297878131553279,31,1.2448926609897165e-07,,seconds,0.2144255638122558,0.0036386754363775,megabytes,88270.0,88270.0,0.0,0.0,0.069554176,0.069554176,0.0,0.0,success,sinkhorn,0.01,100000
1D-exp-vs-gaussian-512p,512,512,0.0501465068487003,21,2.089745135742968e-09,,seconds,0.0,0.0032442081719636,megabytes,0.0,0.0,0.0,0.0,0.0,0.0,0.0,0.0,success,sinkhorn,0.01,100000
1D-exp-vs-gaussian-512p,512,512,0.6553473281431328,100000,0.0275623068212084,,seconds,4.192023515701294,4.022651834413409,megabytes,88270.0,88270.0,57.0,54.73684210526316,0.176009216,0.176009216,0.79296875,0.744325657894737,success,sinkhorn,0.01,100000
1D-exp-vs-gaussian-512p,512,512,0.0930787584081407,21,5.759867774729269e-07,,seconds,0.0,0.0033316351473331,megabytes,0.0,0.0,0.0,0.0,0.0,0.0,0.0,0.0,success,sinkhorn,0.01,100000
1D-exp-vs-gaussian-512p,512,512,0.0549522149181384,51,7.845985418365498e-08,,seconds,0.0,0.0042766109108924,megabytes,0.0,0.0,0.0,0.0,0.0,0.0,0.0,0.0,success,sinkhorn,0.01,100000
1D-exp-vs-gaussian-1024p,1024,1024,0.6797422529259474,100000,0.0184247673153005,,seconds,4.139245271682739,4.132191881537437,megabytes,88270.0,88270.0,56.0,51.94736842105263,0.1746944,0.1746944,0.80390625,0.7789473684210527,success,sinkhorn,0.01,100000
1D-exp-vs-gaussian-1024p,1024,1024,0.4865245979961217,100000,0.000420462961845,,seconds,4.244354963302612,4.0004591047763824,megabytes,88270.0,88270.0,58.0,52.833333333333336,0.094420992,0.094420992,0.80625,0.7480034722222224,success,sinkhorn,0.01,100000
1D-exp-vs-gaussian-1024p,1024,1024,0.4276481355334373,100000,4.515025897516925e-06,,seconds,4.222292184829712,4.113513443619013,megabytes,88270.0,88270.0,56.0,53.73684210526316,0.174657536,0.174657536,0.79921875,0.7613898026315788,success,sinkhorn,0.01,100000
1D-exp-vs-gaussian-1024p,1024,1024,0.3565272361647127,100000,0.0003788064849068,,seconds,4.234374046325684,4.074145490303636,megabytes,88270.0,88270.0,56.0,52.68421052631579,0.174661632,0.174661632,0.80078125,0.7449424342105262,success,sinkhorn,0.01,100000
1D-exp-vs-gaussian-1024p,1024,1024,0.0506588663515219,21,1.4276472139437832e-09,,seconds,0.0,0.0031408555805683,megabytes,0.0,0.0,0.0,0.0,0.0,0.0,0.0,0.0,success,sinkhorn,0.01,100000
1D-exp-vs-gaussian-1024p,1024,1024,0.4753266229716026,100000,0.0016008850932986,,seconds,4.138639450073242,3.997926158830524,megabytes,88270.0,88270.0,57.0,54.94736842105263,0.177381376,0.177381376,0.79375,0.7500411184210525,success,sinkhorn,0.01,100000
1D-exp-vs-gaussian-1024p,1024,1024,0.0549532857481249,41,8.364280975200828e-07,,seconds,0.0,0.0038203261792659,megabytes,0.0,0.0,0.0,0.0,0.0,0.0,0.0,0.0,success,sinkhorn,0.01,100000
1D-exp-vs-gaussian-1024p,1024,1024,0.7424018812301041,100000,0.0215809301306969,,seconds,4.168742656707764,4.115789165720344,megabytes,88270.0,88270.0,56.0,50.36842105263158,0.174718976,0.174718976,0.78984375,0.76484375,success,sinkhorn,0.01,100000
1D-exp-vs-gaussian-1024p,1024,1024,0.304112179095763,31,7.35512120064266e-08,,seconds,0.0,0.0035297479480504,megabytes,0.0,0.0,0.0,0.0,0.0,0.0,0.0,0.0,success,sinkhorn,0.01,100000
1D-exp-vs-gaussian-1024p,1024,1024,0.2055158396971819,100000,1.1764437429158016e-06,,seconds,4.10728907585144,4.090105490759015,megabytes,88270.0,88270.0,56.0,52.94736842105263,0.174592,0.174592,0.81328125,0.7787417763157896,success,sinkhorn,0.01,100000
1D-exp-vs-gaussian-1024p,1024,1024,0.0297877583533013,31,8.803428363708111e-08,,seconds,0.2159736156463623,0.0039939079433679,megabytes,88270.0,88270.0,28.0,28.0,0.07018496,0.07018496,0.0,0.0,success,sinkhorn,0.01,100000
1D-exp-vs-gaussian-1024p,1024,1024,0.0665262174286784,21,1.4612064594486128e-08,,seconds,0.0,0.0031806416809558,megabytes,0.0,0.0,0.0,0.0,0.0,0.0,0.0,0.0,success,sinkhorn,0.01,100000
1D-exp-vs-gaussian-1024p,1024,1024,0.8032492499317123,100000,0.0216427580996903,,seconds,4.174011945724487,4.121546659618616,megabytes,88270.0,88270.0,56.0,52.26315789473684,0.174657536,0.174657536,0.81640625,0.7730263157894738,success,sinkhorn,0.01,100000
1D-exp-vs-gaussian-1024p,1024,1024,0.1002085039486536,51,1.041233999883128e-07,,seconds,0.2133424282073974,0.0044795647263526,megabytes,88270.0,88270.0,0.0,0.0,0.06950912,0.06950912,0.0,0.0,success,sinkhorn,0.01,100000
1D-exp-vs-gaussian-1024p,1024,1024,0.2002510215786032,11,1.42599061759644e-07,,seconds,0.0,0.0028461255133152,megabytes,0.0,0.0,0.0,0.0,0.0,0.0,0.0,0.0,success,sinkhorn,0.01,100000
1D-exp-vs-gaussian-1024p,1024,1024,0.1886682685500073,31,2.8006684576118603e-09,,seconds,0.0,0.0037383344024419,megabytes,0.0,0.0,0.0,0.0,0.0,0.0,0.0,0.0,success,sinkhorn,0.01,100000
1D-exp-vs-gaussian-1024p,1024,1024,0.540206934749969,100000,0.0058725996562505,,seconds,4.135590076446533,4.056274900212884,megabytes,88270.0,88270.0,57.0,53.89473684210526,0.17733632,0.17733632,0.8078125,0.7618832236842107,success,sinkhorn,0.01,100000
1D-exp-vs-gaussian-1024p,1024,1024,0.1030685337505882,41,8.738847899082897e-07,,seconds,0.2166748046875,0.0132705625146627,megabytes,88270.0,88270.0,18.0,18.0,0.069414912,0.069414912,0.0,0.0,success,sinkhorn,0.01,100000
1D-exp-vs-gaussian-1024p,1024,1024,0.2274479497888226,21,6.792192896776761e-09,,seconds,0.0,0.0030620098114013,megabytes,0.0,0.0,0.0,0.0,0.0,0.0,0.0,0.0,success,sinkhorn,0.01,100000
1D-exp-vs-gaussian-1024p,1024,1024,0.0159593208097535,31,5.3904304689265644e-08,,seconds,0.2288708686828613,0.0038567166775465,megabytes,88270.0,88270.0,0.0,0.0,0.069443584,0.069443584,0.0,0.0,success,sinkhorn,0.01,100000
1D-exp-vs-gaussian-1024p,1024,1024,0.0189421736161161,31,2.0642657621496425e-07,,seconds,0.0,0.0035365968942642,megabytes,0.0,0.0,0.0,0.0,0.0,0.0,0.0,0.0,success,sinkhorn,0.01,100000
1D-exp-vs-gaussian-1024p,1024,1024,0.70027670231419,100000,0.0277015372861643,,seconds,4.33911657333374,4.045633545145392,megabytes,88270.0,88270.0,58.0,53.77777777777778,0.094793728,0.094793728,0.803125,0.7421875,success,sinkhorn,0.01,100000
1D-exp-vs-gaussian-1024p,1024,1024,0.7548757112467711,100000,0.0188549535056959,,seconds,4.245598316192627,4.1248750779777765,megabytes,88270.0,88270.0,56.0,50.526315789473685,0.17465344,0.17465344,0.79140625,0.7446134868421053,success,sinkhorn,0.01,100000
1D-exp-vs-gaussian-1024p,1024,1024,0.0124699353353106,11,3.863524431739027e-10,,seconds,0.0,0.0027149952948093,megabytes,0.0,0.0,0.0,0.0,0.0,0.0,0.0,0.0,success,sinkhorn,0.01,100000
1D-exp-vs-gaussian-1024p,1024,1024,0.3811124935259657,100000,0.0015018782113187,,seconds,4.324917316436768,4.1244785357266665,megabytes,88270.0,88270.0,56.0,51.75,0.174841856,0.174841856,0.8015625,0.7407421875000001,success,sinkhorn,0.01,100000
1D-exp-vs-gaussian-1024p,1024,1024,0.6539002667124945,100000,0.0193193580386235,,seconds,4.282627105712891,4.138073954731226,megabytes,88270.0,88270.0,56.0,51.95,0.174706688,0.174706688,0.82578125,0.7527734374999998,success,sinkhorn,0.01,100000
1D-exp-vs-gaussian-1024p,1024,1024,0.0364759532102084,21,1.8120253870854495e-09,,seconds,0.0,0.0030820108950138,megabytes,0.0,0.0,0.0,0.0,0.0,0.0,0.0,0.0,success,sinkhorn,0.01,100000
1D-exp-vs-gaussian-1024p,1024,1024,0.0391014334343007,51,9.673665919555904e-08,,seconds,0.0,0.0043894927948713,megabytes,0.0,0.0,0.0,0.0,0.0,0.0,0.0,0.0,success,sinkhorn,0.01,100000
1D-exp-vs-gaussian-1024p,1024,1024,0.0607346435602732,21,1.7997311213881694e-08,,seconds,0.0,0.0029075276106595,megabytes,0.0,0.0,0.0,0.0,0.0,0.0,0.0,0.0,success,sinkhorn,0.01,100000
1D-exp-vs-gaussian-1024p,1024,1024,0.0930774187242073,21,4.073650252574328e-07,,seconds,0.0,0.0031619984656572,megabytes,0.0,0.0,0.0,0.0,0.0,0.0,0.0,0.0,success,sinkhorn,0.01,100000
1D-exp-vs-gaussian-1024p,1024,1024,0.627854830799968,100000,0.0039645997495772,,seconds,4.180723667144775,4.11270921677351,megabytes,88270.0,88270.0,56.0,53.578947368421055,0.174432256,0.174432256,0.815625,0.7706825657894738,success,sinkhorn,0.01,100000
1D-exp-vs-gaussian-2048p,2048,2048,0.6539011146076146,100000,0.0136671558297293,,seconds,5.378760099411011,5.299851140007377,megabytes,88270.0,88270.0,65.0,62.32,0.175071232,0.175071232,0.8171875,0.76615625,success,sinkhorn,0.01,100000
1D-exp-vs-gaussian-2048p,2048,2048,0.1886680238916137,21,7.504626174005339e-07,,seconds,0.0,0.0039281174540519,megabytes,0.0,0.0,0.0,0.0,0.0,0.0,0.0,0.0,success,sinkhorn,0.01,100000
1D-exp-vs-gaussian-2048p,2048,2048,0.0665259952784464,21,1.0332736681609908e-08,,seconds,0.2228951454162597,0.0037922821938991,megabytes,88270.0,88270.0,0.0,0.0,0.069865472,0.069865472,0.0,0.0,success,sinkhorn,0.01,100000
1D-exp-vs-gaussian-2048p,2048,2048,0.1030681019034777,41,6.179434294114951e-07,,seconds,0.2201616764068603,0.0053625367581844,megabytes,88270.0,88270.0,0.0,0.0,0.069410816,0.069410816,0.0,0.0,success,sinkhorn,0.01,100000
1D-exp-vs-gaussian-2048p,2048,2048,0.7003159850383547,100000,0.0195933831706676,,seconds,5.324785232543945,5.270483750849962,megabytes,88270.0,88270.0,66.0,61.73913043478261,0.174915584,0.174915584,0.80078125,0.7717391304347825,success,sinkhorn,0.01,100000
1D-exp-vs-gaussian-2048p,2048,2048,0.055332687844138,41,5.993704306581464e-07,,seconds,0.2154097557067871,0.0048734322190284,megabytes,88270.0,88270.0,0.0,0.0,0.069398528,0.069398528,0.0,0.0,success,sinkhorn,0.01,100000
1D-exp-vs-gaussian-2048p,2048,2048,0.0296735211295474,31,6.25157817742847e-08,,seconds,0.0,0.0044404286891222,megabytes,0.0,0.0,0.0,0.0,0.0,0.0,0.0,0.0,success,sinkhorn,0.01,100000
1D-exp-vs-gaussian-2048p,2048,2048,0.0159593743508462,31,3.81170100923402e-08,,seconds,0.0,0.0044461097568273,megabytes,0.0,0.0,0.0,0.0,0.0,0.0,0.0,0.0,success,sinkhorn,0.01,100000
1D-exp-vs-gaussian-2048p,2048,2048,0.0607344417642756,21,1.2726833923328586e-08,,seconds,0.0,0.0039141345769166,megabytes,0.0,0.0,0.0,0.0,0.0,0.0,0.0,0.0,success,sinkhorn,0.01,100000
1D-exp-vs-gaussian-2048p,2048,2048,0.0388663449592609,41,9.066679760866162e-07,,seconds,0.0,0.0050458684563636,megabytes,0.0,0.0,0.0,0.0,0.0,0.0,0.0,0.0,success,sinkhorn,0.01,100000
1D-exp-vs-gaussian-2048p,2048,2048,0.200248513983713,11,1.0086598380054337e-07,,seconds,0.0,0.0033339131623506,megabytes,0.0,0.0,0.0,0.0,0.0,0.0,0.0,0.0,success,sinkhorn,0.01,100000
1D-exp-vs-gaussian-2048p,2048,2048,0.7419737879092303,100000,0.0152024459520285,,seconds,5.085712909698486,5.003321196883917,megabytes,88270.0,88270.0,69.0,63.69565217391305,0.174956544,0.174956544,0.7828125,0.7590692934782608,success,sinkhorn,0.01,100000
1D-exp-vs-gaussian-2048p,2048,2048,0.0367822055930505,21,1.2754478051315619e-09,,seconds,0.0,0.0041128993034362,megabytes,0.0,0.0,0.0,0.0,0.0,0.0,0.0,0.0,success,sinkhorn,0.01,100000
1D-exp-vs-gaussian-2048p,2048,2048,0.3575782235594754,100000,0.0002704853769279,,seconds,5.187791347503662,5.157228015363216,megabytes,88270.0,88270.0,66.0,61.208333333333336,0.175050752,0.175050752,0.7984375,0.7766927083333331,success,sinkhorn,0.01,100000
1D-exp-vs-gaussian-2048p,2048,2048,0.0122848923897902,11,2.722320360019743e-10,,seconds,0.0,0.0032761693000793,megabytes,0.0,0.0,0.0,0.0,0.0,0.0,0.0,0.0,success,sinkhorn,0.01,100000
1D-exp-vs-gaussian-2048p,2048,2048,0.0506586928673679,21,1.0095651953445586e-09,,seconds,0.0,0.0038053598254919,megabytes,0.0,0.0,0.0,0.0,0.0,0.0,0.0,0.0,success,sinkhorn,0.01,100000
1D-exp-vs-gaussian-2048p,2048,2048,0.629027070271282,100000,0.0028177557047791,,seconds,5.54363489151001,5.365602817386389,megabytes,88270.0,88270.0,66.0,59.375,0.175235072,0.175235072,0.815625,0.7511393229166665,success,sinkhorn,0.01,100000
1D-exp-vs-gaussian-2048p,2048,2048,0.754021916822468,100000,0.01329104744666,,seconds,5.302752256393433,5.198497029021382,megabytes,88270.0,88270.0,68.0,63.91304347826087,0.174882816,0.174882816,0.8109375,0.7629415760869563,success,sinkhorn,0.01,100000
1D-exp-vs-gaussian-2048p,2048,2048,0.5413739385608011,100000,0.004181573106661,,seconds,5.431408882141113,5.326326280832291,megabytes,88270.0,88270.0,64.0,60.52,0.175075328,0.175075328,0.809375,0.76084375,success,sinkhorn,0.01,100000
1D-exp-vs-gaussian-2048p,2048,2048,0.3050776990362387,31,5.123606093216553e-08,,seconds,0.0,0.0043869595974683,megabytes,0.0,0.0,0.0,0.0,0.0,0.0,0.0,0.0,success,sinkhorn,0.01,100000
1D-exp-vs-gaussian-2048p,2048,2048,0.4276453444114487,100000,3.394425802555927e-06,,seconds,5.493044853210449,5.332304140552878,megabytes,88270.0,88270.0,64.0,60.96,0.17754112,0.17754112,0.81875,0.7584687500000001,success,sinkhorn,0.01,100000
1D-exp-vs-gaussian-2048p,2048,2048,0.2055122189772608,11,7.889566605224733e-07,,seconds,0.0,0.0034247562289237,megabytes,0.0,0.0,0.0,0.0,0.0,0.0,0.0,0.0,success,sinkhorn,0.01,100000
1D-exp-vs-gaussian-2048p,2048,2048,0.0189277368059859,31,1.468062840774902e-07,,seconds,0.230295181274414,0.0044069848954677,megabytes,88270.0,88270.0,0.0,0.0,0.069545984,0.069545984,0.0,0.0,success,sinkhorn,0.01,100000
1D-exp-vs-gaussian-2048p,2048,2048,0.2274469545781361,21,4.803418392293734e-09,,seconds,0.0,0.0039390176534652,megabytes,0.0,0.0,0.0,0.0,0.0,0.0,0.0,0.0,success,sinkhorn,0.01,100000
1D-exp-vs-gaussian-2048p,2048,2048,0.4741679564213357,100000,0.0011256996914288,,seconds,5.621570587158203,5.438309209421277,megabytes,88270.0,88270.0,63.0,58.23076923076923,0.17518592,0.17518592,0.8125,0.7487980769230771,success,sinkhorn,0.01,100000
1D-exp-vs-gaussian-2048p,2048,2048,0.4865206446557746,100000,0.0002975977344512,,seconds,5.23127818107605,5.152713963761926,megabytes,88270.0,88270.0,66.0,62.333333333333336,0.17477632,0.17477632,0.81796875,0.7754882812499999,success,sinkhorn,0.01,100000
1D-exp-vs-gaussian-2048p,2048,2048,0.8039218900344978,100000,0.0153850897205107,,seconds,5.314401626586914,5.238973619416356,megabytes,88270.0,88270.0,66.0,60.09090909090909,0.1746944,0.1746944,0.809375,0.7612926136363634,success,sinkhorn,0.01,100000
1D-exp-vs-gaussian-2048p,2048,2048,0.099644326947979,51,7.287179883652787e-08,,seconds,0.2881932258605957,0.005592169240117,megabytes,88270.0,88270.0,1.0,1.0,0.069492736,0.069492736,0.0,0.0,success,sinkhorn,0.01,100000
1D-exp-vs-gaussian-2048p,2048,2048,0.0926722337022863,21,2.918935185346495e-07,,seconds,0.0,0.003783706575632,megabytes,0.0,0.0,0.0,0.0,0.0,0.0,0.0,0.0,success,sinkhorn,0.01,100000
1D-exp-vs-gaussian-2048p,2048,2048,0.3800790775686294,100000,0.0010534564268924,,seconds,5.26908540725708,5.0787224303931,megabytes,88270.0,88270.0,68.0,62.77272727272727,0.175259648,0.175259648,0.8203125,0.739453125,success,sinkhorn,0.01,100000
1D-exp-vs-gaussian-2048p,2048,2048,0.6788937912437372,100000,0.0129911612052124,,seconds,5.444421052932739,5.301676003262401,megabytes,88270.0,88270.0,65.0,61.0,0.175153152,0.175153152,0.82109375,0.7563437500000001,success,sinkhorn,0.01,100000
1D-exp-vs-cauchy-32p,32,32,0.0886531904634035,100000,0.0127020078419227,,seconds,3.366880178451538,3.1977306585758924,megabytes,88270.0,88270.0,55.0,49.3125,0.094445568,0.094445568,0.7859375,0.7326171875,success,sinkhorn,0.01,100000
1D-exp-vs-cauchy-32p,32,32,0.137091281732299,100000,0.013871033111679,,seconds,3.3763904571533203,3.2134639471769333,megabytes,88270.0,88270.0,55.0,52.6875,0.094359552,0.094359552,0.81640625,0.735400390625,success,sinkhorn,0.01,100000
1D-exp-vs-cauchy-32p,32,32,0.2594323019209326,100000,0.0212122027909878,,seconds,3.3306193351745605,3.138804990798235,megabytes,88270.0,88270.0,56.0,49.9375,0.097742848,0.097742848,0.796875,0.72890625,success,sinkhorn,0.01,100000
1D-exp-vs-cauchy-32p,32,32,0.3686348391833473,100000,0.0358188197441146,,seconds,3.3393282890319824,3.147866947576404,megabytes,88270.0,88270.0,56.0,50.5,0.097677312,0.097677312,0.7953125,0.729296875,success,sinkhorn,0.01,100000
1D-exp-vs-cauchy-32p,32,32,0.0792085441013777,100000,0.0035691734084408,,seconds,3.3560545444488525,3.2061475664377213,megabytes,88270.0,88270.0,55.0,51.5625,0.094081024,0.094081024,0.8015625,0.745263671875,success,sinkhorn,0.01,100000
1D-exp-vs-cauchy-32p,32,32,0.1603555422148911,100000,0.0096967093920363,,seconds,3.207882881164551,3.1341180577874184,megabytes,88270.0,88270.0,56.0,50.66666666666666,0.097046528,0.097046528,0.81640625,0.7618750000000001,success,sinkhorn,0.01,100000
1D-exp-vs-cauchy-32p,32,32,0.6899890253595263,441,6.084149203333666e-07,,seconds,0.2212963104248047,0.0163343790918588,megabytes,88270.0,88270.0,4.0,4.0,0.069505024,0.069505024,0.0,0.0,success,sinkhorn,0.01,100000
1D-exp-vs-cauchy-32p,32,32,0.3315464441503278,100000,0.0250726457865992,,seconds,3.2967090606689453,3.1763290110975504,megabytes,88270.0,88270.0,58.0,51.42857142857143,0.093483008,0.093483008,0.78828125,0.7451450892857144,success,sinkhorn,0.01,100000
1D-exp-vs-cauchy-32p,32,32,0.5692246611124111,100000,0.0731788109666189,,seconds,3.4324777126312256,3.26300922781229,megabytes,88270.0,88270.0,54.0,50.5625,0.093958144,0.093958144,0.8140625,0.73564453125,success,sinkhorn,0.01,100000
1D-exp-vs-cauchy-32p,32,32,0.5269429807746286,100000,0.0674806604624321,,seconds,3.321625232696533,3.210392586886883,megabytes,88270.0,88270.0,57.0,49.53333333333333,0.093523968,0.093523968,0.81328125,0.75796875,success,sinkhorn,0.01,100000
1D-exp-vs-cauchy-32p,32,32,0.3294318165927044,100000,0.0296974663826965,,seconds,3.430539131164551,3.2661184668540955,megabytes,88270.0,88270.0,54.0,50.1875,0.093896704,0.093896704,0.78984375,0.735400390625,success,sinkhorn,0.01,100000
1D-exp-vs-cauchy-32p,32,32,0.2383625800415327,100000,0.0132087400291714,,seconds,3.378873348236084,3.2737608533352613,megabytes,88270.0,88270.0,54.0,49.0,0.093442048,0.093442048,0.803125,0.755615234375,success,sinkhorn,0.01,100000
1D-exp-vs-cauchy-32p,32,32,0.0272402347123236,100000,0.0021338115672166,,seconds,3.365994691848755,3.244949640706181,megabytes,88270.0,88270.0,55.0,47.5625,0.093577216,0.093577216,0.81328125,0.754736328125,success,sinkhorn,0.01,100000
1D-exp-vs-cauchy-32p,32,32,0.1630455134113532,100000,0.0120812077145157,,seconds,3.2083706855773926,3.200309047475457,megabytes,88270.0,88270.0,55.0,51.46666666666667,0.096555008,0.096555008,0.8109375,0.7760937499999999,success,sinkhorn,0.01,100000
1D-exp-vs-cauchy-32p,32,32,0.2495215996343676,100000,0.0231410937142231,,seconds,3.173908472061157,3.1704954747110605,megabytes,88270.0,88270.0,55.0,50.46666666666667,0.096657408,0.096657408,0.8109375,0.7741666666666668,success,sinkhorn,0.01,100000
1D-exp-vs-cauchy-32p,32,32,0.0965610703478493,100000,0.0176575985767844,,seconds,3.238610029220581,3.217068169265985,megabytes,88270.0,88270.0,55.0,51.4,0.093462528,0.093462528,0.80859375,0.7809895833333333,success,sinkhorn,0.01,100000
1D-exp-vs-cauchy-32p,32,32,0.2326852756606973,100000,0.0186920942181515,,seconds,3.364302158355713,3.188945710659027,megabytes,88270.0,88270.0,55.0,52.9375,0.097046528,0.097046528,0.8109375,0.735400390625,success,sinkhorn,0.01,100000
1D-exp-vs-cauchy-32p,32,32,0.1209696746334559,100000,0.0118418344152091,,seconds,3.118938446044922,3.0901773869991302,megabytes,88270.0,88270.0,58.0,52.66666666666666,0.096514048,0.096514048,0.79453125,0.7779296874999999,success,sinkhorn,0.01,100000
1D-exp-vs-cauchy-32p,32,32,0.5321142094599787,100000,0.0084085808813821,,seconds,3.4099013805389404,3.2550788316875696,megabytes,88270.0,88270.0,54.0,52.25,0.09353216,0.09353216,0.7859375,0.7405761718749999,success,sinkhorn,0.01,100000
1D-exp-vs-cauchy-32p,32,32,0.0829061255556658,100000,0.0124851450628555,,seconds,3.166609048843384,3.1136089097708464,megabytes,88270.0,88270.0,58.0,52.92307692307692,0.09332736,0.09332736,0.80859375,0.7665865384615386,success,sinkhorn,0.01,100000
1D-exp-vs-cauchy-32p,32,32,0.4669157423428812,100000,0.0774444008895376,,seconds,3.241791009902954,3.145251085981726,megabytes,88270.0,88270.0,58.0,49.785714285714285,0.093417472,0.093417472,0.80390625,0.759765625,success,sinkhorn,0.01,100000
1D-exp-vs-cauchy-32p,32,32,0.3984574249213538,100000,0.0484865437270456,,seconds,3.233819961547852,3.191018780693412,megabytes,88270.0,88270.0,55.0,50.6,0.093536256,0.093536256,0.8171875,0.7648958333333333,success,sinkhorn,0.01,100000
1D-exp-vs-cauchy-32p,32,32,0.4320161399328304,100000,0.0345635324823301,,seconds,3.389245986938477,3.240242527797818,megabytes,88270.0,88270.0,56.0,48.86666666666667,0.093548544,0.093548544,0.80546875,0.7412499999999999,success,sinkhorn,0.01,100000
1D-exp-vs-cauchy-32p,32,32,0.1067835056929036,100000,0.0109298915346501,,seconds,3.3639156818389893,3.159214010462165,megabytes,88270.0,88270.0,57.0,52.86666666666667,0.093462528,0.093462528,0.8078125,0.7378645833333334,success,sinkhorn,0.01,100000
1D-exp-vs-cauchy-32p,32,32,0.1592310952226573,100000,0.0102941516122176,,seconds,3.3552122116088867,3.1747717149555683,megabytes,88270.0,88270.0,55.0,51.5625,0.094367744,0.094367744,0.7890625,0.7277343749999999,success,sinkhorn,0.01,100000
1D-exp-vs-cauchy-32p,32,32,0.0905617083217681,100000,0.0082661413005075,,seconds,3.258512258529663,3.1280815973877907,megabytes,88270.0,88270.0,58.0,49.42857142857143,0.093769728,0.093769728,0.7859375,0.7444754464285713,success,sinkhorn,0.01,100000
1D-exp-vs-cauchy-32p,32,32,0.1167186493889534,100000,0.0147149248091439,,seconds,3.3833765983581543,3.19873827137053,megabytes,88270.0,88270.0,55.0,48.625,0.093888512,0.093888512,0.79375,0.73203125,success,sinkhorn,0.01,100000
1D-exp-vs-cauchy-32p,32,32,0.6277076764835352,100000,0.0198669249038119,,seconds,3.2548840045928955,3.1761499401181936,megabytes,88270.0,88270.0,55.0,50.4,0.09392128,0.09392128,0.79140625,0.7571875000000001,success,sinkhorn,0.01,100000
1D-exp-vs-cauchy-32p,32,32,0.3398160798171424,100000,0.0389690294218067,,seconds,3.189697027206421,3.1070776600390677,megabytes,88270.0,88270.0,58.0,49.46153846153846,0.093720576,0.093720576,0.7890625,0.7590745192307693,success,sinkhorn,0.01,100000
1D-exp-vs-cauchy-32p,32,32,0.1936622992939415,100000,0.0070642653946428,,seconds,3.282282829284668,3.1184052042663097,megabytes,88270.0,88270.0,58.0,52.71428571428572,0.094068736,0.094068736,0.8109375,0.7329799107142858,success,sinkhorn,0.01,100000
1D-exp-vs-cauchy-32p,32,32,0.0770762900065883,100000,0.0165163770886757,,seconds,3.286487579345703,3.1676219142973423,megabytes,88270.0,88270.0,58.0,50.333333333333336,0.093892608,0.093892608,0.79453125,0.7543750000000001,success,sinkhorn,0.01,100000
1D-exp-vs-cauchy-64p,64,64,0.0241559831293244,100000,0.0012537935483724,,seconds,3.194698572158813,3.1542647629976277,megabytes,88270.0,88270.0,56.0,48.6,0.097030144,0.097030144,0.796875,0.7655208333333332,success,sinkhorn,0.01,100000
1D-exp-vs-cauchy-64p,64,64,0.1360797456948776,100000,0.0099093348324377,,seconds,3.295269012451172,3.215960318222642,megabytes,88270.0,88270.0,55.0,50.13333333333333,0.09388032,0.09388032,0.78828125,0.755625,success,sinkhorn,0.01,100000
1D-exp-vs-cauchy-64p,64,64,0.1573559903652134,100000,0.0072835739275491,,seconds,3.3394572734832764,3.209737466648221,megabytes,88270.0,88270.0,55.0,48.6,0.093843456,0.093843456,0.8125,0.7517708333333333,success,sinkhorn,0.01,100000
1D-exp-vs-cauchy-64p,64,64,0.0752174056239934,100000,0.0139692243511324,,seconds,3.41260313987732,3.235149605199694,megabytes,88270.0,88270.0,55.0,48.3125,0.094355456,0.094355456,0.81328125,0.7375976562499998,success,sinkhorn,0.01,100000
1D-exp-vs-cauchy-64p,64,64,0.4103187200144516,100000,0.0411490658603794,,seconds,3.3225579261779785,3.130181360989809,megabytes,88270.0,88270.0,58.0,51.85714285714285,0.09443328,0.09443328,0.81015625,0.7243861607142857,success,sinkhorn,0.01,100000
1D-exp-vs-cauchy-64p,64,64,0.1902215628721172,100000,0.0051947892986691,,seconds,3.4621458053588867,3.2229333333671093,megabytes,88270.0,88270.0,55.0,48.3125,0.09422848,0.09422848,0.8171875,0.7368652343750001,success,sinkhorn,0.01,100000
1D-exp-vs-cauchy-64p,64,64,0.1593571281087996,100000,0.0086659250299528,,seconds,3.380159378051758,3.2278447039425373,megabytes,88270.0,88270.0,55.0,49.75,0.093929472,0.093929472,0.7859375,0.7370605468750001,success,sinkhorn,0.01,100000
1D-exp-vs-cauchy-64p,64,64,0.2392602396464155,100000,0.013459407334558,,seconds,3.170767545700073,3.158425413072109,megabytes,88270.0,88270.0,58.0,51.642857142857146,0.093773824,0.093773824,0.80390625,0.7734933035714286,success,sinkhorn,0.01,100000
1D-exp-vs-cauchy-64p,64,64,0.4936179715576928,100000,0.0584571736468268,,seconds,3.430028915405273,3.225838029757142,megabytes,88270.0,88270.0,55.0,50.25,0.094588928,0.094588928,0.81015625,0.731787109375,success,sinkhorn,0.01,100000
1D-exp-vs-cauchy-64p,64,64,0.7237323858187746,100000,0.0084441876886143,,seconds,3.301645278930664,3.152091696858406,megabytes,88270.0,88270.0,58.0,51.53333333333333,0.093954048,0.093954048,0.80390625,0.7372916666666668,success,sinkhorn,0.01,100000
1D-exp-vs-cauchy-64p,64,64,0.3411526088475169,100000,0.0243819512107848,,seconds,3.1974895000457764,3.1724812984466557,megabytes,88270.0,88270.0,55.0,49.4,0.093814784,0.093814784,0.79375,0.7752083333333333,success,sinkhorn,0.01,100000
1D-exp-vs-cauchy-64p,64,64,0.3273145439856852,100000,0.0241467135128444,,seconds,3.1009035110473637,3.09039893373847,megabytes,88270.0,88270.0,58.0,51.23076923076923,0.093638656,0.093638656,0.78984375,0.7712740384615384,success,sinkhorn,0.01,100000
1D-exp-vs-cauchy-64p,64,64,0.6358387181742837,100000,0.0432008586150442,,seconds,3.301446914672852,3.1024615671485662,megabytes,88270.0,88270.0,58.0,50.85714285714285,0.094449664,0.094449664,0.7921875,0.7222098214285715,success,sinkhorn,0.01,100000
1D-exp-vs-cauchy-64p,64,64,0.501693567502459,100000,0.0464150190475943,,seconds,3.3439528942108154,3.1562527865171432,megabytes,88270.0,88270.0,56.0,51.5625,0.094265344,0.094265344,0.7890625,0.732421875,success,sinkhorn,0.01,100000
1D-exp-vs-cauchy-64p,64,64,0.545590111227797,100000,0.0423726151784176,,seconds,3.0775222778320312,3.045100074261427,megabytes,88270.0,88270.0,58.0,53.0,0.0934912,0.0934912,0.7890625,0.7686848958333333,success,sinkhorn,0.01,100000
1D-exp-vs-cauchy-64p,64,64,0.124113526749384,100000,0.0074466373538055,,seconds,3.2588584423065186,3.1083708107471466,megabytes,88270.0,88270.0,56.0,53.73333333333333,0.097083392,0.097083392,0.79296875,0.7359375,success,sinkhorn,0.01,100000
1D-exp-vs-cauchy-64p,64,64,0.1077154789399399,100000,0.007498657204077,,seconds,3.253221035003662,3.1612779274582863,megabytes,88270.0,88270.0,56.0,51.6,0.09371648,0.09371648,0.8203125,0.7597916666666666,success,sinkhorn,0.01,100000
1D-exp-vs-cauchy-64p,64,64,0.1441609841395491,100000,0.0060561023867295,,seconds,3.351642608642578,3.164574414491653,megabytes,88270.0,88270.0,56.0,49.75,0.09426944,0.09426944,0.79375,0.733935546875,success,sinkhorn,0.01,100000
1D-exp-vs-cauchy-64p,64,64,0.3526755513570134,100000,0.0190503323417513,,seconds,3.18320631980896,3.1231196746230125,megabytes,88270.0,88270.0,58.0,49.85714285714285,0.09367552,0.09367552,0.80546875,0.766796875,success,sinkhorn,0.01,100000
1D-exp-vs-cauchy-64p,64,64,0.4926651564195108,100000,0.0016131364827502,,seconds,3.248573541641236,3.05682304315269,megabytes,88270.0,88270.0,58.0,51.0,0.094298112,0.094298112,0.8203125,0.7211538461538461,success,sinkhorn,0.01,100000
1D-exp-vs-cauchy-64p,64,64,0.093225529934867,100000,0.0118172810467437,,seconds,3.1878273487091064,3.1745631378144026,megabytes,88270.0,88270.0,55.0,51.333333333333336,0.093728768,0.093728768,0.803125,0.77859375,success,sinkhorn,0.01,100000
1D-exp-vs-cauchy-64p,64,64,0.2395442630630481,100000,0.0174155370799545,,seconds,3.3309874534606934,3.156006148084998,megabytes,88270.0,88270.0,56.0,51.5625,0.094076928,0.094076928,0.80703125,0.7334472656250001,success,sinkhorn,0.01,100000
1D-exp-vs-cauchy-64p,64,64,0.2312024995491929,100000,0.0132129255007279,,seconds,3.35492205619812,3.174313785508275,megabytes,88270.0,88270.0,55.0,48.1875,0.094068736,0.094068736,0.803125,0.7349609374999999,success,sinkhorn,0.01,100000
1D-exp-vs-cauchy-64p,64,64,0.1124787184735671,100000,0.0104691355238202,,seconds,3.21277379989624,3.1585962902754545,megabytes,88270.0,88270.0,56.0,51.93333333333333,0.093638656,0.093638656,0.7890625,0.7689583333333333,success,sinkhorn,0.01,100000
1D-exp-vs-cauchy-64p,64,64,0.3622144079370032,100000,0.0255817087277467,,seconds,3.203964948654175,3.09255032800138,megabytes,88270.0,88270.0,57.0,52.266666666666666,0.096784384,0.096784384,0.81640625,0.7556770833333334,success,sinkhorn,0.01,100000
1D-exp-vs-cauchy-64p,64,64,0.086964742558393,100000,0.0061084580128606,,seconds,3.123537540435791,3.0984141901135445,megabytes,88270.0,88270.0,57.0,51.06666666666667,0.096862208,0.096862208,0.815625,0.7718229166666665,success,sinkhorn,0.01,100000
1D-exp-vs-cauchy-64p,64,64,0.4378600779542345,100000,0.0318640558280121,,seconds,3.185460567474365,3.092078739777208,megabytes,88270.0,88270.0,57.0,51.66666666666666,0.096833536,0.096833536,0.80859375,0.7531770833333334,success,sinkhorn,0.01,100000
1D-exp-vs-cauchy-64p,64,64,0.0815282239528307,100000,0.0089928324548339,,seconds,3.223472833633423,3.1569783445447683,megabytes,88270.0,88270.0,56.0,50.266666666666666,0.093622272,0.093622272,0.79140625,0.7599479166666666,success,sinkhorn,0.01,100000
1D-exp-vs-cauchy-64p,64,64,0.0671409205439366,100000,0.004048962688928,,seconds,3.2366585731506348,3.04477821290493,megabytes,88270.0,88270.0,59.0,51.0,0.09934848,0.09934848,0.8125,0.7203725961538462,success,sinkhorn,0.01,100000
1D-exp-vs-cauchy-64p,64,64,0.2553283265300582,100000,0.0108446507754957,,seconds,3.0876855850219727,3.069511527195573,megabytes,88270.0,88270.0,58.0,52.583333333333336,0.098594816,0.098594816,0.790625,0.7690755208333334,success,sinkhorn,0.01,100000
1D-exp-vs-cauchy-64p,64,64,0.0811360115465601,100000,0.0111995581093346,,seconds,3.357375144958496,3.164810897782445,megabytes,88270.0,88270.0,55.0,51.0,0.099332096,0.099332096,0.8140625,0.7310546875,success,sinkhorn,0.01,100000
1D-exp-vs-cauchy-128p,128,128,0.2550763899424337,100000,0.0076180133354927,,seconds,3.363417387008667,3.287266945466399,megabytes,88270.0,88270.0,54.0,50.125,0.094982144,0.094982144,0.80625,0.765283203125,success,sinkhorn,0.01,100000
1D-exp-vs-cauchy-128p,128,128,0.4824172629930521,100000,0.0393129029776857,,seconds,3.347069263458252,3.2895894292742014,megabytes,88270.0,88270.0,54.0,50.125,0.094957568,0.094957568,0.80625,0.762353515625,success,sinkhorn,0.01,100000
1D-exp-vs-cauchy-128p,128,128,0.4911127236243171,100000,0.0016402465360981,,seconds,3.3528895378112797,3.292286118492484,megabytes,88270.0,88270.0,54.0,50.25,0.094834688,0.094834688,0.8109375,0.761865234375,success,sinkhorn,0.01,100000
1D-exp-vs-cauchy-128p,128,128,0.3273568850851428,100000,0.0169861165581249,,seconds,3.3110697269439697,3.2697785571217537,megabytes,88270.0,88270.0,59.0,49.13333333333333,0.094810112,0.094810112,0.796875,0.7719270833333333,success,sinkhorn,0.01,100000
1D-exp-vs-cauchy-128p,128,128,0.353862352229532,100000,0.0136942934904084,,seconds,3.4077460765838623,3.25603311508894,megabytes,88270.0,88270.0,58.0,51.625,0.094834688,0.094834688,0.79375,0.7430664062500001,success,sinkhorn,0.01,100000
1D-exp-vs-cauchy-128p,128,128,0.1335348668953232,100000,0.0061278884591545,,seconds,3.4639060497283936,3.298148861154914,megabytes,88270.0,88270.0,54.0,50.5625,0.095215616,0.095215616,0.7921875,0.73564453125,success,sinkhorn,0.01,100000
1D-exp-vs-cauchy-128p,128,128,0.0749678167730825,100000,0.0104822116665298,,seconds,3.236764669418335,3.2058181148022413,megabytes,88270.0,88270.0,55.0,49.46666666666667,0.098177024,0.098177024,0.81484375,0.7747916666666667,success,sinkhorn,0.01,100000
1D-exp-vs-cauchy-128p,128,128,0.3413385839254462,100000,0.0171135074115079,,seconds,3.376080274581909,3.237626276910305,megabytes,88270.0,88270.0,55.0,51.9375,0.094900224,0.094900224,0.790625,0.7471191406250001,success,sinkhorn,0.01,100000
1D-exp-vs-cauchy-128p,128,128,0.158503395409591,100000,0.0062921779203234,,seconds,3.113086223602295,3.070015152916312,megabytes,88270.0,88270.0,59.0,53.76923076923077,0.098123776,0.098123776,0.79453125,0.7728966346153847,success,sinkhorn,0.01,100000
1D-exp-vs-cauchy-128p,128,128,0.1888348835186633,100000,0.003708276470671,,seconds,3.4124317169189453,3.215796584263444,megabytes,88270.0,88270.0,55.0,50.125,0.095420416,0.095420416,0.81640625,0.7327148437499998,success,sinkhorn,0.01,100000
1D-exp-vs-cauchy-128p,128,128,0.6240610863265391,100000,0.0250937133018055,,seconds,3.264615058898926,3.214582242071629,megabytes,88270.0,88270.0,55.0,51.53333333333333,0.094838784,0.094838784,0.82578125,0.7766666666666667,success,sinkhorn,0.01,100000
1D-exp-vs-cauchy-128p,128,128,0.0868450606808184,100000,0.0043559885747133,,seconds,3.2515242099761963,3.1263516824692488,megabytes,88270.0,88270.0,59.0,50.84615384615385,0.094650368,0.094650368,0.79921875,0.7482572115384616,success,sinkhorn,0.01,100000
1D-exp-vs-cauchy-128p,128,128,0.3656781263098305,100000,0.0199060166258893,,seconds,3.3874990940093994,3.234969584271312,megabytes,88270.0,88270.0,55.0,48.8125,0.094810112,0.094810112,0.78984375,0.7391113281249999,success,sinkhorn,0.01,100000
1D-exp-vs-cauchy-128p,128,128,0.4374564245555231,100000,0.023394234483891,,seconds,3.3511595726013184,3.241902958601713,megabytes,88270.0,88270.0,55.0,51.3125,0.094896128,0.094896128,0.7875,0.7521484375,success,sinkhorn,0.01,100000
1D-exp-vs-cauchy-128p,128,128,0.1501070091672877,100000,0.0048421353942656,,seconds,3.3750126361846924,3.2445755265653133,megabytes,88270.0,88270.0,55.0,49.0,0.094838784,0.094838784,0.79453125,0.7451171875000001,success,sinkhorn,0.01,100000
1D-exp-vs-cauchy-128p,128,128,0.5497929867713797,100000,0.0306116780340436,,seconds,3.3917815685272217,3.2511714566498995,megabytes,88270.0,88270.0,55.0,51.375,0.09480192,0.09480192,0.803125,0.7422363281250001,success,sinkhorn,0.01,100000
1D-exp-vs-cauchy-128p,128,128,0.1507508037719759,100000,0.0045537967993236,,seconds,3.4012300968170166,3.24133413285017,megabytes,88270.0,88270.0,55.0,49.75,0.095064064,0.095064064,0.8171875,0.742822265625,success,sinkhorn,0.01,100000
1D-exp-vs-cauchy-128p,128,128,0.0806264306074815,100000,0.0082547288736564,,seconds,3.3871665000915527,3.1976710613816977,megabytes,88270.0,88270.0,59.0,49.86666666666667,0.095391744,0.095391744,0.81875,0.7280729166666667,success,sinkhorn,0.01,100000
1D-exp-vs-cauchy-128p,128,128,0.2309863303324488,100000,0.0093134433623606,,seconds,3.294696569442749,3.1025745049119,megabytes,88270.0,88270.0,59.0,53.92857142857143,0.098770944,0.098770944,0.7984375,0.7278459821428572,success,sinkhorn,0.01,100000
1D-exp-vs-cauchy-128p,128,128,0.5067328288520303,100000,0.0344305644240595,,seconds,3.2265920639038086,3.1712717451155186,megabytes,88270.0,88270.0,59.0,50.57142857142857,0.094715904,0.094715904,0.81484375,0.7709821428571428,success,sinkhorn,0.01,100000
1D-exp-vs-cauchy-128p,128,128,0.1220076662579728,100000,0.0054020020066153,,seconds,3.360640048980713,3.2259326316416264,megabytes,88270.0,88270.0,55.0,49.875,0.094793728,0.094793728,0.7859375,0.738427734375,success,sinkhorn,0.01,100000
1D-exp-vs-cauchy-128p,128,128,0.1157501921266737,100000,0.007206815253681,,seconds,3.237345695495605,3.2286735642701387,megabytes,88270.0,88270.0,55.0,52.266666666666666,0.094728192,0.094728192,0.81796875,0.7779687499999999,success,sinkhorn,0.01,100000
1D-exp-vs-cauchy-128p,128,128,0.2422717334985497,100000,0.0121953026709141,,seconds,3.3303258419036865,3.2276216745376587,megabytes,88270.0,88270.0,55.0,51.1875,0.09469952,0.09469952,0.7921875,0.75029296875,success,sinkhorn,0.01,100000
1D-exp-vs-cauchy-128p,128,128,0.0805487235989483,100000,0.0064269903056964,,seconds,3.380425453186035,3.233581904321909,megabytes,88270.0,88270.0,55.0,49.125,0.09474048,0.09474048,0.8140625,0.7426269531249999,success,sinkhorn,0.01,100000
1D-exp-vs-cauchy-128p,128,128,0.2452592597202892,100000,0.0104899641652979,,seconds,3.2548813819885254,3.237180544063449,megabytes,88270.0,88270.0,55.0,51.266666666666666,0.094736384,0.094736384,0.81640625,0.7775520833333333,success,sinkhorn,0.01,100000
1D-exp-vs-cauchy-128p,128,128,0.1114259467438226,100000,0.0050681606460692,,seconds,3.441727638244629,3.2494098115712404,megabytes,88270.0,88270.0,55.0,50.5,0.095453184,0.095453184,0.80625,0.7296875000000002,success,sinkhorn,0.01,100000
1D-exp-vs-cauchy-128p,128,128,0.0672383337415343,100000,0.0038206715498698,,seconds,3.3320791721343994,3.1463251747190952,megabytes,88270.0,88270.0,59.0,53.0,0.098496512,0.098496512,0.80390625,0.7322916666666668,success,sinkhorn,0.01,100000
1D-exp-vs-cauchy-128p,128,128,0.7194685212342486,100000,0.0103529869266624,,seconds,3.359515428543091,3.1745808850973845,megabytes,88270.0,88270.0,56.0,52.5,0.098562048,0.098562048,0.7875,0.725830078125,success,sinkhorn,0.01,100000
1D-exp-vs-cauchy-128p,128,128,0.411801410183516,100000,0.0286751643314655,,seconds,3.351877927780152,3.227407075464725,megabytes,88270.0,88270.0,55.0,48.875,0.094642176,0.094642176,0.78671875,0.743115234375,success,sinkhorn,0.01,100000
1D-exp-vs-cauchy-128p,128,128,0.0247376523974577,100000,0.0012271416922562,,seconds,3.3991148471832275,3.249725384637713,megabytes,88270.0,88270.0,55.0,52.5625,0.094806016,0.094806016,0.8078125,0.7466796875,success,sinkhorn,0.01,100000
1D-exp-vs-cauchy-128p,128,128,0.0928318558887038,100000,0.0086896601785154,,seconds,3.351603984832764,3.229885997250676,megabytes,88270.0,88270.0,55.0,51.5625,0.094773248,0.094773248,0.79140625,0.744873046875,success,sinkhorn,0.01,100000
1D-exp-vs-cauchy-256p,256,256,0.3534915951851425,100000,0.009646267582258,,seconds,4.077596664428711,3.895543549209833,megabytes,88270.0,88270.0,49.0,44.0,0.175366144,0.175366144,0.8046875,0.7395559210526315,success,sinkhorn,0.01,100000
1D-exp-vs-cauchy-256p,256,256,0.1140916919916215,100000,0.0051443879614864,,seconds,3.543556928634644,3.4507549479603767,megabytes,88270.0,88270.0,54.0,50.41176470588236,0.09494528,0.09494528,0.79765625,0.7556525735294116,success,sinkhorn,0.01,100000
1D-exp-vs-cauchy-256p,256,256,0.2550202739738119,100000,0.0053660538248401,,seconds,3.992288589477539,3.900249656289816,megabytes,88270.0,88270.0,49.0,44.388888888888886,0.09500672,0.09500672,0.81484375,0.7731770833333333,success,sinkhorn,0.01,100000
1D-exp-vs-cauchy-256p,256,256,0.2409914326676498,100000,0.0086524321532261,,seconds,3.63800311088562,3.4857759177684784,megabytes,88270.0,88270.0,53.0,47.23529411764706,0.094978048,0.094978048,0.81953125,0.7454044117647057,success,sinkhorn,0.01,100000
1D-exp-vs-cauchy-256p,256,256,0.0750089298003599,100000,0.0076402759216196,,seconds,3.9281179904937744,3.872179357334971,megabytes,88270.0,88270.0,49.0,45.22222222222222,0.095096832,0.095096832,0.79375,0.7707899305555557,success,sinkhorn,0.01,100000
1D-exp-vs-cauchy-256p,256,256,0.1586215466894945,100000,0.0044274461747549,,seconds,3.3204386234283447,3.3148256968706846,megabytes,88270.0,88270.0,58.0,50.42857142857143,0.09469952,0.09469952,0.81796875,0.781640625,success,sinkhorn,0.01,100000
1D-exp-vs-cauchy-256p,256,256,0.1844165950839737,100000,0.0024340347870922,,seconds,3.95299220085144,3.700047455728054,megabytes,88270.0,88270.0,51.0,46.44444444444444,0.095002624,0.095002624,0.8109375,0.7448784722222221,success,sinkhorn,0.01,100000
1D-exp-vs-cauchy-256p,256,256,0.0805068180990252,100000,0.0044527310889724,,seconds,3.803065538406372,3.6554692815989256,megabytes,88270.0,88270.0,56.0,48.1764705882353,0.094867456,0.094867456,0.81328125,0.7517463235294117,success,sinkhorn,0.01,100000
1D-exp-vs-cauchy-256p,256,256,0.1095378653363678,100000,0.0036340528887606,,seconds,3.645399808883667,3.634809913113713,megabytes,88270.0,88270.0,52.0,48.47058823529412,0.094867456,0.094867456,0.7875,0.7761029411764707,success,sinkhorn,0.01,100000
1D-exp-vs-cauchy-256p,256,256,0.3300389068463403,100000,0.0123731456724517,,seconds,3.623403787612915,3.515458934009075,megabytes,88270.0,88270.0,53.0,52.1764705882353,0.094961664,0.094961664,0.79921875,0.7509191176470588,success,sinkhorn,0.01,100000
1D-exp-vs-cauchy-256p,256,256,0.3629847091476018,100000,0.013630532959293,,seconds,3.68106460571289,3.647987801581621,megabytes,88270.0,88270.0,57.0,46.05882352941177,0.094826496,0.094826496,0.7859375,0.76640625,success,sinkhorn,0.01,100000
1D-exp-vs-cauchy-256p,256,256,0.4378521230404848,100000,0.0164636470903023,,seconds,3.570822238922119,3.382307624444365,megabytes,88270.0,88270.0,54.0,49.47058823529412,0.095645696,0.095645696,0.81015625,0.7341452205882354,success,sinkhorn,0.01,100000
1D-exp-vs-cauchy-256p,256,256,0.1348635871730518,100000,0.004520909350497,,seconds,3.9597792625427246,3.6694950368255377,megabytes,88270.0,88270.0,52.0,47.77777777777778,0.0953344,0.0953344,0.8125,0.736328125,success,sinkhorn,0.01,100000
1D-exp-vs-cauchy-256p,256,256,0.0671974503830643,100000,0.0030950375431574,,seconds,3.9498887062072754,3.651676854118705,megabytes,88270.0,88270.0,52.0,46.0,0.095404032,0.095404032,0.81484375,0.7410590277777778,success,sinkhorn,0.01,100000
1D-exp-vs-cauchy-256p,256,256,0.6292461060071555,100000,0.0196835599888149,,seconds,3.911015510559082,3.742420621216297,megabytes,88270.0,88270.0,51.0,48.72222222222222,0.095031296,0.095031296,0.79921875,0.7546440972222221,success,sinkhorn,0.01,100000
1D-exp-vs-cauchy-256p,256,256,0.2301220487566985,100000,0.006596631658487,,seconds,3.6786184310913086,3.679290940985084,megabytes,88270.0,88270.0,51.0,46.94117647058823,0.09486336,0.09486336,0.8,0.7816176470588234,success,sinkhorn,0.01,100000
1D-exp-vs-cauchy-256p,256,256,0.490922990390863,100000,0.0010878828593882,,seconds,3.546425104141236,3.4897356890141964,megabytes,88270.0,88270.0,53.0,49.0,0.094961664,0.094961664,0.7921875,0.7615349264705883,success,sinkhorn,0.01,100000
1D-exp-vs-cauchy-256p,256,256,0.0928965105996656,100000,0.0061903461492246,,seconds,3.450298309326172,3.2847642973065376,megabytes,88270.0,88270.0,55.0,52.5625,0.095092736,0.095092736,0.81171875,0.734033203125,success,sinkhorn,0.01,100000
1D-exp-vs-cauchy-256p,256,256,0.0810203491741059,100000,0.005941134082167,,seconds,3.9347095489501953,3.7095596622675657,megabytes,88270.0,88270.0,52.0,47.0,0.094998528,0.094998528,0.809375,0.7499999999999999,success,sinkhorn,0.01,100000
1D-exp-vs-cauchy-256p,256,256,0.1502931653674688,100000,0.0032235658276451,,seconds,3.559563398361206,3.5198077764362097,megabytes,88270.0,88270.0,56.0,45.6,0.09469952,0.09469952,0.7875,0.7603645833333332,success,sinkhorn,0.01,100000
1D-exp-vs-cauchy-256p,256,256,0.5049181980539607,100000,0.0235696705172716,,seconds,3.559964179992676,3.4853668734431267,megabytes,88270.0,88270.0,53.0,49.64705882352941,0.09486336,0.09486336,0.79609375,0.7598805147058824,success,sinkhorn,0.01,100000
1D-exp-vs-cauchy-256p,256,256,0.0246496610673386,100000,0.0008209910590664,,seconds,3.7244176864624015,3.579496493563056,megabytes,88270.0,88270.0,54.0,49.588235294117645,0.09816064,0.09816064,0.815625,0.7606158088235294,success,sinkhorn,0.01,100000
1D-exp-vs-cauchy-256p,256,256,0.0868522192928248,100000,0.0030313156801862,,seconds,3.626390218734741,3.4502289351075888,megabytes,88270.0,88270.0,54.0,50.52941176470589,0.095162368,0.095162368,0.7875,0.7319852941176471,success,sinkhorn,0.01,100000
1D-exp-vs-cauchy-256p,256,256,0.14944243821278,100000,0.0034423650746953,,seconds,3.982547044754028,3.79708025418222,megabytes,88270.0,88270.0,50.0,46.44444444444444,0.094953472,0.094953472,0.7875,0.7517795138888888,success,sinkhorn,0.01,100000
1D-exp-vs-cauchy-256p,256,256,0.5480143945621502,100000,0.0217956846293587,,seconds,3.5157501697540283,3.335477827116847,megabytes,88270.0,88270.0,58.0,50.6,0.095010816,0.095010816,0.809375,0.7330729166666664,success,sinkhorn,0.01,100000
1D-exp-vs-cauchy-256p,256,256,0.712677913693797,100000,0.005973849605503,,seconds,3.988131046295166,3.8137976489961143,megabytes,88270.0,88270.0,49.0,46.11111111111112,0.09480192,0.09480192,0.78984375,0.7529079861111111,success,sinkhorn,0.01,100000
1D-exp-vs-cauchy-256p,256,256,0.2453968648630036,100000,0.0073893569600024,,seconds,3.662649393081665,3.482591714709997,megabytes,88270.0,88270.0,53.0,49.11764705882353,0.09508864,0.09508864,0.8109375,0.7379595588235295,success,sinkhorn,0.01,100000
1D-exp-vs-cauchy-256p,256,256,0.1204055672750584,100000,0.003693463941242,,seconds,4.059868335723877,3.7752690445631742,megabytes,88270.0,88270.0,52.0,44.888888888888886,0.094916608,0.094916608,0.80078125,0.744921875,success,sinkhorn,0.01,100000
1D-exp-vs-cauchy-256p,256,256,0.3415375733931894,100000,0.0120591093799059,,seconds,3.5832576751708984,3.5068759005516768,megabytes,88270.0,88270.0,53.0,48.88235294117647,0.098152448,0.098152448,0.78671875,0.7609375,success,sinkhorn,0.01,100000
1D-exp-vs-cauchy-256p,256,256,0.4105656990741763,100000,0.0196088659050643,,seconds,3.66299057006836,3.543680727481842,megabytes,88270.0,88270.0,56.0,48.266666666666666,0.094572544,0.094572544,0.8,0.7471875000000001,success,sinkhorn,0.01,100000
1D-exp-vs-cauchy-256p,256,256,0.4831595500059999,100000,0.0276944780302007,,seconds,3.690463304519653,3.5722220577299595,megabytes,88270.0,88270.0,52.0,46.1764705882353,0.094855168,0.094855168,0.815625,0.7540900735294117,success,sinkhorn,0.01,100000
1D-exp-vs-cauchy-512p,512,512,0.6271775951533927,100000,0.0132845001180504,,seconds,4.217956304550171,4.080852029845119,megabytes,88270.0,88270.0,56.0,51.68421052631579,0.176840704,0.176840704,0.796875,0.7468750000000001,success,sinkhorn,0.01,100000
1D-exp-vs-cauchy-512p,512,512,0.2453251948610524,100000,0.0052197961414149,,seconds,4.11375617980957,3.961889432743192,megabytes,88270.0,88270.0,58.0,51.47058823529412,0.09648128,0.09648128,0.809375,0.7521139705882355,success,sinkhorn,0.01,100000
1D-exp-vs-cauchy-512p,512,512,0.0934933164983088,100000,0.0043955953500793,,seconds,4.0945799350738525,3.996946562081576,megabytes,88270.0,88270.0,59.0,55.27777777777778,0.096636928,0.096636928,0.8078125,0.7698350694444445,success,sinkhorn,0.01,100000
1D-exp-vs-cauchy-512p,512,512,0.06719152584748,100000,0.002634652599212,,seconds,4.059905290603638,3.914016671478748,megabytes,88270.0,88270.0,59.0,54.11111111111112,0.099876864,0.099876864,0.78671875,0.7576822916666667,success,sinkhorn,0.01,100000
1D-exp-vs-cauchy-512p,512,512,0.1148443178265716,100000,0.0036130969908119,,seconds,4.204126358032227,4.017479093745351,megabytes,88270.0,88270.0,57.0,51.73684210526316,0.176975872,0.176975872,0.7890625,0.7407072368421052,success,sinkhorn,0.01,100000
1D-exp-vs-cauchy-512p,512,512,0.4908920052944918,100000,0.0007593961677447,,seconds,4.035341501235962,3.929313218221069,megabytes,88270.0,88270.0,59.0,54.625,0.09986048,0.09986048,0.79765625,0.7554687499999999,success,sinkhorn,0.01,100000
1D-exp-vs-cauchy-512p,512,512,0.1586678614769815,100000,0.0031277841000675,,seconds,4.25540018081665,4.032435305416584,megabytes,88270.0,88270.0,58.0,53.05555555555556,0.096579584,0.096579584,0.79921875,0.7530815972222221,success,sinkhorn,0.01,100000
1D-exp-vs-cauchy-512p,512,512,0.0246148941154719,100000,0.000581165034303,,seconds,4.115736484527588,3.996937034651637,megabytes,88270.0,88270.0,57.0,53.31578947368421,0.176934912,0.176934912,0.7921875,0.7506990131578947,success,sinkhorn,0.01,100000
1D-exp-vs-cauchy-512p,512,512,0.3410864658406949,100000,0.0085191751603633,,seconds,4.0008087158203125,3.9643047749996185,megabytes,88270.0,88270.0,58.0,54.11764705882353,0.0965632,0.0965632,0.8109375,0.7741268382352942,success,sinkhorn,0.01,100000
1D-exp-vs-cauchy-512p,512,512,0.1349039390493875,100000,0.0031923451144527,,seconds,4.081969499588013,3.921846631914377,megabytes,88270.0,88270.0,59.0,54.68421052631579,0.180211712,0.180211712,0.790625,0.7444490131578949,success,sinkhorn,0.01,100000
1D-exp-vs-cauchy-512p,512,512,0.1095629561325021,100000,0.0025637644928075,,seconds,4.143078804016113,4.019396169111133,megabytes,88270.0,88270.0,58.0,53.47368421052632,0.176959488,0.176959488,0.8046875,0.7605263157894736,success,sinkhorn,0.01,100000
1D-exp-vs-cauchy-512p,512,512,0.505178575013568,100000,0.0166865594432257,,seconds,4.179588794708252,4.02233524620533,megabytes,88270.0,88270.0,57.0,53.68421052631579,0.177037312,0.177037312,0.8109375,0.7522203947368421,success,sinkhorn,0.01,100000
1D-exp-vs-cauchy-512p,512,512,0.0860277090543747,100000,0.0021291919467089,,seconds,4.129295110702515,4.010226422920823,megabytes,88270.0,88270.0,57.0,53.31578947368421,0.17690624,0.17690624,0.7984375,0.7558799342105263,success,sinkhorn,0.01,100000
1D-exp-vs-cauchy-512p,512,512,0.3647737549151686,100000,0.0098163947469512,,seconds,4.167287349700928,4.011882152408361,megabytes,88270.0,88270.0,57.0,53.0,0.176939008,0.176939008,0.80546875,0.7398848684210526,success,sinkhorn,0.01,100000
1D-exp-vs-cauchy-512p,512,512,0.2525642786454317,100000,0.0037176513010669,,seconds,4.1939451694488525,4.0359587874263525,megabytes,88270.0,88270.0,57.0,53.94736842105263,0.176934912,0.176934912,0.81640625,0.7469572368421054,success,sinkhorn,0.01,100000
1D-exp-vs-cauchy-512p,512,512,0.3298079560656567,100000,0.0087553073128134,,seconds,3.9730706214904794,3.934437023475766,megabytes,88270.0,88270.0,59.0,52.5625,0.0964608,0.0964608,0.809375,0.78134765625,success,sinkhorn,0.01,100000
1D-exp-vs-cauchy-512p,512,512,0.1202320754790172,100000,0.0026135169642438,,seconds,4.157765626907349,4.026472728699446,megabytes,88270.0,88270.0,57.0,51.8421052631579,0.176898048,0.176898048,0.79296875,0.7530838815789472,success,sinkhorn,0.01,100000
1D-exp-vs-cauchy-512p,512,512,0.0810817660499428,100000,0.0031548062199894,,seconds,4.222574234008789,4.036393733695149,megabytes,88270.0,88270.0,57.0,53.89473684210526,0.177098752,0.177098752,0.8078125,0.7430098684210527,success,sinkhorn,0.01,100000
1D-exp-vs-cauchy-512p,512,512,0.2396417365467762,100000,0.0060316223547169,,seconds,3.9561572074890137,3.958815958350897,megabytes,88270.0,88270.0,59.0,54.294117647058826,0.099803136,0.099803136,0.8203125,0.7781250000000002,success,sinkhorn,0.01,100000
1D-exp-vs-cauchy-512p,512,512,0.5498985731513328,100000,0.0158883575426985,,seconds,4.142682075500488,3.992638746276498,megabytes,88270.0,88270.0,58.0,53.1764705882353,0.096403456,0.096403456,0.815625,0.751516544117647,success,sinkhorn,0.01,100000
1D-exp-vs-cauchy-512p,512,512,0.4833917516871368,100000,0.0195759445763779,,seconds,3.953411340713501,3.89830412901938,megabytes,88270.0,88270.0,59.0,54.875,0.099774464,0.099774464,0.81015625,0.758544921875,success,sinkhorn,0.01,100000
1D-exp-vs-cauchy-512p,512,512,0.1510342143045621,100000,0.0024789713321685,,seconds,4.143544673919678,4.00334357470274,megabytes,88270.0,88270.0,58.0,53.526315789473685,0.176726016,0.176726016,0.8125,0.751233552631579,success,sinkhorn,0.01,100000
1D-exp-vs-cauchy-512p,512,512,0.2285141231822331,100000,0.0045907732460404,,seconds,4.081607103347778,4.032777452841401,megabytes,88270.0,88270.0,58.0,51.26315789473684,0.176668672,0.176668672,0.81015625,0.7754934210526315,success,sinkhorn,0.01,100000
1D-exp-vs-cauchy-512p,512,512,0.075034017129407,100000,0.0053807939071781,,seconds,4.010127544403076,4.015303302556276,megabytes,88270.0,88270.0,57.0,54.72222222222222,0.096514048,0.096514048,0.7890625,0.7777777777777779,success,sinkhorn,0.01,100000
1D-exp-vs-cauchy-512p,512,512,0.351128250244269,100000,0.0066933866099037,,seconds,3.9687891006469727,3.90614278614521,megabytes,88270.0,88270.0,59.0,57.9375,0.09979904,0.09979904,0.8046875,0.7636718750000001,success,sinkhorn,0.01,100000
1D-exp-vs-cauchy-512p,512,512,0.0806465806942318,100000,0.0041516918100554,,seconds,4.158227682113648,4.073665386065841,megabytes,88270.0,88270.0,57.0,51.68421052631579,0.176754688,0.176754688,0.81171875,0.759169407894737,success,sinkhorn,0.01,100000
1D-exp-vs-cauchy-512p,512,512,0.7121483980984036,100000,0.0040258952099344,,seconds,3.970024108886719,3.967690177261829,megabytes,88270.0,88270.0,58.0,54.77777777777778,0.099848192,0.099848192,0.82109375,0.7788628472222221,success,sinkhorn,0.01,100000
1D-exp-vs-cauchy-512p,512,512,0.4376399418786748,100000,0.0116192906696493,,seconds,4.276331424713135,4.077191539108753,megabytes,88270.0,88270.0,57.0,55.578947368421055,0.177250304,0.177250304,0.82109375,0.739391447368421,success,sinkhorn,0.01,100000
1D-exp-vs-cauchy-512p,512,512,0.1843508965380751,100000,0.0017260321351632,,seconds,4.146746635437012,3.988984804600477,megabytes,88270.0,88270.0,59.0,55.70588235294117,0.096534528,0.096534528,0.80078125,0.7427389705882353,success,sinkhorn,0.01,100000
1D-exp-vs-cauchy-512p,512,512,0.1486871843611146,100000,0.0022376184671572,,seconds,4.269595384597778,4.075599782168865,megabytes,88270.0,88270.0,57.0,51.63157894736842,0.177188864,0.177188864,0.80078125,0.7352796052631578,success,sinkhorn,0.01,100000
1D-exp-vs-cauchy-512p,512,512,0.4102155960269107,100000,0.013837724704312,,seconds,4.11160135269165,3.9053117018193007,megabytes,88270.0,88270.0,59.0,54.66666666666666,0.09988096,0.09988096,0.8125,0.7527343750000001,success,sinkhorn,0.01,100000
1D-exp-vs-cauchy-1024p,1024,1024,0.628304135177425,100000,0.0096108311571726,,seconds,4.17627215385437,4.129962954670191,megabytes,88270.0,88270.0,56.0,52.78947368421053,0.17514496,0.17514496,0.81640625,0.772080592105263,success,sinkhorn,0.01,100000
1D-exp-vs-cauchy-1024p,1024,1024,0.3647216581309163,100000,0.0069389444123861,,seconds,4.158646106719971,4.016874685883522,megabytes,88270.0,88270.0,58.0,52.47058823529412,0.094666752,0.094666752,0.8046875,0.7511488970588235,success,sinkhorn,0.01,100000
1D-exp-vs-cauchy-1024p,1024,1024,0.3411257458168127,100000,0.0060248495745072,,seconds,4.202736616134644,4.13414653390646,megabytes,88270.0,88270.0,56.0,51.42105263157895,0.175009792,0.175009792,0.78984375,0.7657894736842105,success,sinkhorn,0.01,100000
1D-exp-vs-cauchy-1024p,1024,1024,0.134909517348766,100000,0.0022569789600037,,seconds,4.158949851989746,4.114501232281327,megabytes,88270.0,88270.0,56.0,55.94736842105263,0.17504256,0.17504256,0.8171875,0.7707236842105263,success,sinkhorn,0.01,100000
1D-exp-vs-cauchy-1024p,1024,1024,0.0671818587279499,100000,0.0018062202031738,,seconds,4.286178588867188,4.12902663461864,megabytes,88270.0,88270.0,56.0,51.35,0.175161344,0.175161344,0.79609375,0.743359375,success,sinkhorn,0.01,100000
1D-exp-vs-cauchy-1024p,1024,1024,0.3522409879851321,100000,0.0047800781739652,,seconds,4.124455213546753,4.001286804676056,megabytes,88270.0,88270.0,58.0,52.4375,0.098107392,0.098107392,0.79921875,0.7523925781250002,success,sinkhorn,0.01,100000
1D-exp-vs-cauchy-1024p,1024,1024,0.2396566493660788,100000,0.0042657560318236,,seconds,4.17908787727356,4.110089628025889,megabytes,88270.0,88270.0,56.0,52.47368421052632,0.17836032,0.17836032,0.81796875,0.7698190789473685,success,sinkhorn,0.01,100000
1D-exp-vs-cauchy-1024p,1024,1024,0.0810461530444971,100000,0.0022340655041796,,seconds,4.207225799560547,4.197360247373581,megabytes,88270.0,88270.0,55.0,51.21052631578947,0.174972928,0.174972928,0.81484375,0.7788240131578948,success,sinkhorn,0.01,100000
1D-exp-vs-cauchy-1024p,1024,1024,0.2284473205032498,100000,0.0032455801182284,,seconds,4.414822340011597,4.21514393389225,megabytes,88270.0,88270.0,55.0,54.55,0.175394816,0.175394816,0.81796875,0.7446875,success,sinkhorn,0.01,100000
1D-exp-vs-cauchy-1024p,1024,1024,0.436801290654807,100000,0.0081391146270198,,seconds,4.359930753707886,4.19123431481421,megabytes,88270.0,88270.0,55.0,52.6,0.175038464,0.175038464,0.79453125,0.7442578125,success,sinkhorn,0.01,100000
1D-exp-vs-cauchy-1024p,1024,1024,0.1495000654386335,100000,0.0015972415017689,,seconds,4.291457176208496,4.171297704800963,megabytes,88270.0,88270.0,58.0,49.78947368421053,0.174874624,0.174874624,0.81640625,0.7567434210526315,success,sinkhorn,0.01,100000
1D-exp-vs-cauchy-1024p,1024,1024,0.158680774648788,100000,0.0022113546352106,,seconds,4.1538591384887695,4.139614714309573,megabytes,88270.0,88270.0,55.0,54.21052631578947,0.174985216,0.174985216,0.81875,0.7759457236842106,success,sinkhorn,0.01,100000
1D-exp-vs-cauchy-1024p,1024,1024,0.5490572369032712,100000,0.0110755366089019,,seconds,4.0599236488342285,3.946013581007719,megabytes,88270.0,88270.0,58.0,55.125,0.098025472,0.098025472,0.821875,0.760400390625,success,sinkhorn,0.01,100000
1D-exp-vs-cauchy-1024p,1024,1024,0.0935013082173657,100000,0.0031090173939626,,seconds,4.07133674621582,4.031856518238783,megabytes,88270.0,88270.0,57.0,50.52941176470589,0.094629888,0.094629888,0.80390625,0.7741268382352943,success,sinkhorn,0.01,100000
1D-exp-vs-cauchy-1024p,1024,1024,0.4108395397060281,100000,0.0098658148332955,,seconds,4.186905145645142,4.127450028434396,megabytes,88270.0,88270.0,56.0,53.26315789473684,0.175169536,0.175169536,0.80703125,0.7640213815789474,success,sinkhorn,0.01,100000
1D-exp-vs-cauchy-1024p,1024,1024,0.0860339474848178,100000,0.0015044865879786,,seconds,4.218639135360718,4.178531270474196,megabytes,88270.0,88270.0,57.0,50.578947368421055,0.175120384,0.175120384,0.7859375,0.7655427631578947,success,sinkhorn,0.01,100000
1D-exp-vs-cauchy-1024p,1024,1024,0.4931992027408737,100000,0.0005873062973085,,seconds,4.210869550704956,4.126317393034697,megabytes,88270.0,88270.0,57.0,53.333333333333336,0.094867456,0.094867456,0.7984375,0.7631510416666669,success,sinkhorn,0.01,100000
1D-exp-vs-cauchy-1024p,1024,1024,0.0750692825589887,100000,0.0038021257830665,,seconds,4.131662368774414,4.024515442550182,megabytes,88270.0,88270.0,57.0,53.94736842105263,0.17844224,0.17844224,0.7921875,0.75546875,success,sinkhorn,0.01,100000
1D-exp-vs-cauchy-1024p,1024,1024,0.712183591587795,100000,0.0028797695072581,,seconds,4.203108072280884,4.098328599706292,megabytes,88270.0,88270.0,58.0,50.55555555555556,0.094871552,0.094871552,0.81484375,0.7671875,success,sinkhorn,0.01,100000
1D-exp-vs-cauchy-1024p,1024,1024,0.1510459779244002,100000,0.0017527054535522,,seconds,4.089999675750732,4.070694625377655,megabytes,88270.0,88270.0,57.0,52.41176470588236,0.09486336,0.09486336,0.790625,0.7661305147058823,success,sinkhorn,0.01,100000
1D-exp-vs-cauchy-1024p,1024,1024,0.2525846574847875,100000,0.0026290673626898,,seconds,4.262245416641235,4.182757234200835,megabytes,88270.0,88270.0,55.0,51.1578947368421,0.17516544,0.17516544,0.7890625,0.7607319078947369,success,sinkhorn,0.01,100000
1D-exp-vs-cauchy-1024p,1024,1024,0.4836669354112295,100000,0.0139625017310302,,seconds,4.215160846710205,4.171063743531704,megabytes,88270.0,88270.0,57.0,51.42105263157895,0.17504256,0.17504256,0.81484375,0.7673108552631579,success,sinkhorn,0.01,100000
1D-exp-vs-cauchy-1024p,1024,1024,0.2453037546056942,100000,0.0036913578227514,,seconds,4.363898277282715,4.1997106950730085,megabytes,88270.0,88270.0,55.0,55.0,0.175325184,0.175325184,0.79296875,0.745625,success,sinkhorn,0.01,100000
1D-exp-vs-cauchy-1024p,1024,1024,0.5052412226670937,100000,0.0118059281188146,,seconds,4.453993797302246,4.127037316560745,megabytes,88270.0,88270.0,57.0,50.16666666666666,0.09549824,0.09549824,0.8,0.7396701388888889,success,sinkhorn,0.01,100000
1D-exp-vs-cauchy-1024p,1024,1024,0.329033672422948,100000,0.0061425116463152,,seconds,4.159350395202637,4.09135989844799,megabytes,88270.0,88270.0,56.0,49.578947368421055,0.178417664,0.178417664,0.8140625,0.7677631578947369,success,sinkhorn,0.01,100000
1D-exp-vs-cauchy-1024p,1024,1024,0.1843550027654779,100000,0.0012198338526442,,seconds,4.3895533084869385,4.18427437543869,megabytes,88270.0,88270.0,55.0,51.4,0.175525888,0.175525888,0.7890625,0.7401953125,success,sinkhorn,0.01,100000
1D-exp-vs-cauchy-1024p,1024,1024,0.0245049907914167,100000,0.0004041329999348,,seconds,4.13325572013855,4.08179571852088,megabytes,88270.0,88270.0,57.0,51.94736842105263,0.178405376,0.178405376,0.80546875,0.7683388157894737,success,sinkhorn,0.01,100000
1D-exp-vs-cauchy-1024p,1024,1024,0.1207474294123355,100000,0.0018613880168772,,seconds,4.185123682022095,4.114784564822912,megabytes,88270.0,88270.0,56.0,51.578947368421055,0.174972928,0.174972928,0.79609375,0.7687088815789475,success,sinkhorn,0.01,100000
1D-exp-vs-cauchy-1024p,1024,1024,0.1095510348394386,100000,0.001813562524342,,seconds,4.331848859786987,4.130019564181566,megabytes,88270.0,88270.0,56.0,51.0,0.175476736,0.175476736,0.8,0.7380859375,success,sinkhorn,0.01,100000
1D-exp-vs-cauchy-1024p,1024,1024,0.1144459385137053,100000,0.0025649272679913,,seconds,4.298228025436401,4.117797363549471,megabytes,88270.0,88270.0,56.0,51.9,0.175116288,0.175116288,0.81015625,0.7459765625000001,success,sinkhorn,0.01,100000
1D-exp-vs-cauchy-1024p,1024,1024,0.0806545269239546,100000,0.0029379732150386,,seconds,4.122324466705322,3.99976509809494,megabytes,88270.0,88270.0,58.0,53.63157894736842,0.17836032,0.17836032,0.79140625,0.7483141447368421,success,sinkhorn,0.01,100000
1D-exp-vs-cauchy-2048p,2048,2048,0.2284531456407353,100000,0.0022949977974922,,seconds,5.542344093322754,5.3624737951904535,megabytes,88270.0,88270.0,65.0,60.68181818181818,0.175558656,0.175558656,0.803125,0.743181818181818,success,sinkhorn,0.01,100000
1D-exp-vs-cauchy-2048p,2048,2048,0.0862419474849583,100000,0.0010654149242947,,seconds,5.395437240600586,5.233239414170384,megabytes,88270.0,88270.0,65.0,59.6,0.176119808,0.176119808,0.81328125,0.7549687500000002,success,sinkhorn,0.01,100000
1D-exp-vs-cauchy-2048p,2048,2048,0.1097746609464891,100000,0.0012813751761858,,seconds,5.482915878295898,5.437189331278205,megabytes,88270.0,88270.0,63.0,59.64,0.175906816,0.175906816,0.80546875,0.7674999999999998,success,sinkhorn,0.01,100000
1D-exp-vs-cauchy-2048p,2048,2048,0.1144490867134397,100000,0.0018135844473137,,seconds,5.436559677124023,5.311812350526452,megabytes,88270.0,88270.0,67.0,60.0,0.175702016,0.175702016,0.81640625,0.7644701086956521,success,sinkhorn,0.01,100000
1D-exp-vs-cauchy-2048p,2048,2048,0.2531410358269408,100000,0.0018687869472625,,seconds,5.283543109893799,5.202556185424328,megabytes,88270.0,88270.0,65.0,60.875,0.175931392,0.175931392,0.8171875,0.7670247395833333,success,sinkhorn,0.01,100000
1D-exp-vs-cauchy-2048p,2048,2048,0.2396425407296877,100000,0.0030161984451978,,seconds,5.630028247833252,5.466593362390995,megabytes,88270.0,88270.0,62.0,59.03846153846154,0.176017408,0.176017408,0.81484375,0.7528245192307691,success,sinkhorn,0.01,100000
1D-exp-vs-cauchy-2048p,2048,2048,0.4108523051034726,100000,0.0069764114468895,,seconds,5.3101887702941895,5.211410515010357,megabytes,88270.0,88270.0,66.0,64.16666666666667,0.175878144,0.175878144,0.81171875,0.765625,success,sinkhorn,0.01,100000
1D-exp-vs-cauchy-2048p,2048,2048,0.1506618683091209,100000,0.0012336341137513,,seconds,5.301538467407227,5.272407360374928,megabytes,88270.0,88270.0,67.0,60.17391304347826,0.17573888,0.17573888,0.81796875,0.7781929347826086,success,sinkhorn,0.01,100000
1D-exp-vs-cauchy-2048p,2048,2048,0.2448722905554622,100000,0.0025994686897005,,seconds,5.475285768508911,5.294632889330387,megabytes,88270.0,88270.0,64.0,60.04,0.17596416,0.17596416,0.815625,0.7482812500000001,success,sinkhorn,0.01,100000
1D-exp-vs-cauchy-2048p,2048,2048,0.1490914543905032,100000,0.0011239732473506,,seconds,5.519419431686401,5.332788970321417,megabytes,88270.0,88270.0,64.0,61.16,0.176173056,0.176173056,0.81875,0.7505937499999998,success,sinkhorn,0.01,100000
1D-exp-vs-cauchy-2048p,2048,2048,0.0810481557261973,100000,0.0015796711697951,,seconds,5.555860996246338,5.458052806556225,megabytes,88270.0,88270.0,64.0,57.8,0.175788032,0.175788032,0.81796875,0.7680624999999999,success,sinkhorn,0.01,100000
1D-exp-vs-cauchy-2048p,2048,2048,0.4371987539078315,100000,0.0057824659183365,,seconds,5.414348840713501,5.294421618804336,megabytes,88270.0,88270.0,64.0,61.32,0.175816704,0.175816704,0.821875,0.7609062500000001,success,sinkhorn,0.01,100000
1D-exp-vs-cauchy-2048p,2048,2048,0.483475946818536,100000,0.0098253734832009,,seconds,5.426711082458496,5.321766424924135,megabytes,88270.0,88270.0,64.0,59.36,0.175828992,0.175828992,0.81953125,0.7694687500000001,success,sinkhorn,0.01,100000
1D-exp-vs-cauchy-2048p,2048,2048,0.3290297627222379,100000,0.0043432471701841,,seconds,5.571089029312134,5.445484096184373,megabytes,88270.0,88270.0,64.0,60.52,0.175849472,0.175849472,0.79609375,0.761625,success,sinkhorn,0.01,100000
1D-exp-vs-cauchy-2048p,2048,2048,0.0807540548199542,100000,0.0020810144596314,,seconds,5.497498273849487,5.32704052887857,megabytes,88270.0,88270.0,65.0,59.64,0.179040256,0.179040256,0.81484375,0.7546250000000001,success,sinkhorn,0.01,100000
1D-exp-vs-cauchy-2048p,2048,2048,0.1346402482655734,100000,0.0015823735108053,,seconds,5.243987798690796,5.238914700224996,megabytes,88270.0,88270.0,65.0,63.125,0.178962432,0.178962432,0.8171875,0.7801432291666667,success,sinkhorn,0.01,100000
1D-exp-vs-cauchy-2048p,2048,2048,0.7121475859444486,100000,0.00202895614137,,seconds,5.337508678436279,5.251461669802666,megabytes,88270.0,88270.0,67.0,61.79166666666666,0.17588224,0.17588224,0.79296875,0.7632486979166666,success,sinkhorn,0.01,100000
1D-exp-vs-cauchy-2048p,2048,2048,0.4920373108282799,100000,0.0003972451771887,,seconds,5.435117721557617,5.260679399594665,megabytes,88270.0,88270.0,65.0,60.875,0.175931392,0.175931392,0.78984375,0.7454101562500002,success,sinkhorn,0.01,100000
1D-exp-vs-cauchy-2048p,2048,2048,0.1849193544986518,100000,0.0008693461962054,,seconds,5.239401817321777,5.118911545723677,megabytes,88270.0,88270.0,67.0,60.5,0.177025024,0.177025024,0.803125,0.7569140625,success,sinkhorn,0.01,100000
1D-exp-vs-cauchy-2048p,2048,2048,0.1207503372434537,100000,0.0013161662157554,,seconds,5.329185962677002,5.251458862796426,megabytes,88270.0,88270.0,66.0,59.458333333333336,0.177496064,0.177496064,0.8109375,0.7599934895833335,success,sinkhorn,0.01,100000
1D-exp-vs-cauchy-2048p,2048,2048,0.3406973125174963,100000,0.004242671232652,,seconds,5.379298686981201,5.197223411872983,megabytes,88270.0,88270.0,67.0,62.26086956521739,0.177451008,0.177451008,0.80546875,0.7497282608695653,success,sinkhorn,0.01,100000
1D-exp-vs-cauchy-2048p,2048,2048,0.0671822514787323,100000,0.0012884724536146,,seconds,5.384773254394531,5.2913841009140015,megabytes,88270.0,88270.0,66.0,60.833333333333336,0.177360896,0.177360896,0.82109375,0.7676106770833334,success,sinkhorn,0.01,100000
1D-exp-vs-cauchy-2048p,2048,2048,0.0933519508984167,100000,0.0021968645431797,,seconds,5.2531418800354,5.188328456133604,megabytes,88270.0,88270.0,66.0,61.54166666666666,0.177311744,0.177311744,0.815625,0.7666992187499999,success,sinkhorn,0.01,100000
1D-exp-vs-cauchy-2048p,2048,2048,0.6282501312339108,100000,0.0067884770534338,,seconds,5.211454153060913,5.196499386802316,megabytes,88270.0,88270.0,65.0,60.391304347826086,0.177119232,0.177119232,0.81875,0.7783627717391303,success,sinkhorn,0.01,100000
1D-exp-vs-cauchy-2048p,2048,2048,0.0750712819821111,100000,0.0026879973996333,,seconds,5.3019843101501465,5.229638081043959,megabytes,88270.0,88270.0,65.0,61.29166666666666,0.177147904,0.177147904,0.81328125,0.7616536458333333,success,sinkhorn,0.01,100000
1D-exp-vs-cauchy-2048p,2048,2048,0.0245034498714721,100000,0.0002853329458,,seconds,5.28715968132019,5.256922407075763,megabytes,88270.0,88270.0,67.0,61.36363636363637,0.177037312,0.177037312,0.7953125,0.772159090909091,success,sinkhorn,0.01,100000
1D-exp-vs-cauchy-2048p,2048,2048,0.5055395913070695,100000,0.0083931535288888,,seconds,5.251283168792725,5.164874998852611,megabytes,88270.0,88270.0,66.0,62.66666666666666,0.180371456,0.180371456,0.81796875,0.7637369791666667,success,sinkhorn,0.01,100000
1D-exp-vs-cauchy-2048p,2048,2048,0.1586796032386025,100000,0.0015636108065531,,seconds,5.573580980300903,5.449250124394894,megabytes,88270.0,88270.0,64.0,59.833333333333336,0.177168384,0.177168384,0.82578125,0.7645833333333334,success,sinkhorn,0.01,100000
1D-exp-vs-cauchy-2048p,2048,2048,0.3643160444954654,100000,0.0048864936260967,,seconds,5.4450883865356445,5.277603657916188,megabytes,88270.0,88270.0,64.0,62.12,0.177270784,0.177270784,0.8078125,0.7535312499999999,success,sinkhorn,0.01,100000
1D-exp-vs-cauchy-2048p,2048,2048,0.3516986121869386,100000,0.0033631276533988,,seconds,5.33637261390686,5.135774789378047,megabytes,88270.0,88270.0,66.0,61.76190476190476,0.177414144,0.177414144,0.8125,0.7417782738095239,success,sinkhorn,0.01,100000
1D-exp-vs-cauchy-2048p,2048,2048,0.5494005710640608,100000,0.0078812741286948,,seconds,5.365531921386719,5.2071709875017405,megabytes,88270.0,88270.0,67.0,61.22727272727273,0.177135616,0.177135616,0.815625,0.7582386363636363,success,sinkhorn,0.01,100000
1D-cauchy-vs-gaussian-32p,32,32,0.002184214734542,100000,0.5750633071446553,,seconds,3.262706995010376,3.2042631413787603,megabytes,88270.0,88270.0,55.0,51.86666666666667,0.097562624,0.097562624,0.81171875,0.7682291666666666,success,sinkhorn,0.001,100000
1D-cauchy-vs-gaussian-32p,32,32,0.0109136178595985,100000,0.4345021554800694,,seconds,3.357807874679565,3.196968385949731,megabytes,88270.0,88270.0,54.0,50.875,0.097804288,0.097804288,0.790625,0.7315917968749999,success,sinkhorn,0.001,100000
1D-cauchy-vs-gaussian-32p,32,32,0.02994077737238,100000,0.1879726239221011,,seconds,3.3770411014556885,3.214848594740033,megabytes,88270.0,88270.0,55.0,48.4375,0.097755136,0.097755136,0.80703125,0.740966796875,success,sinkhorn,0.001,100000
1D-cauchy-vs-gaussian-32p,32,32,0.0368453547165446,100000,0.0272556320041128,,seconds,3.2564468383789062,3.109510140493512,megabytes,88270.0,88270.0,57.0,51.38461538461539,0.097169408,0.097169408,0.8109375,0.7448317307692307,success,sinkhorn,0.001,100000
1D-cauchy-vs-gaussian-32p,32,32,0.0273903242390473,100000,0.2667160494923829,,seconds,3.3731672763824463,3.2110104896128178,megabytes,88270.0,88270.0,54.0,48.53333333333333,0.097763328,0.097763328,0.8125,0.73234375,success,sinkhorn,0.001,100000
1D-cauchy-vs-gaussian-32p,32,32,0.0211515927597355,100000,0.333609027183325,,seconds,3.2409491539001465,3.150844667106867,megabytes,88270.0,88270.0,57.0,49.0,0.097288192,0.097288192,0.809375,0.7557477678571429,success,sinkhorn,0.001,100000
1D-cauchy-vs-gaussian-32p,32,32,0.010966386370856,100000,0.693932902414525,,seconds,3.324387788772583,3.1667378805577755,megabytes,88270.0,88270.0,56.0,52.5625,0.097521664,0.097521664,0.8078125,0.7389160156250001,success,sinkhorn,0.001,100000
1D-cauchy-vs-gaussian-32p,32,32,0.0278868577530981,100000,0.1896223545453212,,seconds,3.3454835414886475,3.195623103529215,megabytes,88270.0,88270.0,55.0,49.0,0.097353728,0.097353728,0.81015625,0.74794921875,success,sinkhorn,0.001,100000
1D-cauchy-vs-gaussian-32p,32,32,0.0403510894119348,100000,0.4492692142380796,,seconds,3.2506861686706543,3.095978271216154,megabytes,88270.0,88270.0,58.0,48.92307692307692,0.097062912,0.097062912,0.8078125,0.7338942307692308,success,sinkhorn,0.001,100000
1D-cauchy-vs-gaussian-32p,32,32,0.008801855778017,100000,0.468891025686316,,seconds,3.233360290527344,3.136851575225592,megabytes,88270.0,88270.0,57.0,50.21428571428572,0.097099776,0.097099776,0.78671875,0.7568080357142858,success,sinkhorn,0.001,100000
1D-cauchy-vs-gaussian-32p,32,32,0.0234319283265345,100000,0.3011856484370798,,seconds,3.2206802368164062,3.206483393907547,megabytes,88270.0,88270.0,55.0,48.46666666666667,0.097107968,0.097107968,0.81015625,0.7819791666666667,success,sinkhorn,0.001,100000
1D-cauchy-vs-gaussian-32p,32,32,0.0028797060989713,100000,0.4248077193538379,,seconds,3.2401609420776367,3.1841450557112694,megabytes,88270.0,88270.0,54.0,49.53333333333333,0.09703424,0.09703424,0.80546875,0.7632291666666667,success,sinkhorn,0.001,100000
1D-cauchy-vs-gaussian-32p,32,32,0.0181423714339272,100000,0.2526810062836546,,seconds,3.403754711151123,3.2095426488667727,megabytes,88270.0,88270.0,55.0,50.0625,0.097796096,0.097796096,0.80234375,0.7299804687499999,success,sinkhorn,0.001,100000
1D-cauchy-vs-gaussian-32p,32,32,0.0083319740769264,100000,0.3985442903765703,,seconds,3.445652484893799,3.192483624443412,megabytes,88270.0,88270.0,54.0,49.3125,0.097427456,0.097427456,0.8203125,0.7354492187500001,success,sinkhorn,0.001,100000
1D-cauchy-vs-gaussian-32p,32,32,0.0247777867800315,100000,0.3576078782579794,,seconds,3.347155332565308,3.218852112069726,megabytes,88270.0,88270.0,54.0,47.5625,0.097062912,0.097062912,0.79921875,0.7444335937500001,success,sinkhorn,0.001,100000
1D-cauchy-vs-gaussian-32p,32,32,0.0279415460346279,100000,0.2764771829147609,,seconds,3.255790948867798,3.169328572228551,megabytes,88270.0,88270.0,55.0,51.4,0.097046528,0.097046528,0.82265625,0.7613020833333335,success,sinkhorn,0.001,100000
1D-cauchy-vs-gaussian-32p,32,32,0.0196091011095601,100000,0.2584502609223932,,seconds,3.212418794631958,3.083923289552331,megabytes,88270.0,88270.0,57.0,51.07692307692308,0.096927744,0.096927744,0.7984375,0.747235576923077,success,sinkhorn,0.001,100000
1D-cauchy-vs-gaussian-32p,32,32,0.0058171094686876,100000,0.6157748307015626,,seconds,3.237632989883423,3.170801190659404,megabytes,88270.0,88270.0,55.0,52.6,0.09701376,0.09701376,0.7921875,0.7619270833333335,success,sinkhorn,0.001,100000
1D-cauchy-vs-gaussian-32p,32,32,0.0083968461166404,100000,0.6183171031279284,,seconds,3.3574163913726807,3.206015596166253,megabytes,88270.0,88270.0,54.0,51.6875,0.097165312,0.097165312,0.815625,0.7411621093749999,success,sinkhorn,0.001,100000
1D-cauchy-vs-gaussian-32p,32,32,0.0219424013663521,100000,0.234841720100419,,seconds,3.191036939620972,3.168485533446073,megabytes,88270.0,88270.0,57.0,48.0,0.097009664,0.097009664,0.790625,0.767578125,success,sinkhorn,0.001,100000
1D-cauchy-vs-gaussian-32p,32,32,0.0119991504812392,100000,0.5763161549577946,,seconds,3.362575054168701,3.257547914981842,megabytes,88270.0,88270.0,54.0,50.625,0.097148928,0.097148928,0.8015625,0.7479492187500001,success,sinkhorn,0.001,100000
1D-cauchy-vs-gaussian-32p,32,32,0.005911365471023,100000,0.4109839269059263,,seconds,3.357731580734253,3.204174514859915,megabytes,88270.0,88270.0,54.0,48.1875,0.097153024,0.097153024,0.80546875,0.7428710937499999,success,sinkhorn,0.001,100000
1D-cauchy-vs-gaussian-32p,32,32,0.0214233706687432,100000,0.174191359918833,,seconds,3.41406774520874,3.205523766577244,megabytes,88270.0,88270.0,55.0,51.0625,0.09785344,0.09785344,0.8171875,0.7349121093750001,success,sinkhorn,0.001,100000
1D-cauchy-vs-gaussian-32p,32,32,0.0064341368763308,100000,0.430770344841961,,seconds,3.3899879455566406,3.203878827393055,megabytes,88270.0,88270.0,54.0,49.8125,0.097685504,0.097685504,0.796875,0.731884765625,success,sinkhorn,0.001,100000
1D-cauchy-vs-gaussian-32p,32,32,0.0170166988730242,100000,0.4662297142302872,,seconds,3.388269662857056,3.214572012424469,megabytes,88270.0,88270.0,55.0,49.5,0.097595392,0.097595392,0.81875,0.7396972656249999,success,sinkhorn,0.001,100000
1D-cauchy-vs-gaussian-32p,32,32,0.0248500436795814,100000,0.5110360371669816,,seconds,3.251056909561157,3.1905566193163395,megabytes,88270.0,88270.0,57.0,52.46666666666667,0.097062912,0.097062912,0.81328125,0.7646875000000001,success,sinkhorn,0.001,100000
1D-cauchy-vs-gaussian-32p,32,32,0.0158234851899465,100000,0.3586559361357941,,seconds,3.395206928253174,3.21919765509665,megabytes,88270.0,88270.0,55.0,50.875,0.097558528,0.097558528,0.81328125,0.7380859375,success,sinkhorn,0.001,100000
1D-cauchy-vs-gaussian-32p,32,32,0.0265003756319319,100000,0.2913602891017859,,seconds,3.220881938934326,3.1794797740876675,megabytes,88270.0,88270.0,55.0,50.266666666666666,0.097161216,0.097161216,0.79609375,0.7682291666666665,success,sinkhorn,0.001,100000
1D-cauchy-vs-gaussian-32p,32,32,0.0193618766729541,100000,0.4844323093365755,,seconds,3.234569549560547,3.2033083960413933,megabytes,88270.0,88270.0,55.0,49.4,0.097165312,0.097165312,0.8,0.7693229166666666,success,sinkhorn,0.001,100000
1D-cauchy-vs-gaussian-32p,32,32,0.0069874638456333,100000,0.633169270845106,,seconds,3.323206186294556,3.159630605950952,megabytes,88270.0,88270.0,57.0,50.73333333333333,0.09746432,0.09746432,0.81953125,0.7363541666666666,success,sinkhorn,0.001,100000
1D-cauchy-vs-gaussian-32p,32,32,0.0202503028899484,100000,0.4247011292487977,,seconds,3.355445623397827,3.2117578219622374,megabytes,88270.0,88270.0,55.0,48.0,0.097296384,0.097296384,0.81171875,0.7446289062499999,success,sinkhorn,0.001,100000
1D-cauchy-vs-gaussian-64p,64,64,0.0232922683301199,100000,0.262311386595609,,seconds,3.2597546577453613,3.1673729345202446,megabytes,88270.0,88270.0,55.0,52.2,0.09711616,0.09711616,0.8203125,0.7578125000000001,success,sinkhorn,0.001,100000
1D-cauchy-vs-gaussian-64p,64,64,0.0101828781218301,100000,0.2828606994668721,,seconds,3.2164437770843506,3.1534828525036573,megabytes,88270.0,88270.0,55.0,50.333333333333336,0.097112064,0.097112064,0.78984375,0.7639583333333333,success,sinkhorn,0.001,100000
1D-cauchy-vs-gaussian-64p,64,64,0.0228215597855705,100000,0.2533149068456942,,seconds,3.1568992137908936,3.1626812741160397,megabytes,88270.0,88270.0,55.0,49.333333333333336,0.097214464,0.097214464,0.796875,0.77609375,success,sinkhorn,0.001,100000
1D-cauchy-vs-gaussian-64p,64,64,0.0097290003697543,100000,0.3057437374037055,,seconds,3.159628868103028,3.0572448074817657,megabytes,88270.0,88270.0,58.0,51.333333333333336,0.096964608,0.096964608,0.7921875,0.7499348958333334,success,sinkhorn,0.001,100000
1D-cauchy-vs-gaussian-64p,64,64,0.0085059996679324,100000,0.3400764168187751,,seconds,3.303372383117676,3.114806244149804,megabytes,88270.0,88270.0,58.0,53.85714285714285,0.097804288,0.097804288,0.8015625,0.7185825892857143,success,sinkhorn,0.001,100000
1D-cauchy-vs-gaussian-64p,64,64,0.0077484196214459,100000,0.4498359143413669,,seconds,3.2216508388519287,3.1118293032050133,megabytes,88270.0,88270.0,58.0,49.73333333333333,0.097189888,0.097189888,0.79765625,0.7461458333333332,success,sinkhorn,0.001,100000
1D-cauchy-vs-gaussian-64p,64,64,0.0064340778063109,100000,0.4914327859192968,,seconds,3.217183351516724,3.1113065350800757,megabytes,88270.0,88270.0,56.0,49.6,0.100757504,0.100757504,0.78828125,0.7471875000000002,success,sinkhorn,0.001,100000
1D-cauchy-vs-gaussian-64p,64,64,0.0142164045313467,100000,0.3379960988313776,,seconds,3.240765333175659,3.092804873362184,megabytes,88270.0,88270.0,56.0,51.66666666666666,0.100753408,0.100753408,0.8171875,0.7368750000000001,success,sinkhorn,0.001,100000
1D-cauchy-vs-gaussian-64p,64,64,0.0143534104311662,100000,0.4548337820284903,,seconds,3.3467204570770264,3.1663377545773983,megabytes,88270.0,88270.0,56.0,50.375,0.09752576,0.09752576,0.815625,0.7384765625000002,success,sinkhorn,0.001,100000
1D-cauchy-vs-gaussian-64p,64,64,0.003770365003414,100000,0.3006189364263069,,seconds,3.4160048961639404,3.201321616768837,megabytes,88270.0,88270.0,55.0,53.0625,0.097886208,0.097886208,0.8234375,0.7379882812499999,success,sinkhorn,0.001,100000
1D-cauchy-vs-gaussian-64p,64,64,0.0067580445674464,100000,0.2912579434860547,,seconds,3.164414167404175,3.1273781526833773,megabytes,88270.0,88270.0,56.0,51.73333333333333,0.097026048,0.097026048,0.8140625,0.7684374999999999,success,sinkhorn,0.001,100000
1D-cauchy-vs-gaussian-64p,64,64,0.022645686856809,100000,0.2924305592942884,,seconds,3.351233720779419,3.160703293979168,megabytes,88270.0,88270.0,56.0,50.6875,0.097816576,0.097816576,0.78828125,0.7294433593749999,success,sinkhorn,0.001,100000
1D-cauchy-vs-gaussian-64p,64,64,0.0228230039165887,100000,0.3555435582464951,,seconds,3.12168288230896,3.050084063783288,megabytes,88270.0,88270.0,58.0,53.083333333333336,0.096780288,0.096780288,0.790625,0.7606119791666668,success,sinkhorn,0.001,100000
1D-cauchy-vs-gaussian-64p,64,64,0.0389366328263667,100000,0.4062439145742754,,seconds,3.258843421936035,3.177632071077824,megabytes,88270.0,88270.0,55.0,49.2,0.097071104,0.097071104,0.8171875,0.7577604166666667,success,sinkhorn,0.001,100000
1D-cauchy-vs-gaussian-64p,64,64,0.0062666916142709,100000,0.3082458103973217,,seconds,3.2413125038146973,3.1229804884642363,megabytes,88270.0,88270.0,58.0,49.5,0.09695232,0.09695232,0.80546875,0.7498883928571428,success,sinkhorn,0.001,100000
1D-cauchy-vs-gaussian-64p,64,64,0.0214709165950197,100000,0.3158556541318145,,seconds,3.2497899532318115,3.1671800650656223,megabytes,88270.0,88270.0,55.0,53.93333333333333,0.100810752,0.100810752,0.81796875,0.7539062500000001,success,sinkhorn,0.001,100000
1D-cauchy-vs-gaussian-64p,64,64,0.0214038402700877,100000,0.1956495040333667,,seconds,3.199749231338501,3.139883916825056,megabytes,88270.0,88270.0,57.0,51.785714285714285,0.096894976,0.096894976,0.809375,0.764341517857143,success,sinkhorn,0.001,100000
1D-cauchy-vs-gaussian-64p,64,64,0.0219948682856662,100000,0.2204016070956632,,seconds,3.4095115661621094,3.235791640356183,megabytes,88270.0,88270.0,54.0,48.9375,0.097452032,0.097452032,0.80546875,0.730517578125,success,sinkhorn,0.001,100000
1D-cauchy-vs-gaussian-64p,64,64,0.0115255172248131,100000,0.4314736985071368,,seconds,3.180217981338501,3.125858772546053,megabytes,88270.0,88270.0,56.0,50.66666666666666,0.100663296,0.100663296,0.7875,0.7625,success,sinkhorn,0.001,100000
1D-cauchy-vs-gaussian-64p,64,64,0.0016120832283211,100000,0.4062570505342328,,seconds,3.360008955001831,3.2572196908295155,megabytes,88270.0,88270.0,54.0,49.25,0.09703424,0.09703424,0.81953125,0.7497070312499999,success,sinkhorn,0.001,100000
1D-cauchy-vs-gaussian-64p,64,64,0.0214363624472327,100000,0.2099848445635302,,seconds,3.3521265983581543,3.254511959850788,megabytes,88270.0,88270.0,54.0,49.1875,0.096980992,0.096980992,0.8109375,0.748046875,success,sinkhorn,0.001,100000
1D-cauchy-vs-gaussian-64p,64,64,0.0190478648399946,100000,0.1583720865373654,,seconds,3.3635823726654053,3.157858435064554,megabytes,88270.0,88270.0,55.0,50.125,0.101326848,0.101326848,0.8109375,0.7298828125,success,sinkhorn,0.001,100000
1D-cauchy-vs-gaussian-64p,64,64,0.0241883000434612,100000,0.1953316026858803,,seconds,3.373746156692505,3.2360669784247875,megabytes,88270.0,88270.0,55.0,48.6875,0.097165312,0.097165312,0.81640625,0.7507812500000001,success,sinkhorn,0.001,100000
1D-cauchy-vs-gaussian-64p,64,64,0.018567143552771,100000,0.3227028937029642,,seconds,3.243701934814453,3.1999051459133625,megabytes,88270.0,88270.0,57.0,48.13333333333333,0.097030144,0.097030144,0.8171875,0.7693229166666666,success,sinkhorn,0.001,100000
1D-cauchy-vs-gaussian-64p,64,64,0.0330068891383698,100000,0.0402106906290232,,seconds,3.3605761528015137,3.1923054922372103,megabytes,88270.0,88270.0,55.0,50.875,0.097366016,0.097366016,0.7921875,0.7295410156249997,success,sinkhorn,0.001,100000
1D-cauchy-vs-gaussian-64p,64,64,0.0154318697245872,100000,0.2549354316396403,,seconds,3.167520523071289,3.149501454085112,megabytes,88270.0,88270.0,55.0,49.13333333333333,0.096927744,0.096927744,0.8125,0.7808333333333334,success,sinkhorn,0.001,100000
1D-cauchy-vs-gaussian-64p,64,64,0.023975009940204,100000,0.2626667930594227,,seconds,3.330706119537353,3.1869434285908937,megabytes,88270.0,88270.0,55.0,50.5625,0.097062912,0.097062912,0.8046875,0.7437499999999999,success,sinkhorn,0.001,100000
1D-cauchy-vs-gaussian-64p,64,64,0.0322660767787934,100000,0.1182703650705961,,seconds,3.338620185852051,3.152581127360463,megabytes,88270.0,88270.0,56.0,50.8125,0.09742336,0.09742336,0.79375,0.7341796875,success,sinkhorn,0.001,100000
1D-cauchy-vs-gaussian-64p,64,64,0.0052780400163931,100000,0.4545463631395585,,seconds,3.348017454147339,3.1495084799826145,megabytes,88270.0,88270.0,56.0,50.625,0.09764864,0.09764864,0.80546875,0.730224609375,success,sinkhorn,0.001,100000
1D-cauchy-vs-gaussian-64p,64,64,0.029816692782211,100000,0.20732239692971,,seconds,3.218668222427368,3.0762366876006126,megabytes,88270.0,88270.0,58.0,54.833333333333336,0.096731136,0.096731136,0.7890625,0.7360677083333335,success,sinkhorn,0.001,100000
1D-cauchy-vs-gaussian-64p,64,64,0.01956418586027,100000,0.2073014764732752,,seconds,3.219115257263184,3.131026962772012,megabytes,88270.0,88270.0,56.0,49.86666666666667,0.100667392,0.100667392,0.8109375,0.7559895833333332,success,sinkhorn,0.001,100000
1D-cauchy-vs-gaussian-128p,128,128,0.0130272835946791,100000,0.3080132939619231,,seconds,3.446461677551269,3.2614958230406046,megabytes,88270.0,88270.0,55.0,52.25,0.09752576,0.09752576,0.81484375,0.734521484375,success,sinkhorn,0.001,100000
1D-cauchy-vs-gaussian-128p,128,128,0.0211640070286673,100000,0.1476081875541926,,seconds,3.335200548171997,3.201553262770176,megabytes,88270.0,88270.0,58.0,50.2,0.100651008,0.100651008,0.79453125,0.74984375,success,sinkhorn,0.001,100000
1D-cauchy-vs-gaussian-128p,128,128,0.0212530764199276,100000,0.2304291273487763,,seconds,3.419028043746948,3.270324846729636,megabytes,88270.0,88270.0,55.0,49.375,0.097030144,0.097030144,0.815625,0.7435058593749999,success,sinkhorn,0.001,100000
1D-cauchy-vs-gaussian-128p,128,128,0.0236299338967486,100000,0.1852537088056528,,seconds,3.179490327835083,3.1279969345778227,megabytes,88270.0,88270.0,59.0,50.30769230769231,0.100687872,0.100687872,0.7890625,0.7602764423076924,success,sinkhorn,0.001,100000
1D-cauchy-vs-gaussian-128p,128,128,0.0208113812107565,100000,0.1396092402866514,,seconds,3.3847951889038086,3.283935183659196,megabytes,88270.0,88270.0,54.0,51.4375,0.097005568,0.097005568,0.78359375,0.7458007812499998,success,sinkhorn,0.001,100000
1D-cauchy-vs-gaussian-128p,128,128,0.0179258229624612,100000,0.2311810534752583,,seconds,3.2794418334960938,3.109929829835892,megabytes,88270.0,88270.0,59.0,54.0,0.101031936,0.101031936,0.8109375,0.7374399038461538,success,sinkhorn,0.001,100000
1D-cauchy-vs-gaussian-128p,128,128,0.0195397333563726,100000,0.1459160827993242,,seconds,3.422847986221313,3.291657093912363,megabytes,88270.0,88270.0,54.0,49.0625,0.0969728,0.0969728,0.80546875,0.74658203125,success,sinkhorn,0.001,100000
1D-cauchy-vs-gaussian-128p,128,128,0.0091773961995682,100000,0.21812865389155,,seconds,3.245399236679077,3.1315150391310453,megabytes,88270.0,88270.0,59.0,53.53846153846154,0.096755712,0.096755712,0.7890625,0.7444711538461539,success,sinkhorn,0.001,100000
1D-cauchy-vs-gaussian-128p,128,128,0.0339546294179988,100000,0.0302599365526603,,seconds,3.3907129764556885,3.2578709609806538,megabytes,88270.0,88270.0,55.0,50.5,0.097009664,0.097009664,0.78828125,0.74462890625,success,sinkhorn,0.001,100000
1D-cauchy-vs-gaussian-128p,128,128,0.0233304683019677,100000,0.1806876325769694,,seconds,3.405668258666992,3.222316386178136,megabytes,88270.0,88270.0,58.0,49.93333333333333,0.097275904,0.097275904,0.81171875,0.7339583333333335,success,sinkhorn,0.001,100000
1D-cauchy-vs-gaussian-128p,128,128,0.005648131882531,100000,0.323863341779589,,seconds,3.144752025604248,3.0771402306854725,megabytes,88270.0,88270.0,59.0,54.91666666666666,0.096735232,0.096735232,0.79140625,0.7610677083333334,success,sinkhorn,0.001,100000
1D-cauchy-vs-gaussian-128p,128,128,0.0099651616496083,100000,0.2017365808506284,,seconds,3.289069652557373,3.204605858772993,megabytes,88270.0,88270.0,59.0,50.266666666666666,0.096845824,0.096845824,0.80234375,0.75890625,success,sinkhorn,0.001,100000
1D-cauchy-vs-gaussian-128p,128,128,0.0143628738268318,100000,0.2369120592343341,,seconds,3.115837335586548,3.074692919850349,megabytes,88270.0,88270.0,59.0,52.833333333333336,0.100704256,0.100704256,0.8078125,0.7716796875000002,success,sinkhorn,0.001,100000
1D-cauchy-vs-gaussian-128p,128,128,0.0200115609063639,100000,0.1128807816914164,,seconds,3.366851806640625,3.2478209398686886,megabytes,88270.0,88270.0,55.0,51.625,0.0968704,0.0968704,0.8171875,0.7532714843749999,success,sinkhorn,0.001,100000
1D-cauchy-vs-gaussian-128p,128,128,0.001825744185261,100000,0.2874403225748199,,seconds,3.377169370651245,3.281730145215988,megabytes,88270.0,88270.0,55.0,50.5625,0.096862208,0.096862208,0.79375,0.749462890625,success,sinkhorn,0.001,100000
1D-cauchy-vs-gaussian-128p,128,128,0.022805579559959,100000,0.2470359156296203,,seconds,3.269516468048096,3.142146185040474,megabytes,88270.0,88270.0,58.0,49.46153846153846,0.096698368,0.096698368,0.7921875,0.7498197115384616,success,sinkhorn,0.001,100000
1D-cauchy-vs-gaussian-128p,128,128,0.0302077493538891,100000,0.2929409065501922,,seconds,3.349194049835205,3.1871515791863203,megabytes,88270.0,88270.0,58.0,51.8,0.100974592,0.100974592,0.825,0.7418229166666666,success,sinkhorn,0.001,100000
1D-cauchy-vs-gaussian-128p,128,128,0.0034580453758363,100000,0.2130990667749459,,seconds,3.3748443126678467,3.268022919073701,megabytes,88270.0,88270.0,55.0,49.0625,0.096763904,0.096763904,0.81796875,0.7482910156250002,success,sinkhorn,0.001,100000
1D-cauchy-vs-gaussian-128p,128,128,0.0254673382951597,100000,0.1719472338170909,,seconds,3.4159226417541504,3.294893410056829,megabytes,88270.0,88270.0,54.0,48.3125,0.096763904,0.096763904,0.81484375,0.7486328125000001,success,sinkhorn,0.001,100000
1D-cauchy-vs-gaussian-128p,128,128,0.032205995323664,100000,0.1164417910919451,,seconds,3.379168748855591,3.2876069974154234,megabytes,88270.0,88270.0,55.0,50.875,0.096755712,0.096755712,0.82109375,0.766748046875,success,sinkhorn,0.001,100000
1D-cauchy-vs-gaussian-128p,128,128,0.0225139649543765,100000,0.1595660269869553,,seconds,3.429839849472046,3.285483416169882,megabytes,88270.0,88270.0,54.0,51.9375,0.096804864,0.096804864,0.8140625,0.74140625,success,sinkhorn,0.001,100000
1D-cauchy-vs-gaussian-128p,128,128,0.0064628929614362,100000,0.2178196271468647,,seconds,3.2602906227111816,3.154630128294229,megabytes,88270.0,88270.0,58.0,54.61538461538461,0.096616448,0.096616448,0.81328125,0.75078125,success,sinkhorn,0.001,100000
1D-cauchy-vs-gaussian-128p,128,128,0.0127697468744913,100000,0.3299309348231198,,seconds,3.355698108673096,3.3071709349751472,megabytes,88270.0,88270.0,54.0,50.875,0.096755712,0.096755712,0.81015625,0.770703125,success,sinkhorn,0.001,100000
1D-cauchy-vs-gaussian-128p,128,128,0.0210786006977667,100000,0.1785465311916375,,seconds,3.3701727390289307,3.2750019803643227,megabytes,88270.0,88270.0,54.0,48.9375,0.096792576,0.096792576,0.81640625,0.759228515625,success,sinkhorn,0.001,100000
1D-cauchy-vs-gaussian-128p,128,128,0.0067070333064036,100000,0.3170860433875833,,seconds,3.3894972801208496,3.2787017356604338,megabytes,88270.0,88270.0,54.0,50.75,0.096878592,0.096878592,0.8015625,0.7494628906249999,success,sinkhorn,0.001,100000
1D-cauchy-vs-gaussian-128p,128,128,0.0086465353442778,100000,0.2398105355847349,,seconds,3.410179615020752,3.28219336271286,megabytes,88270.0,88270.0,54.0,50.1875,0.096968704,0.096968704,0.796875,0.748095703125,success,sinkhorn,0.001,100000
1D-cauchy-vs-gaussian-128p,128,128,0.0063222422551737,100000,0.351902350113505,,seconds,3.359105348587036,3.2816180009394884,megabytes,88270.0,88270.0,54.0,48.125,0.09701376,0.09701376,0.815625,0.758447265625,success,sinkhorn,0.001,100000
1D-cauchy-vs-gaussian-128p,128,128,0.0067533384152318,100000,0.2068546139639026,,seconds,3.475738763809204,3.2776563558727503,megabytes,88270.0,88270.0,55.0,51.6875,0.097558528,0.097558528,0.8171875,0.73154296875,success,sinkhorn,0.001,100000
1D-cauchy-vs-gaussian-128p,128,128,0.0156003654842552,100000,0.18349774808645,,seconds,3.3680665493011475,3.282919542863965,megabytes,88270.0,88270.0,54.0,49.6875,0.096886784,0.096886784,0.81328125,0.7592285156249999,success,sinkhorn,0.001,100000
1D-cauchy-vs-gaussian-128p,128,128,0.023775582999574,100000,0.2318456220282732,,seconds,3.459372043609619,3.2876640409231186,megabytes,88270.0,88270.0,54.0,49.5625,0.09725952,0.09725952,0.81484375,0.736474609375,success,sinkhorn,0.001,100000
1D-cauchy-vs-gaussian-128p,128,128,0.0283569968826039,100000,0.1420244494308216,,seconds,3.3710951805114746,3.173751384019852,megabytes,88270.0,88270.0,58.0,52.785714285714285,0.097406976,0.097406976,0.79296875,0.7256696428571427,success,sinkhorn,0.001,100000
1D-cauchy-vs-gaussian-256p,256,256,0.0198573629247214,100000,0.0798336225680035,,seconds,3.270261287689209,3.1554365567862988,megabytes,88270.0,88270.0,59.0,49.84615384615385,0.096681984,0.096681984,0.80234375,0.7484374999999999,success,sinkhorn,0.001,100000
1D-cauchy-vs-gaussian-256p,256,256,0.0097137235097219,100000,0.1426046848223886,,seconds,3.795710802078247,3.579635813832283,megabytes,88270.0,88270.0,52.0,49.94117647058823,0.097148928,0.097148928,0.80703125,0.7477022058823529,success,sinkhorn,0.001,100000
1D-cauchy-vs-gaussian-256p,256,256,0.0070496964008299,100000,0.2239043421932412,,seconds,3.369971513748169,3.202286627143621,megabytes,88270.0,88270.0,58.0,50.642857142857146,0.10110976,0.10110976,0.8203125,0.7388950892857143,success,sinkhorn,0.001,100000
1D-cauchy-vs-gaussian-256p,256,256,0.021278249450304,100000,0.1053468994142756,,seconds,3.689382553100586,3.638081694021821,megabytes,88270.0,88270.0,51.0,46.47058823529412,0.10080256,0.10080256,0.80625,0.7693014705882353,success,sinkhorn,0.001,100000
1D-cauchy-vs-gaussian-256p,256,256,0.0206765622151112,100000,0.1650137729803198,,seconds,3.407843351364136,3.3406441900879145,megabytes,88270.0,88270.0,54.0,50.625,0.096878592,0.096878592,0.7984375,0.7653320312500002,success,sinkhorn,0.001,100000
1D-cauchy-vs-gaussian-256p,256,256,0.032653703590629,100000,0.2072325444288431,,seconds,3.4584295749664307,3.299639541655779,megabytes,88270.0,88270.0,55.0,50.0,0.097161216,0.097161216,0.81328125,0.7470703124999999,success,sinkhorn,0.001,100000
1D-cauchy-vs-gaussian-256p,256,256,0.0227444215077218,100000,0.1145014459756215,,seconds,3.443636178970337,3.352956099435687,megabytes,88270.0,88270.0,54.0,47.5,0.096796672,0.096796672,0.78671875,0.75576171875,success,sinkhorn,0.001,100000
1D-cauchy-vs-gaussian-256p,256,256,0.013068120370598,100000,0.2324066368673074,,seconds,3.5325257778167725,3.409764001145959,megabytes,88270.0,88270.0,57.0,53.0,0.096825344,0.096825344,0.8109375,0.7478645833333333,success,sinkhorn,0.001,100000
1D-cauchy-vs-gaussian-256p,256,256,0.0093767984652334,100000,0.1540721902897616,,seconds,3.359825134277344,3.338564807549119,megabytes,88270.0,88270.0,55.0,50.375,0.100737024,0.100737024,0.815625,0.7778808593749998,success,sinkhorn,0.001,100000
1D-cauchy-vs-gaussian-256p,256,256,0.0177185065518649,100000,0.165105957289174,,seconds,3.3502066135406494,3.3398931603878736,megabytes,88270.0,88270.0,55.0,53.125,0.096927744,0.096927744,0.796875,0.7674804687500001,success,sinkhorn,0.001,100000
1D-cauchy-vs-gaussian-256p,256,256,0.023567141247358,100000,0.1592940704832419,,seconds,3.974619150161743,3.81817483715713,megabytes,88270.0,88270.0,50.0,46.27777777777778,0.177332224,0.177332224,0.81796875,0.7473090277777777,success,sinkhorn,0.001,100000
1D-cauchy-vs-gaussian-256p,256,256,0.0238308094737066,100000,0.1261421633789531,,seconds,4.001318454742432,3.7345988173037767,megabytes,88270.0,88270.0,55.0,46.1764705882353,0.09703424,0.09703424,0.8,0.7437959558823529,success,sinkhorn,0.001,100000
1D-cauchy-vs-gaussian-256p,256,256,0.0034921372878051,100000,0.1505728916439416,,seconds,3.3048620223999023,3.303965589031577,megabytes,88270.0,88270.0,58.0,48.85714285714285,0.096919552,0.096919552,0.79453125,0.7813058035714285,success,sinkhorn,0.001,100000
1D-cauchy-vs-gaussian-256p,256,256,0.0088671210315282,100000,0.1697571964199669,,seconds,3.4619784355163574,3.325788201764226,megabytes,88270.0,88270.0,58.0,50.53333333333333,0.100777984,0.100777984,0.79296875,0.7439583333333334,success,sinkhorn,0.001,100000
1D-cauchy-vs-gaussian-256p,256,256,0.0065401768373509,100000,0.153929410480787,,seconds,3.446359395980835,3.326831424608826,megabytes,88270.0,88270.0,59.0,51.4,0.1007616,0.1007616,0.82734375,0.7475520833333333,success,sinkhorn,0.001,100000
1D-cauchy-vs-gaussian-256p,256,256,0.0126682544043892,100000,0.219928422739353,,seconds,3.7652084827423096,3.440608516335488,megabytes,88270.0,88270.0,54.0,48.94117647058823,0.097783808,0.097783808,0.81640625,0.7373621323529411,success,sinkhorn,0.001,100000
1D-cauchy-vs-gaussian-256p,256,256,0.0063528912494065,100000,0.2481468245162853,,seconds,3.4613265991210938,3.3497253078967333,megabytes,88270.0,88270.0,55.0,49.4375,0.096960512,0.096960512,0.79765625,0.7527343750000001,success,sinkhorn,0.001,100000
1D-cauchy-vs-gaussian-256p,256,256,0.0285059638267274,100000,0.104566865251059,,seconds,3.730047702789306,3.405032182112336,megabytes,88270.0,88270.0,57.0,47.76470588235294,0.097697792,0.097697792,0.81484375,0.7336856617647058,success,sinkhorn,0.001,100000
1D-cauchy-vs-gaussian-256p,256,256,0.0251873922942701,100000,0.1212528862302005,,seconds,3.382441759109497,3.1946549341082573,megabytes,88270.0,88270.0,59.0,48.38461538461539,0.101056512,0.101056512,0.80234375,0.7239182692307693,success,sinkhorn,0.001,100000
1D-cauchy-vs-gaussian-256p,256,256,0.0158000317230349,100000,0.1292928194793728,,seconds,3.4338254928588867,3.33960167132318,megabytes,88270.0,88270.0,55.0,51.0625,0.09672704,0.09672704,0.7859375,0.756787109375,success,sinkhorn,0.001,100000
1D-cauchy-vs-gaussian-256p,256,256,0.0213888094052679,100000,0.127296508214876,,seconds,3.770816802978516,3.440967336297035,megabytes,88270.0,88270.0,54.0,51.1764705882353,0.097247232,0.097247232,0.79609375,0.7356617647058823,success,sinkhorn,0.001,100000
1D-cauchy-vs-gaussian-256p,256,256,0.0336447712965964,100000,0.0230564079049854,,seconds,3.5140914916992188,3.314463036134839,megabytes,88270.0,88270.0,58.0,50.642857142857146,0.101203968,0.101203968,0.790625,0.7231026785714286,success,sinkhorn,0.001,100000
1D-cauchy-vs-gaussian-256p,256,256,0.0229442812043717,100000,0.1717840606729797,,seconds,3.7822518348693848,3.452859843149781,megabytes,88270.0,88270.0,54.0,50.0,0.09746432,0.09746432,0.8078125,0.7400735294117649,success,sinkhorn,0.001,100000
1D-cauchy-vs-gaussian-256p,256,256,0.0017621857714242,100000,0.2033422812587513,,seconds,3.472576856613159,3.4179097805172205,megabytes,88270.0,88270.0,54.0,46.75,0.10061824,0.10061824,0.82109375,0.7687988281250001,success,sinkhorn,0.001,100000
1D-cauchy-vs-gaussian-256p,256,256,0.014658082281844,100000,0.1671354372597616,,seconds,3.461702823638916,3.291600801050663,megabytes,88270.0,88270.0,59.0,55.6,0.096944128,0.096944128,0.81953125,0.7369791666666666,success,sinkhorn,0.001,100000
1D-cauchy-vs-gaussian-256p,256,256,0.0210316975085187,100000,0.0971738143883215,,seconds,3.684869527816773,3.610264660790562,megabytes,88270.0,88270.0,52.0,48.0,0.096698368,0.096698368,0.79453125,0.7693933823529411,success,sinkhorn,0.001,100000
1D-cauchy-vs-gaussian-256p,256,256,0.0056044732653696,100000,0.2289436874921408,,seconds,3.679115056991577,3.466955890879035,megabytes,88270.0,88270.0,54.0,50.52941176470589,0.096768,0.096768,0.78515625,0.7478400735294117,success,sinkhorn,0.001,100000
1D-cauchy-vs-gaussian-256p,256,256,0.0195941926827246,100000,0.1040304042734939,,seconds,3.705479145050049,3.509956154972315,megabytes,88270.0,88270.0,53.0,48.0,0.09719808,0.09719808,0.81171875,0.75546875,success,sinkhorn,0.001,100000
1D-cauchy-vs-gaussian-256p,256,256,0.0322398844335744,100000,0.0843111996331942,,seconds,3.9623944759368896,3.8694477267563343,megabytes,88270.0,88270.0,50.0,45.66666666666666,0.177291264,0.177291264,0.8109375,0.760329861111111,success,sinkhorn,0.001,100000
1D-cauchy-vs-gaussian-256p,256,256,0.0232840881313382,100000,0.1266078975596236,,seconds,3.3103952407836914,3.295181557536125,megabytes,88270.0,88270.0,59.0,50.92857142857143,0.096927744,0.096927744,0.8015625,0.7798549107142858,success,sinkhorn,0.001,100000
1D-cauchy-vs-gaussian-256p,256,256,0.0066198639736327,100000,0.1462863196738135,,seconds,3.48938512802124,3.337974525988102,megabytes,88270.0,88270.0,55.0,53.5,0.09713664,0.09713664,0.79921875,0.7386230468749999,success,sinkhorn,0.001,100000
1D-cauchy-vs-gaussian-512p,512,512,0.0065813847513086,100000,0.1034789143971989,,seconds,4.229018926620483,4.029822515323758,megabytes,88270.0,88270.0,57.0,50.578947368421055,0.17948672,0.17948672,0.81328125,0.7434621710526316,success,sinkhorn,0.001,100000
1D-cauchy-vs-gaussian-512p,512,512,0.0065679403282829,100000,0.1087625420154166,,seconds,4.197023868560791,3.9720408897846937,megabytes,88270.0,88270.0,58.0,53.0,0.098906112,0.098906112,0.81640625,0.7605238970588236,success,sinkhorn,0.001,100000
1D-cauchy-vs-gaussian-512p,512,512,0.0034784135617312,100000,0.1064907526949456,,seconds,4.078468084335327,3.9105674382299194,megabytes,88270.0,88270.0,58.0,53.47058823529412,0.1027072,0.1027072,0.80703125,0.7570772058823529,success,sinkhorn,0.001,100000
1D-cauchy-vs-gaussian-512p,512,512,0.0336062960215844,100000,0.0164306943075953,,seconds,4.107187986373901,4.037922617048025,megabytes,88270.0,88270.0,56.0,50.73684210526316,0.179245056,0.179245056,0.78671875,0.7648026315789476,success,sinkhorn,0.001,100000
1D-cauchy-vs-gaussian-512p,512,512,0.0131038230962195,100000,0.1635605346258688,,seconds,4.15221643447876,4.038009725511074,megabytes,88270.0,88270.0,57.0,52.31578947368421,0.179142656,0.179142656,0.8171875,0.7601151315789474,success,sinkhorn,0.001,100000
1D-cauchy-vs-gaussian-512p,512,512,0.0207935938301791,100000,0.1168224429751996,,seconds,3.997589349746704,3.989955799654126,megabytes,88270.0,88270.0,58.0,51.64705882352941,0.098865152,0.098865152,0.81640625,0.7818014705882353,success,sinkhorn,0.001,100000
1D-cauchy-vs-gaussian-512p,512,512,0.005622662745509,100000,0.1619225104645753,,seconds,4.175755739212036,4.041536459699273,megabytes,88270.0,88270.0,56.0,53.8421052631579,0.179085312,0.179085312,0.80234375,0.7554276315789474,success,sinkhorn,0.001,100000
1D-cauchy-vs-gaussian-512p,512,512,0.0126212624933373,100000,0.1553016849966606,,seconds,4.198565244674683,4.042778933420777,megabytes,88270.0,88270.0,56.0,50.68421052631579,0.179212288,0.179212288,0.79296875,0.7444901315789473,success,sinkhorn,0.001,100000
1D-cauchy-vs-gaussian-512p,512,512,0.0068885650137622,100000,0.1584880252628922,,seconds,4.214893817901611,4.067662544548512,megabytes,88270.0,88270.0,56.0,50.1578947368421,0.179154944,0.179154944,0.81640625,0.7443667763157895,success,sinkhorn,0.001,100000
1D-cauchy-vs-gaussian-512p,512,512,0.0225263786658199,100000,0.1226410047891305,,seconds,4.053319215774536,4.03855168633163,megabytes,88270.0,88270.0,56.0,52.05555555555556,0.179003392,0.179003392,0.79921875,0.7763020833333333,success,sinkhorn,0.001,100000
1D-cauchy-vs-gaussian-512p,512,512,0.0063753021431347,100000,0.1754016259410364,,seconds,4.148965120315552,4.047596264630556,megabytes,88270.0,88270.0,56.0,52.21052631578947,0.179126272,0.179126272,0.8171875,0.7646792763157894,success,sinkhorn,0.001,100000
1D-cauchy-vs-gaussian-512p,512,512,0.0178172123031191,100000,0.1169377097888438,,seconds,4.258984565734863,4.107099808752537,megabytes,88270.0,88270.0,56.0,53.578947368421055,0.17917952,0.17917952,0.81953125,0.7528782894736841,success,sinkhorn,0.001,100000
1D-cauchy-vs-gaussian-512p,512,512,0.0147368740743049,100000,0.1181980378012269,,seconds,4.072492361068726,3.888923259451986,megabytes,88270.0,88270.0,59.0,53.6875,0.103010304,0.103010304,0.79375,0.73291015625,success,sinkhorn,0.001,100000
1D-cauchy-vs-gaussian-512p,512,512,0.0229754847777497,100000,0.0900022963796171,,seconds,4.147328853607178,3.93596058152616,megabytes,88270.0,88270.0,58.0,54.94117647058823,0.098873344,0.098873344,0.7921875,0.7530790441176469,success,sinkhorn,0.001,100000
1D-cauchy-vs-gaussian-512p,512,512,0.0088323792846821,100000,0.1200872648801995,,seconds,4.142034530639648,4.06558146327734,megabytes,88270.0,88270.0,56.0,50.68421052631579,0.179089408,0.179089408,0.80859375,0.7644736842105263,success,sinkhorn,0.001,100000
1D-cauchy-vs-gaussian-512p,512,512,0.0209814218439246,100000,0.068726741409298,,seconds,4.174746751785278,4.004414424300194,megabytes,88270.0,88270.0,58.0,50.388888888888886,0.179236864,0.179236864,0.8125,0.7448350694444444,success,sinkhorn,0.001,100000
1D-cauchy-vs-gaussian-512p,512,512,0.0213549097685118,100000,0.0746982362997855,,seconds,4.0892438888549805,4.044319221749902,megabytes,88270.0,88270.0,57.0,54.21052631578947,0.179187712,0.179187712,0.79453125,0.7664884868421054,success,sinkhorn,0.001,100000
1D-cauchy-vs-gaussian-512p,512,512,0.0252854596122983,100000,0.0865764968950689,,seconds,4.1054418087005615,4.03526733443141,megabytes,88270.0,88270.0,57.0,52.26315789473684,0.178733056,0.178733056,0.8125,0.7677631578947369,success,sinkhorn,0.001,100000
1D-cauchy-vs-gaussian-512p,512,512,0.0094446619603131,100000,0.108787887326704,,seconds,4.108694791793823,3.998750587925315,megabytes,88270.0,88270.0,58.0,52.388888888888886,0.178569216,0.178569216,0.81640625,0.7612847222222221,success,sinkhorn,0.001,100000
1D-cauchy-vs-gaussian-512p,512,512,0.022762789545917,100000,0.0810836838394942,,seconds,4.178363800048828,3.980667451396585,megabytes,88270.0,88270.0,58.0,53.64705882352941,0.098316288,0.098316288,0.8,0.7602022058823532,success,sinkhorn,0.001,100000
1D-cauchy-vs-gaussian-512p,512,512,0.0317553258254295,100000,0.148253437796932,,seconds,4.152571201324463,4.038318419829011,megabytes,88270.0,88270.0,56.0,51.63157894736842,0.178679808,0.178679808,0.8078125,0.7544819078947369,success,sinkhorn,0.001,100000
1D-cauchy-vs-gaussian-512p,512,512,0.0215117416791596,100000,0.0895043738532735,,seconds,4.160035371780396,4.045406734570861,megabytes,88270.0,88270.0,56.0,53.05263157894737,0.178724864,0.178724864,0.81953125,0.7562911184210527,success,sinkhorn,0.001,100000
1D-cauchy-vs-gaussian-512p,512,512,0.0196268665290855,100000,0.073261820289104,,seconds,4.109426975250244,3.9470747895538807,megabytes,88270.0,88270.0,57.0,52.63157894736842,0.182407168,0.182407168,0.7953125,0.7413240131578945,success,sinkhorn,0.001,100000
1D-cauchy-vs-gaussian-512p,512,512,0.0158840886501799,100000,0.0914599367085406,,seconds,4.279451131820679,3.95599777251482,megabytes,88270.0,88270.0,58.0,53.76470588235294,0.099016704,0.099016704,0.80625,0.7340992647058823,success,sinkhorn,0.001,100000
1D-cauchy-vs-gaussian-512p,512,512,0.0285627635794554,100000,0.0737078408662943,,seconds,4.098234415054321,3.9386295676231375,megabytes,88270.0,88270.0,58.0,54.578947368421055,0.18243584,0.18243584,0.79453125,0.7436677631578948,success,sinkhorn,0.001,100000
1D-cauchy-vs-gaussian-512p,512,512,0.032248666797264,100000,0.0597738228618923,,seconds,4.107469797134399,4.02021311968565,megabytes,88270.0,88270.0,58.0,51.52941176470589,0.09838592,0.09838592,0.7921875,0.7712775735294118,success,sinkhorn,0.001,100000
1D-cauchy-vs-gaussian-512p,512,512,0.0017686431649657,100000,0.1437543948044449,,seconds,3.983540773391724,3.9838908314704895,megabytes,88270.0,88270.0,57.0,54.333333333333336,0.182304768,0.182304768,0.81015625,0.780642361111111,success,sinkhorn,0.001,100000
1D-cauchy-vs-gaussian-512p,512,512,0.0097524911194921,100000,0.1008150533507913,,seconds,4.250716924667358,4.087131446227431,megabytes,88270.0,88270.0,58.0,52.05263157894737,0.179187712,0.179187712,0.81015625,0.7456825657894737,success,sinkhorn,0.001,100000
1D-cauchy-vs-gaussian-512p,512,512,0.0234716210670642,100000,0.1122007106079028,,seconds,4.180726766586304,4.035120002925396,megabytes,88270.0,88270.0,56.0,50.42105263157895,0.178991104,0.178991104,0.79921875,0.7461348684210526,success,sinkhorn,0.001,100000
1D-cauchy-vs-gaussian-512p,512,512,0.0199070899146665,100000,0.0566682863745618,,seconds,4.078025579452515,4.050046224147081,megabytes,88270.0,88270.0,56.0,52.94736842105263,0.179142656,0.179142656,0.790625,0.7679276315789473,success,sinkhorn,0.001,100000
1D-cauchy-vs-gaussian-512p,512,512,0.0239373914194655,100000,0.0887285376783732,,seconds,4.033406734466553,4.020898686721921,megabytes,88270.0,88270.0,57.0,52.388888888888886,0.178966528,0.178966528,0.8140625,0.7805555555555557,success,sinkhorn,0.001,100000
1D-cauchy-vs-gaussian-1024p,1024,1024,0.0126384931219882,100000,0.1097505596455236,,seconds,4.239041090011597,4.124126676470041,megabytes,88270.0,88270.0,56.0,52.05263157894737,0.176939008,0.176939008,0.815625,0.7599095394736842,success,sinkhorn,0.001,100000
1D-cauchy-vs-gaussian-1024p,1024,1024,0.0159140984776625,100000,0.0646826286708443,,seconds,4.357835531234741,4.186576072126627,megabytes,88270.0,88270.0,55.0,50.95,0.177221632,0.177221632,0.79296875,0.7398828125000001,success,sinkhorn,0.001,100000
1D-cauchy-vs-gaussian-1024p,1024,1024,0.0234757561851213,100000,0.0794732865064648,,seconds,4.266209602355957,4.20941879786551,megabytes,88270.0,88270.0,55.0,50.78947368421053,0.177053696,0.177053696,0.81640625,0.7750822368421053,success,sinkhorn,0.001,100000
1D-cauchy-vs-gaussian-1024p,1024,1024,0.0056324607481081,100000,0.1145059194268581,,seconds,4.255127906799316,4.010310584679246,megabytes,88270.0,88270.0,57.0,53.294117647058826,0.100528128,0.100528128,0.79375,0.7433823529411764,success,sinkhorn,0.001,100000
1D-cauchy-vs-gaussian-1024p,1024,1024,0.006924071268666,100000,0.1120872681816855,,seconds,4.225637197494507,4.210472084581852,megabytes,88270.0,88270.0,55.0,50.526315789473685,0.17692672,0.17692672,0.80078125,0.7754111842105263,success,sinkhorn,0.001,100000
1D-cauchy-vs-gaussian-1024p,1024,1024,0.0322850067803467,100000,0.0423535381401537,,seconds,4.264136552810669,4.131547996774316,megabytes,88270.0,88270.0,58.0,51.72222222222222,0.176914432,0.176914432,0.81171875,0.7477864583333333,success,sinkhorn,0.001,100000
1D-cauchy-vs-gaussian-1024p,1024,1024,0.0130689332873679,100000,0.1157688963373545,,seconds,4.348666906356812,4.190608369186521,megabytes,88270.0,88270.0,56.0,51.3,0.177135616,0.177135616,0.8125,0.750703125,success,sinkhorn,0.001,100000
1D-cauchy-vs-gaussian-1024p,1024,1024,0.0285828269534429,100000,0.0518608945422398,,seconds,4.178826808929443,4.16494263894856,megabytes,88270.0,88270.0,55.0,51.10526315789474,0.17702912,0.17702912,0.82109375,0.7789884868421051,success,sinkhorn,0.001,100000
1D-cauchy-vs-gaussian-1024p,1024,1024,0.0238576099060724,100000,0.0630556372488585,,seconds,4.337461948394775,4.201536450535059,megabytes,88270.0,88270.0,55.0,51.3,0.177266688,0.177266688,0.81484375,0.7532421875,success,sinkhorn,0.001,100000
1D-cauchy-vs-gaussian-1024p,1024,1024,0.0065550652911459,100000,0.0769171558938832,,seconds,4.174726724624634,4.148265337571502,megabytes,88270.0,88270.0,55.0,50.94736842105263,0.177106944,0.177106944,0.821875,0.7734786184210525,success,sinkhorn,0.001,100000
1D-cauchy-vs-gaussian-1024p,1024,1024,0.0336218187934294,100000,0.0116316290379145,,seconds,4.171804904937744,4.072840675711632,megabytes,88270.0,88270.0,56.0,52.0,0.180731904,0.180731904,0.8265625,0.7609786184210526,success,sinkhorn,0.001,100000
1D-cauchy-vs-gaussian-1024p,1024,1024,0.0178455175761621,100000,0.082626476840651,,seconds,4.066601514816284,4.0339704137295485,megabytes,88270.0,88270.0,57.0,52.8125,0.096657408,0.096657408,0.79375,0.774853515625,success,sinkhorn,0.001,100000
1D-cauchy-vs-gaussian-1024p,1024,1024,0.0088352572740346,100000,0.0848802600753422,,seconds,4.158337116241455,4.133205620571971,megabytes,88270.0,88270.0,58.0,51.27777777777778,0.176918528,0.176918528,0.8109375,0.7741319444444446,success,sinkhorn,0.001,100000
1D-cauchy-vs-gaussian-1024p,1024,1024,0.0252300353386499,100000,0.0612186473427518,,seconds,4.274500846862793,4.123367071151733,megabytes,88270.0,88270.0,56.0,51.35,0.176984064,0.176984064,0.8109375,0.7464453125000001,success,sinkhorn,0.001,100000
1D-cauchy-vs-gaussian-1024p,1024,1024,0.0226895655739747,100000,0.0574051552332089,,seconds,4.238535165786743,4.143911259248853,megabytes,88270.0,88270.0,56.0,51.89473684210526,0.17707008,0.17707008,0.81796875,0.7583881578947369,success,sinkhorn,0.001,100000
1D-cauchy-vs-gaussian-1024p,1024,1024,0.0230239618254515,100000,0.0636841065747722,,seconds,4.266843557357788,4.070991322398186,megabytes,88270.0,88270.0,59.0,51.0,0.177299456,0.177299456,0.79921875,0.7388888888888888,success,sinkhorn,0.001,100000
1D-cauchy-vs-gaussian-1024p,1024,1024,0.0097730655575833,100000,0.0712858654741976,,seconds,4.038735628128052,4.0226209089159966,megabytes,88270.0,88270.0,58.0,53.333333333333336,0.180736,0.180736,0.815625,0.7775607638888888,success,sinkhorn,0.001,100000
1D-cauchy-vs-gaussian-1024p,1024,1024,0.0147113444146181,100000,0.0836284959356192,,seconds,4.243757963180542,4.036320803686976,megabytes,88270.0,88270.0,57.0,51.588235294117645,0.096677888,0.096677888,0.80078125,0.7550551470588235,success,sinkhorn,0.001,100000
1D-cauchy-vs-gaussian-1024p,1024,1024,0.0209689075093099,100000,0.0487005214916468,,seconds,4.153967618942261,4.047465337440372,megabytes,88270.0,88270.0,57.0,53.36842105263158,0.180842496,0.180842496,0.815625,0.75390625,success,sinkhorn,0.001,100000
1D-cauchy-vs-gaussian-1024p,1024,1024,0.020846941093797,100000,0.0827009154965627,,seconds,4.113881349563599,4.111371224746108,megabytes,88270.0,88270.0,56.0,52.578947368421055,0.176975872,0.176975872,0.796875,0.7825246710526317,success,sinkhorn,0.001,100000
1D-cauchy-vs-gaussian-1024p,1024,1024,0.0199153490128499,100000,0.039969831780174,,seconds,4.36167049407959,4.0229865070432425,megabytes,88270.0,88270.0,58.0,55.23529411764706,0.09736192,0.09736192,0.79296875,0.7346507352941176,success,sinkhorn,0.001,100000
1D-cauchy-vs-gaussian-1024p,1024,1024,0.0034703298704725,100000,0.0753008007169118,,seconds,4.19870924949646,4.182133156806231,megabytes,88270.0,88270.0,55.0,49.47368421052632,0.177250304,0.177250304,0.8109375,0.7777960526315789,success,sinkhorn,0.001,100000
1D-cauchy-vs-gaussian-1024p,1024,1024,0.0225728513350592,100000,0.0864560143023746,,seconds,4.321149110794067,4.206331333145499,megabytes,88270.0,88270.0,55.0,51.7,0.177348608,0.177348608,0.821875,0.7615625000000001,success,sinkhorn,0.001,100000
1D-cauchy-vs-gaussian-1024p,1024,1024,0.0017630860423086,100000,0.1016529842969473,,seconds,4.080934524536133,3.976104136556387,megabytes,88270.0,88270.0,58.0,54.0,0.096964608,0.096964608,0.78984375,0.7550292968750001,success,sinkhorn,0.001,100000
1D-cauchy-vs-gaussian-1024p,1024,1024,0.0196370671403692,100000,0.0518372250262336,,seconds,4.318700790405273,4.139362497255206,megabytes,88270.0,88270.0,56.0,53.6,0.177471488,0.177471488,0.82421875,0.752109375,success,sinkhorn,0.001,100000
1D-cauchy-vs-gaussian-1024p,1024,1024,0.0213782097270706,100000,0.0528181077558667,,seconds,4.083346366882324,3.9679988976567984,megabytes,88270.0,88270.0,57.0,53.0,0.181071872,0.181071872,0.821875,0.7605674342105263,success,sinkhorn,0.001,100000
1D-cauchy-vs-gaussian-1024p,1024,1024,0.031994232559071,100000,0.1047537789161948,,seconds,3.996057987213135,3.997124033048749,megabytes,88270.0,88270.0,58.0,53.888888888888886,0.18112512,0.18112512,0.81171875,0.7794270833333333,success,sinkhorn,0.001,100000
1D-cauchy-vs-gaussian-1024p,1024,1024,0.0094051624492218,100000,0.0769436970525633,,seconds,4.1925108432769775,4.123451177030802,megabytes,88270.0,88270.0,56.0,51.68421052631579,0.17743872,0.17743872,0.78984375,0.7642269736842106,success,sinkhorn,0.001,100000
1D-cauchy-vs-gaussian-1024p,1024,1024,0.0063897135030464,100000,0.1240465180607295,,seconds,4.26952052116394,4.144852224737406,megabytes,88270.0,88270.0,56.0,51.1578947368421,0.177332224,0.177332224,0.8140625,0.753782894736842,success,sinkhorn,0.001,100000
1D-cauchy-vs-gaussian-1024p,1024,1024,0.0214889126030572,100000,0.0633384048742682,,seconds,4.199945449829102,4.15958208963275,megabytes,88270.0,88270.0,57.0,52.11111111111112,0.177307648,0.177307648,0.803125,0.7693142361111112,success,sinkhorn,0.001,100000
1D-cauchy-vs-gaussian-1024p,1024,1024,0.0065904339241777,100000,0.0731666640566004,,seconds,4.10736608505249,3.971891794353724,megabytes,88270.0,88270.0,58.0,53.9375,0.10094592,0.10094592,0.80859375,0.744091796875,success,sinkhorn,0.001,100000
1D-cauchy-vs-gaussian-2048p,2048,2048,0.0097643141218517,100000,0.0504079283533622,,seconds,5.55283784866333,5.427811581641436,megabytes,88270.0,88270.0,63.0,60.48,0.177917952,0.177917952,0.8109375,0.7608749999999997,success,sinkhorn,0.001,100000
1D-cauchy-vs-gaussian-2048p,2048,2048,0.0336197919105911,100000,0.0082276368336017,,seconds,5.435150384902954,5.251082867383957,megabytes,88270.0,88270.0,66.0,61.375,0.177897472,0.177897472,0.81875,0.7555338541666665,success,sinkhorn,0.001,100000
1D-cauchy-vs-gaussian-2048p,2048,2048,0.0225647229466773,100000,0.0611593917796282,,seconds,5.292572259902954,5.217386111617088,megabytes,88270.0,88270.0,65.0,60.958333333333336,0.17768448,0.17768448,0.81171875,0.7652018229166667,success,sinkhorn,0.001,100000
1D-cauchy-vs-gaussian-2048p,2048,2048,0.006556099850997,100000,0.0543885749116052,,seconds,5.417916774749756,5.35279693454504,megabytes,88270.0,88270.0,65.0,60.0,0.177852416,0.177852416,0.79375,0.763960597826087,success,sinkhorn,0.001,100000
1D-cauchy-vs-gaussian-2048p,2048,2048,0.0056329980659961,100000,0.0809584195113394,,seconds,5.461119890213013,5.450756460428238,megabytes,88270.0,88270.0,63.0,58.76,0.177893376,0.177893376,0.81875,0.7831249999999998,success,sinkhorn,0.001,100000
1D-cauchy-vs-gaussian-2048p,2048,2048,0.0208367531911841,100000,0.0584511994352934,,seconds,5.409236669540405,5.274636002257466,megabytes,88270.0,88270.0,66.0,60.708333333333336,0.177836032,0.177836032,0.81328125,0.7504231770833333,success,sinkhorn,0.001,100000
1D-cauchy-vs-gaussian-2048p,2048,2048,0.0238684489298139,100000,0.0445635534783819,,seconds,5.450553178787232,5.2720657885074615,megabytes,88270.0,88270.0,65.0,60.68,0.178044928,0.178044928,0.81875,0.7527187500000001,success,sinkhorn,0.001,100000
1D-cauchy-vs-gaussian-2048p,2048,2048,0.0230173235011306,100000,0.0450158555802966,,seconds,5.382158994674683,5.225685376673937,megabytes,88270.0,88270.0,66.0,61.75,0.178061312,0.178061312,0.8125,0.7536132812500002,success,sinkhorn,0.001,100000
1D-cauchy-vs-gaussian-2048p,2048,2048,0.0130687274528427,100000,0.0818625246966171,,seconds,5.050724744796753,5.048116397112608,megabytes,88270.0,88270.0,67.0,62.69565217391305,0.17795072,0.17795072,0.81015625,0.7766304347826086,success,sinkhorn,0.001,100000
1D-cauchy-vs-gaussian-2048p,2048,2048,0.0088397060236716,100000,0.0600210590044269,,seconds,5.403099775314331,5.268102396279573,megabytes,88270.0,88270.0,65.0,61.32,0.177975296,0.177975296,0.8046875,0.75203125,success,sinkhorn,0.001,100000
1D-cauchy-vs-gaussian-2048p,2048,2048,0.0034717219966374,100000,0.0532457163947491,,seconds,5.4622838497161865,5.348388416692615,megabytes,88270.0,88270.0,65.0,59.333333333333336,0.177700864,0.177700864,0.80703125,0.7570312500000002,success,sinkhorn,0.001,100000
1D-cauchy-vs-gaussian-2048p,2048,2048,0.0159045420246674,100000,0.0457405646392056,,seconds,5.412045240402222,5.392384355887771,megabytes,88270.0,88270.0,66.0,58.0,0.177864704,0.177864704,0.81171875,0.7776154891304349,success,sinkhorn,0.001,100000
1D-cauchy-vs-gaussian-2048p,2048,2048,0.0319130395020468,100000,0.0741502645257228,,seconds,5.47249174118042,5.447033202275634,megabytes,88270.0,88270.0,63.0,58.56,0.17801216,0.17801216,0.8109375,0.77453125,success,sinkhorn,0.001,100000
1D-cauchy-vs-gaussian-2048p,2048,2048,0.0322913300764297,100000,0.0299420701106534,,seconds,5.37991738319397,5.2229611072689295,megabytes,88270.0,88270.0,66.0,60.69565217391305,0.177999872,0.177999872,0.809375,0.7497282608695651,success,sinkhorn,0.001,100000
1D-cauchy-vs-gaussian-2048p,2048,2048,0.0252401606291821,100000,0.0432916781140466,,seconds,5.156334638595581,5.123695317655802,megabytes,88270.0,88270.0,66.0,62.34782608695652,0.17790976,0.17790976,0.803125,0.7691236413043477,success,sinkhorn,0.001,100000
1D-cauchy-vs-gaussian-2048p,2048,2048,0.012620013443889,100000,0.0776162733419521,,seconds,5.574460506439209,5.420351669192314,megabytes,88270.0,88270.0,63.0,59.64,0.177983488,0.177983488,0.81015625,0.7546562500000001,success,sinkhorn,0.001,100000
1D-cauchy-vs-gaussian-2048p,2048,2048,0.0063761874156976,100000,0.0877211629458657,,seconds,5.521105051040649,5.409697089344263,megabytes,88270.0,88270.0,63.0,60.48,0.178036736,0.178036736,0.815625,0.7641562500000001,success,sinkhorn,0.001,100000
1D-cauchy-vs-gaussian-2048p,2048,2048,0.028591985369315,100000,0.0366781091476738,,seconds,5.459784507751465,5.3489511869847775,megabytes,88270.0,88270.0,64.0,60.4,0.17801216,0.17801216,0.80859375,0.7614062499999998,success,sinkhorn,0.001,100000
1D-cauchy-vs-gaussian-2048p,2048,2048,0.0214936238706255,100000,0.044768240717073,,seconds,5.548124313354492,5.418865146115422,megabytes,88270.0,88270.0,64.0,59.833333333333336,0.17803264,0.17803264,0.80625,0.7595377604166665,success,sinkhorn,0.001,100000
1D-cauchy-vs-gaussian-2048p,2048,2048,0.0069134975106896,100000,0.0792619454629083,,seconds,5.35650110244751,5.227771768346429,megabytes,88270.0,88270.0,66.0,61.523809523809526,0.181583872,0.181583872,0.8078125,0.7536458333333333,success,sinkhorn,0.001,100000
1D-cauchy-vs-gaussian-2048p,2048,2048,0.0234766603621961,100000,0.056160769508213,,seconds,5.510534048080444,5.469398723915219,megabytes,88270.0,88270.0,63.0,57.8,0.178212864,0.178212864,0.8125,0.7740624999999999,success,sinkhorn,0.001,100000
1D-cauchy-vs-gaussian-2048p,2048,2048,0.0199115103937801,100000,0.0282723292355536,,seconds,5.398613452911377,5.293303554877639,megabytes,88270.0,88270.0,65.0,60.90476190476191,0.18161664,0.18161664,0.80703125,0.7594866071428571,success,sinkhorn,0.001,100000
1D-cauchy-vs-gaussian-2048p,2048,2048,0.0017639014314,100000,0.0718789800482696,,seconds,5.243085861206055,5.209820939227939,megabytes,88270.0,88270.0,67.0,60.66666666666666,0.17825792,0.17825792,0.81328125,0.7761718750000002,success,sinkhorn,0.001,100000
1D-cauchy-vs-gaussian-2048p,2048,2048,0.0226951004059331,100000,0.0405608680011689,,seconds,5.327702760696411,5.309795401990414,megabytes,88270.0,88270.0,64.0,60.66666666666666,0.178077696,0.178077696,0.8125,0.7825846354166668,success,sinkhorn,0.001,100000
1D-cauchy-vs-gaussian-2048p,2048,2048,0.0065926128436553,100000,0.051734933201907,,seconds,5.2284486293792725,5.123093735426664,megabytes,88270.0,88270.0,67.0,62.85714285714285,0.18167808,0.18167808,0.815625,0.7645833333333333,success,sinkhorn,0.001,100000
1D-cauchy-vs-gaussian-2048p,2048,2048,0.0209661855954193,100000,0.0344197386959414,,seconds,5.516374349594116,5.414834793657064,megabytes,88270.0,88270.0,63.0,60.48,0.178085888,0.178085888,0.7984375,0.7605937499999998,success,sinkhorn,0.001,100000
1D-cauchy-vs-gaussian-2048p,2048,2048,0.0147100454940329,100000,0.0591403802089923,,seconds,5.313616514205933,5.164202073588967,megabytes,88270.0,88270.0,66.0,61.625,0.178049024,0.178049024,0.821875,0.7545572916666665,success,sinkhorn,0.001,100000
1D-cauchy-vs-gaussian-2048p,2048,2048,0.0196230838929472,100000,0.0366645574992664,,seconds,5.480246782302856,5.361121376976371,megabytes,88270.0,88270.0,65.0,59.43478260869565,0.178040832,0.178040832,0.8078125,0.760563858695652,success,sinkhorn,0.001,100000
1D-cauchy-vs-gaussian-2048p,2048,2048,0.0094100130530866,100000,0.054407377670099,,seconds,5.338289022445679,5.148215120658279,megabytes,88270.0,88270.0,66.0,62.583333333333336,0.178393088,0.178393088,0.8015625,0.7395833333333335,success,sinkhorn,0.001,100000
1D-cauchy-vs-gaussian-2048p,2048,2048,0.0213805138376504,100000,0.0373503733791978,,seconds,5.56156325340271,5.44432844221592,megabytes,88270.0,88270.0,63.0,59.36,0.178245632,0.178245632,0.80703125,0.7575624999999999,success,sinkhorn,0.001,100000
1D-cauchy-vs-gaussian-2048p,2048,2048,0.0178501053374547,100000,0.0584161331675005,,seconds,5.22490382194519,5.0422072019428015,megabytes,88270.0,88270.0,67.0,63.0,0.178106368,0.178106368,0.79609375,0.7371093750000001,success,sinkhorn,0.001,100000
1D-exp-vs-gaussian-32p,32,32,1.289549788135519e-09,100000,0.4658886761553464,,seconds,3.136457920074463,3.133510755375028,megabytes,88270.0,88270.0,58.0,53.642857142857146,0.101224448,0.101224448,0.8140625,0.7847656249999998,success,sinkhorn,0.001,100000
1D-exp-vs-gaussian-32p,32,32,4.33648677447103e-13,100000,0.7050378891218291,,seconds,3.167429685592652,3.097420396283269,megabytes,88270.0,88270.0,58.0,53.23076923076923,0.0970752,0.0970752,0.80078125,0.7630408653846156,success,sinkhorn,0.001,100000
1D-exp-vs-gaussian-32p,32,32,0.0352193239466505,100000,0.4563236188265476,,seconds,3.1604013442993164,3.142318105325103,megabytes,88270.0,88270.0,56.0,50.06666666666667,0.101347328,0.101347328,0.79140625,0.76578125,success,sinkhorn,0.001,100000
1D-exp-vs-gaussian-32p,32,32,0.022672467754524,100000,0.112167393135527,,seconds,3.1634292602539062,3.1517953649163246,megabytes,88270.0,88270.0,58.0,52.35714285714285,0.09721856,0.09721856,0.78671875,0.7756696428571429,success,sinkhorn,0.001,100000
1D-exp-vs-gaussian-32p,32,32,0.0094653056401563,100000,0.0573941744122675,,seconds,3.2602434158325195,3.2271891571581364,megabytes,88270.0,88270.0,55.0,51.6,0.097255424,0.097255424,0.78515625,0.7673958333333335,success,sinkhorn,0.001,100000
1D-exp-vs-gaussian-32p,32,32,0.0338778175169037,100000,0.5754817244816112,,seconds,3.202958583831787,3.123155329376459,megabytes,88270.0,88270.0,56.0,51.06666666666667,0.101351424,0.101351424,0.8109375,0.7599999999999999,success,sinkhorn,0.001,100000
1D-exp-vs-gaussian-32p,32,32,1.2076565358472595e-14,100000,0.7050776035949469,,seconds,3.2115135192871094,3.149332331493497,megabytes,88270.0,88270.0,56.0,55.73333333333333,0.101330944,0.101330944,0.790625,0.7634895833333333,success,sinkhorn,0.001,100000
1D-exp-vs-gaussian-32p,32,32,0.030656955985075,100000,0.172340426230851,,seconds,3.3478190898895264,3.197243418544531,megabytes,88270.0,88270.0,55.0,49.6875,0.097329152,0.097329152,0.7890625,0.7396484375,success,sinkhorn,0.001,100000
1D-exp-vs-gaussian-32p,32,32,0.0201381920328194,100000,0.1305355726611507,,seconds,3.23987889289856,3.227581165730953,megabytes,88270.0,88270.0,57.0,48.6,0.097275904,0.097275904,0.8140625,0.7791145833333334,success,sinkhorn,0.001,100000
1D-exp-vs-gaussian-32p,32,32,0.0114094951557682,100000,0.0502593048401838,,seconds,3.382683038711548,3.248570889234543,megabytes,88270.0,88270.0,54.0,50.375,0.097427456,0.097427456,0.78984375,0.7423828125,success,sinkhorn,0.001,100000
1D-exp-vs-gaussian-32p,32,32,0.0058579009607871,100000,0.4786127818881088,,seconds,3.321291208267212,3.225127972662449,megabytes,88270.0,88270.0,58.0,48.66666666666666,0.097386496,0.097386496,0.8109375,0.7624479166666666,success,sinkhorn,0.001,100000
1D-exp-vs-gaussian-32p,32,32,0.0315980631445538,100000,0.1322099277546022,,seconds,3.4902515411376958,3.3018075954169035,megabytes,88270.0,88270.0,54.0,48.625,0.09807872,0.09807872,0.81484375,0.7311523437500002,success,sinkhorn,0.001,100000
1D-exp-vs-gaussian-32p,32,32,0.0114738347072622,100000,0.0253036593323243,,seconds,3.241253614425659,3.1112963370978832,megabytes,88270.0,88270.0,58.0,51.53846153846154,0.097284096,0.097284096,0.803125,0.7475360576923078,success,sinkhorn,0.001,100000
1D-exp-vs-gaussian-32p,32,32,0.0216803385021436,100000,0.1428379036586376,,seconds,3.4076602458953857,3.2134991325438023,megabytes,88270.0,88270.0,55.0,49.4375,0.098152448,0.098152448,0.815625,0.728662109375,success,sinkhorn,0.001,100000
1D-exp-vs-gaussian-32p,32,32,0.0175062999598339,100000,0.006204712352739,,seconds,3.1789004802703857,3.176364192739129,megabytes,88270.0,88270.0,55.0,46.86666666666667,0.097411072,0.097411072,0.78671875,0.7713541666666667,success,sinkhorn,0.001,100000
1D-exp-vs-gaussian-32p,32,32,0.0249496842675133,100000,0.0362759673913554,,seconds,3.2646853923797607,3.1500110514461994,megabytes,88270.0,88270.0,58.0,50.642857142857146,0.097275904,0.097275904,0.8203125,0.760546875,success,sinkhorn,0.001,100000
1D-exp-vs-gaussian-32p,32,32,0.0381726350060283,100000,0.4092324501784298,,seconds,3.0851776599884038,3.0635494887828827,megabytes,88270.0,88270.0,58.0,48.75,0.097046528,0.097046528,0.79609375,0.7725260416666667,success,sinkhorn,0.001,100000
1D-exp-vs-gaussian-32p,32,32,0.0110742164449115,100000,0.7562470037791754,,seconds,3.355001211166382,3.1941097136586905,megabytes,88270.0,88270.0,58.0,55.1875,0.097714176,0.097714176,0.79453125,0.741552734375,success,sinkhorn,0.001,100000
1D-exp-vs-gaussian-32p,32,32,0.0319439409433528,100000,0.2611088647010165,,seconds,3.1484954357147217,3.1014383379369974,megabytes,88270.0,88270.0,58.0,51.91666666666666,0.09695232,0.09695232,0.80234375,0.7720052083333334,success,sinkhorn,0.001,100000
1D-exp-vs-gaussian-32p,32,32,1.4077615273736672e-17,100000,0.6024514720970409,,seconds,3.4152672290802,3.24310558475554,megabytes,88270.0,88270.0,54.0,49.5,0.09771008,0.09771008,0.8125,0.732958984375,success,sinkhorn,0.001,100000
1D-exp-vs-gaussian-32p,32,32,0.0003060368008818,100000,0.5339641146452431,,seconds,3.4672229290008545,3.2654059510678053,megabytes,88270.0,88270.0,54.0,51.625,0.09797632,0.09797632,0.8109375,0.7296874999999999,success,sinkhorn,0.001,100000
1D-exp-vs-gaussian-32p,32,32,0.000153519917772,100000,0.5944088800009815,,seconds,3.283437728881836,3.165334803983569,megabytes,88270.0,88270.0,58.0,50.642857142857146,0.097288192,0.097288192,0.8078125,0.7412946428571429,success,sinkhorn,0.001,100000
1D-exp-vs-gaussian-32p,32,32,4.2226118596022686e-09,100000,0.510490378681711,,seconds,3.3740200996398926,3.25050993822515,megabytes,88270.0,88270.0,54.0,50.875,0.097415168,0.097415168,0.78671875,0.7460449218750002,success,sinkhorn,0.001,100000
1D-exp-vs-gaussian-32p,32,32,0.0631797562945339,100000,0.3578408997488733,,seconds,3.410117149353028,3.2681221682578325,megabytes,88270.0,88270.0,54.0,50.75,0.09742336,0.09742336,0.8171875,0.7490722656249998,success,sinkhorn,0.001,100000
1D-exp-vs-gaussian-32p,32,32,2.94993068806298e-18,100000,0.6508304808844698,,seconds,3.3553571701049805,3.2176951747387648,megabytes,88270.0,88270.0,55.0,51.6,0.097366016,0.097366016,0.81328125,0.7616145833333332,success,sinkhorn,0.001,100000
1D-exp-vs-gaussian-32p,32,32,4.587461487301227e-40,100000,0.7720234039328108,,seconds,3.397691011428833,3.2213500533252954,megabytes,88270.0,88270.0,55.0,51.0,0.097857536,0.097857536,0.7875,0.7281249999999999,success,sinkhorn,0.001,100000
1D-exp-vs-gaussian-32p,32,32,0.0398181599529851,100000,0.515676046731881,,seconds,3.385408639907837,3.229110758751631,megabytes,88270.0,88270.0,55.0,49.8125,0.097468416,0.097468416,0.80859375,0.7390625000000001,success,sinkhorn,0.001,100000
1D-exp-vs-gaussian-32p,32,32,0.0325507450555057,100000,0.4721564927302178,,seconds,3.465937614440918,3.270756542682648,megabytes,88270.0,88270.0,54.0,48.375,0.097439744,0.097439744,0.8203125,0.7491210937499999,success,sinkhorn,0.001,100000
1D-exp-vs-gaussian-32p,32,32,0.0345503754569567,100000,0.1290323288138321,,seconds,3.083768129348755,3.0632087271660566,megabytes,88270.0,88270.0,58.0,52.833333333333336,0.097079296,0.097079296,0.8046875,0.7784505208333332,success,sinkhorn,0.001,100000
1D-exp-vs-gaussian-32p,32,32,6.24500821029708e-34,100000,0.6604570296410481,,seconds,3.410881280899048,3.2113995607942343,megabytes,88270.0,88270.0,55.0,50.4375,0.098127872,0.098127872,0.79375,0.7297851562500001,success,sinkhorn,0.001,100000
1D-exp-vs-gaussian-32p,32,32,0.0100761236698906,100000,0.0166880085161622,,seconds,3.2232728004455566,3.1256479118019342,megabytes,88270.0,88270.0,56.0,52.8,0.101629952,0.101629952,0.81796875,0.7528125,success,sinkhorn,0.001,100000
1D-exp-vs-gaussian-64p,64,64,4.460863142331535e-12,100000,0.4930057776429304,,seconds,3.1290900707244877,3.1073445696383715,megabytes,88270.0,88270.0,58.0,51.30769230769231,0.097353728,0.097353728,0.8,0.7720552884615385,success,sinkhorn,0.001,100000
1D-exp-vs-gaussian-64p,64,64,3.8429899314985136e-32,100000,0.4763475859386242,,seconds,3.3714113235473637,3.1936728470027447,megabytes,88270.0,88270.0,55.0,50.5,0.098009088,0.098009088,0.8171875,0.73935546875,success,sinkhorn,0.001,100000
1D-exp-vs-gaussian-64p,64,64,0.0346657701366122,100000,0.1230597287357008,,seconds,3.1889214515686035,3.0738456193357706,megabytes,88270.0,88270.0,57.0,52.73333333333333,0.097554432,0.097554432,0.78515625,0.7496354166666667,success,sinkhorn,0.001,100000
1D-exp-vs-gaussian-64p,64,64,9.367860293978448e-08,100000,0.360969855752031,,seconds,3.194728374481201,3.0906293485313654,megabytes,88270.0,88270.0,58.0,51.42857142857143,0.097456128,0.097456128,0.81484375,0.7540178571428571,success,sinkhorn,0.001,100000
1D-exp-vs-gaussian-64p,64,64,0.0117165039662188,100000,0.0481724422477286,,seconds,3.4882757663726807,3.1796879675239325,megabytes,88270.0,88270.0,56.0,50.8125,0.098021376,0.098021376,0.79921875,0.7292968750000001,success,sinkhorn,0.001,100000
1D-exp-vs-gaussian-64p,64,64,0.026665442633016,100000,0.3266600831472524,,seconds,3.2198305130004883,3.131865538656712,megabytes,88270.0,88270.0,58.0,51.71428571428572,0.097480704,0.097480704,0.790625,0.7527343750000001,success,sinkhorn,0.001,100000
1D-exp-vs-gaussian-64p,64,64,0.0239414861611786,100000,0.1234070580645564,,seconds,3.201331377029419,3.155807627364993,megabytes,88270.0,88270.0,58.0,50.07142857142857,0.097529856,0.097529856,0.78515625,0.7622209821428572,success,sinkhorn,0.001,100000
1D-exp-vs-gaussian-64p,64,64,2.1373213986384974e-09,100000,0.3294330531453692,,seconds,3.245887994766236,3.190694786608219,megabytes,88270.0,88270.0,55.0,49.6,0.097591296,0.097591296,0.8140625,0.7736458333333334,success,sinkhorn,0.001,100000
1D-exp-vs-gaussian-64p,64,64,0.0360519133912533,100000,0.397178649068477,,seconds,3.4877231121063232,3.188921833410859,megabytes,88270.0,88270.0,56.0,51.5625,0.098013184,0.098013184,0.8125,0.7364257812500001,success,sinkhorn,0.001,100000
1D-exp-vs-gaussian-64p,64,64,1.1458324549583232e-37,100000,0.5178412149106474,,seconds,3.197307109832764,3.097809543833137,megabytes,88270.0,88270.0,57.0,50.53333333333333,0.10180608,0.10180608,0.815625,0.7508333333333332,success,sinkhorn,0.001,100000
1D-exp-vs-gaussian-64p,64,64,0.0117049054073997,100000,0.0426321357927524,,seconds,3.058511018753052,3.0598007421940565,megabytes,88270.0,88270.0,59.0,50.0,0.101789696,0.101789696,0.8046875,0.7827524038461539,success,sinkhorn,0.001,100000
1D-exp-vs-gaussian-64p,64,64,4.13745592940078e-05,100000,0.4277828248448865,,seconds,3.482661247253418,3.184858437627554,megabytes,88270.0,88270.0,56.0,51.375,0.098041856,0.098041856,0.81171875,0.7313476562500001,success,sinkhorn,0.001,100000
1D-exp-vs-gaussian-64p,64,64,0.0239647801531923,100000,0.1110731685970655,,seconds,3.2161519527435303,3.1810152996331453,megabytes,88270.0,88270.0,56.0,48.06666666666667,0.097533952,0.097533952,0.79453125,0.7675520833333335,success,sinkhorn,0.001,100000
1D-exp-vs-gaussian-64p,64,64,0.0212681884480818,100000,0.4190208876341575,,seconds,3.2127184867858887,3.1004087273031478,megabytes,88270.0,88270.0,58.0,51.69230769230769,0.09734144,0.09734144,0.80234375,0.74609375,success,sinkhorn,0.001,100000
1D-exp-vs-gaussian-64p,64,64,1.2326933454434636e-14,100000,0.4564504794071612,,seconds,3.4727783203125,3.186101272702217,megabytes,88270.0,88270.0,56.0,50.25,0.097906688,0.097906688,0.79140625,0.7349121093750001,success,sinkhorn,0.001,100000
1D-exp-vs-gaussian-64p,64,64,0.0100547854084062,100000,0.0020889461711562,,seconds,3.165095090866089,3.1362244747579098,megabytes,88270.0,88270.0,58.0,48.142857142857146,0.097419264,0.097419264,0.7890625,0.7694754464285714,success,sinkhorn,0.001,100000
1D-exp-vs-gaussian-64p,64,64,0.0300900171200112,100000,0.1427299369520141,,seconds,3.1662909984588623,3.153566407039761,megabytes,88270.0,88270.0,56.0,52.13333333333333,0.09754624,0.09754624,0.8078125,0.7832291666666665,success,sinkhorn,0.001,100000
1D-exp-vs-gaussian-64p,64,64,0.0182930978399056,100000,0.3569812967738834,,seconds,3.4876716136932373,3.1846227142959838,megabytes,88270.0,88270.0,56.0,51.5625,0.097878016,0.097878016,0.8015625,0.72568359375,success,sinkhorn,0.001,100000
1D-exp-vs-gaussian-64p,64,64,0.0294168096108491,100000,0.2014472053713628,,seconds,3.253030300140381,3.055666152387857,megabytes,88270.0,88270.0,58.0,50.285714285714285,0.102526976,0.102526976,0.78828125,0.7253348214285715,success,sinkhorn,0.001,100000
1D-exp-vs-gaussian-64p,64,64,0.0263197638145687,100000,0.3224429344300071,,seconds,3.5556702613830566,3.231996713206172,megabytes,88270.0,88270.0,55.0,50.8125,0.098349056,0.098349056,0.81015625,0.7342285156249999,success,sinkhorn,0.001,100000
1D-exp-vs-gaussian-64p,64,64,8.05910576447508e-11,100000,0.5037319770957212,,seconds,3.5169458389282227,3.222439551725984,megabytes,88270.0,88270.0,55.0,50.75,0.098004992,0.098004992,0.8109375,0.7355957031250001,success,sinkhorn,0.001,100000
1D-exp-vs-gaussian-64p,64,64,0.0543096977417252,100000,0.4131037550004076,,seconds,3.185737133026123,3.1410287134349346,megabytes,88270.0,88270.0,56.0,52.266666666666666,0.10194944,0.10194944,0.80625,0.7670833333333333,success,sinkhorn,0.001,100000
1D-exp-vs-gaussian-64p,64,64,0.0096174199225224,100000,0.0166305927277731,,seconds,3.5367062091827397,3.2147487699985504,megabytes,88270.0,88270.0,55.0,51.0,0.09764864,0.09764864,0.81796875,0.7377929687500002,success,sinkhorn,0.001,100000
1D-exp-vs-gaussian-64p,64,64,0.0373927008730201,100000,0.3502621034758115,,seconds,3.175256729125977,3.145990677177906,megabytes,88270.0,88270.0,56.0,48.46666666666667,0.097492992,0.097492992,0.78828125,0.7675,success,sinkhorn,0.001,100000
1D-exp-vs-gaussian-64p,64,64,0.022582230293071,100000,0.0983895253639561,,seconds,3.239272356033325,3.172135749831796,megabytes,88270.0,88270.0,56.0,51.46666666666667,0.09756672,0.09756672,0.8125,0.7605729166666665,success,sinkhorn,0.001,100000
1D-exp-vs-gaussian-64p,64,64,0.0259777688652679,100000,0.0804336697958507,,seconds,3.1727333068847656,3.144237045198679,megabytes,88270.0,88270.0,56.0,50.2,0.097599488,0.097599488,0.8078125,0.7768750000000002,success,sinkhorn,0.001,100000
1D-exp-vs-gaussian-64p,64,64,0.0094259278433244,100000,0.0219548597872781,,seconds,3.1996657848358154,3.186706740409136,megabytes,88270.0,88270.0,56.0,53.46666666666667,0.09752576,0.09752576,0.81875,0.7770833333333332,success,sinkhorn,0.001,100000
1D-exp-vs-gaussian-64p,64,64,0.001642482855949,100000,0.3774423431178063,,seconds,3.516263723373413,3.1921462547034025,megabytes,88270.0,88270.0,55.0,49.75,0.09828352,0.09828352,0.8078125,0.7311035156250001,success,sinkhorn,0.001,100000
1D-exp-vs-gaussian-64p,64,64,1.0476965568874928e-16,100000,0.4270127598118843,,seconds,3.133476734161377,3.064348788931966,megabytes,88270.0,88270.0,59.0,50.38461538461539,0.101994496,0.101994496,0.81640625,0.7598557692307691,success,sinkhorn,0.001,100000
1D-exp-vs-gaussian-64p,64,64,0.0218197969877271,100000,0.0439488163154838,,seconds,3.244330883026123,3.0978764872998,megabytes,88270.0,88270.0,58.0,54.71428571428572,0.09756672,0.09756672,0.80078125,0.7393415178571427,success,sinkhorn,0.001,100000
1D-exp-vs-gaussian-64p,64,64,0.0060058227045965,100000,0.3380706114698825,,seconds,3.249316453933716,3.1011199448257685,megabytes,88270.0,88270.0,57.0,53.2,0.101978112,0.101978112,0.815625,0.74015625,success,sinkhorn,0.001,100000
1D-exp-vs-gaussian-128p,128,128,0.0225496466681573,100000,0.069525174461646,,seconds,3.5104427337646484,3.2076140642166138,megabytes,88270.0,88270.0,56.0,50.875,0.098193408,0.098193408,0.796875,0.733203125,success,sinkhorn,0.001,100000
1D-exp-vs-gaussian-128p,128,128,5.282204234091787e-13,100000,0.3486072760479072,,seconds,3.251958131790161,3.099104627966881,megabytes,88270.0,88270.0,59.0,52.69230769230769,0.097558528,0.097558528,0.790625,0.7347355769230769,success,sinkhorn,0.001,100000
1D-exp-vs-gaussian-128p,128,128,1.742787369420589e-10,100000,0.3561907040551368,,seconds,3.2554402351379395,3.1843959223479037,megabytes,88270.0,88270.0,59.0,49.57142857142857,0.102129664,0.102129664,0.79375,0.7607700892857144,success,sinkhorn,0.001,100000
1D-exp-vs-gaussian-128p,128,128,0.0226331193702887,100000,0.0344822140931707,,seconds,3.5508899688720703,3.2364414650946856,megabytes,88270.0,88270.0,55.0,48.6875,0.098103296,0.098103296,0.8125,0.7396972656249999,success,sinkhorn,0.001,100000
1D-exp-vs-gaussian-128p,128,128,0.0228098048416825,100000,0.0827542984808464,,seconds,3.528066635131836,3.233606576919556,megabytes,88270.0,88270.0,55.0,51.0,0.09816064,0.09816064,0.8140625,0.7371093750000001,success,sinkhorn,0.001,100000
1D-exp-vs-gaussian-128p,128,128,0.0096594392695997,100000,0.0131027438280151,,seconds,3.324902057647705,3.2349654231220484,megabytes,88270.0,88270.0,55.0,47.66666666666666,0.109236224,0.109236224,0.81015625,0.7539583333333336,success,sinkhorn,0.001,100000
1D-exp-vs-gaussian-128p,128,128,0.0315474103577554,100000,0.3359925357197598,,seconds,3.3563177585601807,3.1127714421600103,megabytes,88270.0,88270.0,59.0,53.35714285714285,0.109871104,0.109871104,0.8125,0.7510044642857141,success,sinkhorn,0.001,100000
1D-exp-vs-gaussian-128p,128,128,0.0150930629527317,100000,0.2575040570183588,,seconds,3.2149603366851807,3.0767866112291813,megabytes,88270.0,88270.0,59.0,53.66666666666666,0.09795584,0.09795584,0.8078125,0.7506510416666666,success,sinkhorn,0.001,100000
1D-exp-vs-gaussian-128p,128,128,0.0286097635556832,100000,0.1012315156055017,,seconds,3.174593210220337,3.1161924805492163,megabytes,88270.0,88270.0,59.0,52.91666666666666,0.102309888,0.102309888,0.803125,0.7643880208333335,success,sinkhorn,0.001,100000
1D-exp-vs-gaussian-128p,128,128,0.031553823216298,100000,0.136838251939946,,seconds,3.32558274269104,3.233162811025977,megabytes,88270.0,88270.0,57.0,50.266666666666666,0.102404096,0.102404096,0.8109375,0.7552604166666667,success,sinkhorn,0.001,100000
1D-exp-vs-gaussian-128p,128,128,0.0092876324825307,100000,0.020350817279887,,seconds,3.5549874305725098,3.264133833348751,megabytes,88270.0,88270.0,55.0,47.375,0.09834496,0.09834496,0.80859375,0.7341308593749999,success,sinkhorn,0.001,100000
1D-exp-vs-gaussian-128p,128,128,2.1126185128898656e-31,100000,0.3368286630263823,,seconds,3.36781644821167,3.229004204273224,megabytes,88270.0,88270.0,59.0,50.73333333333333,0.109191168,0.109191168,0.80390625,0.73875,success,sinkhorn,0.001,100000
1D-exp-vs-gaussian-128p,128,128,0.0242702767810908,100000,0.087567301933084,,seconds,3.268588066101074,3.086494415998459,megabytes,88270.0,88270.0,59.0,52.0,0.11143168,0.11143168,0.8,0.7130681818181819,success,sinkhorn,0.001,100000
1D-exp-vs-gaussian-128p,128,128,2.410659726057666e-09,100000,0.2329443458260796,,seconds,3.319740533828736,3.241185886785388,megabytes,88270.0,88270.0,55.0,51.07142857142857,0.104726528,0.104726528,0.79453125,0.7529017857142858,success,sinkhorn,0.001,100000
1D-exp-vs-gaussian-128p,128,128,0.0232318624117533,100000,0.2365732159154954,,seconds,3.452645063400269,3.2404940240085125,megabytes,88270.0,88270.0,55.0,51.53333333333333,0.105132032,0.105132032,0.8109375,0.73421875,success,sinkhorn,0.001,100000
1D-exp-vs-gaussian-128p,128,128,0.0008506215191133,100000,0.2669507219272843,,seconds,3.271225690841675,3.2365612518042326,megabytes,88270.0,88270.0,55.0,49.142857142857146,0.10471424,0.10471424,0.81015625,0.7721540178571429,success,sinkhorn,0.001,100000
1D-exp-vs-gaussian-128p,128,128,4.6889285460868055e-34,100000,0.3661756082590686,,seconds,3.457180976867676,3.2410561610013247,megabytes,88270.0,88270.0,59.0,51.46666666666667,0.10985472,0.10985472,0.8109375,0.73046875,success,sinkhorn,0.001,100000
1D-exp-vs-gaussian-128p,128,128,0.0108136165721386,100000,0.0332638755841023,,seconds,3.261424779891968,3.2662250511348248,megabytes,88270.0,88270.0,55.0,47.5,0.104853504,0.104853504,0.80859375,0.7868303571428571,success,sinkhorn,0.001,100000
1D-exp-vs-gaussian-128p,128,128,0.0098747049282064,100000,0.0017280772703259,,seconds,3.400397062301636,3.289201714098453,megabytes,88270.0,88270.0,54.0,49.142857142857146,0.104665088,0.104665088,0.809375,0.7506696428571429,success,sinkhorn,0.001,100000
1D-exp-vs-gaussian-128p,128,128,2.0753705734338387e-16,100000,0.3019436181250862,,seconds,3.198420524597168,3.176911521703005,megabytes,88270.0,88270.0,56.0,49.35714285714285,0.109174784,0.109174784,0.8125,0.78515625,success,sinkhorn,0.001,100000
1D-exp-vs-gaussian-128p,128,128,0.0122928231725837,100000,0.3041757773775441,,seconds,3.3330979347229004,3.2991473972797394,megabytes,88270.0,88270.0,54.0,50.57142857142857,0.104677376,0.104677376,0.80703125,0.7715401785714286,success,sinkhorn,0.001,100000
1D-exp-vs-gaussian-128p,128,128,0.0379773030070067,100000,0.2747295374251427,,seconds,3.323183059692383,3.299514163285494,megabytes,88270.0,88270.0,54.0,50.642857142857146,0.104759296,0.104759296,0.7984375,0.7714285714285714,success,sinkhorn,0.001,100000
1D-exp-vs-gaussian-128p,128,128,1.571535052405825e-15,100000,0.3227592302148412,,seconds,3.2818596363067627,3.2849989607930183,megabytes,88270.0,88270.0,54.0,51.07142857142857,0.1048576,0.1048576,0.79296875,0.7773437500000001,success,sinkhorn,0.001,100000
1D-exp-vs-gaussian-128p,128,128,0.0258279914462302,100000,0.0811030193028583,,seconds,3.315331220626831,3.2939116079360247,megabytes,88270.0,88270.0,54.0,49.21428571428572,0.104800256,0.104800256,0.80390625,0.7796316964285713,success,sinkhorn,0.001,100000
1D-exp-vs-gaussian-128p,128,128,1.0734269836342539e-07,100000,0.2552442328063212,,seconds,3.173715353012085,3.109811101108789,megabytes,88270.0,88270.0,59.0,55.833333333333336,0.109223936,0.109223936,0.81015625,0.7638020833333332,success,sinkhorn,0.001,100000
1D-exp-vs-gaussian-128p,128,128,0.0110176356937662,100000,0.0443971286148378,,seconds,3.2802603244781494,3.283481502905488,megabytes,88270.0,88270.0,54.0,48.21428571428572,0.109953024,0.109953024,0.8109375,0.7760044642857143,success,sinkhorn,0.001,100000
1D-exp-vs-gaussian-128p,128,128,0.0262319852150496,100000,0.2275874195084187,,seconds,3.2928013801574707,3.271562185138464,megabytes,88270.0,88270.0,55.0,49.0,0.107835392,0.107835392,0.80703125,0.7731534090909092,success,sinkhorn,0.001,100000
1D-exp-vs-gaussian-128p,128,128,4.339410139806428e-05,100000,0.303749946290978,,seconds,3.3423798084259038,3.1818804629147053,megabytes,88270.0,88270.0,59.0,51.333333333333336,0.111210496,0.111210496,0.809375,0.7395833333333335,success,sinkhorn,0.001,100000
1D-exp-vs-gaussian-128p,128,128,0.0420620474477977,100000,0.2399968413727715,,seconds,3.191345453262329,3.146287450566888,megabytes,88270.0,88270.0,59.0,50.833333333333336,0.1065984,0.1065984,0.7875,0.7622395833333334,success,sinkhorn,0.001,100000
1D-exp-vs-gaussian-128p,128,128,0.0359863403648398,100000,0.0668080377141257,,seconds,3.744240760803223,3.293619865551591,megabytes,88270.0,88270.0,54.0,49.84615384615385,0.109375488,0.109375488,0.80703125,0.7329326923076922,success,sinkhorn,0.001,100000
1D-exp-vs-gaussian-128p,128,128,0.0059056017692091,100000,0.2389792230280609,,seconds,3.3780548572540283,3.238597119227052,megabytes,88270.0,88270.0,55.0,51.75,0.111865856,0.111865856,0.80390625,0.7502604166666668,success,sinkhorn,0.001,100000
1D-exp-vs-gaussian-256p,256,256,3.766419335187877e-12,100000,0.2465025688644459,,seconds,3.90482234954834,3.679504437372088,megabytes,88270.0,88270.0,51.0,49.333333333333336,0.104411136,0.104411136,0.78828125,0.7347005208333334,success,sinkhorn,0.001,100000
1D-exp-vs-gaussian-256p,256,256,6.520835177508013e-08,100000,0.1804849278764411,,seconds,3.964905261993408,3.809783153235912,megabytes,88270.0,88270.0,50.0,45.38461538461539,0.104501248,0.104501248,0.79921875,0.7483774038461538,success,sinkhorn,0.001,100000
1D-exp-vs-gaussian-256p,256,256,0.02171065218225,100000,0.0464278600418469,,seconds,4.119946718215942,3.952993292361498,megabytes,88270.0,88270.0,48.0,43.38461538461539,0.104394752,0.104394752,0.7859375,0.7407451923076922,success,sinkhorn,0.001,100000
1D-exp-vs-gaussian-256p,256,256,2.935204311639655e-16,100000,0.2135063799122499,,seconds,3.545116662979126,3.506102588027716,megabytes,88270.0,88270.0,52.0,47.27272727272727,0.104288256,0.104288256,0.79453125,0.765625,success,sinkhorn,0.001,100000
1D-exp-vs-gaussian-256p,256,256,0.0097553230466155,100000,0.0098502420940818,,seconds,4.146678447723389,3.839369215071201,megabytes,88270.0,88270.0,49.0,46.142857142857146,0.105152512,0.105152512,0.79765625,0.7239397321428572,success,sinkhorn,0.001,100000
1D-exp-vs-gaussian-256p,256,256,0.0058399960089494,100000,0.1689669740516872,,seconds,3.8268322944641113,3.540106773376465,megabytes,88270.0,88270.0,53.0,50.41666666666666,0.104759296,0.104759296,0.796875,0.7145833333333332,success,sinkhorn,0.001,100000
1D-exp-vs-gaussian-256p,256,256,2.4423605029151933e-15,100000,0.2282252403754642,,seconds,3.649576187133789,3.437251502647996,megabytes,88270.0,88270.0,57.0,48.75,0.109576192,0.109576192,0.784375,0.7077473958333332,success,sinkhorn,0.001,100000
1D-exp-vs-gaussian-256p,256,256,0.0209720782367117,100000,0.0225833660792318,,seconds,3.586615085601806,3.534363364800811,megabytes,88270.0,88270.0,53.0,52.09090909090909,0.104169472,0.104169472,0.79609375,0.765909090909091,success,sinkhorn,0.001,100000
1D-exp-vs-gaussian-256p,256,256,2.785575966018086e-10,100000,0.2518648622329979,,seconds,4.067519664764404,3.8610469959676266,megabytes,88270.0,88270.0,54.0,45.07692307692308,0.104374272,0.104374272,0.796875,0.7353365384615386,success,sinkhorn,0.001,100000
1D-exp-vs-gaussian-256p,256,256,0.0352919751792098,100000,0.0549701776414182,,seconds,3.293870449066162,3.2803927566856146,megabytes,88270.0,88270.0,59.0,50.72727272727273,0.104259584,0.104259584,0.7953125,0.7769886363636364,success,sinkhorn,0.001,100000
1D-exp-vs-gaussian-256p,256,256,2.3819226520866164e-33,100000,0.2589252557050961,,seconds,4.161481142044067,3.910808611661196,megabytes,88270.0,88270.0,49.0,47.0,0.108982272,0.108982272,0.79921875,0.7264423076923077,success,sinkhorn,0.001,100000
1D-exp-vs-gaussian-256p,256,256,0.0098414798653471,100000,0.0011613445849222,,seconds,3.650428056716919,3.535275688394904,megabytes,88270.0,88270.0,53.0,47.53846153846154,0.10889216,0.10889216,0.81875,0.7572115384615384,success,sinkhorn,0.001,100000
1D-exp-vs-gaussian-256p,256,256,0.0252371193494458,100000,0.0535591364764041,,seconds,4.007692813873291,3.7834525983780622,megabytes,88270.0,88270.0,50.0,45.84615384615385,0.104275968,0.104275968,0.8046875,0.7337139423076924,success,sinkhorn,0.001,100000
1D-exp-vs-gaussian-256p,256,256,0.0107609398850283,100000,0.0229219102675131,,seconds,3.8436803817749023,3.5479692444205284,megabytes,88270.0,88270.0,53.0,50.66666666666666,0.104517632,0.104517632,0.79765625,0.7200520833333334,success,sinkhorn,0.001,100000
1D-exp-vs-gaussian-256p,256,256,6.551352530189839e-32,100000,0.2381738317239534,,seconds,3.859952449798584,3.687202883884311,megabytes,88270.0,88270.0,52.0,47.57142857142857,0.108945408,0.108945408,0.80703125,0.7487165178571429,success,sinkhorn,0.001,100000
1D-exp-vs-gaussian-256p,256,256,0.0151209285813778,100000,0.1820155961255194,,seconds,3.540896415710449,3.5309158451855183,megabytes,88270.0,88270.0,52.0,52.0,0.104198144,0.104198144,0.7875,0.7721354166666666,success,sinkhorn,0.001,100000
1D-exp-vs-gaussian-256p,256,256,0.0409165807142119,100000,0.1780037396712737,,seconds,4.063153982162476,3.750067211687565,megabytes,88270.0,88270.0,50.0,48.0,0.1046528,0.1046528,0.79765625,0.723798076923077,success,sinkhorn,0.001,100000
1D-exp-vs-gaussian-256p,256,256,0.030896591485592,100000,0.1002097089815951,,seconds,3.520887613296509,3.3922531362622976,megabytes,88270.0,88270.0,54.0,48.90909090909091,0.104370176,0.104370176,0.80234375,0.7560369318181818,success,sinkhorn,0.001,100000
1D-exp-vs-gaussian-256p,256,256,0.0295554436896408,100000,0.2375854302284689,,seconds,3.947327136993408,3.787071522325277,megabytes,88270.0,88270.0,50.0,46.25,0.104374272,0.104374272,0.79140625,0.7426432291666668,success,sinkhorn,0.001,100000
1D-exp-vs-gaussian-256p,256,256,0.0262307845861828,100000,0.1608280440587697,,seconds,3.53454327583313,3.400522457435727,megabytes,88270.0,88270.0,54.0,49.0,0.104271872,0.104271872,0.78984375,0.7502130681818183,success,sinkhorn,0.001,100000
1D-exp-vs-gaussian-256p,256,256,0.0146661213874451,100000,0.2131158549147162,,seconds,3.602062940597534,3.5541181936860085,megabytes,88270.0,88270.0,56.0,47.63636363636363,0.104280064,0.104280064,0.79765625,0.7728693181818183,success,sinkhorn,0.001,100000
1D-exp-vs-gaussian-256p,256,256,0.0230292674985416,100000,0.060303349586289,,seconds,3.5708370208740234,3.486452439799905,megabytes,88270.0,88270.0,53.0,49.90909090909091,0.104255488,0.104255488,0.7953125,0.7655539772727272,success,sinkhorn,0.001,100000
1D-exp-vs-gaussian-256p,256,256,0.0229558296317603,100000,0.0602829649427063,,seconds,3.906667470932007,3.788100322708488,megabytes,88270.0,88270.0,50.0,48.333333333333336,0.104378368,0.104378368,0.7984375,0.7539713541666666,success,sinkhorn,0.001,100000
1D-exp-vs-gaussian-256p,256,256,2.6187916360863836e-09,100000,0.1647165265726852,,seconds,3.380078792572021,3.374211512506008,megabytes,88270.0,88270.0,54.0,51.1,0.104116224,0.104116224,0.7890625,0.773203125,success,sinkhorn,0.001,100000
1D-exp-vs-gaussian-256p,256,256,0.045243262387911,100000,0.1879003821817813,,seconds,3.874765634536743,3.748151291161776,megabytes,88270.0,88270.0,50.0,46.833333333333336,0.104361984,0.104361984,0.7875,0.7484375,success,sinkhorn,0.001,100000
1D-exp-vs-gaussian-256p,256,256,0.011137620842267,100000,0.0305683026075904,,seconds,3.5652759075164795,3.4307107757776976,megabytes,88270.0,88270.0,53.0,50.8,0.1041408,0.1041408,0.796875,0.7486718750000001,success,sinkhorn,0.001,100000
1D-exp-vs-gaussian-256p,256,256,0.0249940410262653,100000,0.1660592393608887,,seconds,3.8340346813201904,3.714295294135809,megabytes,88270.0,88270.0,56.0,50.25,0.104312832,0.104312832,0.8,0.75546875,success,sinkhorn,0.001,100000
1D-exp-vs-gaussian-256p,256,256,0.0298705991120795,100000,0.077305977876674,,seconds,3.606243133544922,3.5646238680928946,megabytes,88270.0,88270.0,52.0,50.72727272727273,0.104382464,0.104382464,0.7984375,0.7730823863636364,success,sinkhorn,0.001,100000
1D-exp-vs-gaussian-256p,256,256,0.0008869526299403,100000,0.1887578664934711,,seconds,4.008503675460815,3.759393682703376,megabytes,88270.0,88270.0,51.0,46.0,0.109072384,0.109072384,0.790625,0.7247395833333333,success,sinkhorn,0.001,100000
1D-exp-vs-gaussian-256p,256,256,7.076093945515373e-05,100000,0.2149212142648179,,seconds,3.8495378494262695,3.609965674579144,megabytes,88270.0,88270.0,52.0,49.61538461538461,0.10452992,0.10452992,0.8109375,0.7402644230769232,success,sinkhorn,0.001,100000
1D-exp-vs-gaussian-256p,256,256,0.0093156429332433,100000,0.0157197774069257,,seconds,3.90984320640564,3.817685514688492,megabytes,88270.0,88270.0,50.0,45.25,0.10438656,0.10438656,0.7984375,0.7619140624999999,success,sinkhorn,0.001,100000
1D-exp-vs-gaussian-512p,512,512,0.0261319891075128,100000,0.1132832678836588,,seconds,4.039432048797607,4.033462729305029,megabytes,88270.0,88270.0,57.0,54.61538461538461,0.106385408,0.106385408,0.7921875,0.7745793269230768,success,sinkhorn,0.001,100000
1D-exp-vs-gaussian-512p,512,512,3.983477907314161e-15,100000,0.1613796151074206,,seconds,4.179663181304932,3.970774699002504,megabytes,88270.0,88270.0,59.0,56.21428571428572,0.106528768,0.106528768,0.79609375,0.7370535714285715,success,sinkhorn,0.001,100000
1D-exp-vs-gaussian-512p,512,512,0.0407895233724401,100000,0.1268813999723625,,seconds,4.061257123947144,4.015462601557374,megabytes,88270.0,88270.0,57.0,52.61538461538461,0.106381312,0.106381312,0.78125,0.7620793269230769,success,sinkhorn,0.001,100000
1D-exp-vs-gaussian-512p,512,512,6.367680580176721e-12,100000,0.1743036380239536,,seconds,4.140528917312622,4.031945316120982,megabytes,88270.0,88270.0,57.0,55.785714285714285,0.106459136,0.106459136,0.78984375,0.7532366071428572,success,sinkhorn,0.001,100000
1D-exp-vs-gaussian-512p,512,512,0.009798648295776,100000,0.0071145719523707,,seconds,4.278848886489868,4.080514283850789,megabytes,88270.0,88270.0,57.0,52.35714285714285,0.106479616,0.106479616,0.81015625,0.7397879464285716,success,sinkhorn,0.001,100000
1D-exp-vs-gaussian-512p,512,512,4.5785701293635045e-31,100000,0.1684143315131911,,seconds,4.188143014907837,3.98587292060256,megabytes,88270.0,88270.0,58.0,54.92857142857143,0.106459136,0.106459136,0.80078125,0.7441964285714286,success,sinkhorn,0.001,100000
1D-exp-vs-gaussian-512p,512,512,0.0426432084560308,100000,0.1340654011476202,,seconds,4.3608503341674805,4.086531765758991,megabytes,88270.0,88270.0,57.0,51.46666666666667,0.106586112,0.106586112,0.79609375,0.7327604166666668,success,sinkhorn,0.001,100000
1D-exp-vs-gaussian-512p,512,512,0.0012272850862305,100000,0.1334591503470502,,seconds,4.2663092613220215,4.083458840847015,megabytes,88270.0,88270.0,56.0,52.86666666666667,0.106528768,0.106528768,0.79765625,0.7453124999999999,success,sinkhorn,0.001,100000
1D-exp-vs-gaussian-512p,512,512,0.0058803247404677,100000,0.1194653348957349,,seconds,4.251581192016602,4.082362242043018,megabytes,88270.0,88270.0,57.0,53.15384615384615,0.1062912,0.1062912,0.8109375,0.7505408653846156,success,sinkhorn,0.001,100000
1D-exp-vs-gaussian-512p,512,512,0.0244432485650809,100000,0.1183772294959093,,seconds,4.160778045654297,4.0026115123182535,megabytes,88270.0,88270.0,58.0,55.69230769230769,0.110993408,0.110993408,0.79765625,0.7480769230769231,success,sinkhorn,0.001,100000
1D-exp-vs-gaussian-512p,512,512,0.0093344633563569,100000,0.0111040096225206,,seconds,4.254278898239136,4.08738019131124,megabytes,88270.0,88270.0,57.0,52.785714285714285,0.106409984,0.106409984,0.8015625,0.7431919642857142,success,sinkhorn,0.001,100000
1D-exp-vs-gaussian-512p,512,512,0.0258250010863211,100000,0.0386662397915269,,seconds,4.378156900405884,4.084249606356025,megabytes,88270.0,88270.0,57.0,50.13333333333333,0.106508288,0.106508288,0.7953125,0.735625,success,sinkhorn,0.001,100000
1D-exp-vs-gaussian-512p,512,512,0.0272048031483477,100000,0.1703662091828306,,seconds,4.137101173400879,4.0870963502675295,megabytes,88270.0,88270.0,56.0,53.30769230769231,0.106348544,0.106348544,0.79453125,0.7685096153846154,success,sinkhorn,0.001,100000
1D-exp-vs-gaussian-512p,512,512,1.3814900201107042e-33,100000,0.1830878041295343,,seconds,4.091210603713989,4.044128850102425,megabytes,88270.0,88270.0,59.0,52.21428571428572,0.10637312,0.10637312,0.8,0.7673549107142857,success,sinkhorn,0.001,100000
1D-exp-vs-gaussian-512p,512,512,0.0208808745961981,100000,0.0160973405808314,,seconds,4.315471172332764,4.006565665826201,megabytes,88270.0,88270.0,59.0,53.35714285714285,0.106795008,0.106795008,0.79140625,0.7217633928571427,success,sinkhorn,0.001,100000
1D-exp-vs-gaussian-512p,512,512,0.0098405129830376,100000,0.0008026829513851,,seconds,3.9815075397491455,3.9697525650262833,megabytes,88270.0,88270.0,58.0,54.23076923076923,0.108793856,0.108793856,0.803125,0.7743389423076923,success,sinkhorn,0.001,100000
1D-exp-vs-gaussian-512p,512,512,2.426409355935177e-10,100000,0.1780953520275684,,seconds,4.422666072845459,4.087611889466643,megabytes,88270.0,88270.0,57.0,51.625,0.105209856,0.105209856,0.7984375,0.734375,success,sinkhorn,0.001,100000
1D-exp-vs-gaussian-512p,512,512,0.0230646090437066,100000,0.042212296062999,,seconds,4.15769100189209,3.938069973140955,megabytes,88270.0,88270.0,59.0,57.5,0.109023232,0.109023232,0.79453125,0.7313616071428571,success,sinkhorn,0.001,100000
1D-exp-vs-gaussian-512p,512,512,0.0153343572976828,100000,0.1505280977756902,,seconds,4.1991283893585205,4.078640578314662,megabytes,88270.0,88270.0,56.0,52.0,0.104316928,0.104316928,0.79140625,0.7524553571428572,success,sinkhorn,0.001,100000
1D-exp-vs-gaussian-512p,512,512,8.341208358019324e-16,100000,0.1509718090625431,,seconds,4.359519720077515,4.076320074498653,megabytes,88270.0,88270.0,56.0,53.66666666666666,0.10459136,0.10459136,0.81171875,0.7347395833333332,success,sinkhorn,0.001,100000
1D-exp-vs-gaussian-512p,512,512,0.0107780596863446,100000,0.0162518995052643,,seconds,4.228895664215088,4.081479648128152,megabytes,88270.0,88270.0,57.0,53.4,0.104312832,0.104312832,0.8109375,0.7521875,success,sinkhorn,0.001,100000
1D-exp-vs-gaussian-512p,512,512,2.4602941061214923e-09,100000,0.1164721729130399,,seconds,4.097926616668701,4.0967175252735615,megabytes,88270.0,88270.0,57.0,51.5,0.104370176,0.104370176,0.8046875,0.7807128906249999,success,sinkhorn,0.001,100000
1D-exp-vs-gaussian-512p,512,512,0.0155308176448096,100000,0.1282480829047233,,seconds,4.195331811904907,4.104538682848215,megabytes,88270.0,88270.0,57.0,51.35294117647059,0.18454528,0.18454528,0.81640625,0.7590073529411764,success,sinkhorn,0.001,100000
1D-exp-vs-gaussian-512p,512,512,0.0310293512820563,100000,0.071106758759163,,seconds,4.087558031082153,4.084688832983375,megabytes,88270.0,88270.0,56.0,50.0,0.107966464,0.107966464,0.803125,0.7762695312499999,success,sinkhorn,0.001,100000
1D-exp-vs-gaussian-512p,512,512,0.0225272754220623,100000,0.0424576289966262,,seconds,4.082509756088257,3.975337715819478,megabytes,88270.0,88270.0,58.0,56.25,0.110661632,0.110661632,0.81171875,0.765380859375,success,sinkhorn,0.001,100000
1D-exp-vs-gaussian-512p,512,512,8.084226961739484e-05,100000,0.1519882337547761,,seconds,4.249319314956665,4.102182002738118,megabytes,88270.0,88270.0,57.0,51.23529411764706,0.186335232,0.186335232,0.8171875,0.750045955882353,success,sinkhorn,0.001,100000
1D-exp-vs-gaussian-512p,512,512,0.0112107329354913,100000,0.0215670937559268,,seconds,4.134504556655884,3.993644727393985,megabytes,88270.0,88270.0,59.0,54.125,0.10752,0.10752,0.8015625,0.7583496093750002,success,sinkhorn,0.001,100000
1D-exp-vs-gaussian-512p,512,512,0.0218209008935138,100000,0.0319078601466067,,seconds,4.232250452041626,4.005053319036961,megabytes,88270.0,88270.0,59.0,53.3125,0.107528192,0.107528192,0.8078125,0.755224609375,success,sinkhorn,0.001,100000
1D-exp-vs-gaussian-512p,512,512,7.931654776020421e-08,100000,0.1276221164033399,,seconds,4.01706600189209,4.012844609096646,megabytes,88270.0,88270.0,58.0,51.3125,0.112099328,0.112099328,0.81328125,0.7875976562499999,success,sinkhorn,0.001,100000
1D-exp-vs-gaussian-512p,512,512,0.0298257068286872,100000,0.0546249289212046,,seconds,4.243273019790649,4.096079351380467,megabytes,88270.0,88270.0,57.0,55.25,0.10756096,0.10756096,0.7890625,0.7527832031250001,success,sinkhorn,0.001,100000
1D-exp-vs-gaussian-512p,512,512,0.0355632736630818,100000,0.0374688099156527,,seconds,4.203590154647827,4.086861781775951,megabytes,88270.0,88270.0,57.0,53.375,0.107524096,0.107524096,0.8109375,0.762939453125,success,sinkhorn,0.001,100000
1D-exp-vs-gaussian-1024p,1024,1024,3.954380377053598e-15,100000,0.1141126201877321,,seconds,4.240719556808472,4.161433655768633,megabytes,88270.0,88270.0,55.0,51.52941176470589,0.186540032,0.186540032,0.81015625,0.7666819852941176,success,sinkhorn,0.001,100000
1D-exp-vs-gaussian-1024p,1024,1024,8.199488703198858e-05,100000,0.1074764921701319,,seconds,4.424343585968018,4.125759011134505,megabytes,88270.0,88270.0,57.0,47.41176470588236,0.186785792,0.186785792,0.8046875,0.7324908088235296,success,sinkhorn,0.001,100000
1D-exp-vs-gaussian-1024p,1024,1024,0.0060044583322822,100000,0.084443351503205,,seconds,4.194138288497925,4.105338413268328,megabytes,88270.0,88270.0,56.0,54.4375,0.106319872,0.106319872,0.8078125,0.76513671875,success,sinkhorn,0.001,100000
1D-exp-vs-gaussian-1024p,1024,1024,0.0153032708683672,100000,0.1064908104994789,,seconds,4.283772945404053,4.124276775866747,megabytes,88270.0,88270.0,58.0,52.23529411764706,0.186699776,0.186699776,0.81015625,0.7497702205882354,success,sinkhorn,0.001,100000
1D-exp-vs-gaussian-1024p,1024,1024,0.0220589251165371,100000,0.0228943777888803,,seconds,4.312015533447266,4.176051985472441,megabytes,88270.0,88270.0,55.0,52.47058823529412,0.18663424,0.18663424,0.8078125,0.7526194852941178,success,sinkhorn,0.001,100000
1D-exp-vs-gaussian-1024p,1024,1024,0.0010971799250855,100000,0.0943729512854774,,seconds,4.224786281585693,4.188501475378871,megabytes,88270.0,88270.0,55.0,52.875,0.106360832,0.106360832,0.80859375,0.774560546875,success,sinkhorn,0.001,100000
1D-exp-vs-gaussian-1024p,1024,1024,0.0355530675494673,100000,0.0265631772084891,,seconds,4.261736631393433,4.182025188580155,megabytes,88270.0,88270.0,55.0,51.0,0.106422272,0.106422272,0.8078125,0.766455078125,success,sinkhorn,0.001,100000
1D-exp-vs-gaussian-1024p,1024,1024,2.412376639608029e-09,100000,0.0823582632863426,,seconds,4.275910377502441,4.187914138659835,megabytes,88270.0,88270.0,55.0,51.1764705882353,0.186683392,0.186683392,0.80703125,0.7573069852941177,success,sinkhorn,0.001,100000
1D-exp-vs-gaussian-1024p,1024,1024,0.0262451455541009,100000,0.0800476879138378,,seconds,4.249803781509399,4.181294750422239,megabytes,88270.0,88270.0,55.0,48.8235294117647,0.18663424,0.18663424,0.79921875,0.7612132352941176,success,sinkhorn,0.001,100000
1D-exp-vs-gaussian-1024p,1024,1024,0.0289675862889426,100000,0.1192836984337012,,seconds,4.298180818557739,4.186731589958072,megabytes,88270.0,88270.0,55.0,52.76470588235294,0.186650624,0.186650624,0.8046875,0.7504136029411765,success,sinkhorn,0.001,100000
1D-exp-vs-gaussian-1024p,1024,1024,0.0111758180016756,100000,0.0152616285405236,,seconds,4.344547748565674,4.179438125342131,megabytes,88270.0,88270.0,55.0,50.47058823529412,0.186720256,0.186720256,0.8046875,0.7403492647058824,success,sinkhorn,0.001,100000
1D-exp-vs-gaussian-1024p,1024,1024,0.0225426869679656,100000,0.0297914481059527,,seconds,4.26436448097229,4.182462219148874,megabytes,88270.0,88270.0,55.0,51.5625,0.106328064,0.106328064,0.8109375,0.7704101562500001,success,sinkhorn,0.001,100000
1D-exp-vs-gaussian-1024p,1024,1024,4.313677388288949e-31,100000,0.1190869158619767,,seconds,4.3252458572387695,4.147682335227728,megabytes,88270.0,88270.0,57.0,52.9375,0.106319872,0.106319872,0.8046875,0.7540527343750001,success,sinkhorn,0.001,100000
1D-exp-vs-gaussian-1024p,1024,1024,0.0309757261602639,100000,0.0502816673179768,,seconds,4.366396188735962,4.18465031310916,megabytes,88270.0,88270.0,55.0,51.294117647058826,0.186642432,0.186642432,0.81328125,0.7444852941176471,success,sinkhorn,0.001,100000
1D-exp-vs-gaussian-1024p,1024,1024,0.043164692025692,100000,0.0948265749015507,,seconds,4.2187440395355225,4.191565498709679,megabytes,88270.0,88270.0,55.0,51.10526315789474,0.186781696,0.186781696,0.81171875,0.7762335526315791,success,sinkhorn,0.001,100000
1D-exp-vs-gaussian-1024p,1024,1024,0.0247915710594365,100000,0.0832888318173684,,seconds,4.296170711517334,4.0904378443956375,megabytes,88270.0,88270.0,58.0,51.0,0.18690048,0.18690048,0.809375,0.7367647058823531,success,sinkhorn,0.001,100000
1D-exp-vs-gaussian-1024p,1024,1024,3.2021526095654265e-10,100000,0.1259324311164989,,seconds,4.220893859863281,4.127492967993021,megabytes,88270.0,88270.0,56.0,52.89473684210526,0.186740736,0.186740736,0.809375,0.7615542763157894,success,sinkhorn,0.001,100000
1D-exp-vs-gaussian-1024p,1024,1024,0.0232486391113891,100000,0.0301106250590351,,seconds,4.292947292327881,4.110023830085993,megabytes,88270.0,88270.0,56.0,52.44444444444444,0.186720256,0.186720256,0.80703125,0.7416232638888889,success,sinkhorn,0.001,100000
1D-exp-vs-gaussian-1024p,1024,1024,0.0407246277665256,100000,0.0895835663604835,,seconds,4.225956439971924,4.099748997017741,megabytes,88270.0,88270.0,57.0,53.888888888888886,0.186626048,0.186626048,0.8140625,0.7481336805555556,success,sinkhorn,0.001,100000
1D-exp-vs-gaussian-1024p,1024,1024,0.0097788972900293,100000,0.0050285748871837,,seconds,4.109886646270752,3.989323865622282,megabytes,88270.0,88270.0,57.0,53.72222222222222,0.190889984,0.190889984,0.8140625,0.7529513888888888,success,sinkhorn,0.001,100000
1D-exp-vs-gaussian-1024p,1024,1024,0.0094483935117235,100000,0.0077842541138375,,seconds,4.214091062545776,4.109204839915037,megabytes,88270.0,88270.0,57.0,49.72222222222222,0.186667008,0.186667008,0.81015625,0.7553819444444444,success,sinkhorn,0.001,100000
1D-exp-vs-gaussian-1024p,1024,1024,8.541542199091901e-16,100000,0.1067531899561249,,seconds,4.189674615859985,4.114537140354514,megabytes,88270.0,88270.0,56.0,53.64705882352941,0.186445824,0.186445824,0.81328125,0.7639705882352943,success,sinkhorn,0.001,100000
1D-exp-vs-gaussian-1024p,1024,1024,1.3130293375801597e-33,100000,0.129462627852548,,seconds,4.291149854660034,4.117369364947081,megabytes,88270.0,88270.0,56.0,53.526315789473685,0.186773504,0.186773504,0.8015625,0.7396792763157894,success,sinkhorn,0.001,100000
1D-exp-vs-gaussian-1024p,1024,1024,0.0101829746696917,100000,0.0006074095616118,,seconds,4.112752437591553,4.0097456853836775,megabytes,88270.0,88270.0,57.0,51.8235294117647,0.190926848,0.190926848,0.81171875,0.7540900735294119,success,sinkhorn,0.001,100000
1D-exp-vs-gaussian-1024p,1024,1024,0.0152731516735345,100000,0.0908566895487925,,seconds,4.1206114292144775,3.981629302725196,megabytes,88270.0,88270.0,58.0,55.94117647058823,0.190959616,0.190959616,0.8046875,0.7411764705882353,success,sinkhorn,0.001,100000
1D-exp-vs-gaussian-1024p,1024,1024,9.184009389942949e-08,100000,0.090242463938131,,seconds,4.28702712059021,4.1169662196189165,megabytes,88270.0,88270.0,56.0,52.31578947368421,0.186855424,0.186855424,0.80078125,0.735608552631579,success,sinkhorn,0.001,100000
1D-exp-vs-gaussian-1024p,1024,1024,0.0208878943931459,100000,0.011248367648283,,seconds,4.298779010772705,4.104046061635017,megabytes,88270.0,88270.0,56.0,50.05555555555556,0.187027456,0.187027456,0.8046875,0.7333333333333333,success,sinkhorn,0.001,100000
1D-exp-vs-gaussian-1024p,1024,1024,0.0108894066421038,100000,0.0116498099137296,,seconds,4.187272071838379,4.1190061662346125,megabytes,88270.0,88270.0,56.0,51.10526315789474,0.186720256,0.186720256,0.81640625,0.7709292763157894,success,sinkhorn,0.001,100000
1D-exp-vs-gaussian-1024p,1024,1024,0.0255331243781092,100000,0.0270877491739556,,seconds,4.173306465148926,4.105917036533356,megabytes,88270.0,88270.0,56.0,50.47058823529412,0.186540032,0.186540032,0.796875,0.7631893382352941,success,sinkhorn,0.001,100000
1D-exp-vs-gaussian-1024p,1024,1024,0.0298368544998785,100000,0.0383630445979734,,seconds,4.372386932373047,4.123804045841098,megabytes,88270.0,88270.0,56.0,51.63157894736842,0.186712064,0.186712064,0.809375,0.7377467105263159,success,sinkhorn,0.001,100000
1D-exp-vs-gaussian-1024p,1024,1024,6.163087699321161e-12,100000,0.1232512844322229,,seconds,4.05811882019043,4.007866078987718,megabytes,88270.0,88270.0,57.0,53.64705882352941,0.190939136,0.190939136,0.78984375,0.7629136029411763,success,sinkhorn,0.001,100000
1D-exp-vs-gaussian-2048p,2048,2048,9.291970868171689e-08,100000,0.0638110582016328,,seconds,5.383315086364746,5.260311862453818,megabytes,88270.0,88270.0,64.0,59.34782608695652,0.187211776,0.187211776,0.8078125,0.7597146739130435,success,sinkhorn,0.001,100000
1D-exp-vs-gaussian-2048p,2048,2048,0.0247639070872039,100000,0.0589207659696377,,seconds,5.4278883934021,5.3260428160429,megabytes,88270.0,88270.0,64.0,61.5,0.187031552,0.187031552,0.8015625,0.7627130681818183,success,sinkhorn,0.001,100000
1D-exp-vs-gaussian-2048p,2048,2048,0.0225356525599182,100000,0.0210865752296364,,seconds,5.298357009887695,5.290576184168458,megabytes,88270.0,88270.0,64.0,61.16666666666666,0.191287296,0.191287296,0.81171875,0.7771484374999998,success,sinkhorn,0.001,100000
1D-exp-vs-gaussian-2048p,2048,2048,0.0232383765007116,100000,0.0212728459449335,,seconds,5.349938869476318,5.338887808844447,megabytes,88270.0,88270.0,65.0,62.43478260869565,0.187035648,0.187035648,0.8078125,0.7782948369565218,success,sinkhorn,0.001,100000
1D-exp-vs-gaussian-2048p,2048,2048,8.741509815070217e-16,100000,0.0754859045312715,,seconds,5.370210886001587,5.280290853232145,megabytes,88270.0,88270.0,65.0,60.41666666666666,0.187117568,0.187117568,0.809375,0.7632486979166667,success,sinkhorn,0.001,100000
1D-exp-vs-gaussian-2048p,2048,2048,0.0354911239063628,100000,0.0190126283193208,,seconds,5.414597988128662,5.244821961969137,megabytes,88270.0,88270.0,67.0,62.25,0.186834944,0.186834944,0.79453125,0.7438281250000001,success,sinkhorn,0.001,100000
1D-exp-vs-gaussian-2048p,2048,2048,0.0111494556122526,100000,0.0107737233831814,,seconds,5.568945646286011,5.314944675192237,megabytes,88270.0,88270.0,66.0,61.54166666666666,0.187469824,0.187469824,0.8125,0.7474934895833333,success,sinkhorn,0.001,100000
1D-exp-vs-gaussian-2048p,2048,2048,0.0097813867321947,100000,0.0035531520567109,,seconds,5.299098491668701,5.133805466815829,megabytes,88270.0,88270.0,67.0,64.56521739130434,0.187191296,0.187191296,0.81640625,0.7547214673913045,success,sinkhorn,0.001,100000
1D-exp-vs-gaussian-2048p,2048,2048,0.0255411725948365,100000,0.0191274463835656,,seconds,5.419689893722534,5.423764327540994,megabytes,88270.0,88270.0,63.0,60.43478260869565,0.187113472,0.187113472,0.796875,0.7780570652173914,success,sinkhorn,0.001,100000
1D-exp-vs-gaussian-2048p,2048,2048,0.0108359037871061,100000,0.0081766440872132,,seconds,5.2952940464019775,5.219119532033801,megabytes,88270.0,88270.0,65.0,61.21739130434783,0.191168512,0.191168512,0.81796875,0.7677649456521737,success,sinkhorn,0.001,100000
1D-exp-vs-gaussian-2048p,2048,2048,0.0430775025624943,100000,0.0670604116356037,,seconds,5.265684604644775,5.165541158989072,megabytes,88270.0,88270.0,66.0,62.09090909090909,0.191131648,0.191131648,0.80390625,0.7637073863636363,success,sinkhorn,0.001,100000
1D-exp-vs-gaussian-2048p,2048,2048,2.6154245614019716e-09,100000,0.0582360864565199,,seconds,5.383270263671875,5.271369634196162,megabytes,88270.0,88270.0,66.0,62.60869565217392,0.191168512,0.191168512,0.81484375,0.7650815217391306,success,sinkhorn,0.001,100000
1D-exp-vs-gaussian-2048p,2048,2048,0.0210672001098807,100000,0.0080381981845805,,seconds,5.516467809677124,5.322926742956042,megabytes,88270.0,88270.0,65.0,60.82608695652174,0.187129856,0.187129856,0.8125,0.7596467391304347,success,sinkhorn,0.001,100000
1D-exp-vs-gaussian-2048p,2048,2048,0.0150641511540059,100000,0.0753845172986438,,seconds,5.601732492446899,5.423870392143726,megabytes,88270.0,88270.0,64.0,58.66666666666666,0.18720768,0.18720768,0.8125,0.74853515625,success,sinkhorn,0.001,100000
1D-exp-vs-gaussian-2048p,2048,2048,0.0100074354961805,100000,0.0004211280063815,,seconds,5.270664930343628,5.16595371067524,megabytes,88270.0,88270.0,66.0,63.4,0.191127552,0.191127552,0.79765625,0.7612109375,success,sinkhorn,0.001,100000
1D-exp-vs-gaussian-2048p,2048,2048,0.0220482454864152,100000,0.0161743150409724,,seconds,5.320740222930908,5.253592321649194,megabytes,88270.0,88270.0,65.0,62.04545454545455,0.186937344,0.186937344,0.8125,0.7669389204545454,success,sinkhorn,0.001,100000
1D-exp-vs-gaussian-2048p,2048,2048,5.315354329197441e-12,100000,0.0871518190119768,,seconds,5.3902435302734375,5.20884232968092,megabytes,88270.0,88270.0,66.0,60.21739130434783,0.191369216,0.191369216,0.82734375,0.7597486413043477,success,sinkhorn,0.001,100000
1D-exp-vs-gaussian-2048p,2048,2048,1.9734191796837483e-33,100000,0.0915439020647671,,seconds,5.358327388763428,5.299983007833362,megabytes,88270.0,88270.0,66.0,61.391304347826086,0.187142144,0.187142144,0.81328125,0.7703125,success,sinkhorn,0.001,100000
1D-exp-vs-gaussian-2048p,2048,2048,2.795232404172131e-10,100000,0.0890476760137842,,seconds,5.457340240478516,5.261241033673286,megabytes,88270.0,88270.0,66.0,61.68181818181818,0.186957824,0.186957824,0.8109375,0.7576704545454546,success,sinkhorn,0.001,100000
1D-exp-vs-gaussian-2048p,2048,2048,0.0260414529236072,100000,0.056681929752096,,seconds,5.449104309082031,5.292016502469778,megabytes,88270.0,88270.0,64.0,61.21739130434783,0.18704384,0.18704384,0.83359375,0.7546875000000001,success,sinkhorn,0.001,100000
1D-exp-vs-gaussian-2048p,2048,2048,0.0060126538943797,100000,0.0597106112096002,,seconds,5.267714500427246,5.219911945983768,megabytes,88270.0,88270.0,66.0,60.72727272727273,0.191164416,0.191164416,0.809375,0.7749644886363636,success,sinkhorn,0.001,100000
1D-exp-vs-gaussian-2048p,2048,2048,0.0289467312729357,100000,0.0843602388674039,,seconds,5.462348222732544,5.345026297494769,megabytes,88270.0,88270.0,64.0,61.0,0.187109376,0.187109376,0.8078125,0.7585286458333332,success,sinkhorn,0.001,100000
1D-exp-vs-gaussian-2048p,2048,2048,0.0093944125340792,100000,0.0055193796577836,,seconds,5.359276533126831,5.3021101038903,megabytes,88270.0,88270.0,66.0,62.26086956521739,0.187101184,0.187101184,0.80703125,0.7690217391304349,success,sinkhorn,0.001,100000
1D-exp-vs-gaussian-2048p,2048,2048,0.0407742619288343,100000,0.0633752342530297,,seconds,5.2843427658081055,5.107524754479528,megabytes,88270.0,88270.0,67.0,63.21739130434783,0.186458112,0.186458112,0.80390625,0.7459578804347824,success,sinkhorn,0.001,100000
1D-exp-vs-gaussian-2048p,2048,2048,0.0011561276281332,100000,0.0667305821600321,,seconds,5.26158618927002,5.261160243302584,megabytes,88270.0,88270.0,65.0,62.04545454545455,0.18630656,0.18630656,0.80703125,0.7770951704545456,success,sinkhorn,0.001,100000
1D-exp-vs-gaussian-2048p,2048,2048,8.228225336714153e-05,100000,0.0759981753955769,,seconds,5.5690834522247314,5.365410216152668,megabytes,88270.0,88270.0,63.0,59.72,0.186806272,0.186806272,0.8078125,0.74909375,success,sinkhorn,0.001,100000
1D-exp-vs-gaussian-2048p,2048,2048,3.3906514196607393e-31,100000,0.0842071657565955,,seconds,5.335736513137817,5.214359063655138,megabytes,88270.0,88270.0,66.0,61.65,0.186118144,0.186118144,0.79921875,0.7597656249999999,success,sinkhorn,0.001,100000
1D-exp-vs-gaussian-2048p,2048,2048,0.0310704082713629,100000,0.0354547619926879,,seconds,5.599336624145508,5.361172871664167,megabytes,88270.0,88270.0,64.0,60.625,0.18651136,0.18651136,0.80625,0.7448567708333331,success,sinkhorn,0.001,100000
1D-exp-vs-gaussian-2048p,2048,2048,0.0297338001385507,100000,0.0270399923644443,,seconds,5.497278213500977,5.246720911934972,megabytes,88270.0,88270.0,66.0,59.30434782608695,0.18653184,0.18653184,0.8078125,0.7459239130434783,success,sinkhorn,0.001,100000
1D-exp-vs-gaussian-2048p,2048,2048,0.0154379860177107,100000,0.0641858610721163,,seconds,5.490690469741821,5.298748577013612,megabytes,88270.0,88270.0,66.0,60.869565217391305,0.186454016,0.186454016,0.8078125,0.7561480978260869,success,sinkhorn,0.001,100000
1D-exp-vs-gaussian-2048p,2048,2048,4.849430522353423e-15,100000,0.0806898075537103,,seconds,5.456523418426514,5.266943473368883,megabytes,88270.0,88270.0,65.0,58.82608695652174,0.18630656,0.18630656,0.81328125,0.7523437499999999,success,sinkhorn,0.001,100000
1D-exp-vs-cauchy-32p,32,32,0.0122227263128983,100000,0.103385329132651,,seconds,3.2791624069213867,3.129971321672201,megabytes,88270.0,88270.0,56.0,50.46666666666667,0.11003904,0.11003904,0.81640625,0.7424479166666668,success,sinkhorn,0.001,100000
1D-exp-vs-cauchy-32p,32,32,0.0108267822553622,100000,0.1166586945442707,,seconds,3.290470600128174,3.233639003708958,megabytes,88270.0,88270.0,55.0,50.53333333333333,0.10543104,0.10543104,0.81484375,0.76578125,success,sinkhorn,0.001,100000
1D-exp-vs-cauchy-32p,32,32,0.0138805526634914,100000,0.183557186237924,,seconds,3.1959774494171143,3.1322361156344414,megabytes,88270.0,88270.0,56.0,52.30769230769231,0.110014464,0.110014464,0.79921875,0.7558894230769231,success,sinkhorn,0.001,100000
1D-exp-vs-cauchy-32p,32,32,0.0154610277298642,100000,0.2338483674912678,,seconds,3.382871150970459,3.2548382952809334,megabytes,88270.0,88270.0,54.0,49.06666666666667,0.105345024,0.105345024,0.80703125,0.7460416666666667,success,sinkhorn,0.001,100000
1D-exp-vs-cauchy-32p,32,32,0.0410179321293146,100000,0.1460528107090004,,seconds,3.417504072189331,3.214217394590378,megabytes,88270.0,88270.0,58.0,48.86666666666667,0.105996288,0.105996288,0.8171875,0.7302604166666666,success,sinkhorn,0.001,100000
1D-exp-vs-cauchy-32p,32,32,0.0182634399929946,100000,0.1477547028598292,,seconds,3.184077262878418,3.0428478084504604,megabytes,88270.0,88270.0,58.0,53.5,0.109961216,0.109961216,0.8125,0.7386067708333334,success,sinkhorn,0.001,100000
1D-exp-vs-cauchy-32p,32,32,0.0036095547712657,100000,0.5510098442710097,,seconds,3.309545516967773,3.1673532854765654,megabytes,88270.0,88270.0,55.0,50.92857142857143,0.105242624,0.105242624,0.8140625,0.7447544642857141,success,sinkhorn,0.001,100000
1D-exp-vs-cauchy-32p,32,32,0.0196738705381326,100000,0.2452990872480934,,seconds,3.211620807647705,3.207030525431037,megabytes,88270.0,88270.0,55.0,47.92857142857143,0.105181184,0.105181184,0.8109375,0.7819754464285714,success,sinkhorn,0.001,100000
1D-exp-vs-cauchy-32p,32,32,0.0074338067693647,100000,0.340091766524827,,seconds,3.233126401901245,3.178246568888426,megabytes,88270.0,88270.0,55.0,51.0,0.10524672,0.10524672,0.8109375,0.7622395833333334,success,sinkhorn,0.001,100000
1D-exp-vs-cauchy-32p,32,32,0.0089625565220931,100000,0.3004814977169193,,seconds,3.223019599914551,3.1992217898368835,megabytes,88270.0,88270.0,55.0,48.8,0.105218048,0.105218048,0.8046875,0.77453125,success,sinkhorn,0.001,100000
1D-exp-vs-cauchy-32p,32,32,0.0131941474182994,100000,0.2249154628163881,,seconds,3.237368106842041,3.192797213792801,megabytes,88270.0,88270.0,55.0,51.13333333333333,0.105283584,0.105283584,0.81015625,0.7710416666666667,success,sinkhorn,0.001,100000
1D-exp-vs-cauchy-32p,32,32,0.0168428699786819,100000,0.2065951904686635,,seconds,3.1989479064941406,3.14309767074883,megabytes,88270.0,88270.0,56.0,50.21428571428572,0.110075904,0.110075904,0.7984375,0.7634486607142857,success,sinkhorn,0.001,100000
1D-exp-vs-cauchy-32p,32,32,0.0091299443075426,100000,0.0348489368135315,,seconds,3.1948461532592773,3.1459634006023407,megabytes,88270.0,88270.0,56.0,52.285714285714285,0.110010368,0.110010368,0.8046875,0.7659598214285716,success,sinkhorn,0.001,100000
1D-exp-vs-cauchy-32p,32,32,0.0141408153375906,100000,0.1361264781931476,,seconds,3.362413167953491,3.208860645070672,megabytes,88270.0,88270.0,55.0,50.57142857142857,0.105361408,0.105361408,0.81171875,0.7500558035714286,success,sinkhorn,0.001,100000
1D-exp-vs-cauchy-32p,32,32,0.0129972691665564,100000,0.1663617702992718,,seconds,3.1692469120025635,3.0882060453295708,megabytes,88270.0,88270.0,58.0,52.5,0.105127936,0.105127936,0.78515625,0.7513020833333334,success,sinkhorn,0.001,100000
1D-exp-vs-cauchy-32p,32,32,0.0113791753063783,100000,0.1192744382948403,,seconds,3.23423171043396,3.0929784644395117,megabytes,88270.0,88270.0,58.0,51.91666666666666,0.105160704,0.105160704,0.8015625,0.7404947916666665,success,sinkhorn,0.001,100000
1D-exp-vs-cauchy-32p,32,32,0.0148961163973687,100000,0.1720804854670042,,seconds,3.4243593215942383,3.2542381528764963,megabytes,88270.0,88270.0,54.0,49.2,0.105783296,0.105783296,0.8046875,0.73203125,success,sinkhorn,0.001,100000
1D-exp-vs-cauchy-32p,32,32,0.0107060803919495,100000,0.1100028024167239,,seconds,3.298682689666748,3.2507829274982214,megabytes,88270.0,88270.0,54.0,48.06666666666667,0.105394176,0.105394176,0.81640625,0.7630729166666668,success,sinkhorn,0.001,100000
1D-exp-vs-cauchy-32p,32,32,0.0035355363271869,100000,0.6417672495531611,,seconds,3.335653066635132,3.198491683229804,megabytes,88270.0,88270.0,57.0,53.785714285714285,0.105218048,0.105218048,0.80546875,0.7331473214285714,success,sinkhorn,0.001,100000
1D-exp-vs-cauchy-32p,32,32,0.0116484719937446,100000,0.1182555272624745,,seconds,3.206732273101806,3.146170288324356,megabytes,88270.0,88270.0,56.0,50.8,0.110092288,0.110092288,0.80546875,0.7587500000000001,success,sinkhorn,0.001,100000
1D-exp-vs-cauchy-32p,32,32,0.010574472557121,100000,0.2644475094450409,,seconds,3.4389894008636475,3.2591386418789625,megabytes,88270.0,88270.0,54.0,47.0,0.105562112,0.105562112,0.80625,0.7273995535714286,success,sinkhorn,0.001,100000
1D-exp-vs-cauchy-32p,32,32,0.0142804605602966,100000,0.2452410581553758,,seconds,3.120636224746704,3.1239704713225365,megabytes,88270.0,88270.0,58.0,50.76923076923077,0.105127936,0.105127936,0.81015625,0.78125,success,sinkhorn,0.001,100000
1D-exp-vs-cauchy-32p,32,32,0.0139956126834948,100000,0.2680215741826831,,seconds,3.358912229537964,3.2544861640781164,megabytes,88270.0,88270.0,54.0,49.92857142857143,0.105168896,0.105168896,0.7921875,0.7450892857142856,success,sinkhorn,0.001,100000
1D-exp-vs-cauchy-32p,32,32,0.009972662152404,100000,0.1054314741849678,,seconds,3.444675922393799,3.2507222276180983,megabytes,88270.0,88270.0,54.0,51.07142857142857,0.10584064,0.10584064,0.80390625,0.7250558035714284,success,sinkhorn,0.001,100000
1D-exp-vs-cauchy-32p,32,32,0.0168280621240954,100000,0.1439500432557782,,seconds,3.55761456489563,3.2613558433949947,megabytes,88270.0,88270.0,54.0,51.3125,0.105787392,0.105787392,0.78984375,0.72822265625,success,sinkhorn,0.001,100000
1D-exp-vs-cauchy-32p,32,32,0.0124005063734888,100000,0.0900894185549601,,seconds,3.36628794670105,3.179401671513915,megabytes,88270.0,88270.0,58.0,47.93333333333333,0.105611264,0.105611264,0.81328125,0.7250520833333333,success,sinkhorn,0.001,100000
1D-exp-vs-cauchy-32p,32,32,0.009460516304449,100000,0.1146512660853719,,seconds,3.44085693359375,3.255034813657403,megabytes,88270.0,88270.0,54.0,50.73333333333333,0.105988096,0.105988096,0.79609375,0.7259375,success,sinkhorn,0.001,100000
1D-exp-vs-cauchy-32p,32,32,0.0063898911062706,100000,0.4017210799022042,,seconds,3.475839853286743,3.237661125138402,megabytes,88270.0,88270.0,54.0,49.266666666666666,0.10602496,0.10602496,0.80703125,0.7343229166666666,success,sinkhorn,0.001,100000
1D-exp-vs-cauchy-32p,32,32,0.0131842479884926,100000,0.2273065226197125,,seconds,3.329570770263672,3.2210498359054327,megabytes,88270.0,88270.0,58.0,47.142857142857146,0.105549824,0.105549824,0.8140625,0.7563058035714285,success,sinkhorn,0.001,100000
1D-exp-vs-cauchy-32p,32,32,0.0234453466744755,100000,0.2149883588228188,,seconds,3.300470352172852,3.11418928951025,megabytes,88270.0,88270.0,58.0,52.76923076923077,0.105832448,0.105832448,0.80625,0.7184495192307693,success,sinkhorn,0.001,100000
1D-exp-vs-cauchy-32p,32,32,0.0163145058524044,100000,0.1081743832707728,,seconds,3.677979230880737,3.284735267981887,megabytes,88270.0,88270.0,54.0,48.5625,0.106033152,0.106033152,0.8171875,0.7317871093750001,success,sinkhorn,0.001,100000
1D-exp-vs-cauchy-64p,64,64,0.006840310787035,100000,0.0346744748537574,,seconds,3.3486928939819336,3.2397808507084846,megabytes,88270.0,88270.0,55.0,50.0,0.105525248,0.105525248,0.8109375,0.7493861607142857,success,sinkhorn,0.001,100000
1D-exp-vs-cauchy-64p,64,64,0.012917448483404,100000,0.0800802459996642,,seconds,3.212472915649414,3.1949447486549616,megabytes,88270.0,88270.0,56.0,51.2,0.105611264,0.105611264,0.7796875,0.7684375,success,sinkhorn,0.001,100000
1D-exp-vs-cauchy-64p,64,64,0.0176726365328192,100000,0.0984384220429372,,seconds,3.261860609054565,3.078150372952223,megabytes,88270.0,88270.0,59.0,48.66666666666666,0.105746432,0.105746432,0.80390625,0.7232421875,success,sinkhorn,0.001,100000
1D-exp-vs-cauchy-64p,64,64,0.0153339611985707,100000,0.1041283102215956,,seconds,3.2818284034729004,3.0947945341467857,megabytes,88270.0,88270.0,58.0,50.0,0.106221568,0.106221568,0.7875,0.7155048076923076,success,sinkhorn,0.001,100000
1D-exp-vs-cauchy-64p,64,64,0.0091811971255335,100000,0.1801985530522456,,seconds,3.2224338054656982,3.1775906905531883,megabytes,88270.0,88270.0,56.0,50.2,0.105721856,0.105721856,0.784375,0.76171875,success,sinkhorn,0.001,100000
1D-exp-vs-cauchy-64p,64,64,0.030381005313063,100000,0.1432452016702356,,seconds,3.226604461669922,3.157749542966485,megabytes,88270.0,88270.0,56.0,50.53333333333333,0.10571776,0.10571776,0.80390625,0.7616666666666667,success,sinkhorn,0.001,100000
1D-exp-vs-cauchy-64p,64,64,0.0152185119685187,100000,0.0909693302433655,,seconds,3.1371266841888428,3.0770261213183403,megabytes,88270.0,88270.0,58.0,52.16666666666666,0.105521152,0.105521152,0.81328125,0.7667317708333333,success,sinkhorn,0.001,100000
1D-exp-vs-cauchy-64p,64,64,0.0157791168800679,100000,0.1219506687347309,,seconds,3.204404354095459,3.1853538937866688,megabytes,88270.0,88270.0,56.0,51.07142857142857,0.105648128,0.105648128,0.80078125,0.7704799107142856,success,sinkhorn,0.001,100000
1D-exp-vs-cauchy-64p,64,64,0.0086794516493307,100000,0.2005470604621291,,seconds,3.2305591106414795,3.0843245796859264,megabytes,88270.0,88270.0,57.0,51.285714285714285,0.110481408,0.110481408,0.78359375,0.7445870535714285,success,sinkhorn,0.001,100000
1D-exp-vs-cauchy-64p,64,64,0.002965254741489,100000,0.3960158877546578,,seconds,3.3327908515930176,3.20289446413517,megabytes,88270.0,88270.0,55.0,52.2,0.1056768,0.1056768,0.80625,0.7442708333333334,success,sinkhorn,0.001,100000
1D-exp-vs-cauchy-64p,64,64,0.0132793608768276,100000,0.1644703502117759,,seconds,3.209670066833496,3.1797486525028944,megabytes,88270.0,88270.0,55.0,49.06666666666667,0.105545728,0.105545728,0.815625,0.7756770833333334,success,sinkhorn,0.001,100000
1D-exp-vs-cauchy-64p,64,64,0.0139261655674129,100000,0.1510820792642756,,seconds,3.1758270263671875,3.063661534339189,megabytes,88270.0,88270.0,58.0,51.92857142857143,0.1103872,0.1103872,0.81640625,0.7579799107142857,success,sinkhorn,0.001,100000
1D-exp-vs-cauchy-64p,64,64,0.005220939658863,100000,0.2901767242538217,,seconds,3.3193142414093018,3.1742090471088886,megabytes,88270.0,88270.0,56.0,50.06666666666667,0.10559488,0.10559488,0.80234375,0.7513541666666668,success,sinkhorn,0.001,100000
1D-exp-vs-cauchy-64p,64,64,0.0088884522262289,100000,0.2232468081880288,,seconds,3.356468915939331,3.1775823533535004,megabytes,88270.0,88270.0,56.0,51.266666666666666,0.105938944,0.105938944,0.79765625,0.7291666666666667,success,sinkhorn,0.001,100000
1D-exp-vs-cauchy-64p,64,64,0.0074262541133728,100000,0.2436160688154607,,seconds,3.164013385772705,3.167979022487998,megabytes,88270.0,88270.0,56.0,50.642857142857146,0.105418752,0.105418752,0.81171875,0.7741071428571428,success,sinkhorn,0.001,100000
1D-exp-vs-cauchy-64p,64,64,0.0125826613353502,100000,0.0750253681689343,,seconds,3.291998863220215,3.136982658877969,megabytes,88270.0,88270.0,59.0,51.42857142857143,0.10545152,0.10545152,0.7890625,0.7333147321428571,success,sinkhorn,0.001,100000
1D-exp-vs-cauchy-64p,64,64,0.0108723339777783,100000,0.0763136141325676,,seconds,3.2691149711608887,3.149235201999545,megabytes,88270.0,88270.0,57.0,48.53333333333333,0.105566208,0.105566208,0.8078125,0.7541145833333333,success,sinkhorn,0.001,100000
1D-exp-vs-cauchy-64p,64,64,0.0182649038926926,100000,0.0934502078609068,,seconds,3.274273157119751,3.0955372899770737,megabytes,88270.0,88270.0,57.0,51.06666666666667,0.110862336,0.110862336,0.81875,0.7339062499999999,success,sinkhorn,0.001,100000
1D-exp-vs-cauchy-64p,64,64,0.0130200577266584,100000,0.1878051693154592,,seconds,3.2831010818481445,3.163161864504218,megabytes,88270.0,88270.0,56.0,51.266666666666666,0.105603072,0.105603072,0.80390625,0.7508854166666665,success,sinkhorn,0.001,100000
1D-exp-vs-cauchy-64p,64,64,0.0038222720508676,100000,0.4578097831312445,,seconds,3.275087833404541,3.186236198991537,megabytes,88270.0,88270.0,56.0,48.642857142857146,0.105508864,0.105508864,0.79453125,0.7513392857142858,success,sinkhorn,0.001,100000
1D-exp-vs-cauchy-64p,64,64,0.0088803933469631,100000,0.09267827811456,,seconds,3.23198676109314,3.076206738129258,megabytes,88270.0,88270.0,58.0,51.15384615384615,0.105381888,0.105381888,0.78984375,0.7382211538461537,success,sinkhorn,0.001,100000
1D-exp-vs-cauchy-64p,64,64,0.0137860373090162,100000,0.117285617051152,,seconds,3.0966413021087646,3.056702757254243,megabytes,88270.0,88270.0,59.0,53.083333333333336,0.105172992,0.105172992,0.80625,0.7671223958333334,success,sinkhorn,0.001,100000
1D-exp-vs-cauchy-64p,64,64,0.0162527931035431,100000,0.1216128071465634,,seconds,3.308598041534424,3.1720039565116167,megabytes,88270.0,88270.0,56.0,49.642857142857146,0.107126784,0.107126784,0.8109375,0.7442522321428572,success,sinkhorn,0.001,100000
1D-exp-vs-cauchy-64p,64,64,0.0097103992808322,100000,0.0839383724640581,,seconds,3.2066924571990967,3.186076357960701,megabytes,88270.0,88270.0,56.0,50.93333333333333,0.10706944,0.10706944,0.79921875,0.7717187499999999,success,sinkhorn,0.001,100000
1D-exp-vs-cauchy-64p,64,64,0.0122322762273004,100000,0.1726978714566757,,seconds,3.325712203979492,3.165374720469117,megabytes,88270.0,88270.0,56.0,50.6,0.10727424,0.10727424,0.80078125,0.7364583333333333,success,sinkhorn,0.001,100000
1D-exp-vs-cauchy-64p,64,64,0.0111265398339068,100000,0.0724625713186735,,seconds,3.285507917404175,3.188932003453374,megabytes,88270.0,88270.0,56.0,50.0,0.106602496,0.106602496,0.8140625,0.7599888392857143,success,sinkhorn,0.001,100000
1D-exp-vs-cauchy-64p,64,64,0.0096692182373688,100000,0.2072863223546083,,seconds,3.1846020221710205,3.07569545134902,megabytes,88270.0,88270.0,57.0,52.38461538461539,0.111570944,0.111570944,0.80625,0.7496995192307694,success,sinkhorn,0.001,100000
1D-exp-vs-cauchy-64p,64,64,0.0092848291103677,100000,0.0872167789906232,,seconds,3.255828380584717,3.1816075537353754,megabytes,88270.0,88270.0,56.0,51.0,0.106827776,0.106827776,0.8125,0.7628125,success,sinkhorn,0.001,100000
1D-exp-vs-cauchy-64p,64,64,0.0389032474690493,100000,0.0880139097246132,,seconds,3.2632699012756348,3.117651104927063,megabytes,88270.0,88270.0,58.0,52.85714285714285,0.10674176,0.10674176,0.8171875,0.7448102678571429,success,sinkhorn,0.001,100000
1D-exp-vs-cauchy-64p,64,64,0.0208789512937984,100000,0.1501854085323872,,seconds,3.522369384765625,3.186048651114106,megabytes,88270.0,88270.0,56.0,48.25,0.107470848,0.107470848,0.81875,0.7373046875,success,sinkhorn,0.001,100000
1D-exp-vs-cauchy-64p,64,64,0.0099778519210192,100000,0.0877261452526301,,seconds,3.29990816116333,3.1155424304306507,megabytes,88270.0,88270.0,58.0,48.71428571428572,0.107098112,0.107098112,0.8015625,0.7224330357142856,success,sinkhorn,0.001,100000
1D-exp-vs-cauchy-128p,128,128,0.019563403827975,100000,0.1095107232324292,,seconds,3.3396828174591064,3.2336430735886097,megabytes,88270.0,88270.0,55.0,52.86666666666667,0.10655744,0.10655744,0.803125,0.7523958333333333,success,sinkhorn,0.001,100000
1D-exp-vs-cauchy-128p,128,128,0.0078693455717607,100000,0.1418668456999341,,seconds,3.331118583679199,3.164775332435965,megabytes,88270.0,88270.0,56.0,49.92857142857143,0.111874048,0.111874048,0.8046875,0.7267857142857144,success,sinkhorn,0.001,100000
1D-exp-vs-cauchy-128p,128,128,0.0036540220405713,100000,0.3248047722900806,,seconds,3.2292020320892334,3.20245498418808,megabytes,88270.0,88270.0,56.0,48.66666666666666,0.106573824,0.106573824,0.815625,0.7694791666666666,success,sinkhorn,0.001,100000
1D-exp-vs-cauchy-128p,128,128,0.0138281730615049,100000,0.1088330856305088,,seconds,3.327134609222412,3.2326167542487383,megabytes,88270.0,88270.0,55.0,50.71428571428572,0.106459136,0.106459136,0.80078125,0.7602120535714285,success,sinkhorn,0.001,100000
1D-exp-vs-cauchy-128p,128,128,0.0135459131386915,100000,0.133599207049062,,seconds,3.3773038387298584,3.2084563449025154,megabytes,88270.0,88270.0,59.0,51.85714285714285,0.10676224,0.10676224,0.79296875,0.7291852678571428,success,sinkhorn,0.001,100000
1D-exp-vs-cauchy-128p,128,128,0.0122387465816193,100000,0.0548561571080463,,seconds,3.294069528579712,3.223289802670479,megabytes,88270.0,88270.0,55.0,47.6,0.106524672,0.106524672,0.80859375,0.7545833333333334,success,sinkhorn,0.001,100000
1D-exp-vs-cauchy-128p,128,128,0.0151119654497703,100000,0.0707594032328948,,seconds,3.562462329864502,3.2365719377994537,megabytes,88270.0,88270.0,55.0,52.1875,0.107220992,0.107220992,0.8125,0.7330078125,success,sinkhorn,0.001,100000
1D-exp-vs-cauchy-128p,128,128,0.0131872246171657,100000,0.1164976292685517,,seconds,3.429504871368408,3.22520324587822,megabytes,88270.0,88270.0,55.0,48.2,0.106795008,0.106795008,0.81171875,0.7303645833333333,success,sinkhorn,0.001,100000
1D-exp-vs-cauchy-128p,128,128,0.0152340140908011,100000,0.0640747353867416,,seconds,3.3306851387023926,3.1991321220994,megabytes,88270.0,88270.0,56.0,48.0,0.106156032,0.106156032,0.815625,0.7505208333333333,success,sinkhorn,0.001,100000
1D-exp-vs-cauchy-128p,128,128,0.0265820586901624,100000,0.1041198389435876,,seconds,3.365739345550537,3.192798124626279,megabytes,88270.0,88270.0,56.0,50.785714285714285,0.106074112,0.106074112,0.81171875,0.7513950892857144,success,sinkhorn,0.001,100000
1D-exp-vs-cauchy-128p,128,128,0.0052413845003852,100000,0.2091131552766149,,seconds,3.2906641960144043,3.093051537871361,megabytes,88270.0,88270.0,57.0,51.8,0.111767552,0.111767552,0.80859375,0.7258854166666667,success,sinkhorn,0.001,100000
1D-exp-vs-cauchy-128p,128,128,0.0113476953400699,100000,0.0494152646671975,,seconds,3.19128155708313,3.151812357828021,megabytes,88270.0,88270.0,59.0,51.84615384615385,0.1060864,0.1060864,0.8015625,0.7729567307692308,success,sinkhorn,0.001,100000
1D-exp-vs-cauchy-128p,128,128,0.0117381123660515,100000,0.1224274212800001,,seconds,3.236783027648926,3.154585989192128,megabytes,88270.0,88270.0,59.0,51.07142857142857,0.106119168,0.106119168,0.80390625,0.7542968750000002,success,sinkhorn,0.001,100000
1D-exp-vs-cauchy-128p,128,128,0.0098644281591113,100000,0.1462733091578001,,seconds,3.335000276565552,3.163404703140259,megabytes,88270.0,88270.0,56.0,50.06666666666667,0.111120384,0.111120384,0.81796875,0.7539583333333333,success,sinkhorn,0.001,100000
1D-exp-vs-cauchy-128p,128,128,0.0174923120988941,100000,0.0653464576776928,,seconds,3.1967248916625977,3.0625546276569366,megabytes,88270.0,88270.0,60.0,55.91666666666666,0.10586112,0.10586112,0.78359375,0.7335937499999999,success,sinkhorn,0.001,100000
1D-exp-vs-cauchy-128p,128,128,0.0071204734961083,100000,0.1757060215804463,,seconds,3.181487560272217,3.13934338837862,megabytes,88270.0,88270.0,56.0,49.07142857142857,0.111140864,0.111140864,0.80078125,0.7631138392857143,success,sinkhorn,0.001,100000
1D-exp-vs-cauchy-128p,128,128,0.0190040105360769,100000,0.0683083370182175,,seconds,3.306455612182617,3.2423904314637184,megabytes,88270.0,88270.0,55.0,49.66666666666666,0.106094592,0.106094592,0.81171875,0.7715624999999999,success,sinkhorn,0.001,100000
1D-exp-vs-cauchy-128p,128,128,0.0098264805851585,100000,0.0642558189653514,,seconds,3.235081911087036,3.176333526149392,megabytes,88270.0,88270.0,56.0,51.785714285714285,0.106135552,0.106135552,0.81171875,0.7674107142857143,success,sinkhorn,0.001,100000
1D-exp-vs-cauchy-128p,128,128,0.0165041722913691,100000,0.0868577918464598,,seconds,3.2658843994140625,3.236391868442297,megabytes,88270.0,88270.0,55.0,49.93333333333333,0.106221568,0.106221568,0.81484375,0.7733854166666667,success,sinkhorn,0.001,100000
1D-exp-vs-cauchy-128p,128,128,0.0072452733159403,100000,0.158394903206965,,seconds,3.2772655487060547,3.1905375588685274,megabytes,88270.0,88270.0,56.0,52.13333333333333,0.106233856,0.106233856,0.809375,0.7601562500000002,success,sinkhorn,0.001,100000
1D-exp-vs-cauchy-128p,128,128,0.0124544539651238,100000,0.053596198342445,,seconds,3.421114921569824,3.2272757217288017,megabytes,88270.0,88270.0,55.0,51.333333333333336,0.106262528,0.106262528,0.8109375,0.7407291666666665,success,sinkhorn,0.001,100000
1D-exp-vs-cauchy-128p,128,128,0.0099593420445337,100000,0.0582974610952702,,seconds,3.3388514518737797,3.225175874307752,megabytes,88270.0,88270.0,58.0,48.0,0.112287744,0.112287744,0.79921875,0.7392857142857141,success,sinkhorn,0.001,100000
1D-exp-vs-cauchy-128p,128,128,0.0144245279433187,100000,0.0830369305666362,,seconds,3.2581560611724854,3.0935745649039745,megabytes,88270.0,88270.0,59.0,54.15384615384615,0.111763456,0.111763456,0.79296875,0.7202524038461539,success,sinkhorn,0.001,100000
1D-exp-vs-cauchy-128p,128,128,0.0097069094773293,100000,0.0598711464504424,,seconds,3.258720636367798,3.236811600625515,megabytes,88270.0,88270.0,55.0,48.75,0.103661568,0.103661568,0.80234375,0.7747395833333334,success,sinkhorn,0.001,100000
1D-exp-vs-cauchy-128p,128,128,0.0157828220671939,100000,0.0895704679469067,,seconds,3.366506338119507,3.1665776390582323,megabytes,88270.0,88270.0,56.0,50.86666666666667,0.100667392,0.100667392,0.809375,0.7328125,success,sinkhorn,0.001,100000
1D-exp-vs-cauchy-128p,128,128,0.0112454537467776,100000,0.0532340071280746,,seconds,3.4136834144592285,3.2446905747056007,megabytes,88270.0,88270.0,55.0,51.285714285714285,0.112304128,0.112304128,0.8078125,0.740625,success,sinkhorn,0.001,100000
1D-exp-vs-cauchy-128p,128,128,0.0387359346133532,100000,0.0877207962876821,,seconds,3.370882987976074,3.228644961491227,megabytes,88270.0,88270.0,55.0,49.71428571428572,0.106278912,0.106278912,0.803125,0.7313616071428573,success,sinkhorn,0.001,100000
1D-exp-vs-cauchy-128p,128,128,0.0028277665554561,100000,0.2807554352721479,,seconds,3.457117319107056,3.232485542073846,megabytes,88270.0,88270.0,55.0,49.42857142857143,0.100204544,0.100204544,0.8171875,0.7286830357142858,success,sinkhorn,0.001,100000
1D-exp-vs-cauchy-128p,128,128,0.0104627296885702,100000,0.1278909956256189,,seconds,3.4290149211883545,3.2178394086658955,megabytes,88270.0,88270.0,55.0,54.85714285714285,0.1005568,0.1005568,0.81015625,0.7285714285714285,success,sinkhorn,0.001,100000
1D-exp-vs-cauchy-128p,128,128,0.0068522576483909,100000,0.0219256774630934,,seconds,3.281733989715576,3.241508364677429,megabytes,88270.0,88270.0,55.0,48.61538461538461,0.100057088,0.100057088,0.815625,0.7796875000000001,success,sinkhorn,0.001,100000
1D-exp-vs-cauchy-128p,128,128,0.0094966282589803,100000,0.0637321454943057,,seconds,3.3718132972717285,3.1688105538487434,megabytes,88270.0,88270.0,56.0,51.61538461538461,0.10512384,0.10512384,0.80859375,0.7363581730769231,success,sinkhorn,0.001,100000
1D-exp-vs-cauchy-256p,256,256,0.0140115782701956,100000,0.0942725855262487,,seconds,3.4688868522644043,3.347075989469886,megabytes,88270.0,88270.0,55.0,51.142857142857146,0.10022912,0.10022912,0.80625,0.7523437499999998,success,sinkhorn,0.001,100000
1D-exp-vs-cauchy-256p,256,256,0.0099868683820168,100000,0.0413593302766959,,seconds,3.8982222080230713,3.7983849067240953,megabytes,88270.0,88270.0,50.0,45.0,0.100319232,0.100319232,0.80234375,0.766845703125,success,sinkhorn,0.001,100000
1D-exp-vs-cauchy-256p,256,256,0.0192289310036925,100000,0.077958646349827,,seconds,3.600447654724121,3.401275407522917,megabytes,88270.0,88270.0,54.0,49.13333333333333,0.100278272,0.100278272,0.8015625,0.73859375,success,sinkhorn,0.001,100000
1D-exp-vs-cauchy-256p,256,256,0.0144176707752032,100000,0.0587648161314874,,seconds,3.869627475738525,3.784238947555423,megabytes,88270.0,88270.0,50.0,47.46666666666667,0.100282368,0.100282368,0.80078125,0.7710416666666667,success,sinkhorn,0.001,100000
1D-exp-vs-cauchy-256p,256,256,0.0148289527616509,100000,0.0487100370654935,,seconds,3.4837324619293213,3.393524594604969,megabytes,88270.0,88270.0,54.0,49.21428571428572,0.1001472,0.1001472,0.809375,0.7637276785714286,success,sinkhorn,0.001,100000
1D-exp-vs-cauchy-256p,256,256,0.0152430544337891,100000,0.045206850751495,,seconds,4.148867607116699,3.900439480319619,megabytes,88270.0,88270.0,49.0,43.8125,0.100388864,0.100388864,0.8140625,0.74521484375,success,sinkhorn,0.001,100000
1D-exp-vs-cauchy-256p,256,256,0.0275065795155575,100000,0.0715758166984592,,seconds,3.280731439590454,3.2706958763301373,megabytes,88270.0,88270.0,56.0,50.84615384615385,0.100143104,0.100143104,0.79921875,0.7786658653846155,success,sinkhorn,0.001,100000
1D-exp-vs-cauchy-256p,256,256,0.0096843173437813,100000,0.0411455658733571,,seconds,3.863516092300415,3.741358513012528,megabytes,88270.0,88270.0,56.0,46.73333333333333,0.100225024,0.100225024,0.8078125,0.7540104166666666,success,sinkhorn,0.001,100000
1D-exp-vs-cauchy-256p,256,256,0.011034654663346,100000,0.0378693443832203,,seconds,3.2739953994750977,3.222123136743903,megabytes,88270.0,88270.0,58.0,52.41666666666666,0.09996288,0.09996288,0.80859375,0.7729166666666667,success,sinkhorn,0.001,100000
1D-exp-vs-cauchy-256p,256,256,0.0133713391171411,100000,0.0778867169369568,,seconds,4.146544933319092,3.9433896094560623,megabytes,88270.0,88270.0,48.0,44.57142857142857,0.100184064,0.100184064,0.80390625,0.7359933035714287,success,sinkhorn,0.001,100000
1D-exp-vs-cauchy-256p,256,256,0.0122435373170622,100000,0.0855487038877138,,seconds,3.963345766067505,3.814652550965548,megabytes,88270.0,88270.0,49.0,44.92307692307692,0.100069376,0.100069376,0.7890625,0.7443509615384615,success,sinkhorn,0.001,100000
1D-exp-vs-cauchy-256p,256,256,0.0098662897610814,100000,0.1038254233907732,,seconds,4.043690919876099,3.791419453918934,megabytes,88270.0,88270.0,50.0,45.5,0.100265984,0.100265984,0.796875,0.73779296875,success,sinkhorn,0.001,100000
1D-exp-vs-cauchy-256p,256,256,0.0119524472090526,100000,0.0397575736533788,,seconds,4.019164323806763,3.788481825962663,megabytes,88270.0,88270.0,50.0,46.0,0.100319232,0.100319232,0.81484375,0.743310546875,success,sinkhorn,0.001,100000
1D-exp-vs-cauchy-256p,256,256,0.0386497194148778,100000,0.064559075537867,,seconds,3.7837111949920654,3.7504517175257206,megabytes,88270.0,88270.0,50.0,44.4,0.100278272,0.100278272,0.81171875,0.77890625,success,sinkhorn,0.001,100000
1D-exp-vs-cauchy-256p,256,256,0.005016593964123,100000,0.1495447885504115,,seconds,3.4801156520843506,3.454139480367303,megabytes,88270.0,88270.0,57.0,49.833333333333336,0.099991552,0.099991552,0.8109375,0.7750651041666669,success,sinkhorn,0.001,100000
1D-exp-vs-cauchy-256p,256,256,0.016515058719724,100000,0.0612739850146299,,seconds,3.5960075855255127,3.500548804178834,megabytes,88270.0,88270.0,53.0,49.0,0.105259008,0.105259008,0.803125,0.7587611607142858,success,sinkhorn,0.001,100000
1D-exp-vs-cauchy-256p,256,256,0.00366433419925,100000,0.2306510072369265,,seconds,3.808830499649048,3.671110907569528,megabytes,88270.0,88270.0,51.0,46.333333333333336,0.100192256,0.100192256,0.7953125,0.7428124999999999,success,sinkhorn,0.001,100000
1D-exp-vs-cauchy-256p,256,256,0.0094607205764907,100000,0.0446439206820988,,seconds,3.674358606338501,3.54206357896328,megabytes,88270.0,88270.0,53.0,49.46666666666667,0.100093952,0.100093952,0.8109375,0.7496875,success,sinkhorn,0.001,100000
1D-exp-vs-cauchy-256p,256,256,0.009652272236415,100000,0.0450904868803662,,seconds,3.613184690475464,3.360151892527938,megabytes,88270.0,88270.0,58.0,51.46153846153846,0.105484288,0.105484288,0.8015625,0.7260817307692309,success,sinkhorn,0.001,100000
1D-exp-vs-cauchy-256p,256,256,0.0189882042344995,100000,0.0477379240191535,,seconds,3.497586488723755,3.398998357355594,megabytes,88270.0,88270.0,58.0,54.84615384615385,0.099909632,0.099909632,0.803125,0.7468149038461539,success,sinkhorn,0.001,100000
1D-exp-vs-cauchy-256p,256,256,0.0078124889051533,100000,0.1115150263750198,,seconds,3.9357776641845694,3.8202212788164616,megabytes,88270.0,88270.0,50.0,46.46666666666667,0.100036608,0.100036608,0.80625,0.7533854166666667,success,sinkhorn,0.001,100000
1D-exp-vs-cauchy-256p,256,256,0.0067595856260367,100000,0.0148286588644668,,seconds,3.895033597946167,3.7582217548042536,megabytes,88270.0,88270.0,55.0,43.2,0.10006528,0.10006528,0.8078125,0.7508854166666666,success,sinkhorn,0.001,100000
1D-exp-vs-cauchy-256p,256,256,0.0114184513795466,100000,0.0344579631541984,,seconds,3.66584849357605,3.61081418953836,megabytes,88270.0,88270.0,52.0,48.0,0.100405248,0.100405248,0.80390625,0.7643973214285714,success,sinkhorn,0.001,100000
1D-exp-vs-cauchy-256p,256,256,0.0174888114404159,100000,0.0459878464327928,,seconds,3.9783902168273926,3.776113379746676,megabytes,88270.0,88270.0,50.0,46.35714285714285,0.100376576,0.100376576,0.7953125,0.7444754464285716,success,sinkhorn,0.001,100000
1D-exp-vs-cauchy-256p,256,256,0.0066105280166747,100000,0.1252461464068606,,seconds,3.842395305633545,3.671769849956036,megabytes,88270.0,88270.0,51.0,49.71428571428572,0.100376576,0.100376576,0.8015625,0.7429687500000001,success,sinkhorn,0.001,100000
1D-exp-vs-cauchy-256p,256,256,0.0028789426500318,100000,0.1991738390352432,,seconds,3.911912202835083,3.887997886165977,megabytes,88270.0,88270.0,52.0,45.8125,0.100499456,0.100499456,0.81640625,0.7849609375000001,success,sinkhorn,0.001,100000
1D-exp-vs-cauchy-256p,256,256,0.0158472186662073,100000,0.0635901911050768,,seconds,3.925762891769409,3.757333606481552,megabytes,88270.0,88270.0,50.0,45.8235294117647,0.180854784,0.180854784,0.80234375,0.7380974264705882,success,sinkhorn,0.001,100000
1D-exp-vs-cauchy-256p,256,256,0.012070195173788,100000,0.0377338937787547,,seconds,3.813663482666016,3.740162242203951,megabytes,88270.0,88270.0,56.0,45.0625,0.100511744,0.100511744,0.8015625,0.7653808593749999,success,sinkhorn,0.001,100000
1D-exp-vs-cauchy-256p,256,256,0.0132094714767855,100000,0.0824593877225781,,seconds,4.059756278991699,3.771517548710108,megabytes,88270.0,88270.0,50.0,46.8125,0.100470784,0.100470784,0.803125,0.7319824218750001,success,sinkhorn,0.001,100000
1D-exp-vs-cauchy-256p,256,256,0.0100794379496286,100000,0.0903182518975827,,seconds,3.9772331714630127,3.8474119398742914,megabytes,88270.0,88270.0,49.0,44.88235294117647,0.180830208,0.180830208,0.79296875,0.7451746323529411,success,sinkhorn,0.001,100000
1D-exp-vs-cauchy-256p,256,256,0.0079154115520374,100000,0.1003560482715761,,seconds,3.6755542755126953,3.676332950592041,megabytes,88270.0,88270.0,51.0,47.4375,0.105500672,0.105500672,0.81171875,0.7801269531250001,success,sinkhorn,0.001,100000
1D-exp-vs-cauchy-512p,512,512,0.005091082634109,100000,0.1057741910091206,,seconds,4.194590091705322,3.9309173077344894,megabytes,88270.0,88270.0,59.0,53.875,0.101781504,0.101781504,0.8015625,0.7442382812499999,success,sinkhorn,0.001,100000
1D-exp-vs-cauchy-512p,512,512,0.015918891508655,100000,0.0449099529926271,,seconds,4.142420291900635,4.013756114989519,megabytes,88270.0,88270.0,57.0,52.72222222222222,0.182259712,0.182259712,0.80078125,0.754079861111111,success,sinkhorn,0.001,100000
1D-exp-vs-cauchy-512p,512,512,0.0093163097117388,100000,0.0316043111766972,,seconds,4.13468337059021,3.9598374515771866,megabytes,88270.0,88270.0,59.0,53.47058823529412,0.18233344,0.18233344,0.80078125,0.7375919117647057,success,sinkhorn,0.001,100000
1D-exp-vs-cauchy-512p,512,512,0.038566704291173,100000,0.0460975880036895,,seconds,4.112729549407959,4.017585679888725,megabytes,88270.0,88270.0,57.0,53.11111111111112,0.182181888,0.182181888,0.8125,0.7611545138888888,success,sinkhorn,0.001,100000
1D-exp-vs-cauchy-512p,512,512,0.0101032970298587,100000,0.0291168080842673,,seconds,4.006850242614746,3.953708946704865,megabytes,88270.0,88270.0,59.0,54.0,0.101777408,0.101777408,0.80546875,0.774462890625,success,sinkhorn,0.001,100000
1D-exp-vs-cauchy-512p,512,512,0.0037301378910005,100000,0.1643768816119137,,seconds,4.00758171081543,3.9989280737936497,megabytes,88270.0,88270.0,57.0,52.0,0.182157312,0.182157312,0.8203125,0.7825520833333333,success,sinkhorn,0.001,100000
1D-exp-vs-cauchy-512p,512,512,0.0152715202416942,100000,0.0318852380886342,,seconds,4.0910186767578125,3.9795294292271137,megabytes,88270.0,88270.0,59.0,53.0,0.182009856,0.182009856,0.79921875,0.7585477941176472,success,sinkhorn,0.001,100000
1D-exp-vs-cauchy-512p,512,512,0.006746474491932,100000,0.0105430574971234,,seconds,3.944100379943848,3.920560222119093,megabytes,88270.0,88270.0,59.0,55.0,0.10176512,0.10176512,0.79921875,0.7777604166666665,success,sinkhorn,0.001,100000
1D-exp-vs-cauchy-512p,512,512,0.0132523521593366,100000,0.0583144649971486,,seconds,4.020586252212524,3.901617551222444,megabytes,88270.0,88270.0,59.0,53.5,0.106786816,0.106786816,0.80390625,0.7621582031249998,success,sinkhorn,0.001,100000
1D-exp-vs-cauchy-512p,512,512,0.0120071192079934,100000,0.0280840850386185,,seconds,4.093459129333496,3.946586942300201,megabytes,88270.0,88270.0,59.0,51.35294117647059,0.182157312,0.182157312,0.80625,0.7465533088235294,success,sinkhorn,0.001,100000
1D-exp-vs-cauchy-512p,512,512,0.0111016093734213,100000,0.02672753558607,,seconds,4.217164039611816,4.065206967294216,megabytes,88270.0,88270.0,56.0,51.21052631578947,0.182243328,0.182243328,0.81640625,0.7494654605263159,success,sinkhorn,0.001,100000
1D-exp-vs-cauchy-512p,512,512,0.007660841736086,100000,0.0790782247766205,,seconds,4.160629510879517,4.0807479824870825,megabytes,88270.0,88270.0,56.0,50.10526315789474,0.182202368,0.182202368,0.81875,0.770189144736842,success,sinkhorn,0.001,100000
1D-exp-vs-cauchy-512p,512,512,0.0112824668304269,100000,0.0245362433416944,,seconds,4.191007852554321,4.043936504051089,megabytes,88270.0,88270.0,57.0,53.4375,0.101761024,0.101761024,0.80546875,0.7638671875,success,sinkhorn,0.001,100000
1D-exp-vs-cauchy-512p,512,512,0.0122770982458774,100000,0.0607839472093971,,seconds,4.2152934074401855,4.060797765851021,megabytes,88270.0,88270.0,56.0,52.0,0.182059008,0.182059008,0.8078125,0.7478732638888891,success,sinkhorn,0.001,100000
1D-exp-vs-cauchy-512p,512,512,0.0194243767675079,100000,0.0543754198888611,,seconds,4.077607154846191,4.074147364124656,megabytes,88270.0,88270.0,56.0,52.888888888888886,0.182198272,0.182198272,0.8125,0.7767795138888888,success,sinkhorn,0.001,100000
1D-exp-vs-cauchy-512p,512,512,0.0131889014267411,100000,0.0551877447271132,,seconds,3.9461419582366943,3.9161672852933407,megabytes,88270.0,88270.0,58.0,53.70588235294117,0.1869824,0.1869824,0.81328125,0.7764246323529411,success,sinkhorn,0.001,100000
1D-exp-vs-cauchy-512p,512,512,0.0119345712147163,100000,0.0268092548951276,,seconds,4.226593971252441,4.002516841515899,megabytes,88270.0,88270.0,57.0,52.89473684210526,0.18210816,0.18210816,0.8140625,0.7502878289473685,success,sinkhorn,0.001,100000
1D-exp-vs-cauchy-512p,512,512,0.0097007394919704,100000,0.0290512211600401,,seconds,4.051026105880737,4.018302531912923,megabytes,88270.0,88270.0,57.0,54.16666666666666,0.18229248,0.18229248,0.790625,0.7698784722222222,success,sinkhorn,0.001,100000
1D-exp-vs-cauchy-512p,512,512,0.0142651286648388,100000,0.0412459404815493,,seconds,4.047060489654541,4.019707890227437,megabytes,88270.0,88270.0,59.0,52.47058823529412,0.182235136,0.182235136,0.809375,0.7753216911764705,success,sinkhorn,0.001,100000
1D-exp-vs-cauchy-512p,512,512,0.0066563993065631,100000,0.0888114695466215,,seconds,4.053620338439941,4.052620701491833,megabytes,88270.0,88270.0,56.0,51.52941176470589,0.182235136,0.182235136,0.81015625,0.7810661764705883,success,sinkhorn,0.001,100000
1D-exp-vs-cauchy-512p,512,512,0.0079932258049702,100000,0.0709486607292641,,seconds,4.217367172241211,4.0728516429662704,megabytes,88270.0,88270.0,56.0,52.42105263157895,0.182255616,0.182255616,0.803125,0.7474506578947369,success,sinkhorn,0.001,100000
1D-exp-vs-cauchy-512p,512,512,0.0176408192107545,100000,0.0327956927756775,,seconds,4.270086765289307,4.053079018369317,megabytes,88270.0,88270.0,56.0,51.16666666666666,0.182444032,0.182444032,0.8125,0.7389756944444444,success,sinkhorn,0.001,100000
1D-exp-vs-cauchy-512p,512,512,0.0165733919568176,100000,0.0429540734417802,,seconds,3.928719520568848,3.904177723452449,megabytes,88270.0,88270.0,59.0,52.86666666666667,0.10180608,0.10180608,0.8109375,0.773125,success,sinkhorn,0.001,100000
1D-exp-vs-cauchy-512p,512,512,0.0148503125776564,100000,0.0348844413790522,,seconds,4.0346081256866455,3.921985302120447,megabytes,88270.0,88270.0,58.0,53.888888888888886,0.187113472,0.187113472,0.81640625,0.7579427083333334,success,sinkhorn,0.001,100000
1D-exp-vs-cauchy-512p,512,512,0.01408681242509,100000,0.0665667607556795,,seconds,4.171473026275635,4.0124380346387625,megabytes,88270.0,88270.0,57.0,51.61111111111112,0.182321152,0.182321152,0.80859375,0.7454427083333334,success,sinkhorn,0.001,100000
1D-exp-vs-cauchy-512p,512,512,0.0097959097219946,100000,0.0319928770049686,,seconds,4.221258640289307,4.009310768917203,megabytes,88270.0,88270.0,58.0,53.625,0.10180608,0.10180608,0.803125,0.7488769531250001,success,sinkhorn,0.001,100000
1D-exp-vs-cauchy-512p,512,512,0.002929221622905,100000,0.1418654944408045,,seconds,4.063873767852783,4.018856940791011,megabytes,88270.0,88270.0,57.0,53.388888888888886,0.182243328,0.182243328,0.8171875,0.7767795138888888,success,sinkhorn,0.001,100000
1D-exp-vs-cauchy-512p,512,512,0.009898122928969,100000,0.0735849058423255,,seconds,4.120912551879883,4.012682311236858,megabytes,88270.0,88270.0,58.0,54.5,0.182136832,0.182136832,0.81796875,0.7523003472222223,success,sinkhorn,0.001,100000
1D-exp-vs-cauchy-512p,512,512,0.0274687195114468,100000,0.0503627027359077,,seconds,4.111436128616333,3.921984199434519,megabytes,88270.0,88270.0,59.0,56.35294117647059,0.187392,0.187392,0.8125,0.7366727941176471,success,sinkhorn,0.001,100000
1D-exp-vs-cauchy-512p,512,512,0.0188584920684117,100000,0.0334584606043808,,seconds,4.176828384399414,4.003583481535316,megabytes,88270.0,88270.0,60.0,52.55555555555556,0.182267904,0.182267904,0.8171875,0.7424913194444444,success,sinkhorn,0.001,100000
1D-exp-vs-cauchy-512p,512,512,0.010149871896602,100000,0.0638108235596251,,seconds,3.984806776046753,3.906160790473223,megabytes,88270.0,88270.0,59.0,53.44444444444444,0.187375616,0.187375616,0.80234375,0.7584201388888889,success,sinkhorn,0.001,100000
1D-exp-vs-cauchy-1024p,1024,1024,0.00505213942045,100000,0.0749312533039487,,seconds,4.280648231506348,4.090585745871067,megabytes,88270.0,88270.0,59.0,53.22222222222222,0.1809408,0.1809408,0.80859375,0.7357204861111112,success,sinkhorn,0.001,100000
1D-exp-vs-cauchy-1024p,1024,1024,0.0122668763183426,100000,0.0430014255769094,,seconds,4.036904811859131,3.994012877345085,megabytes,88270.0,88270.0,58.0,53.53333333333333,0.100466688,0.100466688,0.78828125,0.7678645833333334,success,sinkhorn,0.001,100000
1D-exp-vs-cauchy-1024p,1024,1024,0.0132714846089335,100000,0.0412316286062984,,seconds,4.264784336090088,4.134877014905214,megabytes,88270.0,88270.0,56.0,50.94736842105263,0.180985856,0.180985856,0.8140625,0.7536184210526317,success,sinkhorn,0.001,100000
1D-exp-vs-cauchy-1024p,1024,1024,0.0120296342741763,100000,0.0198414634806887,,seconds,4.045732498168945,4.003081422299147,megabytes,88270.0,88270.0,57.0,52.66666666666666,0.185643008,0.185643008,0.80078125,0.7660590277777777,success,sinkhorn,0.001,100000
1D-exp-vs-cauchy-1024p,1024,1024,0.0385765418662467,100000,0.0324464635155812,,seconds,4.303991794586182,4.129488727077842,megabytes,88270.0,88270.0,56.0,50.8421052631579,0.180887552,0.180887552,0.80859375,0.7554276315789474,success,sinkhorn,0.001,100000
1D-exp-vs-cauchy-1024p,1024,1024,0.0139689960480992,100000,0.0471717630374426,,seconds,4.144723176956177,4.122919289395213,megabytes,88270.0,88270.0,56.0,53.5,0.18079744,0.18079744,0.8125,0.7761284722222221,success,sinkhorn,0.001,100000
1D-exp-vs-cauchy-1024p,1024,1024,0.014285358125986,100000,0.0291637987037732,,seconds,4.1727988719940186,4.123846748843789,megabytes,88270.0,88270.0,58.0,51.388888888888886,0.18069504,0.18069504,0.81796875,0.7705295138888889,success,sinkhorn,0.001,100000
1D-exp-vs-cauchy-1024p,1024,1024,0.009658160235205,100000,0.02056458976214,,seconds,4.204260110855103,4.089455906301737,megabytes,88270.0,88270.0,58.0,51.61111111111112,0.180703232,0.180703232,0.81640625,0.756684027777778,success,sinkhorn,0.001,100000
1D-exp-vs-cauchy-1024p,1024,1024,0.0165159959535885,100000,0.0304077399927606,,seconds,4.325173377990723,4.131288567557931,megabytes,88270.0,88270.0,56.0,52.1578947368421,0.181121024,0.181121024,0.79140625,0.7347450657894736,success,sinkhorn,0.001,100000
1D-exp-vs-cauchy-1024p,1024,1024,0.0099680154798514,100000,0.0519299527196713,,seconds,4.24124550819397,4.124169947579503,megabytes,88270.0,88270.0,56.0,52.41176470588236,0.1806336,0.1806336,0.7953125,0.7499999999999999,success,sinkhorn,0.001,100000
1D-exp-vs-cauchy-1024p,1024,1024,0.018835102873654,100000,0.023826256816945,,seconds,3.99107027053833,3.978719260543585,megabytes,88270.0,88270.0,58.0,52.5625,0.105377792,0.105377792,0.81171875,0.778955078125,success,sinkhorn,0.001,100000
1D-exp-vs-cauchy-1024p,1024,1024,0.0152847237462125,100000,0.0225448363849911,,seconds,4.413543939590454,4.210934203118086,megabytes,88270.0,88270.0,55.0,52.526315789473685,0.181108736,0.181108736,0.8171875,0.7390213815789471,success,sinkhorn,0.001,100000
1D-exp-vs-cauchy-1024p,1024,1024,0.0066799768948416,100000,0.0627984615360287,,seconds,4.2616801261901855,4.199320830404759,megabytes,88270.0,88270.0,55.0,51.526315789473685,0.180744192,0.180744192,0.80859375,0.765090460526316,success,sinkhorn,0.001,100000
1D-exp-vs-cauchy-1024p,1024,1024,0.0093285285174756,100000,0.0223500047645631,,seconds,4.29730749130249,4.178579760715365,megabytes,88270.0,88270.0,55.0,52.89473684210526,0.180826112,0.180826112,0.83515625,0.7556332236842106,success,sinkhorn,0.001,100000
1D-exp-vs-cauchy-1024p,1024,1024,0.0101379492827976,100000,0.0451471719527611,,seconds,4.2803356647491455,4.217650165781379,megabytes,88270.0,88270.0,55.0,50.26315789473684,0.180867072,0.180867072,0.80703125,0.7627467105263157,success,sinkhorn,0.001,100000
1D-exp-vs-cauchy-1024p,1024,1024,0.0112915630522942,100000,0.0173282039532249,,seconds,4.231265544891357,4.197018675506115,megabytes,88270.0,88270.0,55.0,50.89473684210526,0.180752384,0.180752384,0.81484375,0.7734786184210528,success,sinkhorn,0.001,100000
1D-exp-vs-cauchy-1024p,1024,1024,0.0036969089912731,100000,0.1169879892279514,,seconds,4.230575799942017,4.208199981600046,megabytes,88270.0,88270.0,55.0,50.47368421052632,0.182358016,0.182358016,0.7984375,0.7730263157894736,success,sinkhorn,0.001,100000
1D-exp-vs-cauchy-1024p,1024,1024,0.015069601794818,100000,0.0245883265644479,,seconds,4.234458684921265,4.034921819344163,megabytes,88270.0,88270.0,57.0,52.68421052631579,0.187482112,0.187482112,0.79140625,0.7339638157894737,success,sinkhorn,0.001,100000
1D-exp-vs-cauchy-1024p,1024,1024,0.0029285741923888,100000,0.100671066980009,,seconds,4.077932119369507,4.062221609055996,megabytes,88270.0,88270.0,58.0,54.5625,0.10176512,0.10176512,0.81015625,0.7787109374999999,success,sinkhorn,0.001,100000
1D-exp-vs-cauchy-1024p,1024,1024,0.0175902804488211,100000,0.0232205453615816,,seconds,4.269437551498413,4.176212450489402,megabytes,88270.0,88270.0,55.0,51.89473684210526,0.182423552,0.182423552,0.815625,0.7618421052631579,success,sinkhorn,0.001,100000
1D-exp-vs-cauchy-1024p,1024,1024,0.0194482048915734,100000,0.0383977318346499,,seconds,4.2645485401153564,4.199220074340701,megabytes,88270.0,88270.0,55.0,49.72222222222222,0.182267904,0.182267904,0.80859375,0.7679687500000001,success,sinkhorn,0.001,100000
1D-exp-vs-cauchy-1024p,1024,1024,0.0080002309443508,100000,0.0502301345912462,,seconds,4.283563137054443,4.201502153649926,megabytes,88270.0,88270.0,55.0,51.05263157894737,0.182300672,0.182300672,0.8125,0.7651726973684212,success,sinkhorn,0.001,100000
1D-exp-vs-cauchy-1024p,1024,1024,0.0159477940245348,100000,0.0317483440561665,,seconds,4.208840131759644,4.1443717163056135,megabytes,88270.0,88270.0,58.0,52.22222222222222,0.182304768,0.182304768,0.79453125,0.7631510416666667,success,sinkhorn,0.001,100000
1D-exp-vs-cauchy-1024p,1024,1024,0.0076951518463726,100000,0.0559253224940333,,seconds,4.248671531677246,4.173531034961343,megabytes,88270.0,88270.0,55.0,53.21052631578947,0.182341632,0.182341632,0.815625,0.7616776315789472,success,sinkhorn,0.001,100000
1D-exp-vs-cauchy-1024p,1024,1024,0.013253406159639,100000,0.0388835883482194,,seconds,4.245099306106567,4.18906625173986,megabytes,88270.0,88270.0,55.0,52.68421052631579,0.182280192,0.182280192,0.80546875,0.7658305921052632,success,sinkhorn,0.001,100000
1D-exp-vs-cauchy-1024p,1024,1024,0.0274991149345086,100000,0.0356241162354826,,seconds,4.224543809890747,4.172556264325976,megabytes,88270.0,88270.0,55.0,51.36842105263158,0.1823744,0.1823744,0.81484375,0.7688733552631579,success,sinkhorn,0.001,100000
1D-exp-vs-cauchy-1024p,1024,1024,0.0066912078661374,100000,0.0075271495721046,,seconds,4.200293779373169,4.009443309158087,megabytes,88270.0,88270.0,57.0,55.0,0.187355136,0.187355136,0.815625,0.7405838815789473,success,sinkhorn,0.001,100000
1D-exp-vs-cauchy-1024p,1024,1024,0.012004554797791,100000,0.0189702103099562,,seconds,4.1981236934661865,4.187938766553998,megabytes,88270.0,88270.0,55.0,52.36842105263158,0.182358016,0.182358016,0.81796875,0.7746299342105263,success,sinkhorn,0.001,100000
1D-exp-vs-cauchy-1024p,1024,1024,0.0111291637400232,100000,0.0188628513741768,,seconds,4.154337406158447,4.121693424880505,megabytes,88270.0,88270.0,58.0,51.66666666666666,0.180645888,0.180645888,0.8078125,0.7679687500000001,success,sinkhorn,0.001,100000
1D-exp-vs-cauchy-1024p,1024,1024,0.010049934486555,100000,0.0206186590890122,,seconds,4.216667652130127,4.03826773352921,megabytes,88270.0,88270.0,58.0,52.47058823529412,0.180641792,0.180641792,0.825,0.7409926470588236,success,sinkhorn,0.001,100000
1D-exp-vs-cauchy-1024p,1024,1024,0.0098111576405785,100000,0.0225690668604407,,seconds,4.209210395812988,4.205939371138811,megabytes,88270.0,88270.0,55.0,49.89473684210526,0.180609024,0.180609024,0.80703125,0.7772615131578948,success,sinkhorn,0.001,100000
1D-exp-vs-cauchy-2048p,2048,2048,0.0165257442069246,100000,0.0214999844312638,,seconds,5.43159031867981,5.25525513663888,megabytes,88270.0,88270.0,66.0,60.958333333333336,0.181600256,0.181600256,0.80625,0.7460611979166666,success,sinkhorn,0.001,100000
1D-exp-vs-cauchy-2048p,2048,2048,0.0113213960009667,100000,0.0122414790405151,,seconds,5.513079643249512,5.320988232269883,megabytes,88270.0,88270.0,66.0,62.208333333333336,0.181817344,0.181817344,0.809375,0.7455403645833333,success,sinkhorn,0.001,100000
1D-exp-vs-cauchy-2048p,2048,2048,0.0111427298996335,100000,0.0133429636281534,,seconds,5.194756269454956,5.122502706944943,megabytes,88270.0,88270.0,66.0,61.0,0.181403648,0.181403648,0.81171875,0.7691915760869563,success,sinkhorn,0.001,100000
1D-exp-vs-cauchy-2048p,2048,2048,0.0100450805914272,100000,0.0145827550665645,,seconds,5.511293888092041,5.33668022044003,megabytes,88270.0,88270.0,64.0,61.68,0.18176,0.18176,0.8078125,0.7510937499999999,success,sinkhorn,0.001,100000
1D-exp-vs-cauchy-2048p,2048,2048,0.0194222549604389,100000,0.0272165341302325,,seconds,5.38319993019104,5.292561402544379,megabytes,88270.0,88270.0,64.0,59.333333333333336,0.181563392,0.181563392,0.80625,0.7615885416666668,success,sinkhorn,0.001,100000
1D-exp-vs-cauchy-2048p,2048,2048,0.0142743677686252,100000,0.0206220825651308,,seconds,5.249902963638306,5.228815753012896,megabytes,88270.0,88270.0,67.0,61.5,0.181436416,0.181436416,0.81171875,0.7805752840909093,success,sinkhorn,0.001,100000
1D-exp-vs-cauchy-2048p,2048,2048,0.0101474974664521,100000,0.0319238748975595,,seconds,5.310776948928833,5.297311309725046,megabytes,88270.0,88270.0,64.0,60.208333333333336,0.181805056,0.181805056,0.8078125,0.7762044270833334,success,sinkhorn,0.001,100000
1D-exp-vs-cauchy-2048p,2048,2048,0.0175688193578674,100000,0.0163712777361985,,seconds,5.472474813461304,5.346249973401427,megabytes,88270.0,88270.0,64.0,62.66666666666666,0.183017472,0.183017472,0.8109375,0.7605143229166668,success,sinkhorn,0.001,100000
1D-exp-vs-cauchy-2048p,2048,2048,0.0159609821504486,100000,0.0224016360249744,,seconds,5.122096061706543,5.0886698588728905,megabytes,88270.0,88270.0,67.0,62.95652173913044,0.187506688,0.187506688,0.809375,0.7741847826086954,success,sinkhorn,0.001,100000
1D-exp-vs-cauchy-2048p,2048,2048,0.0188125503270064,100000,0.0167960834300784,,seconds,5.362586736679077,5.184588303789496,megabytes,88270.0,88270.0,66.0,61.95238095238095,0.18284544,0.18284544,0.81328125,0.7482886904761904,success,sinkhorn,0.001,100000
1D-exp-vs-cauchy-2048p,2048,2048,0.0096622325058676,100000,0.0145392681953887,,seconds,5.42941427230835,5.272284733131528,megabytes,88270.0,88270.0,64.0,60.16666666666666,0.182956032,0.182956032,0.81875,0.7554361979166665,success,sinkhorn,0.001,100000
1D-exp-vs-cauchy-2048p,2048,2048,0.0099297738470924,100000,0.0367625870885272,,seconds,5.340626001358032,5.278132984414697,megabytes,88270.0,88270.0,65.0,61.583333333333336,0.187486208,0.187486208,0.81640625,0.7698567708333334,success,sinkhorn,0.001,100000
1D-exp-vs-cauchy-2048p,2048,2048,0.0079994098310774,100000,0.0354878882089367,,seconds,5.15324330329895,5.135088678449392,megabytes,88270.0,88270.0,66.0,63.08695652173913,0.182976512,0.182976512,0.809375,0.7712975543478262,success,sinkhorn,0.001,100000
1D-exp-vs-cauchy-2048p,2048,2048,0.0132612048176619,100000,0.0274948744186609,,seconds,5.312209367752075,5.300822120159864,megabytes,88270.0,88270.0,66.0,60.47826086956522,0.18284544,0.18284544,0.815625,0.7759171195652173,success,sinkhorn,0.001,100000
1D-exp-vs-cauchy-2048p,2048,2048,0.0097785307517238,100000,0.0159639819236326,,seconds,5.360347509384155,5.284454762935638,megabytes,88270.0,88270.0,64.0,60.19047619047619,0.1826816,0.1826816,0.7921875,0.7650297619047621,success,sinkhorn,0.001,100000
1D-exp-vs-cauchy-2048p,2048,2048,0.0120163946276515,100000,0.014008290448154,,seconds,5.49144983291626,5.405539330095053,megabytes,88270.0,88270.0,63.0,60.28,0.182951936,0.182951936,0.8109375,0.7621875,success,sinkhorn,0.001,100000
1D-exp-vs-cauchy-2048p,2048,2048,0.0029236361375051,100000,0.0711028181038221,,seconds,5.499327182769775,5.345759462565184,megabytes,88270.0,88270.0,64.0,59.91666666666666,0.182829056,0.182829056,0.81171875,0.7517578125000001,success,sinkhorn,0.001,100000
1D-exp-vs-cauchy-2048p,2048,2048,0.0037168612279883,100000,0.0825605853586314,,seconds,5.343718528747559,5.25861332565546,megabytes,88270.0,88270.0,65.0,62.16666666666666,0.182890496,0.182890496,0.81171875,0.7688802083333335,success,sinkhorn,0.001,100000
1D-exp-vs-cauchy-2048p,2048,2048,0.0274636515852593,100000,0.0252791982272632,,seconds,5.297903060913086,5.101297836750746,megabytes,88270.0,88270.0,66.0,63.708333333333336,0.183189504,0.183189504,0.8125,0.7454752604166668,success,sinkhorn,0.001,100000
1D-exp-vs-cauchy-2048p,2048,2048,0.0120093180073025,100000,0.0134130863598428,,seconds,5.470822334289551,5.2981644961982965,megabytes,88270.0,88270.0,66.0,58.25,0.182939648,0.182939648,0.81015625,0.75771484375,success,sinkhorn,0.001,100000
1D-exp-vs-cauchy-2048p,2048,2048,0.0132811117186041,100000,0.0291120996934279,,seconds,4.9129252433776855,4.815599450841546,megabytes,88270.0,88270.0,70.0,66.81818181818181,0.182669312,0.182669312,0.81328125,0.7665838068181817,success,sinkhorn,0.001,100000
1D-exp-vs-cauchy-2048p,2048,2048,0.0385722927855948,100000,0.0229007462329831,,seconds,5.324656486511231,5.267065644264221,megabytes,88270.0,88270.0,64.0,59.708333333333336,0.182775808,0.182775808,0.8125,0.7715494791666666,success,sinkhorn,0.001,100000
1D-exp-vs-cauchy-2048p,2048,2048,0.0093335043249526,100000,0.015810978879454,,seconds,5.167147636413574,5.100717045366764,megabytes,88270.0,88270.0,66.0,63.130434782608695,0.182784,0.182784,0.8140625,0.7705163043478261,success,sinkhorn,0.001,100000
1D-exp-vs-cauchy-2048p,2048,2048,0.0050451316839218,100000,0.0530064022529538,,seconds,5.435640573501587,5.272125154733658,megabytes,88270.0,88270.0,66.0,61.5,0.18296832,0.18296832,0.81015625,0.7562825520833334,success,sinkhorn,0.001,100000
1D-exp-vs-cauchy-2048p,2048,2048,0.0150726522957508,100000,0.0173784646279289,,seconds,5.181551456451416,5.175378987565637,megabytes,88270.0,88270.0,65.0,63.34782608695652,0.182796288,0.182796288,0.81171875,0.7762228260869565,success,sinkhorn,0.001,100000
1D-exp-vs-cauchy-2048p,2048,2048,0.0066918660498126,100000,0.0053158378777753,,seconds,5.465656995773315,5.305559489876032,megabytes,88270.0,88270.0,66.0,60.91666666666666,0.187662336,0.187662336,0.81015625,0.7570638020833335,success,sinkhorn,0.001,100000
1D-exp-vs-cauchy-2048p,2048,2048,0.0076618658393493,100000,0.0395805870621034,,seconds,5.166268587112427,5.075246853753924,megabytes,88270.0,88270.0,67.0,63.23809523809524,0.182530048,0.182530048,0.80859375,0.764434523809524,success,sinkhorn,0.001,100000
1D-exp-vs-cauchy-2048p,2048,2048,0.0152672033269887,100000,0.0159486717217172,,seconds,5.494778871536255,5.375704308971763,megabytes,88270.0,88270.0,64.0,59.78260869565217,0.182730752,0.182730752,0.80703125,0.7609035326086958,success,sinkhorn,0.001,100000
1D-exp-vs-cauchy-2048p,2048,2048,0.0122778528123223,100000,0.0303772170466912,,seconds,5.39439868927002,5.20179826579988,megabytes,88270.0,88270.0,66.0,61.69565217391305,0.1829888,0.1829888,0.81015625,0.7493885869565217,success,sinkhorn,0.001,100000
1D-exp-vs-cauchy-2048p,2048,2048,0.0140114253924486,100000,0.0333080045784924,,seconds,5.49159049987793,5.378776850178838,megabytes,88270.0,88270.0,64.0,59.17391304347826,0.187478016,0.187478016,0.81171875,0.7688858695652173,success,sinkhorn,0.001,100000
1D-exp-vs-cauchy-2048p,2048,2048,0.0066654001232834,100000,0.0444361196568224,,seconds,5.192770004272461,5.1644705273211,megabytes,88270.0,88270.0,66.0,59.59090909090909,0.182689792,0.182689792,0.81796875,0.7790127840909092,success,sinkhorn,0.001,100000
