dataset,mu_size,nu_size,cost,iterations,error,cost_rerr,time_unit,time,time_counter,gpu_mem_unit,peak_gpu_mem,combined_peak_gpu_ram,peak_gpu_util_pct,mean_gpu_util_pct,peak_ram_MiB,combined_peak_ram_MiB,max_cpu_util_pct,mean_cpu_util_pct,status,name,reg,maxiter
1D-gaussian-2c-32p,32,32,0.043667444317416,11,8.68055402983615e-17,,seconds,0.0,0.0030595548450946,megabytes,0.0,0.0,0.0,0.0,0.0,0.0,0.0,0.0,success,sinkhorn,1.0,100000
1D-gaussian-2c-32p,32,32,0.6726511316734913,11,6.546141663504833e-17,,seconds,0.0,0.0027089603245258,megabytes,0.0,0.0,0.0,0.0,0.0,0.0,0.0,0.0,success,sinkhorn,1.0,100000
1D-gaussian-2c-32p,32,32,0.1616393706514867,11,4.177770877916608e-17,,seconds,0.0,0.0024762284010648,megabytes,0.0,0.0,0.0,0.0,0.0,0.0,0.0,0.0,success,sinkhorn,1.0,100000
1D-gaussian-2c-32p,32,32,0.2195774234520877,11,4.005862954819825e-17,,seconds,0.0,0.0023964289575815,megabytes,0.0,0.0,0.0,0.0,0.0,0.0,0.0,0.0,success,sinkhorn,1.0,100000
1D-gaussian-2c-32p,32,32,0.037149126457047,11,4.181368267634687e-17,,seconds,0.0,0.0024398192763328,megabytes,0.0,0.0,0.0,0.0,0.0,0.0,0.0,0.0,success,sinkhorn,1.0,100000
1D-gaussian-2c-32p,32,32,0.273018783568797,11,8.695883802226045e-13,,seconds,0.0,0.0024188049137592,megabytes,0.0,0.0,0.0,0.0,0.0,0.0,0.0,0.0,success,sinkhorn,1.0,100000
1D-gaussian-2c-32p,32,32,0.072228389006734,11,5.764204625038261e-17,,seconds,0.0,0.0025577265769243,megabytes,0.0,0.0,0.0,0.0,0.0,0.0,0.0,0.0,success,sinkhorn,1.0,100000
1D-gaussian-2c-32p,32,32,0.2938102764836414,11,4.6547515989930386e-17,,seconds,0.0,0.0025382693856954,megabytes,0.0,0.0,0.0,0.0,0.0,0.0,0.0,0.0,success,sinkhorn,1.0,100000
1D-gaussian-2c-32p,32,32,0.4650546713269954,11,6.24560681919158e-17,,seconds,0.0,0.002336187288165,megabytes,0.0,0.0,0.0,0.0,0.0,0.0,0.0,0.0,success,sinkhorn,1.0,100000
1D-gaussian-2c-32p,32,32,0.0904330656187228,11,2.311039959574472e-16,,seconds,0.0,0.0024418663233518,megabytes,0.0,0.0,0.0,0.0,0.0,0.0,0.0,0.0,success,sinkhorn,1.0,100000
1D-gaussian-2c-32p,32,32,0.2343083793496281,11,6.521429614301888e-17,,seconds,0.0,0.0023790542036294,megabytes,0.0,0.0,0.0,0.0,0.0,0.0,0.0,0.0,success,sinkhorn,1.0,100000
1D-gaussian-2c-32p,32,32,0.2869870146715874,11,8.921643348255849e-17,,seconds,0.0,0.0025757849216461,megabytes,0.0,0.0,0.0,0.0,0.0,0.0,0.0,0.0,success,sinkhorn,1.0,100000
1D-gaussian-2c-32p,32,32,0.13788806545935,11,6.369104259473294e-17,,seconds,0.0,0.0024066939949989,megabytes,0.0,0.0,0.0,0.0,0.0,0.0,0.0,0.0,success,sinkhorn,1.0,100000
1D-gaussian-2c-32p,32,32,0.3263768395810789,11,4.0094221324725866e-12,,seconds,0.0,0.0023647397756576,megabytes,0.0,0.0,0.0,0.0,0.0,0.0,0.0,0.0,success,sinkhorn,1.0,100000
1D-gaussian-2c-32p,32,32,0.7373847318726015,11,6.798700317864684e-17,,seconds,0.0,0.00236152485013,megabytes,0.0,0.0,0.0,0.0,0.0,0.0,0.0,0.0,success,sinkhorn,1.0,100000
1D-gaussian-2c-32p,32,32,0.2796470657583675,11,1.2966584412692791e-08,,seconds,0.0,0.0023436639457941,megabytes,0.0,0.0,0.0,0.0,0.0,0.0,0.0,0.0,success,sinkhorn,1.0,100000
1D-gaussian-2c-32p,32,32,0.4738327637888463,11,9.546657289505764e-17,,seconds,0.0,0.0023968331515789,megabytes,0.0,0.0,0.0,0.0,0.0,0.0,0.0,0.0,success,sinkhorn,1.0,100000
1D-gaussian-2c-32p,32,32,0.4879591923831624,11,6.369058585040126e-17,,seconds,0.0,0.0023934487253427,megabytes,0.0,0.0,0.0,0.0,0.0,0.0,0.0,0.0,success,sinkhorn,1.0,100000
1D-gaussian-2c-32p,32,32,0.0614345105796415,11,6.363296994079676e-17,,seconds,0.0,0.0022342130541801,megabytes,0.0,0.0,0.0,0.0,0.0,0.0,0.0,0.0,success,sinkhorn,1.0,100000
1D-gaussian-2c-32p,32,32,0.3602758462876742,11,5.808784558955192e-17,,seconds,0.0,0.0023016911000013,megabytes,0.0,0.0,0.0,0.0,0.0,0.0,0.0,0.0,success,sinkhorn,1.0,100000
1D-gaussian-2c-32p,32,32,0.1078829005129347,11,5.112148335605633e-17,,seconds,0.0,0.0023547075688838,megabytes,0.0,0.0,0.0,0.0,0.0,0.0,0.0,0.0,success,sinkhorn,1.0,100000
1D-gaussian-2c-32p,32,32,0.1641525891191504,11,5.21903795928516e-17,,seconds,0.0,0.0023031868040561,megabytes,0.0,0.0,0.0,0.0,0.0,0.0,0.0,0.0,success,sinkhorn,1.0,100000
1D-gaussian-2c-32p,32,32,0.0760500751628167,11,1.1445232030000648e-16,,seconds,0.0,0.0023910067975521,megabytes,0.0,0.0,0.0,0.0,0.0,0.0,0.0,0.0,success,sinkhorn,1.0,100000
1D-gaussian-2c-32p,32,32,0.0297199898743969,11,6.947832814131881e-17,,seconds,0.0,0.0022712685167789,megabytes,0.0,0.0,0.0,0.0,0.0,0.0,0.0,0.0,success,sinkhorn,1.0,100000
1D-gaussian-2c-32p,32,32,0.213578643006654,11,8.806204807675992e-17,,seconds,0.0,0.0023078080266714,megabytes,0.0,0.0,0.0,0.0,0.0,0.0,0.0,0.0,success,sinkhorn,1.0,100000
1D-gaussian-2c-32p,32,32,0.234924744260934,11,5.594483210065437e-17,,seconds,0.0,0.0023673456162214,megabytes,0.0,0.0,0.0,0.0,0.0,0.0,0.0,0.0,success,sinkhorn,1.0,100000
1D-gaussian-2c-32p,32,32,0.5725225160050241,11,6.220864669202714e-17,,seconds,0.0,0.0023314412683248,megabytes,0.0,0.0,0.0,0.0,0.0,0.0,0.0,0.0,success,sinkhorn,1.0,100000
1D-gaussian-2c-32p,32,32,0.2434204306644738,11,7.980713933042839e-12,,seconds,0.0,0.0023283716291189,megabytes,0.0,0.0,0.0,0.0,0.0,0.0,0.0,0.0,success,sinkhorn,1.0,100000
1D-gaussian-2c-32p,32,32,0.0285265351499245,11,6.216671103175857e-17,,seconds,0.0,0.0023349355906248,megabytes,0.0,0.0,0.0,0.0,0.0,0.0,0.0,0.0,success,sinkhorn,1.0,100000
1D-gaussian-2c-32p,32,32,0.1807805136894311,11,5.931700182365022e-16,,seconds,0.0,0.002307966351509,megabytes,0.0,0.0,0.0,0.0,0.0,0.0,0.0,0.0,success,sinkhorn,1.0,100000
1D-gaussian-2c-64p,64,64,0.0901374115660181,11,6.444804649940644e-17,,seconds,0.4978880882263183,0.4933412261307239,megabytes,88268.0,88268.0,0.0,0.0,0.043552768,0.075784192,0.6609375,0.4878906249999999,success,sinkhorn,1.0,100000
1D-gaussian-2c-64p,64,64,0.3263248159925571,11,2.8303478982401296e-12,,seconds,0.0,0.0025650206953287,megabytes,0.0,0.0,0.0,0.0,0.0,0.0,0.0,0.0,success,sinkhorn,1.0,100000
1D-gaussian-2c-64p,64,64,0.4895699248187703,11,6.59669204509623e-17,,seconds,0.0,0.0025203060358762,megabytes,0.0,0.0,0.0,0.0,0.0,0.0,0.0,0.0,success,sinkhorn,1.0,100000
1D-gaussian-2c-64p,64,64,0.2934186470733564,11,4.6588410778896765e-17,,seconds,0.0,0.0025823321193456,megabytes,0.0,0.0,0.0,0.0,0.0,0.0,0.0,0.0,success,sinkhorn,1.0,100000
1D-gaussian-2c-64p,64,64,0.4738327596879604,11,3.3774423806765115e-17,,seconds,0.0,0.0027160756289958,megabytes,0.0,0.0,0.0,0.0,0.0,0.0,0.0,0.0,success,sinkhorn,1.0,100000
1D-gaussian-2c-64p,64,64,0.2796458406435261,11,9.197073930561369e-09,,seconds,0.0,0.0021751020103693,megabytes,0.0,0.0,0.0,0.0,0.0,0.0,0.0,0.0,success,sinkhorn,1.0,100000
1D-gaussian-2c-64p,64,64,0.2133564541334977,11,8.698005197899133e-17,,seconds,0.0,0.0026291087269783,megabytes,0.0,0.0,0.0,0.0,0.0,0.0,0.0,0.0,success,sinkhorn,1.0,100000
1D-gaussian-2c-64p,64,64,0.1807805136895716,11,4.033325054453617e-16,,seconds,0.0,0.0023444723337888,megabytes,0.0,0.0,0.0,0.0,0.0,0.0,0.0,0.0,success,sinkhorn,1.0,100000
1D-gaussian-2c-64p,64,64,0.0371548297869532,11,3.825375039274519e-17,,seconds,0.0,0.0025055799633264,megabytes,0.0,0.0,0.0,0.0,0.0,0.0,0.0,0.0,success,sinkhorn,1.0,100000
1D-gaussian-2c-64p,64,64,0.6720523424949173,11,3.684245973946601e-17,,seconds,0.0,0.0024775248020887,megabytes,0.0,0.0,0.0,0.0,0.0,0.0,0.0,0.0,success,sinkhorn,1.0,100000
1D-gaussian-2c-64p,64,64,0.7374264732567101,11,6.102749778509216e-17,,seconds,0.0,0.0023600906133651,megabytes,0.0,0.0,0.0,0.0,0.0,0.0,0.0,0.0,success,sinkhorn,1.0,100000
1D-gaussian-2c-64p,64,64,0.2876010784193166,11,8.272527220501809e-17,,seconds,0.0,0.0022966638207435,megabytes,0.0,0.0,0.0,0.0,0.0,0.0,0.0,0.0,success,sinkhorn,1.0,100000
1D-gaussian-2c-64p,64,64,0.1078774022491417,11,2.9773788711591247e-17,,seconds,0.0,0.0023142173886299,megabytes,0.0,0.0,0.0,0.0,0.0,0.0,0.0,0.0,success,sinkhorn,1.0,100000
1D-gaussian-2c-64p,64,64,0.0285265824416385,11,5.432015919223674e-17,,seconds,0.0,0.0023203715682029,megabytes,0.0,0.0,0.0,0.0,0.0,0.0,0.0,0.0,success,sinkhorn,1.0,100000
1D-gaussian-2c-64p,64,64,0.4648478965589446,11,7.321440599032255e-17,,seconds,0.0,0.0024951770901679,megabytes,0.0,0.0,0.0,0.0,0.0,0.0,0.0,0.0,success,sinkhorn,1.0,100000
1D-gaussian-2c-64p,64,64,0.0297188396943647,11,5.2391686254358454e-17,,seconds,0.0,0.0023750122636556,megabytes,0.0,0.0,0.0,0.0,0.0,0.0,0.0,0.0,success,sinkhorn,1.0,100000
1D-gaussian-2c-64p,64,64,0.2434831059632675,11,5.5885390909989124e-12,,seconds,0.0,0.0024947375059127,megabytes,0.0,0.0,0.0,0.0,0.0,0.0,0.0,0.0,success,sinkhorn,1.0,100000
1D-gaussian-2c-64p,64,64,0.1616418015033486,11,4.726987809914094e-17,,seconds,0.0,0.0023488979786634,megabytes,0.0,0.0,0.0,0.0,0.0,0.0,0.0,0.0,success,sinkhorn,1.0,100000
1D-gaussian-2c-64p,64,64,0.3598602511079619,11,4.9474112975281545e-17,,seconds,0.0,0.0023148432374,megabytes,0.0,0.0,0.0,0.0,0.0,0.0,0.0,0.0,success,sinkhorn,1.0,100000
1D-gaussian-2c-64p,64,64,0.2197227021435346,11,4.2774799292591e-17,,seconds,0.0,0.0023740883916616,megabytes,0.0,0.0,0.0,0.0,0.0,0.0,0.0,0.0,success,sinkhorn,1.0,100000
1D-gaussian-2c-64p,64,64,0.2341900047313617,11,5.097071639726578e-17,,seconds,0.0,0.0023830123245716,megabytes,0.0,0.0,0.0,0.0,0.0,0.0,0.0,0.0,success,sinkhorn,1.0,100000
1D-gaussian-2c-64p,64,64,0.0612745800406078,11,6.447166114037539e-17,,seconds,0.0,0.0025789756327867,megabytes,0.0,0.0,0.0,0.0,0.0,0.0,0.0,0.0,success,sinkhorn,1.0,100000
1D-gaussian-2c-64p,64,64,0.0762320508240701,11,6.364333716318643e-17,,seconds,0.0,0.0024879965931177,megabytes,0.0,0.0,0.0,0.0,0.0,0.0,0.0,0.0,success,sinkhorn,1.0,100000
1D-gaussian-2c-64p,64,64,0.1378880638743468,11,4.023895973145178e-17,,seconds,0.0,0.0025699324905872,megabytes,0.0,0.0,0.0,0.0,0.0,0.0,0.0,0.0,success,sinkhorn,1.0,100000
1D-gaussian-2c-64p,64,64,0.2348895368547209,11,8.886120057248632e-17,,seconds,0.0,0.0023739747703075,megabytes,0.0,0.0,0.0,0.0,0.0,0.0,0.0,0.0,success,sinkhorn,1.0,100000
1D-gaussian-2c-64p,64,64,0.1641550359922863,11,3.741806684726531e-17,,seconds,0.0,0.00234891846776,megabytes,0.0,0.0,0.0,0.0,0.0,0.0,0.0,0.0,success,sinkhorn,1.0,100000
1D-gaussian-2c-64p,64,64,0.0721986889229588,11,4.0171868064946106e-17,,seconds,0.0,0.0024650990962982,megabytes,0.0,0.0,0.0,0.0,0.0,0.0,0.0,0.0,success,sinkhorn,1.0,100000
1D-gaussian-2c-64p,64,64,0.5718846609225823,11,3.4261647245611174e-17,,seconds,0.0,0.002416905015707,megabytes,0.0,0.0,0.0,0.0,0.0,0.0,0.0,0.0,success,sinkhorn,1.0,100000
1D-gaussian-2c-64p,64,64,0.2724991662029954,11,6.417061887088923e-13,,seconds,0.0,0.0023216642439365,megabytes,0.0,0.0,0.0,0.0,0.0,0.0,0.0,0.0,success,sinkhorn,1.0,100000
1D-gaussian-2c-64p,64,64,0.0436675688685368,11,5.055362231288418e-17,,seconds,0.0,0.0023888293653726,megabytes,0.0,0.0,0.0,0.0,0.0,0.0,0.0,0.0,success,sinkhorn,1.0,100000
1D-gaussian-2c-128p,128,128,0.7374264732567102,11,2.895147199961689e-17,,seconds,0.6511549949645996,0.4835479874163866,megabytes,88268.0,88268.0,0.0,0.0,0.04601856,0.04601856,0.55078125,0.353125,success,sinkhorn,1.0,100000
1D-gaussian-2c-128p,128,128,0.219722702143864,11,3.2929300848464637e-17,,seconds,0.0,0.0025663580745458,megabytes,0.0,0.0,0.0,0.0,0.0,0.0,0.0,0.0,success,sinkhorn,1.0,100000
1D-gaussian-2c-128p,128,128,0.180780513689568,11,2.967820852072328e-16,,seconds,0.0,0.0028851721435785,megabytes,0.0,0.0,0.0,0.0,0.0,0.0,0.0,0.0,success,sinkhorn,1.0,100000
1D-gaussian-2c-128p,128,128,0.2348895368278283,11,3.208671806882131e-17,,seconds,0.0,0.0024908781051635,megabytes,0.0,0.0,0.0,0.0,0.0,0.0,0.0,0.0,success,sinkhorn,1.0,100000
1D-gaussian-2c-128p,128,128,0.0436675688685368,11,2.6633516163245253e-17,,seconds,0.0,0.0026063825935125,megabytes,0.0,0.0,0.0,0.0,0.0,0.0,0.0,0.0,success,sinkhorn,1.0,100000
1D-gaussian-2c-128p,128,128,0.2341899973633942,11,3.941796809486335e-17,,seconds,0.0,0.0023982636630535,megabytes,0.0,0.0,0.0,0.0,0.0,0.0,0.0,0.0,success,sinkhorn,1.0,100000
1D-gaussian-2c-128p,128,128,0.1078774022491413,11,2.955130498805485e-17,,seconds,0.0,0.0030953511595726,megabytes,0.0,0.0,0.0,0.0,0.0,0.0,0.0,0.0,success,sinkhorn,1.0,100000
1D-gaussian-2c-128p,128,128,0.5718846609137922,11,3.080686493877071e-17,,seconds,0.0,0.0025459341704845,megabytes,0.0,0.0,0.0,0.0,0.0,0.0,0.0,0.0,success,sinkhorn,1.0,100000
1D-gaussian-2c-128p,128,128,0.076232050742412,11,4.5512479133638567e-17,,seconds,0.0,0.0024602618068456,megabytes,0.0,0.0,0.0,0.0,0.0,0.0,0.0,0.0,success,sinkhorn,1.0,100000
1D-gaussian-2c-128p,128,128,0.0721986889227623,11,2.725061215771647e-17,,seconds,0.0,0.0024052839726209,megabytes,0.0,0.0,0.0,0.0,0.0,0.0,0.0,0.0,success,sinkhorn,1.0,100000
1D-gaussian-2c-128p,128,128,0.0901374116111339,11,3.774671771332761e-17,,seconds,0.0,0.0023330617696046,megabytes,0.0,0.0,0.0,0.0,0.0,0.0,0.0,0.0,success,sinkhorn,1.0,100000
1D-gaussian-2c-128p,128,128,0.0285265824416385,11,4.698455994639845e-17,,seconds,0.0,0.0023299660533666,megabytes,0.0,0.0,0.0,0.0,0.0,0.0,0.0,0.0,success,sinkhorn,1.0,100000
1D-gaussian-2c-128p,128,128,0.029718839694357,11,3.184978363414126e-17,,seconds,0.0,0.0024306569248437,megabytes,0.0,0.0,0.0,0.0,0.0,0.0,0.0,0.0,success,sinkhorn,1.0,100000
1D-gaussian-2c-128p,128,128,0.1641550359922863,11,2.6998166642687965e-17,,seconds,0.0,0.002441631630063,megabytes,0.0,0.0,0.0,0.0,0.0,0.0,0.0,0.0,success,sinkhorn,1.0,100000
1D-gaussian-2c-128p,128,128,0.2876010783968373,11,4.0438692989316946e-17,,seconds,0.0,0.0023167394101619,megabytes,0.0,0.0,0.0,0.0,0.0,0.0,0.0,0.0,success,sinkhorn,1.0,100000
1D-gaussian-2c-128p,128,128,0.4895699245242166,11,2.8039639319030515e-17,,seconds,0.0,0.0023792311549186,megabytes,0.0,0.0,0.0,0.0,0.0,0.0,0.0,0.0,success,sinkhorn,1.0,100000
1D-gaussian-2c-128p,128,128,0.1616418015033025,11,2.473793702560583e-17,,seconds,0.0,0.0023356433957815,megabytes,0.0,0.0,0.0,0.0,0.0,0.0,0.0,0.0,success,sinkhorn,1.0,100000
1D-gaussian-2c-128p,128,128,0.3598602510890115,11,2.852946034383555e-17,,seconds,0.0,0.0026699323207139,megabytes,0.0,0.0,0.0,0.0,0.0,0.0,0.0,0.0,success,sinkhorn,1.0,100000
1D-gaussian-2c-128p,128,128,0.0371548297869531,11,2.2444707933784058e-17,,seconds,0.0,0.0023706052452325,megabytes,0.0,0.0,0.0,0.0,0.0,0.0,0.0,0.0,success,sinkhorn,1.0,100000
1D-gaussian-2c-128p,128,128,0.0612745800337529,11,2.859172211295524e-17,,seconds,0.0,0.0025943014770746,megabytes,0.0,0.0,0.0,0.0,0.0,0.0,0.0,0.0,success,sinkhorn,1.0,100000
1D-gaussian-2c-128p,128,128,0.3263248114540854,11,2.0014231515814946e-12,,seconds,0.0,0.0025920737534761,megabytes,0.0,0.0,0.0,0.0,0.0,0.0,0.0,0.0,success,sinkhorn,1.0,100000
1D-gaussian-2c-128p,128,128,0.2934186471990246,11,2.6217076602864592e-17,,seconds,0.0,0.002783166244626,megabytes,0.0,0.0,0.0,0.0,0.0,0.0,0.0,0.0,success,sinkhorn,1.0,100000
1D-gaussian-2c-128p,128,128,0.4648478964364749,11,2.4064713387173606e-17,,seconds,0.0,0.0023582596331834,megabytes,0.0,0.0,0.0,0.0,0.0,0.0,0.0,0.0,success,sinkhorn,1.0,100000
1D-gaussian-2c-128p,128,128,0.2133564541311391,11,3.653299822859445e-17,,seconds,0.0,0.0025837831199169,megabytes,0.0,0.0,0.0,0.0,0.0,0.0,0.0,0.0,success,sinkhorn,1.0,100000
1D-gaussian-2c-128p,128,128,0.2796457825045524,11,6.503124698526468e-09,,seconds,0.0,0.0024370029568672,megabytes,0.0,0.0,0.0,0.0,0.0,0.0,0.0,0.0,success,sinkhorn,1.0,100000
1D-gaussian-2c-128p,128,128,0.6720523424856575,11,4.141895328695251e-17,,seconds,0.0,0.0023722536861896,megabytes,0.0,0.0,0.0,0.0,0.0,0.0,0.0,0.0,success,sinkhorn,1.0,100000
1D-gaussian-2c-128p,128,128,0.4738327581205588,11,2.5876190897203555e-17,,seconds,0.0,0.0026883222162723,megabytes,0.0,0.0,0.0,0.0,0.0,0.0,0.0,0.0,success,sinkhorn,1.0,100000
1D-gaussian-2c-128p,128,128,0.2434831059433675,11,3.951653222997036e-12,,seconds,0.0,0.0023095905780792,megabytes,0.0,0.0,0.0,0.0,0.0,0.0,0.0,0.0,success,sinkhorn,1.0,100000
1D-gaussian-2c-128p,128,128,0.2724991661368537,11,4.537436364520778e-13,,seconds,0.0,0.0025337692350149,megabytes,0.0,0.0,0.0,0.0,0.0,0.0,0.0,0.0,success,sinkhorn,1.0,100000
1D-gaussian-2c-128p,128,128,0.1378880638732569,11,3.265993105308654e-17,,seconds,0.0,0.0023101549595594,megabytes,0.0,0.0,0.0,0.0,0.0,0.0,0.0,0.0,success,sinkhorn,1.0,100000
1D-gaussian-2c-256p,256,256,0.0721986889227623,11,2.7080568812218116e-17,,seconds,0.5452573299407959,0.4742772616446018,megabytes,88268.0,88268.0,0.0,0.0,0.044457984,0.044457984,0.67265625,0.4820312499999999,success,sinkhorn,1.0,100000
1D-gaussian-2c-256p,256,256,0.0612745800337529,11,2.5620835460169373e-17,,seconds,0.0,0.0025198217481374,megabytes,0.0,0.0,0.0,0.0,0.0,0.0,0.0,0.0,success,sinkhorn,1.0,100000
1D-gaussian-2c-256p,256,256,0.2724991661368537,11,3.208419455933748e-13,,seconds,0.0,0.0026275254786014,megabytes,0.0,0.0,0.0,0.0,0.0,0.0,0.0,0.0,success,sinkhorn,1.0,100000
1D-gaussian-2c-256p,256,256,0.2934186471883129,11,1.8328516950743733e-17,,seconds,0.0,0.0025197118520736,megabytes,0.0,0.0,0.0,0.0,0.0,0.0,0.0,0.0,success,sinkhorn,1.0,100000
1D-gaussian-2c-256p,256,256,0.3263248102434382,11,1.4152418485893828e-12,,seconds,0.0,0.002609372138977,megabytes,0.0,0.0,0.0,0.0,0.0,0.0,0.0,0.0,success,sinkhorn,1.0,100000
1D-gaussian-2c-256p,256,256,0.2876010783968355,11,2.2136026803896002e-17,,seconds,0.0,0.0026817787438631,megabytes,0.0,0.0,0.0,0.0,0.0,0.0,0.0,0.0,success,sinkhorn,1.0,100000
1D-gaussian-2c-256p,256,256,0.4648478964364631,11,2.4248159761845082e-17,,seconds,0.0,0.0027249176055192,megabytes,0.0,0.0,0.0,0.0,0.0,0.0,0.0,0.0,success,sinkhorn,1.0,100000
1D-gaussian-2c-256p,256,256,0.4738327576809045,11,2.445326624963885e-17,,seconds,0.0,0.0024863425642251,megabytes,0.0,0.0,0.0,0.0,0.0,0.0,0.0,0.0,success,sinkhorn,1.0,100000
1D-gaussian-2c-256p,256,256,0.219722702143864,11,3.3621888280039016e-17,,seconds,0.0,0.0024747159332036,megabytes,0.0,0.0,0.0,0.0,0.0,0.0,0.0,0.0,success,sinkhorn,1.0,100000
1D-gaussian-2c-256p,256,256,0.2434831059433675,11,2.7942483834016266e-12,,seconds,0.0,0.0024432409554719,megabytes,0.0,0.0,0.0,0.0,0.0,0.0,0.0,0.0,success,sinkhorn,1.0,100000
1D-gaussian-2c-256p,256,256,0.0297188396943545,11,1.791138852536487e-17,,seconds,0.0,0.002609634771943,megabytes,0.0,0.0,0.0,0.0,0.0,0.0,0.0,0.0,success,sinkhorn,1.0,100000
1D-gaussian-2c-256p,256,256,0.5718846609116561,11,2.297444199185102e-17,,seconds,0.0,0.002506410703063,megabytes,0.0,0.0,0.0,0.0,0.0,0.0,0.0,0.0,success,sinkhorn,1.0,100000
1D-gaussian-2c-256p,256,256,0.1641550359922863,11,2.3277494240688768e-17,,seconds,0.0,0.0024967957288026,megabytes,0.0,0.0,0.0,0.0,0.0,0.0,0.0,0.0,success,sinkhorn,1.0,100000
1D-gaussian-2c-256p,256,256,0.3598602510841732,11,1.7185330611704068e-17,,seconds,0.0,0.0024627782404422,megabytes,0.0,0.0,0.0,0.0,0.0,0.0,0.0,0.0,success,sinkhorn,1.0,100000
1D-gaussian-2c-256p,256,256,0.1078774022491413,11,2.8532070666142315e-17,,seconds,0.0,0.0027131922543048,megabytes,0.0,0.0,0.0,0.0,0.0,0.0,0.0,0.0,success,sinkhorn,1.0,100000
1D-gaussian-2c-256p,256,256,0.6720523424856575,11,2.215543297696832e-17,,seconds,0.0,0.0023784171789884,megabytes,0.0,0.0,0.0,0.0,0.0,0.0,0.0,0.0,success,sinkhorn,1.0,100000
1D-gaussian-2c-256p,256,256,0.2796457674386932,11,4.598369675659095e-09,,seconds,0.0,0.0024763867259025,megabytes,0.0,0.0,0.0,0.0,0.0,0.0,0.0,0.0,success,sinkhorn,1.0,100000
1D-gaussian-2c-256p,256,256,0.1378880638729405,11,2.485789211342868e-17,,seconds,0.0,0.0024124644696712,megabytes,0.0,0.0,0.0,0.0,0.0,0.0,0.0,0.0,success,sinkhorn,1.0,100000
1D-gaussian-2c-256p,256,256,0.1616418015032895,11,1.7356673478323134e-17,,seconds,0.0,0.0024002976715564,megabytes,0.0,0.0,0.0,0.0,0.0,0.0,0.0,0.0,success,sinkhorn,1.0,100000
1D-gaussian-2c-256p,256,256,0.0436675688685368,11,2.2326859353845082e-17,,seconds,0.0,0.0024570431560277,megabytes,0.0,0.0,0.0,0.0,0.0,0.0,0.0,0.0,success,sinkhorn,1.0,100000
1D-gaussian-2c-256p,256,256,0.0285265824416385,11,2.0150682210886048e-17,,seconds,0.0,0.0024039149284362,megabytes,0.0,0.0,0.0,0.0,0.0,0.0,0.0,0.0,success,sinkhorn,1.0,100000
1D-gaussian-2c-256p,256,256,0.4895699245242069,11,2.3075204669811746e-17,,seconds,0.0,0.0025143940001726,megabytes,0.0,0.0,0.0,0.0,0.0,0.0,0.0,0.0,success,sinkhorn,1.0,100000
1D-gaussian-2c-256p,256,256,0.213356454131139,11,2.560034110072256e-17,,seconds,0.0,0.0024678651243448,megabytes,0.0,0.0,0.0,0.0,0.0,0.0,0.0,0.0,success,sinkhorn,1.0,100000
1D-gaussian-2c-256p,256,256,0.2348895368278282,11,2.6249055519208325e-17,,seconds,0.0,0.0025845523923635,megabytes,0.0,0.0,0.0,0.0,0.0,0.0,0.0,0.0,success,sinkhorn,1.0,100000
1D-gaussian-2c-256p,256,256,0.076232050742412,11,3.475010546107073e-17,,seconds,0.0,0.0023846291005611,megabytes,0.0,0.0,0.0,0.0,0.0,0.0,0.0,0.0,success,sinkhorn,1.0,100000
1D-gaussian-2c-256p,256,256,0.7374264732567102,11,2.161299906830265e-17,,seconds,0.0,0.0024579130113124,megabytes,0.0,0.0,0.0,0.0,0.0,0.0,0.0,0.0,success,sinkhorn,1.0,100000
1D-gaussian-2c-256p,256,256,0.0371548297869531,11,2.284782012654693e-17,,seconds,0.0,0.0025274083018302,megabytes,0.0,0.0,0.0,0.0,0.0,0.0,0.0,0.0,success,sinkhorn,1.0,100000
1D-gaussian-2c-256p,256,256,0.1807805136895668,11,2.0833954884483691e-16,,seconds,0.0,0.0025815796107053,megabytes,0.0,0.0,0.0,0.0,0.0,0.0,0.0,0.0,success,sinkhorn,1.0,100000
1D-gaussian-2c-256p,256,256,0.0901374116111339,11,3.560729948287831e-17,,seconds,0.0,0.0024528391659259,megabytes,0.0,0.0,0.0,0.0,0.0,0.0,0.0,0.0,success,sinkhorn,1.0,100000
1D-gaussian-2c-256p,256,256,0.2341899953868551,11,2.6434780872538415e-17,,seconds,0.0,0.0025706775486469,megabytes,0.0,0.0,0.0,0.0,0.0,0.0,0.0,0.0,success,sinkhorn,1.0,100000
1D-gaussian-2c-512p,512,512,0.3598602510829082,11,1.255398312973964e-17,,seconds,0.8188028335571289,0.5150064919143915,megabytes,88268.0,88268.0,0.0,0.0,0.05042176,0.08040448,0.6625,0.33515625,success,sinkhorn,1.0,100000
1D-gaussian-2c-512p,512,512,0.0436675688685368,11,1.5006170427597338e-17,,seconds,0.0,0.0025631561875343,megabytes,0.0,0.0,0.0,0.0,0.0,0.0,0.0,0.0,success,sinkhorn,1.0,100000
1D-gaussian-2c-512p,512,512,0.473832757567717,11,1.366169903504104e-17,,seconds,0.0,0.0028721820563077,megabytes,0.0,0.0,0.0,0.0,0.0,0.0,0.0,0.0,success,sinkhorn,1.0,100000
1D-gaussian-2c-512p,512,512,0.3263248099357848,11,1.000729913927403e-12,,seconds,0.0,0.0026247557252645,megabytes,0.0,0.0,0.0,0.0,0.0,0.0,0.0,0.0,success,sinkhorn,1.0,100000
1D-gaussian-2c-512p,512,512,0.2934186471855202,11,3.00648294350848e-17,,seconds,0.0,0.0026167314499616,megabytes,0.0,0.0,0.0,0.0,0.0,0.0,0.0,0.0,success,sinkhorn,1.0,100000
1D-gaussian-2c-512p,512,512,0.1378880638728583,11,1.2801345601922095e-17,,seconds,0.0,0.0027104523032903,megabytes,0.0,0.0,0.0,0.0,0.0,0.0,0.0,0.0,success,sinkhorn,1.0,100000
1D-gaussian-2c-512p,512,512,0.7374264732567102,11,1.860049503631919e-17,,seconds,0.0,0.0025240145623683,megabytes,0.0,0.0,0.0,0.0,0.0,0.0,0.0,0.0,success,sinkhorn,1.0,100000
1D-gaussian-2c-512p,512,512,0.076232050742412,11,1.9634081613808006e-17,,seconds,0.0,0.0025061480700969,megabytes,0.0,0.0,0.0,0.0,0.0,0.0,0.0,0.0,success,sinkhorn,1.0,100000
1D-gaussian-2c-512p,512,512,0.0721986889227623,11,1.590768672229422e-17,,seconds,0.0,0.0024731960147619,megabytes,0.0,0.0,0.0,0.0,0.0,0.0,0.0,0.0,success,sinkhorn,1.0,100000
1D-gaussian-2c-512p,512,512,0.0297188396943538,11,2.0824629475556738e-17,,seconds,0.0,0.0025843176990747,megabytes,0.0,0.0,0.0,0.0,0.0,0.0,0.0,0.0,success,sinkhorn,1.0,100000
1D-gaussian-2c-512p,512,512,0.2341899948838646,11,1.670114715461534e-17,,seconds,0.0,0.0025272835046052,megabytes,0.0,0.0,0.0,0.0,0.0,0.0,0.0,0.0,success,sinkhorn,1.0,100000
1D-gaussian-2c-512p,512,512,0.1078774022491413,11,1.232814499366887e-17,,seconds,0.0,0.0026448406279087,megabytes,0.0,0.0,0.0,0.0,0.0,0.0,0.0,0.0,success,sinkhorn,1.0,100000
1D-gaussian-2c-512p,512,512,0.1616418015032862,11,1.820068134465522e-17,,seconds,0.0,0.0025809369981288,megabytes,0.0,0.0,0.0,0.0,0.0,0.0,0.0,0.0,success,sinkhorn,1.0,100000
1D-gaussian-2c-512p,512,512,0.213356454131139,11,1.6263415762670033e-17,,seconds,0.0,0.0026312060654163,megabytes,0.0,0.0,0.0,0.0,0.0,0.0,0.0,0.0,success,sinkhorn,1.0,100000
1D-gaussian-2c-512p,512,512,0.4895699245242043,11,1.5988373899636368e-17,,seconds,0.0,0.002553254365921,megabytes,0.0,0.0,0.0,0.0,0.0,0.0,0.0,0.0,success,sinkhorn,1.0,100000
1D-gaussian-2c-512p,512,512,0.2796457636383361,11,3.251532376992861e-09,,seconds,0.0,0.002570217475295,megabytes,0.0,0.0,0.0,0.0,0.0,0.0,0.0,0.0,success,sinkhorn,1.0,100000
1D-gaussian-2c-512p,512,512,0.0901374116111339,11,1.811863493900048e-17,,seconds,0.0,0.0027676559984683,megabytes,0.0,0.0,0.0,0.0,0.0,0.0,0.0,0.0,success,sinkhorn,1.0,100000
1D-gaussian-2c-512p,512,512,0.0371548297869531,11,1.3815086367155425e-17,,seconds,0.0,0.0025599487125873,megabytes,0.0,0.0,0.0,0.0,0.0,0.0,0.0,0.0,success,sinkhorn,1.0,100000
1D-gaussian-2c-512p,512,512,0.5718846609110941,11,1.7731675387066686e-17,,seconds,0.0,0.0025019589811563,megabytes,0.0,0.0,0.0,0.0,0.0,0.0,0.0,0.0,success,sinkhorn,1.0,100000
1D-gaussian-2c-512p,512,512,0.287601078396835,11,3.9680395548500116e-17,,seconds,0.0,0.0025389976799488,megabytes,0.0,0.0,0.0,0.0,0.0,0.0,0.0,0.0,success,sinkhorn,1.0,100000
1D-gaussian-2c-512p,512,512,0.6720523424856575,11,1.8748675100741748e-17,,seconds,0.0,0.0025748834013938,megabytes,0.0,0.0,0.0,0.0,0.0,0.0,0.0,0.0,success,sinkhorn,1.0,100000
1D-gaussian-2c-512p,512,512,0.46484789643646,11,1.6601289632569094e-17,,seconds,0.0,0.002542270347476,megabytes,0.0,0.0,0.0,0.0,0.0,0.0,0.0,0.0,success,sinkhorn,1.0,100000
1D-gaussian-2c-512p,512,512,0.0612745800337528,11,3.333090639474615e-17,,seconds,0.0,0.0025000255554914,megabytes,0.0,0.0,0.0,0.0,0.0,0.0,0.0,0.0,success,sinkhorn,1.0,100000
1D-gaussian-2c-512p,512,512,0.2724991661368537,11,2.2686884333848947e-13,,seconds,0.0,0.002534007653594,megabytes,0.0,0.0,0.0,0.0,0.0,0.0,0.0,0.0,success,sinkhorn,1.0,100000
1D-gaussian-2c-512p,512,512,0.2348895368278282,11,2.247970057675221e-17,,seconds,0.0,0.0024488437920808,megabytes,0.0,0.0,0.0,0.0,0.0,0.0,0.0,0.0,success,sinkhorn,1.0,100000
1D-gaussian-2c-512p,512,512,0.219722702143864,11,1.969809775722035e-17,,seconds,0.0,0.0026041753590106,megabytes,0.0,0.0,0.0,0.0,0.0,0.0,0.0,0.0,success,sinkhorn,1.0,100000
1D-gaussian-2c-512p,512,512,0.2434831059433675,11,1.975830746273043e-12,,seconds,0.0,0.0028160773217678,megabytes,0.0,0.0,0.0,0.0,0.0,0.0,0.0,0.0,success,sinkhorn,1.0,100000
1D-gaussian-2c-512p,512,512,0.0285265824416385,11,1.7846748433858072e-17,,seconds,0.0,0.0026738438755273,megabytes,0.0,0.0,0.0,0.0,0.0,0.0,0.0,0.0,success,sinkhorn,1.0,100000
1D-gaussian-2c-512p,512,512,0.1807805136895665,11,1.4810975020928682e-16,,seconds,0.0,0.0027067959308624,megabytes,0.0,0.0,0.0,0.0,0.0,0.0,0.0,0.0,success,sinkhorn,1.0,100000
1D-gaussian-2c-512p,512,512,0.1641550359922863,11,1.6120122795375746e-17,,seconds,0.0,0.0026060510426759,megabytes,0.0,0.0,0.0,0.0,0.0,0.0,0.0,0.0,success,sinkhorn,1.0,100000
1D-gaussian-2c-1024p,1024,1024,0.4648478964364593,11,1.0382255496247427e-17,,seconds,0.7301373481750488,0.6859628669917583,megabytes,88270.0,88270.0,0.0,0.0,0.05799936,0.05799936,0.784375,0.4468750000000001,success,sinkhorn,1.0,100000
1D-gaussian-2c-1024p,1024,1024,0.3598602510825884,11,1.3800629132499e-17,,seconds,0.0,0.0029695145785808,megabytes,0.0,0.0,0.0,0.0,0.0,0.0,0.0,0.0,success,sinkhorn,1.0,100000
1D-gaussian-2c-1024p,1024,1024,0.4895699245242036,11,1.1578905634607364e-17,,seconds,0.0,0.0026617292314767,megabytes,0.0,0.0,0.0,0.0,0.0,0.0,0.0,0.0,success,sinkhorn,1.0,100000
1D-gaussian-2c-1024p,1024,1024,0.0285265824416385,11,1.1401087140240073e-17,,seconds,0.0,0.0026846434921026,megabytes,0.0,0.0,0.0,0.0,0.0,0.0,0.0,0.0,success,sinkhorn,1.0,100000
1D-gaussian-2c-1024p,1024,1024,0.1616418015032853,11,9.199589107093036e-18,,seconds,0.0,0.002529852092266,megabytes,0.0,0.0,0.0,0.0,0.0,0.0,0.0,0.0,success,sinkhorn,1.0,100000
1D-gaussian-2c-1024p,1024,1024,0.2133564541311391,11,1.123722964480558e-17,,seconds,0.0,0.0026799254119396,megabytes,0.0,0.0,0.0,0.0,0.0,0.0,0.0,0.0,success,sinkhorn,1.0,100000
1D-gaussian-2c-1024p,1024,1024,0.0901374116111339,11,1.7026501428948478e-17,,seconds,0.0,0.0027628950774669,megabytes,0.0,0.0,0.0,0.0,0.0,0.0,0.0,0.0,success,sinkhorn,1.0,100000
1D-gaussian-2c-1024p,1024,1024,0.1078774022491413,11,8.65769741941877e-18,,seconds,0.0,0.0026380103081464,megabytes,0.0,0.0,0.0,0.0,0.0,0.0,0.0,0.0,success,sinkhorn,1.0,100000
1D-gaussian-2c-1024p,1024,1024,0.2934186471848147,11,8.9260135008586e-18,,seconds,0.0,0.002714654430747,megabytes,0.0,0.0,0.0,0.0,0.0,0.0,0.0,0.0,success,sinkhorn,1.0,100000
1D-gaussian-2c-1024p,1024,1024,0.3263248098585555,11,7.076228320110808e-13,,seconds,0.0,0.002603318542242,megabytes,0.0,0.0,0.0,0.0,0.0,0.0,0.0,0.0,success,sinkhorn,1.0,100000
1D-gaussian-2c-1024p,1024,1024,0.2724991661368537,11,1.6042240660998044e-13,,seconds,0.0,0.0025976002216339,megabytes,0.0,0.0,0.0,0.0,0.0,0.0,0.0,0.0,success,sinkhorn,1.0,100000
1D-gaussian-2c-1024p,1024,1024,0.2434831059433675,11,1.3971234361946809e-12,,seconds,0.0,0.002619544044137,megabytes,0.0,0.0,0.0,0.0,0.0,0.0,0.0,0.0,success,sinkhorn,1.0,100000
1D-gaussian-2c-1024p,1024,1024,0.2348895368278282,11,1.3798062103094379e-17,,seconds,0.0,0.0026216823607683,megabytes,0.0,0.0,0.0,0.0,0.0,0.0,0.0,0.0,success,sinkhorn,1.0,100000
1D-gaussian-2c-1024p,1024,1024,0.5718846609109518,11,3.4669939680274906e-17,,seconds,0.0,0.0025546476244926,megabytes,0.0,0.0,0.0,0.0,0.0,0.0,0.0,0.0,success,sinkhorn,1.0,100000
1D-gaussian-2c-1024p,1024,1024,0.0297188396943536,11,1.2268762414953281e-17,,seconds,0.0,0.0025416743010282,megabytes,0.0,0.0,0.0,0.0,0.0,0.0,0.0,0.0,success,sinkhorn,1.0,100000
1D-gaussian-2c-1024p,1024,1024,0.076232050742412,11,1.4619452495933916e-17,,seconds,0.0,0.0026279501616954,megabytes,0.0,0.0,0.0,0.0,0.0,0.0,0.0,0.0,success,sinkhorn,1.0,100000
1D-gaussian-2c-1024p,1024,1024,0.0371548297869531,11,9.457572516808173e-18,,seconds,0.0,0.0026481915265321,megabytes,0.0,0.0,0.0,0.0,0.0,0.0,0.0,0.0,success,sinkhorn,1.0,100000
1D-gaussian-2c-1024p,1024,1024,0.7374264732567102,11,1.0614739712464559e-17,,seconds,0.0,0.002799242734909,megabytes,0.0,0.0,0.0,0.0,0.0,0.0,0.0,0.0,success,sinkhorn,1.0,100000
1D-gaussian-2c-1024p,1024,1024,0.1807805136895664,11,1.0405713133361684e-16,,seconds,0.0,0.0025619771331548,megabytes,0.0,0.0,0.0,0.0,0.0,0.0,0.0,0.0,success,sinkhorn,1.0,100000
1D-gaussian-2c-1024p,1024,1024,0.219722702143864,11,1.832814196115202e-17,,seconds,0.0,0.0025855414569377,megabytes,0.0,0.0,0.0,0.0,0.0,0.0,0.0,0.0,success,sinkhorn,1.0,100000
1D-gaussian-2c-1024p,1024,1024,0.2876010783968349,11,1.3122903496999993e-17,,seconds,0.0,0.0026009902358055,megabytes,0.0,0.0,0.0,0.0,0.0,0.0,0.0,0.0,success,sinkhorn,1.0,100000
1D-gaussian-2c-1024p,1024,1024,0.0436675688685368,11,1.0997757111386076e-17,,seconds,0.0,0.0027536284178495,megabytes,0.0,0.0,0.0,0.0,0.0,0.0,0.0,0.0,success,sinkhorn,1.0,100000
1D-gaussian-2c-1024p,1024,1024,0.1641550359922863,11,1.0499468069956865e-17,,seconds,0.0,0.0025394223630428,megabytes,0.0,0.0,0.0,0.0,0.0,0.0,0.0,0.0,success,sinkhorn,1.0,100000
1D-gaussian-2c-1024p,1024,1024,0.2796457626861178,11,2.299179527249674e-09,,seconds,0.0,0.0025245584547519,megabytes,0.0,0.0,0.0,0.0,0.0,0.0,0.0,0.0,success,sinkhorn,1.0,100000
1D-gaussian-2c-1024p,1024,1024,0.0721986889227623,11,1.2019334083000594e-17,,seconds,0.0,0.0028217788785696,megabytes,0.0,0.0,0.0,0.0,0.0,0.0,0.0,0.0,success,sinkhorn,1.0,100000
1D-gaussian-2c-1024p,1024,1024,0.0612745800337528,11,1.8955451044017602e-17,,seconds,0.0,0.0028217826038599,megabytes,0.0,0.0,0.0,0.0,0.0,0.0,0.0,0.0,success,sinkhorn,1.0,100000
1D-gaussian-2c-1024p,1024,1024,0.4738327575392107,11,7.104030630244667e-18,,seconds,0.0,0.0025545172393321,megabytes,0.0,0.0,0.0,0.0,0.0,0.0,0.0,0.0,success,sinkhorn,1.0,100000
1D-gaussian-2c-1024p,1024,1024,0.1378880638728375,11,8.209327259944639e-18,,seconds,0.0,0.0028745140880346,megabytes,0.0,0.0,0.0,0.0,0.0,0.0,0.0,0.0,success,sinkhorn,1.0,100000
1D-gaussian-2c-1024p,1024,1024,0.2341899947575561,11,2.114846637717117e-17,,seconds,0.0,0.0028440076857805,megabytes,0.0,0.0,0.0,0.0,0.0,0.0,0.0,0.0,success,sinkhorn,1.0,100000
1D-gaussian-2c-1024p,1024,1024,0.6720523424856575,11,1.1407029046748413e-17,,seconds,0.0,0.0025502443313598,megabytes,0.0,0.0,0.0,0.0,0.0,0.0,0.0,0.0,success,sinkhorn,1.0,100000
1D-gaussian-2c-2048p,2048,2048,0.076232050742412,11,1.2664664518344054e-17,,seconds,1.0374128818511963,0.7559798434376717,megabytes,88270.0,88270.0,0.0,0.0,0.09551872,0.124461056,0.7515625,0.3984375,success,sinkhorn,1.0,100000
1D-gaussian-2c-2048p,2048,2048,0.2876010783968348,11,1.1959034794106104e-17,,seconds,0.0,0.0031410455703735,megabytes,0.0,0.0,0.0,0.0,0.0,0.0,0.0,0.0,success,sinkhorn,1.0,100000
1D-gaussian-2c-2048p,2048,2048,0.6720523424856574,11,9.618578014155744e-18,,seconds,0.0,0.0029888115823268,megabytes,0.0,0.0,0.0,0.0,0.0,0.0,0.0,0.0,success,sinkhorn,1.0,100000
1D-gaussian-2c-2048p,2048,2048,0.3263248098392284,11,5.00364465532067e-13,,seconds,0.0,0.003169622272253,megabytes,0.0,0.0,0.0,0.0,0.0,0.0,0.0,0.0,success,sinkhorn,1.0,100000
1D-gaussian-2c-2048p,2048,2048,0.1078774022491413,11,6.160433910102093e-18,,seconds,0.0,0.0029587540775537,megabytes,0.0,0.0,0.0,0.0,0.0,0.0,0.0,0.0,success,sinkhorn,1.0,100000
1D-gaussian-2c-2048p,2048,2048,0.2348895368278282,11,8.903664740382634e-18,,seconds,0.0,0.0028150547295808,megabytes,0.0,0.0,0.0,0.0,0.0,0.0,0.0,0.0,success,sinkhorn,1.0,100000
1D-gaussian-2c-2048p,2048,2048,0.3598602510825082,11,1.2029011224070662e-17,,seconds,0.0,0.002896187826991,megabytes,0.0,0.0,0.0,0.0,0.0,0.0,0.0,0.0,success,sinkhorn,1.0,100000
1D-gaussian-2c-2048p,2048,2048,0.1378880638728323,11,5.8035717222696294e-18,,seconds,0.0,0.0027736462652683,megabytes,0.0,0.0,0.0,0.0,0.0,0.0,0.0,0.0,success,sinkhorn,1.0,100000
1D-gaussian-2c-2048p,2048,2048,0.2934186471846378,11,6.2819802517526095e-18,,seconds,0.0,0.0026642587035894,megabytes,0.0,0.0,0.0,0.0,0.0,0.0,0.0,0.0,success,sinkhorn,1.0,100000
1D-gaussian-2c-2048p,2048,2048,0.4738327575320711,11,5.098618179675701e-18,,seconds,0.0,0.0030801594257354,megabytes,0.0,0.0,0.0,0.0,0.0,0.0,0.0,0.0,success,sinkhorn,1.0,100000
1D-gaussian-2c-2048p,2048,2048,0.4895699245242034,11,8.146683677903467e-18,,seconds,0.0,0.0028621908277273,megabytes,0.0,0.0,0.0,0.0,0.0,0.0,0.0,0.0,success,sinkhorn,1.0,100000
1D-gaussian-2c-2048p,2048,2048,0.1641550359922863,11,7.41824921852112e-18,,seconds,0.0,0.0032109506428241,megabytes,0.0,0.0,0.0,0.0,0.0,0.0,0.0,0.0,success,sinkhorn,1.0,100000
1D-gaussian-2c-2048p,2048,2048,0.0721986889227623,11,8.949088357918036e-18,,seconds,0.0,0.0030944757163524,megabytes,0.0,0.0,0.0,0.0,0.0,0.0,0.0,0.0,success,sinkhorn,1.0,100000
1D-gaussian-2c-2048p,2048,2048,0.0612745800337528,11,1.1571503972155128e-17,,seconds,0.0,0.0030205696821212,megabytes,0.0,0.0,0.0,0.0,0.0,0.0,0.0,0.0,success,sinkhorn,1.0,100000
1D-gaussian-2c-2048p,2048,2048,0.1616418015032851,11,7.123776831348342e-18,,seconds,0.0,0.0027025323361158,megabytes,0.0,0.0,0.0,0.0,0.0,0.0,0.0,0.0,success,sinkhorn,1.0,100000
1D-gaussian-2c-2048p,2048,2048,0.7374264732567102,11,1.1648773142908549e-17,,seconds,0.0,0.0027284529060125,megabytes,0.0,0.0,0.0,0.0,0.0,0.0,0.0,0.0,success,sinkhorn,1.0,100000
1D-gaussian-2c-2048p,2048,2048,0.2434831059433675,11,9.879151998726638e-13,,seconds,0.0,0.002754483371973,megabytes,0.0,0.0,0.0,0.0,0.0,0.0,0.0,0.0,success,sinkhorn,1.0,100000
1D-gaussian-2c-2048p,2048,2048,0.2341899947259438,11,1.643416852658691e-17,,seconds,0.0,0.0029840059578418,megabytes,0.0,0.0,0.0,0.0,0.0,0.0,0.0,0.0,success,sinkhorn,1.0,100000
1D-gaussian-2c-2048p,2048,2048,0.0371548297869531,11,7.066470001916859e-18,,seconds,0.0,0.0027996990829706,megabytes,0.0,0.0,0.0,0.0,0.0,0.0,0.0,0.0,success,sinkhorn,1.0,100000
1D-gaussian-2c-2048p,2048,2048,0.2197227021438639,11,7.896231543675378e-18,,seconds,0.0,0.0028725005686283,megabytes,0.0,0.0,0.0,0.0,0.0,0.0,0.0,0.0,success,sinkhorn,1.0,100000
1D-gaussian-2c-2048p,2048,2048,0.1807805136895664,11,7.382666535352924e-17,,seconds,0.0,0.0027388855814933,megabytes,0.0,0.0,0.0,0.0,0.0,0.0,0.0,0.0,success,sinkhorn,1.0,100000
1D-gaussian-2c-2048p,2048,2048,0.4648478964364591,11,9.236866393870477e-18,,seconds,0.0,0.0027550067752599,megabytes,0.0,0.0,0.0,0.0,0.0,0.0,0.0,0.0,success,sinkhorn,1.0,100000
1D-gaussian-2c-2048p,2048,2048,0.0436675688685368,11,9.599854277225649e-18,,seconds,0.0,0.0027357153594493,megabytes,0.0,0.0,0.0,0.0,0.0,0.0,0.0,0.0,success,sinkhorn,1.0,100000
1D-gaussian-2c-2048p,2048,2048,0.2796457624479299,11,1.6257652466744231e-09,,seconds,0.0,0.002741165459156,megabytes,0.0,0.0,0.0,0.0,0.0,0.0,0.0,0.0,success,sinkhorn,1.0,100000
1D-gaussian-2c-2048p,2048,2048,0.0901374116111339,11,2.0082104277807346e-17,,seconds,0.0,0.0028132274746894,megabytes,0.0,0.0,0.0,0.0,0.0,0.0,0.0,0.0,success,sinkhorn,1.0,100000
1D-gaussian-2c-2048p,2048,2048,0.5718846609109162,11,1.1091520684262614e-17,,seconds,0.0,0.0028557404875755,megabytes,0.0,0.0,0.0,0.0,0.0,0.0,0.0,0.0,success,sinkhorn,1.0,100000
1D-gaussian-2c-2048p,2048,2048,0.2724991661368537,11,1.1343602664381255e-13,,seconds,0.0,0.0028831679373979,megabytes,0.0,0.0,0.0,0.0,0.0,0.0,0.0,0.0,success,sinkhorn,1.0,100000
1D-gaussian-2c-2048p,2048,2048,0.0285265824416385,11,8.111953039578422e-18,,seconds,0.0,0.0027942359447479,megabytes,0.0,0.0,0.0,0.0,0.0,0.0,0.0,0.0,success,sinkhorn,1.0,100000
1D-gaussian-2c-2048p,2048,2048,0.2133564541311391,11,7.857171818901424e-18,,seconds,0.0,0.0026858579367399,megabytes,0.0,0.0,0.0,0.0,0.0,0.0,0.0,0.0,success,sinkhorn,1.0,100000
1D-gaussian-2c-2048p,2048,2048,0.0297188396943536,11,9.278700479521968e-18,,seconds,0.0,0.0027174931019544,megabytes,0.0,0.0,0.0,0.0,0.0,0.0,0.0,0.0,success,sinkhorn,1.0,100000
1D-gaussian-4c-32p,32,32,0.0944742078060207,11,4.474501840431758e-17,,seconds,0.0,0.0028206575661897,megabytes,0.0,0.0,0.0,0.0,0.0,0.0,0.0,0.0,success,sinkhorn,1.0,100000
1D-gaussian-4c-32p,32,32,0.2265323112958805,11,1.4569657328364955e-16,,seconds,0.0,0.0023743230849504,megabytes,0.0,0.0,0.0,0.0,0.0,0.0,0.0,0.0,success,sinkhorn,1.0,100000
1D-gaussian-4c-32p,32,32,0.3740649666293096,11,9.818898649575016e-16,,seconds,0.0,0.0024090129882097,megabytes,0.0,0.0,0.0,0.0,0.0,0.0,0.0,0.0,success,sinkhorn,1.0,100000
1D-gaussian-4c-32p,32,32,0.1388578398134683,11,7.45174346102332e-17,,seconds,0.0,0.0023569967597723,megabytes,0.0,0.0,0.0,0.0,0.0,0.0,0.0,0.0,success,sinkhorn,1.0,100000
1D-gaussian-4c-32p,32,32,0.2324196691800472,11,1.0246995452374356e-16,,seconds,0.0,0.0023326221853494,megabytes,0.0,0.0,0.0,0.0,0.0,0.0,0.0,0.0,success,sinkhorn,1.0,100000
1D-gaussian-4c-32p,32,32,0.1847342992472537,11,6.324024504879954e-17,,seconds,0.0,0.0022723153233528,megabytes,0.0,0.0,0.0,0.0,0.0,0.0,0.0,0.0,success,sinkhorn,1.0,100000
1D-gaussian-4c-32p,32,32,0.2012385362866175,11,3.141813554627921e-16,,seconds,0.0,0.002420250326395,megabytes,0.0,0.0,0.0,0.0,0.0,0.0,0.0,0.0,success,sinkhorn,1.0,100000
1D-gaussian-4c-32p,32,32,0.1438567947992916,11,5.391625406140793e-17,,seconds,0.0,0.0023992676287889,megabytes,0.0,0.0,0.0,0.0,0.0,0.0,0.0,0.0,success,sinkhorn,1.0,100000
1D-gaussian-4c-32p,32,32,0.2801258182259369,11,1.6727284386458113e-13,,seconds,0.0,0.0024047922343015,megabytes,0.0,0.0,0.0,0.0,0.0,0.0,0.0,0.0,success,sinkhorn,1.0,100000
1D-gaussian-4c-32p,32,32,0.1574832889231376,11,5.3980666685581685e-17,,seconds,0.0,0.002646142616868,megabytes,0.0,0.0,0.0,0.0,0.0,0.0,0.0,0.0,success,sinkhorn,1.0,100000
1D-gaussian-4c-32p,32,32,0.2022652111199597,11,9.68654401921372e-17,,seconds,0.0,0.002414483577013,megabytes,0.0,0.0,0.0,0.0,0.0,0.0,0.0,0.0,success,sinkhorn,1.0,100000
1D-gaussian-4c-32p,32,32,0.2826850017469279,11,3.9434461743840106e-15,,seconds,0.0,0.0028152093291282,megabytes,0.0,0.0,0.0,0.0,0.0,0.0,0.0,0.0,success,sinkhorn,1.0,100000
1D-gaussian-4c-32p,32,32,0.2078607648479841,11,4.4703493240645613e-17,,seconds,0.0,0.0024097710847854,megabytes,0.0,0.0,0.0,0.0,0.0,0.0,0.0,0.0,success,sinkhorn,1.0,100000
1D-gaussian-4c-32p,32,32,0.2123800484319572,11,1.550586275697453e-15,,seconds,0.0,0.0024876222014427,megabytes,0.0,0.0,0.0,0.0,0.0,0.0,0.0,0.0,success,sinkhorn,1.0,100000
1D-gaussian-4c-32p,32,32,0.4152540444901341,11,2.3419075987774813e-16,,seconds,0.0,0.0025500394403934,megabytes,0.0,0.0,0.0,0.0,0.0,0.0,0.0,0.0,success,sinkhorn,1.0,100000
1D-gaussian-4c-32p,32,32,0.342933438026079,11,3.6799251632250274e-17,,seconds,0.0,0.0026568062603473,megabytes,0.0,0.0,0.0,0.0,0.0,0.0,0.0,0.0,success,sinkhorn,1.0,100000
1D-gaussian-4c-32p,32,32,0.2878153341848994,11,4.4574457574757576e-17,,seconds,0.0,0.0025421790778636,megabytes,0.0,0.0,0.0,0.0,0.0,0.0,0.0,0.0,success,sinkhorn,1.0,100000
1D-gaussian-4c-32p,32,32,0.1932820482944204,11,7.509703183217287e-17,,seconds,0.0,0.0025312192738056,megabytes,0.0,0.0,0.0,0.0,0.0,0.0,0.0,0.0,success,sinkhorn,1.0,100000
1D-gaussian-4c-32p,32,32,0.3279311581276439,11,5.2077860026735633e-17,,seconds,0.0,0.0025615002959966,megabytes,0.0,0.0,0.0,0.0,0.0,0.0,0.0,0.0,success,sinkhorn,1.0,100000
1D-gaussian-4c-32p,32,32,0.1744475645391955,11,6.834576967439077e-17,,seconds,0.0,0.0025413110852241,megabytes,0.0,0.0,0.0,0.0,0.0,0.0,0.0,0.0,success,sinkhorn,1.0,100000
1D-gaussian-4c-32p,32,32,0.2847224909125215,11,5.555365697293482e-12,,seconds,0.0,0.0024805814027786,megabytes,0.0,0.0,0.0,0.0,0.0,0.0,0.0,0.0,success,sinkhorn,1.0,100000
1D-gaussian-4c-32p,32,32,0.1882883065602099,11,6.834585533979917e-17,,seconds,0.0,0.0024888794869184,megabytes,0.0,0.0,0.0,0.0,0.0,0.0,0.0,0.0,success,sinkhorn,1.0,100000
1D-gaussian-4c-32p,32,32,0.1103166038558315,11,4.2785205918849937e-17,,seconds,0.0,0.0024486202746629,megabytes,0.0,0.0,0.0,0.0,0.0,0.0,0.0,0.0,success,sinkhorn,1.0,100000
1D-gaussian-4c-32p,32,32,0.2811742931063017,11,2.133130884490906e-15,,seconds,0.0,0.0024467799812555,megabytes,0.0,0.0,0.0,0.0,0.0,0.0,0.0,0.0,success,sinkhorn,1.0,100000
1D-gaussian-4c-32p,32,32,0.3050032723720617,11,4.9586369033651945e-17,,seconds,0.0,0.0025455821305513,megabytes,0.0,0.0,0.0,0.0,0.0,0.0,0.0,0.0,success,sinkhorn,1.0,100000
1D-gaussian-4c-32p,32,32,0.1985470626931644,11,6.359610553229002e-17,,seconds,0.0,0.0024922508746385,megabytes,0.0,0.0,0.0,0.0,0.0,0.0,0.0,0.0,success,sinkhorn,1.0,100000
1D-gaussian-4c-32p,32,32,0.1556147566671726,11,4.8091791400134757e-17,,seconds,0.0,0.002397546544671,megabytes,0.0,0.0,0.0,0.0,0.0,0.0,0.0,0.0,success,sinkhorn,1.0,100000
1D-gaussian-4c-32p,32,32,0.1886422528091528,11,4.4439627233011216e-17,,seconds,0.0,0.0023215450346469,megabytes,0.0,0.0,0.0,0.0,0.0,0.0,0.0,0.0,success,sinkhorn,1.0,100000
1D-gaussian-4c-32p,32,32,0.2999726255673411,11,8.136181656941547e-14,,seconds,0.0,0.002440508455038,megabytes,0.0,0.0,0.0,0.0,0.0,0.0,0.0,0.0,success,sinkhorn,1.0,100000
1D-gaussian-4c-32p,32,32,0.1974602956652973,11,6.218596542285357e-17,,seconds,0.0,0.002621728926897,megabytes,0.0,0.0,0.0,0.0,0.0,0.0,0.0,0.0,success,sinkhorn,1.0,100000
1D-gaussian-4c-64p,64,64,0.4157398862762409,11,1.5171675415591106e-16,,seconds,0.0,0.0029783435165882,megabytes,0.0,0.0,0.0,0.0,0.0,0.0,0.0,0.0,success,sinkhorn,1.0,100000
1D-gaussian-4c-64p,64,64,0.2012918622543066,11,2.1740192247515595e-16,,seconds,0.0,0.0024651624262332,megabytes,0.0,0.0,0.0,0.0,0.0,0.0,0.0,0.0,success,sinkhorn,1.0,100000
1D-gaussian-4c-64p,64,64,0.1104039983909342,11,2.840052277877937e-17,,seconds,0.0,0.0024367738515138,megabytes,0.0,0.0,0.0,0.0,0.0,0.0,0.0,0.0,success,sinkhorn,1.0,100000
1D-gaussian-4c-64p,64,64,0.2124345992324636,11,1.0805798172738242e-15,,seconds,0.0,0.002400329336524,megabytes,0.0,0.0,0.0,0.0,0.0,0.0,0.0,0.0,success,sinkhorn,1.0,100000
1D-gaussian-4c-64p,64,64,0.3738085428864273,11,7.347022327993445e-16,,seconds,0.0,0.0023798570036888,megabytes,0.0,0.0,0.0,0.0,0.0,0.0,0.0,0.0,success,sinkhorn,1.0,100000
1D-gaussian-4c-64p,64,64,0.1986388340504261,11,3.248512490937724e-17,,seconds,0.0,0.0024318937212228,megabytes,0.0,0.0,0.0,0.0,0.0,0.0,0.0,0.0,success,sinkhorn,1.0,100000
1D-gaussian-4c-64p,64,64,0.305081551330791,11,4.157361632114317e-17,,seconds,0.0,0.0025124438107013,megabytes,0.0,0.0,0.0,0.0,0.0,0.0,0.0,0.0,success,sinkhorn,1.0,100000
1D-gaussian-4c-64p,64,64,0.2264330986632536,11,7.84144794771553e-17,,seconds,0.0,0.0024438630789518,megabytes,0.0,0.0,0.0,0.0,0.0,0.0,0.0,0.0,success,sinkhorn,1.0,100000
1D-gaussian-4c-64p,64,64,0.1973751664300662,11,3.666188259271563e-17,,seconds,0.0,0.0023809652775526,megabytes,0.0,0.0,0.0,0.0,0.0,0.0,0.0,0.0,success,sinkhorn,1.0,100000
1D-gaussian-4c-64p,64,64,0.3000281550073942,11,5.76939042208409e-14,,seconds,0.0,0.0024613421410322,megabytes,0.0,0.0,0.0,0.0,0.0,0.0,0.0,0.0,success,sinkhorn,1.0,100000
1D-gaussian-4c-64p,64,64,0.1933220658842686,11,3.682538979203646e-17,,seconds,0.0,0.002392079681158,megabytes,0.0,0.0,0.0,0.0,0.0,0.0,0.0,0.0,success,sinkhorn,1.0,100000
1D-gaussian-4c-64p,64,64,0.2810998867836707,11,1.5077044182690225e-15,,seconds,0.0,0.0028254128992557,megabytes,0.0,0.0,0.0,0.0,0.0,0.0,0.0,0.0,success,sinkhorn,1.0,100000
1D-gaussian-4c-64p,64,64,0.1387755091040553,11,3.7571176774902337e-17,,seconds,0.0,0.002513637766242,megabytes,0.0,0.0,0.0,0.0,0.0,0.0,0.0,0.0,success,sinkhorn,1.0,100000
1D-gaussian-4c-64p,64,64,0.2801260054774708,11,1.182311277673569e-13,,seconds,0.0,0.0025019589811563,megabytes,0.0,0.0,0.0,0.0,0.0,0.0,0.0,0.0,success,sinkhorn,1.0,100000
1D-gaussian-4c-64p,64,64,0.3280765732615754,11,2.3551032746909048e-17,,seconds,0.0,0.0025211609899997,megabytes,0.0,0.0,0.0,0.0,0.0,0.0,0.0,0.0,success,sinkhorn,1.0,100000
1D-gaussian-4c-64p,64,64,0.1886422047984357,11,4.068421264722755e-17,,seconds,0.0,0.0024384297430515,megabytes,0.0,0.0,0.0,0.0,0.0,0.0,0.0,0.0,success,sinkhorn,1.0,100000
1D-gaussian-4c-64p,64,64,0.2017948350861526,11,3.580762742151581e-17,,seconds,0.0,0.0023834314197301,megabytes,0.0,0.0,0.0,0.0,0.0,0.0,0.0,0.0,success,sinkhorn,1.0,100000
1D-gaussian-4c-64p,64,64,0.2082385864635735,11,4.144411874243724e-17,,seconds,0.0,0.0024948120117187,megabytes,0.0,0.0,0.0,0.0,0.0,0.0,0.0,0.0,success,sinkhorn,1.0,100000
1D-gaussian-4c-64p,64,64,0.1846774817244009,11,2.1875245082994974e-17,,seconds,0.0,0.0025591365993022,megabytes,0.0,0.0,0.0,0.0,0.0,0.0,0.0,0.0,success,sinkhorn,1.0,100000
1D-gaussian-4c-64p,64,64,0.1744481994323579,11,4.3619443963143045e-17,,seconds,0.0,0.0025984775274991,megabytes,0.0,0.0,0.0,0.0,0.0,0.0,0.0,0.0,success,sinkhorn,1.0,100000
1D-gaussian-4c-64p,64,64,0.1556140563158783,11,2.5884606894162196e-17,,seconds,0.0,0.0024809949100017,megabytes,0.0,0.0,0.0,0.0,0.0,0.0,0.0,0.0,success,sinkhorn,1.0,100000
1D-gaussian-4c-64p,64,64,0.2878092408612103,11,2.8845486959261914e-17,,seconds,0.0,0.0025040861219167,megabytes,0.0,0.0,0.0,0.0,0.0,0.0,0.0,0.0,success,sinkhorn,1.0,100000
1D-gaussian-4c-64p,64,64,0.282694938321026,11,2.787404938357542e-15,,seconds,0.0,0.0024195276200771,megabytes,0.0,0.0,0.0,0.0,0.0,0.0,0.0,0.0,success,sinkhorn,1.0,100000
1D-gaussian-4c-64p,64,64,0.2841723347490065,11,3.98983528102841e-12,,seconds,0.0,0.0025134030729532,megabytes,0.0,0.0,0.0,0.0,0.0,0.0,0.0,0.0,success,sinkhorn,1.0,100000
1D-gaussian-4c-64p,64,64,0.1575008027589649,11,4.416101332881649e-17,,seconds,0.0,0.0027299206703901,megabytes,0.0,0.0,0.0,0.0,0.0,0.0,0.0,0.0,success,sinkhorn,1.0,100000
1D-gaussian-4c-64p,64,64,0.1438580523943904,11,3.458320293772767e-17,,seconds,0.0,0.0025103595107793,megabytes,0.0,0.0,0.0,0.0,0.0,0.0,0.0,0.0,success,sinkhorn,1.0,100000
1D-gaussian-4c-64p,64,64,0.1881975991453541,11,3.413211465463801e-17,,seconds,0.0,0.0025667902082204,megabytes,0.0,0.0,0.0,0.0,0.0,0.0,0.0,0.0,success,sinkhorn,1.0,100000
1D-gaussian-4c-64p,64,64,0.2324166065449684,11,4.438481461445128e-17,,seconds,0.0,0.0024842210114002,megabytes,0.0,0.0,0.0,0.0,0.0,0.0,0.0,0.0,success,sinkhorn,1.0,100000
1D-gaussian-4c-64p,64,64,0.094478544480454,11,4.1875725563472635e-17,,seconds,0.0,0.0024288445711135,megabytes,0.0,0.0,0.0,0.0,0.0,0.0,0.0,0.0,success,sinkhorn,1.0,100000
1D-gaussian-4c-64p,64,64,0.3428965648369902,11,4.4740818961581765e-17,,seconds,0.0,0.002662980929017,megabytes,0.0,0.0,0.0,0.0,0.0,0.0,0.0,0.0,success,sinkhorn,1.0,100000
1D-gaussian-4c-128p,128,128,0.1986387989705813,11,2.2178301020175068e-17,,seconds,0.0,0.0028265360742807,megabytes,0.0,0.0,0.0,0.0,0.0,0.0,0.0,0.0,success,sinkhorn,1.0,100000
1D-gaussian-4c-128p,128,128,0.138775496583437,11,2.7733948295497725e-17,,seconds,0.0,0.0027071610093116,megabytes,0.0,0.0,0.0,0.0,0.0,0.0,0.0,0.0,success,sinkhorn,1.0,100000
1D-gaussian-4c-128p,128,128,0.1933220658832828,11,2.3659733968544186e-17,,seconds,0.0,0.0024772603064775,megabytes,0.0,0.0,0.0,0.0,0.0,0.0,0.0,0.0,success,sinkhorn,1.0,100000
1D-gaussian-4c-128p,128,128,0.3738085383994507,11,5.173553100747334e-16,,seconds,0.0,0.002512315288186,megabytes,0.0,0.0,0.0,0.0,0.0,0.0,0.0,0.0,success,sinkhorn,1.0,100000
1D-gaussian-4c-128p,128,128,0.1886421910728975,11,2.0692522853026957e-17,,seconds,0.0,0.0025035701692104,megabytes,0.0,0.0,0.0,0.0,0.0,0.0,0.0,0.0,success,sinkhorn,1.0,100000
1D-gaussian-4c-128p,128,128,0.197375164746847,11,2.4457659055430278e-17,,seconds,0.0,0.0026223175227642,megabytes,0.0,0.0,0.0,0.0,0.0,0.0,0.0,0.0,success,sinkhorn,1.0,100000
1D-gaussian-4c-128p,128,128,0.1104039984012572,11,2.2478459703434988e-17,,seconds,0.0,0.0024322401732206,megabytes,0.0,0.0,0.0,0.0,0.0,0.0,0.0,0.0,success,sinkhorn,1.0,100000
1D-gaussian-4c-128p,128,128,0.1556140563041282,11,2.566431160296091e-17,,seconds,0.0,0.0023546889424324,megabytes,0.0,0.0,0.0,0.0,0.0,0.0,0.0,0.0,success,sinkhorn,1.0,100000
1D-gaussian-4c-128p,128,128,0.2012918605351792,11,1.6027414438884555e-16,,seconds,0.0,0.002416955307126,megabytes,0.0,0.0,0.0,0.0,0.0,0.0,0.0,0.0,success,sinkhorn,1.0,100000
1D-gaussian-4c-128p,128,128,0.2826949368921051,11,1.9746534077313548e-15,,seconds,0.0,0.0025045908987522,megabytes,0.0,0.0,0.0,0.0,0.0,0.0,0.0,0.0,success,sinkhorn,1.0,100000
1D-gaussian-4c-128p,128,128,0.2841723347004248,11,2.821250969354769e-12,,seconds,0.0,0.0025856439024209,megabytes,0.0,0.0,0.0,0.0,0.0,0.0,0.0,0.0,success,sinkhorn,1.0,100000
1D-gaussian-4c-128p,128,128,0.1575008027589603,11,2.731293942080368e-17,,seconds,0.0,0.0024436935782432,megabytes,0.0,0.0,0.0,0.0,0.0,0.0,0.0,0.0,success,sinkhorn,1.0,100000
1D-gaussian-4c-128p,128,128,0.2017948350715452,11,2.2513152547496678e-17,,seconds,0.0,0.0023911129683256,megabytes,0.0,0.0,0.0,0.0,0.0,0.0,0.0,0.0,success,sinkhorn,1.0,100000
1D-gaussian-4c-128p,128,128,0.2810998798352963,11,1.0522337182185212e-15,,seconds,0.0,0.0024648495018482,megabytes,0.0,0.0,0.0,0.0,0.0,0.0,0.0,0.0,success,sinkhorn,1.0,100000
1D-gaussian-4c-128p,128,128,0.184677481719059,11,2.035220515066648e-17,,seconds,0.0,0.0024495460093021,megabytes,0.0,0.0,0.0,0.0,0.0,0.0,0.0,0.0,success,sinkhorn,1.0,100000
1D-gaussian-4c-128p,128,128,0.3280765732613903,11,1.9278117391296165e-17,,seconds,0.0,0.0026887264102697,megabytes,0.0,0.0,0.0,0.0,0.0,0.0,0.0,0.0,success,sinkhorn,1.0,100000
1D-gaussian-4c-128p,128,128,0.2801260054718117,11,8.36021853449994e-14,,seconds,0.0,0.0024840030819177,megabytes,0.0,0.0,0.0,0.0,0.0,0.0,0.0,0.0,success,sinkhorn,1.0,100000
1D-gaussian-4c-128p,128,128,0.3428965648369204,11,2.982645418448627e-17,,seconds,0.0,0.0025715995579957,megabytes,0.0,0.0,0.0,0.0,0.0,0.0,0.0,0.0,success,sinkhorn,1.0,100000
1D-gaussian-4c-128p,128,128,0.3050815510675067,11,2.4058014264275372e-17,,seconds,0.0,0.0025897156447172,megabytes,0.0,0.0,0.0,0.0,0.0,0.0,0.0,0.0,success,sinkhorn,1.0,100000
1D-gaussian-4c-128p,128,128,0.2082385863586529,11,2.5587071751492363e-17,,seconds,0.0,0.002440620213747,megabytes,0.0,0.0,0.0,0.0,0.0,0.0,0.0,0.0,success,sinkhorn,1.0,100000
1D-gaussian-4c-128p,128,128,0.2878092363921191,11,3.348041082110799e-17,,seconds,0.0,0.0024345479905605,megabytes,0.0,0.0,0.0,0.0,0.0,0.0,0.0,0.0,success,sinkhorn,1.0,100000
1D-gaussian-4c-128p,128,128,0.1438580523445723,11,2.2982426470641132e-17,,seconds,0.0,0.0023657642304897,megabytes,0.0,0.0,0.0,0.0,0.0,0.0,0.0,0.0,success,sinkhorn,1.0,100000
1D-gaussian-4c-128p,128,128,0.2124345989927703,11,7.685574262950464e-16,,seconds,0.0,0.0026284996420145,megabytes,0.0,0.0,0.0,0.0,0.0,0.0,0.0,0.0,success,sinkhorn,1.0,100000
1D-gaussian-4c-128p,128,128,0.3000281524041793,11,4.0803517780069686e-14,,seconds,0.0,0.0024439580738544,megabytes,0.0,0.0,0.0,0.0,0.0,0.0,0.0,0.0,success,sinkhorn,1.0,100000
1D-gaussian-4c-128p,128,128,0.4157398806048762,11,1.205882028949247e-16,,seconds,0.0,0.0024770032614469,megabytes,0.0,0.0,0.0,0.0,0.0,0.0,0.0,0.0,success,sinkhorn,1.0,100000
1D-gaussian-4c-128p,128,128,0.1881975991316478,11,1.9172092012268162e-17,,seconds,0.0,0.0024213381111621,megabytes,0.0,0.0,0.0,0.0,0.0,0.0,0.0,0.0,success,sinkhorn,1.0,100000
1D-gaussian-4c-128p,128,128,0.1744481994323578,11,2.900246553264705e-17,,seconds,0.0,0.002357056364417,megabytes,0.0,0.0,0.0,0.0,0.0,0.0,0.0,0.0,success,sinkhorn,1.0,100000
1D-gaussian-4c-128p,128,128,0.2324166064966372,11,3.7490724414291546e-17,,seconds,0.0,0.0023889262229204,megabytes,0.0,0.0,0.0,0.0,0.0,0.0,0.0,0.0,success,sinkhorn,1.0,100000
1D-gaussian-4c-128p,128,128,0.2264330986781201,11,6.074462376306881e-17,,seconds,0.0,0.0024132188409566,megabytes,0.0,0.0,0.0,0.0,0.0,0.0,0.0,0.0,success,sinkhorn,1.0,100000
1D-gaussian-4c-128p,128,128,0.0944785116614395,11,2.603449557147546e-17,,seconds,0.0,0.0024601034820079,megabytes,0.0,0.0,0.0,0.0,0.0,0.0,0.0,0.0,success,sinkhorn,1.0,100000
1D-gaussian-4c-256p,256,256,0.1387754933091565,11,2.156219584256665e-17,,seconds,0.0,0.0031528212130069,megabytes,0.0,0.0,0.0,0.0,0.0,0.0,0.0,0.0,success,sinkhorn,1.0,100000
1D-gaussian-4c-256p,256,256,0.2324166064834388,11,2.83650008493154e-17,,seconds,0.0,0.0025020949542522,megabytes,0.0,0.0,0.0,0.0,0.0,0.0,0.0,0.0,success,sinkhorn,1.0,100000
1D-gaussian-4c-256p,256,256,0.2841723347004248,11,1.994933744737568e-12,,seconds,0.0,0.0024681612849235,megabytes,0.0,0.0,0.0,0.0,0.0,0.0,0.0,0.0,success,sinkhorn,1.0,100000
1D-gaussian-4c-256p,256,256,0.1744481994323578,11,2.9187170610184986e-17,,seconds,0.0,0.0025229901075363,megabytes,0.0,0.0,0.0,0.0,0.0,0.0,0.0,0.0,success,sinkhorn,1.0,100000
1D-gaussian-4c-256p,256,256,0.1438580523306419,11,1.6867062818295517e-17,,seconds,0.0,0.0025129970163106,megabytes,0.0,0.0,0.0,0.0,0.0,0.0,0.0,0.0,success,sinkhorn,1.0,100000
1D-gaussian-4c-256p,256,256,0.0944785031114076,11,1.910531704874134e-17,,seconds,0.0,0.0024523176252841,megabytes,0.0,0.0,0.0,0.0,0.0,0.0,0.0,0.0,success,sinkhorn,1.0,100000
1D-gaussian-4c-256p,256,256,0.110403998401257,11,1.7357954791181168e-17,,seconds,0.0,0.0025851875543594,megabytes,0.0,0.0,0.0,0.0,0.0,0.0,0.0,0.0,success,sinkhorn,1.0,100000
1D-gaussian-4c-256p,256,256,0.2878092352154424,11,1.634033982570552e-17,,seconds,0.0,0.0025671739131212,megabytes,0.0,0.0,0.0,0.0,0.0,0.0,0.0,0.0,success,sinkhorn,1.0,100000
1D-gaussian-4c-256p,256,256,0.2017948350715452,11,1.555851127984371e-17,,seconds,0.0,0.0025697331875562,megabytes,0.0,0.0,0.0,0.0,0.0,0.0,0.0,0.0,success,sinkhorn,1.0,100000
1D-gaussian-4c-256p,256,256,0.3050815509870736,11,2.4197306101697122e-17,,seconds,0.0,0.0025797076523303,megabytes,0.0,0.0,0.0,0.0,0.0,0.0,0.0,0.0,success,sinkhorn,1.0,100000
1D-gaussian-4c-256p,256,256,0.1973751642921978,11,1.3842812868443654e-17,,seconds,0.0,0.0025374628603458,megabytes,0.0,0.0,0.0,0.0,0.0,0.0,0.0,0.0,success,sinkhorn,1.0,100000
1D-gaussian-4c-256p,256,256,0.1556140563008925,11,1.44234463916524e-17,,seconds,0.0,0.0024732071906328,megabytes,0.0,0.0,0.0,0.0,0.0,0.0,0.0,0.0,success,sinkhorn,1.0,100000
1D-gaussian-4c-256p,256,256,0.2082385863586525,11,1.4539040641404795e-17,,seconds,0.0,0.0026333499699831,megabytes,0.0,0.0,0.0,0.0,0.0,0.0,0.0,0.0,success,sinkhorn,1.0,100000
1D-gaussian-4c-256p,256,256,0.3000281517082837,11,2.8849984345865545e-14,,seconds,0.0,0.002618882805109,megabytes,0.0,0.0,0.0,0.0,0.0,0.0,0.0,0.0,success,sinkhorn,1.0,100000
1D-gaussian-4c-256p,256,256,0.1575008027589586,11,2.6422652180043686e-17,,seconds,0.0,0.0024475902318954,megabytes,0.0,0.0,0.0,0.0,0.0,0.0,0.0,0.0,success,sinkhorn,1.0,100000
1D-gaussian-4c-256p,256,256,0.2264330986781201,11,3.934828500030957e-17,,seconds,0.0,0.0026336926966905,megabytes,0.0,0.0,0.0,0.0,0.0,0.0,0.0,0.0,success,sinkhorn,1.0,100000
1D-gaussian-4c-256p,256,256,0.2826949365056705,11,1.397435883736989e-15,,seconds,0.0,0.0025295261293649,megabytes,0.0,0.0,0.0,0.0,0.0,0.0,0.0,0.0,success,sinkhorn,1.0,100000
1D-gaussian-4c-256p,256,256,0.3280765732613904,11,1.520464092549345e-17,,seconds,0.0,0.0025172904133796,megabytes,0.0,0.0,0.0,0.0,0.0,0.0,0.0,0.0,success,sinkhorn,1.0,100000
1D-gaussian-4c-256p,256,256,0.2810998779989072,11,7.550701474286031e-16,,seconds,0.0,0.0024820454418659,megabytes,0.0,0.0,0.0,0.0,0.0,0.0,0.0,0.0,success,sinkhorn,1.0,100000
1D-gaussian-4c-256p,256,256,0.2124345989233785,11,5.446225022575616e-16,,seconds,0.0,0.0023875087499618,megabytes,0.0,0.0,0.0,0.0,0.0,0.0,0.0,0.0,success,sinkhorn,1.0,100000
1D-gaussian-4c-256p,256,256,0.1881975991268737,11,1.982959721794427e-17,,seconds,0.0,0.0025434475392103,megabytes,0.0,0.0,0.0,0.0,0.0,0.0,0.0,0.0,success,sinkhorn,1.0,100000
1D-gaussian-4c-256p,256,256,0.201291860057364,11,1.1410051481833751e-16,,seconds,0.0,0.0024318192154169,megabytes,0.0,0.0,0.0,0.0,0.0,0.0,0.0,0.0,success,sinkhorn,1.0,100000
1D-gaussian-4c-256p,256,256,0.2801260054700549,11,5.911969062744344e-14,,seconds,0.0,0.0026552006602287,megabytes,0.0,0.0,0.0,0.0,0.0,0.0,0.0,0.0,success,sinkhorn,1.0,100000
1D-gaussian-4c-256p,256,256,0.3738085372670169,11,3.6667369171721853e-16,,seconds,0.0,0.0024746153503656,megabytes,0.0,0.0,0.0,0.0,0.0,0.0,0.0,0.0,success,sinkhorn,1.0,100000
1D-gaussian-4c-256p,256,256,0.1886421875217689,11,2.0520813943897358e-17,,seconds,0.0,0.0023418646305799,megabytes,0.0,0.0,0.0,0.0,0.0,0.0,0.0,0.0,success,sinkhorn,1.0,100000
1D-gaussian-4c-256p,256,256,0.4157398790988372,11,8.014665146648556e-17,,seconds,0.0,0.0025758482515811,megabytes,0.0,0.0,0.0,0.0,0.0,0.0,0.0,0.0,success,sinkhorn,1.0,100000
1D-gaussian-4c-256p,256,256,0.1986387897055432,11,3.0629945076515035e-17,,seconds,0.0,0.002483420073986,megabytes,0.0,0.0,0.0,0.0,0.0,0.0,0.0,0.0,success,sinkhorn,1.0,100000
1D-gaussian-4c-256p,256,256,0.3428965648369022,11,1.7419403468407605e-17,,seconds,0.0,0.0025446489453315,megabytes,0.0,0.0,0.0,0.0,0.0,0.0,0.0,0.0,success,sinkhorn,1.0,100000
1D-gaussian-4c-256p,256,256,0.1846774817187869,11,2.130461059422982e-17,,seconds,0.0,0.0024836715310811,megabytes,0.0,0.0,0.0,0.0,0.0,0.0,0.0,0.0,success,sinkhorn,1.0,100000
1D-gaussian-4c-256p,256,256,0.1933220658832819,11,1.7776492892237372e-17,,seconds,0.0,0.0025179013609886,megabytes,0.0,0.0,0.0,0.0,0.0,0.0,0.0,0.0,success,sinkhorn,1.0,100000
1D-gaussian-4c-512p,512,512,0.1556140563000634,11,9.217461666222821e-18,,seconds,0.0,0.0029364619404077,megabytes,0.0,0.0,0.0,0.0,0.0,0.0,0.0,0.0,success,sinkhorn,1.0,100000
1D-gaussian-4c-512p,512,512,0.1886421866263694,11,1.641088798198826e-17,,seconds,0.0,0.0028047170490026,megabytes,0.0,0.0,0.0,0.0,0.0,0.0,0.0,0.0,success,sinkhorn,1.0,100000
1D-gaussian-4c-512p,512,512,0.1846774817187167,11,1.2925231742286297e-17,,seconds,0.0,0.0025501083582639,megabytes,0.0,0.0,0.0,0.0,0.0,0.0,0.0,0.0,success,sinkhorn,1.0,100000
1D-gaussian-4c-512p,512,512,0.4157398787163562,11,5.960966714307103e-17,,seconds,0.0,0.0025556068867444,megabytes,0.0,0.0,0.0,0.0,0.0,0.0,0.0,0.0,success,sinkhorn,1.0,100000
1D-gaussian-4c-512p,512,512,0.2012918599356052,11,8.129167942013823e-17,,seconds,0.0,0.0026458129286766,megabytes,0.0,0.0,0.0,0.0,0.0,0.0,0.0,0.0,success,sinkhorn,1.0,100000
1D-gaussian-4c-512p,512,512,0.2264330986781201,11,3.100268696320416e-17,,seconds,0.0,0.0025383960455656,megabytes,0.0,0.0,0.0,0.0,0.0,0.0,0.0,0.0,success,sinkhorn,1.0,100000
1D-gaussian-4c-512p,512,512,0.2826949364071218,11,9.87563164046999e-16,,seconds,0.0,0.0025397464632987,megabytes,0.0,0.0,0.0,0.0,0.0,0.0,0.0,0.0,success,sinkhorn,1.0,100000
1D-gaussian-4c-512p,512,512,0.2017948350715452,11,1.6199969022221322e-17,,seconds,0.0,0.0027427617460489,megabytes,0.0,0.0,0.0,0.0,0.0,0.0,0.0,0.0,success,sinkhorn,1.0,100000
1D-gaussian-4c-512p,512,512,0.3000281515313248,11,2.0400543998826945e-14,,seconds,0.0,0.0025839302688837,megabytes,0.0,0.0,0.0,0.0,0.0,0.0,0.0,0.0,success,sinkhorn,1.0,100000
1D-gaussian-4c-512p,512,512,0.2324166064800643,11,1.7374578500345082e-17,,seconds,0.0,0.0025550685822963,megabytes,0.0,0.0,0.0,0.0,0.0,0.0,0.0,0.0,success,sinkhorn,1.0,100000
1D-gaussian-4c-512p,512,512,0.1438580523270582,11,1.1937490971422925e-17,,seconds,0.0,0.0025007780641317,megabytes,0.0,0.0,0.0,0.0,0.0,0.0,0.0,0.0,success,sinkhorn,1.0,100000
1D-gaussian-4c-512p,512,512,0.3428965648368974,11,1.3237101113800072e-17,,seconds,0.0,0.0026331525295972,megabytes,0.0,0.0,0.0,0.0,0.0,0.0,0.0,0.0,success,sinkhorn,1.0,100000
1D-gaussian-4c-512p,512,512,0.2878092349174167,11,1.093359871653849e-17,,seconds,0.0,0.0026472397148609,megabytes,0.0,0.0,0.0,0.0,0.0,0.0,0.0,0.0,success,sinkhorn,1.0,100000
1D-gaussian-4c-512p,512,512,0.3050815509664388,11,1.1666846415094244e-17,,seconds,0.0,0.0026957020163536,megabytes,0.0,0.0,0.0,0.0,0.0,0.0,0.0,0.0,success,sinkhorn,1.0,100000
1D-gaussian-4c-512p,512,512,0.3280765732613904,11,1.152716696106601e-17,,seconds,0.0,0.0025523100048303,megabytes,0.0,0.0,0.0,0.0,0.0,0.0,0.0,0.0,success,sinkhorn,1.0,100000
1D-gaussian-4c-512p,512,512,0.2124345989055111,11,3.826572134423757e-16,,seconds,0.0,0.0025698933750391,megabytes,0.0,0.0,0.0,0.0,0.0,0.0,0.0,0.0,success,sinkhorn,1.0,100000
1D-gaussian-4c-512p,512,512,0.0944785009517059,11,1.6957609249625222e-17,,seconds,0.0,0.0028279703110456,megabytes,0.0,0.0,0.0,0.0,0.0,0.0,0.0,0.0,success,sinkhorn,1.0,100000
1D-gaussian-4c-512p,512,512,0.1575008027589582,11,2.717210097777356e-17,,seconds,0.0,0.002605028450489,megabytes,0.0,0.0,0.0,0.0,0.0,0.0,0.0,0.0,success,sinkhorn,1.0,100000
1D-gaussian-4c-512p,512,512,0.2801260054695901,11,4.180036550825495e-14,,seconds,0.0,0.0024651177227497,megabytes,0.0,0.0,0.0,0.0,0.0,0.0,0.0,0.0,success,sinkhorn,1.0,100000
1D-gaussian-4c-512p,512,512,0.1387754924810805,11,1.1793786704217853e-17,,seconds,0.0,0.0025732703506946,megabytes,0.0,0.0,0.0,0.0,0.0,0.0,0.0,0.0,success,sinkhorn,1.0,100000
1D-gaussian-4c-512p,512,512,0.2841723347004248,11,1.4106289191101877e-12,,seconds,0.0,0.0025427751243114,megabytes,0.0,0.0,0.0,0.0,0.0,0.0,0.0,0.0,success,sinkhorn,1.0,100000
1D-gaussian-4c-512p,512,512,0.1104039984012569,11,2.8508533909673205e-17,,seconds,0.0,0.0025529824197292,megabytes,0.0,0.0,0.0,0.0,0.0,0.0,0.0,0.0,success,sinkhorn,1.0,100000
1D-gaussian-4c-512p,512,512,0.1744481994323578,11,1.5607883145545033e-17,,seconds,0.0,0.0026938654482364,megabytes,0.0,0.0,0.0,0.0,0.0,0.0,0.0,0.0,success,sinkhorn,1.0,100000
1D-gaussian-4c-512p,512,512,0.1933220658832816,11,1.4212622058870772e-17,,seconds,0.0,0.0028887391090393,megabytes,0.0,0.0,0.0,0.0,0.0,0.0,0.0,0.0,success,sinkhorn,1.0,100000
1D-gaussian-4c-512p,512,512,0.1986387873572019,11,1.4531331165184824e-17,,seconds,0.0,0.0027743689715862,megabytes,0.0,0.0,0.0,0.0,0.0,0.0,0.0,0.0,success,sinkhorn,1.0,100000
1D-gaussian-4c-512p,512,512,0.1973751641762857,11,1.2124711616712428e-17,,seconds,0.0,0.0028345808386802,megabytes,0.0,0.0,0.0,0.0,0.0,0.0,0.0,0.0,success,sinkhorn,1.0,100000
1D-gaussian-4c-512p,512,512,0.1881975991256452,11,2.5024009452834228e-17,,seconds,0.0,0.0026143118739128,megabytes,0.0,0.0,0.0,0.0,0.0,0.0,0.0,0.0,success,sinkhorn,1.0,100000
1D-gaussian-4c-512p,512,512,0.2082385863586524,11,1.015843501765538e-17,,seconds,0.0,0.002521688118577,megabytes,0.0,0.0,0.0,0.0,0.0,0.0,0.0,0.0,success,sinkhorn,1.0,100000
1D-gaussian-4c-512p,512,512,0.2810998775333428,11,5.34765178598155e-16,,seconds,0.0,0.0027782432734966,megabytes,0.0,0.0,0.0,0.0,0.0,0.0,0.0,0.0,success,sinkhorn,1.0,100000
1D-gaussian-4c-512p,512,512,0.3738085369833673,11,2.625587734747441e-16,,seconds,0.0,0.0025988984853029,megabytes,0.0,0.0,0.0,0.0,0.0,0.0,0.0,0.0,success,sinkhorn,1.0,100000
1D-gaussian-4c-1024p,1024,1024,0.3000281514868957,11,1.4425549481158702e-14,,seconds,0.0,0.0029254294931888,megabytes,0.0,0.0,0.0,0.0,0.0,0.0,0.0,0.0,success,sinkhorn,1.0,100000
1D-gaussian-4c-1024p,1024,1024,0.1986387867680923,11,9.87131122099222e-18,,seconds,0.0,0.0025896821171045,megabytes,0.0,0.0,0.0,0.0,0.0,0.0,0.0,0.0,success,sinkhorn,1.0,100000
1D-gaussian-4c-1024p,1024,1024,0.3280765732613903,11,7.946155497297935e-18,,seconds,0.0,0.0025400295853614,megabytes,0.0,0.0,0.0,0.0,0.0,0.0,0.0,0.0,success,sinkhorn,1.0,100000
1D-gaussian-4c-1024p,1024,1024,0.3738085369124232,11,1.837240949709091e-16,,seconds,0.0,0.0025015342980623,megabytes,0.0,0.0,0.0,0.0,0.0,0.0,0.0,0.0,success,sinkhorn,1.0,100000
1D-gaussian-4c-1024p,1024,1024,0.2826949363823615,11,6.98442162700415e-16,,seconds,0.0,0.0025951135903596,megabytes,0.0,0.0,0.0,0.0,0.0,0.0,0.0,0.0,success,sinkhorn,1.0,100000
1D-gaussian-4c-1024p,1024,1024,0.2801260054694722,11,2.9557879286736575e-14,,seconds,0.0,0.0025810692459344,megabytes,0.0,0.0,0.0,0.0,0.0,0.0,0.0,0.0,success,sinkhorn,1.0,100000
1D-gaussian-4c-1024p,1024,1024,0.2017948350715452,11,8.325662647277708e-18,,seconds,0.0,0.00262969173491,megabytes,0.0,0.0,0.0,0.0,0.0,0.0,0.0,0.0,success,sinkhorn,1.0,100000
1D-gaussian-4c-1024p,1024,1024,0.1881975991253359,11,8.101169597861375e-18,,seconds,0.0,0.0024851616472005,megabytes,0.0,0.0,0.0,0.0,0.0,0.0,0.0,0.0,success,sinkhorn,1.0,100000
1D-gaussian-4c-1024p,1024,1024,0.1846774817186991,11,9.298480156111793e-18,,seconds,0.0,0.0025372635573148,megabytes,0.0,0.0,0.0,0.0,0.0,0.0,0.0,0.0,success,sinkhorn,1.0,100000
1D-gaussian-4c-1024p,1024,1024,0.287809234842667,11,7.868751345144123e-18,,seconds,0.0,0.0025761388242244,megabytes,0.0,0.0,0.0,0.0,0.0,0.0,0.0,0.0,success,sinkhorn,1.0,100000
1D-gaussian-4c-1024p,1024,1024,0.1387754922734626,11,9.495325294366586e-18,,seconds,0.0,0.0025350227952003,megabytes,0.0,0.0,0.0,0.0,0.0,0.0,0.0,0.0,success,sinkhorn,1.0,100000
1D-gaussian-4c-1024p,1024,1024,0.2810998774165434,11,3.7858640375640024e-16,,seconds,0.0,0.002619607374072,megabytes,0.0,0.0,0.0,0.0,0.0,0.0,0.0,0.0,success,sinkhorn,1.0,100000
1D-gaussian-4c-1024p,1024,1024,0.3050815509612464,11,8.462760297246185e-18,,seconds,0.0,0.0026520267128944,megabytes,0.0,0.0,0.0,0.0,0.0,0.0,0.0,0.0,success,sinkhorn,1.0,100000
1D-gaussian-4c-1024p,1024,1024,0.1933220658832816,11,8.122810915390451e-18,,seconds,0.0,0.0025671478360891,megabytes,0.0,0.0,0.0,0.0,0.0,0.0,0.0,0.0,success,sinkhorn,1.0,100000
1D-gaussian-4c-1024p,1024,1024,0.2082385863586523,11,8.14233655333097e-18,,seconds,0.0,0.0026736389845609,megabytes,0.0,0.0,0.0,0.0,0.0,0.0,0.0,0.0,success,sinkhorn,1.0,100000
1D-gaussian-4c-1024p,1024,1024,0.2841723347004248,11,9.974670885205924e-13,,seconds,0.0,0.0029015578329563,megabytes,0.0,0.0,0.0,0.0,0.0,0.0,0.0,0.0,success,sinkhorn,1.0,100000
1D-gaussian-4c-1024p,1024,1024,0.2264330986781201,11,2.1190827030655573e-17,,seconds,0.0,0.0025819893926382,megabytes,0.0,0.0,0.0,0.0,0.0,0.0,0.0,0.0,success,sinkhorn,1.0,100000
1D-gaussian-4c-1024p,1024,1024,0.110403998401257,11,6.448564149311551e-18,,seconds,0.0,0.0026109330356121,megabytes,0.0,0.0,0.0,0.0,0.0,0.0,0.0,0.0,success,sinkhorn,1.0,100000
1D-gaussian-4c-1024p,1024,1024,0.2012918599050194,11,5.86181862710576e-17,,seconds,0.0,0.0025255158543586,megabytes,0.0,0.0,0.0,0.0,0.0,0.0,0.0,0.0,success,sinkhorn,1.0,100000
1D-gaussian-4c-1024p,1024,1024,0.157500802758958,11,9.593499495289949e-18,,seconds,0.0,0.0026692934334278,megabytes,0.0,0.0,0.0,0.0,0.0,0.0,0.0,0.0,success,sinkhorn,1.0,100000
1D-gaussian-4c-1024p,1024,1024,0.1973751641471648,11,1.3233891414161717e-17,,seconds,0.0,0.0025527719408273,megabytes,0.0,0.0,0.0,0.0,0.0,0.0,0.0,0.0,success,sinkhorn,1.0,100000
1D-gaussian-4c-1024p,1024,1024,0.3428965648368962,11,7.904959560749423e-18,,seconds,0.0,0.0027952566742897,megabytes,0.0,0.0,0.0,0.0,0.0,0.0,0.0,0.0,success,sinkhorn,1.0,100000
1D-gaussian-4c-1024p,1024,1024,0.0944785004103837,11,8.836688232255697e-18,,seconds,0.0,0.0028808992356061,megabytes,0.0,0.0,0.0,0.0,0.0,0.0,0.0,0.0,success,sinkhorn,1.0,100000
1D-gaussian-4c-1024p,1024,1024,0.4157398786203584,11,3.826456427473779e-17,,seconds,0.0,0.0027241129428148,megabytes,0.0,0.0,0.0,0.0,0.0,0.0,0.0,0.0,success,sinkhorn,1.0,100000
1D-gaussian-4c-1024p,1024,1024,0.2324166064792159,11,1.2147864428128586e-17,,seconds,0.0,0.0024655293673276,megabytes,0.0,0.0,0.0,0.0,0.0,0.0,0.0,0.0,success,sinkhorn,1.0,100000
1D-gaussian-4c-1024p,1024,1024,0.1744481994323578,11,1.1497141343913617e-17,,seconds,0.0,0.0026805158704519,megabytes,0.0,0.0,0.0,0.0,0.0,0.0,0.0,0.0,success,sinkhorn,1.0,100000
1D-gaussian-4c-1024p,1024,1024,0.1556140562998549,11,6.640001816795728e-18,,seconds,0.0,0.0028144922107458,megabytes,0.0,0.0,0.0,0.0,0.0,0.0,0.0,0.0,success,sinkhorn,1.0,100000
1D-gaussian-4c-1024p,1024,1024,0.1438580523261559,11,1.3493969315348748e-17,,seconds,0.0,0.0025532562285661,megabytes,0.0,0.0,0.0,0.0,0.0,0.0,0.0,0.0,success,sinkhorn,1.0,100000
1D-gaussian-4c-1024p,1024,1024,0.2124345989010109,11,2.720745778461318e-16,,seconds,0.0,0.0025013890117406,megabytes,0.0,0.0,0.0,0.0,0.0,0.0,0.0,0.0,success,sinkhorn,1.0,100000
1D-gaussian-4c-1024p,1024,1024,0.1886421864020414,11,9.927138874515054e-18,,seconds,0.0,0.0025814902037382,megabytes,0.0,0.0,0.0,0.0,0.0,0.0,0.0,0.0,success,sinkhorn,1.0,100000
1D-gaussian-4c-2048p,2048,2048,0.1933220658832815,11,6.242355499654469e-18,,seconds,0.0,0.0031936448067426,megabytes,0.0,0.0,0.0,0.0,0.0,0.0,0.0,0.0,success,sinkhorn,1.0,100000
1D-gaussian-4c-2048p,2048,2048,0.1438580523259299,11,4.945735354427418e-18,,seconds,0.0,0.0031556766480207,megabytes,0.0,0.0,0.0,0.0,0.0,0.0,0.0,0.0,success,sinkhorn,1.0,100000
1D-gaussian-4c-2048p,2048,2048,0.1387754922215205,11,5.8810537443703705e-18,,seconds,0.0,0.0026234071701765,megabytes,0.0,0.0,0.0,0.0,0.0,0.0,0.0,0.0,success,sinkhorn,1.0,100000
1D-gaussian-4c-2048p,2048,2048,0.2124345988998838,11,1.918570050143031e-16,,seconds,0.0,0.0029375124722719,megabytes,0.0,0.0,0.0,0.0,0.0,0.0,0.0,0.0,success,sinkhorn,1.0,100000
1D-gaussian-4c-2048p,2048,2048,0.3280765732613903,11,9.035758785245794e-18,,seconds,0.2062697410583496,0.0033459421247243,megabytes,88270.0,88270.0,0.0,0.0,0.065970176,0.065970176,0.0,0.0,success,sinkhorn,1.0,100000
1D-gaussian-4c-2048p,2048,2048,0.1886421863459295,11,5.6924949351891676e-18,,seconds,0.0,0.0032394342124462,megabytes,0.0,0.0,0.0,0.0,0.0,0.0,0.0,0.0,success,sinkhorn,1.0,100000
1D-gaussian-4c-2048p,2048,2048,0.2810998773873179,11,2.6657750523893413e-16,,seconds,0.0,0.0029305275529623,megabytes,0.0,0.0,0.0,0.0,0.0,0.0,0.0,0.0,success,sinkhorn,1.0,100000
1D-gaussian-4c-2048p,2048,2048,0.2082385863586523,11,6.277895805572057e-18,,seconds,0.0,0.0026838965713977,megabytes,0.0,0.0,0.0,0.0,0.0,0.0,0.0,0.0,success,sinkhorn,1.0,100000
1D-gaussian-4c-2048p,2048,2048,0.4157398785963352,11,3.049752866738235e-17,,seconds,0.0,0.0026786755770444,megabytes,0.0,0.0,0.0,0.0,0.0,0.0,0.0,0.0,success,sinkhorn,1.0,100000
1D-gaussian-4c-2048p,2048,2048,0.1744481994323578,11,6.2071114790389516e-18,,seconds,0.0,0.0027235858142375,megabytes,0.0,0.0,0.0,0.0,0.0,0.0,0.0,0.0,success,sinkhorn,1.0,100000
1D-gaussian-4c-2048p,2048,2048,0.2324166064790034,11,1.0440573670686704e-17,,seconds,0.0,0.0026756841689348,megabytes,0.0,0.0,0.0,0.0,0.0,0.0,0.0,0.0,success,sinkhorn,1.0,100000
1D-gaussian-4c-2048p,2048,2048,0.1881975991252585,11,5.708687431095664e-18,,seconds,0.0,0.002825241535902,megabytes,0.0,0.0,0.0,0.0,0.0,0.0,0.0,0.0,success,sinkhorn,1.0,100000
1D-gaussian-4c-2048p,2048,2048,0.1973751641398757,11,6.520008755952928e-18,,seconds,0.0,0.0027859508991241,megabytes,0.0,0.0,0.0,0.0,0.0,0.0,0.0,0.0,success,sinkhorn,1.0,100000
1D-gaussian-4c-2048p,2048,2048,0.3000281514757766,11,1.0199452816637262e-14,,seconds,0.0,0.0028175637125968,megabytes,0.0,0.0,0.0,0.0,0.0,0.0,0.0,0.0,success,sinkhorn,1.0,100000
1D-gaussian-4c-2048p,2048,2048,0.2012918598973639,11,4.027873150323982e-17,,seconds,0.0,0.0029694586992263,megabytes,0.0,0.0,0.0,0.0,0.0,0.0,0.0,0.0,success,sinkhorn,1.0,100000
1D-gaussian-4c-2048p,2048,2048,0.157500802758958,11,6.31665330463841e-18,,seconds,0.0,0.002982473000884,megabytes,0.0,0.0,0.0,0.0,0.0,0.0,0.0,0.0,success,sinkhorn,1.0,100000
1D-gaussian-4c-2048p,2048,2048,0.2841723347004248,11,7.053154916974084e-13,,seconds,0.0,0.0028080753982067,megabytes,0.0,0.0,0.0,0.0,0.0,0.0,0.0,0.0,success,sinkhorn,1.0,100000
1D-gaussian-4c-2048p,2048,2048,0.1846774817186946,11,5.9125683691429946e-18,,seconds,0.0,0.0030107703059911,megabytes,0.0,0.0,0.0,0.0,0.0,0.0,0.0,0.0,success,sinkhorn,1.0,100000
1D-gaussian-4c-2048p,2048,2048,0.1556140562998027,11,4.925694412928364e-18,,seconds,0.0,0.0028358586132526,megabytes,0.0,0.0,0.0,0.0,0.0,0.0,0.0,0.0,success,sinkhorn,1.0,100000
1D-gaussian-4c-2048p,2048,2048,0.342896564836896,11,6.205979512269991e-18,,seconds,0.0,0.0028174463659524,megabytes,0.0,0.0,0.0,0.0,0.0,0.0,0.0,0.0,success,sinkhorn,1.0,100000
1D-gaussian-4c-2048p,2048,2048,0.0944785002749657,11,6.168715271606641e-18,,seconds,0.0,0.0030206069350242,megabytes,0.0,0.0,0.0,0.0,0.0,0.0,0.0,0.0,success,sinkhorn,1.0,100000
1D-gaussian-4c-2048p,2048,2048,0.2826949363761637,11,4.939899728561637e-16,,seconds,0.0,0.0027502998709678,megabytes,0.0,0.0,0.0,0.0,0.0,0.0,0.0,0.0,success,sinkhorn,1.0,100000
1D-gaussian-4c-2048p,2048,2048,0.2017948350715453,11,5.938354940374753e-18,,seconds,0.0,0.0028375927358865,megabytes,0.0,0.0,0.0,0.0,0.0,0.0,0.0,0.0,success,sinkhorn,1.0,100000
1D-gaussian-4c-2048p,2048,2048,0.2878092348239642,11,8.586201250124111e-18,,seconds,0.0,0.0027765482664108,megabytes,0.0,0.0,0.0,0.0,0.0,0.0,0.0,0.0,success,sinkhorn,1.0,100000
1D-gaussian-4c-2048p,2048,2048,0.2801260054694426,11,2.0899364225743742e-14,,seconds,0.0,0.0031765885651111,megabytes,0.0,0.0,0.0,0.0,0.0,0.0,0.0,0.0,success,sinkhorn,1.0,100000
1D-gaussian-4c-2048p,2048,2048,0.1986387866206881,11,7.696662429072435e-18,,seconds,0.0,0.0031850393861532,megabytes,0.0,0.0,0.0,0.0,0.0,0.0,0.0,0.0,success,sinkhorn,1.0,100000
1D-gaussian-4c-2048p,2048,2048,0.3738085368946852,11,1.283021533394199e-16,,seconds,0.0,0.0031158719211816,megabytes,0.0,0.0,0.0,0.0,0.0,0.0,0.0,0.0,success,sinkhorn,1.0,100000
1D-gaussian-4c-2048p,2048,2048,0.110403998401257,11,4.778619384219799e-18,,seconds,0.0,0.0028560329228639,megabytes,0.0,0.0,0.0,0.0,0.0,0.0,0.0,0.0,success,sinkhorn,1.0,100000
1D-gaussian-4c-2048p,2048,2048,0.3050815509599462,11,5.928736051936896e-18,,seconds,0.0,0.002815930172801,megabytes,0.0,0.0,0.0,0.0,0.0,0.0,0.0,0.0,success,sinkhorn,1.0,100000
1D-gaussian-4c-2048p,2048,2048,0.2264330986781201,11,1.480087858456469e-17,,seconds,0.0,0.0027634855359792,megabytes,0.0,0.0,0.0,0.0,0.0,0.0,0.0,0.0,success,sinkhorn,1.0,100000
1D-gaussian-6c-32p,32,32,0.11415549724361,11,6.228314485020076e-17,,seconds,0.0,0.0025106072425842,megabytes,0.0,0.0,0.0,0.0,0.0,0.0,0.0,0.0,success,sinkhorn,1.0,100000
1D-gaussian-6c-32p,32,32,0.2380812029650101,11,4.193327109076251e-17,,seconds,0.0,0.0025435648858547,megabytes,0.0,0.0,0.0,0.0,0.0,0.0,0.0,0.0,success,sinkhorn,1.0,100000
1D-gaussian-6c-32p,32,32,0.142428957445296,11,4.2954807018999604e-17,,seconds,0.0,0.0026051942259073,megabytes,0.0,0.0,0.0,0.0,0.0,0.0,0.0,0.0,success,sinkhorn,1.0,100000
1D-gaussian-6c-32p,32,32,0.2550778708413758,11,8.115313030802906e-14,,seconds,0.0,0.0024876035749912,megabytes,0.0,0.0,0.0,0.0,0.0,0.0,0.0,0.0,success,sinkhorn,1.0,100000
1D-gaussian-6c-32p,32,32,0.1579364474356551,11,4.1007419298414367e-16,,seconds,0.0,0.0023881550878286,megabytes,0.0,0.0,0.0,0.0,0.0,0.0,0.0,0.0,success,sinkhorn,1.0,100000
1D-gaussian-6c-32p,32,32,0.1991514872729707,11,4.1215706631951634e-14,,seconds,0.0,0.0025207195430994,megabytes,0.0,0.0,0.0,0.0,0.0,0.0,0.0,0.0,success,sinkhorn,1.0,100000
1D-gaussian-6c-32p,32,32,0.1222212609484078,11,3.1812790497589666e-17,,seconds,0.0,0.0024037361145019,megabytes,0.0,0.0,0.0,0.0,0.0,0.0,0.0,0.0,success,sinkhorn,1.0,100000
1D-gaussian-6c-32p,32,32,0.2654497267323052,11,8.43772056620843e-15,,seconds,0.0,0.0025486424565315,megabytes,0.0,0.0,0.0,0.0,0.0,0.0,0.0,0.0,success,sinkhorn,1.0,100000
1D-gaussian-6c-32p,32,32,0.232489049427929,11,1.27898425065245e-13,,seconds,0.0,0.0026246011257171,megabytes,0.0,0.0,0.0,0.0,0.0,0.0,0.0,0.0,success,sinkhorn,1.0,100000
1D-gaussian-6c-32p,32,32,0.2561127060546824,11,4.6353172082523764e-17,,seconds,0.0,0.0023198314011096,megabytes,0.0,0.0,0.0,0.0,0.0,0.0,0.0,0.0,success,sinkhorn,1.0,100000
1D-gaussian-6c-32p,32,32,0.2802155197276423,11,1.6858260012409773e-12,,seconds,0.0,0.0025542471557855,megabytes,0.0,0.0,0.0,0.0,0.0,0.0,0.0,0.0,success,sinkhorn,1.0,100000
1D-gaussian-6c-32p,32,32,0.2532727675096385,11,4.3065623994246363e-17,,seconds,0.0,0.0027126297354698,megabytes,0.0,0.0,0.0,0.0,0.0,0.0,0.0,0.0,success,sinkhorn,1.0,100000
1D-gaussian-6c-32p,32,32,0.1582819625787706,11,3.422525918628536e-17,,seconds,0.0,0.0024402868002653,megabytes,0.0,0.0,0.0,0.0,0.0,0.0,0.0,0.0,success,sinkhorn,1.0,100000
1D-gaussian-6c-32p,32,32,0.1555392756568415,11,4.911148676758135e-17,,seconds,0.0,0.0024524666368961,megabytes,0.0,0.0,0.0,0.0,0.0,0.0,0.0,0.0,success,sinkhorn,1.0,100000
1D-gaussian-6c-32p,32,32,0.19124047317372,11,5.282971952651563e-16,,seconds,0.0,0.0025122519582509,megabytes,0.0,0.0,0.0,0.0,0.0,0.0,0.0,0.0,success,sinkhorn,1.0,100000
1D-gaussian-6c-32p,32,32,0.2070044542505507,11,1.209266239418536e-16,,seconds,0.0,0.0025887079536914,megabytes,0.0,0.0,0.0,0.0,0.0,0.0,0.0,0.0,success,sinkhorn,1.0,100000
1D-gaussian-6c-32p,32,32,0.2388720502191789,11,1.2820427015745012e-14,,seconds,0.0,0.0024529062211513,megabytes,0.0,0.0,0.0,0.0,0.0,0.0,0.0,0.0,success,sinkhorn,1.0,100000
1D-gaussian-6c-32p,32,32,0.1321288737324048,11,4.2350691094073297e-17,,seconds,0.0,0.0024249237030744,megabytes,0.0,0.0,0.0,0.0,0.0,0.0,0.0,0.0,success,sinkhorn,1.0,100000
1D-gaussian-6c-32p,32,32,0.3673605723606447,11,2.241653160975544e-14,,seconds,0.0,0.0024441964924335,megabytes,0.0,0.0,0.0,0.0,0.0,0.0,0.0,0.0,success,sinkhorn,1.0,100000
1D-gaussian-6c-32p,32,32,0.1746261572063308,11,3.1801152255703807e-17,,seconds,0.0,0.0024390798062086,megabytes,0.0,0.0,0.0,0.0,0.0,0.0,0.0,0.0,success,sinkhorn,1.0,100000
1D-gaussian-6c-32p,32,32,0.1165873995172086,11,6.518510849033758e-17,,seconds,0.0,0.0026168543845415,megabytes,0.0,0.0,0.0,0.0,0.0,0.0,0.0,0.0,success,sinkhorn,1.0,100000
1D-gaussian-6c-32p,32,32,0.2295626723124696,11,2.7819896761900342e-14,,seconds,0.0,0.0024663489311933,megabytes,0.0,0.0,0.0,0.0,0.0,0.0,0.0,0.0,success,sinkhorn,1.0,100000
1D-gaussian-6c-32p,32,32,0.1279678025201056,11,6.694439218045761e-17,,seconds,0.0,0.0024456232786178,megabytes,0.0,0.0,0.0,0.0,0.0,0.0,0.0,0.0,success,sinkhorn,1.0,100000
1D-gaussian-6c-32p,32,32,0.2681669587965634,11,2.903072569614071e-15,,seconds,0.0,0.0024984553456306,megabytes,0.0,0.0,0.0,0.0,0.0,0.0,0.0,0.0,success,sinkhorn,1.0,100000
1D-gaussian-6c-32p,32,32,0.1895775525764053,11,5.3862490271120563e-17,,seconds,0.0,0.0025545395910739,megabytes,0.0,0.0,0.0,0.0,0.0,0.0,0.0,0.0,success,sinkhorn,1.0,100000
1D-gaussian-6c-32p,32,32,0.2568845848106494,11,3.738744494227606e-12,,seconds,0.0,0.0026185419410467,megabytes,0.0,0.0,0.0,0.0,0.0,0.0,0.0,0.0,success,sinkhorn,1.0,100000
1D-gaussian-6c-32p,32,32,0.1728192684170277,11,2.8026154357837103e-17,,seconds,0.0,0.0024760123342275,megabytes,0.0,0.0,0.0,0.0,0.0,0.0,0.0,0.0,success,sinkhorn,1.0,100000
1D-gaussian-6c-32p,32,32,0.2423233903853687,11,5.921814270929744e-17,,seconds,0.0,0.002468716353178,megabytes,0.0,0.0,0.0,0.0,0.0,0.0,0.0,0.0,success,sinkhorn,1.0,100000
1D-gaussian-6c-32p,32,32,0.1659685002202865,11,6.505684112107214e-17,,seconds,0.0,0.0024567916989326,megabytes,0.0,0.0,0.0,0.0,0.0,0.0,0.0,0.0,success,sinkhorn,1.0,100000
1D-gaussian-6c-32p,32,32,0.2374945552118978,11,7.378978876711106e-13,,seconds,0.0,0.0026389807462692,megabytes,0.0,0.0,0.0,0.0,0.0,0.0,0.0,0.0,success,sinkhorn,1.0,100000
1D-gaussian-6c-64p,64,64,0.1583647395531841,11,3.3733250798635664e-17,,seconds,0.0,0.0025005433708429,megabytes,0.0,0.0,0.0,0.0,0.0,0.0,0.0,0.0,success,sinkhorn,1.0,100000
1D-gaussian-6c-64p,64,64,0.2550819717705461,11,5.722019497926427e-14,,seconds,0.0,0.0025688093155622,megabytes,0.0,0.0,0.0,0.0,0.0,0.0,0.0,0.0,success,sinkhorn,1.0,100000
1D-gaussian-6c-64p,64,64,0.1555265949577015,11,3.1190631218505694e-17,,seconds,0.0,0.0026969779282808,megabytes,0.0,0.0,0.0,0.0,0.0,0.0,0.0,0.0,success,sinkhorn,1.0,100000
1D-gaussian-6c-64p,64,64,0.1220920642187197,11,2.645636587235126e-17,,seconds,0.0,0.0024479106068611,megabytes,0.0,0.0,0.0,0.0,0.0,0.0,0.0,0.0,success,sinkhorn,1.0,100000
1D-gaussian-6c-64p,64,64,0.1579507502115026,11,2.9780343798294553e-16,,seconds,0.0,0.002655791118741,megabytes,0.0,0.0,0.0,0.0,0.0,0.0,0.0,0.0,success,sinkhorn,1.0,100000
1D-gaussian-6c-64p,64,64,0.1725982302736169,11,3.131580844850634e-17,,seconds,0.0,0.0026996005326509,megabytes,0.0,0.0,0.0,0.0,0.0,0.0,0.0,0.0,success,sinkhorn,1.0,100000
1D-gaussian-6c-64p,64,64,0.3672418182430991,11,1.5889012590166123e-14,,seconds,0.0,0.002561517059803,megabytes,0.0,0.0,0.0,0.0,0.0,0.0,0.0,0.0,success,sinkhorn,1.0,100000
1D-gaussian-6c-64p,64,64,0.1659618889156648,11,2.8320722195152933e-17,,seconds,0.0,0.0025190077722072,megabytes,0.0,0.0,0.0,0.0,0.0,0.0,0.0,0.0,success,sinkhorn,1.0,100000
1D-gaussian-6c-64p,64,64,0.232525916572796,11,9.067265595854044e-14,,seconds,0.0,0.0025145038962364,megabytes,0.0,0.0,0.0,0.0,0.0,0.0,0.0,0.0,success,sinkhorn,1.0,100000
1D-gaussian-6c-64p,64,64,0.2424264137432535,11,2.5818700032039878e-17,,seconds,0.0,0.0023964904248714,megabytes,0.0,0.0,0.0,0.0,0.0,0.0,0.0,0.0,success,sinkhorn,1.0,100000
1D-gaussian-6c-64p,64,64,0.1321208789748946,11,3.130404155049258e-17,,seconds,0.0,0.0024688225239515,megabytes,0.0,0.0,0.0,0.0,0.0,0.0,0.0,0.0,success,sinkhorn,1.0,100000
1D-gaussian-6c-64p,64,64,0.2380223601152105,11,2.9908474689788016e-17,,seconds,0.0,0.0024885963648557,megabytes,0.0,0.0,0.0,0.0,0.0,0.0,0.0,0.0,success,sinkhorn,1.0,100000
1D-gaussian-6c-64p,64,64,0.2654631401372991,11,5.937977113913618e-15,,seconds,0.0,0.0025138705968856,megabytes,0.0,0.0,0.0,0.0,0.0,0.0,0.0,0.0,success,sinkhorn,1.0,100000
1D-gaussian-6c-64p,64,64,0.2799203748092438,11,1.1731259165668746e-12,,seconds,0.0,0.0025315210223197,megabytes,0.0,0.0,0.0,0.0,0.0,0.0,0.0,0.0,success,sinkhorn,1.0,100000
1D-gaussian-6c-64p,64,64,0.2387807405499242,11,8.819872923310298e-15,,seconds,0.0,0.0025249160826206,megabytes,0.0,0.0,0.0,0.0,0.0,0.0,0.0,0.0,success,sinkhorn,1.0,100000
1D-gaussian-6c-64p,64,64,0.142434203600048,11,3.6257541762592875e-17,,seconds,0.0,0.0026325453072786,megabytes,0.0,0.0,0.0,0.0,0.0,0.0,0.0,0.0,success,sinkhorn,1.0,100000
1D-gaussian-6c-64p,64,64,0.2375678401952212,11,5.313644612925747e-13,,seconds,0.0,0.0025290437042713,megabytes,0.0,0.0,0.0,0.0,0.0,0.0,0.0,0.0,success,sinkhorn,1.0,100000
1D-gaussian-6c-64p,64,64,0.2559951767996956,11,4.5703623032395824e-17,,seconds,0.0,0.0025093834847211,megabytes,0.0,0.0,0.0,0.0,0.0,0.0,0.0,0.0,success,sinkhorn,1.0,100000
1D-gaussian-6c-64p,64,64,0.2569146803088811,11,2.6679276081473734e-12,,seconds,0.0,0.0025940891355276,megabytes,0.0,0.0,0.0,0.0,0.0,0.0,0.0,0.0,success,sinkhorn,1.0,100000
1D-gaussian-6c-64p,64,64,0.2688003056295444,11,1.9497057073991992e-15,,seconds,0.0,0.0024071503430604,megabytes,0.0,0.0,0.0,0.0,0.0,0.0,0.0,0.0,success,sinkhorn,1.0,100000
1D-gaussian-6c-64p,64,64,0.2531265043742447,11,3.8011743951336736e-17,,seconds,0.0,0.0024883467704057,megabytes,0.0,0.0,0.0,0.0,0.0,0.0,0.0,0.0,success,sinkhorn,1.0,100000
1D-gaussian-6c-64p,64,64,0.1165222034424884,11,2.6021755873926257e-17,,seconds,0.0,0.0025320202112197,megabytes,0.0,0.0,0.0,0.0,0.0,0.0,0.0,0.0,success,sinkhorn,1.0,100000
1D-gaussian-6c-64p,64,64,0.2069657718558359,11,9.773429928710915e-17,,seconds,0.0,0.0026390887796878,megabytes,0.0,0.0,0.0,0.0,0.0,0.0,0.0,0.0,success,sinkhorn,1.0,100000
1D-gaussian-6c-64p,64,64,0.1140749269095584,11,2.2359112392884094e-17,,seconds,0.0,0.0025423634797334,megabytes,0.0,0.0,0.0,0.0,0.0,0.0,0.0,0.0,success,sinkhorn,1.0,100000
1D-gaussian-6c-64p,64,64,0.1911566489642203,11,4.21085319557358e-16,,seconds,0.0,0.0023952592164278,megabytes,0.0,0.0,0.0,0.0,0.0,0.0,0.0,0.0,success,sinkhorn,1.0,100000
1D-gaussian-6c-64p,64,64,0.1278380739861874,11,2.7336106587026015e-17,,seconds,0.0,0.0024952609091997,megabytes,0.0,0.0,0.0,0.0,0.0,0.0,0.0,0.0,success,sinkhorn,1.0,100000
1D-gaussian-6c-64p,64,64,0.2295004182157622,11,1.9520951615422263e-14,,seconds,0.0,0.0025355294346809,megabytes,0.0,0.0,0.0,0.0,0.0,0.0,0.0,0.0,success,sinkhorn,1.0,100000
1D-gaussian-6c-64p,64,64,0.1745662247307178,11,2.789088028577968e-17,,seconds,0.0,0.0023868810385465,megabytes,0.0,0.0,0.0,0.0,0.0,0.0,0.0,0.0,success,sinkhorn,1.0,100000
1D-gaussian-6c-64p,64,64,0.1892985853029008,11,3.002830238913248e-17,,seconds,0.0,0.002467393875122,megabytes,0.0,0.0,0.0,0.0,0.0,0.0,0.0,0.0,success,sinkhorn,1.0,100000
1D-gaussian-6c-64p,64,64,0.1991450506306713,11,2.895191625869664e-14,,seconds,0.0,0.0025568567216396,megabytes,0.0,0.0,0.0,0.0,0.0,0.0,0.0,0.0,success,sinkhorn,1.0,100000
1D-gaussian-6c-128p,128,128,0.1424342035988571,11,2.1718945512255658e-17,,seconds,0.0,0.0025787688791751,megabytes,0.0,0.0,0.0,0.0,0.0,0.0,0.0,0.0,success,sinkhorn,1.0,100000
1D-gaussian-6c-128p,128,128,0.2569146713221986,11,1.886519147739505e-12,,seconds,0.0,0.0024780705571174,megabytes,0.0,0.0,0.0,0.0,0.0,0.0,0.0,0.0,success,sinkhorn,1.0,100000
1D-gaussian-6c-128p,128,128,0.2799202620048241,11,8.295437435923049e-13,,seconds,0.0,0.0025336183607578,megabytes,0.0,0.0,0.0,0.0,0.0,0.0,0.0,0.0,success,sinkhorn,1.0,100000
1D-gaussian-6c-128p,128,128,0.1220920642081533,11,2.0768791605570494e-17,,seconds,0.0,0.0031701326370239,megabytes,0.0,0.0,0.0,0.0,0.0,0.0,0.0,0.0,success,sinkhorn,1.0,100000
1D-gaussian-6c-128p,128,128,0.2375678402059881,11,3.757295244327545e-13,,seconds,0.0,0.0025061424821615,megabytes,0.0,0.0,0.0,0.0,0.0,0.0,0.0,0.0,success,sinkhorn,1.0,100000
1D-gaussian-6c-128p,128,128,0.1321208789764354,11,2.8310699805142736e-17,,seconds,0.0,0.0025367643684148,megabytes,0.0,0.0,0.0,0.0,0.0,0.0,0.0,0.0,success,sinkhorn,1.0,100000
1D-gaussian-6c-128p,128,128,0.2325259164833308,11,6.411681975164729e-14,,seconds,0.0,0.0024425890296697,megabytes,0.0,0.0,0.0,0.0,0.0,0.0,0.0,0.0,success,sinkhorn,1.0,100000
1D-gaussian-6c-128p,128,128,0.206965771896715,11,7.245349993127696e-17,,seconds,0.0,0.0026434063911437,megabytes,0.0,0.0,0.0,0.0,0.0,0.0,0.0,0.0,success,sinkhorn,1.0,100000
1D-gaussian-6c-128p,128,128,0.1892985853172994,11,2.115598556995611e-17,,seconds,0.0,0.0025692153722047,megabytes,0.0,0.0,0.0,0.0,0.0,0.0,0.0,0.0,success,sinkhorn,1.0,100000
1D-gaussian-6c-128p,128,128,0.165961888885635,11,1.7242511806378846e-17,,seconds,0.0,0.0024994760751724,megabytes,0.0,0.0,0.0,0.0,0.0,0.0,0.0,0.0,success,sinkhorn,1.0,100000
1D-gaussian-6c-128p,128,128,0.1278380739916417,11,1.93430033595472e-17,,seconds,0.0,0.002493618056178,megabytes,0.0,0.0,0.0,0.0,0.0,0.0,0.0,0.0,success,sinkhorn,1.0,100000
1D-gaussian-6c-128p,128,128,0.1583647368042616,11,3.2975705777884964e-17,,seconds,0.0,0.0026006698608398,megabytes,0.0,0.0,0.0,0.0,0.0,0.0,0.0,0.0,success,sinkhorn,1.0,100000
1D-gaussian-6c-128p,128,128,0.1745662246751855,11,1.626534500524513e-17,,seconds,0.0,0.0024593770503997,megabytes,0.0,0.0,0.0,0.0,0.0,0.0,0.0,0.0,success,sinkhorn,1.0,100000
1D-gaussian-6c-128p,128,128,0.2531265043697578,11,2.082163159570573e-17,,seconds,0.0,0.0025009028613567,megabytes,0.0,0.0,0.0,0.0,0.0,0.0,0.0,0.0,success,sinkhorn,1.0,100000
1D-gaussian-6c-128p,128,128,0.2654631400220101,11,4.204193554661089e-15,,seconds,0.0,0.0025161989033222,megabytes,0.0,0.0,0.0,0.0,0.0,0.0,0.0,0.0,success,sinkhorn,1.0,100000
1D-gaussian-6c-128p,128,128,0.3672418189744338,11,1.1240823904234436e-14,,seconds,0.0,0.0025435276329517,megabytes,0.0,0.0,0.0,0.0,0.0,0.0,0.0,0.0,success,sinkhorn,1.0,100000
1D-gaussian-6c-128p,128,128,0.238022360115375,11,2.637294544090407e-17,,seconds,0.0,0.0027762595564126,megabytes,0.0,0.0,0.0,0.0,0.0,0.0,0.0,0.0,success,sinkhorn,1.0,100000
1D-gaussian-6c-128p,128,128,0.2387807405604693,11,6.238983269189695e-15,,seconds,0.0,0.0025195945054292,megabytes,0.0,0.0,0.0,0.0,0.0,0.0,0.0,0.0,success,sinkhorn,1.0,100000
1D-gaussian-6c-128p,128,128,0.1725982302773848,11,1.806758890366169e-17,,seconds,0.0,0.0026577394455671,megabytes,0.0,0.0,0.0,0.0,0.0,0.0,0.0,0.0,success,sinkhorn,1.0,100000
1D-gaussian-6c-128p,128,128,0.1140749261816705,11,3.570538547930818e-17,,seconds,0.0,0.0025902260094881,megabytes,0.0,0.0,0.0,0.0,0.0,0.0,0.0,0.0,success,sinkhorn,1.0,100000
1D-gaussian-6c-128p,128,128,0.2550819711844501,11,4.0462240239606844e-14,,seconds,0.0,0.0024734511971473,megabytes,0.0,0.0,0.0,0.0,0.0,0.0,0.0,0.0,success,sinkhorn,1.0,100000
1D-gaussian-6c-128p,128,128,0.1991450506367986,11,2.046152223834831e-14,,seconds,0.0,0.0026908982545137,megabytes,0.0,0.0,0.0,0.0,0.0,0.0,0.0,0.0,success,sinkhorn,1.0,100000
1D-gaussian-6c-128p,128,128,0.1165222034281888,11,3.467339173270756e-17,,seconds,0.0,0.0026174969971179,megabytes,0.0,0.0,0.0,0.0,0.0,0.0,0.0,0.0,success,sinkhorn,1.0,100000
1D-gaussian-6c-128p,128,128,0.1579507482985062,11,2.1371070786999255e-16,,seconds,0.0,0.0026002954691648,megabytes,0.0,0.0,0.0,0.0,0.0,0.0,0.0,0.0,success,sinkhorn,1.0,100000
1D-gaussian-6c-128p,128,128,0.2424264137433623,11,2.4561068627286718e-17,,seconds,0.0,0.0027803760021924,megabytes,0.0,0.0,0.0,0.0,0.0,0.0,0.0,0.0,success,sinkhorn,1.0,100000
1D-gaussian-6c-128p,128,128,0.1555265949576976,11,2.490219193994616e-17,,seconds,0.0,0.0024895723909139,megabytes,0.0,0.0,0.0,0.0,0.0,0.0,0.0,0.0,success,sinkhorn,1.0,100000
1D-gaussian-6c-128p,128,128,0.2295004120888889,11,1.3802371591514024e-14,,seconds,0.0,0.0024814736098051,megabytes,0.0,0.0,0.0,0.0,0.0,0.0,0.0,0.0,success,sinkhorn,1.0,100000
1D-gaussian-6c-128p,128,128,0.2559951767820983,11,1.8977136700676768e-17,,seconds,0.0,0.002497874200344,megabytes,0.0,0.0,0.0,0.0,0.0,0.0,0.0,0.0,success,sinkhorn,1.0,100000
1D-gaussian-6c-128p,128,128,0.1911566300136802,11,2.7429096348470173e-16,,seconds,0.0,0.0024016331881284,megabytes,0.0,0.0,0.0,0.0,0.0,0.0,0.0,0.0,success,sinkhorn,1.0,100000
1D-gaussian-6c-128p,128,128,0.2688003055358778,11,1.3809036283104644e-15,,seconds,0.0,0.0029421541839838,megabytes,0.0,0.0,0.0,0.0,0.0,0.0,0.0,0.0,success,sinkhorn,1.0,100000
1D-gaussian-6c-256p,256,256,0.15795074778954,11,1.4380491987662367e-16,,seconds,0.0,0.0025550853461027,megabytes,0.0,0.0,0.0,0.0,0.0,0.0,0.0,0.0,success,sinkhorn,1.0,100000
1D-gaussian-6c-256p,256,256,0.2380223601153511,11,1.8429046853450613e-17,,seconds,0.0,0.0027606729418039,megabytes,0.0,0.0,0.0,0.0,0.0,0.0,0.0,0.0,success,sinkhorn,1.0,100000
1D-gaussian-6c-256p,256,256,0.1278380739916416,11,1.6197025447307336e-17,,seconds,0.0,0.0025226175785064,megabytes,0.0,0.0,0.0,0.0,0.0,0.0,0.0,0.0,success,sinkhorn,1.0,100000
1D-gaussian-6c-256p,256,256,0.1165222034281888,11,1.654056105268857e-17,,seconds,0.0,0.0025856178253889,megabytes,0.0,0.0,0.0,0.0,0.0,0.0,0.0,0.0,success,sinkhorn,1.0,100000
1D-gaussian-6c-256p,256,256,0.1659618888774577,11,3.6796207194569346e-17,,seconds,0.0,0.002683063969016,megabytes,0.0,0.0,0.0,0.0,0.0,0.0,0.0,0.0,success,sinkhorn,1.0,100000
1D-gaussian-6c-256p,256,256,0.2799202327707988,11,5.865798294893172e-13,,seconds,0.0,0.0027101580053567,megabytes,0.0,0.0,0.0,0.0,0.0,0.0,0.0,0.0,success,sinkhorn,1.0,100000
1D-gaussian-6c-256p,256,256,0.1321208789764297,11,1.4695472924577273e-17,,seconds,0.0,0.0029239431023597,megabytes,0.0,0.0,0.0,0.0,0.0,0.0,0.0,0.0,success,sinkhorn,1.0,100000
1D-gaussian-6c-256p,256,256,0.2550819710265274,11,2.860841959442439e-14,,seconds,0.0,0.0025710668414831,megabytes,0.0,0.0,0.0,0.0,0.0,0.0,0.0,0.0,success,sinkhorn,1.0,100000
1D-gaussian-6c-256p,256,256,0.2559951767743416,11,1.4613973266415068e-17,,seconds,0.0,0.002660633996129,megabytes,0.0,0.0,0.0,0.0,0.0,0.0,0.0,0.0,success,sinkhorn,1.0,100000
1D-gaussian-6c-256p,256,256,0.3672418191788916,11,7.954198181857069e-15,,seconds,0.0,0.002613678574562,megabytes,0.0,0.0,0.0,0.0,0.0,0.0,0.0,0.0,success,sinkhorn,1.0,100000
1D-gaussian-6c-256p,256,256,0.1892985853172994,11,1.4547485573809217e-17,,seconds,0.0,0.0026244837790727,megabytes,0.0,0.0,0.0,0.0,0.0,0.0,0.0,0.0,success,sinkhorn,1.0,100000
1D-gaussian-6c-256p,256,256,0.1725982302773719,11,1.2577516176171373e-17,,seconds,0.0,0.0025947112590074,megabytes,0.0,0.0,0.0,0.0,0.0,0.0,0.0,0.0,success,sinkhorn,1.0,100000
1D-gaussian-6c-256p,256,256,0.1424342035988021,11,1.2683797686906702e-17,,seconds,0.0,0.0025247950106859,megabytes,0.0,0.0,0.0,0.0,0.0,0.0,0.0,0.0,success,sinkhorn,1.0,100000
1D-gaussian-6c-256p,256,256,0.2424264137433622,11,1.4237910853898634e-17,,seconds,0.0,0.0027309078723192,megabytes,0.0,0.0,0.0,0.0,0.0,0.0,0.0,0.0,success,sinkhorn,1.0,100000
1D-gaussian-6c-256p,256,256,0.1140749260007228,11,2.5914468934345048e-17,,seconds,0.0,0.0025889389216899,megabytes,0.0,0.0,0.0,0.0,0.0,0.0,0.0,0.0,success,sinkhorn,1.0,100000
1D-gaussian-6c-256p,256,256,0.1220920642081533,11,1.517683705278298e-17,,seconds,0.0,0.0025686025619506,megabytes,0.0,0.0,0.0,0.0,0.0,0.0,0.0,0.0,success,sinkhorn,1.0,100000
1D-gaussian-6c-256p,256,256,0.2387807405604287,11,4.413376514338305e-15,,seconds,0.0,0.0026025995612144,megabytes,0.0,0.0,0.0,0.0,0.0,0.0,0.0,0.0,success,sinkhorn,1.0,100000
1D-gaussian-6c-256p,256,256,0.2295004104548414,11,9.76670348696852e-15,,seconds,0.0,0.0026902165263891,megabytes,0.0,0.0,0.0,0.0,0.0,0.0,0.0,0.0,success,sinkhorn,1.0,100000
1D-gaussian-6c-256p,256,256,0.1911566250759117,11,1.9490770909888198e-16,,seconds,0.0,0.0024962406605482,megabytes,0.0,0.0,0.0,0.0,0.0,0.0,0.0,0.0,success,sinkhorn,1.0,100000
1D-gaussian-6c-256p,256,256,0.206965771896715,11,4.6936042156710866e-17,,seconds,0.0,0.0028337594121694,megabytes,0.0,0.0,0.0,0.0,0.0,0.0,0.0,0.0,success,sinkhorn,1.0,100000
1D-gaussian-6c-256p,256,256,0.1745662246603767,11,1.3363415375218244e-17,,seconds,0.0,0.0026702508330345,megabytes,0.0,0.0,0.0,0.0,0.0,0.0,0.0,0.0,success,sinkhorn,1.0,100000
1D-gaussian-6c-256p,256,256,0.1583647360705581,11,2.2880293333930028e-17,,seconds,0.0,0.0028641335666179,megabytes,0.0,0.0,0.0,0.0,0.0,0.0,0.0,0.0,success,sinkhorn,1.0,100000
1D-gaussian-6c-256p,256,256,0.1991450506367987,11,1.4475181509589133e-14,,seconds,0.0,0.0025860704481601,megabytes,0.0,0.0,0.0,0.0,0.0,0.0,0.0,0.0,success,sinkhorn,1.0,100000
1D-gaussian-6c-256p,256,256,0.2325259164586618,11,4.5338313428426716e-14,,seconds,0.0,0.0025209560990333,megabytes,0.0,0.0,0.0,0.0,0.0,0.0,0.0,0.0,success,sinkhorn,1.0,100000
1D-gaussian-6c-256p,256,256,0.2375678402059777,11,2.65684763758491e-13,,seconds,0.0,0.0025282967835664,megabytes,0.0,0.0,0.0,0.0,0.0,0.0,0.0,0.0,success,sinkhorn,1.0,100000
1D-gaussian-6c-256p,256,256,0.2531265043697085,11,1.9502716853613088e-17,,seconds,0.0,0.0024845581501722,megabytes,0.0,0.0,0.0,0.0,0.0,0.0,0.0,0.0,success,sinkhorn,1.0,100000
1D-gaussian-6c-256p,256,256,0.2688003055339892,11,9.763959644450137e-16,,seconds,0.0,0.0024674069136381,megabytes,0.0,0.0,0.0,0.0,0.0,0.0,0.0,0.0,success,sinkhorn,1.0,100000
1D-gaussian-6c-256p,256,256,0.2569146689370739,11,1.3339681118529018e-12,,seconds,0.0,0.0026278719305992,megabytes,0.0,0.0,0.0,0.0,0.0,0.0,0.0,0.0,success,sinkhorn,1.0,100000
1D-gaussian-6c-256p,256,256,0.1555265949576976,11,1.7958834119517988e-17,,seconds,0.0,0.002516970038414,megabytes,0.0,0.0,0.0,0.0,0.0,0.0,0.0,0.0,success,sinkhorn,1.0,100000
1D-gaussian-6c-256p,256,256,0.2654631399940064,11,2.9761823424014533e-15,,seconds,0.0,0.0025435537099838,megabytes,0.0,0.0,0.0,0.0,0.0,0.0,0.0,0.0,success,sinkhorn,1.0,100000
1D-gaussian-6c-512p,512,512,0.2380223601153447,11,1.1340247698752149e-17,,seconds,0.0,0.0025149025022983,megabytes,0.0,0.0,0.0,0.0,0.0,0.0,0.0,0.0,success,sinkhorn,1.0,100000
1D-gaussian-6c-512p,512,512,0.1991450506367986,11,1.0231204764802271e-14,,seconds,0.0,0.0026530493050813,megabytes,0.0,0.0,0.0,0.0,0.0,0.0,0.0,0.0,success,sinkhorn,1.0,100000
1D-gaussian-6c-512p,512,512,0.1725982302773684,11,9.457935445451025e-18,,seconds,0.0,0.0026500448584556,megabytes,0.0,0.0,0.0,0.0,0.0,0.0,0.0,0.0,success,sinkhorn,1.0,100000
1D-gaussian-6c-512p,512,512,0.2387807405604179,11,3.122211238413401e-15,,seconds,0.0,0.0027548894286155,megabytes,0.0,0.0,0.0,0.0,0.0,0.0,0.0,0.0,success,sinkhorn,1.0,100000
1D-gaussian-6c-512p,512,512,0.1555265949576976,11,1.3662266983337733e-17,,seconds,0.0,0.0025313720107078,megabytes,0.0,0.0,0.0,0.0,0.0,0.0,0.0,0.0,success,sinkhorn,1.0,100000
1D-gaussian-6c-512p,512,512,0.2375678402059749,11,1.8786414961378778e-13,,seconds,0.0,0.0025594420731067,megabytes,0.0,0.0,0.0,0.0,0.0,0.0,0.0,0.0,success,sinkhorn,1.0,100000
1D-gaussian-6c-512p,512,512,0.1745662246565546,11,9.156549277166413e-18,,seconds,0.0,0.0026804581284523,megabytes,0.0,0.0,0.0,0.0,0.0,0.0,0.0,0.0,success,sinkhorn,1.0,100000
1D-gaussian-6c-512p,512,512,0.279920225396967,11,4.147689469268699e-13,,seconds,0.0,0.0025737602263689,megabytes,0.0,0.0,0.0,0.0,0.0,0.0,0.0,0.0,success,sinkhorn,1.0,100000
1D-gaussian-6c-512p,512,512,0.2688003055334932,11,6.902905444720347e-16,,seconds,0.0,0.0026275627315044,megabytes,0.0,0.0,0.0,0.0,0.0,0.0,0.0,0.0,success,sinkhorn,1.0,100000
1D-gaussian-6c-512p,512,512,0.2559951767723392,11,1.0077474784505157e-17,,seconds,0.0,0.0025241393595933,megabytes,0.0,0.0,0.0,0.0,0.0,0.0,0.0,0.0,success,sinkhorn,1.0,100000
1D-gaussian-6c-512p,512,512,0.1911566238288207,11,1.452759293192122e-16,,seconds,0.0,0.0026125442236661,megabytes,0.0,0.0,0.0,0.0,0.0,0.0,0.0,0.0,success,sinkhorn,1.0,100000
1D-gaussian-6c-512p,512,512,0.2569146683317876,11,9.43261211569744e-13,,seconds,0.0,0.0026899520307779,megabytes,0.0,0.0,0.0,0.0,0.0,0.0,0.0,0.0,success,sinkhorn,1.0,100000
1D-gaussian-6c-512p,512,512,0.1583647358841583,11,1.172689057164724e-17,,seconds,0.0,0.0026293192058801,megabytes,0.0,0.0,0.0,0.0,0.0,0.0,0.0,0.0,success,sinkhorn,1.0,100000
1D-gaussian-6c-512p,512,512,0.1892985853172994,11,9.422149618107857e-18,,seconds,0.0,0.0026039462536573,megabytes,0.0,0.0,0.0,0.0,0.0,0.0,0.0,0.0,success,sinkhorn,1.0,100000
1D-gaussian-6c-512p,512,512,0.1278380739916416,11,1.1036419855611977e-17,,seconds,0.0,0.0030297525227069,megabytes,0.0,0.0,0.0,0.0,0.0,0.0,0.0,0.0,success,sinkhorn,1.0,100000
1D-gaussian-6c-512p,512,512,0.1140749259547502,11,2.4632630650778406e-17,,seconds,0.0,0.0025649666786193,megabytes,0.0,0.0,0.0,0.0,0.0,0.0,0.0,0.0,success,sinkhorn,1.0,100000
1D-gaussian-6c-512p,512,512,0.206965771896715,11,3.2991265839190583e-17,,seconds,0.0,0.0025481134653091,megabytes,0.0,0.0,0.0,0.0,0.0,0.0,0.0,0.0,success,sinkhorn,1.0,100000
1D-gaussian-6c-512p,512,512,0.2531265043696954,11,1.0891442780038892e-17,,seconds,0.0,0.0026467461138963,megabytes,0.0,0.0,0.0,0.0,0.0,0.0,0.0,0.0,success,sinkhorn,1.0,100000
1D-gaussian-6c-512p,512,512,0.232525916452338,11,3.2059267838575826e-14,,seconds,0.0,0.0027715098112821,megabytes,0.0,0.0,0.0,0.0,0.0,0.0,0.0,0.0,success,sinkhorn,1.0,100000
1D-gaussian-6c-512p,512,512,0.1220920642081533,11,1.1749490248515893e-17,,seconds,0.2058589458465576,0.0026916041970252,megabytes,88270.0,88270.0,0.0,0.0,0.066207744,0.066207744,0.0,0.0,success,sinkhorn,1.0,100000
1D-gaussian-6c-512p,512,512,0.1321208789764282,11,1.4913496699468246e-17,,seconds,0.0,0.0025772489607334,megabytes,0.0,0.0,0.0,0.0,0.0,0.0,0.0,0.0,success,sinkhorn,1.0,100000
1D-gaussian-6c-512p,512,512,0.2424264137433621,11,9.743308412469432e-18,,seconds,0.0,0.0026104971766471,megabytes,0.0,0.0,0.0,0.0,0.0,0.0,0.0,0.0,success,sinkhorn,1.0,100000
1D-gaussian-6c-512p,512,512,0.3672418192314997,11,5.6116525753733536e-15,,seconds,0.0,0.0024617947638034,megabytes,0.0,0.0,0.0,0.0,0.0,0.0,0.0,0.0,success,sinkhorn,1.0,100000
1D-gaussian-6c-512p,512,512,0.2550819709862906,11,2.0229957209067982e-14,,seconds,0.0,0.0025535468012094,megabytes,0.0,0.0,0.0,0.0,0.0,0.0,0.0,0.0,success,sinkhorn,1.0,100000
1D-gaussian-6c-512p,512,512,0.2295004100396296,11,6.905371439228392e-15,,seconds,0.0,0.0025586690753698,megabytes,0.0,0.0,0.0,0.0,0.0,0.0,0.0,0.0,success,sinkhorn,1.0,100000
1D-gaussian-6c-512p,512,512,0.1424342035987872,11,2.176754791313512e-17,,seconds,0.0,0.0025485176593065,megabytes,0.0,0.0,0.0,0.0,0.0,0.0,0.0,0.0,success,sinkhorn,1.0,100000
1D-gaussian-6c-512p,512,512,0.1579507476602919,11,1.0158103830236783e-16,,seconds,0.0,0.0025752000510692,megabytes,0.0,0.0,0.0,0.0,0.0,0.0,0.0,0.0,success,sinkhorn,1.0,100000
1D-gaussian-6c-512p,512,512,0.2654631399868513,11,2.103571737067216e-15,,seconds,0.0,0.0026337746530771,megabytes,0.0,0.0,0.0,0.0,0.0,0.0,0.0,0.0,success,sinkhorn,1.0,100000
1D-gaussian-6c-512p,512,512,0.1165222034281888,11,2.3920783816758112e-17,,seconds,0.0,0.0025466624647378,megabytes,0.0,0.0,0.0,0.0,0.0,0.0,0.0,0.0,success,sinkhorn,1.0,100000
1D-gaussian-6c-512p,512,512,0.1659618888753686,11,9.520515498031549e-18,,seconds,0.0,0.0024859309196472,megabytes,0.0,0.0,0.0,0.0,0.0,0.0,0.0,0.0,success,sinkhorn,1.0,100000
1D-gaussian-6c-1024p,1024,1024,0.1278380739916416,11,8.086315130986169e-18,,seconds,0.0,0.0028251782059669,megabytes,0.0,0.0,0.0,0.0,0.0,0.0,0.0,0.0,success,sinkhorn,1.0,100000
1D-gaussian-6c-1024p,1024,1024,0.2799202235494041,11,2.93289285975093e-13,,seconds,0.0,0.0028440915048122,megabytes,0.0,0.0,0.0,0.0,0.0,0.0,0.0,0.0,success,sinkhorn,1.0,100000
1D-gaussian-6c-1024p,1024,1024,0.232525916450747,11,2.266963042601649e-14,,seconds,0.0,0.0025998186320066,megabytes,0.0,0.0,0.0,0.0,0.0,0.0,0.0,0.0,success,sinkhorn,1.0,100000
1D-gaussian-6c-1024p,1024,1024,0.2424264137433622,11,8.254407533091727e-18,,seconds,0.0,0.0026514343917369,megabytes,0.0,0.0,0.0,0.0,0.0,0.0,0.0,0.0,success,sinkhorn,1.0,100000
1D-gaussian-6c-1024p,1024,1024,0.1725982302773676,11,7.329300946550837e-18,,seconds,0.0,0.0026184991002082,megabytes,0.0,0.0,0.0,0.0,0.0,0.0,0.0,0.0,success,sinkhorn,1.0,100000
1D-gaussian-6c-1024p,1024,1024,0.1892985853172994,11,1.3983432026425622e-17,,seconds,0.0,0.0026288889348506,megabytes,0.0,0.0,0.0,0.0,0.0,0.0,0.0,0.0,success,sinkhorn,1.0,100000
1D-gaussian-6c-1024p,1024,1024,0.1165222034281888,11,8.75048197288329e-18,,seconds,0.0,0.0026732664555311,megabytes,0.0,0.0,0.0,0.0,0.0,0.0,0.0,0.0,success,sinkhorn,1.0,100000
1D-gaussian-6c-1024p,1024,1024,0.253126504369692,11,1.5044821031979484e-17,,seconds,0.0,0.0026068296283483,megabytes,0.0,0.0,0.0,0.0,0.0,0.0,0.0,0.0,success,sinkhorn,1.0,100000
1D-gaussian-6c-1024p,1024,1024,0.2380223601153431,11,8.627621117656485e-18,,seconds,0.0,0.0026321560144424,megabytes,0.0,0.0,0.0,0.0,0.0,0.0,0.0,0.0,success,sinkhorn,1.0,100000
1D-gaussian-6c-1024p,1024,1024,0.2688003055333677,11,4.899492678176926e-16,,seconds,0.0,0.0025892220437526,megabytes,0.0,0.0,0.0,0.0,0.0,0.0,0.0,0.0,success,sinkhorn,1.0,100000
1D-gaussian-6c-1024p,1024,1024,0.2375678402059742,11,1.328416992836872e-13,,seconds,0.0,0.003086844459176,megabytes,0.0,0.0,0.0,0.0,0.0,0.0,0.0,0.0,success,sinkhorn,1.0,100000
1D-gaussian-6c-1024p,1024,1024,0.2559951767718346,11,8.668760870180934e-18,,seconds,0.0,0.0025999806821346,megabytes,0.0,0.0,0.0,0.0,0.0,0.0,0.0,0.0,success,sinkhorn,1.0,100000
1D-gaussian-6c-1024p,1024,1024,0.1745662246555914,11,1.0226278547636113e-17,,seconds,0.0,0.0026642046868801,megabytes,0.0,0.0,0.0,0.0,0.0,0.0,0.0,0.0,success,sinkhorn,1.0,100000
1D-gaussian-6c-1024p,1024,1024,0.2387807405604151,11,2.205676946642994e-15,,seconds,0.0,0.0026595033705234,megabytes,0.0,0.0,0.0,0.0,0.0,0.0,0.0,0.0,success,sinkhorn,1.0,100000
1D-gaussian-6c-1024p,1024,1024,0.1659618888748435,11,6.313757349716951e-18,,seconds,0.0,0.0025953259319067,megabytes,0.0,0.0,0.0,0.0,0.0,0.0,0.0,0.0,success,sinkhorn,1.0,100000
1D-gaussian-6c-1024p,1024,1024,0.1555265949576976,11,1.2069098521077205e-17,,seconds,0.0,0.002512589097023,megabytes,0.0,0.0,0.0,0.0,0.0,0.0,0.0,0.0,success,sinkhorn,1.0,100000
1D-gaussian-6c-1024p,1024,1024,0.1579507476278531,11,7.187131184655959e-17,,seconds,0.0,0.0025482699275016,megabytes,0.0,0.0,0.0,0.0,0.0,0.0,0.0,0.0,success,sinkhorn,1.0,100000
1D-gaussian-6c-1024p,1024,1024,0.2654631399850528,11,1.4896565856837774e-15,,seconds,0.0,0.0025638844817876,megabytes,0.0,0.0,0.0,0.0,0.0,0.0,0.0,0.0,success,sinkhorn,1.0,100000
1D-gaussian-6c-1024p,1024,1024,0.1911566235162521,11,9.971835743128076e-17,,seconds,0.0,0.0025292914360761,megabytes,0.0,0.0,0.0,0.0,0.0,0.0,0.0,0.0,success,sinkhorn,1.0,100000
1D-gaussian-6c-1024p,1024,1024,0.2069657718967149,11,2.4715193729172886e-17,,seconds,0.0,0.0024973563849925,megabytes,0.0,0.0,0.0,0.0,0.0,0.0,0.0,0.0,success,sinkhorn,1.0,100000
1D-gaussian-6c-1024p,1024,1024,0.1991450506367986,11,7.232563889665402e-15,,seconds,0.0,0.0026047341525554,megabytes,0.0,0.0,0.0,0.0,0.0,0.0,0.0,0.0,success,sinkhorn,1.0,100000
1D-gaussian-6c-1024p,1024,1024,0.1424342035987835,11,7.064559671369899e-18,,seconds,0.0,0.002639889717102,megabytes,0.0,0.0,0.0,0.0,0.0,0.0,0.0,0.0,success,sinkhorn,1.0,100000
1D-gaussian-6c-1024p,1024,1024,0.1140749259432105,11,8.462550388611703e-18,,seconds,0.0,0.0028363093733787,megabytes,0.0,0.0,0.0,0.0,0.0,0.0,0.0,0.0,success,sinkhorn,1.0,100000
1D-gaussian-6c-1024p,1024,1024,0.2569146681798973,11,6.669845049652985e-13,,seconds,0.0,0.0027537699788808,megabytes,0.0,0.0,0.0,0.0,0.0,0.0,0.0,0.0,success,sinkhorn,1.0,100000
1D-gaussian-6c-1024p,1024,1024,0.3672418192447469,11,3.971933186394576e-15,,seconds,0.0,0.0026847925037145,megabytes,0.0,0.0,0.0,0.0,0.0,0.0,0.0,0.0,success,sinkhorn,1.0,100000
1D-gaussian-6c-1024p,1024,1024,0.1321208789764278,11,6.641034453858713e-18,,seconds,0.0,0.0026911478489637,megabytes,0.0,0.0,0.0,0.0,0.0,0.0,0.0,0.0,success,sinkhorn,1.0,100000
1D-gaussian-6c-1024p,1024,1024,0.229500409935403,11,4.884041997944623e-15,,seconds,0.0,0.0025878902524709,megabytes,0.0,0.0,0.0,0.0,0.0,0.0,0.0,0.0,success,sinkhorn,1.0,100000
1D-gaussian-6c-1024p,1024,1024,0.1220920642081533,11,8.36637912545681e-18,,seconds,0.0,0.0026515983045101,megabytes,0.0,0.0,0.0,0.0,0.0,0.0,0.0,0.0,success,sinkhorn,1.0,100000
1D-gaussian-6c-1024p,1024,1024,0.2550819709761834,11,1.4305034786142164e-14,,seconds,0.0,0.0027639120817184,megabytes,0.0,0.0,0.0,0.0,0.0,0.0,0.0,0.0,success,sinkhorn,1.0,100000
1D-gaussian-6c-1024p,1024,1024,0.1583647358373703,11,8.145814680846988e-18,,seconds,0.0,0.002751326188445,megabytes,0.0,0.0,0.0,0.0,0.0,0.0,0.0,0.0,success,sinkhorn,1.0,100000
1D-gaussian-6c-2048p,2048,2048,0.1583647358256614,11,7.396180598542406e-18,,seconds,0.0,0.0030359793454408,megabytes,0.0,0.0,0.0,0.0,0.0,0.0,0.0,0.0,success,sinkhorn,1.0,100000
1D-gaussian-6c-2048p,2048,2048,0.206965771896715,11,1.638055341195071e-17,,seconds,0.0,0.0031308159232139,megabytes,0.0,0.0,0.0,0.0,0.0,0.0,0.0,0.0,success,sinkhorn,1.0,100000
1D-gaussian-6c-2048p,2048,2048,0.2380223601153426,11,6.2954346081105064e-18,,seconds,0.0,0.0029587224125862,megabytes,0.0,0.0,0.0,0.0,0.0,0.0,0.0,0.0,success,sinkhorn,1.0,100000
1D-gaussian-6c-2048p,2048,2048,0.1424342035987825,11,5.8705402053487276e-18,,seconds,0.0,0.0029378477483987,megabytes,0.0,0.0,0.0,0.0,0.0,0.0,0.0,0.0,success,sinkhorn,1.0,100000
1D-gaussian-6c-2048p,2048,2048,0.2295004099093197,11,3.4494298454697155e-15,,seconds,0.0,0.002829061821103,megabytes,0.0,0.0,0.0,0.0,0.0,0.0,0.0,0.0,success,sinkhorn,1.0,100000
1D-gaussian-6c-2048p,2048,2048,0.2424264137433622,11,5.6156450228348384e-18,,seconds,0.0,0.0031943134963512,megabytes,0.0,0.0,0.0,0.0,0.0,0.0,0.0,0.0,success,sinkhorn,1.0,100000
1D-gaussian-6c-2048p,2048,2048,0.256914668141889,11,4.716298607375534e-13,,seconds,0.0,0.0027981046587228,megabytes,0.0,0.0,0.0,0.0,0.0,0.0,0.0,0.0,success,sinkhorn,1.0,100000
1D-gaussian-6c-2048p,2048,2048,0.1165222034281888,11,1.0976297555516805e-17,,seconds,0.0,0.0029564574360847,megabytes,0.0,0.0,0.0,0.0,0.0,0.0,0.0,0.0,success,sinkhorn,1.0,100000
1D-gaussian-6c-2048p,2048,2048,0.1911566234380602,11,7.163500437483391e-17,,seconds,0.0,0.0029108542948961,megabytes,0.0,0.0,0.0,0.0,0.0,0.0,0.0,0.0,success,sinkhorn,1.0,100000
1D-gaussian-6c-2048p,2048,2048,0.1555265949576976,11,6.6043721525279076e-18,,seconds,0.0,0.0028350688517093,megabytes,0.0,0.0,0.0,0.0,0.0,0.0,0.0,0.0,success,sinkhorn,1.0,100000
1D-gaussian-6c-2048p,2048,2048,0.1991450506367987,11,5.115989166787204e-15,,seconds,0.0,0.0027531292289495,megabytes,0.0,0.0,0.0,0.0,0.0,0.0,0.0,0.0,success,sinkhorn,1.0,100000
1D-gaussian-6c-2048p,2048,2048,0.2531265043696912,11,5.1633169831174324e-18,,seconds,0.0,0.0031355656683444,megabytes,0.0,0.0,0.0,0.0,0.0,0.0,0.0,0.0,success,sinkhorn,1.0,100000
1D-gaussian-6c-2048p,2048,2048,0.2654631399846026,11,1.0512631795047757e-15,,seconds,0.0,0.0030494797974824,megabytes,0.0,0.0,0.0,0.0,0.0,0.0,0.0,0.0,success,sinkhorn,1.0,100000
1D-gaussian-6c-2048p,2048,2048,0.2799202230872565,11,2.073872981967743e-13,,seconds,0.0,0.0029012989252805,megabytes,0.0,0.0,0.0,0.0,0.0,0.0,0.0,0.0,success,sinkhorn,1.0,100000
1D-gaussian-6c-2048p,2048,2048,0.237567840205974,11,9.393232974428813e-14,,seconds,0.0,0.0032346006482839,megabytes,0.0,0.0,0.0,0.0,0.0,0.0,0.0,0.0,success,sinkhorn,1.0,100000
1D-gaussian-6c-2048p,2048,2048,0.2550819709736535,11,1.0114738186264047e-14,,seconds,0.0,0.0029655769467353,megabytes,0.0,0.0,0.0,0.0,0.0,0.0,0.0,0.0,success,sinkhorn,1.0,100000
1D-gaussian-6c-2048p,2048,2048,0.1579507476197355,11,5.263456802303541e-17,,seconds,0.0,0.0030029490590095,megabytes,0.0,0.0,0.0,0.0,0.0,0.0,0.0,0.0,success,sinkhorn,1.0,100000
1D-gaussian-6c-2048p,2048,2048,0.2387807405604144,11,1.5598693122028854e-15,,seconds,0.0,0.0032470468431711,megabytes,0.0,0.0,0.0,0.0,0.0,0.0,0.0,0.0,success,sinkhorn,1.0,100000
1D-gaussian-6c-2048p,2048,2048,0.1892985853172994,11,5.595416953433423e-18,,seconds,0.0,0.003136221319437,megabytes,0.0,0.0,0.0,0.0,0.0,0.0,0.0,0.0,success,sinkhorn,1.0,100000
1D-gaussian-6c-2048p,2048,2048,0.1745662246553501,11,8.594578542744409e-18,,seconds,0.0,0.0032457783818244,megabytes,0.0,0.0,0.0,0.0,0.0,0.0,0.0,0.0,success,sinkhorn,1.0,100000
1D-gaussian-6c-2048p,2048,2048,0.1725982302773674,11,4.484786197319305e-18,,seconds,0.0,0.0031768418848514,megabytes,0.0,0.0,0.0,0.0,0.0,0.0,0.0,0.0,success,sinkhorn,1.0,100000
1D-gaussian-6c-2048p,2048,2048,0.2559951767717082,11,6.1981305218788175e-18,,seconds,0.0,0.0030605848878622,megabytes,0.0,0.0,0.0,0.0,0.0,0.0,0.0,0.0,success,sinkhorn,1.0,100000
1D-gaussian-6c-2048p,2048,2048,0.1659618888747121,11,4.767488379014665e-18,,seconds,0.0,0.0029823388904333,megabytes,0.0,0.0,0.0,0.0,0.0,0.0,0.0,0.0,success,sinkhorn,1.0,100000
1D-gaussian-6c-2048p,2048,2048,0.1321208789764277,11,5.578567595786859e-18,,seconds,0.0,0.0029168426990509,megabytes,0.0,0.0,0.0,0.0,0.0,0.0,0.0,0.0,success,sinkhorn,1.0,100000
1D-gaussian-6c-2048p,2048,2048,0.2688003055333363,11,3.456011039267461e-16,,seconds,0.0,0.0028399117290973,megabytes,0.0,0.0,0.0,0.0,0.0,0.0,0.0,0.0,success,sinkhorn,1.0,100000
1D-gaussian-6c-2048p,2048,2048,0.1220920642081533,11,5.565255993264742e-18,,seconds,0.0,0.0030077304691076,megabytes,0.0,0.0,0.0,0.0,0.0,0.0,0.0,0.0,success,sinkhorn,1.0,100000
1D-gaussian-6c-2048p,2048,2048,0.1140749259403227,11,1.0577245178254393e-17,,seconds,0.0,0.0028751660138368,megabytes,0.0,0.0,0.0,0.0,0.0,0.0,0.0,0.0,success,sinkhorn,1.0,100000
1D-gaussian-6c-2048p,2048,2048,0.2325259164503487,11,1.6029240912377193e-14,,seconds,0.0,0.0028718020766973,megabytes,0.0,0.0,0.0,0.0,0.0,0.0,0.0,0.0,success,sinkhorn,1.0,100000
1D-gaussian-6c-2048p,2048,2048,0.3672418192480647,11,2.8082727865414757e-15,,seconds,0.0,0.0028997026383876,megabytes,0.0,0.0,0.0,0.0,0.0,0.0,0.0,0.0,success,sinkhorn,1.0,100000
1D-gaussian-6c-2048p,2048,2048,0.1278380739916416,11,9.84671401830585e-18,,seconds,0.0,0.0028398167341947,megabytes,0.0,0.0,0.0,0.0,0.0,0.0,0.0,0.0,success,sinkhorn,1.0,100000
1D-gaussian-2c-32p,32,32,0.0340356204797435,11,7.987186849236376e-12,,seconds,0.0,0.0025620404630899,megabytes,0.0,0.0,0.0,0.0,0.0,0.0,0.0,0.0,success,sinkhorn,0.1,100000
1D-gaussian-2c-32p,32,32,0.6531418662203555,11,3.931010545472105e-08,,seconds,0.0,0.0030328184366226,megabytes,0.0,0.0,0.0,0.0,0.0,0.0,0.0,0.0,success,sinkhorn,0.1,100000
1D-gaussian-2c-32p,32,32,0.1272946916926786,21,1.442622500122374e-11,,seconds,0.0,0.0030319970101118,megabytes,0.0,0.0,0.0,0.0,0.0,0.0,0.0,0.0,success,sinkhorn,0.1,100000
1D-gaussian-2c-32p,32,32,0.1395898775478884,31,2.457344864382757e-07,,seconds,0.0,0.003280371427536,megabytes,0.0,0.0,0.0,0.0,0.0,0.0,0.0,0.0,success,sinkhorn,0.1,100000
1D-gaussian-2c-32p,32,32,0.0285425628586188,11,1.813002292801133e-13,,seconds,0.0,0.0027676746249198,megabytes,0.0,0.0,0.0,0.0,0.0,0.0,0.0,0.0,success,sinkhorn,0.1,100000
1D-gaussian-2c-32p,32,32,0.0742817975509066,271,6.794247881961377e-07,,seconds,0.0,0.0100859217345714,megabytes,0.0,0.0,0.0,0.0,0.0,0.0,0.0,0.0,success,sinkhorn,0.1,100000
1D-gaussian-2c-32p,32,32,0.0645271974199679,11,1.1644134221803205e-12,,seconds,0.0,0.0026458594948053,megabytes,0.0,0.0,0.0,0.0,0.0,0.0,0.0,0.0,success,sinkhorn,0.1,100000
1D-gaussian-2c-32p,32,32,0.276643912776692,11,8.057854403702307e-09,,seconds,0.0,0.0026461537927389,megabytes,0.0,0.0,0.0,0.0,0.0,0.0,0.0,0.0,success,sinkhorn,0.1,100000
1D-gaussian-2c-32p,32,32,0.4110137917978538,21,3.5940163395264264e-08,,seconds,0.0,0.0028749722987413,megabytes,0.0,0.0,0.0,0.0,0.0,0.0,0.0,0.0,success,sinkhorn,0.1,100000
1D-gaussian-2c-32p,32,32,0.0899990372498929,11,1.5031469803412494e-16,,seconds,0.0,0.0026017948985099,megabytes,0.0,0.0,0.0,0.0,0.0,0.0,0.0,0.0,success,sinkhorn,0.1,100000
1D-gaussian-2c-32p,32,32,0.1086849557797899,61,2.6321276368027985e-07,,seconds,0.0,0.0040447507053613,megabytes,0.0,0.0,0.0,0.0,0.0,0.0,0.0,0.0,success,sinkhorn,0.1,100000
1D-gaussian-2c-32p,32,32,0.1626394491739255,61,6.914905383783856e-07,,seconds,0.3703887462615967,0.0040830168873071,megabytes,88270.0,88270.0,1.0,1.0,0.066342912,0.066342912,0.0,0.0,success,sinkhorn,0.1,100000
1D-gaussian-2c-32p,32,32,0.1156209581451035,11,4.3553098201689633e-08,,seconds,0.0,0.0025941301137208,megabytes,0.0,0.0,0.0,0.0,0.0,0.0,0.0,0.0,success,sinkhorn,0.1,100000
1D-gaussian-2c-32p,32,32,0.1078496644876745,671,8.978769884770842e-07,,seconds,0.2037909030914306,0.0228040050715208,megabytes,88270.0,88270.0,0.0,0.0,0.065949696,0.065949696,0.0,0.0,success,sinkhorn,0.1,100000
1D-gaussian-2c-32p,32,32,0.7353252611452183,11,7.007939849235854e-17,,seconds,0.0,0.0025845989584922,megabytes,0.0,0.0,0.0,0.0,0.0,0.0,0.0,0.0,success,sinkhorn,0.1,100000
1D-gaussian-2c-32p,32,32,0.0106380943904821,2741,9.98938235993981e-07,,seconds,0.2364544868469238,0.0854883510619402,megabytes,88270.0,88270.0,0.0,0.0,0.065511424,0.065511424,0.25625,0.25625,success,sinkhorn,0.1,100000
1D-gaussian-2c-32p,32,32,0.4387039642749543,21,1.7376521000333887e-11,,seconds,0.0,0.0029171835631132,megabytes,0.0,0.0,0.0,0.0,0.0,0.0,0.0,0.0,success,sinkhorn,0.1,100000
1D-gaussian-2c-32p,32,32,0.3934361678643573,41,6.146625990674828e-08,,seconds,0.2872340679168701,0.0035998318344354,megabytes,88270.0,88270.0,0.0,0.0,0.066367488,0.066367488,0.0,0.0,success,sinkhorn,0.1,100000
1D-gaussian-2c-32p,32,32,0.0580379106095609,11,8.373137780985523e-16,,seconds,0.0,0.0027173962444067,megabytes,0.0,0.0,0.0,0.0,0.0,0.0,0.0,0.0,success,sinkhorn,0.1,100000
1D-gaussian-2c-32p,32,32,0.3001588888412361,21,2.2178088859117562e-07,,seconds,0.0,0.0027797222137451,megabytes,0.0,0.0,0.0,0.0,0.0,0.0,0.0,0.0,success,sinkhorn,0.1,100000
1D-gaussian-2c-32p,32,32,0.0583660366935479,21,4.086831641475283e-09,,seconds,0.0,0.0027722176164388,megabytes,0.0,0.0,0.0,0.0,0.0,0.0,0.0,0.0,success,sinkhorn,0.1,100000
1D-gaussian-2c-32p,32,32,0.1589674369494974,11,4.5857267390424875e-14,,seconds,0.0,0.0027322303503751,megabytes,0.0,0.0,0.0,0.0,0.0,0.0,0.0,0.0,success,sinkhorn,0.1,100000
1D-gaussian-2c-32p,32,32,0.0757178359136409,11,5.597004042492165e-17,,seconds,0.0,0.0025421474128961,megabytes,0.0,0.0,0.0,0.0,0.0,0.0,0.0,0.0,success,sinkhorn,0.1,100000
1D-gaussian-2c-32p,32,32,0.0256196282742474,11,3.4571286093417246e-16,,seconds,0.0,0.0026205033063888,megabytes,0.0,0.0,0.0,0.0,0.0,0.0,0.0,0.0,success,sinkhorn,0.1,100000
1D-gaussian-2c-32p,32,32,0.2062314338831319,11,2.460064464123613e-12,,seconds,0.0,0.0025983899831771,megabytes,0.0,0.0,0.0,0.0,0.0,0.0,0.0,0.0,success,sinkhorn,0.1,100000
1D-gaussian-2c-32p,32,32,0.2261756278724817,11,1.4190099531853254e-11,,seconds,0.0,0.0026714541018009,megabytes,0.0,0.0,0.0,0.0,0.0,0.0,0.0,0.0,success,sinkhorn,0.1,100000
1D-gaussian-2c-32p,32,32,0.5465382822709486,11,2.423505328204999e-07,,seconds,0.0,0.0026385225355625,megabytes,0.0,0.0,0.0,0.0,0.0,0.0,0.0,0.0,success,sinkhorn,0.1,100000
1D-gaussian-2c-32p,32,32,0.0171392055394003,891,9.839480646287334e-07,,seconds,0.2281045913696289,0.0287205893546342,megabytes,88270.0,88270.0,6.0,6.0,0.066019328,0.066019328,0.0,0.0,success,sinkhorn,0.1,100000
1D-gaussian-2c-32p,32,32,0.0252430737803238,11,2.0067630731001926e-16,,seconds,0.0,0.0025430284440517,megabytes,0.0,0.0,0.0,0.0,0.0,0.0,0.0,0.0,success,sinkhorn,0.1,100000
1D-gaussian-2c-32p,32,32,0.028707617607706,81,2.988628873734035e-07,,seconds,0.0,0.0048649571835994,megabytes,0.0,0.0,0.0,0.0,0.0,0.0,0.0,0.0,success,sinkhorn,0.1,100000
1D-gaussian-2c-64p,64,64,0.0897004870625624,11,2.866605263015508e-17,,seconds,0.0,0.0027064438909292,megabytes,0.0,0.0,0.0,0.0,0.0,0.0,0.0,0.0,success,sinkhorn,0.1,100000
1D-gaussian-2c-64p,64,64,0.1078364418386702,641,8.944941170671984e-07,,seconds,0.2227377891540527,0.021413654088974,megabytes,88270.0,88270.0,0.0,0.0,0.066555904,0.066555904,0.0,0.0,success,sinkhorn,0.1,100000
1D-gaussian-2c-64p,64,64,0.3951455224369696,41,4.333946882885792e-08,,seconds,0.0,0.0034909881651401,megabytes,0.0,0.0,0.0,0.0,0.0,0.0,0.0,0.0,success,sinkhorn,0.1,100000
1D-gaussian-2c-64p,64,64,0.2763507274918906,11,5.436822820203053e-09,,seconds,0.0,0.0027778949588537,megabytes,0.0,0.0,0.0,0.0,0.0,0.0,0.0,0.0,success,sinkhorn,0.1,100000
1D-gaussian-2c-64p,64,64,0.4387039606165241,21,1.228696284972074e-11,,seconds,0.0,0.0029357317835092,megabytes,0.0,0.0,0.0,0.0,0.0,0.0,0.0,0.0,success,sinkhorn,0.1,100000
1D-gaussian-2c-64p,64,64,0.0106362764587427,2551,9.973894044737962e-07,,seconds,0.2110071182250976,0.0788740757852792,megabytes,88270.0,88270.0,0.0,0.0,0.065650688,0.065650688,0.24296875,0.24296875,success,sinkhorn,0.1,100000
1D-gaussian-2c-64p,64,64,0.2060466422391885,11,1.6817444258163782e-12,,seconds,0.0,0.0029053930193185,megabytes,0.0,0.0,0.0,0.0,0.0,0.0,0.0,0.0,success,sinkhorn,0.1,100000
1D-gaussian-2c-64p,64,64,0.0287074966816658,71,8.479142881753444e-07,,seconds,0.3656632900238037,0.0046790149062871,megabytes,88270.0,88270.0,1.0,1.0,0.067731456,0.067731456,0.0,0.0,success,sinkhorn,0.1,100000
1D-gaussian-2c-64p,64,64,0.028546698850584,11,1.284110755173774e-13,,seconds,0.0,0.0026016104966402,megabytes,0.0,0.0,0.0,0.0,0.0,0.0,0.0,0.0,success,sinkhorn,0.1,100000
1D-gaussian-2c-64p,64,64,0.6524683577403234,11,2.7581639892512653e-08,,seconds,0.0,0.0027130041271448,megabytes,0.0,0.0,0.0,0.0,0.0,0.0,0.0,0.0,success,sinkhorn,0.1,100000
1D-gaussian-2c-64p,64,64,0.7353665445655347,11,5.250987826332299e-17,,seconds,0.0,0.0026893820613622,megabytes,0.0,0.0,0.0,0.0,0.0,0.0,0.0,0.0,success,sinkhorn,0.1,100000
1D-gaussian-2c-64p,64,64,0.1633654865237777,61,4.686931432304721e-07,,seconds,0.0,0.0042683333158493,megabytes,0.0,0.0,0.0,0.0,0.0,0.0,0.0,0.0,success,sinkhorn,0.1,100000
1D-gaussian-2c-64p,64,64,0.0583734684983369,21,2.897459967952128e-09,,seconds,0.0,0.0028326865285634,megabytes,0.0,0.0,0.0,0.0,0.0,0.0,0.0,0.0,success,sinkhorn,0.1,100000
1D-gaussian-2c-64p,64,64,0.0252431197646083,11,1.5884199603329907e-16,,seconds,0.0,0.0026301760226488,megabytes,0.0,0.0,0.0,0.0,0.0,0.0,0.0,0.0,success,sinkhorn,0.1,100000
1D-gaussian-2c-64p,64,64,0.4111771232580378,21,2.292975366469729e-08,,seconds,0.0,0.0027814880013465,megabytes,0.0,0.0,0.0,0.0,0.0,0.0,0.0,0.0,success,sinkhorn,0.1,100000
1D-gaussian-2c-64p,64,64,0.0256186479052039,11,2.4837398663611916e-16,,seconds,0.0,0.0026996824890375,megabytes,0.0,0.0,0.0,0.0,0.0,0.0,0.0,0.0,success,sinkhorn,0.1,100000
1D-gaussian-2c-64p,64,64,0.0172132615366015,951,9.523875876078208e-07,,seconds,0.2928805351257324,0.0310288164764642,megabytes,88270.0,88270.0,0.0,0.0,0.069001216,0.069001216,0.028125,0.028125,success,sinkhorn,0.1,100000
1D-gaussian-2c-64p,64,64,0.1272970087423879,21,1.0198882479238504e-11,,seconds,0.0,0.0028153918683528,megabytes,0.0,0.0,0.0,0.0,0.0,0.0,0.0,0.0,success,sinkhorn,0.1,100000
1D-gaussian-2c-64p,64,64,0.299788326123343,21,1.536250733896061e-07,,seconds,0.0,0.0030492395162582,megabytes,0.0,0.0,0.0,0.0,0.0,0.0,0.0,0.0,success,sinkhorn,0.1,100000
1D-gaussian-2c-64p,64,64,0.1397487134868093,31,1.764413161705358e-07,,seconds,0.0,0.0030894931405782,megabytes,0.0,0.0,0.0,0.0,0.0,0.0,0.0,0.0,success,sinkhorn,0.1,100000
1D-gaussian-2c-64p,64,64,0.1086681402384679,61,1.837128164162932e-07,,seconds,0.2094855308532714,0.0039610434323549,megabytes,88270.0,88270.0,1.0,1.0,0.066080768,0.066080768,0.0,0.0,success,sinkhorn,0.1,100000
1D-gaussian-2c-64p,64,64,0.0578824672323261,11,5.66123863025976e-16,,seconds,0.0,0.0025015082210302,megabytes,0.0,0.0,0.0,0.0,0.0,0.0,0.0,0.0,success,sinkhorn,0.1,100000
1D-gaussian-2c-64p,64,64,0.0758918665486602,11,6.943229366457501e-17,,seconds,0.0,0.0025056730955839,megabytes,0.0,0.0,0.0,0.0,0.0,0.0,0.0,0.0,success,sinkhorn,0.1,100000
1D-gaussian-2c-64p,64,64,0.1156209554117771,11,3.07996590411294e-08,,seconds,0.0,0.0024525877088308,megabytes,0.0,0.0,0.0,0.0,0.0,0.0,0.0,0.0,success,sinkhorn,0.1,100000
1D-gaussian-2c-64p,64,64,0.2261313449559005,11,1.0298932841006924e-11,,seconds,0.0,0.0025304295122623,megabytes,0.0,0.0,0.0,0.0,0.0,0.0,0.0,0.0,success,sinkhorn,0.1,100000
1D-gaussian-2c-64p,64,64,0.1589716905151099,11,3.230988381244448e-14,,seconds,0.0,0.0028616897761821,megabytes,0.0,0.0,0.0,0.0,0.0,0.0,0.0,0.0,success,sinkhorn,0.1,100000
1D-gaussian-2c-64p,64,64,0.0645484506759605,11,7.651745418457379e-13,,seconds,0.0,0.0025019720196723,megabytes,0.0,0.0,0.0,0.0,0.0,0.0,0.0,0.0,success,sinkhorn,0.1,100000
1D-gaussian-2c-64p,64,64,0.5458198971326185,11,1.8165622290596787e-07,,seconds,0.0,0.0025537330657243,megabytes,0.0,0.0,0.0,0.0,0.0,0.0,0.0,0.0,success,sinkhorn,0.1,100000
1D-gaussian-2c-64p,64,64,0.0733364997766443,261,9.091074959827412e-07,,seconds,0.281059980392456,0.0100572165101766,megabytes,88270.0,88270.0,0.0,0.0,0.066174976,0.066174976,0.0,0.0,success,sinkhorn,0.1,100000
1D-gaussian-2c-64p,64,64,0.034036798559425,11,5.6557883539825894e-12,,seconds,0.0,0.0026264637708663,megabytes,0.0,0.0,0.0,0.0,0.0,0.0,0.0,0.0,success,sinkhorn,0.1,100000
1D-gaussian-2c-128p,128,128,0.735366544565535,11,3.838153249685943e-17,,seconds,0.0,0.0027564857155084,megabytes,0.0,0.0,0.0,0.0,0.0,0.0,0.0,0.0,success,sinkhorn,0.1,100000
1D-gaussian-2c-128p,128,128,0.1397487134872567,31,1.2476269198568105e-07,,seconds,0.0,0.0032270420342683,megabytes,0.0,0.0,0.0,0.0,0.0,0.0,0.0,0.0,success,sinkhorn,0.1,100000
1D-gaussian-2c-128p,128,128,0.0287074966823163,71,5.995635118985925e-07,,seconds,0.0,0.0044617801904678,megabytes,0.0,0.0,0.0,0.0,0.0,0.0,0.0,0.0,success,sinkhorn,0.1,100000
1D-gaussian-2c-128p,128,128,0.2261313449297191,11,7.282417736824382e-12,,seconds,0.0,0.002487963065505,megabytes,0.0,0.0,0.0,0.0,0.0,0.0,0.0,0.0,success,sinkhorn,0.1,100000
1D-gaussian-2c-128p,128,128,0.034036798559425,11,3.999266326904732e-12,,seconds,0.0,0.0025337748229503,megabytes,0.0,0.0,0.0,0.0,0.0,0.0,0.0,0.0,success,sinkhorn,0.1,100000
1D-gaussian-2c-128p,128,128,0.1086681345354304,61,1.299043683423383e-07,,seconds,0.0,0.0040222555398941,megabytes,0.0,0.0,0.0,0.0,0.0,0.0,0.0,0.0,success,sinkhorn,0.1,100000
1D-gaussian-2c-128p,128,128,0.0583734684983382,21,2.0488089048653433e-09,,seconds,0.0,0.002842167392373,megabytes,0.0,0.0,0.0,0.0,0.0,0.0,0.0,0.0,success,sinkhorn,0.1,100000
1D-gaussian-2c-128p,128,128,0.5458198971255476,11,1.284478506665699e-07,,seconds,0.0,0.0024498496204614,megabytes,0.0,0.0,0.0,0.0,0.0,0.0,0.0,0.0,success,sinkhorn,0.1,100000
1D-gaussian-2c-128p,128,128,0.0758918664741227,11,3.678019311274253e-17,,seconds,0.0,0.0027354527264833,megabytes,0.0,0.0,0.0,0.0,0.0,0.0,0.0,0.0,success,sinkhorn,0.1,100000
1D-gaussian-2c-128p,128,128,0.0645484506763955,11,5.41071127868032e-13,,seconds,0.0,0.0023622270673513,megabytes,0.0,0.0,0.0,0.0,0.0,0.0,0.0,0.0,success,sinkhorn,0.1,100000
1D-gaussian-2c-128p,128,128,0.0897004871033217,11,2.4016550645095038e-17,,seconds,0.0,0.0024159513413906,megabytes,0.0,0.0,0.0,0.0,0.0,0.0,0.0,0.0,success,sinkhorn,0.1,100000
1D-gaussian-2c-128p,128,128,0.0252431197646083,11,1.13456358538704e-16,,seconds,0.0,0.0029742289334535,megabytes,0.0,0.0,0.0,0.0,0.0,0.0,0.0,0.0,success,sinkhorn,0.1,100000
1D-gaussian-2c-128p,128,128,0.0256186479051987,11,1.8992121730134371e-16,,seconds,0.0,0.0025422889739274,megabytes,0.0,0.0,0.0,0.0,0.0,0.0,0.0,0.0,success,sinkhorn,0.1,100000
1D-gaussian-2c-128p,128,128,0.1589716905151099,11,2.2847925542139813e-14,,seconds,0.0,0.0024521518498659,megabytes,0.0,0.0,0.0,0.0,0.0,0.0,0.0,0.0,success,sinkhorn,0.1,100000
1D-gaussian-2c-128p,128,128,0.1633654864902325,61,3.314154787718297e-07,,seconds,0.0,0.003939650952816,megabytes,0.0,0.0,0.0,0.0,0.0,0.0,0.0,0.0,success,sinkhorn,0.1,100000
1D-gaussian-2c-128p,128,128,0.3951455221412633,41,3.06455602930096e-08,,seconds,0.2207190990447998,0.0034942124038934,megabytes,88270.0,88270.0,0.0,0.0,0.065978368,0.065978368,0.0,0.0,success,sinkhorn,0.1,100000
1D-gaussian-2c-128p,128,128,0.1272965125751086,11,8.03450554197707e-07,,seconds,0.0,0.0024326797574758,megabytes,0.0,0.0,0.0,0.0,0.0,0.0,0.0,0.0,success,sinkhorn,0.1,100000
1D-gaussian-2c-128p,128,128,0.2997883261086163,21,1.0862907532249737e-07,,seconds,0.0,0.0029576439410448,megabytes,0.0,0.0,0.0,0.0,0.0,0.0,0.0,0.0,success,sinkhorn,0.1,100000
1D-gaussian-2c-128p,128,128,0.028546698850584,11,9.078393382658305e-14,,seconds,0.0,0.0024498458951711,megabytes,0.0,0.0,0.0,0.0,0.0,0.0,0.0,0.0,success,sinkhorn,0.1,100000
1D-gaussian-2c-128p,128,128,0.0578824672263901,11,4.317183994900323e-16,,seconds,0.0,0.0027209483087062,megabytes,0.0,0.0,0.0,0.0,0.0,0.0,0.0,0.0,success,sinkhorn,0.1,100000
1D-gaussian-2c-128p,128,128,0.1078362595834243,611,9.364050362277716e-07,,seconds,0.2393443584442138,0.021465802565217,megabytes,88270.0,88270.0,0.0,0.0,0.066048,0.066048,0.0,0.0,success,sinkhorn,0.1,100000
1D-gaussian-2c-128p,128,128,0.2763507276653104,11,3.844284756479778e-09,,seconds,0.0,0.0025880895555019,megabytes,0.0,0.0,0.0,0.0,0.0,0.0,0.0,0.0,success,sinkhorn,0.1,100000
1D-gaussian-2c-128p,128,128,0.4111771232430941,21,1.6213089660687998e-08,,seconds,0.0,0.0029564537107944,megabytes,0.0,0.0,0.0,0.0,0.0,0.0,0.0,0.0,success,sinkhorn,0.1,100000
1D-gaussian-2c-128p,128,128,0.2060466422430529,11,1.189133580289735e-12,,seconds,0.0,0.0025548581033945,megabytes,0.0,0.0,0.0,0.0,0.0,0.0,0.0,0.0,success,sinkhorn,0.1,100000
1D-gaussian-2c-128p,128,128,0.0106361910193978,1931,9.980191073805054e-07,,seconds,0.2124502658843994,0.0600634664297103,megabytes,88270.0,88270.0,0.0,0.0,0.0652288,0.0652288,0.1625,0.1625,success,sinkhorn,0.1,100000
1D-gaussian-2c-128p,128,128,0.6524683577657516,11,1.9503031957896533e-08,,seconds,0.0,0.0025884192436933,megabytes,0.0,0.0,0.0,0.0,0.0,0.0,0.0,0.0,success,sinkhorn,0.1,100000
1D-gaussian-2c-128p,128,128,0.4387039592176312,21,8.688181377554612e-12,,seconds,0.0,0.0028332117944955,megabytes,0.0,0.0,0.0,0.0,0.0,0.0,0.0,0.0,success,sinkhorn,0.1,100000
1D-gaussian-2c-128p,128,128,0.0172131111341471,901,9.999276157448006e-07,,seconds,0.2274014949798584,0.0296562239527702,megabytes,88270.0,88270.0,8.0,8.0,0.065622016,0.065622016,0.03828125,0.03828125,success,sinkhorn,0.1,100000
1D-gaussian-2c-128p,128,128,0.0733362851397685,251,9.291629834518322e-07,,seconds,0.2602620124816894,0.0103037748485803,megabytes,88270.0,88270.0,1.0,1.0,0.069349376,0.069349376,0.0,0.0,success,sinkhorn,0.1,100000
1D-gaussian-2c-128p,128,128,0.1156209554110737,11,2.1778417035222375e-08,,seconds,0.0,0.0024659149348735,megabytes,0.0,0.0,0.0,0.0,0.0,0.0,0.0,0.0,success,sinkhorn,0.1,100000
1D-gaussian-2c-256p,256,256,0.0645484506763955,11,3.826028406855837e-13,,seconds,0.0,0.0026104915887117,megabytes,0.0,0.0,0.0,0.0,0.0,0.0,0.0,0.0,success,sinkhorn,0.1,100000
1D-gaussian-2c-256p,256,256,0.0578824672263901,11,2.9875624550438073e-16,,seconds,0.0,0.0025760103017091,megabytes,0.0,0.0,0.0,0.0,0.0,0.0,0.0,0.0,success,sinkhorn,0.1,100000
1D-gaussian-2c-256p,256,256,0.073335975116435,241,9.496370468829856e-07,,seconds,0.2192678451538086,0.0103291030973196,megabytes,88270.0,88270.0,0.0,0.0,0.066101248,0.066101248,0.0,0.0,success,sinkhorn,0.1,100000
1D-gaussian-2c-256p,256,256,0.27635072765611,11,2.718315484889328e-09,,seconds,0.0,0.0025239866226911,megabytes,0.0,0.0,0.0,0.0,0.0,0.0,0.0,0.0,success,sinkhorn,0.1,100000
1D-gaussian-2c-256p,256,256,0.1078359948359325,581,9.8028741248763e-07,,seconds,0.2121002674102783,0.0228710398077964,megabytes,88270.0,88270.0,0.0,0.0,0.065650688,0.065650688,0.0,0.0,success,sinkhorn,0.1,100000
1D-gaussian-2c-256p,256,256,0.1633654864907088,61,2.3434570441047639e-07,,seconds,0.0,0.0043034236878156,megabytes,0.0,0.0,0.0,0.0,0.0,0.0,0.0,0.0,success,sinkhorn,0.1,100000
1D-gaussian-2c-256p,256,256,0.4111771232431234,21,1.1464354262241804e-08,,seconds,0.0,0.0029986146837472,megabytes,0.0,0.0,0.0,0.0,0.0,0.0,0.0,0.0,success,sinkhorn,0.1,100000
1D-gaussian-2c-256p,256,256,0.4387026460544614,11,8.089439592450463e-07,,seconds,0.0,0.0025256890803575,megabytes,0.0,0.0,0.0,0.0,0.0,0.0,0.0,0.0,success,sinkhorn,0.1,100000
1D-gaussian-2c-256p,256,256,0.1397487134872686,31,8.822053168357071e-08,,seconds,0.0,0.0034280698746442,megabytes,0.0,0.0,0.0,0.0,0.0,0.0,0.0,0.0,success,sinkhorn,0.1,100000
1D-gaussian-2c-256p,256,256,0.0172129399844117,861,9.7004701444278e-07,,seconds,0.2542369365692138,0.031294260174036,megabytes,88270.0,88270.0,0.0,0.0,0.065630208,0.065630208,0.065625,0.065625,success,sinkhorn,0.1,100000
1D-gaussian-2c-256p,256,256,0.025618647905197,11,1.418423348834389e-16,,seconds,0.0,0.0025074016302824,megabytes,0.0,0.0,0.0,0.0,0.0,0.0,0.0,0.0,success,sinkhorn,0.1,100000
1D-gaussian-2c-256p,256,256,0.545819897123808,11,9.082593000281898e-08,,seconds,0.0,0.0025447346270084,megabytes,0.0,0.0,0.0,0.0,0.0,0.0,0.0,0.0,success,sinkhorn,0.1,100000
1D-gaussian-2c-256p,256,256,0.1589716905151099,11,1.6159217529408292e-14,,seconds,0.0,0.0025347899645566,megabytes,0.0,0.0,0.0,0.0,0.0,0.0,0.0,0.0,success,sinkhorn,0.1,100000
1D-gaussian-2c-256p,256,256,0.2997883261046807,21,7.681231053045385e-08,,seconds,0.0,0.0029740016907453,megabytes,0.0,0.0,0.0,0.0,0.0,0.0,0.0,0.0,success,sinkhorn,0.1,100000
1D-gaussian-2c-256p,256,256,0.0583734684983386,21,1.448725836412896e-09,,seconds,0.2847471237182617,0.0031943246722221,megabytes,88270.0,88270.0,0.0,0.0,0.0659456,0.0659456,0.0,0.0,success,sinkhorn,0.1,100000
1D-gaussian-2c-256p,256,256,0.6524683577657706,11,1.3790709562873328e-08,,seconds,0.0,0.0025787129998207,megabytes,0.0,0.0,0.0,0.0,0.0,0.0,0.0,0.0,success,sinkhorn,0.1,100000
1D-gaussian-2c-256p,256,256,0.0106361270312192,1281,9.96099599545795e-07,,seconds,0.2169129848480224,0.0485162213444709,megabytes,88270.0,88270.0,0.0,0.0,0.06514688,0.06514688,0.1171875,0.1171875,success,sinkhorn,0.1,100000
1D-gaussian-2c-256p,256,256,0.115620955410864,11,1.539962553269608e-08,,seconds,0.0,0.0029452815651893,megabytes,0.0,0.0,0.0,0.0,0.0,0.0,0.0,0.0,success,sinkhorn,0.1,100000
1D-gaussian-2c-256p,256,256,0.1272965125753017,11,5.681251024590317e-07,,seconds,0.0,0.0028276108205318,megabytes,0.0,0.0,0.0,0.0,0.0,0.0,0.0,0.0,success,sinkhorn,0.1,100000
1D-gaussian-2c-256p,256,256,0.034036798559425,11,2.827917042739753e-12,,seconds,0.0,0.0025916285812854,megabytes,0.0,0.0,0.0,0.0,0.0,0.0,0.0,0.0,success,sinkhorn,0.1,100000
1D-gaussian-2c-256p,256,256,0.0252431197646083,11,7.597166676926621e-17,,seconds,0.0,0.0026732813566923,megabytes,0.0,0.0,0.0,0.0,0.0,0.0,0.0,0.0,success,sinkhorn,0.1,100000
1D-gaussian-2c-256p,256,256,0.3951442519600932,31,8.482624690465142e-07,,seconds,0.0,0.0033359918743371,megabytes,0.0,0.0,0.0,0.0,0.0,0.0,0.0,0.0,success,sinkhorn,0.1,100000
1D-gaussian-2c-256p,256,256,0.2060466422430529,11,8.408526610735757e-13,,seconds,0.0,0.0027044937014579,megabytes,0.0,0.0,0.0,0.0,0.0,0.0,0.0,0.0,success,sinkhorn,0.1,100000
1D-gaussian-2c-256p,256,256,0.2261313449297191,11,5.149453567337173e-12,,seconds,0.0,0.0024675298482179,megabytes,0.0,0.0,0.0,0.0,0.0,0.0,0.0,0.0,success,sinkhorn,0.1,100000
1D-gaussian-2c-256p,256,256,0.0758918664741227,11,3.329217502322548e-17,,seconds,0.0,0.0025653354823589,megabytes,0.0,0.0,0.0,0.0,0.0,0.0,0.0,0.0,success,sinkhorn,0.1,100000
1D-gaussian-2c-256p,256,256,0.7353665445655349,11,2.945728946926408e-17,,seconds,0.0,0.0026966761797666,megabytes,0.0,0.0,0.0,0.0,0.0,0.0,0.0,0.0,success,sinkhorn,0.1,100000
1D-gaussian-2c-256p,256,256,0.028546698850584,11,6.41935066869164e-14,,seconds,0.0,0.0025717504322528,megabytes,0.0,0.0,0.0,0.0,0.0,0.0,0.0,0.0,success,sinkhorn,0.1,100000
1D-gaussian-2c-256p,256,256,0.028707496682479,71,4.2395499464979163e-07,,seconds,0.3582882881164551,0.0047452524304389,megabytes,88270.0,88270.0,1.0,1.0,0.06606848,0.06606848,0.0,0.0,success,sinkhorn,0.1,100000
1D-gaussian-2c-256p,256,256,0.0897004871033217,11,3.1438381404557e-17,,seconds,0.0,0.0026987921446561,megabytes,0.0,0.0,0.0,0.0,0.0,0.0,0.0,0.0,success,sinkhorn,0.1,100000
1D-gaussian-2c-256p,256,256,0.1086675016505036,51,7.405457192889639e-07,,seconds,0.287508487701416,0.0039466936141252,megabytes,88270.0,88270.0,0.0,0.0,0.066076672,0.066076672,0.0,0.0,success,sinkhorn,0.1,100000
1D-gaussian-2c-512p,512,512,0.2997883261036512,21,5.4314497651876016e-08,,seconds,0.0,0.003073077648878,megabytes,0.0,0.0,0.0,0.0,0.0,0.0,0.0,0.0,success,sinkhorn,0.1,100000
1D-gaussian-2c-512p,512,512,0.034036798559425,11,1.9996396067782373e-12,,seconds,0.0,0.0025834199041128,megabytes,0.0,0.0,0.0,0.0,0.0,0.0,0.0,0.0,success,sinkhorn,0.1,100000
1D-gaussian-2c-512p,512,512,0.4387026459535282,11,5.720096999614554e-07,,seconds,0.0,0.0026316344738006,megabytes,0.0,0.0,0.0,0.0,0.0,0.0,0.0,0.0,success,sinkhorn,0.1,100000
1D-gaussian-2c-512p,512,512,0.10783575179503,561,9.004142071269302e-07,,seconds,0.2784445285797119,0.0237389598041772,megabytes,88270.0,88270.0,0.0,0.0,0.065601536,0.065601536,0.0,0.0,success,sinkhorn,0.1,100000
1D-gaussian-2c-512p,512,512,0.2763507276537111,11,1.9221385349200682e-09,,seconds,0.0,0.0026389881968498,megabytes,0.0,0.0,0.0,0.0,0.0,0.0,0.0,0.0,success,sinkhorn,0.1,100000
1D-gaussian-2c-512p,512,512,0.1156209554108091,11,1.0889172418409958e-08,,seconds,0.0,0.0026188716292381,megabytes,0.0,0.0,0.0,0.0,0.0,0.0,0.0,0.0,success,sinkhorn,0.1,100000
1D-gaussian-2c-512p,512,512,0.7353665445655349,11,1.5949938351036738e-17,,seconds,0.0,0.0027443394064903,megabytes,0.0,0.0,0.0,0.0,0.0,0.0,0.0,0.0,success,sinkhorn,0.1,100000
1D-gaussian-2c-512p,512,512,0.0758918664741227,11,1.9119235409503414e-17,,seconds,0.0,0.0025603212416172,megabytes,0.0,0.0,0.0,0.0,0.0,0.0,0.0,0.0,success,sinkhorn,0.1,100000
1D-gaussian-2c-512p,512,512,0.0645484506763955,11,2.705382051686733e-13,,seconds,0.0,0.0027104578912258,megabytes,0.0,0.0,0.0,0.0,0.0,0.0,0.0,0.0,success,sinkhorn,0.1,100000
1D-gaussian-2c-512p,512,512,0.0256186479051965,11,9.664224268873276e-17,,seconds,0.0,0.0027898456901311,megabytes,0.0,0.0,0.0,0.0,0.0,0.0,0.0,0.0,success,sinkhorn,0.1,100000
1D-gaussian-2c-512p,512,512,0.1086675012615911,51,5.23644881001629e-07,,seconds,0.0,0.0041479989886283,megabytes,0.0,0.0,0.0,0.0,0.0,0.0,0.0,0.0,success,sinkhorn,0.1,100000
1D-gaussian-2c-512p,512,512,0.0583734684983386,21,1.0244037263894195e-09,,seconds,0.0,0.0030333697795867,megabytes,0.0,0.0,0.0,0.0,0.0,0.0,0.0,0.0,success,sinkhorn,0.1,100000
1D-gaussian-2c-512p,512,512,0.12729651257535,11,4.0172507133114404e-07,,seconds,0.0,0.0025705005973577,megabytes,0.0,0.0,0.0,0.0,0.0,0.0,0.0,0.0,success,sinkhorn,0.1,100000
1D-gaussian-2c-512p,512,512,0.2060466422430529,11,5.945679423437162e-13,,seconds,0.0,0.003072889521718,megabytes,0.0,0.0,0.0,0.0,0.0,0.0,0.0,0.0,success,sinkhorn,0.1,100000
1D-gaussian-2c-512p,512,512,0.3951442519602827,31,5.998120559284472e-07,,seconds,0.0,0.0035851206630468,megabytes,0.0,0.0,0.0,0.0,0.0,0.0,0.0,0.0,success,sinkhorn,0.1,100000
1D-gaussian-2c-512p,512,512,0.010636058433532,611,9.998693653704946e-07,,seconds,0.3054888248443603,0.0262984298169612,megabytes,88270.0,88270.0,7.0,7.0,0.06555648,0.06555648,0.02734375,0.02734375,success,sinkhorn,0.1,100000
1D-gaussian-2c-512p,512,512,0.0897004871033217,11,2.65022269038855e-17,,seconds,0.0,0.0025045052170753,megabytes,0.0,0.0,0.0,0.0,0.0,0.0,0.0,0.0,success,sinkhorn,0.1,100000
1D-gaussian-2c-512p,512,512,0.028546698850584,11,4.5387153890401223e-14,,seconds,0.0,0.0026015136390924,megabytes,0.0,0.0,0.0,0.0,0.0,0.0,0.0,0.0,success,sinkhorn,0.1,100000
1D-gaussian-2c-512p,512,512,0.5458198971233463,11,6.422355742598212e-08,,seconds,0.0,0.0027991030365228,megabytes,0.0,0.0,0.0,0.0,0.0,0.0,0.0,0.0,success,sinkhorn,0.1,100000
1D-gaussian-2c-512p,512,512,0.1633654864908278,61,1.657073610738574e-07,,seconds,0.0,0.0045670457184314,megabytes,0.0,0.0,0.0,0.0,0.0,0.0,0.0,0.0,success,sinkhorn,0.1,100000
1D-gaussian-2c-512p,512,512,0.6524683577657753,11,9.751501315556877e-09,,seconds,0.0,0.0026272013783454,megabytes,0.0,0.0,0.0,0.0,0.0,0.0,0.0,0.0,success,sinkhorn,0.1,100000
1D-gaussian-2c-512p,512,512,0.4111771232431306,21,8.106517096999422e-09,,seconds,0.0,0.0031676962971687,megabytes,0.0,0.0,0.0,0.0,0.0,0.0,0.0,0.0,success,sinkhorn,0.1,100000
1D-gaussian-2c-512p,512,512,0.0578824672263901,11,2.0603774421757004e-16,,seconds,0.0,0.0027072820812463,megabytes,0.0,0.0,0.0,0.0,0.0,0.0,0.0,0.0,success,sinkhorn,0.1,100000
1D-gaussian-2c-512p,512,512,0.0733355270792144,231,9.705559468698295e-07,,seconds,0.257915735244751,0.0111284349113702,megabytes,88270.0,88270.0,0.0,0.0,0.066105344,0.066105344,0.0,0.0,success,sinkhorn,0.1,100000
1D-gaussian-2c-512p,512,512,0.226131344929719,11,3.641214555109588e-12,,seconds,0.0,0.0025997459888458,megabytes,0.0,0.0,0.0,0.0,0.0,0.0,0.0,0.0,success,sinkhorn,0.1,100000
1D-gaussian-2c-512p,512,512,0.1397487134872716,31,6.238133374381826e-08,,seconds,0.0,0.0034248474985361,megabytes,0.0,0.0,0.0,0.0,0.0,0.0,0.0,0.0,success,sinkhorn,0.1,100000
1D-gaussian-2c-512p,512,512,0.0172127055044201,821,9.41057722395403e-07,,seconds,0.2090263366699218,0.0335349049419164,megabytes,88270.0,88270.0,0.0,0.0,0.065572864,0.065572864,0.040625,0.040625,success,sinkhorn,0.1,100000
1D-gaussian-2c-512p,512,512,0.0252431197646083,11,5.540166944109756e-17,,seconds,0.0,0.0026872958987951,megabytes,0.0,0.0,0.0,0.0,0.0,0.0,0.0,0.0,success,sinkhorn,0.1,100000
1D-gaussian-2c-512p,512,512,0.0287074966825197,71,2.997813755303209e-07,,seconds,0.2857894897460937,0.0049744844436645,megabytes,88270.0,88270.0,0.0,0.0,0.065994752,0.065994752,0.0,0.0,success,sinkhorn,0.1,100000
1D-gaussian-2c-512p,512,512,0.1589716905151099,11,1.1425257212370262e-14,,seconds,0.0,0.0027313753962516,megabytes,0.0,0.0,0.0,0.0,0.0,0.0,0.0,0.0,success,sinkhorn,0.1,100000
1D-gaussian-2c-1024p,1024,1024,0.4111771232431324,21,5.732172230994968e-09,,seconds,0.0,0.002968018874526,megabytes,0.0,0.0,0.0,0.0,0.0,0.0,0.0,0.0,success,sinkhorn,0.1,100000
1D-gaussian-2c-1024p,1024,1024,0.2997883261033909,21,3.8406148191970456e-08,,seconds,0.0,0.0030836947262287,megabytes,0.0,0.0,0.0,0.0,0.0,0.0,0.0,0.0,success,sinkhorn,0.1,100000
1D-gaussian-2c-1024p,1024,1024,0.3951442519603301,31,4.241311565984694e-07,,seconds,0.0,0.003375319764018,megabytes,0.0,0.0,0.0,0.0,0.0,0.0,0.0,0.0,success,sinkhorn,0.1,100000
1D-gaussian-2c-1024p,1024,1024,0.0252431197646083,11,3.735273466553224e-17,,seconds,0.0,0.0026878956705331,megabytes,0.0,0.0,0.0,0.0,0.0,0.0,0.0,0.0,success,sinkhorn,0.1,100000
1D-gaussian-2c-1024p,1024,1024,0.127296512575362,11,2.840625148312756e-07,,seconds,0.0,0.0025971997529268,megabytes,0.0,0.0,0.0,0.0,0.0,0.0,0.0,0.0,success,sinkhorn,0.1,100000
1D-gaussian-2c-1024p,1024,1024,0.2060466422430529,11,4.204245734910363e-13,,seconds,0.0,0.002690352499485,megabytes,0.0,0.0,0.0,0.0,0.0,0.0,0.0,0.0,success,sinkhorn,0.1,100000
1D-gaussian-2c-1024p,1024,1024,0.0897004871033217,11,1.945097766109993e-17,,seconds,0.0,0.0026231631636619,megabytes,0.0,0.0,0.0,0.0,0.0,0.0,0.0,0.0,success,sinkhorn,0.1,100000
1D-gaussian-2c-1024p,1024,1024,0.0583734684983387,21,7.243627945598157e-10,,seconds,0.0,0.0029251649975776,megabytes,0.0,0.0,0.0,0.0,0.0,0.0,0.0,0.0,success,sinkhorn,0.1,100000
1D-gaussian-2c-1024p,1024,1024,0.2763507276531051,11,1.359157064791514e-09,,seconds,0.0,0.0027776546776294,megabytes,0.0,0.0,0.0,0.0,0.0,0.0,0.0,0.0,success,sinkhorn,0.1,100000
1D-gaussian-2c-1024p,1024,1024,0.1078352453267507,531,9.426149957295254e-07,,seconds,0.2103950977325439,0.0229009538888931,megabytes,88270.0,88270.0,0.0,0.0,0.065531904,0.065531904,0.040625,0.040625,success,sinkhorn,0.1,100000
1D-gaussian-2c-1024p,1024,1024,0.0733348796289012,221,9.919282051608074e-07,,seconds,0.2828793525695801,0.0110249947756528,megabytes,88270.0,88270.0,0.0,0.0,0.065941504,0.065941504,0.0,0.0,success,sinkhorn,0.1,100000
1D-gaussian-2c-1024p,1024,1024,0.017212287141411,771,9.88037063212475e-07,,seconds,0.2988665103912353,0.0323562864214181,megabytes,88270.0,88270.0,9.0,9.0,0.065503232,0.065503232,0.028125,0.028125,success,sinkhorn,0.1,100000
1D-gaussian-2c-1024p,1024,1024,0.2261313449297191,11,2.5747257625730995e-12,,seconds,0.0,0.002603830769658,megabytes,0.0,0.0,0.0,0.0,0.0,0.0,0.0,0.0,success,sinkhorn,0.1,100000
1D-gaussian-2c-1024p,1024,1024,0.5458198971232291,11,4.541289994931624e-08,,seconds,0.0,0.0032677371054887,megabytes,0.0,0.0,0.0,0.0,0.0,0.0,0.0,0.0,success,sinkhorn,0.1,100000
1D-gaussian-2c-1024p,1024,1024,0.0256186479051964,11,7.066215161941532e-17,,seconds,0.0,0.0026240069419145,megabytes,0.0,0.0,0.0,0.0,0.0,0.0,0.0,0.0,success,sinkhorn,0.1,100000
1D-gaussian-2c-1024p,1024,1024,0.0758918664741227,11,1.2358099221882382e-17,,seconds,0.0,0.002656141296029,megabytes,0.0,0.0,0.0,0.0,0.0,0.0,0.0,0.0,success,sinkhorn,0.1,100000
1D-gaussian-2c-1024p,1024,1024,0.028546698850584,11,3.2095088682044725e-14,,seconds,0.0,0.0026867557317018,megabytes,0.0,0.0,0.0,0.0,0.0,0.0,0.0,0.0,success,sinkhorn,0.1,100000
1D-gaussian-2c-1024p,1024,1024,0.7353665445655349,11,1.0567412045216361e-17,,seconds,0.0,0.0025872625410556,megabytes,0.0,0.0,0.0,0.0,0.0,0.0,0.0,0.0,success,sinkhorn,0.1,100000
1D-gaussian-2c-1024p,1024,1024,0.0287070115961244,61,8.50535783830086e-07,,seconds,0.0,0.0044447984546422,megabytes,0.0,0.0,0.0,0.0,0.0,0.0,0.0,0.0,success,sinkhorn,0.1,100000
1D-gaussian-2c-1024p,1024,1024,0.1397487134872723,31,4.4110263676984754e-08,,seconds,0.0,0.0034560523927211,megabytes,0.0,0.0,0.0,0.0,0.0,0.0,0.0,0.0,success,sinkhorn,0.1,100000
1D-gaussian-2c-1024p,1024,1024,0.1633638758076678,51,8.388439101388432e-07,,seconds,0.0,0.0040461421012878,megabytes,0.0,0.0,0.0,0.0,0.0,0.0,0.0,0.0,success,sinkhorn,0.1,100000
1D-gaussian-2c-1024p,1024,1024,0.034036798559425,11,1.4139548315848708e-12,,seconds,0.0,0.0027796681970357,megabytes,0.0,0.0,0.0,0.0,0.0,0.0,0.0,0.0,success,sinkhorn,0.1,100000
1D-gaussian-2c-1024p,1024,1024,0.1589716905151099,11,8.078875531092532e-15,,seconds,0.0,0.0026543978601694,megabytes,0.0,0.0,0.0,0.0,0.0,0.0,0.0,0.0,success,sinkhorn,0.1,100000
1D-gaussian-2c-1024p,1024,1024,0.0106359920678381,11,9.66640599701091e-07,,seconds,0.0,0.0026177652180194,megabytes,0.0,0.0,0.0,0.0,0.0,0.0,0.0,0.0,success,sinkhorn,0.1,100000
1D-gaussian-2c-1024p,1024,1024,0.0645484506763955,11,1.9130031260672905e-13,,seconds,0.0,0.0025998726487159,megabytes,0.0,0.0,0.0,0.0,0.0,0.0,0.0,0.0,success,sinkhorn,0.1,100000
1D-gaussian-2c-1024p,1024,1024,0.0578824672263901,11,1.454514396283361e-16,,seconds,0.0,0.0026618018746376,megabytes,0.0,0.0,0.0,0.0,0.0,0.0,0.0,0.0,success,sinkhorn,0.1,100000
1D-gaussian-2c-1024p,1024,1024,0.4387026459281072,11,4.044719272743766e-07,,seconds,0.0,0.002751350402832,megabytes,0.0,0.0,0.0,0.0,0.0,0.0,0.0,0.0,success,sinkhorn,0.1,100000
1D-gaussian-2c-1024p,1024,1024,0.1156209554107953,11,7.699806381889341e-09,,seconds,0.0,0.0026898346841335,megabytes,0.0,0.0,0.0,0.0,0.0,0.0,0.0,0.0,success,sinkhorn,0.1,100000
1D-gaussian-2c-1024p,1024,1024,0.1086675011639352,51,3.702728429523884e-07,,seconds,0.2120943069458007,0.0043584741652011,megabytes,88270.0,88270.0,0.0,0.0,0.066875392,0.066875392,0.0,0.0,success,sinkhorn,0.1,100000
1D-gaussian-2c-1024p,1024,1024,0.6524683577657766,11,6.895352189698252e-09,,seconds,0.0,0.0027332678437232,megabytes,0.0,0.0,0.0,0.0,0.0,0.0,0.0,0.0,success,sinkhorn,0.1,100000
1D-gaussian-2c-2048p,2048,2048,0.0758918664741227,11,1.3846290130004388e-17,,seconds,0.0,0.0031724479049444,megabytes,0.0,0.0,0.0,0.0,0.0,0.0,0.0,0.0,success,sinkhorn,0.1,100000
1D-gaussian-2c-2048p,2048,2048,0.1633638758077212,51,5.931522002824115e-07,,seconds,0.0,0.0052466168999671,megabytes,0.0,0.0,0.0,0.0,0.0,0.0,0.0,0.0,success,sinkhorn,0.1,100000
1D-gaussian-2c-2048p,2048,2048,0.6524683577657768,11,4.875750201984056e-09,,seconds,0.0,0.0034299045801162,megabytes,0.0,0.0,0.0,0.0,0.0,0.0,0.0,0.0,success,sinkhorn,0.1,100000
1D-gaussian-2c-2048p,2048,2048,0.1078344965535858,501,9.86797124290666e-07,,seconds,0.2190072536468505,0.0281563866883516,megabytes,88270.0,88270.0,1.0,1.0,0.065609728,0.065609728,0.11640625,0.11640625,success,sinkhorn,0.1,100000
1D-gaussian-2c-2048p,2048,2048,0.0583734684983387,21,5.122018394358524e-10,,seconds,0.0,0.003706669434905,megabytes,0.0,0.0,0.0,0.0,0.0,0.0,0.0,0.0,success,sinkhorn,0.1,100000
1D-gaussian-2c-2048p,2048,2048,0.2261313449297191,11,1.820605701670661e-12,,seconds,0.0,0.003228660672903,megabytes,0.0,0.0,0.0,0.0,0.0,0.0,0.0,0.0,success,sinkhorn,0.1,100000
1D-gaussian-2c-2048p,2048,2048,0.2997883261033257,21,2.7157247579136525e-08,,seconds,0.0,0.0039819590747356,megabytes,0.0,0.0,0.0,0.0,0.0,0.0,0.0,0.0,success,sinkhorn,0.1,100000
1D-gaussian-2c-2048p,2048,2048,0.1156209554107918,11,5.4445850801535004e-09,,seconds,0.0,0.0032604523003101,megabytes,0.0,0.0,0.0,0.0,0.0,0.0,0.0,0.0,success,sinkhorn,0.1,100000
1D-gaussian-2c-2048p,2048,2048,0.2763507276529531,11,9.610691528834542e-10,,seconds,0.0,0.0033054910600185,megabytes,0.0,0.0,0.0,0.0,0.0,0.0,0.0,0.0,success,sinkhorn,0.1,100000
1D-gaussian-2c-2048p,2048,2048,0.4387026459217402,11,2.860048407242985e-07,,seconds,0.0,0.0032796505838632,megabytes,0.0,0.0,0.0,0.0,0.0,0.0,0.0,0.0,success,sinkhorn,0.1,100000
1D-gaussian-2c-2048p,2048,2048,0.3951442519603418,31,2.999060141876858e-07,,seconds,0.2261538505554199,0.0041454527527093,megabytes,88270.0,88270.0,1.0,1.0,0.065921024,0.065921024,0.0,0.0,success,sinkhorn,0.1,100000
1D-gaussian-2c-2048p,2048,2048,0.1589716905151099,11,5.712550844575382e-15,,seconds,0.0,0.0033565927296876,megabytes,0.0,0.0,0.0,0.0,0.0,0.0,0.0,0.0,success,sinkhorn,0.1,100000
1D-gaussian-2c-2048p,2048,2048,0.0645484506763955,11,1.3526917068842392e-13,,seconds,0.0,0.0032541919499635,megabytes,0.0,0.0,0.0,0.0,0.0,0.0,0.0,0.0,success,sinkhorn,0.1,100000
1D-gaussian-2c-2048p,2048,2048,0.0578824672263901,11,1.0378408543379901e-16,,seconds,0.3216631412506103,0.0033813118934631,megabytes,88270.0,88270.0,0.0,0.0,0.0659456,0.0659456,0.0,0.0,success,sinkhorn,0.1,100000
1D-gaussian-2c-2048p,2048,2048,0.127296512575365,11,2.0086252923010894e-07,,seconds,0.0,0.0032385736703872,megabytes,0.0,0.0,0.0,0.0,0.0,0.0,0.0,0.0,success,sinkhorn,0.1,100000
1D-gaussian-2c-2048p,2048,2048,0.7353665445655349,11,1.16517164343931e-17,,seconds,0.0,0.0033125821501016,megabytes,0.0,0.0,0.0,0.0,0.0,0.0,0.0,0.0,success,sinkhorn,0.1,100000
1D-gaussian-2c-2048p,2048,2048,0.0172118120476031,731,9.585057853457744e-07,,seconds,0.3632321357727051,0.0379640460014343,megabytes,88270.0,88270.0,0.0,0.0,0.065523712,0.065523712,0.02265625,0.02265625,success,sinkhorn,0.1,100000
1D-gaussian-2c-2048p,2048,2048,0.1086675011394944,51,2.61822437548752e-07,,seconds,0.0,0.0052111428231,megabytes,0.0,0.0,0.0,0.0,0.0,0.0,0.0,0.0,success,sinkhorn,0.1,100000
1D-gaussian-2c-2048p,2048,2048,0.028546698850584,11,2.2693960133177627e-14,,seconds,0.0,0.0033017992973327,megabytes,0.0,0.0,0.0,0.0,0.0,0.0,0.0,0.0,success,sinkhorn,0.1,100000
1D-gaussian-2c-2048p,2048,2048,0.1397487134872725,31,3.1190666487629705e-08,,seconds,0.2158699035644531,0.0042892172932624,megabytes,88270.0,88270.0,0.0,0.0,0.065982464,0.065982464,0.0,0.0,success,sinkhorn,0.1,100000
1D-gaussian-2c-2048p,2048,2048,0.0287070115961346,61,6.014196108444975e-07,,seconds,0.2859256267547607,0.005933417007327,megabytes,88270.0,88270.0,0.0,0.0,0.066039808,0.066039808,0.0,0.0,success,sinkhorn,0.1,100000
1D-gaussian-2c-2048p,2048,2048,0.4111771232431329,21,4.053257685556631e-09,,seconds,0.0,0.0037500113248825,megabytes,0.0,0.0,0.0,0.0,0.0,0.0,0.0,0.0,success,sinkhorn,0.1,100000
1D-gaussian-2c-2048p,2048,2048,0.034036798559425,11,9.998211458959882e-13,,seconds,0.3632154464721679,0.0032389443367719,megabytes,88270.0,88270.0,0.0,0.0,0.066002944,0.066002944,0.0,0.0,success,sinkhorn,0.1,100000
1D-gaussian-2c-2048p,2048,2048,0.0106359918455513,11,6.835861495388189e-07,,seconds,0.0,0.0032746214419603,megabytes,0.0,0.0,0.0,0.0,0.0,0.0,0.0,0.0,success,sinkhorn,0.1,100000
1D-gaussian-2c-2048p,2048,2048,0.0897004871033217,11,1.9182857686220605e-17,,seconds,0.0,0.0032467227429151,megabytes,0.0,0.0,0.0,0.0,0.0,0.0,0.0,0.0,success,sinkhorn,0.1,100000
1D-gaussian-2c-2048p,2048,2048,0.5458198971231997,11,3.2111767212011346e-08,,seconds,0.0,0.0034100580960512,megabytes,0.0,0.0,0.0,0.0,0.0,0.0,0.0,0.0,success,sinkhorn,0.1,100000
1D-gaussian-2c-2048p,2048,2048,0.0733348796288325,221,7.013991832628629e-07,,seconds,0.3393144607543945,0.0140459686517715,megabytes,88270.0,88270.0,0.0,0.0,0.065916928,0.065916928,0.0,0.0,success,sinkhorn,0.1,100000
1D-gaussian-2c-2048p,2048,2048,0.0252431197646083,11,2.7004000066321437e-17,,seconds,0.0,0.0031956154853105,megabytes,0.0,0.0,0.0,0.0,0.0,0.0,0.0,0.0,success,sinkhorn,0.1,100000
1D-gaussian-2c-2048p,2048,2048,0.2060466422430529,11,2.9728495229286873e-13,,seconds,0.0,0.0033435225486755,megabytes,0.0,0.0,0.0,0.0,0.0,0.0,0.0,0.0,success,sinkhorn,0.1,100000
1D-gaussian-2c-2048p,2048,2048,0.0256186479051964,11,4.808969437092898e-17,,seconds,0.0,0.0032919701188802,megabytes,0.0,0.0,0.0,0.0,0.0,0.0,0.0,0.0,success,sinkhorn,0.1,100000
1D-gaussian-4c-32p,32,32,0.0340550682056934,21,2.51609354898125e-09,,seconds,0.0,0.0029091462492942,megabytes,0.0,0.0,0.0,0.0,0.0,0.0,0.0,0.0,success,sinkhorn,0.1,100000
1D-gaussian-4c-32p,32,32,0.1160756445828589,31,2.38801230558703e-07,,seconds,0.0,0.0034214258193969,megabytes,0.0,0.0,0.0,0.0,0.0,0.0,0.0,0.0,success,sinkhorn,0.1,100000
1D-gaussian-4c-32p,32,32,0.2866415822506853,31,1.5122510663996282e-09,,seconds,0.0,0.0034663286060094,megabytes,0.0,0.0,0.0,0.0,0.0,0.0,0.0,0.0,success,sinkhorn,0.1,100000
1D-gaussian-4c-32p,32,32,0.0638748890668976,21,3.017808017868748e-07,,seconds,0.0,0.0027841292321681,megabytes,0.0,0.0,0.0,0.0,0.0,0.0,0.0,0.0,success,sinkhorn,0.1,100000
1D-gaussian-4c-32p,32,32,0.1049082833979495,41,5.676160268189963e-07,,seconds,0.2330327033996582,0.0034892782568931,megabytes,88270.0,88270.0,0.0,0.0,0.065937408,0.065937408,0.0,0.0,success,sinkhorn,0.1,100000
1D-gaussian-4c-32p,32,32,0.092452506039763,31,1.3439143781527273e-07,,seconds,0.0,0.0031734593212604,megabytes,0.0,0.0,0.0,0.0,0.0,0.0,0.0,0.0,success,sinkhorn,0.1,100000
1D-gaussian-4c-32p,32,32,0.0679445682213918,31,9.121375022127344e-07,,seconds,0.0,0.0036027785390615,megabytes,0.0,0.0,0.0,0.0,0.0,0.0,0.0,0.0,success,sinkhorn,0.1,100000
1D-gaussian-4c-32p,32,32,0.0494654733086863,21,3.133041805486272e-07,,seconds,0.0,0.0028491150587797,megabytes,0.0,0.0,0.0,0.0,0.0,0.0,0.0,0.0,success,sinkhorn,0.1,100000
1D-gaussian-4c-32p,32,32,0.1364945532047457,41,2.117609138458318e-07,,seconds,0.0,0.0035018231719732,megabytes,0.0,0.0,0.0,0.0,0.0,0.0,0.0,0.0,success,sinkhorn,0.1,100000
1D-gaussian-4c-32p,32,32,0.1367953444359582,11,2.3095145550513936e-08,,seconds,0.0,0.0025758929550647,megabytes,0.0,0.0,0.0,0.0,0.0,0.0,0.0,0.0,success,sinkhorn,0.1,100000
1D-gaussian-4c-32p,32,32,0.1126692462231317,31,6.459317136713352e-09,,seconds,0.0,0.0032642353326082,megabytes,0.0,0.0,0.0,0.0,0.0,0.0,0.0,0.0,success,sinkhorn,0.1,100000
1D-gaussian-4c-32p,32,32,0.1448503045964534,41,7.828814647649586e-08,,seconds,0.2116906642913818,0.0034304484724998,megabytes,88270.0,88270.0,0.0,0.0,0.065839104,0.065839104,0.0,0.0,success,sinkhorn,0.1,100000
1D-gaussian-4c-32p,32,32,0.1123271587177019,31,2.5531981230136692e-08,,seconds,0.0,0.0030828658491373,megabytes,0.0,0.0,0.0,0.0,0.0,0.0,0.0,0.0,success,sinkhorn,0.1,100000
1D-gaussian-4c-32p,32,32,0.0594294200010995,41,5.029017550774206e-07,,seconds,0.0,0.003352902829647,megabytes,0.0,0.0,0.0,0.0,0.0,0.0,0.0,0.0,success,sinkhorn,0.1,100000
1D-gaussian-4c-32p,32,32,0.3162319227642112,31,4.6468347022912365e-08,,seconds,0.0,0.0033012852072715,megabytes,0.0,0.0,0.0,0.0,0.0,0.0,0.0,0.0,success,sinkhorn,0.1,100000
1D-gaussian-4c-32p,32,32,0.2773211381070932,21,3.183511084446333e-07,,seconds,0.0,0.0027896910905838,megabytes,0.0,0.0,0.0,0.0,0.0,0.0,0.0,0.0,success,sinkhorn,0.1,100000
1D-gaussian-4c-32p,32,32,0.2259601560974163,21,1.4331075991224256e-08,,seconds,0.0,0.0029224026948213,megabytes,0.0,0.0,0.0,0.0,0.0,0.0,0.0,0.0,success,sinkhorn,0.1,100000
1D-gaussian-4c-32p,32,32,0.1377758591143353,21,1.228272211430235e-08,,seconds,0.0,0.0027865841984748,megabytes,0.0,0.0,0.0,0.0,0.0,0.0,0.0,0.0,success,sinkhorn,0.1,100000
1D-gaussian-4c-32p,32,32,0.2600859760467913,21,9.661244358227936e-08,,seconds,0.0,0.0027843173593282,megabytes,0.0,0.0,0.0,0.0,0.0,0.0,0.0,0.0,success,sinkhorn,0.1,100000
1D-gaussian-4c-32p,32,32,0.1417149981081463,11,5.796635345481708e-07,,seconds,0.0,0.0023777037858963,megabytes,0.0,0.0,0.0,0.0,0.0,0.0,0.0,0.0,success,sinkhorn,0.1,100000
1D-gaussian-4c-32p,32,32,0.1308497202531161,51,6.316886279378888e-07,,seconds,0.0,0.0037158168852329,megabytes,0.0,0.0,0.0,0.0,0.0,0.0,0.0,0.0,success,sinkhorn,0.1,100000
1D-gaussian-4c-32p,32,32,0.1117968278329681,31,9.83677251741206e-09,,seconds,0.0,0.0030702333897352,megabytes,0.0,0.0,0.0,0.0,0.0,0.0,0.0,0.0,success,sinkhorn,0.1,100000
1D-gaussian-4c-32p,32,32,0.0390003634712566,21,2.6242105999166e-08,,seconds,0.0,0.0027986913919448,megabytes,0.0,0.0,0.0,0.0,0.0,0.0,0.0,0.0,success,sinkhorn,0.1,100000
1D-gaussian-4c-32p,32,32,0.1539288993979944,41,2.517396743863559e-07,,seconds,0.2886989116668701,0.0034155361354351,megabytes,88270.0,88270.0,0.0,0.0,0.06586368,0.06586368,0.0,0.0,success,sinkhorn,0.1,100000
1D-gaussian-4c-32p,32,32,0.2017598088862609,31,1.2613111688487121e-08,,seconds,0.0,0.0031300205737352,megabytes,0.0,0.0,0.0,0.0,0.0,0.0,0.0,0.0,success,sinkhorn,0.1,100000
1D-gaussian-4c-32p,32,32,0.1099497527384382,31,1.1144239209674845e-07,,seconds,0.2195367813110351,0.0031331349164247,megabytes,88270.0,88270.0,0.0,0.0,0.065757184,0.065757184,0.0,0.0,success,sinkhorn,0.1,100000
1D-gaussian-4c-32p,32,32,0.0410945997185021,31,3.415532834952964e-07,,seconds,0.0,0.0030869878828525,megabytes,0.0,0.0,0.0,0.0,0.0,0.0,0.0,0.0,success,sinkhorn,0.1,100000
1D-gaussian-4c-32p,32,32,0.0999713289208676,31,1.6680874488044312e-08,,seconds,0.0,0.0031213406473398,megabytes,0.0,0.0,0.0,0.0,0.0,0.0,0.0,0.0,success,sinkhorn,0.1,100000
1D-gaussian-4c-32p,32,32,0.1795420238429756,31,1.982440934133508e-07,,seconds,0.0,0.0031457040458917,megabytes,0.0,0.0,0.0,0.0,0.0,0.0,0.0,0.0,success,sinkhorn,0.1,100000
1D-gaussian-4c-32p,32,32,0.1412490615231024,21,2.4980140967262843e-08,,seconds,0.0,0.0027672071009874,megabytes,0.0,0.0,0.0,0.0,0.0,0.0,0.0,0.0,success,sinkhorn,0.1,100000
1D-gaussian-4c-64p,64,64,0.3167300914522312,31,3.261152268076766e-08,,seconds,0.0,0.0031684264540672,megabytes,0.0,0.0,0.0,0.0,0.0,0.0,0.0,0.0,success,sinkhorn,0.1,100000
1D-gaussian-4c-64p,64,64,0.0680259001032734,31,6.624719572227529e-07,,seconds,0.0,0.0030848030000925,megabytes,0.0,0.0,0.0,0.0,0.0,0.0,0.0,0.0,success,sinkhorn,0.1,100000
1D-gaussian-4c-64p,64,64,0.0389223891069055,21,1.9337105643617866e-08,,seconds,0.0,0.0028452798724174,megabytes,0.0,0.0,0.0,0.0,0.0,0.0,0.0,0.0,success,sinkhorn,0.1,100000
1D-gaussian-4c-64p,64,64,0.0592794936602848,41,3.702237194322802e-07,,seconds,0.0,0.0034915376454591,megabytes,0.0,0.0,0.0,0.0,0.0,0.0,0.0,0.0,success,sinkhorn,0.1,100000
1D-gaussian-4c-64p,64,64,0.2863999875458119,21,9.582549585412052e-07,,seconds,0.0,0.0027102194726467,megabytes,0.0,0.0,0.0,0.0,0.0,0.0,0.0,0.0,success,sinkhorn,0.1,100000
1D-gaussian-4c-64p,64,64,0.1100532907763383,31,7.98855592821775e-08,,seconds,0.0,0.0030453018844127,megabytes,0.0,0.0,0.0,0.0,0.0,0.0,0.0,0.0,success,sinkhorn,0.1,100000
1D-gaussian-4c-64p,64,64,0.2019235283904521,31,8.62830116904294e-09,,seconds,0.0,0.0030040256679058,megabytes,0.0,0.0,0.0,0.0,0.0,0.0,0.0,0.0,success,sinkhorn,0.1,100000
1D-gaussian-4c-64p,64,64,0.1160899422690608,31,1.6340517513771625e-07,,seconds,0.2839114665985107,0.0030438788235187,megabytes,88270.0,88270.0,0.0,0.0,0.0664576,0.0664576,0.0,0.0,success,sinkhorn,0.1,100000
1D-gaussian-4c-64p,64,64,0.1411863562041824,21,1.748238399627787e-08,,seconds,0.0,0.0026803333312273,megabytes,0.0,0.0,0.0,0.0,0.0,0.0,0.0,0.0,success,sinkhorn,0.1,100000
1D-gaussian-4c-64p,64,64,0.1796109937699981,31,1.404110992618941e-07,,seconds,0.0,0.0032648593187332,megabytes,0.0,0.0,0.0,0.0,0.0,0.0,0.0,0.0,success,sinkhorn,0.1,100000
1D-gaussian-4c-64p,64,64,0.1378839436432931,21,8.519214743910915e-09,,seconds,0.0,0.0028909929096698,megabytes,0.0,0.0,0.0,0.0,0.0,0.0,0.0,0.0,success,sinkhorn,0.1,100000
1D-gaussian-4c-64p,64,64,0.1538398449177156,41,1.8046806308506642e-07,,seconds,0.0,0.0034024808555841,megabytes,0.0,0.0,0.0,0.0,0.0,0.0,0.0,0.0,success,sinkhorn,0.1,100000
1D-gaussian-4c-64p,64,64,0.0638566153030396,21,2.13599110723281e-07,,seconds,0.0,0.0028629507869482,megabytes,0.0,0.0,0.0,0.0,0.0,0.0,0.0,0.0,success,sinkhorn,0.1,100000
1D-gaussian-4c-64p,64,64,0.1364948667518662,41,1.4965714614165316e-07,,seconds,0.0,0.0034507941454648,megabytes,0.0,0.0,0.0,0.0,0.0,0.0,0.0,0.0,success,sinkhorn,0.1,100000
1D-gaussian-4c-64p,64,64,0.2602892578857929,21,6.651144896050467e-08,,seconds,0.0,0.0027300845831632,megabytes,0.0,0.0,0.0,0.0,0.0,0.0,0.0,0.0,success,sinkhorn,0.1,100000
1D-gaussian-4c-64p,64,64,0.0999713199388978,31,1.1794558302267291e-08,,seconds,0.2841300964355469,0.0031409747898578,megabytes,88270.0,88270.0,0.0,0.0,0.065794048,0.065794048,0.0,0.0,success,sinkhorn,0.1,100000
1D-gaussian-4c-64p,64,64,0.1122586257744602,31,4.4057439387187455e-09,,seconds,0.0,0.003210786730051,megabytes,0.0,0.0,0.0,0.0,0.0,0.0,0.0,0.0,success,sinkhorn,0.1,100000
1D-gaussian-4c-64p,64,64,0.1128308371544675,31,1.6842754710377907e-08,,seconds,0.0,0.0034097284078598,megabytes,0.0,0.0,0.0,0.0,0.0,0.0,0.0,0.0,success,sinkhorn,0.1,100000
1D-gaussian-4c-64p,64,64,0.092304384954353,31,9.527737853666897e-08,,seconds,0.0,0.0030925311148166,megabytes,0.0,0.0,0.0,0.0,0.0,0.0,0.0,0.0,success,sinkhorn,0.1,100000
1D-gaussian-4c-64p,64,64,0.1417124013476105,11,4.10257512973897e-07,,seconds,0.0,0.0026887226849794,megabytes,0.0,0.0,0.0,0.0,0.0,0.0,0.0,0.0,success,sinkhorn,0.1,100000
1D-gaussian-4c-64p,64,64,0.0410950952112022,31,2.418274233725388e-07,,seconds,0.0,0.0031625796109437,megabytes,0.0,0.0,0.0,0.0,0.0,0.0,0.0,0.0,success,sinkhorn,0.1,100000
1D-gaussian-4c-64p,64,64,0.225955019500821,21,1.012972499535142e-08,,seconds,0.0,0.0027604158967733,megabytes,0.0,0.0,0.0,0.0,0.0,0.0,0.0,0.0,success,sinkhorn,0.1,100000
1D-gaussian-4c-64p,64,64,0.1448558743879684,41,5.533841932287173e-08,,seconds,0.2907359600067138,0.0035619679838418,megabytes,88270.0,88270.0,0.0,0.0,0.066707456,0.066707456,0.0,0.0,success,sinkhorn,0.1,100000
1D-gaussian-4c-64p,64,64,0.1297274383450543,51,4.6801724573363915e-07,,seconds,0.2926714420318603,0.0035929903388023,megabytes,88270.0,88270.0,0.0,0.0,0.065769472,0.065769472,0.0,0.0,success,sinkhorn,0.1,100000
1D-gaussian-4c-64p,64,64,0.1368230033247504,11,1.6267644225855406e-08,,seconds,0.0,0.0025106575340032,megabytes,0.0,0.0,0.0,0.0,0.0,0.0,0.0,0.0,success,sinkhorn,0.1,100000
1D-gaussian-4c-64p,64,64,0.0494639790091258,21,2.216428678056321e-07,,seconds,0.0,0.0026918221265077,megabytes,0.0,0.0,0.0,0.0,0.0,0.0,0.0,0.0,success,sinkhorn,0.1,100000
1D-gaussian-4c-64p,64,64,0.1117441291240194,31,7.189417478110291e-09,,seconds,0.0,0.0033131651580333,megabytes,0.0,0.0,0.0,0.0,0.0,0.0,0.0,0.0,success,sinkhorn,0.1,100000
1D-gaussian-4c-64p,64,64,0.1048712349840824,41,4.043396531805408e-07,,seconds,0.0,0.0034965369850397,megabytes,0.0,0.0,0.0,0.0,0.0,0.0,0.0,0.0,success,sinkhorn,0.1,100000
1D-gaussian-4c-64p,64,64,0.0340532494089324,21,1.7652339950612716e-09,,seconds,0.0,0.0028260555118322,megabytes,0.0,0.0,0.0,0.0,0.0,0.0,0.0,0.0,success,sinkhorn,0.1,100000
1D-gaussian-4c-64p,64,64,0.2772669603212662,21,2.2749740271560715e-07,,seconds,0.0,0.0027373060584068,megabytes,0.0,0.0,0.0,0.0,0.0,0.0,0.0,0.0,success,sinkhorn,0.1,100000
1D-gaussian-4c-128p,128,128,0.1100532615364765,31,5.648743903837338e-08,,seconds,0.0,0.0032044723629951,megabytes,0.0,0.0,0.0,0.0,0.0,0.0,0.0,0.0,success,sinkhorn,0.1,100000
1D-gaussian-4c-128p,128,128,0.0638566064129298,21,1.5103670284613177e-07,,seconds,0.0,0.0029002614319324,megabytes,0.0,0.0,0.0,0.0,0.0,0.0,0.0,0.0,success,sinkhorn,0.1,100000
1D-gaussian-4c-128p,128,128,0.1378839436423638,21,6.023882180279271e-09,,seconds,0.0,0.0028675515204668,megabytes,0.0,0.0,0.0,0.0,0.0,0.0,0.0,0.0,success,sinkhorn,0.1,100000
1D-gaussian-4c-128p,128,128,0.286399998618698,21,6.775874748212883e-07,,seconds,0.0,0.0029833186417818,megabytes,0.0,0.0,0.0,0.0,0.0,0.0,0.0,0.0,success,sinkhorn,0.1,100000
1D-gaussian-4c-128p,128,128,0.0999713177260502,31,8.339904177673856e-09,,seconds,0.3031628131866455,0.0031748116016387,megabytes,88270.0,88270.0,0.0,0.0,0.065830912,0.065830912,0.0,0.0,success,sinkhorn,0.1,100000
1D-gaussian-4c-128p,128,128,0.1411863548411103,21,1.2361833511174196e-08,,seconds,0.0,0.0027523227035999,megabytes,0.0,0.0,0.0,0.0,0.0,0.0,0.0,0.0,success,sinkhorn,0.1,100000
1D-gaussian-4c-128p,128,128,0.038922389106793,21,1.367198004264833e-08,,seconds,0.0,0.0028916057199239,megabytes,0.0,0.0,0.0,0.0,0.0,0.0,0.0,0.0,success,sinkhorn,0.1,100000
1D-gaussian-4c-128p,128,128,0.0410950952053772,31,1.7099615898024372e-07,,seconds,0.0,0.0034797266125679,megabytes,0.0,0.0,0.0,0.0,0.0,0.0,0.0,0.0,success,sinkhorn,0.1,100000
1D-gaussian-4c-128p,128,128,0.0680258994483414,31,4.684865957230158e-07,,seconds,0.0,0.003103757277131,megabytes,0.0,0.0,0.0,0.0,0.0,0.0,0.0,0.0,success,sinkhorn,0.1,100000
1D-gaussian-4c-128p,128,128,0.1448558735594025,41,3.912996840060135e-08,,seconds,0.0,0.0034661963582038,megabytes,0.0,0.0,0.0,0.0,0.0,0.0,0.0,0.0,success,sinkhorn,0.1,100000
1D-gaussian-4c-128p,128,128,0.1297274382800735,51,3.309374076766225e-07,,seconds,0.2183878421783447,0.0037379618734121,megabytes,88270.0,88270.0,0.0,0.0,0.065826816,0.065826816,0.0,0.0,success,sinkhorn,0.1,100000
1D-gaussian-4c-128p,128,128,0.1368230033248819,11,1.1502775590751049e-08,,seconds,0.0,0.0023874342441558,megabytes,0.0,0.0,0.0,0.0,0.0,0.0,0.0,0.0,success,sinkhorn,0.1,100000
1D-gaussian-4c-128p,128,128,0.1122578638357415,21,9.607935609357663e-07,,seconds,0.0,0.0030704755336046,megabytes,0.0,0.0,0.0,0.0,0.0,0.0,0.0,0.0,success,sinkhorn,0.1,100000
1D-gaussian-4c-128p,128,128,0.1538398397177213,41,1.276102751378479e-07,,seconds,0.0,0.0034001134335994,megabytes,0.0,0.0,0.0,0.0,0.0,0.0,0.0,0.0,success,sinkhorn,0.1,100000
1D-gaussian-4c-128p,128,128,0.0923043849527423,31,6.7371239949813e-08,,seconds,0.0,0.0031592845916748,megabytes,0.0,0.0,0.0,0.0,0.0,0.0,0.0,0.0,success,sinkhorn,0.1,100000
1D-gaussian-4c-128p,128,128,0.2602892578857553,21,4.7030584234387945e-08,,seconds,0.0,0.0029670167714357,megabytes,0.0,0.0,0.0,0.0,0.0,0.0,0.0,0.0,success,sinkhorn,0.1,100000
1D-gaussian-4c-128p,128,128,0.1364948667505624,41,1.058214596450671e-07,,seconds,0.0,0.0035049580037593,megabytes,0.0,0.0,0.0,0.0,0.0,0.0,0.0,0.0,success,sinkhorn,0.1,100000
1D-gaussian-4c-128p,128,128,0.2772669603186415,21,1.6086654689667766e-07,,seconds,0.0,0.0029237456619739,megabytes,0.0,0.0,0.0,0.0,0.0,0.0,0.0,0.0,success,sinkhorn,0.1,100000
1D-gaussian-4c-128p,128,128,0.2019235282728793,31,6.101039186887066e-09,,seconds,0.0,0.0030787624418735,megabytes,0.0,0.0,0.0,0.0,0.0,0.0,0.0,0.0,success,sinkhorn,0.1,100000
1D-gaussian-4c-128p,128,128,0.1128308371241886,31,1.1909886040219906e-08,,seconds,0.0,0.0032539144158363,megabytes,0.0,0.0,0.0,0.0,0.0,0.0,0.0,0.0,success,sinkhorn,0.1,100000
1D-gaussian-4c-128p,128,128,0.225955017521034,21,7.1626224235794515e-09,,seconds,0.0,0.0028593074530363,megabytes,0.0,0.0,0.0,0.0,0.0,0.0,0.0,0.0,success,sinkhorn,0.1,100000
1D-gaussian-4c-128p,128,128,0.0494639789798122,21,1.5669749373125205e-07,,seconds,0.0,0.0027636457234621,megabytes,0.0,0.0,0.0,0.0,0.0,0.0,0.0,0.0,success,sinkhorn,0.1,100000
1D-gaussian-4c-128p,128,128,0.0592794937142758,41,2.617781409877525e-07,,seconds,0.0,0.0035206545144319,megabytes,0.0,0.0,0.0,0.0,0.0,0.0,0.0,0.0,success,sinkhorn,0.1,100000
1D-gaussian-4c-128p,128,128,0.1796109918983744,31,9.928662418147217e-08,,seconds,0.0,0.003241304308176,megabytes,0.0,0.0,0.0,0.0,0.0,0.0,0.0,0.0,success,sinkhorn,0.1,100000
1D-gaussian-4c-128p,128,128,0.3167300878970223,31,2.3060298337345352e-08,,seconds,0.0,0.0031878724694252,megabytes,0.0,0.0,0.0,0.0,0.0,0.0,0.0,0.0,success,sinkhorn,0.1,100000
1D-gaussian-4c-128p,128,128,0.1117441291087764,31,5.0837137939131914e-09,,seconds,0.0,0.0031236540526151,megabytes,0.0,0.0,0.0,0.0,0.0,0.0,0.0,0.0,success,sinkhorn,0.1,100000
1D-gaussian-4c-128p,128,128,0.1417124013488051,11,2.900921926650187e-07,,seconds,0.0,0.0025657434016466,megabytes,0.0,0.0,0.0,0.0,0.0,0.0,0.0,0.0,success,sinkhorn,0.1,100000
1D-gaussian-4c-128p,128,128,0.1048712349457107,41,2.859029577378704e-07,,seconds,0.0,0.0035724341869354,megabytes,0.0,0.0,0.0,0.0,0.0,0.0,0.0,0.0,success,sinkhorn,0.1,100000
1D-gaussian-4c-128p,128,128,0.1160899422862828,31,1.155449555307743e-07,,seconds,0.0,0.0031036660075187,megabytes,0.0,0.0,0.0,0.0,0.0,0.0,0.0,0.0,success,sinkhorn,0.1,100000
1D-gaussian-4c-128p,128,128,0.0340531096139495,11,9.980146034500423e-07,,seconds,0.0,0.0025740936398506,megabytes,0.0,0.0,0.0,0.0,0.0,0.0,0.0,0.0,success,sinkhorn,0.1,100000
1D-gaussian-4c-256p,256,256,0.0638566040872233,21,1.0679913956709442e-07,,seconds,0.0,0.0030816514045,megabytes,0.0,0.0,0.0,0.0,0.0,0.0,0.0,0.0,success,sinkhorn,0.1,100000
1D-gaussian-4c-256p,256,256,0.1048712349352051,41,2.021624474281245e-07,,seconds,0.2942962646484375,0.0036428272724151,megabytes,88270.0,88270.0,0.0,0.0,0.06586368,0.06586368,0.0,0.0,success,sinkhorn,0.1,100000
1D-gaussian-4c-256p,256,256,0.1297274382805475,51,2.3400785753577759e-07,,seconds,0.0,0.0041901338845491,megabytes,0.0,0.0,0.0,0.0,0.0,0.0,0.0,0.0,success,sinkhorn,0.1,100000
1D-gaussian-4c-256p,256,256,0.1417124013491043,11,2.0512550545999745e-07,,seconds,0.0,0.0025797691196203,megabytes,0.0,0.0,0.0,0.0,0.0,0.0,0.0,0.0,success,sinkhorn,0.1,100000
1D-gaussian-4c-256p,256,256,0.0494639789716339,21,1.1079695773069081e-07,,seconds,0.0,0.0030905250459909,megabytes,0.0,0.0,0.0,0.0,0.0,0.0,0.0,0.0,success,sinkhorn,0.1,100000
1D-gaussian-4c-256p,256,256,0.0340531070363217,11,7.062589196533835e-07,,seconds,0.0,0.0025474969297647,megabytes,0.0,0.0,0.0,0.0,0.0,0.0,0.0,0.0,success,sinkhorn,0.1,100000
1D-gaussian-4c-256p,256,256,0.0389223891068538,21,9.667292174293182e-09,,seconds,0.0,0.0029542818665504,megabytes,0.0,0.0,0.0,0.0,0.0,0.0,0.0,0.0,success,sinkhorn,0.1,100000
1D-gaussian-4c-256p,256,256,0.2259550170001603,21,5.064707956927355e-09,,seconds,0.0,0.0033230986446142,megabytes,0.0,0.0,0.0,0.0,0.0,0.0,0.0,0.0,success,sinkhorn,0.1,100000
1D-gaussian-4c-256p,256,256,0.1122578638355993,21,6.793837686799642e-07,,seconds,0.0,0.0030861627310514,megabytes,0.0,0.0,0.0,0.0,0.0,0.0,0.0,0.0,success,sinkhorn,0.1,100000
1D-gaussian-4c-256p,256,256,0.2019235282312532,31,4.314071388694278e-09,,seconds,0.0,0.0033297948539257,megabytes,0.0,0.0,0.0,0.0,0.0,0.0,0.0,0.0,success,sinkhorn,0.1,100000
1D-gaussian-4c-256p,256,256,0.1411863544728103,21,8.741122602306826e-09,,seconds,0.0,0.0028214529156684,megabytes,0.0,0.0,0.0,0.0,0.0,0.0,0.0,0.0,success,sinkhorn,0.1,100000
1D-gaussian-4c-256p,256,256,0.0410950952037732,31,1.2091225008506082e-07,,seconds,0.0,0.0035231374204158,megabytes,0.0,0.0,0.0,0.0,0.0,0.0,0.0,0.0,success,sinkhorn,0.1,100000
1D-gaussian-4c-256p,256,256,0.1128308371241311,31,8.421600472034078e-09,,seconds,0.0,0.003405176103115,megabytes,0.0,0.0,0.0,0.0,0.0,0.0,0.0,0.0,success,sinkhorn,0.1,100000
1D-gaussian-4c-256p,256,256,0.17961099139766,31,7.020641919107492e-08,,seconds,0.2315711975097656,0.0033246111124753,megabytes,88270.0,88270.0,0.0,0.0,0.06592512,0.06592512,0.0,0.0,success,sinkhorn,0.1,100000
1D-gaussian-4c-256p,256,256,0.1368230033249144,11,8.13365770617868e-09,,seconds,0.0,0.0025928989052772,megabytes,0.0,0.0,0.0,0.0,0.0,0.0,0.0,0.0,success,sinkhorn,0.1,100000
1D-gaussian-4c-256p,256,256,0.1160899422862694,31,8.170263014431973e-08,,seconds,0.0,0.0032288376241922,megabytes,0.0,0.0,0.0,0.0,0.0,0.0,0.0,0.0,success,sinkhorn,0.1,100000
1D-gaussian-4c-256p,256,256,0.1448558733355855,41,2.7669030057131357e-08,,seconds,0.0,0.0038308054208755,megabytes,0.0,0.0,0.0,0.0,0.0,0.0,0.0,0.0,success,sinkhorn,0.1,100000
1D-gaussian-4c-256p,256,256,0.2602892578858086,21,3.3255620741822265e-08,,seconds,0.0,0.0029262360185384,megabytes,0.0,0.0,0.0,0.0,0.0,0.0,0.0,0.0,success,sinkhorn,0.1,100000
1D-gaussian-4c-256p,256,256,0.1538398383429712,41,9.023410347231525e-08,,seconds,0.0,0.0035626031458377,megabytes,0.0,0.0,0.0,0.0,0.0,0.0,0.0,0.0,success,sinkhorn,0.1,100000
1D-gaussian-4c-256p,256,256,0.0592794937223089,41,1.8510344140245386e-07,,seconds,0.0,0.0037466902285814,megabytes,0.0,0.0,0.0,0.0,0.0,0.0,0.0,0.0,success,sinkhorn,0.1,100000
1D-gaussian-4c-256p,256,256,0.1117423858777888,21,8.95689962643854e-07,,seconds,0.0,0.0029344744980335,megabytes,0.0,0.0,0.0,0.0,0.0,0.0,0.0,0.0,success,sinkhorn,0.1,100000
1D-gaussian-4c-256p,256,256,0.0680258992649988,31,3.3127866481560306e-07,,seconds,0.0,0.0032599084079265,megabytes,0.0,0.0,0.0,0.0,0.0,0.0,0.0,0.0,success,sinkhorn,0.1,100000
1D-gaussian-4c-256p,256,256,0.1364948667499599,41,7.482669644245439e-08,,seconds,0.2820446491241455,0.0036831889301538,megabytes,88270.0,88270.0,0.0,0.0,0.066736128,0.066736128,0.0,0.0,success,sinkhorn,0.1,100000
1D-gaussian-4c-256p,256,256,0.2864000015714151,21,4.791259607239979e-07,,seconds,0.0,0.0033771395683288,megabytes,0.0,0.0,0.0,0.0,0.0,0.0,0.0,0.0,success,sinkhorn,0.1,100000
1D-gaussian-4c-256p,256,256,0.0999713171778234,31,5.897183647023568e-09,,seconds,0.0,0.0037536807358264,megabytes,0.0,0.0,0.0,0.0,0.0,0.0,0.0,0.0,success,sinkhorn,0.1,100000
1D-gaussian-4c-256p,256,256,0.3167300869563408,31,1.6306191266196616e-08,,seconds,0.0,0.0033047180622816,megabytes,0.0,0.0,0.0,0.0,0.0,0.0,0.0,0.0,success,sinkhorn,0.1,100000
1D-gaussian-4c-256p,256,256,0.1100532538158377,31,3.9942630761353523e-08,,seconds,0.0,0.0036498345434665,megabytes,0.0,0.0,0.0,0.0,0.0,0.0,0.0,0.0,success,sinkhorn,0.1,100000
1D-gaussian-4c-256p,256,256,0.2772669603179852,21,1.1375010745416595e-07,,seconds,0.0,0.002837149426341,megabytes,0.0,0.0,0.0,0.0,0.0,0.0,0.0,0.0,success,sinkhorn,0.1,100000
1D-gaussian-4c-256p,256,256,0.0923043849525732,31,4.763865815489969e-08,,seconds,0.0,0.0035049319267272,megabytes,0.0,0.0,0.0,0.0,0.0,0.0,0.0,0.0,success,sinkhorn,0.1,100000
1D-gaussian-4c-256p,256,256,0.1378839436423776,21,4.25950807081989e-09,,seconds,0.0,0.003003105521202,megabytes,0.0,0.0,0.0,0.0,0.0,0.0,0.0,0.0,success,sinkhorn,0.1,100000
1D-gaussian-4c-512p,512,512,0.0410950952033622,31,8.549782001645561e-08,,seconds,0.0,0.0033765155822038,megabytes,0.0,0.0,0.0,0.0,0.0,0.0,0.0,0.0,success,sinkhorn,0.1,100000
1D-gaussian-4c-512p,512,512,0.0999700072626964,21,7.864852028138015e-07,,seconds,0.0,0.0030925292521715,megabytes,0.0,0.0,0.0,0.0,0.0,0.0,0.0,0.0,success,sinkhorn,0.1,100000
1D-gaussian-4c-512p,512,512,0.0923043849525296,31,3.3685617794574657e-08,,seconds,0.0,0.0035437159240245,megabytes,0.0,0.0,0.0,0.0,0.0,0.0,0.0,0.0,success,sinkhorn,0.1,100000
1D-gaussian-4c-512p,512,512,0.3167300867174216,31,1.1530235736310822e-08,,seconds,0.0,0.0032582022249698,megabytes,0.0,0.0,0.0,0.0,0.0,0.0,0.0,0.0,success,sinkhorn,0.1,100000
1D-gaussian-4c-512p,512,512,0.0680258992183805,31,2.3425091351989794e-07,,seconds,0.0,0.0033808946609497,megabytes,0.0,0.0,0.0,0.0,0.0,0.0,0.0,0.0,success,sinkhorn,0.1,100000
1D-gaussian-4c-512p,512,512,0.116089942286266,31,5.777248533447009e-08,,seconds,0.0,0.0033019762486219,megabytes,0.0,0.0,0.0,0.0,0.0,0.0,0.0,0.0,success,sinkhorn,0.1,100000
1D-gaussian-4c-512p,512,512,0.1448537404951299,31,7.087082487467464e-07,,seconds,0.0,0.0033541470766067,megabytes,0.0,0.0,0.0,0.0,0.0,0.0,0.0,0.0,success,sinkhorn,0.1,100000
1D-gaussian-4c-512p,512,512,0.1122578638355636,21,4.803968922396858e-07,,seconds,0.0,0.0029542166739702,megabytes,0.0,0.0,0.0,0.0,0.0,0.0,0.0,0.0,success,sinkhorn,0.1,100000
1D-gaussian-4c-512p,512,512,0.179610991270309,31,4.9643465848977135e-08,,seconds,0.0,0.0033896900713443,megabytes,0.0,0.0,0.0,0.0,0.0,0.0,0.0,0.0,success,sinkhorn,0.1,100000
1D-gaussian-4c-512p,512,512,0.1048712349325176,41,1.4295017706237146e-07,,seconds,0.0,0.0036797579377889,megabytes,0.0,0.0,0.0,0.0,0.0,0.0,0.0,0.0,success,sinkhorn,0.1,100000
1D-gaussian-4c-512p,512,512,0.0494639789695313,21,7.834441305451613e-08,,seconds,0.0,0.0030304472893476,megabytes,0.0,0.0,0.0,0.0,0.0,0.0,0.0,0.0,success,sinkhorn,0.1,100000
1D-gaussian-4c-512p,512,512,0.2772669603178209,21,8.043352207753879e-08,,seconds,0.0,0.0030465945601463,megabytes,0.0,0.0,0.0,0.0,0.0,0.0,0.0,0.0,success,sinkhorn,0.1,100000
1D-gaussian-4c-512p,512,512,0.2259550168682589,21,3.5812838734141672e-09,,seconds,0.0,0.0030028074979782,megabytes,0.0,0.0,0.0,0.0,0.0,0.0,0.0,0.0,success,sinkhorn,0.1,100000
1D-gaussian-4c-512p,512,512,0.2019220525802405,21,8.301700172353703e-07,,seconds,0.0,0.0030334200710058,megabytes,0.0,0.0,0.0,0.0,0.0,0.0,0.0,0.0,success,sinkhorn,0.1,100000
1D-gaussian-4c-512p,512,512,0.2602892578858219,21,2.3515270644540105e-08,,seconds,0.0,0.0030565559864044,megabytes,0.0,0.0,0.0,0.0,0.0,0.0,0.0,0.0,success,sinkhorn,0.1,100000
1D-gaussian-4c-512p,512,512,0.0592794937243996,41,1.3088760568748018e-07,,seconds,0.3014078140258789,0.0037555638700723,megabytes,88270.0,88270.0,0.0,0.0,0.065810432,0.065810432,0.0,0.0,success,sinkhorn,0.1,100000
1D-gaussian-4c-512p,512,512,0.0340531063862623,11,4.994987568007749e-07,,seconds,0.0,0.0024994723498821,megabytes,0.0,0.0,0.0,0.0,0.0,0.0,0.0,0.0,success,sinkhorn,0.1,100000
1D-gaussian-4c-512p,512,512,0.1368230033249226,11,5.751358695853559e-09,,seconds,0.0,0.0025977324694395,megabytes,0.0,0.0,0.0,0.0,0.0,0.0,0.0,0.0,success,sinkhorn,0.1,100000
1D-gaussian-4c-512p,512,512,0.1364948667497885,41,5.291039812366445e-08,,seconds,0.0,0.0040032546967267,megabytes,0.0,0.0,0.0,0.0,0.0,0.0,0.0,0.0,success,sinkhorn,0.1,100000
1D-gaussian-4c-512p,512,512,0.0638566034990975,21,7.55184068909147e-08,,seconds,0.0,0.0030317530035972,megabytes,0.0,0.0,0.0,0.0,0.0,0.0,0.0,0.0,success,sinkhorn,0.1,100000
1D-gaussian-4c-512p,512,512,0.129727438280666,51,1.6546850267083377e-07,,seconds,0.2094583511352539,0.0040805283933877,megabytes,88270.0,88270.0,0.0,0.0,0.065785856,0.065785856,0.0,0.0,success,sinkhorn,0.1,100000
1D-gaussian-4c-512p,512,512,0.038922389106869,21,6.835762299069466e-09,,seconds,0.0,0.002902653068304,megabytes,0.0,0.0,0.0,0.0,0.0,0.0,0.0,0.0,success,sinkhorn,0.1,100000
1D-gaussian-4c-512p,512,512,0.1417124013491792,11,1.4504552073688718e-07,,seconds,0.0,0.0026236809790134,megabytes,0.0,0.0,0.0,0.0,0.0,0.0,0.0,0.0,success,sinkhorn,0.1,100000
1D-gaussian-4c-512p,512,512,0.137883943642381,21,3.0119235289077803e-09,,seconds,0.0,0.003083536401391,megabytes,0.0,0.0,0.0,0.0,0.0,0.0,0.0,0.0,success,sinkhorn,0.1,100000
1D-gaussian-4c-512p,512,512,0.1100532518590501,31,2.8243701438018123e-08,,seconds,0.0,0.0033433884382247,megabytes,0.0,0.0,0.0,0.0,0.0,0.0,0.0,0.0,success,sinkhorn,0.1,100000
1D-gaussian-4c-512p,512,512,0.1411863543789028,21,6.1809046414701105e-09,,seconds,0.0,0.0029530804604291,megabytes,0.0,0.0,0.0,0.0,0.0,0.0,0.0,0.0,success,sinkhorn,0.1,100000
1D-gaussian-4c-512p,512,512,0.111742385876482,21,6.333486610071321e-07,,seconds,0.0,0.0030507277697324,megabytes,0.0,0.0,0.0,0.0,0.0,0.0,0.0,0.0,success,sinkhorn,0.1,100000
1D-gaussian-4c-512p,512,512,0.1128308371241167,31,5.9549777478873035e-09,,seconds,0.2403030395507812,0.0033788289874792,megabytes,88270.0,88270.0,0.0,0.0,0.065835008,0.065835008,0.0,0.0,success,sinkhorn,0.1,100000
1D-gaussian-4c-512p,512,512,0.1538398379944138,41,6.380514868333719e-08,,seconds,0.0,0.0038369763642549,megabytes,0.0,0.0,0.0,0.0,0.0,0.0,0.0,0.0,success,sinkhorn,0.1,100000
1D-gaussian-4c-512p,512,512,0.2864000023218231,21,3.387930848046715e-07,,seconds,0.0,0.0032235365360975,megabytes,0.0,0.0,0.0,0.0,0.0,0.0,0.0,0.0,success,sinkhorn,0.1,100000
1D-gaussian-4c-1024p,1024,1024,0.1796109912383334,31,3.5103236778681136e-08,,seconds,0.0,0.003445815294981,megabytes,0.0,0.0,0.0,0.0,0.0,0.0,0.0,0.0,success,sinkhorn,0.1,100000
1D-gaussian-4c-1024p,1024,1024,0.1100532513681731,31,1.997131216765883e-08,,seconds,0.0,0.0034091807901859,megabytes,0.0,0.0,0.0,0.0,0.0,0.0,0.0,0.0,success,sinkhorn,0.1,100000
1D-gaussian-4c-1024p,1024,1024,0.2602892578858252,21,1.6627806573652666e-08,,seconds,0.0,0.0029857605695724,megabytes,0.0,0.0,0.0,0.0,0.0,0.0,0.0,0.0,success,sinkhorn,0.1,100000
1D-gaussian-4c-1024p,1024,1024,0.2864000025101985,21,2.3956286448257174e-07,,seconds,0.0,0.0029644798487424,megabytes,0.0,0.0,0.0,0.0,0.0,0.0,0.0,0.0,success,sinkhorn,0.1,100000
1D-gaussian-4c-1024p,1024,1024,0.1448537404809674,31,5.011323680216017e-07,,seconds,0.0,0.0033552460372447,megabytes,0.0,0.0,0.0,0.0,0.0,0.0,0.0,0.0,success,sinkhorn,0.1,100000
1D-gaussian-4c-1024p,1024,1024,0.1364948667497443,41,3.7413289581938384e-08,,seconds,0.0,0.0037814415991306,megabytes,0.0,0.0,0.0,0.0,0.0,0.0,0.0,0.0,success,sinkhorn,0.1,100000
1D-gaussian-4c-1024p,1024,1024,0.1122578638355547,21,3.396919041201952e-07,,seconds,0.0,0.0030339919030666,megabytes,0.0,0.0,0.0,0.0,0.0,0.0,0.0,0.0,success,sinkhorn,0.1,100000
1D-gaussian-4c-1024p,1024,1024,0.1117423858761539,21,4.4784517099767467e-07,,seconds,0.0,0.0031984541565179,megabytes,0.0,0.0,0.0,0.0,0.0,0.0,0.0,0.0,success,sinkhorn,0.1,100000
1D-gaussian-4c-1024p,1024,1024,0.0923043849525186,31,2.3819328693438003e-08,,seconds,0.0,0.0034899115562438,megabytes,0.0,0.0,0.0,0.0,0.0,0.0,0.0,0.0,success,sinkhorn,0.1,100000
1D-gaussian-4c-1024p,1024,1024,0.2259550168351774,21,2.532349145387834e-09,,seconds,0.0,0.002958919852972,megabytes,0.0,0.0,0.0,0.0,0.0,0.0,0.0,0.0,success,sinkhorn,0.1,100000
1D-gaussian-4c-1024p,1024,1024,0.0638566033516439,21,5.339957957528484e-08,,seconds,0.0,0.003093559294939,megabytes,0.0,0.0,0.0,0.0,0.0,0.0,0.0,0.0,success,sinkhorn,0.1,100000
1D-gaussian-4c-1024p,1024,1024,0.1538398379069669,41,4.5117053702780735e-08,,seconds,0.0,0.0038465987890958,megabytes,0.0,0.0,0.0,0.0,0.0,0.0,0.0,0.0,success,sinkhorn,0.1,100000
1D-gaussian-4c-1024p,1024,1024,0.201922052577872,21,5.870187229398655e-07,,seconds,0.0,0.0030582677572965,megabytes,0.0,0.0,0.0,0.0,0.0,0.0,0.0,0.0,success,sinkhorn,0.1,100000
1D-gaussian-4c-1024p,1024,1024,0.1378839436423819,21,2.129750930752231e-09,,seconds,0.0,0.0029330309480428,megabytes,0.0,0.0,0.0,0.0,0.0,0.0,0.0,0.0,success,sinkhorn,0.1,100000
1D-gaussian-4c-1024p,1024,1024,0.112828599179999,21,7.708505647660086e-07,,seconds,0.0,0.0028912313282489,megabytes,0.0,0.0,0.0,0.0,0.0,0.0,0.0,0.0,success,sinkhorn,0.1,100000
1D-gaussian-4c-1024p,1024,1024,0.1297274382806957,51,1.1700389319926425e-07,,seconds,0.0,0.0041971523314714,megabytes,0.0,0.0,0.0,0.0,0.0,0.0,0.0,0.0,success,sinkhorn,0.1,100000
1D-gaussian-4c-1024p,1024,1024,0.1160899422862652,31,4.085131641358635e-08,,seconds,0.0,0.0033870413899421,megabytes,0.0,0.0,0.0,0.0,0.0,0.0,0.0,0.0,success,sinkhorn,0.1,100000
1D-gaussian-4c-1024p,1024,1024,0.0389223891068728,21,4.8336058244517605e-09,,seconds,0.0,0.0028708335012197,megabytes,0.0,0.0,0.0,0.0,0.0,0.0,0.0,0.0,success,sinkhorn,0.1,100000
1D-gaussian-4c-1024p,1024,1024,0.0680258992066764,31,1.6564067871083793e-07,,seconds,0.0,0.0034194476902484,megabytes,0.0,0.0,0.0,0.0,0.0,0.0,0.0,0.0,success,sinkhorn,0.1,100000
1D-gaussian-4c-1024p,1024,1024,0.1368230033249245,11,4.066823716073614e-09,,seconds,0.0,0.002641025930643,megabytes,0.0,0.0,0.0,0.0,0.0,0.0,0.0,0.0,success,sinkhorn,0.1,100000
1D-gaussian-4c-1024p,1024,1024,0.1411863543553096,21,4.3705591595331374e-09,,seconds,0.0,0.0030886232852935,megabytes,0.0,0.0,0.0,0.0,0.0,0.0,0.0,0.0,success,sinkhorn,0.1,100000
1D-gaussian-4c-1024p,1024,1024,0.2772669603177798,21,5.68750976866264e-08,,seconds,0.0,0.0029397029429674,megabytes,0.0,0.0,0.0,0.0,0.0,0.0,0.0,0.0,success,sinkhorn,0.1,100000
1D-gaussian-4c-1024p,1024,1024,0.0340531062233923,11,3.532163323871483e-07,,seconds,0.0,0.0027780160307884,megabytes,0.0,0.0,0.0,0.0,0.0,0.0,0.0,0.0,success,sinkhorn,0.1,100000
1D-gaussian-4c-1024p,1024,1024,0.3167300866574547,31,8.153110933417418e-09,,seconds,0.2100529670715332,0.0033451467752456,megabytes,88270.0,88270.0,0.0,0.0,0.065875968,0.065875968,0.0,0.0,success,sinkhorn,0.1,100000
1D-gaussian-4c-1024p,1024,1024,0.1048712349318418,41,1.010809935320409e-07,,seconds,0.286146879196167,0.0039675720036029,megabytes,88270.0,88270.0,0.0,0.0,0.06596608,0.06596608,0.0,0.0,success,sinkhorn,0.1,100000
1D-gaussian-4c-1024p,1024,1024,0.1417124013491979,11,1.0256265092987072e-07,,seconds,0.0,0.0028093047440052,megabytes,0.0,0.0,0.0,0.0,0.0,0.0,0.0,0.0,success,sinkhorn,0.1,100000
1D-gaussian-4c-1024p,1024,1024,0.0410950952032588,31,6.045607912386503e-08,,seconds,0.0,0.0034172814339399,megabytes,0.0,0.0,0.0,0.0,0.0,0.0,0.0,0.0,success,sinkhorn,0.1,100000
1D-gaussian-4c-1024p,1024,1024,0.049463978969002,21,5.5397712437720116e-08,,seconds,0.0,0.0029143262654542,megabytes,0.0,0.0,0.0,0.0,0.0,0.0,0.0,0.0,success,sinkhorn,0.1,100000
1D-gaussian-4c-1024p,1024,1024,0.0592794937249276,41,9.255146176934688e-08,,seconds,0.0,0.0038098394870758,megabytes,0.0,0.0,0.0,0.0,0.0,0.0,0.0,0.0,success,sinkhorn,0.1,100000
1D-gaussian-4c-1024p,1024,1024,0.0999700072288175,21,5.561289096798973e-07,,seconds,0.0,0.0029708668589591,megabytes,0.0,0.0,0.0,0.0,0.0,0.0,0.0,0.0,success,sinkhorn,0.1,100000
1D-gaussian-4c-2048p,2048,2048,0.1378839436423821,21,1.5059612166117006e-09,,seconds,0.0,0.0037244781851768,megabytes,0.0,0.0,0.0,0.0,0.0,0.0,0.0,0.0,success,sinkhorn,0.1,100000
1D-gaussian-4c-2048p,2048,2048,0.0494639789688694,21,3.9172071028065366e-08,,seconds,0.0,0.0038745887577533,megabytes,0.0,0.0,0.0,0.0,0.0,0.0,0.0,0.0,success,sinkhorn,0.1,100000
1D-gaussian-4c-2048p,2048,2048,0.0638566033147541,21,3.7759205175800686e-08,,seconds,0.0,0.003788212314248,megabytes,0.0,0.0,0.0,0.0,0.0,0.0,0.0,0.0,success,sinkhorn,0.1,100000
1D-gaussian-4c-2048p,2048,2048,0.0592794937250599,41,6.544375707153261e-08,,seconds,0.0,0.0048323385417461,megabytes,0.0,0.0,0.0,0.0,0.0,0.0,0.0,0.0,success,sinkhorn,0.1,100000
1D-gaussian-4c-2048p,2048,2048,0.2602892578858259,21,1.1757634650850205e-08,,seconds,0.0,0.0036944970488548,megabytes,0.0,0.0,0.0,0.0,0.0,0.0,0.0,0.0,success,sinkhorn,0.1,100000
1D-gaussian-4c-2048p,2048,2048,0.0999700072203494,21,3.932425037100335e-07,,seconds,0.2950959205627441,0.0037112310528755,megabytes,88270.0,88270.0,0.0,0.0,0.065839104,0.065839104,0.0,0.0,success,sinkhorn,0.1,100000
1D-gaussian-4c-2048p,2048,2048,0.153839837885086,41,3.1902574688468936e-08,,seconds,0.0,0.0046243108808994,megabytes,0.0,0.0,0.0,0.0,0.0,0.0,0.0,0.0,success,sinkhorn,0.1,100000
1D-gaussian-4c-2048p,2048,2048,0.1128285991798349,21,5.450737013669376e-07,,seconds,0.0,0.0037840474396944,megabytes,0.0,0.0,0.0,0.0,0.0,0.0,0.0,0.0,success,sinkhorn,0.1,100000
1D-gaussian-4c-2048p,2048,2048,0.316730086642448,31,5.765120573341297e-09,,seconds,0.0,0.0041673760861158,megabytes,0.0,0.0,0.0,0.0,0.0,0.0,0.0,0.0,success,sinkhorn,0.1,100000
1D-gaussian-4c-2048p,2048,2048,0.1417124013492026,11,7.252274237064593e-08,,seconds,0.0,0.0031193699687719,megabytes,0.0,0.0,0.0,0.0,0.0,0.0,0.0,0.0,success,sinkhorn,0.1,100000
1D-gaussian-4c-2048p,2048,2048,0.1048712349316726,41,7.147504783579635e-08,,seconds,0.0,0.0048080515116453,megabytes,0.0,0.0,0.0,0.0,0.0,0.0,0.0,0.0,success,sinkhorn,0.1,100000
1D-gaussian-4c-2048p,2048,2048,0.1117423858760718,21,3.166743640411585e-07,,seconds,0.0,0.003781808540225,megabytes,0.0,0.0,0.0,0.0,0.0,0.0,0.0,0.0,success,sinkhorn,0.1,100000
1D-gaussian-4c-2048p,2048,2048,0.141186354349404,21,3.090451943037055e-09,,seconds,0.2120835781097412,0.0036722943186759,megabytes,88270.0,88270.0,0.0,0.0,0.065875968,0.065875968,0.0,0.0,success,sinkhorn,0.1,100000
1D-gaussian-4c-2048p,2048,2048,0.1796109912303309,31,2.4821737729225105e-08,,seconds,0.2944505214691162,0.0043673813343048,megabytes,88270.0,88270.0,0.0,0.0,0.065957888,0.065957888,0.0,0.0,success,sinkhorn,0.1,100000
1D-gaussian-4c-2048p,2048,2048,0.0680258992037473,31,1.1712569475517665e-07,,seconds,0.29848313331604,0.0046340953558683,megabytes,88270.0,88270.0,0.0,0.0,0.065859584,0.065859584,0.0,0.0,success,sinkhorn,0.1,100000
1D-gaussian-4c-2048p,2048,2048,0.1368230033249251,11,2.875678444808912e-09,,seconds,0.0,0.0033132527023553,megabytes,0.0,0.0,0.0,0.0,0.0,0.0,0.0,0.0,success,sinkhorn,0.1,100000
1D-gaussian-4c-2048p,2048,2048,0.1297274382807031,51,8.27342450493498e-08,,seconds,0.0,0.0053495895117521,megabytes,0.0,0.0,0.0,0.0,0.0,0.0,0.0,0.0,success,sinkhorn,0.1,100000
1D-gaussian-4c-2048p,2048,2048,0.0923043849525159,31,1.684280882841928e-08,,seconds,0.0,0.0041849147528409,megabytes,0.0,0.0,0.0,0.0,0.0,0.0,0.0,0.0,success,sinkhorn,0.1,100000
1D-gaussian-4c-2048p,2048,2048,0.041095095203233,31,4.274890188915848e-08,,seconds,0.0,0.0044784396886825,megabytes,0.0,0.0,0.0,0.0,0.0,0.0,0.0,0.0,success,sinkhorn,0.1,100000
1D-gaussian-4c-2048p,2048,2048,0.2772669603177696,21,4.021676880881175e-08,,seconds,0.0,0.0037519317120313,megabytes,0.0,0.0,0.0,0.0,0.0,0.0,0.0,0.0,success,sinkhorn,0.1,100000
1D-gaussian-4c-2048p,2048,2048,0.0340531061826525,11,2.4976473521016466e-07,,seconds,0.0,0.0031753424555063,megabytes,0.0,0.0,0.0,0.0,0.0,0.0,0.0,0.0,success,sinkhorn,0.1,100000
1D-gaussian-4c-2048p,2048,2048,0.1448537404774224,31,3.5435408853234014e-07,,seconds,0.0,0.0041939355432987,megabytes,0.0,0.0,0.0,0.0,0.0,0.0,0.0,0.0,success,sinkhorn,0.1,100000
1D-gaussian-4c-2048p,2048,2048,0.1122578638355525,21,2.401984496172121e-07,,seconds,0.0,0.0036881193518638,megabytes,0.0,0.0,0.0,0.0,0.0,0.0,0.0,0.0,success,sinkhorn,0.1,100000
1D-gaussian-4c-2048p,2048,2048,0.2259550168269004,21,1.7906410821177954e-09,,seconds,0.0,0.003737298771739,megabytes,0.0,0.0,0.0,0.0,0.0,0.0,0.0,0.0,success,sinkhorn,0.1,100000
1D-gaussian-4c-2048p,2048,2048,0.1364893092206348,31,9.38905533540631e-07,,seconds,0.2139942646026611,0.0042502731084823,megabytes,88270.0,88270.0,0.0,0.0,0.065859584,0.065859584,0.0,0.0,success,sinkhorn,0.1,100000
1D-gaussian-4c-2048p,2048,2048,0.1100532512453485,31,1.4121850149982709e-08,,seconds,0.2797355651855469,0.0041999593377113,megabytes,88270.0,88270.0,0.0,0.0,0.065916928,0.065916928,0.0,0.0,success,sinkhorn,0.1,100000
1D-gaussian-4c-2048p,2048,2048,0.2864000025573407,21,1.693965218909628e-07,,seconds,0.0,0.0037229321897029,megabytes,0.0,0.0,0.0,0.0,0.0,0.0,0.0,0.0,success,sinkhorn,0.1,100000
1D-gaussian-4c-2048p,2048,2048,0.0389223891068737,21,3.417874032900993e-09,,seconds,0.0,0.0036799143999814,megabytes,0.0,0.0,0.0,0.0,0.0,0.0,0.0,0.0,success,sinkhorn,0.1,100000
1D-gaussian-4c-2048p,2048,2048,0.2019220525772788,21,4.150848974379352e-07,,seconds,0.218599796295166,0.0039804391562938,megabytes,88270.0,88270.0,0.0,0.0,0.06586368,0.06586368,0.0,0.0,success,sinkhorn,0.1,100000
1D-gaussian-4c-2048p,2048,2048,0.116089942286265,31,2.8886242904018044e-08,,seconds,0.2114832401275634,0.0042418949306011,megabytes,88270.0,88270.0,0.0,0.0,0.0659456,0.0659456,0.0,0.0,success,sinkhorn,0.1,100000
1D-gaussian-6c-32p,32,32,0.0682182094836939,21,2.5440784577000017e-10,,seconds,0.0,0.0027802623808383,megabytes,0.0,0.0,0.0,0.0,0.0,0.0,0.0,0.0,success,sinkhorn,0.1,100000
1D-gaussian-6c-32p,32,32,0.1551101078116089,21,8.871008369067299e-07,,seconds,0.0,0.0027118027210235,megabytes,0.0,0.0,0.0,0.0,0.0,0.0,0.0,0.0,success,sinkhorn,0.1,100000
1D-gaussian-6c-32p,32,32,0.0571106945043141,21,7.271382752334294e-09,,seconds,0.0,0.0029358565807342,megabytes,0.0,0.0,0.0,0.0,0.0,0.0,0.0,0.0,success,sinkhorn,0.1,100000
1D-gaussian-6c-32p,32,32,0.1138150725108505,41,2.0283134119510545e-08,,seconds,0.0,0.0033542029559612,megabytes,0.0,0.0,0.0,0.0,0.0,0.0,0.0,0.0,success,sinkhorn,0.1,100000
1D-gaussian-6c-32p,32,32,0.0381042129812252,71,5.747037686735974e-07,,seconds,0.0,0.0046458076685667,megabytes,0.0,0.0,0.0,0.0,0.0,0.0,0.0,0.0,success,sinkhorn,0.1,100000
1D-gaussian-6c-32p,32,32,0.0370847809288353,61,8.422025605303566e-07,,seconds,0.0,0.0043187737464904,megabytes,0.0,0.0,0.0,0.0,0.0,0.0,0.0,0.0,success,sinkhorn,0.1,100000
1D-gaussian-6c-32p,32,32,0.0530218720702276,21,4.808586713202104e-08,,seconds,0.0,0.0028471387922763,megabytes,0.0,0.0,0.0,0.0,0.0,0.0,0.0,0.0,success,sinkhorn,0.1,100000
1D-gaussian-6c-32p,32,32,0.1248235902637527,51,1.1787837245662465e-07,,seconds,0.0,0.0036070011556148,megabytes,0.0,0.0,0.0,0.0,0.0,0.0,0.0,0.0,success,sinkhorn,0.1,100000
1D-gaussian-6c-32p,32,32,0.0567249356724936,41,5.273482329494921e-07,,seconds,0.3486549854278564,0.0035282671451568,megabytes,88270.0,88270.0,0.0,0.0,0.065810432,0.065810432,0.0,0.0,success,sinkhorn,0.1,100000
1D-gaussian-6c-32p,32,32,0.1472291938908158,41,3.3475610475880106e-08,,seconds,0.2934672832489013,0.0033757332712411,megabytes,88270.0,88270.0,0.0,0.0,0.065757184,0.065757184,0.0,0.0,success,sinkhorn,0.1,100000
1D-gaussian-6c-32p,32,32,0.0786226446738807,181,5.638891570176031e-07,,seconds,0.2800972461700439,0.0081384982913732,megabytes,88270.0,88270.0,0.0,0.0,0.0690176,0.0690176,0.0,0.0,success,sinkhorn,0.1,100000
1D-gaussian-6c-32p,32,32,0.1524469877579207,31,2.3579471614562052e-08,,seconds,0.0,0.0030612424015998,megabytes,0.0,0.0,0.0,0.0,0.0,0.0,0.0,0.0,success,sinkhorn,0.1,100000
1D-gaussian-6c-32p,32,32,0.058591573636011,31,4.1617117083619905e-09,,seconds,0.0,0.0030296202749013,megabytes,0.0,0.0,0.0,0.0,0.0,0.0,0.0,0.0,success,sinkhorn,0.1,100000
1D-gaussian-6c-32p,32,32,0.0567904597402786,31,4.010606365174441e-09,,seconds,0.0,0.0030988976359367,megabytes,0.0,0.0,0.0,0.0,0.0,0.0,0.0,0.0,success,sinkhorn,0.1,100000
1D-gaussian-6c-32p,32,32,0.0591049216253572,31,7.779610883909469e-07,,seconds,0.0,0.0033807568252086,megabytes,0.0,0.0,0.0,0.0,0.0,0.0,0.0,0.0,success,sinkhorn,0.1,100000
1D-gaussian-6c-32p,32,32,0.0885103939301821,41,4.280029416400422e-07,,seconds,0.0,0.0033584274351596,megabytes,0.0,0.0,0.0,0.0,0.0,0.0,0.0,0.0,success,sinkhorn,0.1,100000
1D-gaussian-6c-32p,32,32,0.1009063609155807,41,8.141357152025945e-08,,seconds,0.0,0.0034306067973375,megabytes,0.0,0.0,0.0,0.0,0.0,0.0,0.0,0.0,success,sinkhorn,0.1,100000
1D-gaussian-6c-32p,32,32,0.0551101049311326,21,3.095643271965322e-08,,seconds,0.0,0.0027094352990388,megabytes,0.0,0.0,0.0,0.0,0.0,0.0,0.0,0.0,success,sinkhorn,0.1,100000
1D-gaussian-6c-32p,32,32,0.2494203769124097,31,9.602605714648313e-07,,seconds,0.0,0.0032211150974035,megabytes,0.0,0.0,0.0,0.0,0.0,0.0,0.0,0.0,success,sinkhorn,0.1,100000
1D-gaussian-6c-32p,32,32,0.0762567203324224,21,5.530095349420724e-07,,seconds,0.0,0.0028560739010572,megabytes,0.0,0.0,0.0,0.0,0.0,0.0,0.0,0.0,success,sinkhorn,0.1,100000
1D-gaussian-6c-32p,32,32,0.0618458757207633,21,1.260378105533243e-09,,seconds,0.0,0.0025652777403593,megabytes,0.0,0.0,0.0,0.0,0.0,0.0,0.0,0.0,success,sinkhorn,0.1,100000
1D-gaussian-6c-32p,32,32,0.0780090672311852,41,5.537035609631044e-07,,seconds,0.0,0.0033722519874572,megabytes,0.0,0.0,0.0,0.0,0.0,0.0,0.0,0.0,success,sinkhorn,0.1,100000
1D-gaussian-6c-32p,32,32,0.0567962560977558,21,1.9252605478229247e-08,,seconds,0.0,0.0029440000653266,megabytes,0.0,0.0,0.0,0.0,0.0,0.0,0.0,0.0,success,sinkhorn,0.1,100000
1D-gaussian-6c-32p,32,32,0.1372734315636844,31,8.214192503262097e-07,,seconds,0.0,0.0031267758458852,megabytes,0.0,0.0,0.0,0.0,0.0,0.0,0.0,0.0,success,sinkhorn,0.1,100000
1D-gaussian-6c-32p,32,32,0.1119260974792272,21,2.104671068123384e-07,,seconds,0.0,0.0029047057032585,megabytes,0.0,0.0,0.0,0.0,0.0,0.0,0.0,0.0,success,sinkhorn,0.1,100000
1D-gaussian-6c-32p,32,32,0.0503368710101366,211,6.293026341661445e-07,,seconds,0.2180361747741699,0.0085193812847137,megabytes,88270.0,88270.0,0.0,0.0,0.065921024,0.065921024,0.0,0.0,success,sinkhorn,0.1,100000
1D-gaussian-6c-32p,32,32,0.0708278188005393,31,9.540545996108507e-09,,seconds,0.293673038482666,0.0031245667487382,megabytes,88270.0,88270.0,0.0,0.0,0.065777664,0.065777664,0.0,0.0,success,sinkhorn,0.1,100000
1D-gaussian-6c-32p,32,32,0.1463234598323628,31,1.3968131201135871e-08,,seconds,0.0,0.0030519030988216,megabytes,0.0,0.0,0.0,0.0,0.0,0.0,0.0,0.0,success,sinkhorn,0.1,100000
1D-gaussian-6c-32p,32,32,0.0657088023873883,31,3.4276086158925e-08,,seconds,0.0,0.0030630398541688,megabytes,0.0,0.0,0.0,0.0,0.0,0.0,0.0,0.0,success,sinkhorn,0.1,100000
1D-gaussian-6c-32p,32,32,0.0684387314916438,51,3.03028710101093e-07,,seconds,0.0,0.0035827588289976,megabytes,0.0,0.0,0.0,0.0,0.0,0.0,0.0,0.0,success,sinkhorn,0.1,100000
1D-gaussian-6c-64p,64,64,0.0586510444419784,21,8.847760396838345e-07,,seconds,0.0,0.0028116758912801,megabytes,0.0,0.0,0.0,0.0,0.0,0.0,0.0,0.0,success,sinkhorn,0.1,100000
1D-gaussian-6c-64p,64,64,0.1138378886010581,31,8.47811325929668e-07,,seconds,0.0,0.0034351497888565,megabytes,0.0,0.0,0.0,0.0,0.0,0.0,0.0,0.0,success,sinkhorn,0.1,100000
1D-gaussian-6c-64p,64,64,0.0567514328923813,21,7.481104189758964e-07,,seconds,0.0,0.0027868058532476,megabytes,0.0,0.0,0.0,0.0,0.0,0.0,0.0,0.0,success,sinkhorn,0.1,100000
1D-gaussian-6c-64p,64,64,0.052923299844445,21,3.3913071961598124e-08,,seconds,0.0,0.0031313337385654,megabytes,0.0,0.0,0.0,0.0,0.0,0.0,0.0,0.0,success,sinkhorn,0.1,100000
1D-gaussian-6c-64p,64,64,0.03810479949955,71,4.0365908024307813e-07,,seconds,0.0,0.0043366514146327,megabytes,0.0,0.0,0.0,0.0,0.0,0.0,0.0,0.0,success,sinkhorn,0.1,100000
1D-gaussian-6c-64p,64,64,0.0707348583820909,31,6.658816411905272e-09,,seconds,0.0,0.0032929833978414,megabytes,0.0,0.0,0.0,0.0,0.0,0.0,0.0,0.0,success,sinkhorn,0.1,100000
1D-gaussian-6c-64p,64,64,0.249304616665972,31,6.695563907074608e-07,,seconds,0.0,0.0031287670135498,megabytes,0.0,0.0,0.0,0.0,0.0,0.0,0.0,0.0,success,sinkhorn,0.1,100000
1D-gaussian-6c-64p,64,64,0.0657171919911463,31,2.418338789724133e-08,,seconds,0.0,0.0030119810253381,megabytes,0.0,0.0,0.0,0.0,0.0,0.0,0.0,0.0,success,sinkhorn,0.1,100000
1D-gaussian-6c-64p,64,64,0.0567468494757337,41,3.728095061444101e-07,,seconds,0.0,0.0036511681973934,megabytes,0.0,0.0,0.0,0.0,0.0,0.0,0.0,0.0,success,sinkhorn,0.1,100000
1D-gaussian-6c-64p,64,64,0.1464470482624001,31,9.724460357089492e-09,,seconds,0.0,0.0031136125326156,megabytes,0.0,0.0,0.0,0.0,0.0,0.0,0.0,0.0,success,sinkhorn,0.1,100000
1D-gaussian-6c-64p,64,64,0.0550848624714313,21,2.2195581551825972e-08,,seconds,0.0,0.0028269831091165,megabytes,0.0,0.0,0.0,0.0,0.0,0.0,0.0,0.0,success,sinkhorn,0.1,100000
1D-gaussian-6c-64p,64,64,0.1550051120825871,21,6.276811633765637e-07,,seconds,0.0,0.0030301138758659,megabytes,0.0,0.0,0.0,0.0,0.0,0.0,0.0,0.0,success,sinkhorn,0.1,100000
1D-gaussian-6c-64p,64,64,0.1248930309493498,51,7.907260854329485e-08,,seconds,0.285750150680542,0.0042160078883171,megabytes,88270.0,88270.0,0.0,0.0,0.06586368,0.06586368,0.0,0.0,success,sinkhorn,0.1,100000
1D-gaussian-6c-64p,64,64,0.0783919564786945,171,6.699676736583983e-07,,seconds,0.2963786125183105,0.0072740092873573,megabytes,88270.0,88270.0,1.0,1.0,0.065937408,0.065937408,0.0,0.0,success,sinkhorn,0.1,100000
1D-gaussian-6c-64p,64,64,0.1008367991970314,41,5.5942421581294986e-08,,seconds,0.0,0.0037709325551986,megabytes,0.0,0.0,0.0,0.0,0.0,0.0,0.0,0.0,success,sinkhorn,0.1,100000
1D-gaussian-6c-64p,64,64,0.0570216645444434,21,4.913220895980553e-09,,seconds,0.0,0.0027887392789125,megabytes,0.0,0.0,0.0,0.0,0.0,0.0,0.0,0.0,success,sinkhorn,0.1,100000
1D-gaussian-6c-64p,64,64,0.0684118420683565,51,2.180535035916629e-07,,seconds,0.0,0.0037852544337511,megabytes,0.0,0.0,0.0,0.0,0.0,0.0,0.0,0.0,success,sinkhorn,0.1,100000
1D-gaussian-6c-64p,64,64,0.1471359013094995,41,2.3208933229252053e-08,,seconds,0.0,0.0033696312457323,megabytes,0.0,0.0,0.0,0.0,0.0,0.0,0.0,0.0,success,sinkhorn,0.1,100000
1D-gaussian-6c-64p,64,64,0.0503210225925681,201,7.298061693264041e-07,,seconds,0.2958245277404785,0.0090621933341026,megabytes,88270.0,88270.0,0.0,0.0,0.06946816,0.06946816,0.0,0.0,success,sinkhorn,0.1,100000
1D-gaussian-6c-64p,64,64,0.138186467879199,31,5.541462453661791e-07,,seconds,0.0,0.0031008459627628,megabytes,0.0,0.0,0.0,0.0,0.0,0.0,0.0,0.0,success,sinkhorn,0.1,100000
1D-gaussian-6c-64p,64,64,0.1522060336955112,31,1.7274079463645866e-08,,seconds,0.0,0.0031579416245222,megabytes,0.0,0.0,0.0,0.0,0.0,0.0,0.0,0.0,success,sinkhorn,0.1,100000
1D-gaussian-6c-64p,64,64,0.0618823735292762,21,8.630649015269193e-10,,seconds,0.0,0.0027480460703372,megabytes,0.0,0.0,0.0,0.0,0.0,0.0,0.0,0.0,success,sinkhorn,0.1,100000
1D-gaussian-6c-64p,64,64,0.0885907905898131,41,2.954086804629335e-07,,seconds,0.0,0.0036373026669025,megabytes,0.0,0.0,0.0,0.0,0.0,0.0,0.0,0.0,success,sinkhorn,0.1,100000
1D-gaussian-6c-64p,64,64,0.0681294773313349,21,1.8267491995820003e-10,,seconds,0.0,0.002752536907792,megabytes,0.0,0.0,0.0,0.0,0.0,0.0,0.0,0.0,success,sinkhorn,0.1,100000
1D-gaussian-6c-64p,64,64,0.059025711231013,31,5.535469163224646e-07,,seconds,0.0,0.0031526107341051,megabytes,0.0,0.0,0.0,0.0,0.0,0.0,0.0,0.0,success,sinkhorn,0.1,100000
1D-gaussian-6c-64p,64,64,0.0567069814679623,21,1.3299365876838104e-08,,seconds,0.0,0.0026830416172742,megabytes,0.0,0.0,0.0,0.0,0.0,0.0,0.0,0.0,success,sinkhorn,0.1,100000
1D-gaussian-6c-64p,64,64,0.0779710576902085,41,3.88505326010513e-07,,seconds,0.0,0.0039250627160072,megabytes,0.0,0.0,0.0,0.0,0.0,0.0,0.0,0.0,success,sinkhorn,0.1,100000
1D-gaussian-6c-64p,64,64,0.0762614154604416,21,3.883406535007839e-07,,seconds,0.0,0.0030707437545061,megabytes,0.0,0.0,0.0,0.0,0.0,0.0,0.0,0.0,success,sinkhorn,0.1,100000
1D-gaussian-6c-64p,64,64,0.1115977400623808,21,1.5113526891472856e-07,,seconds,0.0,0.0028915591537952,megabytes,0.0,0.0,0.0,0.0,0.0,0.0,0.0,0.0,success,sinkhorn,0.1,100000
1D-gaussian-6c-64p,64,64,0.0371023860355829,61,5.73142143252012e-07,,seconds,0.0,0.0043579675257205,megabytes,0.0,0.0,0.0,0.0,0.0,0.0,0.0,0.0,success,sinkhorn,0.1,100000
1D-gaussian-6c-128p,128,128,0.0570216645402781,21,3.473695541537176e-09,,seconds,0.2285850048065185,0.0031520724296569,megabytes,88270.0,88270.0,1.0,1.0,0.066326528,0.066326528,0.0,0.0,success,sinkhorn,0.1,100000
1D-gaussian-6c-128p,128,128,0.0503207200131692,191,8.345449080375164e-07,,seconds,0.2110850811004638,0.007991649210453,megabytes,88270.0,88270.0,2.0,2.0,0.065839104,0.065839104,0.0,0.0,success,sinkhorn,0.1,100000
1D-gaussian-6c-128p,128,128,0.078391546484009,161,8.533870080787598e-07,,seconds,0.2961552143096924,0.0072268955409526,megabytes,88270.0,88270.0,0.0,0.0,0.065921024,0.065921024,0.0,0.0,success,sinkhorn,0.1,100000
1D-gaussian-6c-128p,128,128,0.0529232998378861,21,2.3979830563319823e-08,,seconds,0.0,0.002892630174756,megabytes,0.0,0.0,0.0,0.0,0.0,0.0,0.0,0.0,success,sinkhorn,0.1,100000
1D-gaussian-6c-128p,128,128,0.0684118420989796,51,1.5418814149655606e-07,,seconds,0.0,0.0036322139203548,megabytes,0.0,0.0,0.0,0.0,0.0,0.0,0.0,0.0,success,sinkhorn,0.1,100000
1D-gaussian-6c-128p,128,128,0.0550848624681227,21,1.5694385179918197e-08,,seconds,0.0,0.002972736954689,megabytes,0.0,0.0,0.0,0.0,0.0,0.0,0.0,0.0,success,sinkhorn,0.1,100000
1D-gaussian-6c-128p,128,128,0.0567468494390844,41,2.636080046563304e-07,,seconds,0.0,0.003514053300023,megabytes,0.0,0.0,0.0,0.0,0.0,0.0,0.0,0.0,success,sinkhorn,0.1,100000
1D-gaussian-6c-128p,128,128,0.0885907906513844,41,2.088847365321653e-07,,seconds,0.3718140125274658,0.0034010559320449,megabytes,88270.0,88270.0,0.0,0.0,0.065888256,0.065888256,0.0,0.0,success,sinkhorn,0.1,100000
1D-gaussian-6c-128p,128,128,0.1115977400866886,21,1.0686818612181545e-07,,seconds,0.0,0.0026472397148609,megabytes,0.0,0.0,0.0,0.0,0.0,0.0,0.0,0.0,success,sinkhorn,0.1,100000
1D-gaussian-6c-128p,128,128,0.0657171919770015,31,1.7100419208557043e-08,,seconds,0.0,0.0031527858227491,megabytes,0.0,0.0,0.0,0.0,0.0,0.0,0.0,0.0,success,sinkhorn,0.1,100000
1D-gaussian-6c-128p,128,128,0.0567069814696759,21,9.40414851230768e-09,,seconds,0.0,0.0028883088380098,megabytes,0.0,0.0,0.0,0.0,0.0,0.0,0.0,0.0,success,sinkhorn,0.1,100000
1D-gaussian-6c-128p,128,128,0.0586510431335559,21,6.256343422567707e-07,,seconds,0.0,0.0028014238923788,megabytes,0.0,0.0,0.0,0.0,0.0,0.0,0.0,0.0,success,sinkhorn,0.1,100000
1D-gaussian-6c-128p,128,128,0.076261415439041,21,2.745827006996253e-07,,seconds,0.0,0.0028424989432096,megabytes,0.0,0.0,0.0,0.0,0.0,0.0,0.0,0.0,success,sinkhorn,0.1,100000
1D-gaussian-6c-128p,128,128,0.1522060336873966,31,1.2214776918834896e-08,,seconds,0.0,0.003112019971013,megabytes,0.0,0.0,0.0,0.0,0.0,0.0,0.0,0.0,success,sinkhorn,0.1,100000
1D-gaussian-6c-128p,128,128,0.1248918675273234,41,8.431344987110191e-07,,seconds,0.0,0.0034007355570793,megabytes,0.0,0.0,0.0,0.0,0.0,0.0,0.0,0.0,success,sinkhorn,0.1,100000
1D-gaussian-6c-128p,128,128,0.2493046218906197,31,4.7345418046734483e-07,,seconds,0.0,0.0030613057315349,megabytes,0.0,0.0,0.0,0.0,0.0,0.0,0.0,0.0,success,sinkhorn,0.1,100000
1D-gaussian-6c-128p,128,128,0.1550051120846087,21,4.4383662905443387e-07,,seconds,0.0,0.0028048865497112,megabytes,0.0,0.0,0.0,0.0,0.0,0.0,0.0,0.0,success,sinkhorn,0.1,100000
1D-gaussian-6c-128p,128,128,0.1008367992144483,41,3.955725245083843e-08,,seconds,0.0,0.0036199782043695,megabytes,0.0,0.0,0.0,0.0,0.0,0.0,0.0,0.0,success,sinkhorn,0.1,100000
1D-gaussian-6c-128p,128,128,0.070734517955337,21,8.716141840755149e-07,,seconds,0.0,0.0028770696371793,megabytes,0.0,0.0,0.0,0.0,0.0,0.0,0.0,0.0,success,sinkhorn,0.1,100000
1D-gaussian-6c-128p,128,128,0.0681294769494291,21,1.2916954298078538e-10,,seconds,0.0,0.0028378348797559,megabytes,0.0,0.0,0.0,0.0,0.0,0.0,0.0,0.0,success,sinkhorn,0.1,100000
1D-gaussian-6c-128p,128,128,0.1138378882479394,31,5.994827332259499e-07,,seconds,0.0,0.0033377353101968,megabytes,0.0,0.0,0.0,0.0,0.0,0.0,0.0,0.0,success,sinkhorn,0.1,100000
1D-gaussian-6c-128p,128,128,0.0371023860352682,61,4.0526826273224804e-07,,seconds,0.2893023490905761,0.0041031502187252,megabytes,88270.0,88270.0,1.0,1.0,0.065912832,0.065912832,0.0,0.0,success,sinkhorn,0.1,100000
1D-gaussian-6c-128p,128,128,0.0618823735565711,21,6.102730890881577e-10,,seconds,0.0,0.0029042623937129,megabytes,0.0,0.0,0.0,0.0,0.0,0.0,0.0,0.0,success,sinkhorn,0.1,100000
1D-gaussian-6c-128p,128,128,0.0381047985039607,71,2.854313344526475e-07,,seconds,0.2879235744476318,0.0044389236718416,megabytes,88270.0,88270.0,0.0,0.0,0.065888256,0.065888256,0.0,0.0,success,sinkhorn,0.1,100000
1D-gaussian-6c-128p,128,128,0.1464470482617857,31,6.876261089157259e-09,,seconds,0.0,0.0030900929123163,megabytes,0.0,0.0,0.0,0.0,0.0,0.0,0.0,0.0,success,sinkhorn,0.1,100000
1D-gaussian-6c-128p,128,128,0.0567514328901323,21,5.289978618141893e-07,,seconds,0.0,0.0027349386364221,megabytes,0.0,0.0,0.0,0.0,0.0,0.0,0.0,0.0,success,sinkhorn,0.1,100000
1D-gaussian-6c-128p,128,128,0.0779710544879213,41,2.74717556911825e-07,,seconds,0.2195019721984863,0.0033847503364086,megabytes,88270.0,88270.0,0.0,0.0,0.065880064,0.065880064,0.0,0.0,success,sinkhorn,0.1,100000
1D-gaussian-6c-128p,128,128,0.1471347175845401,31,7.599184562445371e-07,,seconds,0.0,0.0030858572572469,megabytes,0.0,0.0,0.0,0.0,0.0,0.0,0.0,0.0,success,sinkhorn,0.1,100000
1D-gaussian-6c-128p,128,128,0.0590256968959912,31,3.914160531516048e-07,,seconds,0.0,0.0031768828630447,megabytes,0.0,0.0,0.0,0.0,0.0,0.0,0.0,0.0,success,sinkhorn,0.1,100000
1D-gaussian-6c-128p,128,128,0.1381864677434007,31,3.91841293666061e-07,,seconds,0.0,0.0029845852404832,megabytes,0.0,0.0,0.0,0.0,0.0,0.0,0.0,0.0,success,sinkhorn,0.1,100000
1D-gaussian-6c-256p,256,256,0.0381047175619035,61,8.522343087123752e-07,,seconds,0.0,0.0045306738466024,megabytes,0.0,0.0,0.0,0.0,0.0,0.0,0.0,0.0,success,sinkhorn,0.1,100000
1D-gaussian-6c-256p,256,256,0.1550051120849545,21,3.138397113146379e-07,,seconds,0.0,0.0031291861087083,megabytes,0.0,0.0,0.0,0.0,0.0,0.0,0.0,0.0,success,sinkhorn,0.1,100000
1D-gaussian-6c-256p,256,256,0.0567069814696729,21,6.649749181366588e-09,,seconds,0.0,0.0031759832054376,megabytes,0.0,0.0,0.0,0.0,0.0,0.0,0.0,0.0,success,sinkhorn,0.1,100000
1D-gaussian-6c-256p,256,256,0.0618823735565717,21,4.315271793995733e-10,,seconds,0.0,0.0029384177178144,megabytes,0.0,0.0,0.0,0.0,0.0,0.0,0.0,0.0,success,sinkhorn,0.1,100000
1D-gaussian-6c-256p,256,256,0.0657171919731599,31,1.2091854686258978e-08,,seconds,0.0,0.0032716244459152,megabytes,0.0,0.0,0.0,0.0,0.0,0.0,0.0,0.0,success,sinkhorn,0.1,100000
1D-gaussian-6c-256p,256,256,0.0783915223629757,161,6.034338183581563e-07,,seconds,0.2082452774047851,0.008017735555768,megabytes,88270.0,88270.0,0.0,0.0,0.065974272,0.065974272,0.0,0.0,success,sinkhorn,0.1,100000
1D-gaussian-6c-256p,256,256,0.0550848624681208,21,1.1097559986042151e-08,,seconds,0.0,0.002996202558279,megabytes,0.0,0.0,0.0,0.0,0.0,0.0,0.0,0.0,success,sinkhorn,0.1,100000
1D-gaussian-6c-256p,256,256,0.1138378881524485,31,4.238964667293672e-07,,seconds,0.2826290130615234,0.0034260358661413,megabytes,88270.0,88270.0,0.0,0.0,0.06596608,0.06596608,0.0,0.0,success,sinkhorn,0.1,100000
1D-gaussian-6c-256p,256,256,0.1471347175818969,31,5.373445374660264e-07,,seconds,0.0,0.0033699423074722,megabytes,0.0,0.0,0.0,0.0,0.0,0.0,0.0,0.0,success,sinkhorn,0.1,100000
1D-gaussian-6c-256p,256,256,0.2493046233071659,31,3.3478377378157134e-07,,seconds,0.0,0.0032794531434774,megabytes,0.0,0.0,0.0,0.0,0.0,0.0,0.0,0.0,success,sinkhorn,0.1,100000
1D-gaussian-6c-256p,256,256,0.1115977400867658,21,7.556716160927362e-08,,seconds,0.0,0.0029396247118711,megabytes,0.0,0.0,0.0,0.0,0.0,0.0,0.0,0.0,success,sinkhorn,0.1,100000
1D-gaussian-6c-256p,256,256,0.0707345179564767,21,6.163222390075845e-07,,seconds,0.0,0.0029288437217473,megabytes,0.0,0.0,0.0,0.0,0.0,0.0,0.0,0.0,success,sinkhorn,0.1,100000
1D-gaussian-6c-256p,256,256,0.0570216645402673,21,2.45618933710108e-09,,seconds,0.0,0.0028949938714504,megabytes,0.0,0.0,0.0,0.0,0.0,0.0,0.0,0.0,success,sinkhorn,0.1,100000
1D-gaussian-6c-256p,256,256,0.1464470482617727,31,4.862256003651857e-09,,seconds,0.0,0.0032728239893913,megabytes,0.0,0.0,0.0,0.0,0.0,0.0,0.0,0.0,success,sinkhorn,0.1,100000
1D-gaussian-6c-256p,256,256,0.0681294768522252,21,9.133649507046888e-11,,seconds,0.0,0.0028444398194551,megabytes,0.0,0.0,0.0,0.0,0.0,0.0,0.0,0.0,success,sinkhorn,0.1,100000
1D-gaussian-6c-256p,256,256,0.052923299837904,21,1.6956242611807402e-08,,seconds,0.0,0.0028639957308769,megabytes,0.0,0.0,0.0,0.0,0.0,0.0,0.0,0.0,success,sinkhorn,0.1,100000
1D-gaussian-6c-256p,256,256,0.1008355642728697,31,9.98407203943045e-07,,seconds,0.0,0.0032262131571769,megabytes,0.0,0.0,0.0,0.0,0.0,0.0,0.0,0.0,success,sinkhorn,0.1,100000
1D-gaussian-6c-256p,256,256,0.0779710536359198,41,1.942551416568827e-07,,seconds,0.0,0.0038149207830429,megabytes,0.0,0.0,0.0,0.0,0.0,0.0,0.0,0.0,success,sinkhorn,0.1,100000
1D-gaussian-6c-256p,256,256,0.0590256931683625,31,2.767727923991e-07,,seconds,0.0,0.0033991858363151,megabytes,0.0,0.0,0.0,0.0,0.0,0.0,0.0,0.0,success,sinkhorn,0.1,100000
1D-gaussian-6c-256p,256,256,0.0885907906515656,41,1.4770368280718925e-07,,seconds,0.0,0.0036893133074045,megabytes,0.0,0.0,0.0,0.0,0.0,0.0,0.0,0.0,success,sinkhorn,0.1,100000
1D-gaussian-6c-256p,256,256,0.0762614154327763,21,1.941565292545679e-07,,seconds,0.0,0.0029517672955989,megabytes,0.0,0.0,0.0,0.0,0.0,0.0,0.0,0.0,success,sinkhorn,0.1,100000
1D-gaussian-6c-256p,256,256,0.0586510427859854,21,4.423908510788082e-07,,seconds,0.0,0.0029432550072669,megabytes,0.0,0.0,0.0,0.0,0.0,0.0,0.0,0.0,success,sinkhorn,0.1,100000
1D-gaussian-6c-256p,256,256,0.0371023860356966,61,2.865669921336269e-07,,seconds,0.0,0.0044540297240018,megabytes,0.0,0.0,0.0,0.0,0.0,0.0,0.0,0.0,success,sinkhorn,0.1,100000
1D-gaussian-6c-256p,256,256,0.0567468494290603,41,1.8639757056683381e-07,,seconds,0.0,0.0036366079002618,megabytes,0.0,0.0,0.0,0.0,0.0,0.0,0.0,0.0,success,sinkhorn,0.1,100000
1D-gaussian-6c-256p,256,256,0.0684118420987111,51,1.0902766057580237e-07,,seconds,0.0,0.0040285941213369,megabytes,0.0,0.0,0.0,0.0,0.0,0.0,0.0,0.0,success,sinkhorn,0.1,100000
1D-gaussian-6c-256p,256,256,0.1522060336873277,31,8.637171621132417e-09,,seconds,0.0,0.0036051366478204,megabytes,0.0,0.0,0.0,0.0,0.0,0.0,0.0,0.0,success,sinkhorn,0.1,100000
1D-gaussian-6c-256p,256,256,0.1381864677420465,31,2.770737567347579e-07,,seconds,0.0,0.0031306240707635,megabytes,0.0,0.0,0.0,0.0,0.0,0.0,0.0,0.0,success,sinkhorn,0.1,100000
1D-gaussian-6c-256p,256,256,0.0503202405736314,181,9.54315927483904e-07,,seconds,0.2109980583190918,0.0086564552038908,megabytes,88270.0,88270.0,0.0,0.0,0.065941504,0.065941504,0.0,0.0,success,sinkhorn,0.1,100000
1D-gaussian-6c-256p,256,256,0.0567514328895707,21,3.740586547149906e-07,,seconds,0.3313870429992676,0.0033257920295,megabytes,88270.0,88270.0,0.0,0.0,0.065916928,0.065916928,0.0,0.0,success,sinkhorn,0.1,100000
1D-gaussian-6c-256p,256,256,0.1248918675060554,41,5.961878757258065e-07,,seconds,0.0,0.0036849454045295,megabytes,0.0,0.0,0.0,0.0,0.0,0.0,0.0,0.0,success,sinkhorn,0.1,100000
1D-gaussian-6c-512p,512,512,0.1550051120850406,21,2.2191815647597253e-07,,seconds,0.0,0.0030144844204187,megabytes,0.0,0.0,0.0,0.0,0.0,0.0,0.0,0.0,success,sinkhorn,0.1,100000
1D-gaussian-6c-512p,512,512,0.0371023860358037,61,2.026332964027489e-07,,seconds,0.0,0.0045998226851224,megabytes,0.0,0.0,0.0,0.0,0.0,0.0,0.0,0.0,success,sinkhorn,0.1,100000
1D-gaussian-6c-512p,512,512,0.0707345179567615,21,4.3580527021119954e-07,,seconds,0.0,0.0030908491462469,megabytes,0.0,0.0,0.0,0.0,0.0,0.0,0.0,0.0,success,sinkhorn,0.1,100000
1D-gaussian-6c-512p,512,512,0.100835564273051,31,7.059803997313756e-07,,seconds,0.2296113967895507,0.0035262554883956,megabytes,88270.0,88270.0,0.0,0.0,0.065953792,0.065953792,0.0,0.0,success,sinkhorn,0.1,100000
1D-gaussian-6c-512p,512,512,0.0567514328894302,21,2.64499531463662e-07,,seconds,0.0,0.0030971355736255,megabytes,0.0,0.0,0.0,0.0,0.0,0.0,0.0,0.0,success,sinkhorn,0.1,100000
1D-gaussian-6c-512p,512,512,0.0684118420986439,51,7.709422997361323e-08,,seconds,0.0,0.0041695274412631,megabytes,0.0,0.0,0.0,0.0,0.0,0.0,0.0,0.0,success,sinkhorn,0.1,100000
1D-gaussian-6c-512p,512,512,0.0762614154311527,21,1.3728891041458641e-07,,seconds,0.0,0.0030486341565847,megabytes,0.0,0.0,0.0,0.0,0.0,0.0,0.0,0.0,success,sinkhorn,0.1,100000
1D-gaussian-6c-512p,512,512,0.0783909454814066,151,7.686475006672015e-07,,seconds,0.2125475406646728,0.0083936061710119,megabytes,88270.0,88270.0,0.0,0.0,0.065957888,0.065957888,0.0,0.0,success,sinkhorn,0.1,100000
1D-gaussian-6c-512p,512,512,0.1381864677416942,31,1.9592075364131326e-07,,seconds,0.0,0.0034026037901639,megabytes,0.0,0.0,0.0,0.0,0.0,0.0,0.0,0.0,success,sinkhorn,0.1,100000
1D-gaussian-6c-512p,512,512,0.1471347175812414,31,3.7996015082320187e-07,,seconds,0.0,0.0033286418765783,megabytes,0.0,0.0,0.0,0.0,0.0,0.0,0.0,0.0,success,sinkhorn,0.1,100000
1D-gaussian-6c-512p,512,512,0.0590256922269863,31,1.9570789125616536e-07,,seconds,0.0,0.0034256931394338,megabytes,0.0,0.0,0.0,0.0,0.0,0.0,0.0,0.0,success,sinkhorn,0.1,100000
1D-gaussian-6c-512p,512,512,0.0503202400836235,181,6.74803203692475e-07,,seconds,0.2425203323364257,0.0093680284917354,megabytes,88270.0,88270.0,0.0,0.0,0.065937408,0.065937408,0.0,0.0,success,sinkhorn,0.1,100000
1D-gaussian-6c-512p,512,512,0.058651042697732,21,3.128176706102036e-07,,seconds,0.0,0.0029052030295133,megabytes,0.0,0.0,0.0,0.0,0.0,0.0,0.0,0.0,success,sinkhorn,0.1,100000
1D-gaussian-6c-512p,512,512,0.1115977400867851,21,5.3434042239984624e-08,,seconds,0.0,0.0030789654701948,megabytes,0.0,0.0,0.0,0.0,0.0,0.0,0.0,0.0,success,sinkhorn,0.1,100000
1D-gaussian-6c-512p,512,512,0.0567069814696721,21,4.7020848598305985e-09,,seconds,0.2387797832489013,0.0031394083052873,megabytes,88270.0,88270.0,0.0,0.0,0.065974272,0.065974272,0.0,0.0,success,sinkhorn,0.1,100000
1D-gaussian-6c-512p,512,512,0.068129476827551,21,6.458462551633915e-11,,seconds,0.0,0.0030642189085483,megabytes,0.0,0.0,0.0,0.0,0.0,0.0,0.0,0.0,success,sinkhorn,0.1,100000
1D-gaussian-6c-512p,512,512,0.0885907906516109,41,1.0444225257815223e-07,,seconds,0.2846965789794922,0.0040015690028667,megabytes,88270.0,88270.0,0.0,0.0,0.066912256,0.066912256,0.0,0.0,success,sinkhorn,0.1,100000
1D-gaussian-6c-512p,512,512,0.1522060336873102,31,6.1074061662665664e-09,,seconds,0.0,0.0032788012176752,megabytes,0.0,0.0,0.0,0.0,0.0,0.0,0.0,0.0,success,sinkhorn,0.1,100000
1D-gaussian-6c-512p,512,512,0.0567468494264953,41,1.3180273206538426e-07,,seconds,0.0,0.003731956705451,megabytes,0.0,0.0,0.0,0.0,0.0,0.0,0.0,0.0,success,sinkhorn,0.1,100000
1D-gaussian-6c-512p,512,512,0.0529232998379085,21,1.1989863841827974e-08,,seconds,0.0,0.0029957648366689,megabytes,0.0,0.0,0.0,0.0,0.0,0.0,0.0,0.0,success,sinkhorn,0.1,100000
1D-gaussian-6c-512p,512,512,0.0550848624681203,21,7.847151764053538e-09,,seconds,0.0,0.0030382294207811,megabytes,0.0,0.0,0.0,0.0,0.0,0.0,0.0,0.0,success,sinkhorn,0.1,100000
1D-gaussian-6c-512p,512,512,0.1464437975783731,21,9.176551182269744e-07,,seconds,0.0,0.0030443854629993,megabytes,0.0,0.0,0.0,0.0,0.0,0.0,0.0,0.0,success,sinkhorn,0.1,100000
1D-gaussian-6c-512p,512,512,0.2493046236686791,31,2.3672807306530537e-07,,seconds,0.0,0.0034993179142475,megabytes,0.0,0.0,0.0,0.0,0.0,0.0,0.0,0.0,success,sinkhorn,0.1,100000
1D-gaussian-6c-512p,512,512,0.1138378881280971,31,2.997397410345356e-07,,seconds,0.0,0.0035336688160896,megabytes,0.0,0.0,0.0,0.0,0.0,0.0,0.0,0.0,success,sinkhorn,0.1,100000
1D-gaussian-6c-512p,512,512,0.0779710534195596,41,1.3735921528026644e-07,,seconds,0.0,0.0039881356060504,megabytes,0.0,0.0,0.0,0.0,0.0,0.0,0.0,0.0,success,sinkhorn,0.1,100000
1D-gaussian-6c-512p,512,512,0.057021664540264,21,1.736773225610045e-09,,seconds,0.0,0.0031333211809396,megabytes,0.0,0.0,0.0,0.0,0.0,0.0,0.0,0.0,success,sinkhorn,0.1,100000
1D-gaussian-6c-512p,512,512,0.0381047174949619,61,6.026208250705139e-07,,seconds,0.2493066787719726,0.004628861322999,megabytes,88270.0,88270.0,0.0,0.0,0.065859584,0.065859584,0.0,0.0,success,sinkhorn,0.1,100000
1D-gaussian-6c-512p,512,512,0.124891867500641,41,4.2156879989486354e-07,,seconds,0.2091836929321289,0.0038486253470182,megabytes,88270.0,88270.0,0.0,0.0,0.065785856,0.065785856,0.0,0.0,success,sinkhorn,0.1,100000
1D-gaussian-6c-512p,512,512,0.0618823735565718,21,3.051356179870573e-10,,seconds,0.0,0.0029851477593183,megabytes,0.0,0.0,0.0,0.0,0.0,0.0,0.0,0.0,success,sinkhorn,0.1,100000
1D-gaussian-6c-512p,512,512,0.0657171919721792,31,8.550238147274542e-09,,seconds,0.0,0.0034318845719099,megabytes,0.0,0.0,0.0,0.0,0.0,0.0,0.0,0.0,success,sinkhorn,0.1,100000
1D-gaussian-6c-1024p,1024,1024,0.0567069814696719,21,3.324876466612828e-09,,seconds,0.0,0.0031190533190965,megabytes,0.0,0.0,0.0,0.0,0.0,0.0,0.0,0.0,success,sinkhorn,0.1,100000
1D-gaussian-6c-1024p,1024,1024,0.0783899158748505,141,9.79099491818544e-07,,seconds,0.3166561126708984,0.0076162982732057,megabytes,88270.0,88270.0,2.0,2.0,0.065888256,0.065888256,0.0,0.0,success,sinkhorn,0.1,100000
1D-gaussian-6c-1024p,1024,1024,0.0567468494258503,41,9.319856070558941e-08,,seconds,0.0,0.003849446773529,megabytes,0.0,0.0,0.0,0.0,0.0,0.0,0.0,0.0,success,sinkhorn,0.1,100000
1D-gaussian-6c-1024p,1024,1024,0.1464437975781568,21,6.488801999191101e-07,,seconds,0.0,0.0029764547944068,megabytes,0.0,0.0,0.0,0.0,0.0,0.0,0.0,0.0,success,sinkhorn,0.1,100000
1D-gaussian-6c-1024p,1024,1024,0.0707345179568328,21,3.081607974276569e-07,,seconds,0.0,0.0030600428581237,megabytes,0.0,0.0,0.0,0.0,0.0,0.0,0.0,0.0,success,sinkhorn,0.1,100000
1D-gaussian-6c-1024p,1024,1024,0.1115977400867899,21,3.7783571818624853e-08,,seconds,0.0,0.0029584448784589,megabytes,0.0,0.0,0.0,0.0,0.0,0.0,0.0,0.0,success,sinkhorn,0.1,100000
1D-gaussian-6c-1024p,1024,1024,0.0618823735565719,21,2.1576342744391287e-10,,seconds,0.0,0.0030974559485912,megabytes,0.0,0.0,0.0,0.0,0.0,0.0,0.0,0.0,success,sinkhorn,0.1,100000
1D-gaussian-6c-1024p,1024,1024,0.1522018711557867,21,9.329806066517912e-07,,seconds,0.0,0.003208938986063,megabytes,0.0,0.0,0.0,0.0,0.0,0.0,0.0,0.0,success,sinkhorn,0.1,100000
1D-gaussian-6c-1024p,1024,1024,0.1550051120850621,21,1.5691982772920014e-07,,seconds,0.0,0.0030240565538406,megabytes,0.0,0.0,0.0,0.0,0.0,0.0,0.0,0.0,success,sinkhorn,0.1,100000
1D-gaussian-6c-1024p,1024,1024,0.1381864677416052,31,1.3853689725082174e-07,,seconds,0.0,0.0034905765205621,megabytes,0.0,0.0,0.0,0.0,0.0,0.0,0.0,0.0,success,sinkhorn,0.1,100000
1D-gaussian-6c-1024p,1024,1024,0.0684098743201465,41,7.202603473037596e-07,,seconds,0.0,0.0038716364651918,megabytes,0.0,0.0,0.0,0.0,0.0,0.0,0.0,0.0,success,sinkhorn,0.1,100000
1D-gaussian-6c-1024p,1024,1024,0.1471347175810778,31,2.686724318519677e-07,,seconds,0.2824897766113281,0.0035423301160335,megabytes,88270.0,88270.0,0.0,0.0,0.065875968,0.065875968,0.0,0.0,success,sinkhorn,0.1,100000
1D-gaussian-6c-1024p,1024,1024,0.0762614154307432,21,9.707783326138745e-08,,seconds,0.0,0.0030184518545866,megabytes,0.0,0.0,0.0,0.0,0.0,0.0,0.0,0.0,success,sinkhorn,0.1,100000
1D-gaussian-6c-1024p,1024,1024,0.1008355642730963,31,4.992035095500195e-07,,seconds,0.0,0.0036953426897525,megabytes,0.0,0.0,0.0,0.0,0.0,0.0,0.0,0.0,success,sinkhorn,0.1,100000
1D-gaussian-6c-1024p,1024,1024,0.0657150230554609,21,9.356593359628168e-07,,seconds,0.0,0.0030841771513223,megabytes,0.0,0.0,0.0,0.0,0.0,0.0,0.0,0.0,success,sinkhorn,0.1,100000
1D-gaussian-6c-1024p,1024,1024,0.0567514328893951,21,1.8702943356078958e-07,,seconds,0.0,0.0030210316181182,megabytes,0.0,0.0,0.0,0.0,0.0,0.0,0.0,0.0,success,sinkhorn,0.1,100000
1D-gaussian-6c-1024p,1024,1024,0.0381047174781655,61,4.261173012746733e-07,,seconds,0.0,0.0047101210802793,megabytes,0.0,0.0,0.0,0.0,0.0,0.0,0.0,0.0,success,sinkhorn,0.1,100000
1D-gaussian-6c-1024p,1024,1024,0.1248918674992812,41,2.980942119635699e-07,,seconds,0.0,0.0037719421088695,megabytes,0.0,0.0,0.0,0.0,0.0,0.0,0.0,0.0,success,sinkhorn,0.1,100000
1D-gaussian-6c-1024p,1024,1024,0.0590256919910466,31,1.3838637224429325e-07,,seconds,0.0,0.0035620685666799,megabytes,0.0,0.0,0.0,0.0,0.0,0.0,0.0,0.0,success,sinkhorn,0.1,100000
1D-gaussian-6c-1024p,1024,1024,0.0885907906516222,41,7.385182095015418e-08,,seconds,0.0,0.0038875378668308,megabytes,0.0,0.0,0.0,0.0,0.0,0.0,0.0,0.0,success,sinkhorn,0.1,100000
1D-gaussian-6c-1024p,1024,1024,0.0371017793721178,51,8.122149179160578e-07,,seconds,0.2807209491729736,0.0044585783034563,megabytes,88270.0,88270.0,1.0,1.0,0.06688768,0.06688768,0.0,0.0,success,sinkhorn,0.1,100000
1D-gaussian-6c-1024p,1024,1024,0.0570212624575076,11,9.272889928386472e-07,,seconds,0.0,0.0025464091449975,megabytes,0.0,0.0,0.0,0.0,0.0,0.0,0.0,0.0,success,sinkhorn,0.1,100000
1D-gaussian-6c-1024p,1024,1024,0.0681287141408468,11,9.149034568418844e-07,,seconds,0.0,0.002801964059472,megabytes,0.0,0.0,0.0,0.0,0.0,0.0,0.0,0.0,success,sinkhorn,0.1,100000
1D-gaussian-6c-1024p,1024,1024,0.0503194678901212,171,7.716478172849053e-07,,seconds,0.2150959968566894,0.0096052233129739,megabytes,88270.0,88270.0,0.0,0.0,0.06598656,0.06598656,0.0,0.0,success,sinkhorn,0.1,100000
1D-gaussian-6c-1024p,1024,1024,0.2493046237595256,31,1.6739206047577669e-07,,seconds,0.0,0.0035022795200347,megabytes,0.0,0.0,0.0,0.0,0.0,0.0,0.0,0.0,success,sinkhorn,0.1,100000
1D-gaussian-6c-1024p,1024,1024,0.0550848624681202,21,5.548772774266591e-09,,seconds,0.0,0.0030558723956346,megabytes,0.0,0.0,0.0,0.0,0.0,0.0,0.0,0.0,success,sinkhorn,0.1,100000
1D-gaussian-6c-1024p,1024,1024,0.0779710533652572,41,9.712764802302593e-08,,seconds,0.0,0.0038496125489473,megabytes,0.0,0.0,0.0,0.0,0.0,0.0,0.0,0.0,success,sinkhorn,0.1,100000
1D-gaussian-6c-1024p,1024,1024,0.0529232998379096,21,8.478112209085683e-09,,seconds,0.0,0.0032062139362096,megabytes,0.0,0.0,0.0,0.0,0.0,0.0,0.0,0.0,success,sinkhorn,0.1,100000
1D-gaussian-6c-1024p,1024,1024,0.1138378881219789,31,2.1194794600477774e-07,,seconds,0.0,0.0032541118562221,megabytes,0.0,0.0,0.0,0.0,0.0,0.0,0.0,0.0,success,sinkhorn,0.1,100000
1D-gaussian-6c-1024p,1024,1024,0.0586510426755827,21,2.2119551381962958e-07,,seconds,0.0,0.0030217878520488,megabytes,0.0,0.0,0.0,0.0,0.0,0.0,0.0,0.0,success,sinkhorn,0.1,100000
1D-gaussian-6c-2048p,2048,2048,0.0586510426700399,21,1.564088509109996e-07,,seconds,0.0,0.0037135761231184,megabytes,0.0,0.0,0.0,0.0,0.0,0.0,0.0,0.0,success,sinkhorn,0.1,100000
1D-gaussian-6c-2048p,2048,2048,0.088590790651625,41,5.2221122676509096e-08,,seconds,0.2238128185272216,0.0048002898693084,megabytes,88270.0,88270.0,0.0,0.0,0.065970176,0.065970176,0.0,0.0,success,sinkhorn,0.1,100000
1D-gaussian-6c-2048p,2048,2048,0.1550051120850674,21,1.1095907330366264e-07,,seconds,0.2704873085021972,0.0039977263659238,megabytes,88270.0,88270.0,1.0,1.0,0.065888256,0.065888256,0.0,0.0,success,sinkhorn,0.1,100000
1D-gaussian-6c-2048p,2048,2048,0.0570212624577232,11,6.556919829773328e-07,,seconds,0.2492237091064453,0.0032677687704563,megabytes,88270.0,88270.0,0.0,0.0,0.06592512,0.06592512,0.0,0.0,success,sinkhorn,0.1,100000
1D-gaussian-6c-2048p,2048,2048,0.0779710533516682,41,6.867962128237727e-08,,seconds,0.0,0.0047024562954902,megabytes,0.0,0.0,0.0,0.0,0.0,0.0,0.0,0.0,success,sinkhorn,0.1,100000
1D-gaussian-6c-2048p,2048,2048,0.1464437975781027,21,4.588275971477242e-07,,seconds,0.3649964332580566,0.0037344340234994,megabytes,88270.0,88270.0,0.0,0.0,0.065933312,0.065933312,0.0,0.0,success,sinkhorn,0.1,100000
1D-gaussian-6c-2048p,2048,2048,0.0503182196661032,161,8.823891572282328e-07,,seconds,0.3658101558685303,0.0109517872333526,megabytes,88270.0,88270.0,0.0,0.0,0.066080768,0.066080768,0.0,0.0,success,sinkhorn,0.1,100000
1D-gaussian-6c-2048p,2048,2048,0.0618823735565719,21,1.5256777398325488e-10,,seconds,0.2971274852752685,0.003881711512804,megabytes,88270.0,88270.0,0.0,0.0,0.065970176,0.065970176,0.0,0.0,success,sinkhorn,0.1,100000
1D-gaussian-6c-2048p,2048,2048,0.0590256919320243,31,9.785394139089892e-08,,seconds,0.0,0.0044137816876173,megabytes,0.0,0.0,0.0,0.0,0.0,0.0,0.0,0.0,success,sinkhorn,0.1,100000
1D-gaussian-6c-2048p,2048,2048,0.0567514328893863,21,1.3224978450788132e-07,,seconds,0.0,0.0038670822978019,megabytes,0.0,0.0,0.0,0.0,0.0,0.0,0.0,0.0,success,sinkhorn,0.1,100000
1D-gaussian-6c-2048p,2048,2048,0.0371017793721558,51,5.743226466579749e-07,,seconds,0.0,0.005213301628828,megabytes,0.0,0.0,0.0,0.0,0.0,0.0,0.0,0.0,success,sinkhorn,0.1,100000
1D-gaussian-6c-2048p,2048,2048,0.1522018711556348,21,6.597169375918915e-07,,seconds,0.0,0.0037815179675817,megabytes,0.0,0.0,0.0,0.0,0.0,0.0,0.0,0.0,success,sinkhorn,0.1,100000
1D-gaussian-6c-2048p,2048,2048,0.1248918674989409,41,2.1078444840007174e-07,,seconds,0.2146010398864746,0.0048278160393238,megabytes,88270.0,88270.0,1.0,1.0,0.066797568,0.066797568,0.0,0.0,success,sinkhorn,0.1,100000
1D-gaussian-6c-2048p,2048,2048,0.0783899154936583,141,6.923278564573001e-07,,seconds,0.2823553085327148,0.0097109097987413,megabytes,88270.0,88270.0,0.0,0.0,0.066048,0.066048,0.0,0.0,success,sinkhorn,0.1,100000
1D-gaussian-6c-2048p,2048,2048,0.0684098743200915,41,5.093009889461435e-07,,seconds,0.2538280487060547,0.0049717184156179,megabytes,88270.0,88270.0,1.0,1.0,0.066748416,0.066748416,0.0,0.0,success,sinkhorn,0.1,100000
1D-gaussian-6c-2048p,2048,2048,0.1138378881204474,31,1.4986981971888296e-07,,seconds,0.0,0.004286702722311,megabytes,0.0,0.0,0.0,0.0,0.0,0.0,0.0,0.0,success,sinkhorn,0.1,100000
1D-gaussian-6c-2048p,2048,2048,0.0381047174739625,61,3.013104385097088e-07,,seconds,0.3853001594543457,0.0058166831731796,megabytes,88270.0,88270.0,1.0,1.0,0.065957888,0.065957888,0.0,0.0,success,sinkhorn,0.1,100000
1D-gaussian-6c-2048p,2048,2048,0.1008355642731076,31,3.529901835274859e-07,,seconds,0.2139472961425781,0.0044185519218444,megabytes,88270.0,88270.0,0.0,0.0,0.065867776,0.065867776,0.0,0.0,success,sinkhorn,0.1,100000
1D-gaussian-6c-2048p,2048,2048,0.1115977400867911,21,2.6717019531893853e-08,,seconds,0.3042049407958984,0.0037140287458896,megabytes,88270.0,88270.0,0.0,0.0,0.065912832,0.065912832,0.0,0.0,success,sinkhorn,0.1,100000
1D-gaussian-6c-2048p,2048,2048,0.0762614154306405,21,6.864437894955776e-08,,seconds,0.0,0.0037994142621755,megabytes,0.0,0.0,0.0,0.0,0.0,0.0,0.0,0.0,success,sinkhorn,0.1,100000
1D-gaussian-6c-2048p,2048,2048,0.0707345179568506,21,2.179025781694814e-07,,seconds,0.3229269981384277,0.003781534731388,megabytes,88270.0,88270.0,0.0,0.0,0.06592512,0.06592512,0.0,0.0,success,sinkhorn,0.1,100000
1D-gaussian-6c-2048p,2048,2048,0.147134717581037,31,1.8998010424726881e-07,,seconds,0.3811597824096679,0.0043364446610212,megabytes,88270.0,88270.0,1.0,1.0,0.065953792,0.065953792,0.0,0.0,success,sinkhorn,0.1,100000
1D-gaussian-6c-2048p,2048,2048,0.0657150230553087,21,6.616110889625861e-07,,seconds,0.0,0.004260316491127,megabytes,0.0,0.0,0.0,0.0,0.0,0.0,0.0,0.0,success,sinkhorn,0.1,100000
1D-gaussian-6c-2048p,2048,2048,0.0550848624681201,21,3.9235745999033615e-09,,seconds,0.3632254600524902,0.0037502013146877,megabytes,88270.0,88270.0,1.0,1.0,0.065880064,0.065880064,0.0,0.0,success,sinkhorn,0.1,100000
1D-gaussian-6c-2048p,2048,2048,0.1381864677415829,31,9.796038015756545e-08,,seconds,0.0,0.0043392051011323,megabytes,0.0,0.0,0.0,0.0,0.0,0.0,0.0,0.0,success,sinkhorn,0.1,100000
1D-gaussian-6c-2048p,2048,2048,0.0529232998379099,21,5.994930313883528e-09,,seconds,0.2274389266967773,0.0036982838064432,megabytes,88270.0,88270.0,0.0,0.0,0.06590464,0.06590464,0.0,0.0,success,sinkhorn,0.1,100000
1D-gaussian-6c-2048p,2048,2048,0.0681287141393189,11,6.469344201526622e-07,,seconds,0.0,0.003360005095601,megabytes,0.0,0.0,0.0,0.0,0.0,0.0,0.0,0.0,success,sinkhorn,0.1,100000
1D-gaussian-6c-2048p,2048,2048,0.0567465457964731,31,8.854520014508079e-07,,seconds,0.2831664085388183,0.0043306369334459,megabytes,88270.0,88270.0,1.0,1.0,0.06592512,0.06592512,0.0,0.0,success,sinkhorn,0.1,100000
1D-gaussian-6c-2048p,2048,2048,0.2493046237822665,31,1.1836406721529617e-07,,seconds,0.0,0.0041302032768726,megabytes,0.0,0.0,0.0,0.0,0.0,0.0,0.0,0.0,success,sinkhorn,0.1,100000
1D-gaussian-6c-2048p,2048,2048,0.0567069814696719,21,2.3510427629874253e-09,,seconds,0.0,0.003738597035408,megabytes,0.0,0.0,0.0,0.0,0.0,0.0,0.0,0.0,success,sinkhorn,0.1,100000
1D-gaussian-2c-32p,32,32,0.015201918518418,61,5.644718727439402e-07,,seconds,0.0,0.0042303577065467,megabytes,0.0,0.0,0.0,0.0,0.0,0.0,0.0,0.0,success,sinkhorn,0.01,100000
1D-gaussian-2c-32p,32,32,0.6177817002489089,100000,0.0068120932005568,,seconds,2.940610885620117,2.936643350869417,megabytes,88270.0,88270.0,58.0,55.8,0.089329664,0.089329664,0.79609375,0.78109375,success,sinkhorn,0.01,100000
1D-gaussian-2c-32p,32,32,0.1014619376258131,191,9.357393986587596e-07,,seconds,0.2387211322784423,0.0079875700175762,megabytes,88270.0,88270.0,2.0,2.0,0.06660096,0.06660096,0.0,0.0,success,sinkhorn,0.01,100000
1D-gaussian-2c-32p,32,32,0.1177095859097633,20581,9.984200005498584e-07,,seconds,0.7518606185913086,0.602347606793046,megabytes,88270.0,88270.0,59.0,45.0,0.083664896,0.083664896,0.78515625,0.6140625000000001,success,sinkhorn,0.01,100000
1D-gaussian-2c-32p,32,32,0.011109929514633,41,5.719210236903838e-07,,seconds,0.2836854457855224,0.0035294331610202,megabytes,88270.0,88270.0,0.0,0.0,0.066461696,0.066461696,0.0,0.0,success,sinkhorn,0.01,100000
1D-gaussian-2c-32p,32,32,0.0678684064233057,5461,9.667759642873954e-07,,seconds,0.2958893775939941,0.1654706541448831,megabytes,88270.0,88270.0,0.0,0.0,0.065482752,0.065482752,0.403125,0.403125,success,sinkhorn,0.01,100000
1D-gaussian-2c-32p,32,32,0.0493228089286575,41,1.237874104849235e-07,,seconds,0.0,0.0035102944821119,megabytes,0.0,0.0,0.0,0.0,0.0,0.0,0.0,0.0,success,sinkhorn,0.01,100000
1D-gaussian-2c-32p,32,32,0.2532643240812441,131,6.224072422384407e-07,,seconds,0.234922170639038,0.0062885768711566,megabytes,88270.0,88270.0,0.0,0.0,0.066482176,0.066482176,0.0,0.0,success,sinkhorn,0.01,100000
1D-gaussian-2c-32p,32,32,0.3879234899468683,100000,1.0182760200123003e-05,,seconds,2.9739673137664795,2.966454811394214,megabytes,88270.0,88270.0,57.0,49.583333333333336,0.087519232,0.087519232,0.80546875,0.7813802083333333,success,sinkhorn,0.01,100000
1D-gaussian-2c-32p,32,32,0.0869194929654735,21,2.957026235558521e-12,,seconds,0.0,0.0029959343373775,megabytes,0.0,0.0,0.0,0.0,0.0,0.0,0.0,0.0,success,sinkhorn,0.01,100000
1D-gaussian-2c-32p,32,32,0.0928684126122348,10891,9.98412984399107e-07,,seconds,0.4911046028137207,0.3263659607619047,megabytes,88270.0,88270.0,57.0,29.0,0.076947456,0.076947456,0.78828125,0.436328125,success,sinkhorn,0.01,100000
1D-gaussian-2c-32p,32,32,0.1473229375525516,2701,9.758061270141178e-07,,seconds,0.2223422527313232,0.0822691712528467,megabytes,88270.0,88270.0,0.0,0.0,0.065593344,0.065593344,0.26796875,0.26796875,success,sinkhorn,0.01,100000
1D-gaussian-2c-32p,32,32,0.0904182654327975,121,3.805600597146433e-07,,seconds,0.2132351398468017,0.0059581883251667,megabytes,88270.0,88270.0,0.0,0.0,0.06651904,0.06651904,0.0,0.0,success,sinkhorn,0.01,100000
1D-gaussian-2c-32p,32,32,0.1036306250517316,100000,2.0533415018738625e-05,,seconds,3.171722173690796,2.983535034582019,megabytes,88270.0,88270.0,57.0,50.84615384615385,0.087334912,0.087334912,0.79453125,0.722956730769231,success,sinkhorn,0.01,100000
1D-gaussian-2c-32p,32,32,0.7263983998502953,100000,7.667196967876801e-05,,seconds,3.174776315689087,2.986323472112417,megabytes,88270.0,88270.0,57.0,52.25,0.08720384,0.08720384,0.80078125,0.7413411458333335,success,sinkhorn,0.01,100000
1D-gaussian-2c-32p,32,32,0.0061880732718241,100000,7.359193696151278e-06,,seconds,3.0972025394439697,3.0413871314376597,megabytes,88270.0,88270.0,56.0,52.92307692307692,0.087289856,0.087289856,0.80390625,0.7600360576923078,success,sinkhorn,0.01,100000
1D-gaussian-2c-32p,32,32,0.4109675536851008,100000,0.0004579413126462,,seconds,3.0708045959472656,2.9910730943083763,megabytes,88270.0,88270.0,58.0,51.25,0.087191552,0.087191552,0.803125,0.7606770833333333,success,sinkhorn,0.01,100000
1D-gaussian-2c-32p,32,32,0.3747316203155778,100000,5.410998289851012e-05,,seconds,2.966646432876587,2.967238331213593,megabytes,88270.0,88270.0,58.0,52.92307692307692,0.087293952,0.087293952,0.8078125,0.773798076923077,success,sinkhorn,0.01,100000
1D-gaussian-2c-32p,32,32,0.046475758211172,41,1.6269801871695654e-08,,seconds,0.0,0.0033690799027681,megabytes,0.0,0.0,0.0,0.0,0.0,0.0,0.0,0.0,success,sinkhorn,0.01,100000
1D-gaussian-2c-32p,32,32,0.2748469422287605,100000,4.985598418841255e-05,,seconds,3.1873867511749268,3.003443043678999,megabytes,88270.0,88270.0,57.0,50.42857142857143,0.088006656,0.088006656,0.81015625,0.7233816964285715,success,sinkhorn,0.01,100000
1D-gaussian-2c-32p,32,32,0.0312747997852704,441,8.966636354607956e-07,,seconds,0.2153453826904297,0.0155891869217157,megabytes,88270.0,88270.0,4.0,4.0,0.066572288,0.066572288,0.0,0.0,success,sinkhorn,0.01,100000
1D-gaussian-2c-32p,32,32,0.1450541795603073,41,1.737473431843956e-07,,seconds,0.2169840335845947,0.0035723466426134,megabytes,88270.0,88270.0,0.0,0.0,0.066514944,0.066514944,0.0,0.0,success,sinkhorn,0.01,100000
1D-gaussian-2c-32p,32,32,0.0731910879994683,11,2.955090372292074e-07,,seconds,0.0,0.0026244521141052,megabytes,0.0,0.0,0.0,0.0,0.0,0.0,0.0,0.0,success,sinkhorn,0.01,100000
1D-gaussian-2c-32p,32,32,0.0133986997465525,31,9.870590422484797e-08,,seconds,0.0,0.0032513234764337,megabytes,0.0,0.0,0.0,0.0,0.0,0.0,0.0,0.0,success,sinkhorn,0.01,100000
1D-gaussian-2c-32p,32,32,0.1882917392504288,91,2.755157190073903e-07,,seconds,0.0,0.0052627734839916,megabytes,0.0,0.0,0.0,0.0,0.0,0.0,0.0,0.0,success,sinkhorn,0.01,100000
1D-gaussian-2c-32p,32,32,0.2124034044803016,31,9.022629251951984e-07,,seconds,0.0,0.0033205542713403,megabytes,0.0,0.0,0.0,0.0,0.0,0.0,0.0,0.0,success,sinkhorn,0.01,100000
1D-gaussian-2c-32p,32,32,0.5091634251259992,100000,0.0090554390795194,,seconds,3.1314444541931152,2.961038680747152,megabytes,88270.0,88270.0,58.0,55.266666666666666,0.087617536,0.087617536,0.8109375,0.7285416666666668,success,sinkhorn,0.01,100000
1D-gaussian-2c-32p,32,32,0.0149339325140234,7151,9.982838318550896e-07,,seconds,0.214029312133789,0.2142044808715582,megabytes,88270.0,88270.0,0.0,0.0,0.065712128,0.065712128,0.76796875,0.76796875,success,sinkhorn,0.01,100000
1D-gaussian-2c-32p,32,32,0.0140070629509818,31,9.423667269308689e-08,,seconds,0.0,0.003444354981184,megabytes,0.0,0.0,0.0,0.0,0.0,0.0,0.0,0.0,success,sinkhorn,0.01,100000
1D-gaussian-2c-32p,32,32,0.0123725855066535,8411,9.98131814500545e-07,,seconds,0.4135096073150635,0.2524254769086838,megabytes,88270.0,88270.0,55.0,36.0,0.07686144,0.07686144,0.77265625,0.428515625,success,sinkhorn,0.01,100000
1D-gaussian-2c-64p,64,64,0.0866078774609916,21,2.463405190741204e-12,,seconds,0.0,0.0030107200145721,megabytes,0.0,0.0,0.0,0.0,0.0,0.0,0.0,0.0,success,sinkhorn,0.01,100000
1D-gaussian-2c-64p,64,64,0.1036223959744572,100000,2.9147653574720752e-06,,seconds,3.0656492710113525,2.9501334857195616,megabytes,88270.0,88270.0,58.0,53.8,0.087371776,0.087371776,0.80859375,0.74734375,success,sinkhorn,0.01,100000
1D-gaussian-2c-64p,64,64,0.3763479914898582,100000,3.511702602600061e-06,,seconds,3.1340503692626958,2.993567818775773,megabytes,88270.0,88270.0,58.0,49.30769230769231,0.087232512,0.087232512,0.8,0.7433293269230768,success,sinkhorn,0.01,100000
1D-gaussian-2c-64p,64,64,0.2530317445580524,131,4.1521067867725403e-07,,seconds,0.212691068649292,0.0062323380261659,megabytes,88270.0,88270.0,0.0,0.0,0.066502656,0.066502656,0.0,0.0,success,sinkhorn,0.01,100000
1D-gaussian-2c-64p,64,64,0.4104777056320374,100000,0.0005336610426903,,seconds,3.0521774291992188,2.9684334602206945,megabytes,88270.0,88270.0,58.0,51.53846153846154,0.087343104,0.087343104,0.8,0.7510817307692308,success,sinkhorn,0.01,100000
1D-gaussian-2c-64p,64,64,0.0061871141578013,100000,1.4489563980428525e-06,,seconds,3.0830063819885254,2.9652927964925766,megabytes,88270.0,88270.0,57.0,50.71428571428572,0.08740864,0.08740864,0.8078125,0.7427455357142858,success,sinkhorn,0.01,100000
1D-gaussian-2c-64p,64,64,0.188091809351438,91,2.564704317393586e-07,,seconds,0.2127649784088134,0.0048134867101907,megabytes,88270.0,88270.0,0.0,0.0,0.06647808,0.06647808,0.0,0.0,success,sinkhorn,0.01,100000
1D-gaussian-2c-64p,64,64,0.012372502384014,8041,9.960329531140645e-07,,seconds,0.419119119644165,0.2408803533762693,megabytes,88270.0,88270.0,27.0,13.5,0.077197312,0.077197312,0.7671875,0.4046875,success,sinkhorn,0.01,100000
1D-gaussian-2c-64p,64,64,0.0111103611616608,41,3.814391608906929e-07,,seconds,0.0,0.0035406425595283,megabytes,0.0,0.0,0.0,0.0,0.0,0.0,0.0,0.0,success,sinkhorn,0.01,100000
1D-gaussian-2c-64p,64,64,0.6193641274639149,100000,0.0047176075754875,,seconds,3.1696372032165527,2.971349896863103,megabytes,88270.0,88270.0,58.0,49.8,0.088137728,0.088137728,0.8171875,0.72125,success,sinkhorn,0.01,100000
1D-gaussian-2c-64p,64,64,0.7262534046558445,100000,0.0001749928305041,,seconds,2.990959644317627,2.900679938495159,megabytes,88270.0,88270.0,59.0,54.23076923076923,0.089419776,0.089419776,0.803125,0.7490384615384614,success,sinkhorn,0.01,100000
1D-gaussian-2c-64p,64,64,0.1478875549063753,94801,9.998619659340954e-07,,seconds,3.019441843032837,2.9007903281599283,megabytes,88270.0,88270.0,56.0,50.5,0.087404544,0.087404544,0.7984375,0.7400111607142857,success,sinkhorn,0.01,100000
1D-gaussian-2c-64p,64,64,0.0312902338932476,421,9.222101893224744e-07,,seconds,0.2144453525543213,0.0161001197993755,megabytes,88270.0,88270.0,0.0,0.0,0.073019392,0.073019392,0.0,0.0,success,sinkhorn,0.01,100000
1D-gaussian-2c-64p,64,64,0.0140066032025876,31,6.68452462682092e-08,,seconds,0.0,0.0033646505326032,megabytes,0.0,0.0,0.0,0.0,0.0,0.0,0.0,0.0,success,sinkhorn,0.01,100000
1D-gaussian-2c-64p,64,64,0.3878890949015866,100000,2.4629842427110208e-05,,seconds,2.998326301574707,2.9502562172710896,megabytes,88270.0,88270.0,58.0,53.35714285714285,0.089391104,0.089391104,0.80546875,0.7661830357142857,success,sinkhorn,0.01,100000
1D-gaussian-2c-64p,64,64,0.0133644273239792,31,8.902085013103213e-08,,seconds,0.0,0.0033848602324724,megabytes,0.0,0.0,0.0,0.0,0.0,0.0,0.0,0.0,success,sinkhorn,0.01,100000
1D-gaussian-2c-64p,64,64,0.0148399339942082,100000,3.357410651764254e-06,,seconds,3.2059764862060547,3.032792864367366,megabytes,88270.0,88270.0,57.0,50.86666666666667,0.087699456,0.087699456,0.81328125,0.74109375,success,sinkhorn,0.01,100000
1D-gaussian-2c-64p,64,64,0.1014613618646369,191,8.554310705618923e-07,,seconds,0.2161381244659423,0.0084660984575748,megabytes,88270.0,88270.0,2.0,2.0,0.06641664,0.06641664,0.0,0.0,success,sinkhorn,0.01,100000
1D-gaussian-2c-64p,64,64,0.2745584017726264,100000,1.2145838364054395e-05,,seconds,3.142395496368408,3.06324646435678,megabytes,88270.0,88270.0,56.0,49.85714285714285,0.087175168,0.087175168,0.81015625,0.7601004464285713,success,sinkhorn,0.01,100000
1D-gaussian-2c-64p,64,64,0.1178743247743288,48321,9.998204187180437e-07,,seconds,1.451117992401123,1.4496794678270817,megabytes,88270.0,88270.0,57.0,52.42857142857143,0.086614016,0.086614016,0.8015625,0.7779017857142857,success,sinkhorn,0.01,100000
1D-gaussian-2c-64p,64,64,0.0928726452271059,19361,9.978980147257734e-07,,seconds,0.615668773651123,0.5908718500286341,megabytes,88270.0,88270.0,56.0,40.66666666666666,0.076730368,0.076730368,0.765625,0.7372395833333334,success,sinkhorn,0.01,100000
1D-gaussian-2c-64p,64,64,0.0463669587986864,31,6.666251728202016e-07,,seconds,0.0,0.0033463034778833,megabytes,0.0,0.0,0.0,0.0,0.0,0.0,0.0,0.0,success,sinkhorn,0.01,100000
1D-gaussian-2c-64p,64,64,0.0733193467408241,11,2.330812116104089e-07,,seconds,0.0,0.0025368202477693,megabytes,0.0,0.0,0.0,0.0,0.0,0.0,0.0,0.0,success,sinkhorn,0.01,100000
1D-gaussian-2c-64p,64,64,0.0904175305343642,111,8.122013251770993e-07,,seconds,0.0,0.0056964810937643,megabytes,0.0,0.0,0.0,0.0,0.0,0.0,0.0,0.0,success,sinkhorn,0.01,100000
1D-gaussian-2c-64p,64,64,0.2104564182220891,51,5.570657881487811e-07,,seconds,0.0,0.0036613214761018,megabytes,0.0,0.0,0.0,0.0,0.0,0.0,0.0,0.0,success,sinkhorn,0.01,100000
1D-gaussian-2c-64p,64,64,0.1450668500254819,41,1.1082509573932469e-07,,seconds,0.0,0.0034341234713792,megabytes,0.0,0.0,0.0,0.0,0.0,0.0,0.0,0.0,success,sinkhorn,0.01,100000
1D-gaussian-2c-64p,64,64,0.0492472287267573,41,1.8735545031511597e-07,,seconds,0.0,0.0034592449665069,megabytes,0.0,0.0,0.0,0.0,0.0,0.0,0.0,0.0,success,sinkhorn,0.01,100000
1D-gaussian-2c-64p,64,64,0.5112105643412314,100000,0.0069399464712819,,seconds,3.1402618885040283,3.0574818663299084,megabytes,88270.0,88270.0,56.0,52.8,0.087379968,0.087379968,0.80703125,0.7508333333333332,success,sinkhorn,0.01,100000
1D-gaussian-2c-64p,64,64,0.0667241717398348,100000,3.0265075082066297e-06,,seconds,3.233627319335937,3.0528434962034225,megabytes,88270.0,88270.0,57.0,48.86666666666667,0.0879616,0.0879616,0.8078125,0.7314583333333334,success,sinkhorn,0.01,100000
1D-gaussian-2c-64p,64,64,0.0151884213027993,61,3.748044817136226e-07,,seconds,0.2121305465698242,0.004019746556878,megabytes,88270.0,88270.0,1.0,1.0,0.066121728,0.066121728,0.0,0.0,success,sinkhorn,0.01,100000
1D-gaussian-2c-128p,128,128,0.7262001170981399,100000,0.0001589292670183,,seconds,3.18459153175354,3.020799033343792,megabytes,88270.0,88270.0,59.0,54.0,0.087494656,0.087494656,0.81171875,0.7327083333333332,success,sinkhorn,0.01,100000
1D-gaussian-2c-128p,128,128,0.1178741566423063,43131,9.99783292639647e-07,,seconds,1.4688515663146973,1.302404010668397,megabytes,88270.0,88270.0,59.0,39.333333333333336,0.0774144,0.0774144,0.81484375,0.6852864583333332,success,sinkhorn,0.01,100000
1D-gaussian-2c-128p,128,128,0.0123724283661794,7561,9.981535821214857e-07,,seconds,0.4125828742980957,0.2315103486180305,megabytes,88270.0,88270.0,37.0,32.5,0.076951552,0.076951552,0.7671875,0.38359375,success,sinkhorn,0.01,100000
1D-gaussian-2c-128p,128,128,0.210481436325392,51,2.736872822040153e-07,,seconds,0.2114694118499755,0.0040362477302551,megabytes,88270.0,88270.0,0.0,0.0,0.067100672,0.067100672,0.0,0.0,success,sinkhorn,0.01,100000
1D-gaussian-2c-128p,128,128,0.0151883936453051,61,2.650869882580183e-07,,seconds,0.0,0.0039505027234554,megabytes,0.0,0.0,0.0,0.0,0.0,0.0,0.0,0.0,success,sinkhorn,0.01,100000
1D-gaussian-2c-128p,128,128,0.0928724921496804,17741,9.9933153556681e-07,,seconds,0.6309418678283691,0.5433482024818659,megabytes,88270.0,88270.0,57.0,28.33333333333333,0.076505088,0.076505088,0.771875,0.6364583333333332,success,sinkhorn,0.01,100000
1D-gaussian-2c-128p,128,128,0.0312901893898903,411,8.39774737124966e-07,,seconds,0.2844364643096924,0.0149341560900211,megabytes,88270.0,88270.0,3.0,3.0,0.06612992,0.06612992,0.0,0.0,success,sinkhorn,0.01,100000
1D-gaussian-2c-128p,128,128,0.5135311958771507,100000,0.0044149522338429,,seconds,3.0585267543792725,3.012684877961874,megabytes,88270.0,88270.0,58.0,51.4,0.08720384,0.08720384,0.8125,0.7716666666666667,success,sinkhorn,0.01,100000
1D-gaussian-2c-128p,128,128,0.0733193467058369,11,1.648132943134352e-07,,seconds,0.0,0.0025961380451917,megabytes,0.0,0.0,0.0,0.0,0.0,0.0,0.0,0.0,success,sinkhorn,0.01,100000
1D-gaussian-2c-128p,128,128,0.0492322215532744,41,1.5481960734487916e-07,,seconds,0.0,0.0033603589981794,megabytes,0.0,0.0,0.0,0.0,0.0,0.0,0.0,0.0,success,sinkhorn,0.01,100000
1D-gaussian-2c-128p,128,128,0.0866077299219303,11,7.360716435029157e-07,,seconds,0.0,0.0025399886071681,megabytes,0.0,0.0,0.0,0.0,0.0,0.0,0.0,0.0,success,sinkhorn,0.01,100000
1D-gaussian-2c-128p,128,128,0.0140066029631593,31,4.726696354287109e-08,,seconds,0.0,0.0031624101102352,megabytes,0.0,0.0,0.0,0.0,0.0,0.0,0.0,0.0,success,sinkhorn,0.01,100000
1D-gaussian-2c-128p,128,128,0.0133642860148793,31,6.309066566507617e-08,,seconds,0.0,0.0032240469008684,megabytes,0.0,0.0,0.0,0.0,0.0,0.0,0.0,0.0,success,sinkhorn,0.01,100000
1D-gaussian-2c-128p,128,128,0.1450668502154449,41,7.836399486785147e-08,,seconds,0.0,0.0036007314920425,megabytes,0.0,0.0,0.0,0.0,0.0,0.0,0.0,0.0,success,sinkhorn,0.01,100000
1D-gaussian-2c-128p,128,128,0.1478873299951759,81621,9.998201901043211e-07,,seconds,2.615840435028076,2.4589727744460106,megabytes,88270.0,88270.0,58.0,52.53846153846154,0.089522176,0.089522176,0.81171875,0.7227163461538461,success,sinkhorn,0.01,100000
1D-gaussian-2c-128p,128,128,0.3763312051114996,100000,1.4831626368501575e-05,,seconds,3.378577470779419,3.1348846573382616,megabytes,88270.0,88270.0,56.0,48.0,0.087666688,0.087666688,0.81171875,0.7299316406249999,success,sinkhorn,0.01,100000
1D-gaussian-2c-128p,128,128,0.1014613864195919,191,6.038910270419367e-07,,seconds,0.2127480506896972,0.0081744696944952,megabytes,88270.0,88270.0,0.0,0.0,0.066224128,0.066224128,0.0,0.0,success,sinkhorn,0.01,100000
1D-gaussian-2c-128p,128,128,0.2745447373976485,100000,1.751171906280651e-05,,seconds,3.266055107116699,3.1041377130895853,megabytes,88270.0,88270.0,56.0,49.8125,0.087539712,0.087539712,0.81328125,0.7293457031250001,success,sinkhorn,0.01,100000
1D-gaussian-2c-128p,128,128,0.0111103345573974,41,2.698352361205353e-07,,seconds,0.0,0.0034809149801731,megabytes,0.0,0.0,0.0,0.0,0.0,0.0,0.0,0.0,success,sinkhorn,0.01,100000
1D-gaussian-2c-128p,128,128,0.0463669662432687,31,4.713338900904331e-07,,seconds,0.0,0.003172717988491,megabytes,0.0,0.0,0.0,0.0,0.0,0.0,0.0,0.0,success,sinkhorn,0.01,100000
1D-gaussian-2c-128p,128,128,0.1036225020535007,100000,2.0304167031253712e-06,,seconds,3.0987415313720703,3.087108949199319,megabytes,88270.0,88270.0,58.0,48.30769230769231,0.086994944,0.086994944,0.80703125,0.7771033653846153,success,sinkhorn,0.01,100000
1D-gaussian-2c-128p,128,128,0.2530314084208563,121,7.61789197996352e-07,,seconds,0.0,0.0059564970433712,megabytes,0.0,0.0,0.0,0.0,0.0,0.0,0.0,0.0,success,sinkhorn,0.01,100000
1D-gaussian-2c-128p,128,128,0.387880201343826,100000,1.4083065035844078e-05,,seconds,3.175781011581421,3.104941677302122,megabytes,88270.0,88270.0,56.0,52.0,0.087310336,0.087310336,0.803125,0.7594791666666666,success,sinkhorn,0.01,100000
1D-gaussian-2c-128p,128,128,0.1880916730396493,81,7.599766348142459e-07,,seconds,0.0,0.0049203485250473,megabytes,0.0,0.0,0.0,0.0,0.0,0.0,0.0,0.0,success,sinkhorn,0.01,100000
1D-gaussian-2c-128p,128,128,0.0061870736934738,100000,1.091650654124491e-06,,seconds,3.13221287727356,3.091320496052504,megabytes,88270.0,88270.0,56.0,49.92857142857143,0.08716288,0.08716288,0.80703125,0.7623325892857141,success,sinkhorn,0.01,100000
1D-gaussian-2c-128p,128,128,0.6201132129484879,100000,0.0033619169196361,,seconds,3.190668821334839,3.0250627007335424,megabytes,88270.0,88270.0,59.0,54.30769230769231,0.089669632,0.089669632,0.7921875,0.7276442307692308,success,sinkhorn,0.01,100000
1D-gaussian-2c-128p,128,128,0.4103539348269958,100000,0.0004448307667395,,seconds,3.2526001930236816,3.1122796032577758,megabytes,88270.0,88270.0,56.0,50.8125,0.087404544,0.087404544,0.809375,0.7408203124999999,success,sinkhorn,0.01,100000
1D-gaussian-2c-128p,128,128,0.0148399190067636,100000,2.4785583736552367e-06,,seconds,3.1713545322418213,3.014677392318845,megabytes,88270.0,88270.0,58.0,53.73333333333333,0.087293952,0.087293952,0.80859375,0.7270833333333333,success,sinkhorn,0.01,100000
1D-gaussian-2c-128p,128,128,0.0667240561591097,100000,2.2760155608428063e-06,,seconds,3.0780694484710693,2.977258699014783,megabytes,88270.0,88270.0,59.0,51.266666666666666,0.089288704,0.089288704,0.81171875,0.7477083333333333,success,sinkhorn,0.01,100000
1D-gaussian-2c-128p,128,128,0.0904175305696122,111,5.74311639076801e-07,,seconds,0.2165255546569824,0.0059115625917911,megabytes,88270.0,88270.0,0.0,0.0,0.068235264,0.068235264,0.0,0.0,success,sinkhorn,0.01,100000
1D-gaussian-2c-256p,256,256,0.0492322249631514,41,1.0946610684260925e-07,,seconds,0.0,0.0037992410361766,megabytes,0.0,0.0,0.0,0.0,0.0,0.0,0.0,0.0,success,sinkhorn,0.01,100000
1D-gaussian-2c-256p,256,256,0.0463669662432683,31,3.3328338989190906e-07,,seconds,0.0,0.0034417863935232,megabytes,0.0,0.0,0.0,0.0,0.0,0.0,0.0,0.0,success,sinkhorn,0.01,100000
1D-gaussian-2c-256p,256,256,0.0667240585514609,100000,1.6073370448047475e-06,,seconds,3.683014869689941,3.50253432802856,megabytes,88270.0,88270.0,52.0,48.61111111111112,0.087830528,0.087830528,0.8109375,0.7356770833333333,success,sinkhorn,0.01,100000
1D-gaussian-2c-256p,256,256,0.2530314099319968,121,5.385094118138626e-07,,seconds,0.2140848636627197,0.0064202938228845,megabytes,88270.0,88270.0,1.0,1.0,0.066248704,0.066248704,0.0,0.0,success,sinkhorn,0.01,100000
1D-gaussian-2c-256p,256,256,0.1036219015525891,100000,1.839169417828012e-06,,seconds,3.721673250198364,3.534574892371893,megabytes,88270.0,88270.0,52.0,48.11111111111112,0.088129536,0.088129536,0.8109375,0.7378906249999999,success,sinkhorn,0.01,100000
1D-gaussian-2c-256p,256,256,0.1478870154625766,68691,9.99751168472163e-07,,seconds,2.54553771018982,2.49102682992816,megabytes,88270.0,88270.0,51.0,41.66666666666666,0.087052288,0.087052288,0.8125,0.7666666666666667,success,sinkhorn,0.01,100000
1D-gaussian-2c-256p,256,256,0.387885715442115,100000,8.278033690793476e-06,,seconds,3.5489702224731445,3.525961004197597,megabytes,88270.0,88270.0,57.0,48.875,0.087322624,0.087322624,0.81015625,0.7736328125,success,sinkhorn,0.01,100000
1D-gaussian-2c-256p,256,256,0.4104176850834204,100000,0.0003179456478659,,seconds,3.98738694190979,3.748787237331271,megabytes,88270.0,88270.0,49.0,45.78947368421053,0.087498752,0.087498752,0.8109375,0.7502878289473683,success,sinkhorn,0.01,100000
1D-gaussian-2c-256p,256,256,0.1178739202216969,37971,9.999190100246271e-07,,seconds,1.4276723861694336,1.4046290926635263,megabytes,88270.0,88270.0,50.0,40.42857142857143,0.08667136,0.08667136,0.809375,0.7604910714285714,success,sinkhorn,0.01,100000
1D-gaussian-2c-256p,256,256,0.0148399187738759,100000,1.7537224325743482e-06,,seconds,3.512688159942627,3.360657311975956,megabytes,88270.0,88270.0,57.0,51.73333333333333,0.089329664,0.089329664,0.81171875,0.75046875,success,sinkhorn,0.01,100000
1D-gaussian-2c-256p,256,256,0.0133642860152054,31,4.461183699814612e-08,,seconds,0.2087507247924804,0.0032578874379396,megabytes,88270.0,88270.0,0.0,0.0,0.066097152,0.066097152,0.0,0.0,success,sinkhorn,0.01,100000
1D-gaussian-2c-256p,256,256,0.512311653263883,100000,0.003210151437815,,seconds,3.525693416595459,3.4038039166480303,megabytes,88270.0,88270.0,57.0,48.1875,0.08966144,0.08966144,0.81171875,0.749609375,success,sinkhorn,0.01,100000
1D-gaussian-2c-256p,256,256,0.1450668502154499,41,5.541171220854393e-08,,seconds,0.2115323543548584,0.0037520080804824,megabytes,88270.0,88270.0,0.0,0.0,0.065994752,0.065994752,0.0,0.0,success,sinkhorn,0.01,100000
1D-gaussian-2c-256p,256,256,0.2745455271292542,100000,1.1878663247924642e-05,,seconds,3.838911771774292,3.741104733198881,megabytes,88270.0,88270.0,49.0,44.833333333333336,0.087740416,0.087740416,0.80546875,0.756467013888889,success,sinkhorn,0.01,100000
1D-gaussian-2c-256p,256,256,0.0312900162785136,391,9.907979372787646e-07,,seconds,0.2116663455963134,0.0153564922511577,megabytes,88270.0,88270.0,11.0,11.0,0.066166784,0.066166784,0.0,0.0,success,sinkhorn,0.01,100000
1D-gaussian-2c-256p,256,256,0.619982047464203,100000,0.0024275778959424,,seconds,3.6109113693237305,3.4735420532524586,megabytes,88270.0,88270.0,56.0,49.0,0.08753152,0.08753152,0.80234375,0.7425,success,sinkhorn,0.01,100000
1D-gaussian-2c-256p,256,256,0.006187056712011,11,8.209235827630311e-07,,seconds,0.0,0.0025754701346158,megabytes,0.0,0.0,0.0,0.0,0.0,0.0,0.0,0.0,success,sinkhorn,0.01,100000
1D-gaussian-2c-256p,256,256,0.090417530569428,111,4.060996545047333e-07,,seconds,0.2145633697509765,0.0062096714973449,megabytes,88270.0,88270.0,0.0,0.0,0.068194304,0.068194304,0.0,0.0,success,sinkhorn,0.01,100000
1D-gaussian-2c-256p,256,256,0.1014611506101535,181,7.542722637554152e-07,,seconds,0.2067160606384277,0.0083701871335506,megabytes,88270.0,88270.0,2.0,2.0,0.06612992,0.06612992,0.0,0.0,success,sinkhorn,0.01,100000
1D-gaussian-2c-256p,256,256,0.0151883936452126,61,1.8744480757975126e-07,,seconds,0.0,0.004397764801979,megabytes,0.0,0.0,0.0,0.0,0.0,0.0,0.0,0.0,success,sinkhorn,0.01,100000
1D-gaussian-2c-256p,256,256,0.0140066029631593,31,3.3422790440970144e-08,,seconds,0.0,0.0033840779215097,megabytes,0.0,0.0,0.0,0.0,0.0,0.0,0.0,0.0,success,sinkhorn,0.01,100000
1D-gaussian-2c-256p,256,256,0.3763368852345068,100000,8.895978666362252e-06,,seconds,3.4123406410217285,3.292259313166141,megabytes,88270.0,88270.0,58.0,49.46666666666667,0.08962048,0.08962048,0.78828125,0.7505208333333333,success,sinkhorn,0.01,100000
1D-gaussian-2c-256p,256,256,0.1880916730395149,81,5.373846368251743e-07,,seconds,0.0,0.0049838386476039,megabytes,0.0,0.0,0.0,0.0,0.0,0.0,0.0,0.0,success,sinkhorn,0.01,100000
1D-gaussian-2c-256p,256,256,0.2104811449380257,51,1.9448750351797945e-07,,seconds,0.0,0.0040374118834733,megabytes,0.0,0.0,0.0,0.0,0.0,0.0,0.0,0.0,success,sinkhorn,0.01,100000
1D-gaussian-2c-256p,256,256,0.0733193467058368,11,1.165405980343474e-07,,seconds,0.0,0.0027154851704835,megabytes,0.0,0.0,0.0,0.0,0.0,0.0,0.0,0.0,success,sinkhorn,0.01,100000
1D-gaussian-2c-256p,256,256,0.7261811989433213,100000,0.0001202183619161,,seconds,3.3123767375946045,3.26638020016253,megabytes,88270.0,88270.0,58.0,52.5,0.089522176,0.089522176,0.80703125,0.7578125,success,sinkhorn,0.01,100000
1D-gaussian-2c-256p,256,256,0.0111103345574204,41,1.9080232514595238e-07,,seconds,0.2355201244354248,0.0037601497024297,megabytes,88270.0,88270.0,9.0,9.0,0.066142208,0.066142208,0.0,0.0,success,sinkhorn,0.01,100000
1D-gaussian-2c-256p,256,256,0.0123723261825013,7091,9.929816567913465e-07,,seconds,0.2757127285003662,0.2578824311494827,megabytes,88270.0,88270.0,0.0,0.0,0.065253376,0.065253376,0.75078125,0.75078125,success,sinkhorn,0.01,100000
1D-gaussian-2c-256p,256,256,0.0866077299219303,11,5.204812505775665e-07,,seconds,0.0,0.0029004011303186,megabytes,0.0,0.0,0.0,0.0,0.0,0.0,0.0,0.0,success,sinkhorn,0.01,100000
1D-gaussian-2c-256p,256,256,0.0928722832446906,16141,9.981333078995916e-07,,seconds,0.6179101467132568,0.5936533473432064,megabytes,88270.0,88270.0,50.0,24.33333333333333,0.076713984,0.076713984,0.8046875,0.7507812500000001,success,sinkhorn,0.01,100000
1D-gaussian-2c-512p,512,512,0.2745455022276984,100000,8.448853874964829e-06,,seconds,4.067206621170044,3.8575565237551928,megabytes,88270.0,88270.0,59.0,54.578947368421055,0.08925184,0.08925184,0.81640625,0.7520559210526316,success,sinkhorn,0.01,100000
1D-gaussian-2c-512p,512,512,0.0151883936452126,61,1.3254349453661148e-07,,seconds,0.0,0.0046778004616498,megabytes,0.0,0.0,0.0,0.0,0.0,0.0,0.0,0.0,success,sinkhorn,0.01,100000
1D-gaussian-2c-512p,512,512,0.4104079138076683,100000,0.0002251290838057,,seconds,4.047524929046631,3.873310349881649,megabytes,88270.0,88270.0,59.0,54.0,0.08925184,0.08925184,0.815625,0.7716282894736843,success,sinkhorn,0.01,100000
1D-gaussian-2c-512p,512,512,0.1036212843480788,100000,1.566288656492932e-06,,seconds,4.014877796173096,3.8784422427415848,megabytes,88270.0,88270.0,58.0,51.88235294117647,0.089153536,0.089153536,0.81015625,0.7513327205882352,success,sinkhorn,0.01,100000
1D-gaussian-2c-512p,512,512,0.2530305277813916,111,9.932782238829183e-07,,seconds,0.208834171295166,0.0064536351710557,megabytes,88270.0,88270.0,0.0,0.0,0.066158592,0.066158592,0.0,0.0,success,sinkhorn,0.01,100000
1D-gaussian-2c-512p,512,512,0.0904169055274809,101,8.57672560799839e-07,,seconds,0.2131516933441162,0.0060767009854316,megabytes,88270.0,88270.0,0.0,0.0,0.066048,0.066048,0.0,0.0,success,sinkhorn,0.01,100000
1D-gaussian-2c-512p,512,512,0.7261893572469466,100000,8.597015863947983e-05,,seconds,4.1811723709106445,3.886321917176247,megabytes,88270.0,88270.0,59.0,53.36842105263158,0.089505792,0.089505792,0.8125,0.7448190789473683,success,sinkhorn,0.01,100000
1D-gaussian-2c-512p,512,512,0.0733193467058369,11,8.240664715014856e-08,,seconds,0.0,0.002743674442172,megabytes,0.0,0.0,0.0,0.0,0.0,0.0,0.0,0.0,success,sinkhorn,0.01,100000
1D-gaussian-2c-512p,512,512,0.0492322249631512,41,7.740422645917159e-08,,seconds,0.0,0.0036376118659973,megabytes,0.0,0.0,0.0,0.0,0.0,0.0,0.0,0.0,success,sinkhorn,0.01,100000
1D-gaussian-2c-512p,512,512,0.0133642860152053,31,3.1545332454973843e-08,,seconds,0.0,0.0035935342311859,megabytes,0.0,0.0,0.0,0.0,0.0,0.0,0.0,0.0,success,sinkhorn,0.01,100000
1D-gaussian-2c-512p,512,512,0.0928719881348325,14541,9.991434238280566e-07,,seconds,0.6287679672241211,0.5532973185181618,megabytes,88270.0,88270.0,60.0,20.0,0.078159872,0.078159872,0.79609375,0.6666666666666666,success,sinkhorn,0.01,100000
1D-gaussian-2c-512p,512,512,0.0312898902479597,381,9.049718837648655e-07,,seconds,0.2084276676177978,0.0179952438920736,megabytes,88270.0,88270.0,60.0,60.0,0.072343552,0.072343552,0.0,0.0,success,sinkhorn,0.01,100000
1D-gaussian-2c-512p,512,512,0.1014607340685742,171,9.42110703231042e-07,,seconds,0.2169761657714843,0.0087401438504457,megabytes,88270.0,88270.0,0.0,0.0,0.066048,0.066048,0.0,0.0,success,sinkhorn,0.01,100000
1D-gaussian-2c-512p,512,512,0.1880916730395148,81,3.799883207998006e-07,,seconds,0.0,0.0054046679288148,megabytes,0.0,0.0,0.0,0.0,0.0,0.0,0.0,0.0,success,sinkhorn,0.01,100000
1D-gaussian-2c-512p,512,512,0.3763345433003722,100000,6.687783955770795e-06,,seconds,4.047561883926392,3.7284142542630434,megabytes,88270.0,88270.0,61.0,55.94736842105263,0.091754496,0.091754496,0.8078125,0.734580592105263,success,sinkhorn,0.01,100000
1D-gaussian-2c-512p,512,512,0.0061870540697219,11,5.826201875817053e-07,,seconds,0.0,0.0025602057576179,megabytes,0.0,0.0,0.0,0.0,0.0,0.0,0.0,0.0,success,sinkhorn,0.01,100000
1D-gaussian-2c-512p,512,512,0.0866077299219303,11,3.680358217582573e-07,,seconds,0.0,0.0025752410292625,megabytes,0.0,0.0,0.0,0.0,0.0,0.0,0.0,0.0,success,sinkhorn,0.01,100000
1D-gaussian-2c-512p,512,512,0.0111103345574204,41,1.3491761797568918e-07,,seconds,0.0,0.0038218162953853,megabytes,0.0,0.0,0.0,0.0,0.0,0.0,0.0,0.0,success,sinkhorn,0.01,100000
1D-gaussian-2c-512p,512,512,0.5124634973659715,100000,0.0022853075210463,,seconds,3.9121408462524414,3.804229870438576,megabytes,88270.0,88270.0,60.0,55.44444444444444,0.089055232,0.089055232,0.81171875,0.758203125,success,sinkhorn,0.01,100000
1D-gaussian-2c-512p,512,512,0.1478865748815155,56251,9.999914478021903e-07,,seconds,2.30090069770813,2.1472772527486086,megabytes,88270.0,88270.0,59.0,49.0,0.088502272,0.088502272,0.7875,0.7113281249999999,success,sinkhorn,0.01,100000
1D-gaussian-2c-512p,512,512,0.6201235544694178,100000,0.0017855263602855,,seconds,4.009585380554199,3.8120599817484617,megabytes,88270.0,88270.0,60.0,55.47368421052632,0.08914944,0.08914944,0.81015625,0.7526315789473685,success,sinkhorn,0.01,100000
1D-gaussian-2c-512p,512,512,0.3878836304029856,100000,6.268121470450626e-06,,seconds,3.930927038192749,3.819891916587949,megabytes,88270.0,88270.0,59.0,53.52941176470589,0.08900608,0.08900608,0.8109375,0.7556066176470588,success,sinkhorn,0.01,100000
1D-gaussian-2c-512p,512,512,0.0463669662432683,31,2.3566694504565378e-07,,seconds,0.0,0.0033143088221549,megabytes,0.0,0.0,0.0,0.0,0.0,0.0,0.0,0.0,success,sinkhorn,0.01,100000
1D-gaussian-2c-512p,512,512,0.0667240585520935,100000,1.136558492522047e-06,,seconds,4.044851779937744,3.79329452291131,megabytes,88270.0,88270.0,60.0,54.78947368421053,0.089104384,0.089104384,0.81171875,0.7463815789473685,success,sinkhorn,0.01,100000
1D-gaussian-2c-512p,512,512,0.2104811449398424,51,1.3752342616508626e-07,,seconds,0.0,0.0042570196092128,megabytes,0.0,0.0,0.0,0.0,0.0,0.0,0.0,0.0,success,sinkhorn,0.01,100000
1D-gaussian-2c-512p,512,512,0.1178735888829978,32871,9.999114428346116e-07,,seconds,1.4275295734405518,1.25577724725008,megabytes,88270.0,88270.0,59.0,48.833333333333336,0.085471232,0.085471232,0.79453125,0.6644531250000001,success,sinkhorn,0.01,100000
1D-gaussian-2c-512p,512,512,0.0148399187738321,100000,1.240069161074016e-06,,seconds,3.8811872005462646,3.802919549867511,megabytes,88270.0,88270.0,59.0,51.88235294117647,0.088604672,0.088604672,0.80390625,0.7696691176470588,success,sinkhorn,0.01,100000
1D-gaussian-2c-512p,512,512,0.0140066029631593,31,2.36334817699577e-08,,seconds,0.0,0.0033498145639896,megabytes,0.0,0.0,0.0,0.0,0.0,0.0,0.0,0.0,success,sinkhorn,0.01,100000
1D-gaussian-2c-512p,512,512,0.0123721789421654,6611,9.951525200418787e-07,,seconds,0.4313793182373047,0.2539927531033754,megabytes,88270.0,88270.0,52.0,26.0,0.076251136,0.076251136,0.775,0.4078125,success,sinkhorn,0.01,100000
1D-gaussian-2c-512p,512,512,0.1450668502154517,41,3.918199747300014e-08,,seconds,0.0,0.0038779769092798,megabytes,0.0,0.0,0.0,0.0,0.0,0.0,0.0,0.0,success,sinkhorn,0.01,100000
1D-gaussian-2c-1024p,1024,1024,0.3878838293603519,100000,4.4100964926796015e-06,,seconds,3.886000633239746,3.87699880823493,megabytes,88270.0,88270.0,58.0,55.52941176470589,0.0869376,0.0869376,0.80625,0.7788143382352942,success,sinkhorn,0.01,100000
1D-gaussian-2c-1024p,1024,1024,0.2745448244406048,100000,6.075828910081193e-06,,seconds,3.8008601665496826,3.784143451601267,megabytes,88270.0,88270.0,60.0,58.16666666666666,0.08906752,0.08906752,0.80078125,0.7756076388888888,success,sinkhorn,0.01,100000
1D-gaussian-2c-1024p,1024,1024,0.3763348331780939,100000,4.717372272048234e-06,,seconds,3.866698265075684,3.857737423852086,megabytes,88270.0,88270.0,59.0,56.388888888888886,0.08704,0.08704,0.80390625,0.77578125,success,sinkhorn,0.01,100000
1D-gaussian-2c-1024p,1024,1024,0.0140066029631593,31,1.6711395221422304e-08,,seconds,0.0,0.0035783722996711,megabytes,0.0,0.0,0.0,0.0,0.0,0.0,0.0,0.0,success,sinkhorn,0.01,100000
1D-gaussian-2c-1024p,1024,1024,0.1014607340702723,171,6.661728266786375e-07,,seconds,0.2206325531005859,0.0087648164480924,megabytes,88270.0,88270.0,2.0,2.0,0.066048,0.066048,0.0,0.0,success,sinkhorn,0.01,100000
1D-gaussian-2c-1024p,1024,1024,0.1880916730395146,81,2.686923184051931e-07,,seconds,0.2159621715545654,0.0056371483951807,megabytes,88270.0,88270.0,0.0,0.0,0.067567616,0.067567616,0.0,0.0,success,sinkhorn,0.01,100000
1D-gaussian-2c-1024p,1024,1024,0.0866077299219303,11,2.602406252899128e-07,,seconds,0.0,0.0028629098087549,megabytes,0.0,0.0,0.0,0.0,0.0,0.0,0.0,0.0,success,sinkhorn,0.01,100000
1D-gaussian-2c-1024p,1024,1024,0.0312897274613819,371,8.265739584136766e-07,,seconds,0.2422170639038086,0.0177315101027488,megabytes,88270.0,88270.0,3.0,3.0,0.066101248,0.066101248,0.0,0.0,success,sinkhorn,0.01,100000
1D-gaussian-2c-1024p,1024,1024,0.2530305285994623,111,7.023130098205364e-07,,seconds,0.2197442054748535,0.0065808985382318,megabytes,88270.0,88270.0,0.0,0.0,0.066002944,0.066002944,0.0,0.0,success,sinkhorn,0.01,100000
1D-gaussian-2c-1024p,1024,1024,0.1036205754891533,100000,1.303778574051857e-06,,seconds,3.9268763065338135,3.928073635324836,megabytes,88270.0,88270.0,58.0,55.0,0.087105536,0.087105536,0.81953125,0.776345486111111,success,sinkhorn,0.01,100000
1D-gaussian-2c-1024p,1024,1024,0.0667235995794092,93011,9.999139530641744e-07,,seconds,3.682464599609375,3.663596762344241,megabytes,88270.0,88270.0,58.0,54.875,0.086933504,0.086933504,0.8125,0.7729492187499999,success,sinkhorn,0.01,100000
1D-gaussian-2c-1024p,1024,1024,0.0148398763861534,86391,9.999907198260003e-07,,seconds,3.4472687244415283,3.391814174130559,megabytes,88270.0,88270.0,58.0,54.1875,0.087076864,0.087076864,0.81171875,0.7713378906249999,success,sinkhorn,0.01,100000
1D-gaussian-2c-1024p,1024,1024,0.2104811449398425,51,9.724374720887724e-08,,seconds,0.0,0.0043747406452894,megabytes,0.0,0.0,0.0,0.0,0.0,0.0,0.0,0.0,success,sinkhorn,0.01,100000
1D-gaussian-2c-1024p,1024,1024,0.5124912879789485,100000,0.0016083003641473,,seconds,4.0837109088897705,3.940302772447467,megabytes,88270.0,88270.0,57.0,53.888888888888886,0.087322624,0.087322624,0.80078125,0.7467447916666665,success,sinkhorn,0.01,100000
1D-gaussian-2c-1024p,1024,1024,0.0133642860152053,31,2.230591849047716e-08,,seconds,0.0,0.0036556161940097,megabytes,0.0,0.0,0.0,0.0,0.0,0.0,0.0,0.0,success,sinkhorn,0.01,100000
1D-gaussian-2c-1024p,1024,1024,0.0733193467058369,11,5.8270299015231344e-08,,seconds,0.0,0.0025775916874408,megabytes,0.0,0.0,0.0,0.0,0.0,0.0,0.0,0.0,success,sinkhorn,0.01,100000
1D-gaussian-2c-1024p,1024,1024,0.0111103345574204,41,9.540116257213365e-08,,seconds,0.0,0.003937067463994,megabytes,0.0,0.0,0.0,0.0,0.0,0.0,0.0,0.0,success,sinkhorn,0.01,100000
1D-gaussian-2c-1024p,1024,1024,0.7261883309945055,100000,6.009827144693166e-05,,seconds,4.087334394454956,3.9401942510157824,megabytes,88270.0,88270.0,58.0,54.8235294117647,0.087179264,0.087179264,0.79453125,0.7341452205882353,success,sinkhorn,0.01,100000
1D-gaussian-2c-1024p,1024,1024,0.0123719705414704,6131,9.97503586003336e-07,,seconds,0.4366102218627929,0.2442081719636917,megabytes,88270.0,88270.0,40.0,20.0,0.074969088,0.074969088,0.77265625,0.386328125,success,sinkhorn,0.01,100000
1D-gaussian-2c-1024p,1024,1024,0.1178731264879409,27881,9.994823482430843e-07,,seconds,1.3041667938232422,1.0949408877640965,megabytes,88270.0,88270.0,58.0,50.66666666666666,0.077565952,0.077565952,0.78203125,0.6463541666666667,success,sinkhorn,0.01,100000
1D-gaussian-2c-1024p,1024,1024,0.1478859631214027,44721,9.998875056594345e-07,,seconds,1.71101713180542,1.7126653473824265,megabytes,88270.0,88270.0,59.0,52.125,0.089120768,0.089120768,0.80234375,0.7808593749999999,success,sinkhorn,0.01,100000
1D-gaussian-2c-1024p,1024,1024,0.0151881544828027,51,7.623973764687385e-07,,seconds,0.2224986553192138,0.0044404342770576,megabytes,88270.0,88270.0,1.0,1.0,0.067006464,0.067006464,0.0,0.0,success,sinkhorn,0.01,100000
1D-gaussian-2c-1024p,1024,1024,0.1450668502154533,41,2.7705856117963728e-08,,seconds,0.0,0.0037276539951562,megabytes,0.0,0.0,0.0,0.0,0.0,0.0,0.0,0.0,success,sinkhorn,0.01,100000
1D-gaussian-2c-1024p,1024,1024,0.0061870534077398,11,4.123540451762062e-07,,seconds,0.0,0.0027059167623519,megabytes,0.0,0.0,0.0,0.0,0.0,0.0,0.0,0.0,success,sinkhorn,0.01,100000
1D-gaussian-2c-1024p,1024,1024,0.0492322249631512,41,5.4733053418687914e-08,,seconds,0.2211196422576904,0.0038110390305519,megabytes,88270.0,88270.0,1.0,1.0,0.066035712,0.066035712,0.0,0.0,success,sinkhorn,0.01,100000
1D-gaussian-2c-1024p,1024,1024,0.0463669662432683,31,1.6664169494281214e-07,,seconds,0.0,0.0034258440136909,megabytes,0.0,0.0,0.0,0.0,0.0,0.0,0.0,0.0,success,sinkhorn,0.01,100000
1D-gaussian-2c-1024p,1024,1024,0.4104113835890489,100000,0.0001591737417939,,seconds,4.212842702865601,3.9389924239367247,megabytes,88270.0,88270.0,58.0,53.26315789473684,0.088961024,0.088961024,0.809375,0.7337993421052631,success,sinkhorn,0.01,100000
1D-gaussian-2c-1024p,1024,1024,0.0904169055274688,101,6.064660837778812e-07,,seconds,0.2124972343444824,0.0064599402248859,megabytes,88270.0,88270.0,0.0,0.0,0.068083712,0.068083712,0.0,0.0,success,sinkhorn,0.01,100000
1D-gaussian-2c-1024p,1024,1024,0.0928715736393983,12961,9.99029869528878e-07,,seconds,0.6228682994842529,0.512260502204299,megabytes,88270.0,88270.0,57.0,44.0,0.07784448,0.07784448,0.7765625,0.6242187499999999,success,sinkhorn,0.01,100000
1D-gaussian-2c-1024p,1024,1024,0.6201004060195505,100000,0.0012400834517361,,seconds,4.096540212631226,3.8518876638263455,megabytes,88270.0,88270.0,59.0,52.94736842105263,0.088915968,0.088915968,0.8078125,0.7385279605263159,success,sinkhorn,0.01,100000
1D-gaussian-2c-2048p,2048,2048,0.0733193467058368,11,4.120332357731441e-08,,seconds,0.0,0.0032628811895847,megabytes,0.0,0.0,0.0,0.0,0.0,0.0,0.0,0.0,success,sinkhorn,0.01,100000
1D-gaussian-2c-2048p,2048,2048,0.1478851134106557,34541,9.997517895818425e-07,,seconds,1.7125556468963623,1.7090267650783062,megabytes,88270.0,88270.0,68.0,55.375,0.08810496,0.08810496,0.809375,0.78740234375,success,sinkhorn,0.01,100000
1D-gaussian-2c-2048p,2048,2048,0.6201024408770262,100000,0.0008785850254733,,seconds,4.892427682876587,4.887032605707645,megabytes,88270.0,88270.0,70.0,63.95238095238095,0.169218048,0.169218048,0.8046875,0.7769717261904762,success,sinkhorn,0.01,100000
1D-gaussian-2c-2048p,2048,2048,0.1036197759954082,100000,1.0774975022736445e-06,,seconds,5.395331382751465,5.2245031744241714,megabytes,88270.0,88270.0,65.0,61.04,0.169484288,0.169484288,0.80625,0.752125,success,sinkhorn,0.01,100000
1D-gaussian-2c-2048p,2048,2048,0.0312892456402052,351,9.75159587612968e-07,,seconds,0.2168221473693847,0.0196194741874933,megabytes,88270.0,88270.0,0.0,0.0,0.066097152,0.066097152,0.0,0.0,success,sinkhorn,0.01,100000
1D-gaussian-2c-2048p,2048,2048,0.2104811449398425,51,6.876171307867035e-08,,seconds,0.2168810367584228,0.0055669993162155,megabytes,88270.0,88270.0,0.0,0.0,0.066113536,0.066113536,0.0,0.0,success,sinkhorn,0.01,100000
1D-gaussian-2c-2048p,2048,2048,0.2745444787515145,100000,4.360125226072795e-06,,seconds,5.105506181716919,5.013160262256861,megabytes,88270.0,88270.0,68.0,64.47826086956522,0.169193472,0.169193472,0.80390625,0.762024456521739,success,sinkhorn,0.01,100000
1D-gaussian-2c-2048p,2048,2048,0.0904169055274657,101,4.288362803990473e-07,,seconds,0.2167136669158935,0.0080249235033988,megabytes,88270.0,88270.0,11.0,11.0,0.066011136,0.066011136,0.0,0.0,success,sinkhorn,0.01,100000
1D-gaussian-2c-2048p,2048,2048,0.2530305291511424,111,4.965894764696267e-07,,seconds,0.2198045253753662,0.0085243191570043,megabytes,88270.0,88270.0,0.0,0.0,0.068124672,0.068124672,0.0,0.0,success,sinkhorn,0.01,100000
1D-gaussian-2c-2048p,2048,2048,0.4104111301484529,100000,0.0001126691406312,,seconds,5.641801357269287,5.480663381516933,megabytes,88270.0,88270.0,65.0,60.43478260869565,0.16920576,0.16920576,0.80390625,0.7503736413043478,success,sinkhorn,0.01,100000
1D-gaussian-2c-2048p,2048,2048,0.3763348978877203,100000,3.3397821051898167e-06,,seconds,5.007455348968506,5.00725057348609,megabytes,88270.0,88270.0,68.0,64.78260869565217,0.169119744,0.169119744,0.80234375,0.7771399456521741,success,sinkhorn,0.01,100000
1D-gaussian-2c-2048p,2048,2048,0.1450655530095648,31,9.021218638964312e-07,,seconds,0.0,0.0044418927282094,megabytes,0.0,0.0,0.0,0.0,0.0,0.0,0.0,0.0,success,sinkhorn,0.01,100000
1D-gaussian-2c-2048p,2048,2048,0.0492322249631512,41,3.87021132285924e-08,,seconds,0.2179481983184814,0.0047101154923439,megabytes,88270.0,88270.0,1.0,1.0,0.06602752,0.06602752,0.0,0.0,success,sinkhorn,0.01,100000
1D-gaussian-2c-2048p,2048,2048,0.0463669662432683,31,1.1783347252280383e-07,,seconds,0.0,0.0043498128652572,megabytes,0.0,0.0,0.0,0.0,0.0,0.0,0.0,0.0,success,sinkhorn,0.01,100000
1D-gaussian-2c-2048p,2048,2048,0.1014599982730858,161,8.320852183325355e-07,,seconds,0.2121419906616211,0.0112771596759557,megabytes,88270.0,88270.0,0.0,0.0,0.069148672,0.069148672,0.0,0.0,success,sinkhorn,0.01,100000
1D-gaussian-2c-2048p,2048,2048,0.7261875727664129,100000,4.267313091652245e-05,,seconds,5.326983451843262,5.204977402463555,megabytes,88270.0,88270.0,65.0,60.92,0.169357312,0.169357312,0.80546875,0.7556562500000001,success,sinkhorn,0.01,100000
1D-gaussian-2c-2048p,2048,2048,0.0148397478471567,57651,9.999900267646166e-07,,seconds,3.0806691646575928,2.9375417176634078,megabytes,88270.0,88270.0,67.0,58.73333333333333,0.088625152,0.088625152,0.80546875,0.7396875,success,sinkhorn,0.01,100000
1D-gaussian-2c-2048p,2048,2048,0.092870989313654,11401,9.993182488964269e-07,,seconds,0.6383380889892578,0.6022140625864267,megabytes,88270.0,88270.0,64.0,54.333333333333336,0.077766656,0.077766656,0.78515625,0.7286458333333333,success,sinkhorn,0.01,100000
1D-gaussian-2c-2048p,2048,2048,0.0111103345574204,41,6.745880898866637e-08,,seconds,0.0,0.0047635920345783,megabytes,0.0,0.0,0.0,0.0,0.0,0.0,0.0,0.0,success,sinkhorn,0.01,100000
1D-gaussian-2c-2048p,2048,2048,0.1178724810675465,23061,9.99922521576009e-07,,seconds,1.254037380218506,1.2036650869995356,megabytes,88270.0,88270.0,65.0,48.16666666666666,0.07841792,0.07841792,0.8015625,0.7354166666666666,success,sinkhorn,0.01,100000
1D-gaussian-2c-2048p,2048,2048,0.0123716829146177,5661,9.928784396320188e-07,,seconds,0.4292542934417724,0.2755710408091545,megabytes,88270.0,88270.0,64.0,32.0,0.077254656,0.077254656,0.78359375,0.475,success,sinkhorn,0.01,100000
1D-gaussian-2c-2048p,2048,2048,0.3878838795485512,100000,3.116801466686593e-06,,seconds,5.236328601837158,5.182332159951329,megabytes,88270.0,88270.0,65.0,60.958333333333336,0.169242624,0.169242624,0.81171875,0.7744140625000001,success,sinkhorn,0.01,100000
1D-gaussian-2c-2048p,2048,2048,0.0151881544828027,51,5.390963548635389e-07,,seconds,0.0,0.0051805134862661,megabytes,0.0,0.0,0.0,0.0,0.0,0.0,0.0,0.0,success,sinkhorn,0.01,100000
1D-gaussian-2c-2048p,2048,2048,0.0061870532421561,11,2.916454538436747e-07,,seconds,0.0,0.0033010896295309,megabytes,0.0,0.0,0.0,0.0,0.0,0.0,0.0,0.0,success,sinkhorn,0.01,100000
1D-gaussian-2c-2048p,2048,2048,0.0866077299219303,11,1.840179108731338e-07,,seconds,0.0,0.0032212771475315,megabytes,0.0,0.0,0.0,0.0,0.0,0.0,0.0,0.0,success,sinkhorn,0.01,100000
1D-gaussian-2c-2048p,2048,2048,0.5125014019054481,100000,0.0011370483409462,,seconds,5.210215091705322,5.137127527967095,megabytes,88270.0,88270.0,66.0,60.57142857142857,0.17092608,0.17092608,0.80859375,0.7659226190476192,success,sinkhorn,0.01,100000
1D-gaussian-2c-2048p,2048,2048,0.0667226410368853,81311,9.999442179438329e-07,,seconds,4.054579257965088,3.983642162755132,megabytes,88270.0,88270.0,70.0,65.44444444444444,0.088576,0.088576,0.81171875,0.7577256944444444,success,sinkhorn,0.01,100000
1D-gaussian-2c-2048p,2048,2048,0.0140066029631593,31,1.181674088350502e-08,,seconds,0.0,0.0042630173265933,megabytes,0.0,0.0,0.0,0.0,0.0,0.0,0.0,0.0,success,sinkhorn,0.01,100000
1D-gaussian-2c-2048p,2048,2048,0.1880909472430797,71,7.975905593996118e-07,,seconds,0.214674711227417,0.0063659343868494,megabytes,88270.0,88270.0,1.0,1.0,0.065941504,0.065941504,0.0,0.0,success,sinkhorn,0.01,100000
1D-gaussian-2c-2048p,2048,2048,0.0133642860152053,31,1.5772666223746894e-08,,seconds,0.2142972946166992,0.0042221397161483,megabytes,88270.0,88270.0,0.0,0.0,0.066064384,0.066064384,0.0,0.0,success,sinkhorn,0.01,100000
1D-gaussian-4c-32p,32,32,0.0087552119471623,231,9.474338094478252e-07,,seconds,0.2110650539398193,0.0088304877281188,megabytes,88270.0,88270.0,0.0,0.0,0.065888256,0.065888256,0.0,0.0,success,sinkhorn,0.01,100000
1D-gaussian-4c-32p,32,32,0.0845840126743119,531,9.148874538389864e-07,,seconds,0.2160181999206543,0.019275302067399,megabytes,88270.0,88270.0,0.0,0.0,0.066048,0.066048,0.0,0.0,success,sinkhorn,0.01,100000
1D-gaussian-4c-32p,32,32,0.2585552193325399,181,4.901617005546529e-07,,seconds,0.2145495414733886,0.0075075943022966,megabytes,88270.0,88270.0,2.0,2.0,0.065978368,0.065978368,0.0,0.0,success,sinkhorn,0.01,100000
1D-gaussian-4c-32p,32,32,0.0353968180782741,231,7.22446357145468e-07,,seconds,0.2697582244873047,0.0091385394334793,megabytes,88270.0,88270.0,0.0,0.0,0.066048,0.066048,0.0,0.0,success,sinkhorn,0.01,100000
1D-gaussian-4c-32p,32,32,0.0823086289724397,2601,9.73238254812036e-07,,seconds,0.2128105163574218,0.0794839281588792,megabytes,88270.0,88270.0,0.0,0.0,0.06504448,0.06504448,0.20234375,0.20234375,success,sinkhorn,0.01,100000
1D-gaussian-4c-32p,32,32,0.0655910663284833,861,9.007293674419804e-07,,seconds,0.2206482887268066,0.0276212394237518,megabytes,88270.0,88270.0,7.0,7.0,0.06551552,0.06551552,0.0390625,0.0390625,success,sinkhorn,0.01,100000
1D-gaussian-4c-32p,32,32,0.0350262450796398,881,9.212073342752912e-07,,seconds,0.2182581424713134,0.0288349688053131,megabytes,88270.0,88270.0,0.0,0.0,0.065486848,0.065486848,0.0,0.0,success,sinkhorn,0.01,100000
1D-gaussian-4c-32p,32,32,0.0196436526146976,311,9.116133903137263e-07,,seconds,0.2112548351287841,0.0115089807659387,megabytes,88270.0,88270.0,0.0,0.0,0.066052096,0.066052096,0.0,0.0,success,sinkhorn,0.01,100000
1D-gaussian-4c-32p,32,32,0.1113478339341617,281,9.628767109493794e-07,,seconds,0.2126057147979736,0.0106198973953723,megabytes,88270.0,88270.0,0.0,0.0,0.065998848,0.065998848,0.0,0.0,success,sinkhorn,0.01,100000
1D-gaussian-4c-32p,32,32,0.1152402911129412,91,3.6893475073354857e-07,,seconds,0.2131919860839843,0.0054455641657114,megabytes,88270.0,88270.0,1.0,1.0,0.06780928,0.06780928,0.0,0.0,success,sinkhorn,0.01,100000
1D-gaussian-4c-32p,32,32,0.0860061962955572,211,6.194664840994592e-07,,seconds,0.2135026454925537,0.0085868425667285,megabytes,88270.0,88270.0,0.0,0.0,0.065933312,0.065933312,0.0,0.0,success,sinkhorn,0.01,100000
1D-gaussian-4c-32p,32,32,0.1129715099669548,671,8.917167660051831e-07,,seconds,0.2140188217163086,0.0225339196622371,megabytes,88270.0,88270.0,0.0,0.0,0.065462272,0.065462272,0.03984375,0.03984375,success,sinkhorn,0.01,100000
1D-gaussian-4c-32p,32,32,0.0841678867301388,581,8.883212553334614e-07,,seconds,0.2203783988952636,0.0242038834840059,megabytes,88270.0,88270.0,6.0,6.0,0.074555392,0.074555392,0.0,0.0,success,sinkhorn,0.01,100000
1D-gaussian-4c-32p,32,32,0.0280139438061191,1631,9.69458259705375e-07,,seconds,0.2136003971099853,0.0508970599621534,megabytes,88270.0,88270.0,0.0,0.0,0.065032192,0.065032192,0.121875,0.121875,success,sinkhorn,0.01,100000
1D-gaussian-4c-32p,32,32,0.2894540434751879,100000,4.626674271040556e-05,,seconds,3.0536177158355717,2.993973394855857,megabytes,88270.0,88270.0,57.0,52.333333333333336,0.088313856,0.088313856,0.809375,0.7533854166666667,success,sinkhorn,0.01,100000
1D-gaussian-4c-32p,32,32,0.2509063302773332,100000,3.375035383623429e-06,,seconds,3.122642517089844,2.959819685667753,megabytes,88270.0,88270.0,58.0,52.2,0.088580096,0.088580096,0.80625,0.7354166666666667,success,sinkhorn,0.01,100000
1D-gaussian-4c-32p,32,32,0.1976671050521291,100000,6.293239906377977e-05,,seconds,3.1019089221954346,2.9324726443737745,megabytes,88270.0,88270.0,58.0,54.86666666666667,0.0882688,0.0882688,0.8203125,0.7462500000000001,success,sinkhorn,0.01,100000
1D-gaussian-4c-32p,32,32,0.1106700683767432,261,7.811589461084669e-07,,seconds,0.2099936008453369,0.0101720001548528,megabytes,88270.0,88270.0,0.0,0.0,0.065961984,0.065961984,0.0,0.0,success,sinkhorn,0.01,100000
1D-gaussian-4c-32p,32,32,0.2310233493863944,181,5.667803751399726e-07,,seconds,0.2106976509094238,0.0075095854699611,megabytes,88270.0,88270.0,0.0,0.0,0.065978368,0.065978368,0.0,0.0,success,sinkhorn,0.01,100000
1D-gaussian-4c-32p,32,32,0.1165386835614604,131,6.533271532138977e-07,,seconds,0.2166614532470703,0.0062873717397451,megabytes,88270.0,88270.0,1.0,1.0,0.06588416,0.06588416,0.0,0.0,success,sinkhorn,0.01,100000
1D-gaussian-4c-32p,32,32,0.1096902701738136,3671,9.73023554175204e-07,,seconds,0.2133567333221435,0.1093164794147014,megabytes,88270.0,88270.0,0.0,0.0,0.074092544,0.074092544,0.4,0.4,success,sinkhorn,0.01,100000
1D-gaussian-4c-32p,32,32,0.085720488786363,100000,7.052830685867639e-06,,seconds,3.039803981781006,2.968184622004628,megabytes,88270.0,88270.0,58.0,54.333333333333336,0.08820736,0.08820736,0.8140625,0.7591145833333335,success,sinkhorn,0.01,100000
1D-gaussian-4c-32p,32,32,0.0088953159635933,171,6.078544536517822e-07,,seconds,0.2131547927856445,0.0080985724925994,megabytes,88270.0,88270.0,0.0,0.0,0.069083136,0.069083136,0.0,0.0,success,sinkhorn,0.01,100000
1D-gaussian-4c-32p,32,32,0.1292157518624869,1411,9.727360770340365e-07,,seconds,0.2240536212921142,0.0434048604220151,megabytes,88270.0,88270.0,0.0,0.0,0.065396736,0.065396736,0.0765625,0.0765625,success,sinkhorn,0.01,100000
1D-gaussian-4c-32p,32,32,0.17379467045519,61321,9.998602963671275e-07,,seconds,1.8372697830200195,1.817681496962905,megabytes,88270.0,88270.0,57.0,43.625,0.087744512,0.087744512,0.79140625,0.7646484374999999,success,sinkhorn,0.01,100000
1D-gaussian-4c-32p,32,32,0.0846814873699809,100000,6.447083171325187e-06,,seconds,3.0730857849121094,2.9670876786112785,megabytes,88270.0,88270.0,58.0,57.0,0.088326144,0.088326144,0.79609375,0.7440625000000001,success,sinkhorn,0.01,100000
1D-gaussian-4c-32p,32,32,0.010240264308044,851,9.927026088868418e-07,,seconds,0.2190802097320556,0.0275874976068735,megabytes,88270.0,88270.0,0.0,0.0,0.065470464,0.065470464,0.0390625,0.0390625,success,sinkhorn,0.01,100000
1D-gaussian-4c-32p,32,32,0.0686467991109129,471,8.383728391881477e-07,,seconds,0.2141034603118896,0.0163160972297191,megabytes,88270.0,88270.0,0.0,0.0,0.065990656,0.065990656,0.0,0.0,success,sinkhorn,0.01,100000
1D-gaussian-4c-32p,32,32,0.1489252752735518,301,6.319329883026727e-07,,seconds,0.218146800994873,0.0110613424330949,megabytes,88270.0,88270.0,4.0,4.0,0.065961984,0.065961984,0.0,0.0,success,sinkhorn,0.01,100000
1D-gaussian-4c-32p,32,32,0.1118876409630116,301,7.379011760660881e-07,,seconds,0.2128918170928955,0.0111622773110866,megabytes,88270.0,88270.0,0.0,0.0,0.065798144,0.065798144,0.0,0.0,success,sinkhorn,0.01,100000
1D-gaussian-4c-64p,64,64,0.2907175735054263,100000,1.3388032451720454e-05,,seconds,3.1121931076049805,2.9644270539283752,megabytes,88270.0,88270.0,57.0,49.13333333333333,0.088219648,0.088219648,0.8078125,0.7359375000000001,success,sinkhorn,0.01,100000
1D-gaussian-4c-64p,64,64,0.0351123479467366,831,9.56473183165311e-07,,seconds,0.2157905101776123,0.0265202317386865,megabytes,88270.0,88270.0,7.0,7.0,0.06547456,0.06547456,0.0,0.0,success,sinkhorn,0.01,100000
1D-gaussian-4c-64p,64,64,0.0088183039833547,161,9.48259267149446e-07,,seconds,0.2191715240478515,0.0068298876285552,megabytes,88270.0,88270.0,0.0,0.0,0.065929216,0.065929216,0.0,0.0,success,sinkhorn,0.01,100000
1D-gaussian-4c-64p,64,64,0.0278940120904139,1881,9.64598271031957e-07,,seconds,0.2374529838562011,0.0580800510942935,megabytes,88270.0,88270.0,0.0,0.0,0.065032192,0.065032192,0.1078125,0.1078125,success,sinkhorn,0.01,100000
1D-gaussian-4c-64p,64,64,0.2584620963151399,181,9.324985304262236e-07,,seconds,0.2342739105224609,0.0081012025475502,megabytes,88270.0,88270.0,2.0,2.0,0.066019328,0.066019328,0.0,0.0,success,sinkhorn,0.01,100000
1D-gaussian-4c-64p,64,64,0.0847553747704252,100000,1.8450800079840208e-06,,seconds,3.110387325286865,3.0266846530139446,megabytes,88270.0,88270.0,57.0,52.46666666666667,0.088203264,0.088203264,0.8078125,0.7490625000000001,success,sinkhorn,0.01,100000
1D-gaussian-4c-64p,64,64,0.173359937124599,100000,4.490605251925094e-06,,seconds,3.1989569664001465,3.026870898902416,megabytes,88270.0,88270.0,57.0,49.92307692307692,0.088461312,0.088461312,0.7953125,0.7233774038461538,success,sinkhorn,0.01,100000
1D-gaussian-4c-64p,64,64,0.0848012853355681,511,9.13468110640494e-07,,seconds,0.2133927345275879,0.0175717491656541,megabytes,88270.0,88270.0,4.0,4.0,0.066101248,0.066101248,0.0,0.0,success,sinkhorn,0.01,100000
1D-gaussian-4c-64p,64,64,0.111816844047846,281,8.996935171903023e-07,,seconds,0.2190263271331787,0.010365393012762,megabytes,88270.0,88270.0,0.0,0.0,0.06600704,0.06600704,0.0,0.0,success,sinkhorn,0.01,100000
1D-gaussian-4c-64p,64,64,0.1490353124456231,271,6.084921393704786e-07,,seconds,0.2093431949615478,0.0106582771986722,megabytes,88270.0,88270.0,0.0,0.0,0.06598656,0.06598656,0.0,0.0,success,sinkhorn,0.01,100000
1D-gaussian-4c-64p,64,64,0.1111718751705693,241,8.921762074654891e-07,,seconds,0.2154710292816162,0.0094964783638715,megabytes,88270.0,88270.0,0.0,0.0,0.066031616,0.066031616,0.0,0.0,success,sinkhorn,0.01,100000
1D-gaussian-4c-64p,64,64,0.1290544539567404,1291,9.817159449699672e-07,,seconds,0.2146384716033935,0.0411123801022768,megabytes,88270.0,88270.0,10.0,10.0,0.065417216,0.065417216,0.08046875,0.08046875,success,sinkhorn,0.01,100000
1D-gaussian-4c-64p,64,64,0.0353941678490641,221,8.056414432057748e-07,,seconds,0.2121858596801757,0.008898926898837,megabytes,88270.0,88270.0,0.0,0.0,0.065949696,0.065949696,0.0,0.0,success,sinkhorn,0.01,100000
1D-gaussian-4c-64p,64,64,0.1107367628987518,371,9.134344045066176e-07,,seconds,0.0,0.0134562868624925,megabytes,0.0,0.0,0.0,0.0,0.0,0.0,0.0,0.0,success,sinkhorn,0.01,100000
1D-gaussian-4c-64p,64,64,0.2310378517767549,181,4.97914839224698e-07,,seconds,0.2147679328918457,0.0075564961880445,megabytes,88270.0,88270.0,0.0,0.0,0.065941504,0.065941504,0.0,0.0,success,sinkhorn,0.01,100000
1D-gaussian-4c-64p,64,64,0.068687799397617,451,8.854434279288287e-07,,seconds,0.2126774787902832,0.0157317854464054,megabytes,88270.0,88270.0,0.0,0.0,0.065982464,0.065982464,0.0,0.0,success,sinkhorn,0.01,100000
1D-gaussian-4c-64p,64,64,0.0855764320595119,221,7.472143326005878e-07,,seconds,0.2160005569458007,0.0089335553348064,megabytes,88270.0,88270.0,0.0,0.0,0.065970176,0.065970176,0.0,0.0,success,sinkhorn,0.01,100000
1D-gaussian-4c-64p,64,64,0.0842707577080767,491,9.829508730830168e-07,,seconds,0.2188775539398193,0.0173155460506677,megabytes,88270.0,88270.0,0.0,0.0,0.066023424,0.066023424,0.0,0.0,success,sinkhorn,0.01,100000
1D-gaussian-4c-64p,64,64,0.065441231108002,821,9.128829255904628e-07,,seconds,0.2120194435119629,0.027499595656991,megabytes,88270.0,88270.0,0.0,0.0,0.065470464,0.065470464,0.0,0.0,success,sinkhorn,0.01,100000
1D-gaussian-4c-64p,64,64,0.1168767405790288,111,3.816930813495946e-07,,seconds,0.0,0.0056537203490734,megabytes,0.0,0.0,0.0,0.0,0.0,0.0,0.0,0.0,success,sinkhorn,0.01,100000
1D-gaussian-4c-64p,64,64,0.0102406203982249,831,9.7202870991517e-07,,seconds,0.2079598903656005,0.0268021188676357,megabytes,88270.0,88270.0,7.0,7.0,0.065527808,0.065527808,0.0,0.0,success,sinkhorn,0.01,100000
1D-gaussian-4c-64p,64,64,0.1979224714164996,100000,8.085743991333731e-06,,seconds,2.980427026748657,2.9835417177528143,megabytes,88270.0,88270.0,58.0,53.84615384615385,0.088113152,0.088113152,0.82421875,0.7759014423076922,success,sinkhorn,0.01,100000
1D-gaussian-4c-64p,64,64,0.1129864802177734,611,9.205422377791202e-07,,seconds,0.2118449211120605,0.0203965175896883,megabytes,88270.0,88270.0,41.0,41.0,0.065650688,0.065650688,0.0,0.0,success,sinkhorn,0.01,100000
1D-gaussian-4c-64p,64,64,0.1071178904302871,6251,9.992010708921804e-07,,seconds,0.2102382183074951,0.1875769253820181,megabytes,88270.0,88270.0,0.0,0.0,0.065093632,0.065093632,0.65,0.65,success,sinkhorn,0.01,100000
1D-gaussian-4c-64p,64,64,0.115413869900773,81,2.728667727858632e-07,,seconds,0.2116341590881347,0.0051406696438789,megabytes,88270.0,88270.0,0.0,0.0,0.067538944,0.067538944,0.0,0.0,success,sinkhorn,0.01,100000
1D-gaussian-4c-64p,64,64,0.0196384580306981,291,9.547520504447023e-07,,seconds,0.2160100936889648,0.0115250777453184,megabytes,88270.0,88270.0,0.0,0.0,0.065941504,0.065941504,0.0,0.0,success,sinkhorn,0.01,100000
1D-gaussian-4c-64p,64,64,0.0856422536209151,100000,2.37851569482402e-06,,seconds,3.063826084136963,3.0309111643582582,megabytes,88270.0,88270.0,57.0,50.0,0.088297472,0.088297472,0.81015625,0.7660416666666667,success,sinkhorn,0.01,100000
1D-gaussian-4c-64p,64,64,0.0822775906284683,2271,9.945594844882105e-07,,seconds,0.2157390117645263,0.0715550724416971,megabytes,88270.0,88270.0,0.0,0.0,0.06500352,0.06500352,0.20078125,0.20078125,success,sinkhorn,0.01,100000
1D-gaussian-4c-64p,64,64,0.008746886043887,231,9.790684737697234e-07,,seconds,0.2129788398742675,0.0093849655240774,megabytes,88270.0,88270.0,0.0,0.0,0.06590464,0.06590464,0.0,0.0,success,sinkhorn,0.01,100000
1D-gaussian-4c-64p,64,64,0.2504424475731951,100000,1.2159464428427402e-05,,seconds,3.0660128593444824,3.024275390431285,megabytes,88270.0,88270.0,57.0,50.93333333333333,0.088178688,0.088178688,0.80859375,0.76546875,success,sinkhorn,0.01,100000
1D-gaussian-4c-128p,128,128,0.0847552339431626,100000,1.3425199910614989e-06,,seconds,3.162956714630127,3.087299559265375,megabytes,88270.0,88270.0,56.0,52.266666666666666,0.08820736,0.08820736,0.81640625,0.7626041666666666,success,sinkhorn,0.01,100000
1D-gaussian-4c-128p,128,128,0.0353938374418909,211,9.59067341794499e-07,,seconds,0.0,0.0084698349237442,megabytes,0.0,0.0,0.0,0.0,0.0,0.0,0.0,0.0,success,sinkhorn,0.01,100000
1D-gaussian-4c-128p,128,128,0.1111840126815698,231,9.864589106174976e-07,,seconds,0.0,0.0091743525117635,megabytes,0.0,0.0,0.0,0.0,0.0,0.0,0.0,0.0,success,sinkhorn,0.01,100000
1D-gaussian-4c-128p,128,128,0.2583313601260663,201,6.800713891490766e-07,,seconds,0.0,0.0082914065569639,megabytes,0.0,0.0,0.0,0.0,0.0,0.0,0.0,0.0,success,sinkhorn,0.01,100000
1D-gaussian-4c-128p,128,128,0.0686868450264102,431,9.872078126866191e-07,,seconds,0.2197511196136474,0.0151844918727874,megabytes,88270.0,88270.0,2.0,2.0,0.066019328,0.066019328,0.0,0.0,success,sinkhorn,0.01,100000
1D-gaussian-4c-128p,128,128,0.1118164297383533,271,9.464514608401296e-07,,seconds,0.0,0.010500106960535,megabytes,0.0,0.0,0.0,0.0,0.0,0.0,0.0,0.0,success,sinkhorn,0.01,100000
1D-gaussian-4c-128p,128,128,0.0088183352855648,161,6.703520021193218e-07,,seconds,0.0,0.007086306810379,megabytes,0.0,0.0,0.0,0.0,0.0,0.0,0.0,0.0,success,sinkhorn,0.01,100000
1D-gaussian-4c-128p,128,128,0.0102405853838297,801,9.403367595942244e-07,,seconds,0.234560489654541,0.0271065607666969,megabytes,88270.0,88270.0,1.0,1.0,0.066031616,0.066031616,0.0,0.0,success,sinkhorn,0.01,100000
1D-gaussian-4c-128p,128,128,0.0351123081399395,791,9.95186623194502e-07,,seconds,0.2248561382293701,0.0262178648263216,megabytes,88270.0,88270.0,0.0,0.0,0.065998848,0.065998848,0.0,0.0,success,sinkhorn,0.01,100000
1D-gaussian-4c-128p,128,128,0.1129858365528502,591,9.533371361187552e-07,,seconds,0.2226138114929199,0.019871599972248,megabytes,88270.0,88270.0,1.0,1.0,0.06606848,0.06606848,0.0,0.0,success,sinkhorn,0.01,100000
1D-gaussian-4c-128p,128,128,0.107044703025429,5931,9.917307209895511e-07,,seconds,0.2155961990356445,0.1857577878981828,megabytes,88270.0,88270.0,0.0,0.0,0.065060864,0.065060864,0.63671875,0.63671875,success,sinkhorn,0.01,100000
1D-gaussian-4c-128p,128,128,0.115415158143789,81,1.879641158445585e-07,,seconds,0.2160522937774658,0.0047034360468387,megabytes,88270.0,88270.0,33.0,33.0,0.065859584,0.065859584,0.0,0.0,success,sinkhorn,0.01,100000
1D-gaussian-4c-128p,128,128,0.0855763890504169,211,9.0674319349094e-07,,seconds,0.2169122695922851,0.0087112765759229,megabytes,88270.0,88270.0,0.0,0.0,0.06592512,0.06592512,0.0,0.0,success,sinkhorn,0.01,100000
1D-gaussian-4c-128p,128,128,0.1290466226977608,1251,9.490252774875178e-07,,seconds,0.2194008827209472,0.0405638236552476,megabytes,88270.0,88270.0,2.0,2.0,0.065462272,0.065462272,0.07890625,0.07890625,success,sinkhorn,0.01,100000
1D-gaussian-4c-128p,128,128,0.0654410087989306,791,9.069805990537964e-07,,seconds,0.2210524082183838,0.0266177002340555,megabytes,88270.0,88270.0,0.0,0.0,0.0659456,0.0659456,0.0,0.0,success,sinkhorn,0.01,100000
1D-gaussian-4c-128p,128,128,0.2310392979079975,171,7.92275016836409e-07,,seconds,0.0,0.0076697599142789,megabytes,0.0,0.0,0.0,0.0,0.0,0.0,0.0,0.0,success,sinkhorn,0.01,100000
1D-gaussian-4c-128p,128,128,0.1107451570346124,361,8.26197503684779e-07,,seconds,0.0,0.0141828749328851,megabytes,0.0,0.0,0.0,0.0,0.0,0.0,0.0,0.0,success,sinkhorn,0.01,100000
1D-gaussian-4c-128p,128,128,0.2504615555536167,100000,5.81592573950362e-06,,seconds,3.217193365097046,3.025208668783307,megabytes,88270.0,88270.0,58.0,54.57142857142857,0.091365376,0.091365376,0.80625,0.7257254464285713,success,sinkhorn,0.01,100000
1D-gaussian-4c-128p,128,128,0.1733134798165626,100000,4.687017401885032e-06,,seconds,3.386791944503784,3.118953576311469,megabytes,88270.0,88270.0,56.0,49.3125,0.088731648,0.088731648,0.80390625,0.731787109375,success,sinkhorn,0.01,100000
1D-gaussian-4c-128p,128,128,0.0842651638441592,481,8.799480245197969e-07,,seconds,0.2144067287445068,0.0206689815968275,megabytes,88270.0,88270.0,3.0,3.0,0.073637888,0.073637888,0.0,0.0,success,sinkhorn,0.01,100000
1D-gaussian-4c-128p,128,128,0.1978982213000476,100000,1.7131305680510746e-05,,seconds,3.259643077850342,3.11429494433105,megabytes,88270.0,88270.0,56.0,51.1875,0.088154112,0.088154112,0.8140625,0.7395019531250001,success,sinkhorn,0.01,100000
1D-gaussian-4c-128p,128,128,0.01963845431863,271,9.788753317848498e-07,,seconds,0.2182555198669433,0.010664839297533,megabytes,88270.0,88270.0,0.0,0.0,0.06592512,0.06592512,0.0,0.0,success,sinkhorn,0.01,100000
1D-gaussian-4c-128p,128,128,0.0278936936012599,1781,9.959012269210014e-07,,seconds,0.2163116931915283,0.0577836837619543,megabytes,88270.0,88270.0,0.0,0.0,0.065036288,0.065036288,0.11875,0.11875,success,sinkhorn,0.01,100000
1D-gaussian-4c-128p,128,128,0.148975637798448,261,9.71088818179441e-07,,seconds,0.2188820838928222,0.0103505719453096,megabytes,88270.0,88270.0,0.0,0.0,0.065982464,0.065982464,0.0,0.0,success,sinkhorn,0.01,100000
1D-gaussian-4c-128p,128,128,0.2908096301884385,100000,1.5112355927438164e-05,,seconds,3.0636091232299805,3.0144993290305138,megabytes,88270.0,88270.0,57.0,49.5,0.088035328,0.088035328,0.8109375,0.7638392857142857,success,sinkhorn,0.01,100000
1D-gaussian-4c-128p,128,128,0.0856416449393849,100000,1.8473901643152648e-06,,seconds,3.1352241039276123,2.988146079704165,megabytes,88270.0,88270.0,59.0,53.785714285714285,0.090640384,0.090640384,0.80703125,0.7372209821428571,success,sinkhorn,0.01,100000
1D-gaussian-4c-128p,128,128,0.116882954431142,101,8.842571295368179e-07,,seconds,0.2492384910583496,0.0058057662099599,megabytes,88270.0,88270.0,0.0,0.0,0.067772416,0.067772416,0.0,0.0,success,sinkhorn,0.01,100000
1D-gaussian-4c-128p,128,128,0.0822776592531824,2161,9.76065911733638e-07,,seconds,0.2151269912719726,0.0675352066755294,megabytes,88270.0,88270.0,0.0,0.0,0.06504448,0.06504448,0.19765625,0.19765625,success,sinkhorn,0.01,100000
1D-gaussian-4c-128p,128,128,0.0848042155557372,491,9.54804744848974e-07,,seconds,0.2288696765899658,0.0170867461711168,megabytes,88270.0,88270.0,0.0,0.0,0.065941504,0.065941504,0.0,0.0,success,sinkhorn,0.01,100000
1D-gaussian-4c-128p,128,128,0.0087469163418481,231,6.90284728539232e-07,,seconds,0.2450447082519531,0.0091449674218893,megabytes,88270.0,88270.0,0.0,0.0,0.065839104,0.065839104,0.0,0.0,success,sinkhorn,0.01,100000
1D-gaussian-4c-256p,256,256,0.0353938356053266,211,6.781627616020595e-07,,seconds,0.2425277233123779,0.0095158629119396,megabytes,88270.0,88270.0,0.0,0.0,0.06590464,0.06590464,0.0,0.0,success,sinkhorn,0.01,100000
1D-gaussian-4c-256p,256,256,0.0822775703641064,2051,9.84766600829592e-07,,seconds,0.249500036239624,0.0693788975477218,megabytes,88270.0,88270.0,0.0,0.0,0.073084928,0.073084928,0.1671875,0.1671875,success,sinkhorn,0.01,100000
1D-gaussian-4c-256p,256,256,0.1070426530293811,5631,9.890172369396914e-07,,seconds,0.243232250213623,0.2013440653681755,megabytes,88270.0,88270.0,4.0,4.0,0.06504448,0.06504448,0.62421875,0.62421875,success,sinkhorn,0.01,100000
1D-gaussian-4c-256p,256,256,0.1168829141349484,101,6.27521829882972e-07,,seconds,0.0,0.0056346915662288,megabytes,0.0,0.0,0.0,0.0,0.0,0.0,0.0,0.0,success,sinkhorn,0.01,100000
1D-gaussian-4c-256p,256,256,0.0196384520518456,261,8.334637108994313e-07,,seconds,0.2121367454528808,0.0113819502294063,megabytes,88270.0,88270.0,1.0,1.0,0.065949696,0.065949696,0.0,0.0,success,sinkhorn,0.01,100000
1D-gaussian-4c-256p,256,256,0.0087468530900402,221,7.495268637044475e-07,,seconds,0.213836669921875,0.0096907932311296,megabytes,88270.0,88270.0,0.0,0.0,0.065912832,0.065912832,0.0,0.0,success,sinkhorn,0.01,100000
1D-gaussian-4c-256p,256,256,0.0088182310366762,151,9.2918437790102e-07,,seconds,0.2136456966400146,0.0073398370295763,megabytes,88270.0,88270.0,0.0,0.0,0.065880064,0.065880064,0.0,0.0,success,sinkhorn,0.01,100000
1D-gaussian-4c-256p,256,256,0.1979036307573218,100000,1.0352729766722233e-05,,seconds,3.852175235748291,3.599372960627079,megabytes,88270.0,88270.0,51.0,46.388888888888886,0.088752128,0.088752128,0.81015625,0.742795138888889,success,sinkhorn,0.01,100000
1D-gaussian-4c-256p,256,256,0.0855763891416208,211,6.411635630521741e-07,,seconds,0.211064338684082,0.0095366388559341,megabytes,88270.0,88270.0,0.0,0.0,0.06592512,0.06592512,0.0,0.0,success,sinkhorn,0.01,100000
1D-gaussian-4c-256p,256,256,0.1733102501857925,100000,5.274153432582961e-06,,seconds,3.575645446777344,3.5359129812568426,megabytes,88270.0,88270.0,52.0,47.1764705882353,0.088670208,0.088670208,0.80703125,0.7714154411764704,success,sinkhorn,0.01,100000
1D-gaussian-4c-256p,256,256,0.1118159289940147,261,9.922476791187151e-07,,seconds,0.2429475784301757,0.0110300779342651,megabytes,88270.0,88270.0,0.0,0.0,0.065941504,0.065941504,0.0,0.0,success,sinkhorn,0.01,100000
1D-gaussian-4c-256p,256,256,0.0102405376214465,771,9.081194900156248e-07,,seconds,0.2147848606109619,0.0303064510226249,megabytes,88270.0,88270.0,0.0,0.0,0.065458176,0.065458176,0.0796875,0.0796875,success,sinkhorn,0.01,100000
1D-gaussian-4c-256p,256,256,0.0842646963662227,461,9.201200837764712e-07,,seconds,0.2112221717834472,0.0175585709512233,megabytes,88270.0,88270.0,4.0,4.0,0.0734208,0.0734208,0.0,0.0,success,sinkhorn,0.01,100000
1D-gaussian-4c-256p,256,256,0.1489750033458276,261,6.963336459708736e-07,,seconds,0.2115018367767334,0.0117083191871643,megabytes,88270.0,88270.0,0.0,0.0,0.065978368,0.065978368,0.0,0.0,success,sinkhorn,0.01,100000
1D-gaussian-4c-256p,256,256,0.1154144073945776,71,8.263035719962579e-07,,seconds,0.2129566669464111,0.0047444496303796,megabytes,88270.0,88270.0,0.0,0.0,0.066011136,0.066011136,0.0,0.0,success,sinkhorn,0.01,100000
1D-gaussian-4c-256p,256,256,0.0848039835289042,481,8.218888496330271e-07,,seconds,0.2126076221466064,0.0193021837621927,megabytes,88270.0,88270.0,0.0,0.0,0.06602752,0.06602752,0.0,0.0,success,sinkhorn,0.01,100000
1D-gaussian-4c-256p,256,256,0.1129852577652511,571,9.499309610284456e-07,,seconds,0.2181756496429443,0.0214438531547784,megabytes,88270.0,88270.0,5.0,5.0,0.065990656,0.065990656,0.0,0.0,success,sinkhorn,0.01,100000
1D-gaussian-4c-256p,256,256,0.2310392969848094,171,5.602289375820538e-07,,seconds,0.2189345359802246,0.0083458051085472,megabytes,88270.0,88270.0,0.0,0.0,0.06592512,0.06592512,0.0,0.0,success,sinkhorn,0.01,100000
1D-gaussian-4c-256p,256,256,0.1290461288780942,1201,9.472421460570168e-07,,seconds,0.2124660015106201,0.0436667539179325,megabytes,88270.0,88270.0,0.0,0.0,0.06514688,0.06514688,0.0796875,0.0796875,success,sinkhorn,0.01,100000
1D-gaussian-4c-256p,256,256,0.0278935256594458,1691,9.976877947269594e-07,,seconds,0.2336385250091552,0.0586284585297107,megabytes,88270.0,88270.0,0.0,0.0,0.075309056,0.075309056,0.11328125,0.11328125,success,sinkhorn,0.01,100000
1D-gaussian-4c-256p,256,256,0.0856422159628669,72621,9.999896075500404e-07,,seconds,2.521162986755371,2.379182934761048,megabytes,88270.0,88270.0,57.0,51.8,0.088092672,0.088092672,0.80078125,0.73734375,success,sinkhorn,0.01,100000
1D-gaussian-4c-256p,256,256,0.0351122293136663,761,9.41080826766744e-07,,seconds,0.2278540134429931,0.029673870652914,megabytes,88270.0,88270.0,0.0,0.0,0.06549504,0.06549504,0.0375,0.0375,success,sinkhorn,0.01,100000
1D-gaussian-4c-256p,256,256,0.1107443968103036,351,8.29462553955048e-07,,seconds,0.2359092235565185,0.014907494187355,megabytes,88270.0,88270.0,3.0,3.0,0.066060288,0.066060288,0.0,0.0,success,sinkhorn,0.01,100000
1D-gaussian-4c-256p,256,256,0.2583300225303057,201,4.826896977824321e-07,,seconds,0.2429873943328857,0.0092261340469121,megabytes,88270.0,88270.0,0.0,0.0,0.065974272,0.065974272,0.0,0.0,success,sinkhorn,0.01,100000
1D-gaussian-4c-256p,256,256,0.0686866341306177,421,8.764219018066874e-07,,seconds,0.2435057163238525,0.0169180333614349,megabytes,88270.0,88270.0,0.0,0.0,0.066023424,0.066023424,0.0,0.0,success,sinkhorn,0.01,100000
1D-gaussian-4c-256p,256,256,0.2908116179087529,100000,9.452770961054568e-06,,seconds,3.7463650703430176,3.56084849499166,megabytes,88270.0,88270.0,56.0,48.94117647058823,0.08951808,0.08951808,0.80859375,0.7355238970588234,success,sinkhorn,0.01,100000
1D-gaussian-4c-256p,256,256,0.0847547632858969,1241,9.88237468374814e-07,,seconds,0.2113306522369384,0.0463786590844392,megabytes,88270.0,88270.0,0.0,0.0,0.065122304,0.065122304,0.12109375,0.12109375,success,sinkhorn,0.01,100000
1D-gaussian-4c-256p,256,256,0.2504618538850833,100000,3.76743271345258e-06,,seconds,3.628424882888794,3.4537535086274147,megabytes,88270.0,88270.0,56.0,46.93333333333333,0.089120768,0.089120768,0.81015625,0.7332291666666666,success,sinkhorn,0.01,100000
1D-gaussian-4c-256p,256,256,0.0654407093062405,761,9.010935614155924e-07,,seconds,0.2238099575042724,0.0266076140105724,megabytes,88270.0,88270.0,7.0,7.0,0.065994752,0.065994752,0.0,0.0,success,sinkhorn,0.01,100000
1D-gaussian-4c-256p,256,256,0.1111840154065049,231,6.975316535047308e-07,,seconds,0.2172255516052246,0.0100644901394844,megabytes,88270.0,88270.0,2.0,2.0,0.065912832,0.065912832,0.0,0.0,success,sinkhorn,0.01,100000
1D-gaussian-4c-512p,512,512,0.0102404457500696,731,9.729836318357575e-07,,seconds,0.2607510089874267,0.0318996421992778,megabytes,88270.0,88270.0,0.0,0.0,0.073261056,0.073261056,0.06484375,0.06484375,success,sinkhorn,0.01,100000
1D-gaussian-4c-512p,512,512,0.0686860349683228,401,9.768692577298314e-07,,seconds,0.2612514495849609,0.0173119474202394,megabytes,88270.0,88270.0,4.0,4.0,0.065961984,0.065961984,0.0,0.0,success,sinkhorn,0.01,100000
1D-gaussian-4c-512p,512,512,0.065440288522359,731,8.952425769651687e-07,,seconds,0.2149503231048584,0.0300631653517484,megabytes,88270.0,88270.0,1.0,1.0,0.065511424,0.065511424,0.040625,0.040625,success,sinkhorn,0.01,100000
1D-gaussian-4c-512p,512,512,0.2908129876717553,100000,6.217120944670086e-06,,seconds,4.060379981994629,3.793571304529905,megabytes,88270.0,88270.0,60.0,54.05555555555556,0.090976256,0.090976256,0.8109375,0.7456597222222221,success,sinkhorn,0.01,100000
1D-gaussian-4c-512p,512,512,0.0351120815366929,721,9.804647148806105e-07,,seconds,0.2104251384735107,0.0300202034413814,megabytes,88270.0,88270.0,0.0,0.0,0.065511424,0.065511424,0.03984375,0.03984375,success,sinkhorn,0.01,100000
1D-gaussian-4c-512p,512,512,0.0848033563259247,461,8.612496685134735e-07,,seconds,0.212831974029541,0.0194662306457757,megabytes,88270.0,88270.0,0.0,0.0,0.065998848,0.065998848,0.0,0.0,success,sinkhorn,0.01,100000
1D-gaussian-4c-512p,512,512,0.1129844454866914,551,9.462822188864488e-07,,seconds,0.2195165157318115,0.0249719806015491,megabytes,88270.0,88270.0,0.0,0.0,0.07424,0.07424,0.0,0.0,success,sinkhorn,0.01,100000
1D-gaussian-4c-512p,512,512,0.0855758456066672,201,7.953549491293036e-07,,seconds,0.209639310836792,0.0096868574619293,megabytes,88270.0,88270.0,0.0,0.0,0.065941504,0.065941504,0.0,0.0,success,sinkhorn,0.01,100000
1D-gaussian-4c-512p,512,512,0.1489740582889734,251,8.158475753125609e-07,,seconds,0.2109487056732177,0.0116984713822603,megabytes,88270.0,88270.0,3.0,3.0,0.065970176,0.065970176,0.0,0.0,success,sinkhorn,0.01,100000
1D-gaussian-4c-512p,512,512,0.0822774512493886,1941,9.939473000026211e-07,,seconds,0.2447645664215088,0.0757558308541774,megabytes,88270.0,88270.0,0.0,0.0,0.065040384,0.065040384,0.2046875,0.2046875,success,sinkhorn,0.01,100000
1D-gaussian-4c-512p,512,512,0.0196384460532179,241,8.545183184666301e-07,,seconds,0.2184727191925048,0.0113250222057104,megabytes,88270.0,88270.0,0.0,0.0,0.0659456,0.0659456,0.0,0.0,success,sinkhorn,0.01,100000
1D-gaussian-4c-512p,512,512,0.2504624882166066,100000,2.2859593750244804e-06,,seconds,3.904167652130127,3.792763249948621,megabytes,88270.0,88270.0,59.0,56.72222222222222,0.090820608,0.090820608,0.80390625,0.7581597222222223,success,sinkhorn,0.01,100000
1D-gaussian-4c-512p,512,512,0.197901714415368,100000,7.760026161912902e-06,,seconds,4.031342506408691,3.811197131872177,megabytes,88270.0,88270.0,59.0,54.333333333333336,0.090800128,0.090800128,0.8,0.7428385416666666,success,sinkhorn,0.01,100000
1D-gaussian-4c-512p,512,512,0.1733097606744075,100000,4.0518314211913645e-06,,seconds,3.8137810230255127,3.709392588585615,megabytes,88270.0,88270.0,60.0,54.16666666666666,0.093458432,0.093458432,0.81484375,0.7655815972222223,success,sinkhorn,0.01,100000
1D-gaussian-4c-512p,512,512,0.2310377961818501,161,8.942538728832595e-07,,seconds,0.2141449451446533,0.0082896426320075,megabytes,88270.0,88270.0,0.0,0.0,0.065941504,0.065941504,0.0,0.0,success,sinkhorn,0.01,100000
1D-gaussian-4c-512p,512,512,0.0278932876444545,1601,9.995981420731205e-07,,seconds,0.215925931930542,0.0631359405815601,megabytes,88270.0,88270.0,1.0,1.0,0.065028096,0.065028096,0.2,0.2,success,sinkhorn,0.01,100000
1D-gaussian-4c-512p,512,512,0.0087467576360785,211,8.138551602892328e-07,,seconds,0.2158117294311523,0.0103357378393411,megabytes,88270.0,88270.0,0.0,0.0,0.065912832,0.065912832,0.0,0.0,success,sinkhorn,0.01,100000
1D-gaussian-4c-512p,512,512,0.1154144073945773,71,5.842848590746578e-07,,seconds,0.0,0.0051632281392812,megabytes,0.0,0.0,0.0,0.0,0.0,0.0,0.0,0.0,success,sinkhorn,0.01,100000
1D-gaussian-4c-512p,512,512,0.1107437031950248,341,8.20777685351582e-07,,seconds,0.2122559547424316,0.0164014846086502,megabytes,88270.0,88270.0,1.0,1.0,0.071868416,0.071868416,0.0,0.0,success,sinkhorn,0.01,100000
1D-gaussian-4c-512p,512,512,0.0353936362265284,201,8.006769414955362e-07,,seconds,0.2175261974334716,0.0097867101430892,megabytes,88270.0,88270.0,0.0,0.0,0.06596608,0.06596608,0.0,0.0,success,sinkhorn,0.01,100000
1D-gaussian-4c-512p,512,512,0.1070417830124145,5321,9.972474915540031e-07,,seconds,0.2163100242614746,0.2049736119806766,megabytes,88270.0,88270.0,0.0,0.0,0.06506496,0.06506496,0.72109375,0.72109375,success,sinkhorn,0.01,100000
1D-gaussian-4c-512p,512,512,0.0088182310366762,151,6.570325745832008e-07,,seconds,0.2153253555297851,0.0080060809850692,megabytes,88270.0,88270.0,14.0,14.0,0.06596608,0.06596608,0.03984375,0.03984375,success,sinkhorn,0.01,100000
1D-gaussian-4c-512p,512,512,0.1168828570472026,101,4.4624719479764754e-07,,seconds,0.0,0.0061362143605947,megabytes,0.0,0.0,0.0,0.0,0.0,0.0,0.0,0.0,success,sinkhorn,0.01,100000
1D-gaussian-4c-512p,512,512,0.1111837522026415,221,7.839843460217997e-07,,seconds,0.2157404422760009,0.0106715559959411,megabytes,88270.0,88270.0,0.0,0.0,0.066056192,0.066056192,0.0,0.0,success,sinkhorn,0.01,100000
1D-gaussian-4c-512p,512,512,0.0847542613270424,1121,9.735676153413484e-07,,seconds,0.2161004543304443,0.0462995581328868,megabytes,88270.0,88270.0,2.0,2.0,0.072912896,0.072912896,0.07890625,0.07890625,success,sinkhorn,0.01,100000
1D-gaussian-4c-512p,512,512,0.1118159289133185,261,7.016250634025217e-07,,seconds,0.2168147563934326,0.0132964719086885,megabytes,88270.0,88270.0,0.0,0.0,0.073580544,0.073580544,0.0,0.0,success,sinkhorn,0.01,100000
1D-gaussian-4c-512p,512,512,0.0856407393881411,261,8.933784212871181e-07,,seconds,0.2120172977447509,0.0121103078126907,megabytes,88270.0,88270.0,0.0,0.0,0.069562368,0.069562368,0.0,0.0,success,sinkhorn,0.01,100000
1D-gaussian-4c-512p,512,512,0.0842640158766516,441,9.621473078464617e-07,,seconds,0.2189435958862304,0.0188644584268331,megabytes,88270.0,88270.0,0.0,0.0,0.06961152,0.06961152,0.0,0.0,success,sinkhorn,0.01,100000
1D-gaussian-4c-512p,512,512,0.1290454314750571,1151,9.45500676052648e-07,,seconds,0.2155075073242187,0.0461874529719352,megabytes,88270.0,88270.0,5.0,5.0,0.068972544,0.068972544,0.08125,0.08125,success,sinkhorn,0.01,100000
1D-gaussian-4c-512p,512,512,0.2583291721172102,191,7.177379572575402e-07,,seconds,0.2111592292785644,0.0094748102128505,megabytes,88270.0,88270.0,0.0,0.0,0.069545984,0.069545984,0.0,0.0,success,sinkhorn,0.01,100000
1D-gaussian-4c-1024p,1024,1024,0.1489724927913166,241,9.558702470999622e-07,,seconds,0.2123324871063232,0.0112148374319076,megabytes,88270.0,88270.0,0.0,0.0,0.069480448,0.069480448,0.0,0.0,success,sinkhorn,0.01,100000
1D-gaussian-4c-1024p,1024,1024,0.0847537636258947,1061,9.518792751309472e-07,,seconds,0.2246882915496826,0.0427203122526407,megabytes,88270.0,88270.0,12.0,12.0,0.069001216,0.069001216,0.1140625,0.1140625,success,sinkhorn,0.01,100000
1D-gaussian-4c-1024p,1024,1024,0.2310377961824036,161,6.3233297878807e-07,,seconds,0.2225277423858642,0.0085159093141555,megabytes,88270.0,88270.0,0.0,0.0,0.065855488,0.065855488,0.0,0.0,success,sinkhorn,0.01,100000
1D-gaussian-4c-1024p,1024,1024,0.2583291645521611,191,5.076164611575198e-07,,seconds,0.2162649631500244,0.0097546316683292,megabytes,88270.0,88270.0,0.0,0.0,0.065908736,0.065908736,0.0,0.0,success,sinkhorn,0.01,100000
1D-gaussian-4c-1024p,1024,1024,0.1129833011420613,531,9.42645391046843e-07,,seconds,0.2161269187927246,0.0236404947936534,megabytes,88270.0,88270.0,2.0,2.0,0.066015232,0.066015232,0.0,0.0,success,sinkhorn,0.01,100000
1D-gaussian-4c-1024p,1024,1024,0.1107427325535219,331,8.121840365412058e-07,,seconds,0.2076501846313476,0.0151266548782587,megabytes,88270.0,88270.0,0.0,0.0,0.06608896,0.06608896,0.0,0.0,success,sinkhorn,0.01,100000
1D-gaussian-4c-1024p,1024,1024,0.0855748920857888,191,9.86625910424765e-07,,seconds,0.2118787765502929,0.0095476564019918,megabytes,88270.0,88270.0,0.0,0.0,0.065961984,0.065961984,0.0,0.0,success,sinkhorn,0.01,100000
1D-gaussian-4c-1024p,1024,1024,0.0856401620898176,251,7.790570004320716e-07,,seconds,0.2089552879333496,0.0119515266269445,megabytes,88270.0,88270.0,0.0,0.0,0.065908736,0.065908736,0.0,0.0,success,sinkhorn,0.01,100000
1D-gaussian-4c-1024p,1024,1024,0.0654394511921187,691,9.961799947805715e-07,,seconds,0.2112982273101806,0.0283713340759277,megabytes,88270.0,88270.0,0.0,0.0,0.065421312,0.065421312,0.0,0.0,success,sinkhorn,0.01,100000
1D-gaussian-4c-1024p,1024,1024,0.1979019197241432,100000,5.462798538998671e-06,,seconds,3.987149000167847,3.8592993710190058,megabytes,88270.0,88270.0,59.0,52.47368421052632,0.168861696,0.168861696,0.81328125,0.7569490131578945,success,sinkhorn,0.01,100000
1D-gaussian-4c-1024p,1024,1024,0.0353933039890117,191,9.453243842969196e-07,,seconds,0.2570478916168213,0.0093533899635076,megabytes,88270.0,88270.0,2.0,2.0,0.065806336,0.065806336,0.0,0.0,success,sinkhorn,0.01,100000
1D-gaussian-4c-1024p,1024,1024,0.1290444473305484,1101,9.437750167841588e-07,,seconds,0.2095265388488769,0.0445629898458719,megabytes,88270.0,88270.0,0.0,0.0,0.065097728,0.065097728,0.12265625,0.12265625,success,sinkhorn,0.01,100000
1D-gaussian-4c-1024p,1024,1024,0.1733088964332624,100000,3.119080214753157e-06,,seconds,3.92496919631958,3.8900031484663486,megabytes,88270.0,88270.0,59.0,52.3125,0.091533312,0.091533312,0.8125,0.7797851562499999,success,sinkhorn,0.01,100000
1D-gaussian-4c-1024p,1024,1024,0.111183333832717,211,8.811566150768806e-07,,seconds,0.2419207096099853,0.0104018524289131,megabytes,88270.0,88270.0,2.0,2.0,0.06586368,0.06586368,0.0,0.0,success,sinkhorn,0.01,100000
1D-gaussian-4c-1024p,1024,1024,0.084263561775583,431,8.273395152957901e-07,,seconds,0.2407636642456054,0.0187715794891119,megabytes,88270.0,88270.0,5.0,5.0,0.065540096,0.065540096,0.0,0.0,success,sinkhorn,0.01,100000
1D-gaussian-4c-1024p,1024,1024,0.1070405910766817,5021,9.938238159221171e-07,,seconds,0.2450044155120849,0.1928445026278495,megabytes,88270.0,88270.0,0.0,0.0,0.065036288,0.065036288,0.58515625,0.58515625,success,sinkhorn,0.01,100000
1D-gaussian-4c-1024p,1024,1024,0.0848024268252063,441,9.02509480998539e-07,,seconds,0.2471568584442138,0.0194419454783201,megabytes,88270.0,88270.0,8.0,8.0,0.065445888,0.065445888,0.0,0.0,success,sinkhorn,0.01,100000
1D-gaussian-4c-1024p,1024,1024,0.0088180266875939,141,9.107212577334284e-07,,seconds,0.2106978893280029,0.0078607946634292,megabytes,88270.0,88270.0,2.0,2.0,0.065875968,0.065875968,0.0,0.0,success,sinkhorn,0.01,100000
1D-gaussian-4c-1024p,1024,1024,0.0351119264287067,691,9.271730257194096e-07,,seconds,0.2189722061157226,0.0300451926887035,megabytes,88270.0,88270.0,0.0,0.0,0.065503232,0.065503232,0.040625,0.040625,success,sinkhorn,0.01,100000
1D-gaussian-4c-1024p,1024,1024,0.1154144073945772,71,4.131517860051629e-07,,seconds,0.2115161418914795,0.0049357898533344,megabytes,88270.0,88270.0,0.0,0.0,0.06592512,0.06592512,0.0,0.0,success,sinkhorn,0.01,100000
1D-gaussian-4c-1024p,1024,1024,0.1118151869582101,251,7.355699416197214e-07,,seconds,0.2098207473754882,0.0116147808730602,megabytes,88270.0,88270.0,0.0,0.0,0.065916928,0.065916928,0.0,0.0,success,sinkhorn,0.01,100000
1D-gaussian-4c-1024p,1024,1024,0.2504632846406045,100000,1.35747648769725e-06,,seconds,3.920260429382324,3.863813886418938,megabytes,88270.0,88270.0,59.0,55.27777777777778,0.08890368,0.08890368,0.80703125,0.7697048611111111,success,sinkhorn,0.01,100000
1D-gaussian-4c-1024p,1024,1024,0.0087466114870776,201,8.837064676330341e-07,,seconds,0.2116949558258056,0.009853508323431,megabytes,88270.0,88270.0,14.0,14.0,0.06590464,0.06590464,0.0,0.0,success,sinkhorn,0.01,100000
1D-gaussian-4c-1024p,1024,1024,0.2908138518512693,100000,4.078324989475947e-06,,seconds,3.986648321151733,3.8310620356351137,megabytes,88270.0,88270.0,59.0,55.888888888888886,0.088961024,0.088961024,0.815625,0.7654513888888891,success,sinkhorn,0.01,100000
1D-gaussian-4c-1024p,1024,1024,0.082277306018839,1841,9.71463208138474e-07,,seconds,0.2061636447906494,0.0725682843476533,megabytes,88270.0,88270.0,0.0,0.0,0.065011712,0.065011712,0.28828125,0.28828125,success,sinkhorn,0.01,100000
1D-gaussian-4c-1024p,1024,1024,0.1168827790295619,101,3.181830525966006e-07,,seconds,0.2112996578216552,0.0060775596648454,megabytes,88270.0,88270.0,0.0,0.0,0.065859584,0.065859584,0.0,0.0,success,sinkhorn,0.01,100000
1D-gaussian-4c-1024p,1024,1024,0.0102403469851766,701,9.39562138375421e-07,,seconds,0.2238202095031738,0.0289414450526237,megabytes,88270.0,88270.0,0.0,0.0,0.06547456,0.06547456,0.03828125,0.03828125,success,sinkhorn,0.01,100000
1D-gaussian-4c-1024p,1024,1024,0.0196384373684991,221,8.761086187773747e-07,,seconds,0.2128562927246093,0.011001294478774,megabytes,88270.0,88270.0,3.0,3.0,0.06586368,0.06586368,0.0,0.0,success,sinkhorn,0.01,100000
1D-gaussian-4c-1024p,1024,1024,0.0278929938509933,1521,9.63611339053533e-07,,seconds,0.2384257316589355,0.064632648602128,megabytes,88270.0,88270.0,2.0,2.0,0.075481088,0.075481088,0.14765625,0.14765625,success,sinkhorn,0.01,100000
1D-gaussian-4c-1024p,1024,1024,0.06868561615833,391,8.672411800356482e-07,,seconds,0.2128536701202392,0.0177449733018875,megabytes,88270.0,88270.0,0.0,0.0,0.06592512,0.06592512,0.0,0.0,success,sinkhorn,0.01,100000
1D-gaussian-4c-2048p,2048,2048,0.1111826688599878,201,9.903822183068088e-07,,seconds,0.2155728340148925,0.0133415292948484,megabytes,88270.0,88270.0,3.0,3.0,0.066048,0.066048,0.0,0.0,success,sinkhorn,0.01,100000
1D-gaussian-4c-2048p,2048,2048,0.0196384248001591,201,8.982501033944029e-07,,seconds,0.211519718170166,0.012885496020317,megabytes,88270.0,88270.0,0.0,0.0,0.065929216,0.065929216,0.0,0.0,success,sinkhorn,0.01,100000
1D-gaussian-4c-2048p,2048,2048,0.0353933039598237,191,6.68445281932554e-07,,seconds,0.2166297435760498,0.012297423556447,megabytes,88270.0,88270.0,0.0,0.0,0.065957888,0.065957888,0.0,0.0,success,sinkhorn,0.01,100000
1D-gaussian-4c-2048p,2048,2048,0.0278925337912127,1431,9.658290596808891e-07,,seconds,0.2457175254821777,0.0756068564951419,megabytes,88270.0,88270.0,13.0,13.0,0.065130496,0.065130496,0.215625,0.215625,success,sinkhorn,0.01,100000
1D-gaussian-4c-2048p,2048,2048,0.2310377961827554,161,4.471269378130457e-07,,seconds,0.2150156497955322,0.0111946761608123,megabytes,88270.0,88270.0,0.0,0.0,0.065970176,0.065970176,0.0,0.0,success,sinkhorn,0.01,100000
1D-gaussian-4c-2048p,2048,2048,0.0686844300984079,371,9.666290866795218e-07,,seconds,0.2140398025512695,0.0220818612724542,megabytes,88270.0,88270.0,0.0,0.0,0.066019328,0.066019328,0.0,0.0,success,sinkhorn,0.01,100000
1D-gaussian-4c-2048p,2048,2048,0.129043058119876,1051,9.420702730657726e-07,,seconds,0.2151119709014892,0.0570223573595285,megabytes,88270.0,88270.0,7.0,7.0,0.065101824,0.065101824,0.159375,0.159375,success,sinkhorn,0.01,100000
1D-gaussian-4c-2048p,2048,2048,0.0842623380208801,411,8.651400251863094e-07,,seconds,0.2178237438201904,0.0243292823433876,megabytes,88270.0,88270.0,0.0,0.0,0.06596608,0.06596608,0.03984375,0.03984375,success,sinkhorn,0.01,100000
1D-gaussian-4c-2048p,2048,2048,0.2908149261609838,100000,2.6424172690497875e-06,,seconds,5.100510597229004,4.907561043277383,megabytes,88270.0,88270.0,70.0,63.85714285714285,0.169807872,0.169807872,0.80546875,0.7460193452380953,success,sinkhorn,0.01,100000
1D-gaussian-4c-2048p,2048,2048,0.1168819928868344,91,7.91540461492774e-07,,seconds,0.0,0.0074374228715896,megabytes,0.0,0.0,0.0,0.0,0.0,0.0,0.0,0.0,success,sinkhorn,0.01,100000
1D-gaussian-4c-2048p,2048,2048,0.0822770927961973,1731,9.809578726353665e-07,,seconds,0.2165572643280029,0.0916791968047618,megabytes,88270.0,88270.0,2.0,2.0,0.065134592,0.065134592,0.240625,0.240625,success,sinkhorn,0.01,100000
1D-gaussian-4c-2048p,2048,2048,0.0856390135701773,241,7.750327728962656e-07,,seconds,0.2135860919952392,0.0153950061649084,megabytes,88270.0,88270.0,0.0,0.0,0.066080768,0.066080768,0.0,0.0,success,sinkhorn,0.01,100000
1D-gaussian-4c-2048p,2048,2048,0.1118140869849849,241,7.711503196645974e-07,,seconds,0.2158172130584716,0.0153628010302782,megabytes,88270.0,88270.0,0.0,0.0,0.066048,0.066048,0.0,0.0,success,sinkhorn,0.01,100000
1D-gaussian-4c-2048p,2048,2048,0.1489724927841452,241,6.759023336396055e-07,,seconds,0.2123303413391113,0.0152640379965305,megabytes,88270.0,88270.0,0.0,0.0,0.070443008,0.070443008,0.0,0.0,success,sinkhorn,0.01,100000
1D-gaussian-4c-2048p,2048,2048,0.0351116354134365,651,9.660022621564083e-07,,seconds,0.211557388305664,0.0350473001599311,megabytes,88270.0,88270.0,0.0,0.0,0.06551552,0.06551552,0.040625,0.040625,success,sinkhorn,0.01,100000
1D-gaussian-4c-2048p,2048,2048,0.1154144073945772,71,2.9214242954242697e-07,,seconds,0.2111291885375976,0.0063075311481952,megabytes,88270.0,88270.0,0.0,0.0,0.065921024,0.065921024,0.0,0.0,success,sinkhorn,0.01,100000
1D-gaussian-4c-2048p,2048,2048,0.1070389137967253,4721,9.90032525881933e-07,,seconds,0.4224371910095215,0.2300450969487428,megabytes,88270.0,88270.0,50.0,25.0,0.074809344,0.074809344,0.79609375,0.398046875,success,sinkhorn,0.01,100000
1D-gaussian-4c-2048p,2048,2048,0.0654385209438297,661,9.89701703429421e-07,,seconds,0.2143111228942871,0.0365748088806867,megabytes,88270.0,88270.0,0.0,0.0,0.065527808,0.065527808,0.0796875,0.0796875,success,sinkhorn,0.01,100000
1D-gaussian-4c-2048p,2048,2048,0.0102402121808901,671,9.072301952322316e-07,,seconds,0.2118377685546875,0.0360967740416526,megabytes,88270.0,88270.0,0.0,0.0,0.065490944,0.065490944,0.08125,0.08125,success,sinkhorn,0.01,100000
1D-gaussian-4c-2048p,2048,2048,0.2504620911725238,211,9.86709968708821e-07,,seconds,0.2138254642486572,0.0137588344514369,megabytes,88270.0,88270.0,4.0,4.0,0.066031616,0.066031616,0.0,0.0,success,sinkhorn,0.01,100000
1D-gaussian-4c-2048p,2048,2048,0.0087463871819688,191,9.595560786441535e-07,,seconds,0.2161121368408203,0.0126522313803434,megabytes,88270.0,88270.0,0.0,0.0,0.065929216,0.065929216,0.0,0.0,success,sinkhorn,0.01,100000
1D-gaussian-4c-2048p,2048,2048,0.1129816888729568,511,9.390195562338332e-07,,seconds,0.2191879749298095,0.029651716351509,megabytes,88270.0,88270.0,0.0,0.0,0.065585152,0.065585152,0.0390625,0.0390625,success,sinkhorn,0.01,100000
1D-gaussian-4c-2048p,2048,2048,0.0855748920857888,191,6.976498717556733e-07,,seconds,0.2109723091125488,0.0126878377050161,megabytes,88270.0,88270.0,3.0,3.0,0.065933312,0.065933312,0.0,0.0,success,sinkhorn,0.01,100000
1D-gaussian-4c-2048p,2048,2048,0.1979019711739358,100000,3.86051586475846e-06,,seconds,5.381075143814087,5.215905947610736,megabytes,88270.0,88270.0,65.0,61.833333333333336,0.169787392,0.169787392,0.80703125,0.7593749999999999,success,sinkhorn,0.01,100000
1D-gaussian-4c-2048p,2048,2048,0.1107413742407138,321,8.036802661770809e-07,,seconds,0.2955923080444336,0.0193215981125831,megabytes,88270.0,88270.0,0.0,0.0,0.065908736,0.065908736,0.0,0.0,success,sinkhorn,0.01,100000
1D-gaussian-4c-2048p,2048,2048,0.0847528403243408,1001,9.927609188668835e-07,,seconds,0.2392613887786865,0.0546663459390401,megabytes,88270.0,88270.0,17.0,17.0,0.065069056,0.065069056,0.1078125,0.1078125,success,sinkhorn,0.01,100000
1D-gaussian-4c-2048p,2048,2048,0.2583273798046536,181,7.546825480265451e-07,,seconds,0.2395932674407959,0.0116719044744968,megabytes,88270.0,88270.0,0.0,0.0,0.065953792,0.065953792,0.0,0.0,success,sinkhorn,0.01,100000
1D-gaussian-4c-2048p,2048,2048,0.0088180266875939,141,6.43977177114153e-07,,seconds,0.2378242015838623,0.0099928025156259,megabytes,88270.0,88270.0,0.0,0.0,0.066002944,0.066002944,0.0,0.0,success,sinkhorn,0.01,100000
1D-gaussian-4c-2048p,2048,2048,0.173308368941512,100000,2.333550585184413e-06,,seconds,5.099676847457886,5.102193346247077,megabytes,88270.0,88270.0,67.0,63.91666666666666,0.16984064,0.16984064,0.80703125,0.7812174479166667,success,sinkhorn,0.01,100000
1D-gaussian-4c-2048p,2048,2048,0.0848010492883054,421,9.457676605650428e-07,,seconds,0.2143211364746093,0.0247251279652118,megabytes,88270.0,88270.0,35.0,35.0,0.06565888,0.06565888,0.040625,0.040625,success,sinkhorn,0.01,100000
1D-gaussian-6c-32p,32,32,0.0398286432210581,131,4.1617117428608593e-07,,seconds,0.2086305618286132,0.0061650741845369,megabytes,88270.0,88270.0,0.0,0.0,0.065892352,0.065892352,0.0,0.0,success,sinkhorn,0.01,100000
1D-gaussian-6c-32p,32,32,0.1248519935684394,241,6.539225434214164e-07,,seconds,0.2898933887481689,0.0094251297414302,megabytes,88270.0,88270.0,2.0,2.0,0.065855488,0.065855488,0.0,0.0,success,sinkhorn,0.01,100000
1D-gaussian-6c-32p,32,32,0.028026050009749,151,8.481565448218082e-07,,seconds,0.2144832611083984,0.0083692017942667,megabytes,88270.0,88270.0,1.0,1.0,0.068861952,0.068861952,0.0,0.0,success,sinkhorn,0.01,100000
1D-gaussian-6c-32p,32,32,0.0811378503012231,401,8.311771003602773e-07,,seconds,0.2115018367767334,0.0141766294836997,megabytes,88270.0,88270.0,0.0,0.0,0.065990656,0.065990656,0.0,0.0,success,sinkhorn,0.01,100000
1D-gaussian-6c-32p,32,32,0.0171017580413271,11651,9.983569280552031e-07,,seconds,0.4210808277130127,0.3457746654748916,megabytes,88270.0,88270.0,39.0,19.5,0.074190848,0.074190848,0.78203125,0.6246093749999999,success,sinkhorn,0.01,100000
1D-gaussian-6c-32p,32,32,0.0110615636734927,3731,9.95082784673944e-07,,seconds,0.2119240760803222,0.112472653388977,megabytes,88270.0,88270.0,2.0,2.0,0.064966656,0.064966656,0.36328125,0.36328125,success,sinkhorn,0.01,100000
1D-gaussian-6c-32p,32,32,0.0214844942317379,211,5.80620204216973e-07,,seconds,0.2125468254089355,0.0083461925387382,megabytes,88270.0,88270.0,7.0,7.0,0.065789952,0.065789952,0.0,0.0,success,sinkhorn,0.01,100000
1D-gaussian-6c-32p,32,32,0.093089312753615,3961,9.87704537488045e-07,,seconds,0.2158896923065185,0.12025972828269,megabytes,88270.0,88270.0,1.0,1.0,0.064958464,0.064958464,0.40234375,0.40234375,success,sinkhorn,0.01,100000
1D-gaussian-6c-32p,32,32,0.0245993954223006,2321,9.893133686979532e-07,,seconds,0.2111361026763916,0.0709351170808076,megabytes,88270.0,88270.0,0.0,0.0,0.074600448,0.074600448,0.24375,0.24375,success,sinkhorn,0.01,100000
1D-gaussian-6c-32p,32,32,0.1213114151194543,441,9.083591461582688e-07,,seconds,0.2181334495544433,0.0160125736147165,megabytes,88270.0,88270.0,0.0,0.0,0.065937408,0.065937408,0.0,0.0,success,sinkhorn,0.01,100000
1D-gaussian-6c-32p,32,32,0.063338294560184,11201,9.9117891339449e-07,,seconds,0.4105174541473388,0.3337695971131325,megabytes,88270.0,88270.0,18.0,9.0,0.074227712,0.074227712,0.77421875,0.598828125,success,sinkhorn,0.01,100000
1D-gaussian-6c-32p,32,32,0.1197265994063634,231,6.122006983044977e-07,,seconds,0.2093245983123779,0.0090272426605224,megabytes,88270.0,88270.0,2.0,2.0,0.065908736,0.065908736,0.0,0.0,success,sinkhorn,0.01,100000
1D-gaussian-6c-32p,32,32,0.0273501217653664,181,9.073842546432488e-07,,seconds,0.2117040157318115,0.0075969975441694,megabytes,88270.0,88270.0,0.0,0.0,0.065851392,0.065851392,0.0,0.0,success,sinkhorn,0.01,100000
1D-gaussian-6c-32p,32,32,0.025705172528423,181,5.93671205438027e-07,,seconds,0.2100563049316406,0.0075542740523815,megabytes,88270.0,88270.0,0.0,0.0,0.065912832,0.065912832,0.0,0.0,success,sinkhorn,0.01,100000
1D-gaussian-6c-32p,32,32,0.0345028043855874,401,9.193869662425344e-07,,seconds,0.2138559818267822,0.0140784922987222,megabytes,88270.0,88270.0,3.0,3.0,0.065839104,0.065839104,0.0,0.0,success,sinkhorn,0.01,100000
1D-gaussian-6c-32p,32,32,0.0635922634509166,741,9.158536836848152e-07,,seconds,0.2094075679779052,0.026071036234498,megabytes,88270.0,88270.0,0.0,0.0,0.074825728,0.074825728,0.0,0.0,success,sinkhorn,0.01,100000
1D-gaussian-6c-32p,32,32,0.0722890836547277,561,9.813153512715852e-07,,seconds,0.2124614715576172,0.018998235464096,megabytes,88270.0,88270.0,0.0,0.0,0.065785856,0.065785856,0.0,0.0,success,sinkhorn,0.01,100000
1D-gaussian-6c-32p,32,32,0.0282804646587071,121,4.406791970108029e-07,,seconds,0.2094943523406982,0.0058545675128698,megabytes,88270.0,88270.0,0.0,0.0,0.06590464,0.06590464,0.0,0.0,success,sinkhorn,0.01,100000
1D-gaussian-6c-32p,32,32,0.2189786657827801,351,7.590299896223111e-07,,seconds,0.2153036594390869,0.0123510807752609,megabytes,88270.0,88270.0,1.0,1.0,0.065785856,0.065785856,0.0,0.0,success,sinkhorn,0.01,100000
1D-gaussian-6c-32p,32,32,0.0432341271951955,231,8.235000998949311e-07,,seconds,0.208646535873413,0.0091062616556882,megabytes,88270.0,88270.0,0.0,0.0,0.065830912,0.065830912,0.0,0.0,success,sinkhorn,0.01,100000
1D-gaussian-6c-32p,32,32,0.0347993161769816,111,3.492534211781052e-07,,seconds,0.0,0.0054329670965671,megabytes,0.0,0.0,0.0,0.0,0.0,0.0,0.0,0.0,success,sinkhorn,0.01,100000
1D-gaussian-6c-32p,32,32,0.0475772895302153,491,8.855921471340352e-07,,seconds,0.2105805873870849,0.0186996664851903,megabytes,88270.0,88270.0,0.0,0.0,0.073863168,0.073863168,0.0,0.0,success,sinkhorn,0.01,100000
1D-gaussian-6c-32p,32,32,0.0256026712120901,151,9.49875235487152e-07,,seconds,0.2162628173828125,0.0067191589623689,megabytes,88270.0,88270.0,0.0,0.0,0.06580224,0.06580224,0.0,0.0,success,sinkhorn,0.01,100000
1D-gaussian-6c-32p,32,32,0.1032322034202303,341,7.880762583566776e-07,,seconds,0.2173349857330322,0.0136439707130193,megabytes,88270.0,88270.0,0.0,0.0,0.0717824,0.0717824,0.0,0.0,success,sinkhorn,0.01,100000
1D-gaussian-6c-32p,32,32,0.0809664812894277,181,7.500891203999058e-07,,seconds,0.2098457813262939,0.0083842333406209,megabytes,88270.0,88270.0,0.0,0.0,0.069300224,0.069300224,0.0,0.0,success,sinkhorn,0.01,100000
1D-gaussian-6c-32p,32,32,0.0321756827483742,25361,9.989264905041807e-07,,seconds,0.904836893081665,0.7513958625495434,megabytes,88270.0,88270.0,58.0,37.0,0.074887168,0.074887168,0.78984375,0.627734375,success,sinkhorn,0.01,100000
1D-gaussian-6c-32p,32,32,0.0373001030884301,291,8.081571220880746e-07,,seconds,0.2103545665740966,0.0107993632555007,megabytes,88270.0,88270.0,0.0,0.0,0.065794048,0.065794048,0.0,0.0,success,sinkhorn,0.01,100000
1D-gaussian-6c-32p,32,32,0.1153551416901226,251,6.775759521316958e-07,,seconds,0.2094438076019287,0.0104846563190221,megabytes,88270.0,88270.0,2.0,2.0,0.07030784,0.07030784,0.0,0.0,success,sinkhorn,0.01,100000
1D-gaussian-6c-32p,32,32,0.0340065577637405,311,9.270816628959848e-07,,seconds,0.2185018062591552,0.0112185664474964,megabytes,88270.0,88270.0,3.0,3.0,0.06580224,0.06580224,0.0,0.0,success,sinkhorn,0.01,100000
1D-gaussian-6c-32p,32,32,0.0377620993177708,571,9.970074780117087e-07,,seconds,0.2163896560668945,0.019196955487132,megabytes,88270.0,88270.0,0.0,0.0,0.065892352,0.065892352,0.0,0.0,success,sinkhorn,0.01,100000
1D-gaussian-6c-64p,64,64,0.0275290074944395,171,9.420584908964428e-07,,seconds,0.2147996425628662,0.0072722136974334,megabytes,88270.0,88270.0,5.0,5.0,0.065916928,0.065916928,0.0,0.0,success,sinkhorn,0.01,100000
1D-gaussian-6c-64p,64,64,0.0813817486910987,311,6.775925169388129e-07,,seconds,0.2107090950012207,0.0116075314581394,megabytes,88270.0,88270.0,0.0,0.0,0.06600704,0.06600704,0.0,0.0,success,sinkhorn,0.01,100000
1D-gaussian-6c-64p,64,64,0.0256162000877045,191,5.76870945701014e-07,,seconds,0.2104556560516357,0.007831510156393,megabytes,88270.0,88270.0,0.0,0.0,0.06590464,0.06590464,0.0,0.0,success,sinkhorn,0.01,100000
1D-gaussian-6c-64p,64,64,0.0214256488156042,201,6.233567395572632e-07,,seconds,0.2485196590423584,0.0082313250750303,megabytes,88270.0,88270.0,0.0,0.0,0.066011136,0.066011136,0.0,0.0,success,sinkhorn,0.01,100000
1D-gaussian-6c-64p,64,64,0.0171279339051828,10891,9.972242938250854e-07,,seconds,0.4527757167816162,0.3276728000491857,megabytes,88270.0,88270.0,33.0,16.5,0.074448896,0.074448896,0.81015625,0.566796875,success,sinkhorn,0.01,100000
1D-gaussian-6c-64p,64,64,0.0372796266425429,281,7.574216587766849e-07,,seconds,0.2114672660827636,0.0119348186999559,megabytes,88270.0,88270.0,3.0,3.0,0.071176192,0.071176192,0.0,0.0,success,sinkhorn,0.01,100000
1D-gaussian-6c-64p,64,64,0.2188498774782925,321,9.256509849849692e-07,,seconds,0.2490403652191162,0.0123286005109548,megabytes,88270.0,88270.0,0.0,0.0,0.065921024,0.065921024,0.0,0.0,success,sinkhorn,0.01,100000
1D-gaussian-6c-64p,64,64,0.034049842312262,291,8.992786400096309e-07,,seconds,0.2339065074920654,0.0109500046819448,megabytes,88270.0,88270.0,2.0,2.0,0.0658432,0.0658432,0.0,0.0,success,sinkhorn,0.01,100000
1D-gaussian-6c-64p,64,64,0.0246253376837514,2171,9.973474900506808e-07,,seconds,0.2163078784942627,0.0691336300224065,megabytes,88270.0,88270.0,0.0,0.0,0.065040384,0.065040384,0.19921875,0.19921875,success,sinkhorn,0.01,100000
1D-gaussian-6c-64p,64,64,0.1155993106989378,221,6.394994538819472e-07,,seconds,0.2126429080963134,0.0087196007370948,megabytes,88270.0,88270.0,5.0,5.0,0.065896448,0.065896448,0.0,0.0,success,sinkhorn,0.01,100000
1D-gaussian-6c-64p,64,64,0.0281728031393338,111,8.473600754265828e-07,,seconds,0.0,0.0055648256093263,megabytes,0.0,0.0,0.0,0.0,0.0,0.0,0.0,0.0,success,sinkhorn,0.01,100000
1D-gaussian-6c-64p,64,64,0.1249986254734183,231,7.377331128551624e-07,,seconds,0.2150185108184814,0.0091875772923231,megabytes,88270.0,88270.0,1.0,1.0,0.065826816,0.065826816,0.0,0.0,success,sinkhorn,0.01,100000
1D-gaussian-6c-64p,64,64,0.0932126620324456,3001,9.91638195263197e-07,,seconds,0.2498316764831543,0.0929191596806049,megabytes,88270.0,88270.0,0.0,0.0,0.065032192,0.065032192,0.3,0.3,success,sinkhorn,0.01,100000
1D-gaussian-6c-64p,64,64,0.0630825416819409,44551,9.997554466193089e-07,,seconds,1.5503268241882324,1.3644569292664528,megabytes,88270.0,88270.0,56.0,40.71428571428572,0.089432064,0.089432064,0.8,0.6696428571428571,success,sinkhorn,0.01,100000
1D-gaussian-6c-64p,64,64,0.0716947450395111,541,9.395113596077864e-07,,seconds,0.2099711894989013,0.0187826063483953,megabytes,88270.0,88270.0,0.0,0.0,0.065912832,0.065912832,0.0,0.0,success,sinkhorn,0.01,100000
1D-gaussian-6c-64p,64,64,0.027781701997017,151,7.294161098279148e-07,,seconds,0.2115638256072998,0.0066630542278289,megabytes,88270.0,88270.0,0.0,0.0,0.065933312,0.065933312,0.0,0.0,success,sinkhorn,0.01,100000
1D-gaussian-6c-64p,64,64,0.0377560892182271,561,8.319095851710359e-07,,seconds,0.2090976238250732,0.018909303471446,megabytes,88270.0,88270.0,0.0,0.0,0.065941504,0.065941504,0.0,0.0,success,sinkhorn,0.01,100000
1D-gaussian-6c-64p,64,64,0.1211368749450676,521,9.348155070010874e-07,,seconds,0.2202739715576172,0.0180654134601354,megabytes,88270.0,88270.0,5.0,5.0,0.065998848,0.065998848,0.0,0.0,success,sinkhorn,0.01,100000
1D-gaussian-6c-64p,64,64,0.0321616818609977,100000,1.373413583740426e-06,,seconds,3.1589503288269043,3.032217023894191,megabytes,88270.0,88270.0,57.0,53.38461538461539,0.089112576,0.089112576,0.80625,0.7426081730769231,success,sinkhorn,0.01,100000
1D-gaussian-6c-64p,64,64,0.1041080433486131,331,8.122647620877688e-07,,seconds,0.2127265930175781,0.0120995603501796,megabytes,88270.0,88270.0,0.0,0.0,0.065941504,0.065941504,0.0,0.0,success,sinkhorn,0.01,100000
1D-gaussian-6c-64p,64,64,0.1194893525974879,231,6.023983273182209e-07,,seconds,0.2160918712615966,0.0091862063854932,megabytes,88270.0,88270.0,2.0,2.0,0.065851392,0.065851392,0.0,0.0,success,sinkhorn,0.01,100000
1D-gaussian-6c-64p,64,64,0.0345809316516006,111,9.198378021443232e-07,,seconds,0.2105193138122558,0.0055074617266654,megabytes,88270.0,88270.0,0.0,0.0,0.065814528,0.065814528,0.0,0.0,success,sinkhorn,0.01,100000
1D-gaussian-6c-64p,64,64,0.0636857500836415,711,9.86531413768423e-07,,seconds,0.2123949527740478,0.0235453862696886,megabytes,88270.0,88270.0,0.0,0.0,0.0658432,0.0658432,0.0,0.0,success,sinkhorn,0.01,100000
1D-gaussian-6c-64p,64,64,0.0398234394113673,121,7.784318797793533e-07,,seconds,0.2102112770080566,0.0058810394257307,megabytes,88270.0,88270.0,0.0,0.0,0.065728512,0.065728512,0.0,0.0,success,sinkhorn,0.01,100000
1D-gaussian-6c-64p,64,64,0.0346725137176625,241,8.14962792967495e-07,,seconds,0.2136294841766357,0.0113181583583354,megabytes,88270.0,88270.0,0.0,0.0,0.070332416,0.070332416,0.0,0.0,success,sinkhorn,0.01,100000
1D-gaussian-6c-64p,64,64,0.0255673620555692,151,5.78574375376019e-07,,seconds,0.2143795490264892,0.0067036189138889,megabytes,88270.0,88270.0,0.0,0.0,0.065818624,0.065818624,0.0,0.0,success,sinkhorn,0.01,100000
1D-gaussian-6c-64p,64,64,0.0475617827879913,461,8.375584140500188e-07,,seconds,0.2110030651092529,0.0158256962895393,megabytes,88270.0,88270.0,0.0,0.0,0.065949696,0.065949696,0.0,0.0,success,sinkhorn,0.01,100000
1D-gaussian-6c-64p,64,64,0.0431546390141536,231,9.703025674317991e-07,,seconds,0.2120106220245361,0.0092404801398515,megabytes,88270.0,88270.0,2.0,2.0,0.065937408,0.065937408,0.0,0.0,success,sinkhorn,0.01,100000
1D-gaussian-6c-64p,64,64,0.0806245881749619,171,8.567773504222939e-07,,seconds,0.2089114189147949,0.0073031168431043,megabytes,88270.0,88270.0,0.0,0.0,0.065900544,0.065900544,0.0,0.0,success,sinkhorn,0.01,100000
1D-gaussian-6c-64p,64,64,0.0110530795427054,4091,9.954503029928916e-07,,seconds,0.3122909069061279,0.1273343786597252,megabytes,88270.0,88270.0,0.0,0.0,0.065019904,0.065019904,0.275,0.275,success,sinkhorn,0.01,100000
1D-gaussian-6c-128p,128,128,0.0277811774839506,151,5.21229908001983e-07,,seconds,0.2087762355804443,0.0074325706809759,megabytes,88270.0,88270.0,0.0,0.0,0.068804608,0.068804608,0.0,0.0,success,sinkhorn,0.01,100000
1D-gaussian-6c-128p,128,128,0.0321616527419147,98131,9.999002930496178e-07,,seconds,3.0496299266815186,2.909801624715328,megabytes,88270.0,88270.0,58.0,53.06666666666667,0.092721152,0.092721152,0.809375,0.7354687500000001,success,sinkhorn,0.01,100000
1D-gaussian-6c-128p,128,128,0.0630822547288027,39391,9.99869076338177e-07,,seconds,1.4235379695892334,1.2199939209967852,megabytes,88270.0,88270.0,56.0,40.0,0.088772608,0.088772608,0.81328125,0.6774739583333332,success,sinkhorn,0.01,100000
1D-gaussian-6c-128p,128,128,0.0214254670244954,191,7.651564704386912e-07,,seconds,0.2619521617889404,0.0079819224774837,megabytes,88270.0,88270.0,2.0,2.0,0.065818624,0.065818624,0.0,0.0,success,sinkhorn,0.01,100000
1D-gaussian-6c-128p,128,128,0.0377560142543914,541,8.820113315918016e-07,,seconds,0.2129991054534912,0.0187848154455423,megabytes,88270.0,88270.0,0.0,0.0,0.065921024,0.065921024,0.0,0.0,success,sinkhorn,0.01,100000
1D-gaussian-6c-128p,128,128,0.0281726939207851,111,5.992195847222552e-07,,seconds,0.0,0.0055861249566078,megabytes,0.0,0.0,0.0,0.0,0.0,0.0,0.0,0.0,success,sinkhorn,0.01,100000
1D-gaussian-6c-128p,128,128,0.0246255034136945,2061,9.827501789778977e-07,,seconds,0.2169451713562011,0.067087909206748,megabytes,88270.0,88270.0,1.0,1.0,0.065028096,0.065028096,0.19921875,0.19921875,success,sinkhorn,0.01,100000
1D-gaussian-6c-128p,128,128,0.0636855520635304,691,9.1740464356481e-07,,seconds,0.2124063968658447,0.0236514527350664,megabytes,88270.0,88270.0,1.0,1.0,0.065875968,0.065875968,0.0,0.0,success,sinkhorn,0.01,100000
1D-gaussian-6c-128p,128,128,0.0806246144322426,171,6.058269222685062e-07,,seconds,0.2121937274932861,0.0073504336178302,megabytes,88270.0,88270.0,0.0,0.0,0.065855488,0.065855488,0.0,0.0,success,sinkhorn,0.01,100000
1D-gaussian-6c-128p,128,128,0.0340498111761643,281,9.286621613007842e-07,,seconds,0.2149202823638916,0.0110778380185365,megabytes,88270.0,88270.0,0.0,0.0,0.065912832,0.065912832,0.0,0.0,success,sinkhorn,0.01,100000
1D-gaussian-6c-128p,128,128,0.0255678061919575,141,8.666250786299819e-07,,seconds,0.216721773147583,0.0064918138086795,megabytes,88270.0,88270.0,1.0,1.0,0.065810432,0.065810432,0.0,0.0,success,sinkhorn,0.01,100000
1D-gaussian-6c-128p,128,128,0.0275285548334615,171,6.665773226043733e-07,,seconds,0.2114028930664062,0.0074497517198324,megabytes,88270.0,88270.0,0.0,0.0,0.065851392,0.065851392,0.0,0.0,success,sinkhorn,0.01,100000
1D-gaussian-6c-128p,128,128,0.0431387817068858,231,7.886801813764809e-07,,seconds,0.2133502960205078,0.0109577775001525,megabytes,88270.0,88270.0,0.0,0.0,0.070193152,0.070193152,0.0,0.0,success,sinkhorn,0.01,100000
1D-gaussian-6c-128p,128,128,0.1194886216294096,221,7.528571160502748e-07,,seconds,0.2108957767486572,0.0087014771997928,megabytes,88270.0,88270.0,0.0,0.0,0.065916928,0.065916928,0.0,0.0,success,sinkhorn,0.01,100000
1D-gaussian-6c-128p,128,128,0.093213025098929,2851,9.878854363716018e-07,,seconds,0.2164421081542968,0.0886600706726312,megabytes,88270.0,88270.0,0.0,0.0,0.065032192,0.065032192,0.24453125,0.24453125,success,sinkhorn,0.01,100000
1D-gaussian-6c-128p,128,128,0.2188304608268715,311,9.722344247897603e-07,,seconds,0.2113025188446045,0.0112585257738828,megabytes,88270.0,88270.0,1.0,1.0,0.06592512,0.06592512,0.0,0.0,success,sinkhorn,0.01,100000
1D-gaussian-6c-128p,128,128,0.1249981034129891,221,9.373781349658992e-07,,seconds,0.2082891464233398,0.009252468124032,megabytes,88270.0,88270.0,0.0,0.0,0.065888256,0.065888256,0.0,0.0,success,sinkhorn,0.01,100000
1D-gaussian-6c-128p,128,128,0.0716766133640162,521,9.930611758691292e-07,,seconds,0.2121050357818603,0.0177781712263822,megabytes,88270.0,88270.0,0.0,0.0,0.065916928,0.065916928,0.0,0.0,success,sinkhorn,0.01,100000
1D-gaussian-6c-128p,128,128,0.0372799877499284,271,7.913141989290911e-07,,seconds,0.2129616737365722,0.0102048479020595,megabytes,88270.0,88270.0,0.0,0.0,0.065871872,0.065871872,0.0,0.0,success,sinkhorn,0.01,100000
1D-gaussian-6c-128p,128,128,0.0398234485413067,121,5.51014290022577e-07,,seconds,0.2132711410522461,0.006318500265479,megabytes,88270.0,88270.0,0.0,0.0,0.068227072,0.068227072,0.0,0.0,success,sinkhorn,0.01,100000
1D-gaussian-6c-128p,128,128,0.0813999623329387,291,9.225620747755368e-07,,seconds,0.2198617458343505,0.0110340304672718,megabytes,88270.0,88270.0,3.0,3.0,0.065957888,0.065957888,0.0,0.0,success,sinkhorn,0.01,100000
1D-gaussian-6c-128p,128,128,0.0110529810046682,3881,9.884088682262443e-07,,seconds,0.2140777111053466,0.1192896123975515,megabytes,88270.0,88270.0,0.0,0.0,0.065056768,0.065056768,0.4,0.4,success,sinkhorn,0.01,100000
1D-gaussian-6c-128p,128,128,0.0345568848435575,111,9.07408025518616e-07,,seconds,0.2122704982757568,0.0055697467178106,megabytes,88270.0,88270.0,0.0,0.0,0.06592512,0.06592512,0.0,0.0,success,sinkhorn,0.01,100000
1D-gaussian-6c-128p,128,128,0.0171279268424628,9861,9.969180286424704e-07,,seconds,0.415144681930542,0.301620852202177,megabytes,88270.0,88270.0,27.0,14.0,0.074911744,0.074911744,0.7765625,0.5550781250000001,success,sinkhorn,0.01,100000
1D-gaussian-6c-128p,128,128,0.1156016294372124,211,7.617065099350801e-07,,seconds,0.2152721881866455,0.0085904132574796,megabytes,88270.0,88270.0,1.0,1.0,0.065941504,0.065941504,0.0,0.0,success,sinkhorn,0.01,100000
1D-gaussian-6c-128p,128,128,0.0256188994448338,181,7.290961066559648e-07,,seconds,0.2105767726898193,0.0076076164841651,megabytes,88270.0,88270.0,0.0,0.0,0.065794048,0.065794048,0.0,0.0,success,sinkhorn,0.01,100000
1D-gaussian-6c-128p,128,128,0.0475614300411592,441,9.207004526833124e-07,,seconds,0.2139139175415039,0.0157318860292434,megabytes,88270.0,88270.0,0.0,0.0,0.065908736,0.065908736,0.0,0.0,success,sinkhorn,0.01,100000
1D-gaussian-6c-128p,128,128,0.1211379924803651,501,9.056894218370308e-07,,seconds,0.2122645378112793,0.0180683471262455,megabytes,88270.0,88270.0,0.0,0.0,0.06600704,0.06600704,0.0,0.0,success,sinkhorn,0.01,100000
1D-gaussian-6c-128p,128,128,0.0346847859219133,221,8.786761942637102e-07,,seconds,0.2119989395141601,0.0088226981461048,megabytes,88270.0,88270.0,0.0,0.0,0.065871872,0.065871872,0.0,0.0,success,sinkhorn,0.01,100000
1D-gaussian-6c-128p,128,128,0.1041077350875756,321,8.314590987679389e-07,,seconds,0.2092485427856445,0.012326018884778,megabytes,88270.0,88270.0,0.0,0.0,0.065839104,0.065839104,0.0,0.0,success,sinkhorn,0.01,100000
1D-gaussian-6c-256p,256,256,0.0171279085208218,8831,9.976348204728285e-07,,seconds,0.4995415210723877,0.3240997828543186,megabytes,88270.0,88270.0,48.0,24.0,0.075390976,0.075390976,0.7703125,0.40625,success,sinkhorn,0.01,100000
1D-gaussian-6c-256p,256,256,0.124998099355938,221,6.628385870642769e-07,,seconds,0.2180118560791015,0.0103849992156028,megabytes,88270.0,88270.0,0.0,0.0,0.066002944,0.066002944,0.0,0.0,success,sinkhorn,0.01,100000
1D-gaussian-6c-256p,256,256,0.0255678062185152,141,6.127964482612899e-07,,seconds,0.2115423679351806,0.007383918389678,megabytes,88270.0,88270.0,0.0,0.0,0.06600704,0.06600704,0.0,0.0,success,sinkhorn,0.01,100000
1D-gaussian-6c-256p,256,256,0.0345569427043749,111,6.405562883060605e-07,,seconds,0.2187850475311279,0.0061807762831449,megabytes,88270.0,88270.0,1.0,1.0,0.065990656,0.065990656,0.0,0.0,success,sinkhorn,0.01,100000
1D-gaussian-6c-256p,256,256,0.0340494723319772,271,9.62864111826258e-07,,seconds,0.2133944034576416,0.0116257164627313,megabytes,88270.0,88270.0,0.0,0.0,0.065957888,0.065957888,0.0,0.0,success,sinkhorn,0.01,100000
1D-gaussian-6c-256p,256,256,0.0630819376577024,34371,9.997292137523115e-07,,seconds,1.2821147441864014,1.2622496336698532,megabytes,88270.0,88270.0,50.0,33.166666666666664,0.089526272,0.089526272,0.81015625,0.7735677083333332,success,sinkhorn,0.01,100000
1D-gaussian-6c-256p,256,256,0.0281727041129863,101,9.479831233565092e-07,,seconds,0.2144026756286621,0.0057725775986909,megabytes,88270.0,88270.0,1.0,1.0,0.065949696,0.065949696,0.0,0.0,success,sinkhorn,0.01,100000
1D-gaussian-6c-256p,256,256,0.0813993223904361,281,9.911538525150016e-07,,seconds,0.2166993618011474,0.0120840203016996,megabytes,88270.0,88270.0,0.0,0.0,0.065974272,0.065974272,0.0,0.0,success,sinkhorn,0.01,100000
1D-gaussian-6c-256p,256,256,0.1211372857222896,481,9.666435073214487e-07,,seconds,0.2192628383636474,0.0181492231786251,megabytes,88270.0,88270.0,0.0,0.0,0.065998848,0.065998848,0.0,0.0,success,sinkhorn,0.01,100000
1D-gaussian-6c-256p,256,256,0.2188299663294384,311,6.900305094805946e-07,,seconds,0.2125394344329834,0.0128660760819911,megabytes,88270.0,88270.0,0.0,0.0,0.07155712,0.07155712,0.0,0.0,success,sinkhorn,0.01,100000
1D-gaussian-6c-256p,256,256,0.0806239997916048,161,8.948248050873988e-07,,seconds,0.2107439041137695,0.0077922921627759,megabytes,88270.0,88270.0,0.0,0.0,0.065871872,0.065871872,0.0,0.0,success,sinkhorn,0.01,100000
1D-gaussian-6c-256p,256,256,0.037279821146889,261,8.280238036214234e-07,,seconds,0.2148036956787109,0.0118327476084232,megabytes,88270.0,88270.0,0.0,0.0,0.06602752,0.06602752,0.0,0.0,success,sinkhorn,0.01,100000
1D-gaussian-6c-256p,256,256,0.0277810893284875,141,7.712009347704141e-07,,seconds,0.2126970291137695,0.0073207449167966,megabytes,88270.0,88270.0,0.0,0.0,0.065990656,0.065990656,0.0,0.0,success,sinkhorn,0.01,100000
1D-gaussian-6c-256p,256,256,0.1156005765079194,201,9.710438553104637e-07,,seconds,0.215080976486206,0.0092765744775533,megabytes,88270.0,88270.0,0.0,0.0,0.065990656,0.065990656,0.0,0.0,success,sinkhorn,0.01,100000
1D-gaussian-6c-256p,256,256,0.0398234484671513,121,3.896259437926191e-07,,seconds,0.2144947052001953,0.0068039149045944,megabytes,88270.0,88270.0,0.0,0.0,0.066048,0.066048,0.0,0.0,success,sinkhorn,0.01,100000
1D-gaussian-6c-256p,256,256,0.0214253534075256,181,9.391994411695234e-07,,seconds,0.2162978649139404,0.008217392489314,megabytes,88270.0,88270.0,0.0,0.0,0.065957888,0.065957888,0.0,0.0,success,sinkhorn,0.01,100000
1D-gaussian-6c-256p,256,256,0.0716764161428994,511,8.57223533338157e-07,,seconds,0.213686466217041,0.0204709656536579,megabytes,88270.0,88270.0,0.0,0.0,0.066023424,0.066023424,0.0,0.0,success,sinkhorn,0.01,100000
1D-gaussian-6c-256p,256,256,0.0475612303936841,431,8.098480480967522e-07,,seconds,0.2106690406799316,0.0174487326294183,megabytes,88270.0,88270.0,0.0,0.0,0.06592512,0.06592512,0.0,0.0,success,sinkhorn,0.01,100000
1D-gaussian-6c-256p,256,256,0.0346847766578438,211,9.162955874992186e-07,,seconds,0.2136199474334716,0.0094997286796569,megabytes,88270.0,88270.0,0.0,0.0,0.065937408,0.065937408,0.0,0.0,success,sinkhorn,0.01,100000
1D-gaussian-6c-256p,256,256,0.0636851102280581,661,9.783377731683382e-07,,seconds,0.211555004119873,0.0261318814009428,megabytes,88270.0,88270.0,0.0,0.0,0.065499136,0.065499136,0.040625,0.040625,success,sinkhorn,0.01,100000
1D-gaussian-6c-256p,256,256,0.0431387149415629,221,8.851363044873693e-07,,seconds,0.2159750461578369,0.0098266471177339,megabytes,88270.0,88270.0,0.0,0.0,0.065892352,0.065892352,0.0,0.0,success,sinkhorn,0.01,100000
1D-gaussian-6c-256p,256,256,0.0275282039093719,161,9.417756057256252e-07,,seconds,0.2127685546875,0.0079294685274362,megabytes,88270.0,88270.0,0.0,0.0,0.065855488,0.065855488,0.0,0.0,success,sinkhorn,0.01,100000
1D-gaussian-6c-256p,256,256,0.0110528334954971,3661,9.973085534334591e-07,,seconds,0.2145776748657226,0.1353355273604393,megabytes,88270.0,88270.0,0.0,0.0,0.065081344,0.065081344,0.4390625,0.4390625,success,sinkhorn,0.01,100000
1D-gaussian-6c-256p,256,256,0.024625478790836,1941,9.98354974384016e-07,,seconds,0.2106842994689941,0.0700773242861032,megabytes,88270.0,88270.0,10.0,10.0,0.065060864,0.065060864,0.2453125,0.2453125,success,sinkhorn,0.01,100000
1D-gaussian-6c-256p,256,256,0.0377555562601732,521,9.356675504970234e-07,,seconds,0.2164132595062255,0.0212441682815551,megabytes,88270.0,88270.0,0.0,0.0,0.065445888,0.065445888,0.0,0.0,success,sinkhorn,0.01,100000
1D-gaussian-6c-256p,256,256,0.1194877249443204,211,9.384146369529948e-07,,seconds,0.2167050838470459,0.0098365992307662,megabytes,88270.0,88270.0,0.0,0.0,0.065994752,0.065994752,0.0,0.0,success,sinkhorn,0.01,100000
1D-gaussian-6c-256p,256,256,0.1041071839143487,311,8.508764307551044e-07,,seconds,0.2200119495391845,0.0131016839295625,megabytes,88270.0,88270.0,2.0,2.0,0.066052096,0.066052096,0.0,0.0,success,sinkhorn,0.01,100000
1D-gaussian-6c-256p,256,256,0.0321612849674117,78111,9.99929031032892e-07,,seconds,2.6590747833251958,2.462176823988557,megabytes,88270.0,88270.0,59.0,54.45454545454545,0.094539776,0.094539776,0.78984375,0.7120028409090908,success,sinkhorn,0.01,100000
1D-gaussian-6c-256p,256,256,0.0256185394608725,171,9.8050061351838e-07,,seconds,0.2687504291534424,0.00779421441257,megabytes,88270.0,88270.0,0.0,0.0,0.065949696,0.065949696,0.0,0.0,success,sinkhorn,0.01,100000
1D-gaussian-6c-256p,256,256,0.0932125196140652,2671,9.976911653023205e-07,,seconds,0.2504477500915527,0.0945115778595209,megabytes,88270.0,88270.0,19.0,19.0,0.065015808,0.065015808,0.26875,0.26875,success,sinkhorn,0.01,100000
1D-gaussian-6c-512p,512,512,0.1249970457947524,211,8.374045574257699e-07,,seconds,0.2382440567016601,0.0102110169827938,megabytes,88270.0,88270.0,0.0,0.0,0.0659456,0.0659456,0.0,0.0,success,sinkhorn,0.01,100000
1D-gaussian-6c-512p,512,512,0.0110526345279809,3451,9.900368013482523e-07,,seconds,0.2561526298522949,0.1308417804539203,megabytes,88270.0,88270.0,0.0,0.0,0.065040384,0.065040384,0.390625,0.390625,success,sinkhorn,0.01,100000
1D-gaussian-6c-512p,512,512,0.037279574616532,251,8.664320670938061e-07,,seconds,0.2537274360656738,0.0117411445826292,megabytes,88270.0,88270.0,0.0,0.0,0.066015232,0.066015232,0.0,0.0,success,sinkhorn,0.01,100000
1D-gaussian-6c-512p,512,512,0.0716758720920257,491,9.033038700050424e-07,,seconds,0.2138690948486328,0.0208008699119091,megabytes,88270.0,88270.0,0.0,0.0,0.066002944,0.066002944,0.0,0.0,success,sinkhorn,0.01,100000
1D-gaussian-6c-512p,512,512,0.025618539460873,171,6.933186327543659e-07,,seconds,0.2155759334564209,0.0086601432412862,megabytes,88270.0,88270.0,0.0,0.0,0.065871872,0.065871872,0.0,0.0,success,sinkhorn,0.01,100000
1D-gaussian-6c-512p,512,512,0.03775486919353,501,9.92583359968204e-07,,seconds,0.209348440170288,0.0213429275900125,megabytes,88270.0,88270.0,0.0,0.0,0.06555648,0.06555648,0.040625,0.040625,success,sinkhorn,0.01,100000
1D-gaussian-6c-512p,512,512,0.0431385246722464,211,9.94282980239404e-07,,seconds,0.2157273292541504,0.0102894566953182,megabytes,88270.0,88270.0,2.0,2.0,0.066031616,0.066031616,0.0,0.0,success,sinkhorn,0.01,100000
1D-gaussian-6c-512p,512,512,0.0630815154529341,29491,9.996602724653724e-07,,seconds,1.230656623840332,1.1245604809373615,megabytes,88270.0,88270.0,58.0,47.66666666666666,0.091848704,0.091848704,0.80625,0.6946614583333334,success,sinkhorn,0.01,100000
1D-gaussian-6c-512p,512,512,0.1041063862516248,301,8.70746531772429e-07,,seconds,0.209768533706665,0.0136975534260272,megabytes,88270.0,88270.0,0.0,0.0,0.065990656,0.065990656,0.0,0.0,success,sinkhorn,0.01,100000
1D-gaussian-6c-512p,512,512,0.1211368070741601,471,8.397050250328965e-07,,seconds,0.2143781185150146,0.0202613957226276,megabytes,88270.0,88270.0,5.0,5.0,0.066076672,0.066076672,0.0,0.0,success,sinkhorn,0.01,100000
1D-gaussian-6c-512p,512,512,0.0346847156326577,201,9.57146711112343e-07,,seconds,0.21537446975708,0.0098496880382299,megabytes,88270.0,88270.0,2.0,2.0,0.065982464,0.065982464,0.0,0.0,success,sinkhorn,0.01,100000
1D-gaussian-6c-512p,512,512,0.0321607725543702,60871,9.99984299065252e-07,,seconds,2.4230756759643555,2.300809239968657,megabytes,88270.0,88270.0,59.0,52.2,0.092205056,0.092205056,0.79921875,0.741484375,success,sinkhorn,0.01,100000
1D-gaussian-6c-512p,512,512,0.0275282038517302,161,6.659359130545149e-07,,seconds,0.2602074146270752,0.0089272316545248,megabytes,88270.0,88270.0,0.0,0.0,0.068972544,0.068972544,0.0,0.0,success,sinkhorn,0.01,100000
1D-gaussian-6c-512p,512,512,0.0806239997916048,161,6.327366876513988e-07,,seconds,0.2764997482299804,0.0084324833005666,megabytes,88270.0,88270.0,2.0,2.0,0.066056192,0.066056192,0.0,0.0,success,sinkhorn,0.01,100000
1D-gaussian-6c-512p,512,512,0.0255676317848349,131,9.189696930151448e-07,,seconds,0.2498912811279297,0.0077662337571382,megabytes,88270.0,88270.0,0.0,0.0,0.06846464,0.06846464,0.0,0.0,success,sinkhorn,0.01,100000
1D-gaussian-6c-512p,512,512,0.0398231632786407,111,7.594411879811726e-07,,seconds,0.2103314399719238,0.0063546281307935,megabytes,88270.0,88270.0,0.0,0.0,0.065875968,0.065875968,0.0,0.0,success,sinkhorn,0.01,100000
1D-gaussian-6c-512p,512,512,0.0636846970221837,641,9.09777368825046e-07,,seconds,0.2144572734832763,0.0264229979366064,megabytes,88270.0,88270.0,0.0,0.0,0.065409024,0.065409024,0.0,0.0,success,sinkhorn,0.01,100000
1D-gaussian-6c-512p,512,512,0.1194877249448712,211,6.635593575956642e-07,,seconds,0.2098259925842285,0.0099491961300373,megabytes,88270.0,88270.0,0.0,0.0,0.065916928,0.065916928,0.0,0.0,success,sinkhorn,0.01,100000
1D-gaussian-6c-512p,512,512,0.0246254469718231,1831,9.840636874498326e-07,,seconds,0.2148206233978271,0.0714375134557485,megabytes,88270.0,88270.0,0.0,0.0,0.065052672,0.065052672,0.20078125,0.20078125,success,sinkhorn,0.01,100000
1D-gaussian-6c-512p,512,512,0.0214253534075256,181,6.641142937366258e-07,,seconds,0.2435197830200195,0.0091154091060161,megabytes,88270.0,88270.0,2.0,2.0,0.065949696,0.065949696,0.0,0.0,success,sinkhorn,0.01,100000
1D-gaussian-6c-512p,512,512,0.0281727041129857,101,6.703252949666724e-07,,seconds,0.2657687664031982,0.0060981754213571,megabytes,88270.0,88270.0,0.0,0.0,0.06596608,0.06596608,0.0,0.0,success,sinkhorn,0.01,100000
1D-gaussian-6c-512p,512,512,0.1156005882195891,201,6.865329127224675e-07,,seconds,0.2668085098266601,0.0100431013852357,megabytes,88270.0,88270.0,0.0,0.0,0.06602752,0.06602752,0.0,0.0,success,sinkhorn,0.01,100000
1D-gaussian-6c-512p,512,512,0.2188288699117832,301,7.266361368006189e-07,,seconds,0.2524073123931885,0.0135515630245208,megabytes,88270.0,88270.0,0.0,0.0,0.06602752,0.06602752,0.0,0.0,success,sinkhorn,0.01,100000
1D-gaussian-6c-512p,512,512,0.0813993223676489,281,7.008515926628146e-07,,seconds,0.2521400451660156,0.012852082028985,megabytes,88270.0,88270.0,3.0,3.0,0.0659456,0.0659456,0.0,0.0,success,sinkhorn,0.01,100000
1D-gaussian-6c-512p,512,512,0.0475606745936243,411,8.861263361175689e-07,,seconds,0.2223269939422607,0.0178020820021629,megabytes,88270.0,88270.0,0.0,0.0,0.066035712,0.066035712,0.0,0.0,success,sinkhorn,0.01,100000
1D-gaussian-6c-512p,512,512,0.0277810893284837,141,5.453214106279522e-07,,seconds,0.2142589092254638,0.0077557526528835,megabytes,88270.0,88270.0,0.0,0.0,0.065978368,0.065978368,0.0,0.0,success,sinkhorn,0.01,100000
1D-gaussian-6c-512p,512,512,0.0171278836934314,7801,9.998791919014374e-07,,seconds,0.4182062149047851,0.2975071780383587,megabytes,88270.0,88270.0,29.0,15.5,0.07694336,0.07694336,0.76640625,0.529296875,success,sinkhorn,0.01,100000
1D-gaussian-6c-512p,512,512,0.0932118451820349,2501,9.87945450780714e-07,,seconds,0.2130885124206543,0.0956800635904073,megabytes,88270.0,88270.0,0.0,0.0,0.065093632,0.065093632,0.3203125,0.3203125,success,sinkhorn,0.01,100000
1D-gaussian-6c-512p,512,512,0.0345569427044091,111,4.529416919179017e-07,,seconds,0.2142255306243896,0.0063503738492727,megabytes,88270.0,88270.0,15.0,15.0,0.06582272,0.06582272,0.0,0.0,success,sinkhorn,0.01,100000
1D-gaussian-6c-512p,512,512,0.0340489754951316,261,9.983237283596313e-07,,seconds,0.2141213417053222,0.0123641863465309,megabytes,88270.0,88270.0,0.0,0.0,0.065929216,0.065929216,0.0,0.0,success,sinkhorn,0.01,100000
1D-gaussian-6c-1024p,1024,1024,0.0255676317848349,131,6.498097016356367e-07,,seconds,0.211008071899414,0.0074331574141979,megabytes,88270.0,88270.0,0.0,0.0,0.065896448,0.065896448,0.0,0.0,success,sinkhorn,0.01,100000
1D-gaussian-6c-1024p,1024,1024,0.0630809293533668,24811,9.993251181458972e-07,,seconds,1.02447772026062,0.9621462188661098,megabytes,88270.0,88270.0,59.0,39.6,0.077869056,0.077869056,0.79609375,0.7259374999999999,success,sinkhorn,0.01,100000
1D-gaussian-6c-1024p,1024,1024,0.024625398014511,1711,9.99748326951812e-07,,seconds,0.2136471271514892,0.0683257710188627,megabytes,88270.0,88270.0,4.0,4.0,0.065040384,0.065040384,0.16171875,0.16171875,success,sinkhorn,0.01,100000
1D-gaussian-6c-1024p,1024,1024,0.1155986486635568,191,8.767253924044771e-07,,seconds,0.2128217220306396,0.0096168518066406,megabytes,88270.0,88270.0,0.0,0.0,0.0658432,0.0658432,0.0,0.0,success,sinkhorn,0.01,100000
1D-gaussian-6c-1024p,1024,1024,0.0372792098153083,241,9.06615310330562e-07,,seconds,0.211214542388916,0.0113990120589733,megabytes,88270.0,88270.0,0.0,0.0,0.065937408,0.065937408,0.0,0.0,success,sinkhorn,0.01,100000
1D-gaussian-6c-1024p,1024,1024,0.0806227159184216,151,9.345721036816444e-07,,seconds,0.2106750011444091,0.0082687530666589,megabytes,88270.0,88270.0,0.0,0.0,0.06588416,0.06588416,0.0,0.0,success,sinkhorn,0.01,100000
1D-gaussian-6c-1024p,1024,1024,0.0345565132885583,101,8.337294503363227e-07,,seconds,0.2103719711303711,0.0061288010329008,megabytes,88270.0,88270.0,0.0,0.0,0.065929216,0.065929216,0.0,0.0,success,sinkhorn,0.01,100000
1D-gaussian-6c-1024p,1024,1024,0.1194861443195157,201,8.271065246747194e-07,,seconds,0.2125899791717529,0.0104435160756111,megabytes,88270.0,88270.0,0.0,0.0,0.065990656,0.065990656,0.0,0.0,success,sinkhorn,0.01,100000
1D-gaussian-6c-1024p,1024,1024,0.1249970457949723,211,5.921344464001764e-07,,seconds,0.2149722576141357,0.0103677846491336,megabytes,88270.0,88270.0,0.0,0.0,0.06592512,0.06592512,0.0,0.0,success,sinkhorn,0.01,100000
1D-gaussian-6c-1024p,1024,1024,0.1041052318569351,291,8.910800555208836e-07,,seconds,0.2164030075073242,0.0140048339962959,megabytes,88270.0,88270.0,0.0,0.0,0.065937408,0.065937408,0.0,0.0,success,sinkhorn,0.01,100000
1D-gaussian-6c-1024p,1024,1024,0.0377544059067116,491,8.59668831695622e-07,,seconds,0.2153253555297851,0.0213352926075458,megabytes,88270.0,88270.0,0.0,0.0,0.065998848,0.065998848,0.0,0.0,success,sinkhorn,0.01,100000
1D-gaussian-6c-1024p,1024,1024,0.1211354966487428,451,8.961130101388715e-07,,seconds,0.2153253555297851,0.0202503036707639,megabytes,88270.0,88270.0,0.0,0.0,0.065970176,0.065970176,0.0,0.0,success,sinkhorn,0.01,100000
1D-gaussian-6c-1024p,1024,1024,0.043138524671981,211,7.030642377043501e-07,,seconds,0.2149643898010254,0.0102569833397865,megabytes,88270.0,88270.0,0.0,0.0,0.065912832,0.065912832,0.0,0.0,success,sinkhorn,0.01,100000
1D-gaussian-6c-1024p,1024,1024,0.0716750613825412,471,9.518479210535372e-07,,seconds,0.2125172615051269,0.0209115874022245,megabytes,88270.0,88270.0,0.0,0.0,0.065941504,0.065941504,0.040625,0.040625,success,sinkhorn,0.01,100000
1D-gaussian-6c-1024p,1024,1024,0.034048975495138,261,7.059214781433556e-07,,seconds,0.2153847217559814,0.0125862043350934,megabytes,88270.0,88270.0,0.0,0.0,0.065937408,0.065937408,0.0,0.0,success,sinkhorn,0.01,100000
1D-gaussian-6c-1024p,1024,1024,0.0256178517362843,161,9.324413871519134e-07,,seconds,0.213998794555664,0.0088050086051225,megabytes,88270.0,88270.0,1.0,1.0,0.065810432,0.065810432,0.0,0.0,success,sinkhorn,0.01,100000
1D-gaussian-6c-1024p,1024,1024,0.0171278514072463,6791,9.97785391234399e-07,,seconds,0.4138267040252685,0.2633557822555303,megabytes,88270.0,88270.0,46.0,23.0,0.076976128,0.076976128,0.76796875,0.44765625,success,sinkhorn,0.01,100000
1D-gaussian-6c-1024p,1024,1024,0.0932108327405062,2321,9.985138459611158e-07,,seconds,0.2611861228942871,0.0916809141635894,megabytes,88270.0,88270.0,0.0,0.0,0.064978944,0.064978944,0.25546875,0.25546875,success,sinkhorn,0.01,100000
1D-gaussian-6c-1024p,1024,1024,0.0346846263075062,191,9.998184685560312e-07,,seconds,0.2667641639709472,0.0094732325524091,megabytes,88270.0,88270.0,0.0,0.0,0.065957888,0.065957888,0.0,0.0,success,sinkhorn,0.01,100000
1D-gaussian-6c-1024p,1024,1024,0.0636838207567623,611,9.7019885327458e-07,,seconds,0.2331862449645996,0.029232544824481,megabytes,88270.0,88270.0,0.0,0.0,0.07565312,0.07565312,0.0,0.0,success,sinkhorn,0.01,100000
1D-gaussian-6c-1024p,1024,1024,0.0110523398934329,3231,9.98649603009015e-07,,seconds,0.2142877578735351,0.1265605725347995,megabytes,88270.0,88270.0,0.0,0.0,0.065052672,0.065052672,0.43984375,0.43984375,success,sinkhorn,0.01,100000
1D-gaussian-6c-1024p,1024,1024,0.0277809059669878,131,8.068389243523257e-07,,seconds,0.2157235145568847,0.0071215517818927,megabytes,88270.0,88270.0,27.0,27.0,0.065900544,0.065900544,0.0,0.0,success,sinkhorn,0.01,100000
1D-gaussian-6c-1024p,1024,1024,0.0398231632740509,111,5.370060136245633e-07,,seconds,0.2129743099212646,0.0063460394740104,megabytes,88270.0,88270.0,2.0,2.0,0.065961984,0.065961984,0.0,0.0,success,sinkhorn,0.01,100000
1D-gaussian-6c-1024p,1024,1024,0.0321600576365403,46691,9.998491951420552e-07,,seconds,1.8468472957611084,1.765685562044382,megabytes,88270.0,88270.0,60.0,47.375,0.095260672,0.095260672,0.809375,0.7374999999999999,success,sinkhorn,0.01,100000
1D-gaussian-6c-1024p,1024,1024,0.2188272364935748,291,7.651879240836624e-07,,seconds,0.2142200469970703,0.0130973421037197,megabytes,88270.0,88270.0,0.0,0.0,0.066043904,0.066043904,0.0,0.0,success,sinkhorn,0.01,100000
1D-gaussian-6c-1024p,1024,1024,0.0281727041129855,101,4.7399156167728646e-07,,seconds,0.214890718460083,0.0061825737357139,megabytes,88270.0,88270.0,0.0,0.0,0.065957888,0.065957888,0.0,0.0,success,sinkhorn,0.01,100000
1D-gaussian-6c-1024p,1024,1024,0.0475598147005744,391,9.696120470974403e-07,,seconds,0.2176594734191894,0.0182548034936189,megabytes,88270.0,88270.0,5.0,5.0,0.066019328,0.066019328,0.0,0.0,success,sinkhorn,0.01,100000
1D-gaussian-6c-1024p,1024,1024,0.0214251561945973,171,8.151653630503427e-07,,seconds,0.215111494064331,0.0089355744421482,megabytes,88270.0,88270.0,0.0,0.0,0.065900544,0.065900544,0.0,0.0,success,sinkhorn,0.01,100000
1D-gaussian-6c-1024p,1024,1024,0.0813982422439569,271,7.537710853688872e-07,,seconds,0.2142353057861328,0.0122292041778564,megabytes,88270.0,88270.0,0.0,0.0,0.065912832,0.065912832,0.0,0.0,success,sinkhorn,0.01,100000
1D-gaussian-6c-1024p,1024,1024,0.0275275033382957,151,9.4086763792717e-07,,seconds,0.2109618186950683,0.0080783031880855,megabytes,88270.0,88270.0,2.0,2.0,0.065888256,0.065888256,0.0,0.0,success,sinkhorn,0.01,100000
1D-gaussian-6c-2048p,2048,2048,0.0275275033346751,151,6.652938867364295e-07,,seconds,0.2172484397888183,0.0100387074053287,megabytes,88270.0,88270.0,3.0,3.0,0.06592512,0.06592512,0.0,0.0,success,sinkhorn,0.01,100000
1D-gaussian-6c-2048p,2048,2048,0.0636830012955283,591,9.02204435807336e-07,,seconds,0.2165541648864746,0.0332926660776138,megabytes,88270.0,88270.0,0.0,0.0,0.065466368,0.065466368,0.08046875,0.08046875,success,sinkhorn,0.01,100000
1D-gaussian-6c-2048p,2048,2048,0.124995163508267,201,7.480698986777305e-07,,seconds,0.2287995815277099,0.0132641475647687,megabytes,88270.0,88270.0,0.0,0.0,0.06979584,0.06979584,0.0,0.0,success,sinkhorn,0.01,100000
1D-gaussian-6c-2048p,2048,2048,0.0277809059669875,131,5.705212747330606e-07,,seconds,0.2190093994140625,0.0095173511654138,megabytes,88270.0,88270.0,2.0,2.0,0.066015232,0.066015232,0.0,0.0,success,sinkhorn,0.01,100000
1D-gaussian-6c-2048p,2048,2048,0.0475592217051332,381,8.528981466432486e-07,,seconds,0.2140684127807617,0.0212837681174278,megabytes,88270.0,88270.0,0.0,0.0,0.066031616,0.066031616,0.0,0.0,success,sinkhorn,0.01,100000
1D-gaussian-6c-2048p,2048,2048,0.1155986544880532,191,6.199471351811389e-07,,seconds,0.2175459861755371,0.0129242874681949,megabytes,88270.0,88270.0,0.0,0.0,0.065937408,0.065937408,0.0,0.0,success,sinkhorn,0.01,100000
1D-gaussian-6c-2048p,2048,2048,0.0321590586648047,35451,9.999412298363492e-07,,seconds,1.8690531253814695,1.702427428215742,megabytes,88270.0,88270.0,70.0,63.0,0.09179136,0.09179136,0.80234375,0.7006076388888889,success,sinkhorn,0.01,100000
1D-gaussian-6c-2048p,2048,2048,0.0345565132885582,101,5.895357480044424e-07,,seconds,0.214296817779541,0.0079843904823064,megabytes,88270.0,88270.0,0.0,0.0,0.065994752,0.065994752,0.0,0.0,success,sinkhorn,0.01,100000
1D-gaussian-6c-2048p,2048,2048,0.0346846262655312,191,7.069784155485226e-07,,seconds,0.2129919528961181,0.0119158197194337,megabytes,88270.0,88270.0,0.0,0.0,0.065953792,0.065953792,0.0,0.0,success,sinkhorn,0.01,100000
1D-gaussian-6c-2048p,2048,2048,0.0256178517362843,161,6.593356279142459e-07,,seconds,0.2176728248596191,0.0111207012087106,megabytes,88270.0,88270.0,0.0,0.0,0.065998848,0.065998848,0.0,0.0,success,sinkhorn,0.01,100000
1D-gaussian-6c-2048p,2048,2048,0.0110519430587105,3021,9.90977749432655e-07,,seconds,0.2232897281646728,0.1482451539486646,megabytes,88270.0,88270.0,0.0,0.0,0.065081344,0.065081344,0.4640625,0.4640625,success,sinkhorn,0.01,100000
1D-gaussian-6c-2048p,2048,2048,0.1194861443196308,201,5.848526327907921e-07,,seconds,0.2161788940429687,0.0130225867033004,megabytes,88270.0,88270.0,14.0,14.0,0.066019328,0.066019328,0.0,0.0,success,sinkhorn,0.01,100000
1D-gaussian-6c-2048p,2048,2048,0.0932094767125897,2151,9.902298289176796e-07,,seconds,0.2168364524841308,0.1059154253453016,megabytes,88270.0,88270.0,0.0,0.0,0.065077248,0.065077248,0.35546875,0.35546875,success,sinkhorn,0.01,100000
1D-gaussian-6c-2048p,2048,2048,0.0630801093135619,20411,9.992386447117712e-07,,seconds,1.0957162380218506,1.076556745916605,megabytes,88270.0,88270.0,63.0,44.8,0.0777216,0.0777216,0.7890625,0.7576562499999999,success,sinkhorn,0.01,100000
1D-gaussian-6c-2048p,2048,2048,0.0377531434617809,471,9.119514054301616e-07,,seconds,0.2155587673187255,0.0255811065435409,megabytes,88270.0,88270.0,0.0,0.0,0.07206912,0.07206912,0.0390625,0.0390625,success,sinkhorn,0.01,100000
1D-gaussian-6c-2048p,2048,2048,0.0813965994065625,261,8.106856902183791e-07,,seconds,0.2140216827392578,0.0160083472728729,megabytes,88270.0,88270.0,0.0,0.0,0.065949696,0.065949696,0.0,0.0,success,sinkhorn,0.01,100000
1D-gaussian-6c-2048p,2048,2048,0.017127809935952,5781,9.997389954731406e-07,,seconds,0.4272029399871826,0.2801927197724581,megabytes,88270.0,88270.0,30.0,15.0,0.077012992,0.077012992,0.7875,0.477734375,success,sinkhorn,0.01,100000
1D-gaussian-6c-2048p,2048,2048,0.0716745173965089,461,8.216251947801168e-07,,seconds,0.2187001705169677,0.0263253133744001,megabytes,88270.0,88270.0,0.0,0.0,0.06549504,0.06549504,0.03828125,0.03828125,success,sinkhorn,0.01,100000
1D-gaussian-6c-2048p,2048,2048,0.0806227159184216,151,6.608422720205455e-07,,seconds,0.2218844890594482,0.0100168045610189,megabytes,88270.0,88270.0,5.0,5.0,0.065937408,0.065937408,0.0,0.0,success,sinkhorn,0.01,100000
1D-gaussian-6c-2048p,2048,2048,0.0431382224238396,201,7.897592360392147e-07,,seconds,0.213951826095581,0.0130475107580423,megabytes,88270.0,88270.0,3.0,3.0,0.06600704,0.06600704,0.0,0.0,success,sinkhorn,0.01,100000
1D-gaussian-6c-2048p,2048,2048,0.037278670020106,231,9.486519404079972e-07,,seconds,0.2140722274780273,0.0142654478549957,megabytes,88270.0,88270.0,0.0,0.0,0.065990656,0.065990656,0.0,0.0,success,sinkhorn,0.01,100000
1D-gaussian-6c-2048p,2048,2048,0.12113351895242,431,9.56312308233551e-07,,seconds,0.2216122150421142,0.0247895400971174,megabytes,88270.0,88270.0,0.0,0.0,0.065458176,0.065458176,0.03828125,0.03828125,success,sinkhorn,0.01,100000
1D-gaussian-6c-2048p,2048,2048,0.034048246996451,251,7.319165941420457e-07,,seconds,0.2302241325378418,0.0147378202527761,megabytes,88270.0,88270.0,4.0,4.0,0.065871872,0.065871872,0.0,0.0,success,sinkhorn,0.01,100000
1D-gaussian-6c-2048p,2048,2048,0.0281727269248909,91,7.498654099605979e-07,,seconds,0.2121660709381103,0.0074308346956968,megabytes,88270.0,88270.0,0.0,0.0,0.065994752,0.065994752,0.0,0.0,success,sinkhorn,0.01,100000
1D-gaussian-6c-2048p,2048,2048,0.1041035612015905,281,9.118875248382876e-07,,seconds,0.2152714729309082,0.0164056923240423,megabytes,88270.0,88270.0,0.0,0.0,0.065994752,0.065994752,0.0,0.0,success,sinkhorn,0.01,100000
1D-gaussian-6c-2048p,2048,2048,0.0214251561945973,171,5.76408956001513e-07,,seconds,0.2126576900482177,0.0117805488407611,megabytes,88270.0,88270.0,3.0,3.0,0.065957888,0.065957888,0.0,0.0,success,sinkhorn,0.01,100000
1D-gaussian-6c-2048p,2048,2048,0.0398231632729024,111,3.797205937166517e-07,,seconds,0.2185840606689453,0.0080893505364656,megabytes,88270.0,88270.0,0.0,0.0,0.065982464,0.065982464,0.0,0.0,success,sinkhorn,0.01,100000
1D-gaussian-6c-2048p,2048,2048,0.0246253349309796,1601,9.85516749353832e-07,,seconds,0.3164041042327881,0.0835844632238149,megabytes,88270.0,88270.0,6.0,6.0,0.06508544,0.06508544,0.18515625,0.18515625,success,sinkhorn,0.01,100000
1D-gaussian-6c-2048p,2048,2048,0.2188248037384536,281,8.057912738701074e-07,,seconds,0.2135100364685058,0.0164284296333789,megabytes,88270.0,88270.0,0.0,0.0,0.066097152,0.066097152,0.0,0.0,success,sinkhorn,0.01,100000
1D-gaussian-6c-2048p,2048,2048,0.0255672618602919,121,9.744750575857334e-07,,seconds,0.2150464057922363,0.0096061695367097,megabytes,88270.0,88270.0,0.0,0.0,0.06596608,0.06596608,0.0,0.0,success,sinkhorn,0.01,100000
1D-gaussian-2c-32p,32,32,0.0123379708737528,100000,8.264489874982347e-05,,seconds,3.0225584506988525,3.021794445812702,megabytes,88270.0,88270.0,57.0,50.75,0.092717056,0.092717056,0.80546875,0.7817057291666666,success,sinkhorn,0.001,100000
1D-gaussian-2c-32p,32,32,0.0085640615856471,100000,0.4870125569879948,,seconds,3.042280912399292,2.9844636358320717,megabytes,88270.0,88270.0,57.0,53.0,0.092483584,0.092483584,0.80625,0.7684895833333333,success,sinkhorn,0.001,100000
1D-gaussian-2c-32p,32,32,0.0141156642724824,100000,0.2158172369632865,,seconds,3.151452779769897,3.046641217544675,megabytes,88270.0,88270.0,56.0,50.76923076923077,0.092626944,0.092626944,0.803125,0.7608774038461538,success,sinkhorn,0.001,100000
1D-gaussian-2c-32p,32,32,0.0302251271502833,100000,0.2260799052863999,,seconds,3.1233139038085938,2.9289129097014666,megabytes,88270.0,88270.0,58.0,51.85714285714285,0.096612352,0.096612352,0.8109375,0.7229352678571427,success,sinkhorn,0.001,100000
1D-gaussian-2c-32p,32,32,0.0078055676401836,100000,5.390653450961328e-05,,seconds,3.1380069255828857,3.031074138358236,megabytes,88270.0,88270.0,56.0,50.285714285714285,0.092667904,0.092667904,0.80859375,0.7593191964285716,success,sinkhorn,0.001,100000
1D-gaussian-2c-32p,32,32,0.0356204089582021,100000,0.1015460840859691,,seconds,3.2424850463867188,3.0343176424503326,megabytes,88270.0,88270.0,56.0,50.15384615384615,0.092565504,0.092565504,0.8140625,0.7367788461538461,success,sinkhorn,0.001,100000
1D-gaussian-2c-32p,32,32,0.0306203733133301,100000,0.0921281824094,,seconds,2.98190975189209,2.9144523944705725,megabytes,88270.0,88270.0,59.0,50.25,0.095891456,0.095891456,0.81015625,0.7666666666666666,success,sinkhorn,0.001,100000
1D-gaussian-2c-32p,32,32,0.0234139554967286,100000,0.2788191911692328,,seconds,2.944731473922729,2.895673239603638,megabytes,88270.0,88270.0,59.0,55.0,0.095883264,0.095883264,0.83828125,0.7719350961538461,success,sinkhorn,0.001,100000
1D-gaussian-2c-32p,32,32,0.0053523064825978,100000,0.35590547401673,,seconds,2.9967281818389893,2.977540815249085,megabytes,88270.0,88270.0,58.0,51.38461538461539,0.09248768,0.09248768,0.80625,0.7679086538461538,success,sinkhorn,0.001,100000
1D-gaussian-2c-32p,32,32,0.0584387091868363,100000,0.1191739349394254,,seconds,3.107940912246704,2.9538693614304066,megabytes,88270.0,88270.0,58.0,52.0,0.092459008,0.092459008,0.796875,0.7256696428571429,success,sinkhorn,0.001,100000
1D-gaussian-2c-32p,32,32,0.0411349892381281,100000,0.107130860635519,,seconds,3.035106897354126,2.957293523475528,megabytes,88270.0,88270.0,58.0,50.92307692307692,0.092356608,0.092356608,0.809375,0.7569110576923077,success,sinkhorn,0.001,100000
1D-gaussian-2c-32p,32,32,0.0195240814062935,100000,0.2842894931859336,,seconds,3.1706271171569824,2.9539779853075743,megabytes,88270.0,88270.0,58.0,50.53846153846154,0.092327936,0.092327936,0.80625,0.7257211538461539,success,sinkhorn,0.001,100000
1D-gaussian-2c-32p,32,32,0.0168052662027267,100000,0.1843980783022976,,seconds,3.198371648788452,2.961115451529622,megabytes,88270.0,88270.0,58.0,54.0,0.092901376,0.092901376,0.81015625,0.7194110576923076,success,sinkhorn,0.001,100000
1D-gaussian-2c-32p,32,32,0.0271846263233473,100000,0.2041765953009264,,seconds,3.1623647212982178,2.973020000383258,megabytes,88270.0,88270.0,58.0,53.30769230769231,0.092659712,0.092659712,0.809375,0.722295673076923,success,sinkhorn,0.001,100000
1D-gaussian-2c-32p,32,32,0.0004684242053919,100000,0.4850595365220966,,seconds,2.997798442840576,2.964409815147519,megabytes,88270.0,88270.0,58.0,53.23076923076923,0.092225536,0.092225536,0.81640625,0.773858173076923,success,sinkhorn,0.001,100000
1D-gaussian-2c-32p,32,32,0.0030472564165727,100000,6.133845948377286e-05,,seconds,2.996615409851074,2.952944453805685,megabytes,88270.0,88270.0,57.0,53.53846153846154,0.09213952,0.09213952,0.796875,0.7643028846153845,success,sinkhorn,0.001,100000
1D-gaussian-2c-32p,32,32,0.0213777338452624,100000,0.2498484216501838,,seconds,3.070452213287353,2.969526007771492,megabytes,88270.0,88270.0,57.0,51.07142857142857,0.09222144,0.09222144,0.8078125,0.7572544642857144,success,sinkhorn,0.001,100000
1D-gaussian-2c-32p,32,32,0.0014159880980279,100000,0.3571492743261703,,seconds,2.992604732513428,2.9319695085287094,megabytes,88270.0,88270.0,58.0,54.0,0.092155904,0.092155904,0.8078125,0.7609975961538461,success,sinkhorn,0.001,100000
1D-gaussian-2c-32p,32,32,0.0343422740899346,100000,0.0494158362954643,,seconds,3.174160480499268,2.954571368172765,megabytes,88270.0,88270.0,58.0,53.15384615384615,0.092823552,0.092823552,0.79921875,0.7192307692307692,success,sinkhorn,0.001,100000
1D-gaussian-2c-32p,32,32,0.0046202332527946,100000,0.2487717039455725,,seconds,3.0121352672576904,2.966937778517604,megabytes,88270.0,88270.0,57.0,47.41666666666666,0.092114944,0.092114944,0.803125,0.7628906249999999,success,sinkhorn,0.001,100000
1D-gaussian-2c-32p,32,32,0.0198409194551035,100000,0.0314107972633034,,seconds,3.29560923576355,3.04718772880733,megabytes,88270.0,88270.0,56.0,48.30769230769231,0.092532736,0.092532736,0.8078125,0.7181490384615384,success,sinkhorn,0.001,100000
1D-gaussian-2c-32p,32,32,0.0272598577024236,100000,0.2526701049420271,,seconds,3.1398162841796875,3.041116386651993,megabytes,88270.0,88270.0,56.0,52.38461538461539,0.092135424,0.092135424,0.81328125,0.7593149038461539,success,sinkhorn,0.001,100000
1D-gaussian-2c-32p,32,32,0.0494817222323624,100000,0.1195158225120987,,seconds,3.35850191116333,3.05335078202188,megabytes,88270.0,88270.0,56.0,49.142857142857146,0.092176384,0.092176384,0.80078125,0.7261160714285714,success,sinkhorn,0.001,100000
1D-gaussian-2c-32p,32,32,0.0103415226487729,221,9.877703449420293e-07,,seconds,0.3000302314758301,0.0088425446301698,megabytes,88270.0,88270.0,2.0,2.0,0.066514944,0.066514944,0.0,0.0,success,sinkhorn,0.001,100000
1D-gaussian-2c-32p,32,32,0.018071624253093,100000,0.3331736280447692,,seconds,3.181068420410156,3.0687631275504827,megabytes,88270.0,88270.0,56.0,53.07142857142857,0.092192768,0.092192768,0.80390625,0.7555245535714287,success,sinkhorn,0.001,100000
1D-gaussian-2c-32p,32,32,0.0017607482365569,100000,0.3499803139614931,,seconds,3.1250159740448,2.9995761401951317,megabytes,88270.0,88270.0,57.0,49.0,0.092102656,0.092102656,0.7984375,0.7434495192307693,success,sinkhorn,0.001,100000
1D-gaussian-2c-32p,32,32,0.0154083121637802,100000,0.3782832659445392,,seconds,3.0779149532318115,3.0462574623525143,megabytes,88270.0,88270.0,56.0,53.61538461538461,0.092147712,0.092147712,0.8046875,0.7689903846153846,success,sinkhorn,0.001,100000
1D-gaussian-2c-32p,32,32,0.013290723503606,100000,0.0007029245481396,,seconds,3.229404926300049,3.0568849090486765,megabytes,88270.0,88270.0,56.0,50.07142857142857,0.092561408,0.092561408,0.8015625,0.7272321428571429,success,sinkhorn,0.001,100000
1D-gaussian-2c-32p,32,32,0.0105851516789064,100000,1.8864149744410364e-05,,seconds,3.048809289932251,2.985659576952457,megabytes,88270.0,88270.0,58.0,52.23076923076923,0.092188672,0.092188672,0.81015625,0.7719951923076924,success,sinkhorn,0.001,100000
1D-gaussian-2c-32p,32,32,0.0087894912442449,100000,0.0008223270252961,,seconds,2.95623779296875,2.952827136963606,megabytes,88270.0,88270.0,58.0,54.76923076923077,0.092196864,0.092196864,0.8015625,0.7789062499999999,success,sinkhorn,0.001,100000
1D-gaussian-2c-64p,64,64,0.0564456941573079,100000,0.0966991211565803,,seconds,3.061844825744629,2.9873292297124863,megabytes,88270.0,88270.0,58.0,50.84615384615385,0.09230336,0.09230336,0.8078125,0.7594350961538462,success,sinkhorn,0.001,100000
1D-gaussian-2c-64p,64,64,0.0169916489427207,100000,0.1976815181008082,,seconds,3.1877920627593994,2.934677429497242,megabytes,88270.0,88270.0,58.0,52.5,0.092749824,0.092749824,0.8140625,0.7375,success,sinkhorn,0.001,100000
1D-gaussian-2c-64p,64,64,0.0011854934080746,100000,0.2554186197102406,,seconds,3.0860466957092285,2.967092342674732,megabytes,88270.0,88270.0,58.0,53.5,0.092479488,0.092479488,0.8015625,0.7333147321428571,success,sinkhorn,0.001,100000
1D-gaussian-2c-64p,64,64,0.0233583824751027,100000,0.1974231314470575,,seconds,2.973403215408325,2.9508835412561893,megabytes,88270.0,88270.0,58.0,51.92307692307692,0.092409856,0.092409856,0.80390625,0.7700120192307692,success,sinkhorn,0.001,100000
1D-gaussian-2c-64p,64,64,0.0211051887742924,100000,0.1783446822242507,,seconds,3.090461254119873,2.938386974856257,megabytes,88270.0,88270.0,58.0,52.785714285714285,0.092454912,0.092454912,0.8109375,0.738560267857143,success,sinkhorn,0.001,100000
1D-gaussian-2c-64p,64,64,0.0029912433020292,100000,5.9214780104896e-05,,seconds,3.098767042160034,2.924884762614965,megabytes,88270.0,88270.0,58.0,54.266666666666666,0.092962816,0.092962816,0.81640625,0.7448958333333334,success,sinkhorn,0.001,100000
1D-gaussian-2c-64p,64,64,0.0182490705363728,100000,0.2343004879772433,,seconds,2.9814999103546143,2.971511309966445,megabytes,88270.0,88270.0,58.0,50.92857142857143,0.092479488,0.092479488,0.8078125,0.7804687499999999,success,sinkhorn,0.001,100000
1D-gaussian-2c-64p,64,64,0.0086126441646881,100000,0.0007977477195393,,seconds,3.0809988975524902,2.9599679950624704,megabytes,88270.0,88270.0,58.0,54.66666666666666,0.092479488,0.092479488,0.8234375,0.74953125,success,sinkhorn,0.001,100000
1D-gaussian-2c-64p,64,64,0.0075001347791022,100000,6.224725828343498e-05,,seconds,3.050655603408813,2.9124392177909613,megabytes,88270.0,88270.0,59.0,54.0,0.095850496,0.095850496,0.809375,0.7373958333333334,success,sinkhorn,0.001,100000
1D-gaussian-2c-64p,64,64,0.009249752217952,100000,0.3344541585155626,,seconds,2.9398810863494877,2.897828346118331,megabytes,88270.0,88270.0,59.0,51.92857142857143,0.095858688,0.095858688,0.809375,0.7665178571428571,success,sinkhorn,0.001,100000
1D-gaussian-2c-64p,64,64,0.0001761321948056,100000,0.3435756981437808,,seconds,3.062541007995605,2.95059803314507,megabytes,88270.0,88270.0,58.0,56.13333333333333,0.092516352,0.092516352,0.80859375,0.7447916666666667,success,sinkhorn,0.001,100000
1D-gaussian-2c-64p,64,64,0.0191203585180255,100000,0.199070023245953,,seconds,3.0850229263305664,2.968232786282897,megabytes,88270.0,88270.0,57.0,53.4,0.092459008,0.092459008,0.8046875,0.7414062500000002,success,sinkhorn,0.001,100000
1D-gaussian-2c-64p,64,64,0.0190406783439656,100000,0.0306613342687974,,seconds,3.127657651901245,2.975658345967531,megabytes,88270.0,88270.0,58.0,51.35714285714285,0.092348416,0.092348416,0.809375,0.7403459821428572,success,sinkhorn,0.001,100000
1D-gaussian-2c-64p,64,64,0.0103641058906115,100000,7.383642690823923e-06,,seconds,3.066902637481689,2.962804840877652,megabytes,88270.0,88270.0,58.0,52.2,0.092368896,0.092368896,0.8109375,0.7560416666666667,success,sinkhorn,0.001,100000
1D-gaussian-2c-64p,64,64,0.0051466227672781,100000,0.2639548354454308,,seconds,3.131632089614868,2.9848546497523785,megabytes,88270.0,88270.0,58.0,52.38461538461539,0.0922624,0.0922624,0.80390625,0.7370192307692308,success,sinkhorn,0.001,100000
1D-gaussian-2c-64p,64,64,0.0100223462761581,211,7.620881555605809e-07,,seconds,0.2113268375396728,0.0085969716310501,megabytes,88270.0,88270.0,9.0,9.0,0.066543616,0.066543616,0.0,0.0,success,sinkhorn,0.001,100000
1D-gaussian-2c-64p,64,64,0.0128354387269612,100000,0.000391115835766,,seconds,2.990620374679565,2.973119517788291,megabytes,88270.0,88270.0,58.0,53.53846153846154,0.092155904,0.092155904,0.8078125,0.7784254807692308,success,sinkhorn,0.001,100000
1D-gaussian-2c-64p,64,64,0.0166626316514848,100000,0.1569565009388343,,seconds,3.13643741607666,2.973989339545369,megabytes,88270.0,88270.0,58.0,51.92857142857143,0.092688384,0.092688384,0.79921875,0.7303571428571429,success,sinkhorn,0.001,100000
1D-gaussian-2c-64p,64,64,0.0044437044816479,100000,0.1759175840289756,,seconds,2.9257795810699463,2.9177221469581127,megabytes,88270.0,88270.0,59.0,51.42857142857143,0.095776768,0.095776768,0.81171875,0.7830357142857144,success,sinkhorn,0.001,100000
1D-gaussian-2c-64p,64,64,0.0206140799691541,100000,0.2090075199789729,,seconds,3.019506931304932,2.9541210867464542,megabytes,88270.0,88270.0,58.0,53.5,0.09230336,0.09230336,0.8046875,0.7643415178571429,success,sinkhorn,0.001,100000
1D-gaussian-2c-64p,64,64,0.039798235643812,100000,0.0840852777479275,,seconds,3.0968234539031982,3.0346936974674463,megabytes,88270.0,88270.0,57.0,51.53333333333333,0.09238528,0.09238528,0.8109375,0.7610416666666668,success,sinkhorn,0.001,100000
1D-gaussian-2c-64p,64,64,0.0331761870164457,100000,0.0375111635384596,,seconds,2.9871299266815186,2.979181172326207,megabytes,88270.0,88270.0,58.0,50.91666666666666,0.09578496,0.09578496,0.80234375,0.7798828124999999,success,sinkhorn,0.001,100000
1D-gaussian-2c-64p,64,64,0.0591084891062426,100000,0.0481321339876614,,seconds,3.0969738960266118,2.9887824691832066,megabytes,88270.0,88270.0,57.0,53.53333333333333,0.092377088,0.092377088,0.8,0.7381770833333332,success,sinkhorn,0.001,100000
1D-gaussian-2c-64p,64,64,0.0170133902575496,100000,0.1299631109899247,,seconds,3.1001131534576416,2.965979687869549,megabytes,88270.0,88270.0,57.0,51.2,0.092348416,0.092348416,0.80234375,0.7351041666666667,success,sinkhorn,0.001,100000
1D-gaussian-2c-64p,64,64,0.0015941943356727,100000,0.2582352285071769,,seconds,3.101214647293091,3.003828227519989,megabytes,88270.0,88270.0,58.0,52.07692307692308,0.092196864,0.092196864,0.79453125,0.749639423076923,success,sinkhorn,0.001,100000
1D-gaussian-2c-64p,64,64,0.025536121663898,100000,0.1903228882732167,,seconds,3.1285510063171387,2.9544211607426405,megabytes,88270.0,88270.0,58.0,54.266666666666666,0.09271296,0.09271296,0.81171875,0.7428125,success,sinkhorn,0.001,100000
1D-gaussian-2c-64p,64,64,0.0327727771003368,100000,0.0762714165616869,,seconds,3.0631768703460693,2.9703661799430847,megabytes,88270.0,88270.0,58.0,50.84615384615385,0.092213248,0.092213248,0.81015625,0.7631009615384616,success,sinkhorn,0.001,100000
1D-gaussian-2c-64p,64,64,0.0154876631448078,100000,0.2678390907036846,,seconds,3.056922674179077,2.9117568768560886,megabytes,88270.0,88270.0,58.0,53.8,0.095850496,0.095850496,0.81015625,0.7347916666666667,success,sinkhorn,0.001,100000
1D-gaussian-2c-64p,64,64,0.0314329415901962,100000,0.0844939842793901,,seconds,3.0562546253204346,2.964412307366729,megabytes,88270.0,88270.0,58.0,51.93333333333333,0.092299264,0.092299264,0.80859375,0.7513020833333335,success,sinkhorn,0.001,100000
1D-gaussian-2c-64p,64,64,0.0118740779893653,100000,8.949938172576411e-05,,seconds,2.978684186935425,2.968674011528492,megabytes,88270.0,88270.0,58.0,50.42857142857143,0.092188672,0.092188672,0.81171875,0.7824218749999999,success,sinkhorn,0.001,100000
1D-gaussian-2c-128p,128,128,0.0001879683110168,100000,0.242946541162729,,seconds,3.157612562179565,2.9572465904057026,megabytes,88270.0,88270.0,59.0,53.333333333333336,0.096571392,0.096571392,0.8109375,0.7323437500000001,success,sinkhorn,0.001,100000
1D-gaussian-2c-128p,128,128,0.0211067000147983,100000,0.1468085594792649,,seconds,3.1156766414642334,2.941662071272731,megabytes,88270.0,88270.0,59.0,55.06666666666667,0.096333824,0.096333824,0.80390625,0.7330729166666666,success,sinkhorn,0.001,100000
1D-gaussian-2c-128p,128,128,0.0086108654360728,100000,0.000576392829269,,seconds,3.175990581512451,3.024184372276068,megabytes,88270.0,88270.0,58.0,50.6,0.092430336,0.092430336,0.80859375,0.7388020833333333,success,sinkhorn,0.001,100000
1D-gaussian-2c-128p,128,128,0.0015950247075071,100000,0.1801645877360361,,seconds,3.1115763187408447,3.012309180572629,megabytes,88270.0,88270.0,58.0,54.46666666666667,0.092413952,0.092413952,0.784375,0.7458333333333335,success,sinkhorn,0.001,100000
1D-gaussian-2c-128p,128,128,0.0118601341783148,100000,6.607716791114157e-05,,seconds,3.100600481033325,3.027816111221909,megabytes,88270.0,88270.0,58.0,51.6,0.095985664,0.095985664,0.815625,0.7532291666666667,success,sinkhorn,0.001,100000
1D-gaussian-2c-128p,128,128,0.0397580547129677,100000,0.060229227492798,,seconds,3.135756015777588,3.091150268912316,megabytes,88270.0,88270.0,56.0,51.93333333333333,0.092397568,0.092397568,0.809375,0.7690625000000001,success,sinkhorn,0.001,100000
1D-gaussian-2c-128p,128,128,0.0187786506560585,100000,0.0252338155369069,,seconds,3.176075220108032,3.01065256819129,megabytes,88270.0,88270.0,59.0,54.57142857142857,0.092749824,0.092749824,0.81328125,0.7287946428571429,success,sinkhorn,0.001,100000
1D-gaussian-2c-128p,128,128,0.0154976896553292,100000,0.1900011207091922,,seconds,2.9644734859466557,2.9348702393472195,megabytes,88270.0,88270.0,59.0,50.85714285714285,0.095891456,0.095891456,0.80703125,0.7676897321428572,success,sinkhorn,0.001,100000
1D-gaussian-2c-128p,128,128,0.0554717624237681,100000,0.0436550412201184,,seconds,3.1711151599884038,3.009424408897757,megabytes,88270.0,88270.0,59.0,53.76923076923077,0.09252864,0.09252864,0.7984375,0.730829326923077,success,sinkhorn,0.001,100000
1D-gaussian-2c-128p,128,128,0.0335948343690977,100000,0.04917989882126,,seconds,3.154909133911133,2.998654216527939,megabytes,88270.0,88270.0,59.0,49.642857142857146,0.092495872,0.092495872,0.81328125,0.7390624999999998,success,sinkhorn,0.001,100000
1D-gaussian-2c-128p,128,128,0.0564742043170583,100000,0.0687743888144858,,seconds,3.1318140029907227,3.0097156390547752,megabytes,88270.0,88270.0,58.0,53.21428571428572,0.09224192,0.09224192,0.79609375,0.7378906250000001,success,sinkhorn,0.001,100000
1D-gaussian-2c-128p,128,128,0.0103566345779434,100000,8.229013864592748e-06,,seconds,3.0712623596191406,2.992986500263214,megabytes,88270.0,88270.0,58.0,50.6,0.092397568,0.092397568,0.81484375,0.75859375,success,sinkhorn,0.001,100000
1D-gaussian-2c-128p,128,128,0.0099430122856206,261,7.496849155670183e-07,,seconds,0.2164530754089355,0.0101864635944366,megabytes,88270.0,88270.0,0.0,0.0,0.066265088,0.066265088,0.0,0.0,success,sinkhorn,0.001,100000
1D-gaussian-2c-128p,128,128,0.025721735793305,100000,0.1339462074404154,,seconds,3.0642364025115967,3.0220011826604605,megabytes,88270.0,88270.0,58.0,54.8,0.092413952,0.092413952,0.83203125,0.7667708333333333,success,sinkhorn,0.001,100000
1D-gaussian-2c-128p,128,128,0.0194699964392188,100000,0.1428462857925285,,seconds,3.063640594482422,2.9828933607786894,megabytes,88270.0,88270.0,58.0,53.6,0.092254208,0.092254208,0.81640625,0.7589062500000001,success,sinkhorn,0.001,100000
1D-gaussian-2c-128p,128,128,0.00118437980187,100000,0.180606522826994,,seconds,3.1812469959259038,3.0046926233917475,megabytes,88270.0,88270.0,58.0,51.46666666666667,0.09222144,0.09222144,0.80546875,0.7436979166666666,success,sinkhorn,0.001,100000
1D-gaussian-2c-128p,128,128,0.0164189014444567,100000,0.1162534775737986,,seconds,3.043102502822876,2.99750673212111,megabytes,88270.0,88270.0,58.0,54.66666666666666,0.092299264,0.092299264,0.85390625,0.7737499999999999,success,sinkhorn,0.001,100000
1D-gaussian-2c-128p,128,128,0.0045638612635348,100000,0.1243827023194245,,seconds,3.0906050205230717,2.992055017501116,megabytes,88270.0,88270.0,58.0,53.66666666666666,0.092233728,0.092233728,0.80703125,0.7524479166666667,success,sinkhorn,0.001,100000
1D-gaussian-2c-128p,128,128,0.007474328760078,100000,4.559885718879002e-05,,seconds,3.0691373348236084,3.0333988834172487,megabytes,88270.0,88270.0,57.0,50.53333333333333,0.09224192,0.09224192,0.8078125,0.7680729166666665,success,sinkhorn,0.001,100000
1D-gaussian-2c-128p,128,128,0.0325168497642143,100000,0.0341307386279636,,seconds,3.218603610992432,2.984019400551915,megabytes,88270.0,88270.0,59.0,53.53846153846154,0.09234432,0.09234432,0.79375,0.722956730769231,success,sinkhorn,0.001,100000
1D-gaussian-2c-128p,128,128,0.0181943281664289,100000,0.1398334223125073,,seconds,3.1640896797180176,2.982249729335308,megabytes,88270.0,88270.0,59.0,51.07142857142857,0.092745728,0.092745728,0.80546875,0.7251674107142858,success,sinkhorn,0.001,100000
1D-gaussian-2c-128p,128,128,0.0233611820660177,100000,0.139667498348458,,seconds,2.990391969680786,2.959648845717311,megabytes,88270.0,88270.0,58.0,50.71428571428572,0.092176384,0.092176384,0.80703125,0.7724888392857142,success,sinkhorn,0.001,100000
1D-gaussian-2c-128p,128,128,0.0051382786033336,100000,0.1871118991674322,,seconds,3.1790504455566406,3.0515317171812057,megabytes,88270.0,88270.0,59.0,53.76923076923077,0.092082176,0.092082176,0.8078125,0.7489783653846154,success,sinkhorn,0.001,100000
1D-gaussian-2c-128p,128,128,0.0182659541968874,100000,0.1658398798054046,,seconds,3.059212207794189,3.0422540456056595,megabytes,88270.0,88270.0,57.0,50.2,0.092188672,0.092188672,0.81171875,0.7804687500000002,success,sinkhorn,0.001,100000
1D-gaussian-2c-128p,128,128,0.002993656889798,100000,2.5600836983675824e-05,,seconds,3.0456089973449707,2.988749520853162,megabytes,88270.0,88270.0,58.0,52.07142857142857,0.092114944,0.092114944,0.82109375,0.7784040178571427,success,sinkhorn,0.001,100000
1D-gaussian-2c-128p,128,128,0.0094956690710908,100000,0.2372893947117764,,seconds,3.097189426422119,3.036021528765559,megabytes,88270.0,88270.0,57.0,54.46666666666667,0.092209152,0.092209152,0.8140625,0.7636458333333334,success,sinkhorn,0.001,100000
1D-gaussian-2c-128p,128,128,0.0212378599254947,100000,0.1277389683682264,,seconds,3.141493082046509,3.028658278286457,megabytes,88270.0,88270.0,58.0,52.13333333333333,0.09224192,0.09224192,0.80625,0.75609375,success,sinkhorn,0.001,100000
1D-gaussian-2c-128p,128,128,0.0128674066875682,100000,0.0001740778338804,,seconds,3.0816659927368164,2.910968886688352,megabytes,88270.0,88270.0,60.0,51.2,0.096161792,0.096161792,0.8015625,0.7278125,success,sinkhorn,0.001,100000
1D-gaussian-2c-128p,128,128,0.031351953914748,100000,0.0644384858842848,,seconds,2.984350681304932,2.9809860307723284,megabytes,88270.0,88270.0,58.0,54.5,0.092082176,0.092082176,0.85703125,0.7907366071428571,success,sinkhorn,0.001,100000
1D-gaussian-2c-128p,128,128,0.0168616550644028,100000,0.0917302526007166,,seconds,3.1209657192230225,3.0254054311662912,megabytes,88270.0,88270.0,57.0,52.46666666666667,0.092151808,0.092151808,0.8078125,0.7578125,success,sinkhorn,0.001,100000
1D-gaussian-2c-256p,256,256,0.0337740991333016,100000,0.0478570875040577,,seconds,3.673145532608032,3.550313260406256,megabytes,88270.0,88270.0,52.0,46.294117647058826,0.094027776,0.094027776,0.81015625,0.7681985294117646,success,sinkhorn,0.001,100000
1D-gaussian-2c-256p,256,256,0.0326037604701778,100000,0.0242681459650744,,seconds,3.76710057258606,3.58255435526371,megabytes,88270.0,88270.0,51.0,47.44444444444444,0.174514176,0.174514176,0.8125,0.7439670138888889,success,sinkhorn,0.001,100000
1D-gaussian-2c-256p,256,256,0.0313945576537668,100000,0.046122586431307,,seconds,3.559152603149414,3.513200838118792,megabytes,88270.0,88270.0,52.0,48.0,0.094052352,0.094052352,0.80390625,0.7765624999999999,success,sinkhorn,0.001,100000
1D-gaussian-2c-256p,256,256,0.0234057147122555,100000,0.098825430093116,,seconds,3.446402311325073,3.2801339253783226,megabytes,88270.0,88270.0,55.0,50.5,0.097828864,0.097828864,0.8171875,0.7360839843750001,success,sinkhorn,0.001,100000
1D-gaussian-2c-256p,256,256,0.0191159172238311,100000,0.1002050165662549,,seconds,3.279878854751587,3.267659980803728,megabytes,88270.0,88270.0,56.0,49.0625,0.097488896,0.097488896,0.809375,0.77314453125,success,sinkhorn,0.001,100000
1D-gaussian-2c-256p,256,256,0.0215569061977015,100000,0.0987289524359797,,seconds,3.628476858139038,3.5534852258861065,megabytes,88270.0,88270.0,55.0,48.76470588235294,0.094068736,0.094068736,0.81171875,0.7662224264705884,success,sinkhorn,0.001,100000
1D-gaussian-2c-256p,256,256,0.0051357300180607,100000,0.1324150939608902,,seconds,3.852073431015015,3.622912973165512,megabytes,88270.0,88270.0,51.0,44.88235294117647,0.09402368,0.09402368,0.80625,0.7447150735294118,success,sinkhorn,0.001,100000
1D-gaussian-2c-256p,256,256,0.0213343608537066,100000,0.0902260178157211,,seconds,3.396003246307373,3.290446935221553,megabytes,88270.0,88270.0,58.0,48.0,0.097447936,0.097447936,0.7984375,0.7515625,success,sinkhorn,0.001,100000
1D-gaussian-2c-256p,256,256,0.0224215426009134,100000,0.1024377933699028,,seconds,3.57596206665039,3.328686319291592,megabytes,88270.0,88270.0,55.0,49.8235294117647,0.097583104,0.097583104,0.80625,0.740716911764706,success,sinkhorn,0.001,100000
1D-gaussian-2c-256p,256,256,0.0128556182116252,100000,0.0001729539955162,,seconds,3.847655296325684,3.660470005124808,megabytes,88270.0,88270.0,50.0,46.388888888888886,0.17453056,0.17453056,0.809375,0.7351562500000001,success,sinkhorn,0.001,100000
1D-gaussian-2c-256p,256,256,0.009944070701931,251,7.356707485288851e-07,,seconds,0.2142848968505859,0.0114007517695426,megabytes,88270.0,88270.0,0.0,0.0,0.066236416,0.066236416,0.0,0.0,success,sinkhorn,0.001,100000
1D-gaussian-2c-256p,256,256,0.0154950419452132,100000,0.1346673379404376,,seconds,3.4451918601989746,3.3473593182861805,megabytes,88270.0,88270.0,56.0,50.785714285714285,0.093782016,0.093782016,0.80390625,0.7525669642857142,success,sinkhorn,0.001,100000
1D-gaussian-2c-256p,256,256,0.0255247160183666,100000,0.0948455833667956,,seconds,3.772954225540161,3.6664150189608335,megabytes,88270.0,88270.0,51.0,46.47058823529412,0.09398272,0.09398272,0.8078125,0.7649816176470587,success,sinkhorn,0.001,100000
1D-gaussian-2c-256p,256,256,0.0045666744845522,100000,0.0879561667167397,,seconds,3.8672242164611816,3.720022365450859,megabytes,88270.0,88270.0,50.0,45.61111111111112,0.174174208,0.174174208,0.81015625,0.7520833333333333,success,sinkhorn,0.001,100000
1D-gaussian-2c-256p,256,256,0.018834636089492,100000,0.0178174530083069,,seconds,3.710150718688965,3.669687354937196,megabytes,88270.0,88270.0,51.0,47.8235294117647,0.094040064,0.094040064,0.8109375,0.7766084558823528,success,sinkhorn,0.001,100000
1D-gaussian-2c-256p,256,256,0.0099106579893862,100000,0.1684132873581619,,seconds,3.681295156478882,3.549986304715276,megabytes,88270.0,88270.0,51.0,45.76470588235294,0.09402368,0.09402368,0.8078125,0.7623161764705882,success,sinkhorn,0.001,100000
1D-gaussian-2c-256p,256,256,0.0029928437595187,100000,2.315844458834128e-05,,seconds,3.732916831970215,3.62681682780385,megabytes,88270.0,88270.0,51.0,46.47058823529412,0.093978624,0.093978624,0.80625,0.7637408088235296,success,sinkhorn,0.001,100000
1D-gaussian-2c-256p,256,256,0.0167711024544679,100000,0.0644297565425052,,seconds,3.258580207824707,3.2474217787384987,megabytes,88270.0,88270.0,58.0,51.69230769230769,0.097394688,0.097394688,0.79453125,0.7813701923076923,success,sinkhorn,0.001,100000
1D-gaussian-2c-256p,256,256,0.0161066612003947,100000,0.0833913031341728,,seconds,3.699153900146485,3.681755512952805,megabytes,88270.0,88270.0,50.0,46.35294117647059,0.093974528,0.093974528,0.809375,0.7786764705882353,success,sinkhorn,0.001,100000
1D-gaussian-2c-256p,256,256,0.0118596004454112,100000,4.075254682427992e-05,,seconds,3.6348531246185294,3.524063978344202,megabytes,88270.0,88270.0,52.0,48.52941176470589,0.094015488,0.094015488,0.8140625,0.7694393382352942,success,sinkhorn,0.001,100000
1D-gaussian-2c-256p,256,256,0.0103568107834342,100000,4.313051455000954e-06,,seconds,3.6833221912384033,3.541498333215713,megabytes,88270.0,88270.0,52.0,48.11764705882353,0.093974528,0.093974528,0.7984375,0.7456341911764703,success,sinkhorn,0.001,100000
1D-gaussian-2c-256p,256,256,0.0011843938672247,100000,0.1277080970169286,,seconds,3.721818447113037,3.56199723482132,megabytes,88270.0,88270.0,57.0,46.23529411764706,0.093990912,0.093990912,0.81328125,0.7536305147058825,success,sinkhorn,0.001,100000
1D-gaussian-2c-256p,256,256,0.0182820047327532,100000,0.1172591243824099,,seconds,3.537402391433716,3.428687959909439,megabytes,88270.0,88270.0,57.0,51.375,0.093904896,0.093904896,0.81015625,0.7538085937500001,success,sinkhorn,0.001,100000
1D-gaussian-2c-256p,256,256,0.0015961364871232,100000,0.1276088115133777,,seconds,3.602949380874634,3.5992215499281883,megabytes,88270.0,88270.0,51.0,46.76470588235294,0.093884416,0.093884416,0.80703125,0.7787224264705883,success,sinkhorn,0.001,100000
1D-gaussian-2c-256p,256,256,0.0560375122481158,100000,0.0326241499676187,,seconds,3.515310287475586,3.320483893156052,megabytes,88270.0,88270.0,57.0,50.4,0.094359552,0.094359552,0.8109375,0.72875,success,sinkhorn,0.001,100000
1D-gaussian-2c-256p,256,256,0.0001698110729116,100000,0.1717900953201391,,seconds,3.66853928565979,3.3697428684681654,megabytes,88270.0,88270.0,54.0,49.70588235294117,0.097804288,0.097804288,0.81015625,0.7346507352941177,success,sinkhorn,0.001,100000
1D-gaussian-2c-256p,256,256,0.0074741375382957,100000,3.089388608458302e-05,,seconds,3.8291969299316406,3.516992000862956,megabytes,88270.0,88270.0,52.0,46.23529411764706,0.094674944,0.094674944,0.81015625,0.7296415441176471,success,sinkhorn,0.001,100000
1D-gaussian-2c-256p,256,256,0.0086116512537937,100000,0.0004044716805766,,seconds,3.6523265838623047,3.516431612893939,megabytes,88270.0,88270.0,52.0,48.35294117647059,0.093966336,0.093966336,0.81171875,0.7586397058823529,success,sinkhorn,0.001,100000
1D-gaussian-2c-256p,256,256,0.0571618755550911,100000,0.0462799127952917,,seconds,3.6162188053131104,3.519125197082758,megabytes,88270.0,88270.0,52.0,47.0,0.093954048,0.093954048,0.80546875,0.7649816176470587,success,sinkhorn,0.001,100000
1D-gaussian-2c-256p,256,256,0.040145003881534,100000,0.0428638973476633,,seconds,3.80839204788208,3.629109274595976,megabytes,88270.0,88270.0,51.0,48.16666666666666,0.174198784,0.174198784,0.81015625,0.7377604166666667,success,sinkhorn,0.001,100000
1D-gaussian-2c-512p,512,512,0.0045438299132129,100000,0.062194396754672,,seconds,3.9287772178649902,3.794467385858297,megabytes,88270.0,88270.0,59.0,54.76470588235294,0.095637504,0.095637504,0.81171875,0.7563878676470589,success,sinkhorn,0.001,100000
1D-gaussian-2c-512p,512,512,0.0118602215931654,100000,2.861166630368467e-05,,seconds,3.8511688709259033,3.846376016736031,megabytes,88270.0,88270.0,59.0,54.888888888888886,0.175771648,0.175771648,0.8125,0.7803819444444445,success,sinkhorn,0.001,100000
1D-gaussian-2c-512p,512,512,0.0213223607224668,100000,0.0636948567132736,,seconds,3.884387493133545,3.864366000518203,megabytes,88270.0,88270.0,58.0,54.11111111111112,0.175644672,0.175644672,0.80859375,0.7801215277777778,success,sinkhorn,0.001,100000
1D-gaussian-2c-512p,512,512,0.0188246470602486,100000,0.0714028003401874,,seconds,4.023697376251221,3.869742717593908,megabytes,88270.0,88270.0,58.0,57.1764705882353,0.095604736,0.095604736,0.8140625,0.7611213235294119,success,sinkhorn,0.001,100000
1D-gaussian-2c-512p,512,512,0.0233835525720415,100000,0.0698744063723408,,seconds,3.8856801986694336,3.87211836501956,megabytes,88270.0,88270.0,58.0,53.77777777777778,0.175685632,0.175685632,0.81484375,0.7813368055555554,success,sinkhorn,0.001,100000
1D-gaussian-2c-512p,512,512,0.0166460041155071,100000,0.045611360644705,,seconds,3.954975128173828,3.8549658972769976,megabytes,88270.0,88270.0,59.0,54.10526315789474,0.175702016,0.175702016,0.79921875,0.7455180921052632,success,sinkhorn,0.001,100000
1D-gaussian-2c-512p,512,512,0.0001603482309684,100000,0.1214739269635219,,seconds,4.048369407653809,3.850038107484579,megabytes,88270.0,88270.0,59.0,55.16666666666666,0.175968256,0.175968256,0.8109375,0.7329861111111111,success,sinkhorn,0.001,100000
1D-gaussian-2c-512p,512,512,0.0560839358859555,100000,0.0229483968207506,,seconds,3.9088854789733887,3.81283775344491,megabytes,88270.0,88270.0,60.0,54.833333333333336,0.175632384,0.175632384,0.81171875,0.7578993055555554,success,sinkhorn,0.001,100000
1D-gaussian-2c-512p,512,512,0.0339913994296297,100000,0.0319181715399302,,seconds,3.8472492694854736,3.693718239665032,megabytes,88270.0,88270.0,60.0,56.61111111111112,0.179134464,0.179134464,0.81171875,0.7534722222222223,success,sinkhorn,0.001,100000
1D-gaussian-2c-512p,512,512,0.0099440260748667,241,8.082937650240198e-07,,seconds,0.2192456722259521,0.0112993102520704,megabytes,88270.0,88270.0,0.0,0.0,0.066134016,0.066134016,0.0,0.0,success,sinkhorn,0.001,100000
1D-gaussian-2c-512p,512,512,0.0402925786123247,100000,0.0303181275612549,,seconds,3.963376522064209,3.877125315368176,megabytes,88270.0,88270.0,58.0,52.61111111111112,0.175517696,0.175517696,0.8078125,0.7598090277777778,success,sinkhorn,0.001,100000
1D-gaussian-2c-512p,512,512,0.0187943554798987,100000,0.0127298903073353,,seconds,4.053580522537232,3.867206582799554,megabytes,88270.0,88270.0,58.0,55.94736842105263,0.176062464,0.176062464,0.8078125,0.7391036184210528,success,sinkhorn,0.001,100000
1D-gaussian-2c-512p,512,512,0.0162031488350463,100000,0.059224982424239,,seconds,3.9373724460601807,3.839840495958924,megabytes,88270.0,88270.0,59.0,54.125,0.095309824,0.095309824,0.80078125,0.7623046875,success,sinkhorn,0.001,100000
1D-gaussian-2c-512p,512,512,0.0182718596234404,100000,0.0829054567323836,,seconds,3.954017639160156,3.844234870746732,megabytes,88270.0,88270.0,59.0,53.05882352941177,0.095494144,0.095494144,0.81015625,0.76328125,success,sinkhorn,0.001,100000
1D-gaussian-2c-512p,512,512,0.0011843855454404,100000,0.0903032614125713,,seconds,4.059444904327393,3.870171323418617,megabytes,88270.0,88270.0,58.0,55.10526315789474,0.17600512,0.17600512,0.81484375,0.7398026315789474,success,sinkhorn,0.001,100000
1D-gaussian-2c-512p,512,512,0.0029929279261895,100000,1.6018994446106263e-05,,seconds,3.937154531478882,3.847719414159656,megabytes,88270.0,88270.0,58.0,53.333333333333336,0.17555456,0.17555456,0.80859375,0.7593315972222223,success,sinkhorn,0.001,100000
1D-gaussian-2c-512p,512,512,0.0571813920735214,100000,0.0328564647324366,,seconds,4.022390604019165,3.845243627205491,megabytes,88270.0,88270.0,59.0,54.26315789473684,0.175837184,0.175837184,0.8125,0.7421052631578947,success,sinkhorn,0.001,100000
1D-gaussian-2c-512p,512,512,0.0074742082139573,100000,2.1597804421474585e-05,,seconds,3.8477065563201904,3.829626396298409,megabytes,88270.0,88270.0,59.0,53.888888888888886,0.175603712,0.175603712,0.81875,0.7793402777777777,success,sinkhorn,0.001,100000
1D-gaussian-2c-512p,512,512,0.0154930031861097,100000,0.095374957953864,,seconds,4.028075933456421,3.8455028478056192,megabytes,88270.0,88270.0,58.0,56.9375,0.095985664,0.095985664,0.80546875,0.7341308593749999,success,sinkhorn,0.001,100000
1D-gaussian-2c-512p,512,512,0.0209576768610273,100000,0.0700142722733044,,seconds,4.111962556838989,3.8106809742748737,megabytes,88270.0,88270.0,59.0,51.8235294117647,0.095875072,0.095875072,0.809375,0.734329044117647,success,sinkhorn,0.001,100000
1D-gaussian-2c-512p,512,512,0.0101337141884364,100000,0.1189516509608709,,seconds,3.796038627624512,3.717929152771831,megabytes,88270.0,88270.0,60.0,56.61111111111112,0.179011584,0.179011584,0.81015625,0.7577690972222221,success,sinkhorn,0.001,100000
1D-gaussian-2c-512p,512,512,0.005136157925846,100000,0.0936113610947822,,seconds,3.9801416397094727,3.792257251217961,megabytes,88270.0,88270.0,59.0,53.68421052631579,0.175935488,0.175935488,0.80859375,0.7345805921052633,success,sinkhorn,0.001,100000
1D-gaussian-2c-512p,512,512,0.0327732194622384,100000,0.0176994405464799,,seconds,3.8075978755950928,3.764614291489124,megabytes,88270.0,88270.0,59.0,56.44444444444444,0.175620096,0.175620096,0.8015625,0.7598090277777778,success,sinkhorn,0.001,100000
1D-gaussian-2c-512p,512,512,0.0313615259032905,100000,0.0331252377852782,,seconds,3.8159570693969727,3.777400540187955,megabytes,88270.0,88270.0,59.0,55.72222222222222,0.175464448,0.175464448,0.81640625,0.7691406249999999,success,sinkhorn,0.001,100000
1D-gaussian-2c-512p,512,512,0.0015963580322777,100000,0.0904035385774045,,seconds,3.9384825229644775,3.808165153488517,megabytes,88270.0,88270.0,59.0,54.1875,0.095309824,0.095309824,0.8140625,0.75732421875,success,sinkhorn,0.001,100000
1D-gaussian-2c-512p,512,512,0.0226588692506592,100000,0.0729999219370275,,seconds,3.790262937545776,3.7894048001617193,megabytes,88270.0,88270.0,59.0,55.55555555555556,0.17549312,0.17549312,0.809375,0.777126736111111,success,sinkhorn,0.001,100000
1D-gaussian-2c-512p,512,512,0.0128591285455177,100000,0.0001212021793872,,seconds,4.011920690536499,3.7842149827629328,megabytes,88270.0,88270.0,59.0,55.0,0.175644672,0.175644672,0.81015625,0.7345052083333334,success,sinkhorn,0.001,100000
1D-gaussian-2c-512p,512,512,0.0103569251946315,100000,2.521128687234949e-06,,seconds,3.8720991611480713,3.757484871894121,megabytes,88270.0,88270.0,60.0,54.27777777777778,0.175419392,0.175419392,0.80859375,0.7524305555555555,success,sinkhorn,0.001,100000
1D-gaussian-2c-512p,512,512,0.0086119951474323,100000,0.0002862192791827,,seconds,3.959794521331787,3.770011516287923,megabytes,88270.0,88270.0,59.0,54.64705882352941,0.09521152,0.09521152,0.8078125,0.7531249999999999,success,sinkhorn,0.001,100000
1D-gaussian-2c-512p,512,512,0.0253352414710055,100000,0.0668162647064697,,seconds,3.781015872955322,3.709734575822949,megabytes,88270.0,88270.0,60.0,56.72222222222222,0.179027968,0.179027968,0.8078125,0.7573350694444446,success,sinkhorn,0.001,100000
1D-gaussian-2c-1024p,1024,1024,0.005136071654148,100000,0.06619588039278,,seconds,3.92990517616272,3.848584456369281,megabytes,88270.0,88270.0,59.0,53.70588235294117,0.093724672,0.093724672,0.80625,0.7636029411764707,success,sinkhorn,0.001,100000
1D-gaussian-2c-1024p,1024,1024,0.0045471497255788,100000,0.0439781630711227,,seconds,3.995642900466919,3.824381968006492,megabytes,88270.0,88270.0,59.0,54.89473684210526,0.174006272,0.174006272,0.80234375,0.7340871710526314,success,sinkhorn,0.001,100000
1D-gaussian-2c-1024p,1024,1024,0.0011843932806616,100000,0.0638540485080597,,seconds,4.063062429428101,3.926463695243001,megabytes,88270.0,88270.0,58.0,54.3125,0.093466624,0.093466624,0.80234375,0.76103515625,success,sinkhorn,0.001,100000
1D-gaussian-2c-1024p,1024,1024,0.0103570173563002,100000,1.4269439714019836e-06,,seconds,3.994848966598511,3.801533183082938,megabytes,88270.0,88270.0,60.0,55.78947368421053,0.177729536,0.177729536,0.809375,0.7333470394736841,success,sinkhorn,0.001,100000
1D-gaussian-2c-1024p,1024,1024,0.0162175995943677,100000,0.0419853570141357,,seconds,4.036892652511597,3.9384086094796658,megabytes,88270.0,88270.0,58.0,53.68421052631579,0.173723648,0.173723648,0.81328125,0.7615542763157895,success,sinkhorn,0.001,100000
1D-gaussian-2c-1024p,1024,1024,0.0182689615581554,100000,0.0586238985879494,,seconds,4.056767225265503,3.894278364256024,megabytes,88270.0,88270.0,59.0,53.68421052631579,0.173858816,0.173858816,0.8078125,0.7457236842105264,success,sinkhorn,0.001,100000
1D-gaussian-2c-1024p,1024,1024,0.0571488079231891,100000,0.0233568914694211,,seconds,4.052315950393677,3.915167959406972,megabytes,88270.0,88270.0,58.0,54.26315789473684,0.17371136,0.17371136,0.8109375,0.7483963815789472,success,sinkhorn,0.001,100000
1D-gaussian-2c-1024p,1024,1024,0.0187979025703956,100000,0.0089718278440442,,seconds,3.8891637325286874,3.882030993700028,megabytes,88270.0,88270.0,59.0,52.72222222222222,0.173604864,0.173604864,0.80859375,0.7806423611111111,success,sinkhorn,0.001,100000
1D-gaussian-2c-1024p,1024,1024,0.0233820013324693,100000,0.0494107570674254,,seconds,4.075667858123779,3.9200208950787774,megabytes,88270.0,88270.0,58.0,54.66666666666666,0.17364992,0.17364992,0.81171875,0.7461805555555556,success,sinkhorn,0.001,100000
1D-gaussian-2c-1024p,1024,1024,0.0188839103687303,100000,0.0504589939789746,,seconds,3.870478868484497,3.7663587406277657,megabytes,88270.0,88270.0,60.0,57.0,0.17729536,0.17729536,0.80859375,0.7559027777777776,success,sinkhorn,0.001,100000
1D-gaussian-2c-1024p,1024,1024,0.0312786604584638,100000,0.0234822457365521,,seconds,3.822666645050049,3.8037671875208616,megabytes,88270.0,88270.0,60.0,54.388888888888886,0.173637632,0.173637632,0.809375,0.7731336805555554,success,sinkhorn,0.001,100000
1D-gaussian-2c-1024p,1024,1024,0.0128579003300726,100000,8.600950322953547e-05,,seconds,3.840127944946289,3.842449054121971,megabytes,88270.0,88270.0,59.0,56.388888888888886,0.173436928,0.173436928,0.809375,0.7803385416666666,success,sinkhorn,0.001,100000
1D-gaussian-2c-1024p,1024,1024,0.0015965669263817,100000,0.0638707347623888,,seconds,3.804417371749878,3.7763838078826666,megabytes,88270.0,88270.0,60.0,55.833333333333336,0.177238016,0.177238016,0.8109375,0.7763888888888889,success,sinkhorn,0.001,100000
1D-gaussian-2c-1024p,1024,1024,0.0154923354994746,100000,0.0674842341438317,,seconds,3.9922163486480713,3.800132317468524,megabytes,88270.0,88270.0,60.0,55.0,0.174190592,0.174190592,0.81484375,0.7365131578947367,success,sinkhorn,0.001,100000
1D-gaussian-2c-1024p,1024,1024,0.0099440125204339,231,8.799281943146437e-07,,seconds,0.2173452377319336,0.0109527260065078,megabytes,88270.0,88270.0,0.0,0.0,0.066125824,0.066125824,0.0,0.0,success,sinkhorn,0.001,100000
1D-gaussian-2c-1024p,1024,1024,0.0559112609790817,100000,0.0162025477135495,,seconds,3.767568349838257,3.731309590861201,megabytes,88270.0,88270.0,61.0,53.888888888888886,0.177283072,0.177283072,0.80390625,0.7616319444444444,success,sinkhorn,0.001,100000
1D-gaussian-2c-1024p,1024,1024,0.0074742032572088,100000,1.5307902633316877e-05,,seconds,3.8510913848876953,3.820786004886031,megabytes,88270.0,88270.0,59.0,54.388888888888886,0.173645824,0.173645824,0.8109375,0.7726562499999999,success,sinkhorn,0.001,100000
1D-gaussian-2c-1024p,1024,1024,0.0001608922360454,100000,0.0858950470856438,,seconds,3.9731287956237793,3.842204125598073,megabytes,88270.0,88270.0,59.0,54.8421052631579,0.173645824,0.173645824,0.80546875,0.7470805921052632,success,sinkhorn,0.001,100000
1D-gaussian-2c-1024p,1024,1024,0.0086121598315404,100000,0.0002025129168828,,seconds,4.095914125442505,3.905212504789233,megabytes,88270.0,88270.0,59.0,53.1764705882353,0.093417472,0.093417472,0.8,0.7493566176470589,success,sinkhorn,0.001,100000
1D-gaussian-2c-1024p,1024,1024,0.0225823786317565,100000,0.0514711367394825,,seconds,3.786756753921509,3.784536302089691,megabytes,88270.0,88270.0,60.0,56.388888888888886,0.177291264,0.177291264,0.8046875,0.7755208333333334,success,sinkhorn,0.001,100000
1D-gaussian-2c-1024p,1024,1024,0.0210429492984609,100000,0.0495162103551938,,seconds,3.997762680053711,3.9033692106604576,megabytes,88270.0,88270.0,58.0,53.76470588235294,0.093433856,0.093433856,0.80390625,0.7635569852941176,success,sinkhorn,0.001,100000
1D-gaussian-2c-1024p,1024,1024,0.0118599615119092,100000,2.036143484755605e-05,,seconds,4.069288969039917,3.936328355222941,megabytes,88270.0,88270.0,58.0,55.47058823529412,0.093351936,0.093351936,0.7859375,0.750873161764706,success,sinkhorn,0.001,100000
1D-gaussian-2c-1024p,1024,1024,0.025337849450353,100000,0.0473298411205483,,seconds,3.8636393547058105,3.8570045176893473,megabytes,88270.0,88270.0,59.0,55.888888888888886,0.173576192,0.173576192,0.809375,0.7799045138888889,success,sinkhorn,0.001,100000
1D-gaussian-2c-1024p,1024,1024,0.0029929465634345,100000,1.1294666682072087e-05,,seconds,4.028695583343506,3.848392443731427,megabytes,88270.0,88270.0,59.0,55.1578947368421,0.173735936,0.173735936,0.80859375,0.7431332236842106,success,sinkhorn,0.001,100000
1D-gaussian-2c-1024p,1024,1024,0.0340085739506058,100000,0.0227878365824688,,seconds,3.8485090732574463,3.77208823338151,megabytes,88270.0,88270.0,60.0,57.27777777777778,0.177205248,0.177205248,0.8125,0.7615017361111112,success,sinkhorn,0.001,100000
1D-gaussian-2c-1024p,1024,1024,0.0326940340028557,100000,0.0124429391299429,,seconds,3.8973894119262695,3.870970888063312,megabytes,88270.0,88270.0,59.0,54.05882352941177,0.09342976,0.09342976,0.80703125,0.774954044117647,success,sinkhorn,0.001,100000
1D-gaussian-2c-1024p,1024,1024,0.0213202186314294,100000,0.0450407873472958,,seconds,4.044700145721436,3.848252549767494,megabytes,88270.0,88270.0,59.0,56.47368421052632,0.173981696,0.173981696,0.8125,0.7396381578947367,success,sinkhorn,0.001,100000
1D-gaussian-2c-1024p,1024,1024,0.016654679868136,100000,0.0322724848337324,,seconds,3.9422049522399902,3.878175245597959,megabytes,88270.0,88270.0,59.0,55.6875,0.093319168,0.093319168,0.8078125,0.771533203125,success,sinkhorn,0.001,100000
1D-gaussian-2c-1024p,1024,1024,0.0403159017727969,100000,0.0214868502171463,,seconds,4.013607978820801,3.8221705593168736,megabytes,88270.0,88270.0,59.0,54.26315789473684,0.17391616,0.17391616,0.80703125,0.7388980263157896,success,sinkhorn,0.001,100000
1D-gaussian-2c-1024p,1024,1024,0.0102273506330611,100000,0.0840817277632835,,seconds,3.885902166366577,3.855544811114669,megabytes,88270.0,88270.0,59.0,55.66666666666666,0.173494272,0.173494272,0.8046875,0.7655815972222222,success,sinkhorn,0.001,100000
1D-gaussian-2c-2048p,2048,2048,0.0559326937921873,100000,0.0114712437525504,,seconds,5.261397838592529,5.125900479033589,megabytes,88270.0,88270.0,66.0,62.2,0.174063616,0.174063616,0.80234375,0.7558750000000001,success,sinkhorn,0.001,100000
1D-gaussian-2c-2048p,2048,2048,0.0210682600139039,100000,0.0350095153982404,,seconds,5.067923545837402,4.892842808738351,megabytes,88270.0,88270.0,69.0,66.0,0.17405952,0.17405952,0.8046875,0.7500339673913045,success,sinkhorn,0.001,100000
1D-gaussian-2c-2048p,2048,2048,0.0101983266042968,100000,0.0594549235639129,,seconds,4.830403327941895,4.827424056828022,megabytes,88270.0,88270.0,71.0,66.95454545454545,0.173785088,0.173785088,0.80546875,0.7790482954545453,success,sinkhorn,0.001,100000
1D-gaussian-2c-2048p,2048,2048,0.0188507039905724,100000,0.0356502219044799,,seconds,5.2396886348724365,5.148214550688863,megabytes,88270.0,88270.0,66.0,62.56,0.174178304,0.174178304,0.8046875,0.76109375,success,sinkhorn,0.001,100000
1D-gaussian-2c-2048p,2048,2048,0.0187952015487228,100000,0.0063494853981393,,seconds,4.974013805389404,4.795884503051639,megabytes,88270.0,88270.0,70.0,66.91304347826087,0.17426432,0.17426432,0.79921875,0.7377717391304348,success,sinkhorn,0.001,100000
1D-gaussian-2c-2048p,2048,2048,0.0015965562051204,100000,0.0451677281632499,,seconds,5.3881425857543945,5.312332963570952,megabytes,88270.0,88270.0,64.0,58.88,0.174133248,0.174133248,0.80703125,0.7673125000000002,success,sinkhorn,0.001,100000
1D-gaussian-2c-2048p,2048,2048,0.0045464225755509,100000,0.0310972309917087,,seconds,5.092753410339356,4.91094895452261,megabytes,88270.0,88270.0,70.0,64.66666666666667,0.174055424,0.174055424,0.80234375,0.7450520833333334,success,sinkhorn,0.001,100000
1D-gaussian-2c-2048p,2048,2048,0.0166574062925894,100000,0.0228242462735175,,seconds,5.260358095169067,5.26122778840363,megabytes,88270.0,88270.0,64.0,58.72,0.177307648,0.177307648,0.80546875,0.7819999999999999,success,sinkhorn,0.001,100000
1D-gaussian-2c-2048p,2048,2048,0.0233825910964416,100000,0.0349388888805766,,seconds,5.272724628448486,5.078092893585563,megabytes,88270.0,88270.0,67.0,65.17391304347827,0.174440448,0.174440448,0.8015625,0.7477921195652172,success,sinkhorn,0.001,100000
1D-gaussian-2c-2048p,2048,2048,0.0213155495666677,100000,0.031851594732646,,seconds,5.166501045227051,5.147896343842149,megabytes,88270.0,88270.0,67.0,61.66666666666666,0.173850624,0.173850624,0.7953125,0.7749255952380952,success,sinkhorn,0.001,100000
1D-gaussian-2c-2048p,2048,2048,0.0011843931499621,100000,0.0451516307062748,,seconds,5.1509623527526855,5.101534059271216,megabytes,88270.0,88270.0,66.0,62.29166666666666,0.173989888,0.173989888,0.80234375,0.7678710937500001,success,sinkhorn,0.001,100000
1D-gaussian-2c-2048p,2048,2048,0.0253229972804333,100000,0.0334514071997702,,seconds,5.1971728801727295,5.192558819428086,megabytes,88270.0,88270.0,66.0,61.26086956521739,0.17401856,0.17401856,0.80859375,0.7768342391304348,success,sinkhorn,0.001,100000
1D-gaussian-2c-2048p,2048,2048,0.0340131538623197,100000,0.0161636470384676,,seconds,5.118672609329224,5.0204045828431845,megabytes,88270.0,88270.0,68.0,65.6086956521739,0.174026752,0.174026752,0.8078125,0.7666100543478261,success,sinkhorn,0.001,100000
1D-gaussian-2c-2048p,2048,2048,0.0327047233763333,100000,0.0088173374999635,,seconds,5.018378973007202,4.94135532155633,megabytes,88270.0,88270.0,69.0,63.04761904761905,0.173981696,0.173981696,0.80234375,0.7604166666666666,success,sinkhorn,0.001,100000
1D-gaussian-2c-2048p,2048,2048,0.0162021939436424,100000,0.0296646078322839,,seconds,5.286896705627441,5.140035387128592,megabytes,88270.0,88270.0,66.0,63.0,0.17408,0.17408,0.81796875,0.7587812500000001,success,sinkhorn,0.001,100000
1D-gaussian-2c-2048p,2048,2048,0.0001609112086298,100000,0.060736972496454,,seconds,5.2648351192474365,5.221800051629543,megabytes,88270.0,88270.0,65.0,60.96,0.17399808,0.17399808,0.80390625,0.764875,success,sinkhorn,0.001,100000
1D-gaussian-2c-2048p,2048,2048,0.0128580522666551,100000,6.0779092274542494e-05,,seconds,5.105447053909302,5.045401584357023,megabytes,88270.0,88270.0,67.0,62.130434782608695,0.177344512,0.177344512,0.803125,0.7686820652173914,success,sinkhorn,0.001,100000
1D-gaussian-2c-2048p,2048,2048,0.0403168044148168,100000,0.0151834085089306,,seconds,5.31598687171936,5.286094894632697,megabytes,88270.0,88270.0,65.0,61.32,0.173969408,0.173969408,0.8046875,0.77740625,success,sinkhorn,0.001,100000
1D-gaussian-2c-2048p,2048,2048,0.0074741347481946,100000,1.0878096738012867e-05,,seconds,4.898112535476685,4.80484252050519,megabytes,88270.0,88270.0,70.0,64.82608695652173,0.173797376,0.173797376,0.81171875,0.7718749999999999,success,sinkhorn,0.001,100000
1D-gaussian-2c-2048p,2048,2048,0.0225844160749894,100000,0.0364127205705837,,seconds,5.17397141456604,5.052236892282963,megabytes,88270.0,88270.0,67.0,62.208333333333336,0.174014464,0.174014464,0.8078125,0.7626302083333334,success,sinkhorn,0.001,100000
1D-gaussian-2c-2048p,2048,2048,0.0086120451138139,100000,0.000142795629764,,seconds,4.957399129867554,4.800169415771961,megabytes,88270.0,88270.0,70.0,65.17391304347827,0.173891584,0.173891584,0.809375,0.7570991847826087,success,sinkhorn,0.001,100000
1D-gaussian-2c-2048p,2048,2048,0.0051360497822973,100000,0.0468080320902195,,seconds,4.968948125839233,4.870774637907744,megabytes,88270.0,88270.0,69.0,64.1304347826087,0.173846528,0.173846528,0.80390625,0.7636209239130435,success,sinkhorn,0.001,100000
1D-gaussian-2c-2048p,2048,2048,0.0118599948762955,100000,1.4380384994015454e-05,,seconds,4.868135213851929,4.790392082184553,megabytes,88270.0,88270.0,71.0,65.08695652173913,0.173768704,0.173768704,0.80546875,0.7663722826086957,success,sinkhorn,0.001,100000
1D-gaussian-2c-2048p,2048,2048,0.0029929009928759,100000,8.011969065564835e-06,,seconds,5.152382850646973,5.019984435290098,megabytes,88270.0,88270.0,67.0,63.25,0.17391616,0.17391616,0.80078125,0.7515950520833333,success,sinkhorn,0.001,100000
1D-gaussian-2c-2048p,2048,2048,0.0571695441725487,100000,0.0165209329963759,,seconds,5.195747375488281,5.118617745116353,megabytes,88270.0,88270.0,66.0,61.66666666666666,0.173887488,0.173887488,0.80625,0.7674479166666667,success,sinkhorn,0.001,100000
1D-gaussian-2c-2048p,2048,2048,0.0154921565812726,100000,0.0477277448079589,,seconds,5.109916925430298,5.032995574176312,megabytes,88270.0,88270.0,67.0,61.95652173913044,0.173682688,0.173682688,0.8015625,0.7615149456521739,success,sinkhorn,0.001,100000
1D-gaussian-2c-2048p,2048,2048,0.0312905631748215,100000,0.0166042139782469,,seconds,4.854351758956909,4.792046057060361,megabytes,88270.0,88270.0,71.0,65.78260869565217,0.173817856,0.173817856,0.803125,0.772961956521739,success,sinkhorn,0.001,100000
1D-gaussian-2c-2048p,2048,2048,0.0103569081916798,241,9.920963450120111e-07,,seconds,0.2161083221435547,0.0148391816765069,megabytes,88270.0,88270.0,0.0,0.0,0.066117632,0.066117632,0.0,0.0,success,sinkhorn,0.001,100000
1D-gaussian-2c-2048p,2048,2048,0.0182697934424804,100000,0.0414533919881964,,seconds,5.099594831466675,5.088243532925844,megabytes,88270.0,88270.0,67.0,63.55,0.173596672,0.173596672,0.8109375,0.781171875,success,sinkhorn,0.001,100000
1D-gaussian-2c-2048p,2048,2048,0.0099439917046908,221,9.579180633499931e-07,,seconds,0.2120509147644043,0.0141946598887443,megabytes,88270.0,88270.0,67.0,67.0,0.070397952,0.070397952,0.0,0.0,success,sinkhorn,0.001,100000
1D-gaussian-4c-32p,32,32,0.0051179921611631,100000,1.2492269802115408e-05,,seconds,3.041940927505493,2.9665043018758297,megabytes,88270.0,88270.0,58.0,51.0,0.093147136,0.093147136,0.80703125,0.7613020833333336,success,sinkhorn,0.001,100000
1D-gaussian-4c-32p,32,32,0.006973331214845,100000,0.1953832933304676,,seconds,3.090576648712158,2.874702302739024,megabytes,88270.0,88270.0,59.0,50.66666666666666,0.097386496,0.097386496,0.809375,0.7282291666666668,success,sinkhorn,0.001,100000
1D-gaussian-4c-32p,32,32,0.0120439545896725,100000,0.2540494395624861,,seconds,3.079678535461426,2.9431339781731367,megabytes,88270.0,88270.0,59.0,51.285714285714285,0.093093888,0.093093888,0.8171875,0.7491071428571429,success,sinkhorn,0.001,100000
1D-gaussian-4c-32p,32,32,0.0176881036862209,100000,0.054365499968903,,seconds,2.9208569526672363,2.8865545727312565,megabytes,88270.0,88270.0,59.0,53.71428571428572,0.09701376,0.09701376,0.81171875,0.7708147321428571,success,sinkhorn,0.001,100000
1D-gaussian-4c-32p,32,32,0.0254779118303253,100000,0.1901202119336081,,seconds,3.045422315597534,2.975006075575948,megabytes,88270.0,88270.0,58.0,53.66666666666666,0.093016064,0.093016064,0.80078125,0.7541145833333334,success,sinkhorn,0.001,100000
1D-gaussian-4c-32p,32,32,0.0153462080269033,100000,0.143181819659637,,seconds,3.147279500961304,2.964346563443541,megabytes,88270.0,88270.0,57.0,51.93333333333333,0.093356032,0.093356032,0.809375,0.7321875,success,sinkhorn,0.001,100000
1D-gaussian-4c-32p,32,32,0.0155015294288299,100000,0.0603192862353399,,seconds,3.060516119003296,2.962565802037716,megabytes,88270.0,88270.0,58.0,49.53333333333333,0.092946432,0.092946432,0.8078125,0.7435937499999999,success,sinkhorn,0.001,100000
1D-gaussian-4c-32p,32,32,0.015356644895835,100000,0.0040428255415468,,seconds,3.1471681594848637,2.951380020007491,megabytes,88270.0,88270.0,58.0,51.266666666666666,0.093687808,0.093687808,0.81015625,0.7297916666666668,success,sinkhorn,0.001,100000
1D-gaussian-4c-32p,32,32,0.008670372739896,100000,0.1608379541571239,,seconds,3.142282247543335,2.9703740011900663,megabytes,88270.0,88270.0,58.0,51.57142857142857,0.092966912,0.092966912,0.80859375,0.7474888392857143,success,sinkhorn,0.001,100000
1D-gaussian-4c-32p,32,32,0.0197878392210009,100000,0.2343984296810003,,seconds,3.117370128631592,2.9636191613972187,megabytes,88270.0,88270.0,58.0,52.07142857142857,0.093290496,0.093290496,0.81015625,0.730859375,success,sinkhorn,0.001,100000
1D-gaussian-4c-32p,32,32,0.0075939529616227,100000,0.1858806276208379,,seconds,3.03173565864563,2.941110135987401,megabytes,88270.0,88270.0,58.0,53.266666666666666,0.093032448,0.093032448,0.8109375,0.7525520833333333,success,sinkhorn,0.001,100000
1D-gaussian-4c-32p,32,32,0.0231705252732312,100000,0.1524422584033669,,seconds,3.039526462554932,2.9193587601184845,megabytes,88270.0,88270.0,59.0,56.06666666666667,0.097038336,0.097038336,0.8125,0.7573958333333334,success,sinkhorn,0.001,100000
1D-gaussian-4c-32p,32,32,0.0075299689903904,100000,0.1650651357840405,,seconds,3.142041683197021,3.0340342465788126,megabytes,88270.0,88270.0,57.0,53.2,0.093097984,0.093097984,0.80625,0.7414583333333334,success,sinkhorn,0.001,100000
1D-gaussian-4c-32p,32,32,0.0235627832933072,100000,0.0114311218554156,,seconds,3.126228094100952,2.9368060994893312,megabytes,88270.0,88270.0,58.0,51.4,0.097652736,0.097652736,0.81640625,0.7346354166666667,success,sinkhorn,0.001,100000
1D-gaussian-4c-32p,32,32,0.0164149489433696,100000,0.2650080037882823,,seconds,3.055082321166992,3.046103766188025,megabytes,88270.0,88270.0,56.0,50.266666666666666,0.093036544,0.093036544,0.809375,0.7891666666666666,success,sinkhorn,0.001,100000
1D-gaussian-4c-32p,32,32,0.0200129511626736,100000,0.2387855468672307,,seconds,2.996449708938598,2.9682578705251217,megabytes,88270.0,88270.0,59.0,52.61538461538461,0.09695232,0.09695232,0.8109375,0.7741586538461539,success,sinkhorn,0.001,100000
1D-gaussian-4c-32p,32,32,0.0112949793190326,100000,0.1542189344586991,,seconds,3.2512736320495605,3.083426959812641,megabytes,88270.0,88270.0,57.0,51.35714285714285,0.093458432,0.093458432,0.80859375,0.7299107142857144,success,sinkhorn,0.001,100000
1D-gaussian-4c-32p,32,32,0.0220667233639081,100000,0.2218775200389864,,seconds,3.14186429977417,2.974234836176038,megabytes,88270.0,88270.0,58.0,51.92857142857143,0.093560832,0.093560832,0.8109375,0.7397879464285714,success,sinkhorn,0.001,100000
1D-gaussian-4c-32p,32,32,0.006579881262973,100000,0.2556098351649329,,seconds,3.1652719974517822,2.971040384843945,megabytes,88270.0,88270.0,58.0,52.53333333333333,0.093847552,0.093847552,0.8109375,0.7308854166666666,success,sinkhorn,0.001,100000
1D-gaussian-4c-32p,32,32,0.0165095749673076,100000,0.1870596919944495,,seconds,3.145125150680542,3.017289947718382,megabytes,88270.0,88270.0,57.0,51.6,0.093134848,0.093134848,0.80625,0.7494270833333335,success,sinkhorn,0.001,100000
1D-gaussian-4c-32p,32,32,0.0095547158063627,100000,0.1919405821946934,,seconds,3.221919536590576,3.034345455467701,megabytes,88270.0,88270.0,57.0,52.0,0.093872128,0.093872128,0.80390625,0.7184895833333332,success,sinkhorn,0.001,100000
1D-gaussian-4c-32p,32,32,0.0085383927409793,100000,0.1146639743874001,,seconds,3.094460248947144,2.9402881134301424,megabytes,88270.0,88270.0,59.0,52.46666666666667,0.097083392,0.097083392,0.81171875,0.74875,success,sinkhorn,0.001,100000
1D-gaussian-4c-32p,32,32,0.0054846661378763,100000,1.644652997979052e-06,,seconds,3.1116652488708496,2.9524226877838373,megabytes,88270.0,88270.0,58.0,53.8,0.09330688,0.09330688,0.81328125,0.740625,success,sinkhorn,0.001,100000
1D-gaussian-4c-32p,32,32,0.012185714572003,100000,0.1982460898188549,,seconds,3.038283586502075,2.972476702183485,megabytes,88270.0,88270.0,58.0,50.333333333333336,0.092942336,0.092942336,0.8109375,0.7636979166666666,success,sinkhorn,0.001,100000
1D-gaussian-4c-32p,32,32,0.0121720002446119,100000,0.1849995147304755,,seconds,3.0114214420318604,2.9859224874526262,megabytes,88270.0,88270.0,58.0,51.85714285714285,0.093044736,0.093044736,0.809375,0.7788504464285714,success,sinkhorn,0.001,100000
1D-gaussian-4c-32p,32,32,0.0151941813258932,100000,0.1477656989724317,,seconds,3.1250290870666504,2.976106259971857,megabytes,88270.0,88270.0,58.0,52.2,0.09314304,0.09314304,0.815625,0.7502604166666665,success,sinkhorn,0.001,100000
1D-gaussian-4c-32p,32,32,0.006720306726769,100000,5.468996209362856e-06,,seconds,3.0304722785949707,2.8958981037139893,megabytes,88270.0,88270.0,59.0,54.06666666666667,0.09709568,0.09709568,0.8125,0.7388541666666666,success,sinkhorn,0.001,100000
1D-gaussian-4c-32p,32,32,0.0137898704203349,100000,0.1365750288759276,,seconds,3.1422877311706543,2.988531351089477,megabytes,88270.0,88270.0,58.0,51.266666666666666,0.093216768,0.093216768,0.8078125,0.7356250000000001,success,sinkhorn,0.001,100000
1D-gaussian-4c-32p,32,32,0.0151483366252667,100000,0.1665829300963549,,seconds,3.131911039352417,2.9688629023730755,megabytes,88270.0,88270.0,57.0,51.8,0.093421568,0.093421568,0.81171875,0.7428645833333334,success,sinkhorn,0.001,100000
1D-gaussian-4c-32p,32,32,0.018935504325757,100000,0.1758364431728249,,seconds,3.0283844470977783,2.9773842114955187,megabytes,88270.0,88270.0,57.0,52.266666666666666,0.0930816,0.0930816,0.81171875,0.7701041666666666,success,sinkhorn,0.001,100000
1D-gaussian-4c-64p,64,64,0.017937713287478,100000,0.1871129003972654,,seconds,3.0748393535614014,3.017715936526656,megabytes,88270.0,88270.0,57.0,54.0,0.093200384,0.093200384,0.80625,0.7707812500000001,success,sinkhorn,0.001,100000
1D-gaussian-4c-64p,64,64,0.0153602326471063,100000,0.0438171821220858,,seconds,3.055591583251953,2.940143732354045,megabytes,88270.0,88270.0,58.0,53.66666666666666,0.09732096,0.09732096,0.81015625,0.74875,success,sinkhorn,0.001,100000
1D-gaussian-4c-64p,64,64,0.0050932378822427,100000,2.354083796612939e-06,,seconds,3.083158254623413,3.041630102321505,megabytes,88270.0,88270.0,57.0,50.142857142857146,0.0932864,0.0932864,0.81328125,0.7646205357142858,success,sinkhorn,0.001,100000
1D-gaussian-4c-64p,64,64,0.0243085591363107,100000,0.0041631677800613,,seconds,3.145607709884644,2.982556775212288,megabytes,88270.0,88270.0,57.0,52.6,0.093700096,0.093700096,0.8109375,0.7330729166666667,success,sinkhorn,0.001,100000
1D-gaussian-4c-64p,64,64,0.0115630513343126,100000,0.1807498937618931,,seconds,3.0691468715667725,2.961522039026022,megabytes,88270.0,88270.0,58.0,52.53333333333333,0.093384704,0.093384704,0.7984375,0.74484375,success,sinkhorn,0.001,100000
1D-gaussian-4c-64p,64,64,0.014761825164532,100000,0.1061055772684788,,seconds,3.147109270095825,2.9641417749226093,megabytes,88270.0,88270.0,58.0,50.8,0.093720576,0.093720576,0.80234375,0.7213020833333333,success,sinkhorn,0.001,100000
1D-gaussian-4c-64p,64,64,0.0123158243946684,100000,0.1329145516659511,,seconds,2.9360806941986084,2.825354678556323,megabytes,88270.0,88270.0,60.0,57.642857142857146,0.097366016,0.097366016,0.8109375,0.764174107142857,success,sinkhorn,0.001,100000
1D-gaussian-4c-64p,64,64,0.0070114905953952,100000,0.1353809929334928,,seconds,3.0447030067443848,2.969245847314596,megabytes,88270.0,88270.0,58.0,51.66666666666666,0.09320448,0.09320448,0.809375,0.7596875,success,sinkhorn,0.001,100000
1D-gaussian-4c-64p,64,64,0.0187740608425584,100000,0.1299853395536286,,seconds,3.162935972213745,2.994783809408545,megabytes,88270.0,88270.0,58.0,52.85714285714285,0.093720576,0.093720576,0.80859375,0.734877232142857,success,sinkhorn,0.001,100000
1D-gaussian-4c-64p,64,64,0.0180326127201716,100000,0.1168149180509106,,seconds,2.9432694911956787,2.9386490806937218,megabytes,88270.0,88270.0,58.0,53.21428571428572,0.093356032,0.093356032,0.8,0.7719308035714285,success,sinkhorn,0.001,100000
1D-gaussian-4c-64p,64,64,0.0196388872633899,100000,0.1576132089659221,,seconds,3.0647246837615967,2.974050348624587,megabytes,88270.0,88270.0,57.0,53.2,0.09340928,0.09340928,0.81171875,0.7471354166666667,success,sinkhorn,0.001,100000
1D-gaussian-4c-64p,64,64,0.011724821600313,100000,0.1422832344587628,,seconds,3.0384631156921387,2.966982951387763,megabytes,88270.0,88270.0,58.0,51.53333333333333,0.093396992,0.093396992,0.81796875,0.76671875,success,sinkhorn,0.001,100000
1D-gaussian-4c-64p,64,64,0.0173950125912351,100000,0.049901092379245,,seconds,3.0864663124084477,2.936188315972686,megabytes,88270.0,88270.0,58.0,53.93333333333333,0.093396992,0.093396992,0.80703125,0.7392187499999999,success,sinkhorn,0.001,100000
1D-gaussian-4c-64p,64,64,0.0083875620441137,100000,0.1224709150799088,,seconds,3.1320481300354004,2.96693903580308,megabytes,88270.0,88270.0,58.0,50.86666666666667,0.093728768,0.093728768,0.8109375,0.739375,success,sinkhorn,0.001,100000
1D-gaussian-4c-64p,64,64,0.0067401545397734,100000,0.1800373880810803,,seconds,3.1732637882232666,2.985368087887764,megabytes,88270.0,88270.0,58.0,51.5,0.093970432,0.093970432,0.81015625,0.7219866071428572,success,sinkhorn,0.001,100000
1D-gaussian-4c-64p,64,64,0.0137497920149751,100000,0.1017691064565562,,seconds,3.00679874420166,2.9589214585721493,megabytes,88270.0,88270.0,58.0,53.71428571428572,0.09740288,0.09740288,0.8109375,0.7767299107142857,success,sinkhorn,0.001,100000
1D-gaussian-4c-64p,64,64,0.0083774524243248,100000,0.1242812769041345,,seconds,3.0870614051818848,3.049864187836647,megabytes,88270.0,88270.0,56.0,50.73333333333333,0.093499392,0.093499392,0.81015625,0.7720833333333333,success,sinkhorn,0.001,100000
1D-gaussian-4c-64p,64,64,0.0072691492057785,100000,0.1411378573768067,,seconds,3.069918632507324,3.026464030146599,megabytes,88270.0,88270.0,56.0,51.8,0.093454336,0.093454336,0.80703125,0.7685937500000002,success,sinkhorn,0.001,100000
1D-gaussian-4c-64p,64,64,0.015383059581652,100000,0.1092305834631769,,seconds,3.027848958969116,2.992182891815901,megabytes,88270.0,88270.0,58.0,54.07692307692308,0.09326592,0.09326592,0.80078125,0.7616586538461537,success,sinkhorn,0.001,100000
1D-gaussian-4c-64p,64,64,0.012943396659213,100000,0.1361898127440312,,seconds,3.07544469833374,2.9738726150244474,megabytes,88270.0,88270.0,58.0,51.85714285714285,0.095096832,0.095096832,0.80859375,0.7477120535714288,success,sinkhorn,0.001,100000
1D-gaussian-4c-64p,64,64,0.0064209754301921,100000,2.1229813776460344e-05,,seconds,3.056917190551758,2.971031211316585,megabytes,88270.0,88270.0,57.0,53.2,0.095096832,0.095096832,0.81015625,0.7517708333333334,success,sinkhorn,0.001,100000
1D-gaussian-4c-64p,64,64,0.0112740292933876,100000,0.1086608986891355,,seconds,3.074662446975708,3.04134969227016,megabytes,88270.0,88270.0,56.0,52.2,0.095100928,0.095100928,0.80546875,0.7743749999999999,success,sinkhorn,0.001,100000
1D-gaussian-4c-64p,64,64,0.0226551369206812,100000,0.112651528656214,,seconds,3.0199129581451416,3.0269148871302605,megabytes,88270.0,88270.0,57.0,50.785714285714285,0.095035392,0.095035392,0.8140625,0.7820870535714286,success,sinkhorn,0.001,100000
1D-gaussian-4c-64p,64,64,0.0090199345819468,100000,0.1464082870983981,,seconds,3.102905750274658,2.9467439558357,megabytes,88270.0,88270.0,58.0,54.46666666666667,0.099217408,0.099217408,0.8328125,0.7394270833333334,success,sinkhorn,0.001,100000
1D-gaussian-4c-64p,64,64,0.0216517865033654,100000,0.1790965335866453,,seconds,3.0991132259368896,2.9977004285901785,megabytes,88270.0,88270.0,57.0,51.06666666666667,0.095141888,0.095141888,0.809375,0.7498958333333335,success,sinkhorn,0.001,100000
1D-gaussian-4c-64p,64,64,0.0150142002565174,100000,0.0029974424583177,,seconds,3.0720319747924805,3.023147316649556,megabytes,88270.0,88270.0,57.0,50.53333333333333,0.0949248,0.0949248,0.809375,0.7703645833333334,success,sinkhorn,0.001,100000
1D-gaussian-4c-64p,64,64,0.00861664959274,100000,0.0806080288765422,,seconds,3.2179362773895264,3.034150667488575,megabytes,88270.0,88270.0,56.0,53.6,0.095576064,0.095576064,0.81875,0.7261979166666666,success,sinkhorn,0.001,100000
1D-gaussian-4c-64p,64,64,0.0222180652418668,100000,0.1349835087026406,,seconds,3.115576982498169,2.947860151529312,megabytes,88270.0,88270.0,58.0,54.06666666666667,0.09940992,0.09940992,0.809375,0.7378125,success,sinkhorn,0.001,100000
1D-gaussian-4c-64p,64,64,0.0048832486495564,100000,1.1736369840876897e-05,,seconds,3.1047110557556152,2.9436342362314463,megabytes,88270.0,88270.0,58.0,51.6,0.095264768,0.095264768,0.80859375,0.7347916666666666,success,sinkhorn,0.001,100000
1D-gaussian-4c-64p,64,64,0.019249381371151,100000,0.169636536026261,,seconds,3.032713890075684,2.9781299587339163,megabytes,88270.0,88270.0,58.0,52.0,0.094846976,0.094846976,0.82109375,0.7640024038461538,success,sinkhorn,0.001,100000
1D-gaussian-4c-128p,128,128,0.0154653059899896,100000,0.0736721280688901,,seconds,3.0374059677124023,2.973563585430384,megabytes,88270.0,88270.0,59.0,52.23076923076923,0.099004416,0.099004416,0.80859375,0.7647235576923078,success,sinkhorn,0.001,100000
1D-gaussian-4c-128p,128,128,0.0170254145552475,100000,0.037052533089506,,seconds,3.050215721130371,2.9945270400494337,megabytes,88270.0,88270.0,58.0,52.13333333333333,0.094887936,0.094887936,0.809375,0.7558854166666666,success,sinkhorn,0.001,100000
1D-gaussian-4c-128p,128,128,0.0188971117069042,100000,0.1159806175169683,,seconds,3.116674900054932,3.0310504008084536,megabytes,88270.0,88270.0,57.0,51.6,0.094797824,0.094797824,0.803125,0.7506770833333335,success,sinkhorn,0.001,100000
1D-gaussian-4c-128p,128,128,0.0118203665376056,100000,0.1280016014302592,,seconds,3.0674140453338623,3.0046242233365774,megabytes,88270.0,88270.0,58.0,52.4,0.094826496,0.094826496,0.809375,0.7659374999999998,success,sinkhorn,0.001,100000
1D-gaussian-4c-128p,128,128,0.0137185073873878,100000,0.0732019792930499,,seconds,3.192587614059448,3.002689193934202,megabytes,88270.0,88270.0,59.0,53.66666666666666,0.095424512,0.095424512,0.80625,0.7253645833333332,success,sinkhorn,0.001,100000
1D-gaussian-4c-128p,128,128,0.0188554724295508,100000,0.0906336726253495,,seconds,3.1948227882385254,3.017798898741603,megabytes,88270.0,88270.0,59.0,53.76923076923077,0.09500672,0.09500672,0.79765625,0.7232572115384616,success,sinkhorn,0.001,100000
1D-gaussian-4c-128p,128,128,0.0050905361756053,100000,2.016561466493077e-06,,seconds,3.2029833793640137,3.0203963052481413,megabytes,88270.0,88270.0,59.0,53.06666666666667,0.095481856,0.095481856,0.80546875,0.7243229166666667,success,sinkhorn,0.001,100000
1D-gaussian-4c-128p,128,128,0.006419760073136,100000,1.2952623497158434e-05,,seconds,3.155319929122925,3.0037731006741524,megabytes,88270.0,88270.0,58.0,52.46666666666667,0.094834688,0.094834688,0.7984375,0.7338541666666667,success,sinkhorn,0.001,100000
1D-gaussian-4c-128p,128,128,0.015028111376647,100000,0.0312148332401451,,seconds,3.105726480484009,3.024648677557707,megabytes,88270.0,88270.0,57.0,52.46666666666667,0.094834688,0.094834688,0.8109375,0.7590104166666667,success,sinkhorn,0.001,100000
1D-gaussian-4c-128p,128,128,0.0221948394178162,100000,0.0801235013475138,,seconds,3.1093993186950684,3.0172634962946177,megabytes,88270.0,88270.0,57.0,50.93333333333333,0.094908416,0.094908416,0.81015625,0.7571875,success,sinkhorn,0.001,100000
1D-gaussian-4c-128p,128,128,0.008911012540526,100000,0.1075437410154182,,seconds,3.03018569946289,2.956163562834263,megabytes,88270.0,88270.0,59.0,56.6,0.09900032,0.09900032,0.8140625,0.7692708333333335,success,sinkhorn,0.001,100000
1D-gaussian-4c-128p,128,128,0.0218771868754027,100000,0.1258818962933739,,seconds,3.040672779083252,3.0083024632185698,megabytes,88270.0,88270.0,58.0,53.53333333333333,0.094613504,0.094613504,0.80859375,0.7668229166666664,success,sinkhorn,0.001,100000
1D-gaussian-4c-128p,128,128,0.0081917105831043,100000,0.0872679204285272,,seconds,3.1408793926239014,3.0260089095681906,megabytes,88270.0,88270.0,57.0,52.2,0.094662656,0.094662656,0.80546875,0.7451041666666668,success,sinkhorn,0.001,100000
1D-gaussian-4c-128p,128,128,0.0116967916167915,100000,0.1005079485111299,,seconds,3.059262752532959,3.024352364242077,megabytes,88270.0,88270.0,57.0,52.6,0.094765056,0.094765056,0.80859375,0.7815625,success,sinkhorn,0.001,100000
1D-gaussian-4c-128p,128,128,0.0147920432422309,100000,0.080427194533398,,seconds,3.065711975097656,3.0372342877089977,megabytes,88270.0,88270.0,57.0,51.66666666666666,0.094732288,0.094732288,0.8046875,0.7651041666666667,success,sinkhorn,0.001,100000
1D-gaussian-4c-128p,128,128,0.0067486553539741,100000,0.1272470881321687,,seconds,3.0776009559631348,2.988270850852132,megabytes,88270.0,88270.0,58.0,52.93333333333333,0.094797824,0.094797824,0.809375,0.7497916666666666,success,sinkhorn,0.001,100000
1D-gaussian-4c-128p,128,128,0.0083887702608204,100000,0.0884435540916428,,seconds,3.113649606704712,3.03421650454402,megabytes,88270.0,88270.0,57.0,54.8,0.09478144,0.09478144,0.81171875,0.7586979166666666,success,sinkhorn,0.001,100000
1D-gaussian-4c-128p,128,128,0.0191311102474572,100000,0.1212820522025904,,seconds,3.128390312194824,2.994782704859972,megabytes,88270.0,88270.0,58.0,52.333333333333336,0.094744576,0.094744576,0.80546875,0.7406249999999999,success,sinkhorn,0.001,100000
1D-gaussian-4c-128p,128,128,0.0148199373947958,100000,0.0923232401750603,,seconds,3.0712199211120605,3.033594287931919,megabytes,88270.0,88270.0,57.0,49.8,0.094777344,0.094777344,0.80234375,0.7705729166666668,success,sinkhorn,0.001,100000
1D-gaussian-4c-128p,128,128,0.0072936074674878,100000,0.1029383349395919,,seconds,3.1168746948242188,2.987467050552368,megabytes,88270.0,88270.0,58.0,54.53333333333333,0.094773248,0.094773248,0.80703125,0.7390625,success,sinkhorn,0.001,100000
1D-gaussian-4c-128p,128,128,0.0112694748822274,100000,0.0768348583244428,,seconds,2.977459669113159,2.979700729250908,megabytes,88270.0,88270.0,59.0,52.15384615384615,0.098983936,0.098983936,0.8125,0.7814302884615386,success,sinkhorn,0.001,100000
1D-gaussian-4c-128p,128,128,0.0150103724452479,100000,0.0021660395010418,,seconds,3.16714096069336,3.027872715145349,megabytes,88270.0,88270.0,57.0,52.66666666666666,0.094941184,0.094941184,0.809375,0.7426041666666666,success,sinkhorn,0.001,100000
1D-gaussian-4c-128p,128,128,0.024027123877788,100000,0.0055723814911528,,seconds,3.1536648273468018,3.0238015335053205,megabytes,88270.0,88270.0,59.0,55.92307692307692,0.094687232,0.094687232,0.80546875,0.735516826923077,success,sinkhorn,0.001,100000
1D-gaussian-4c-128p,128,128,0.0175027557944657,100000,0.0854170209234668,,seconds,3.048689126968384,3.0008417144417763,megabytes,88270.0,88270.0,58.0,50.8,0.094818304,0.094818304,0.80390625,0.7647395833333331,success,sinkhorn,0.001,100000
1D-gaussian-4c-128p,128,128,0.0183192866223371,100000,0.1325121603132154,,seconds,3.200268030166626,3.0268621370196342,megabytes,88270.0,88270.0,59.0,53.07142857142857,0.095076352,0.095076352,0.8015625,0.7276785714285714,success,sinkhorn,0.001,100000
1D-gaussian-4c-128p,128,128,0.0079001575564355,100000,0.0595495547745754,,seconds,3.1702356338500977,3.0056947376579046,megabytes,88270.0,88270.0,57.0,52.13333333333333,0.095117312,0.095117312,0.8125,0.7405729166666667,success,sinkhorn,0.001,100000
1D-gaussian-4c-128p,128,128,0.0136177301069069,100000,0.0985792287853874,,seconds,3.188624143600464,3.01661042496562,megabytes,88270.0,88270.0,58.0,52.2,0.094785536,0.094785536,0.80546875,0.7457291666666668,success,sinkhorn,0.001,100000
1D-gaussian-4c-128p,128,128,0.0222269151997127,100000,0.0963199021423447,,seconds,3.0772626399993896,2.996898466721177,megabytes,88270.0,88270.0,58.0,54.266666666666666,0.094916608,0.094916608,0.80703125,0.7579166666666667,success,sinkhorn,0.001,100000
1D-gaussian-4c-128p,128,128,0.007111809305848,100000,0.0954811633470182,,seconds,3.0556530952453613,3.0258010663092136,megabytes,88270.0,88270.0,58.0,52.266666666666666,0.09472,0.09472,0.79765625,0.7627604166666667,success,sinkhorn,0.001,100000
1D-gaussian-4c-128p,128,128,0.0048867737748899,100000,8.125063132050719e-06,,seconds,3.12966537475586,3.021183863282204,megabytes,88270.0,88270.0,59.0,52.07142857142857,0.09474048,0.09474048,0.80078125,0.7491071428571427,success,sinkhorn,0.001,100000
1D-gaussian-4c-256p,256,256,0.0168638655500981,100000,0.0251583905380997,,seconds,3.3543484210968018,3.18427967838943,megabytes,88270.0,88270.0,58.0,54.53846153846154,0.098914304,0.098914304,0.8078125,0.7475961538461537,success,sinkhorn,0.001,100000
1D-gaussian-4c-256p,256,256,0.0223770672584522,100000,0.0691895321016407,,seconds,3.61361026763916,3.3739352133125067,megabytes,88270.0,88270.0,57.0,48.375,0.099045376,0.099045376,0.81015625,0.745556640625,success,sinkhorn,0.001,100000
1D-gaussian-4c-256p,256,256,0.0089303674611122,100000,0.0769269531370669,,seconds,3.61971378326416,3.589382141828537,megabytes,88270.0,88270.0,51.0,45.41176470588236,0.175034368,0.175034368,0.809375,0.7742187500000002,success,sinkhorn,0.001,100000
1D-gaussian-4c-256p,256,256,0.0136652336820457,100000,0.0697342435304366,,seconds,3.84674882888794,3.712406873703003,megabytes,88270.0,88270.0,50.0,46.27777777777778,0.174997504,0.174997504,0.81328125,0.7522569444444444,success,sinkhorn,0.001,100000
1D-gaussian-4c-256p,256,256,0.0150147777094801,100000,0.001522460340242,,seconds,3.4831128120422363,3.327344374731183,megabytes,88270.0,88270.0,55.0,49.1875,0.099049472,0.099049472,0.80703125,0.7517578125,success,sinkhorn,0.001,100000
1D-gaussian-4c-256p,256,256,0.0048874567945361,100000,4.889645812922983e-06,,seconds,3.470323324203491,3.466041473671794,megabytes,88270.0,88270.0,52.0,48.625,0.094830592,0.094830592,0.81171875,0.7815917968749999,success,sinkhorn,0.001,100000
1D-gaussian-4c-256p,256,256,0.0050889607925369,100000,1.8026953110735967e-06,,seconds,3.265525579452514,3.18735252134502,megabytes,88270.0,88270.0,59.0,52.285714285714285,0.098992128,0.098992128,0.809375,0.7607142857142858,success,sinkhorn,0.001,100000
1D-gaussian-4c-256p,256,256,0.0112668784710374,100000,0.0543304493527414,,seconds,3.271561622619629,3.2513671703636646,megabytes,88270.0,88270.0,57.0,49.285714285714285,0.094777344,0.094777344,0.8015625,0.7774553571428572,success,sinkhorn,0.001,100000
1D-gaussian-4c-256p,256,256,0.0081551036119182,100000,0.0615759851699782,,seconds,3.578293561935425,3.5567128509283066,megabytes,88270.0,88270.0,52.0,49.294117647058826,0.175067136,0.175067136,0.809375,0.7776194852941178,success,sinkhorn,0.001,100000
1D-gaussian-4c-256p,256,256,0.0136366419431671,100000,0.0657970731178531,,seconds,3.269681692123413,3.197656804695725,megabytes,88270.0,88270.0,58.0,50.8,0.098971648,0.098971648,0.8140625,0.7634375,success,sinkhorn,0.001,100000
1D-gaussian-4c-256p,256,256,0.0191474607447915,100000,0.0635485705736692,,seconds,3.309920310974121,3.244260376319289,megabytes,88270.0,88270.0,58.0,54.21428571428572,0.098975744,0.098975744,0.80546875,0.7559709821428571,success,sinkhorn,0.001,100000
1D-gaussian-4c-256p,256,256,0.0064200832956164,100000,8.260252875528794e-06,,seconds,3.632362127304077,3.627779485657811,megabytes,88270.0,88270.0,51.0,46.70588235294117,0.175034368,0.175034368,0.80703125,0.7721047794117648,success,sinkhorn,0.001,100000
1D-gaussian-4c-256p,256,256,0.0075262222630635,100000,0.0750359095087879,,seconds,3.693243980407715,3.67271757684648,megabytes,88270.0,88270.0,50.0,46.41176470588236,0.174952448,0.174952448,0.81484375,0.781341911764706,success,sinkhorn,0.001,100000
1D-gaussian-4c-256p,256,256,0.0175207588973567,100000,0.0607281676449526,,seconds,3.605618953704834,3.430150657892227,megabytes,88270.0,88270.0,52.0,48.70588235294117,0.175099904,0.175099904,0.8171875,0.7327205882352941,success,sinkhorn,0.001,100000
1D-gaussian-4c-256p,256,256,0.0219968600771298,100000,0.088802973329211,,seconds,3.675433158874512,3.517570096999407,megabytes,88270.0,88270.0,52.0,48.05882352941177,0.17506304,0.17506304,0.81328125,0.7443474264705882,success,sinkhorn,0.001,100000
1D-gaussian-4c-256p,256,256,0.0071056352474469,100000,0.0680726951410561,,seconds,3.63144850730896,3.4323702231049538,megabytes,88270.0,88270.0,53.0,49.588235294117645,0.1754112,0.1754112,0.8109375,0.736672794117647,success,sinkhorn,0.001,100000
1D-gaussian-4c-256p,256,256,0.0220640482670055,100000,0.0566551967779956,,seconds,3.310215711593628,3.159096797928214,megabytes,88270.0,88270.0,59.0,52.53846153846154,0.098951168,0.098951168,0.78828125,0.7315504807692308,success,sinkhorn,0.001,100000
1D-gaussian-4c-256p,256,256,0.0065518984934139,100000,0.0898568498744765,,seconds,3.776911973953247,3.6540740095078954,megabytes,88270.0,88270.0,51.0,44.833333333333336,0.17504256,0.17504256,0.80859375,0.7515625,success,sinkhorn,0.001,100000
1D-gaussian-4c-256p,256,256,0.0116894651081999,100000,0.0706781205641618,,seconds,3.402147054672241,3.324066361412406,megabytes,88270.0,88270.0,55.0,50.9375,0.094806016,0.094806016,0.80703125,0.767431640625,success,sinkhorn,0.001,100000
1D-gaussian-4c-256p,256,256,0.023883721050239,100000,0.004277130966363,,seconds,3.669072151184082,3.5897872243076563,megabytes,88270.0,88270.0,51.0,47.47058823529412,0.174964736,0.174964736,0.80546875,0.7578124999999999,success,sinkhorn,0.001,100000
1D-gaussian-4c-256p,256,256,0.0079600960309056,100000,0.0421968601744126,,seconds,3.641064405441284,3.5048013161867857,megabytes,88270.0,88270.0,52.0,47.11764705882353,0.175038464,0.175038464,0.8109375,0.7488511029411766,success,sinkhorn,0.001,100000
1D-gaussian-4c-256p,256,256,0.0147949940346511,100000,0.0222747502026678,,seconds,3.707085132598877,3.5706042032688856,megabytes,88270.0,88270.0,59.0,48.35294117647059,0.175132672,0.175132672,0.80390625,0.7401654411764705,success,sinkhorn,0.001,100000
1D-gaussian-4c-256p,256,256,0.0083997118101225,100000,0.0631653682753824,,seconds,3.327242374420166,3.1534744519740343,megabytes,88270.0,88270.0,59.0,50.35714285714285,0.099295232,0.099295232,0.803125,0.7318638392857143,success,sinkhorn,0.001,100000
1D-gaussian-4c-256p,256,256,0.0118501768061946,100000,0.0909285106111145,,seconds,3.6339457035064697,3.634277233853936,megabytes,88270.0,88270.0,51.0,48.76470588235294,0.175104,0.175104,0.81171875,0.782766544117647,success,sinkhorn,0.001,100000
1D-gaussian-4c-256p,256,256,0.0136642287302882,100000,0.0523623503714837,,seconds,3.6434786319732666,3.5388537645339966,megabytes,88270.0,88270.0,52.0,49.11764705882353,0.17508352,0.17508352,0.8046875,0.7564338235294119,success,sinkhorn,0.001,100000
1D-gaussian-4c-256p,256,256,0.0189347411838824,100000,0.0934901607812194,,seconds,3.6908814907073975,3.6096679624170074,megabytes,88270.0,88270.0,55.0,47.05882352941177,0.175067136,0.175067136,0.80703125,0.7549172794117647,success,sinkhorn,0.001,100000
1D-gaussian-4c-256p,256,256,0.015494235982592,100000,0.0530485097248046,,seconds,3.652241945266724,3.480841336771846,megabytes,88270.0,88270.0,53.0,49.52941176470589,0.175099904,0.175099904,0.80546875,0.7345588235294118,success,sinkhorn,0.001,100000
1D-gaussian-4c-256p,256,256,0.0191132543811407,100000,0.0867452569679643,,seconds,3.739704132080078,3.451908366754651,megabytes,88270.0,88270.0,57.0,48.625,0.095121408,0.095121408,0.79609375,0.7352050781249999,success,sinkhorn,0.001,100000
1D-gaussian-4c-256p,256,256,0.0149599948425003,100000,0.0582184861320409,,seconds,3.4126341342926025,3.252521350979805,megabytes,88270.0,88270.0,56.0,51.0625,0.099024896,0.099024896,0.81484375,0.7593261718749998,success,sinkhorn,0.001,100000
1D-gaussian-4c-256p,256,256,0.0194522452526513,100000,0.0817277031857688,,seconds,3.6569180488586426,3.591892547905445,megabytes,88270.0,88270.0,51.0,46.35294117647059,0.175009792,0.175009792,0.8046875,0.7572610294117648,success,sinkhorn,0.001,100000
1D-gaussian-4c-512p,512,512,0.0064201539827373,100000,5.450896710566637e-06,,seconds,3.9735517501831055,3.83979556709528,megabytes,88270.0,88270.0,59.0,52.88235294117647,0.177061888,0.177061888,0.8,0.7405330882352941,success,sinkhorn,0.001,100000
1D-gaussian-4c-512p,512,512,0.0136822037478942,100000,0.0370038780665091,,seconds,3.8326833248138423,3.792491495609283,megabytes,88270.0,88270.0,59.0,53.76470588235294,0.176996352,0.176996352,0.81328125,0.7718290441176472,success,sinkhorn,0.001,100000
1D-gaussian-4c-512p,512,512,0.0149146366131933,100000,0.0411589027375393,,seconds,3.924574375152588,3.829682217910886,megabytes,88270.0,88270.0,59.0,53.41176470588236,0.17702912,0.17702912,0.81484375,0.7610753676470589,success,sinkhorn,0.001,100000
1D-gaussian-4c-512p,512,512,0.0189313255373928,100000,0.0661285126902182,,seconds,3.858649253845215,3.750175628811121,megabytes,88270.0,88270.0,60.0,54.11111111111112,0.181211136,0.181211136,0.8125,0.7513020833333335,success,sinkhorn,0.001,100000
1D-gaussian-4c-512p,512,512,0.0148130232847514,100000,0.0159464785448039,,seconds,4.030442953109741,3.847913056612015,megabytes,88270.0,88270.0,59.0,54.294117647058826,0.177266688,0.177266688,0.80234375,0.7354779411764705,success,sinkhorn,0.001,100000
1D-gaussian-4c-512p,512,512,0.0070980336489669,100000,0.0482302578292611,,seconds,3.9949021339416495,3.8288397192955017,megabytes,88270.0,88270.0,59.0,53.3125,0.101011456,0.101011456,0.803125,0.76083984375,success,sinkhorn,0.001,100000
1D-gaussian-4c-512p,512,512,0.021985460436408,100000,0.0400671397221887,,seconds,3.898066997528076,3.8626757245510817,megabytes,88270.0,88270.0,58.0,54.77777777777778,0.17713152,0.17713152,0.8078125,0.765407986111111,success,sinkhorn,0.001,100000
1D-gaussian-4c-512p,512,512,0.0081576023255827,100000,0.0435850772306919,,seconds,3.9497902393341056,3.806003514677286,megabytes,88270.0,88270.0,60.0,54.588235294117645,0.18116608,0.18116608,0.80390625,0.7464154411764706,success,sinkhorn,0.001,100000
1D-gaussian-4c-512p,512,512,0.0175232934426595,100000,0.0430858614964416,,seconds,3.9641575813293457,3.8070745766162872,megabytes,88270.0,88270.0,59.0,55.1578947368421,0.177197056,0.177197056,0.809375,0.7452302631578946,success,sinkhorn,0.001,100000
1D-gaussian-4c-512p,512,512,0.022570066147815,100000,0.0488584809810864,,seconds,4.030251979827881,3.861884716898203,megabytes,88270.0,88270.0,58.0,54.36842105263158,0.177238016,0.177238016,0.803125,0.744202302631579,success,sinkhorn,0.001,100000
1D-gaussian-4c-512p,512,512,0.0150069618341224,100000,0.0010700199546585,,seconds,3.8570425510406494,3.855500252917409,megabytes,88270.0,88270.0,58.0,53.11111111111112,0.177061888,0.177061888,0.809375,0.7796875,success,sinkhorn,0.001,100000
1D-gaussian-4c-512p,512,512,0.019177605002823,100000,0.0613900941733068,,seconds,3.9877970218658447,3.855206783860922,megabytes,88270.0,88270.0,59.0,54.94444444444444,0.177119232,0.177119232,0.8109375,0.7543402777777777,success,sinkhorn,0.001,100000
1D-gaussian-4c-512p,512,512,0.0112659899400941,100000,0.0384174291622381,,seconds,3.8816978931427,3.811751000583172,megabytes,88270.0,88270.0,59.0,54.75,0.100970496,0.100970496,0.8046875,0.76318359375,success,sinkhorn,0.001,100000
1D-gaussian-4c-512p,512,512,0.0137574638541418,100000,0.0464631148291304,,seconds,4.018919467926025,3.8478686828166246,megabytes,88270.0,88270.0,59.0,53.68421052631579,0.17713152,0.17713152,0.8078125,0.7401726973684211,success,sinkhorn,0.001,100000
1D-gaussian-4c-512p,512,512,0.0065755378329628,100000,0.0635651290691946,,seconds,3.9688782691955566,3.8043588679283857,megabytes,88270.0,88270.0,59.0,55.833333333333336,0.17692672,0.17692672,0.8109375,0.7508680555555556,success,sinkhorn,0.001,100000
1D-gaussian-4c-512p,512,512,0.0238963142080105,100000,0.0033547990701059,,seconds,3.8877432346344,3.868288015946746,megabytes,88270.0,88270.0,58.0,51.388888888888886,0.177033216,0.177033216,0.81171875,0.7763888888888888,success,sinkhorn,0.001,100000
1D-gaussian-4c-512p,512,512,0.0048874931164527,100000,3.2745991236666978e-06,,seconds,3.8563737869262695,3.833419758826494,megabytes,88270.0,88270.0,59.0,56.0,0.177053696,0.177053696,0.809375,0.7742621527777778,success,sinkhorn,0.001,100000
1D-gaussian-4c-512p,512,512,0.0219831696287901,100000,0.0626323057694809,,seconds,3.840499877929688,3.842872576788068,megabytes,88270.0,88270.0,60.0,55.11764705882353,0.176857088,0.176857088,0.8078125,0.7823069852941178,success,sinkhorn,0.001,100000
1D-gaussian-4c-512p,512,512,0.0083993380019369,100000,0.0448985456677979,,seconds,3.8778443336486816,3.7517087627202272,megabytes,88270.0,88270.0,60.0,57.61111111111112,0.176951296,0.176951296,0.80625,0.7473090277777777,success,sinkhorn,0.001,100000
1D-gaussian-4c-512p,512,512,0.0168858286311047,100000,0.0179140665014481,,seconds,3.938788890838623,3.8282894268631935,megabytes,88270.0,88270.0,59.0,54.588235294117645,0.176975872,0.176975872,0.8125,0.7549632352941178,success,sinkhorn,0.001,100000
1D-gaussian-4c-512p,512,512,0.0089424209648535,100000,0.0546839965718277,,seconds,3.996362447738648,3.863430302590132,megabytes,88270.0,88270.0,59.0,53.73684210526316,0.177045504,0.177045504,0.81328125,0.7518914473684211,success,sinkhorn,0.001,100000
1D-gaussian-4c-512p,512,512,0.0050889045890743,100000,1.471187115666774e-06,,seconds,3.920099973678589,3.874761117622256,megabytes,88270.0,88270.0,59.0,56.16666666666666,0.176943104,0.176943104,0.80859375,0.7660590277777779,success,sinkhorn,0.001,100000
1D-gaussian-4c-512p,512,512,0.0137299957958053,100000,0.0493996819085179,,seconds,3.867830038070679,3.8458300717175007,megabytes,88270.0,88270.0,59.0,54.0,0.176861184,0.176861184,0.81328125,0.7773871527777776,success,sinkhorn,0.001,100000
1D-gaussian-4c-512p,512,512,0.0195601646751776,100000,0.0582539301636927,,seconds,3.92340874671936,3.8116101268678895,megabytes,88270.0,88270.0,60.0,55.625,0.100896768,0.100896768,0.7921875,0.760205078125,success,sinkhorn,0.001,100000
1D-gaussian-4c-512p,512,512,0.0155003153680015,100000,0.0374721988106527,,seconds,3.79523515701294,3.774979453533888,megabytes,88270.0,88270.0,60.0,54.388888888888886,0.174911488,0.174911488,0.81015625,0.7731770833333332,success,sinkhorn,0.001,100000
1D-gaussian-4c-512p,512,512,0.019263325284207,100000,0.0448088082431315,,seconds,3.8184211254119873,3.766500022262335,megabytes,88270.0,88270.0,60.0,55.72222222222222,0.174821376,0.174821376,0.80703125,0.7628038194444443,success,sinkhorn,0.001,100000
1D-gaussian-4c-512p,512,512,0.0080269000628012,100000,0.0297511760720468,,seconds,3.8019752502441406,3.7981083560734983,megabytes,88270.0,88270.0,60.0,54.0625,0.094502912,0.094502912,0.8125,0.784326171875,success,sinkhorn,0.001,100000
1D-gaussian-4c-512p,512,512,0.0074930948691242,100000,0.052660259220366,,seconds,3.794332981109619,3.766390573233366,megabytes,88270.0,88270.0,60.0,55.388888888888886,0.174788608,0.174788608,0.8109375,0.7737847222222222,success,sinkhorn,0.001,100000
1D-gaussian-4c-512p,512,512,0.0116863265900192,100000,0.0502995493046509,,seconds,3.7788338661193848,3.774831593036652,megabytes,88270.0,88270.0,60.0,55.44444444444444,0.174788608,0.174788608,0.80859375,0.7722656250000001,success,sinkhorn,0.001,100000
1D-gaussian-4c-512p,512,512,0.0117962670436081,100000,0.0642463617263456,,seconds,3.865344285964966,3.71959507279098,megabytes,88270.0,88270.0,60.0,58.11764705882353,0.178884608,0.178884608,0.80625,0.7500919117647058,success,sinkhorn,0.001,100000
1D-gaussian-4c-1024p,1024,1024,0.0175238287920832,100000,0.0304835945501837,,seconds,3.880623579025269,3.82352102920413,megabytes,88270.0,88270.0,59.0,55.388888888888886,0.174678016,0.174678016,0.81015625,0.7634114583333335,success,sinkhorn,0.001,100000
1D-gaussian-4c-1024p,1024,1024,0.0154663536457471,100000,0.0265570909997285,,seconds,4.025708198547363,3.842613101005554,megabytes,88270.0,88270.0,59.0,54.42105263157895,0.175210496,0.175210496,0.81953125,0.7357319078947367,success,sinkhorn,0.001,100000
1D-gaussian-4c-1024p,1024,1024,0.006574095478611,100000,0.0449368830781745,,seconds,3.9331088066101074,3.874666463583708,megabytes,88270.0,88270.0,59.0,55.61111111111112,0.174661632,0.174661632,0.8171875,0.7720920138888887,success,sinkhorn,0.001,100000
1D-gaussian-4c-1024p,1024,1024,0.0118025678885588,100000,0.0454393061753257,,seconds,4.00857400894165,3.8707817401736975,megabytes,88270.0,88270.0,58.0,53.47368421052632,0.174821376,0.174821376,0.81328125,0.7437911184210526,success,sinkhorn,0.001,100000
1D-gaussian-4c-1024p,1024,1024,0.0220001526306765,100000,0.0284367851155193,,seconds,4.001841306686401,3.863478424027562,megabytes,88270.0,88270.0,59.0,52.0,0.094449664,0.094449664,0.81328125,0.7635253906249999,success,sinkhorn,0.001,100000
1D-gaussian-4c-1024p,1024,1024,0.0083962537159816,100000,0.0317051574816366,,seconds,4.000830173492432,3.8065536450594655,megabytes,88270.0,88270.0,59.0,55.10526315789474,0.175341568,0.175341568,0.80859375,0.7353618421052632,success,sinkhorn,0.001,100000
1D-gaussian-4c-1024p,1024,1024,0.0081546316124458,100000,0.0308291204178168,,seconds,4.10984992980957,3.906572666019201,megabytes,88270.0,88270.0,59.0,52.6875,0.098861056,0.098861056,0.80625,0.756396484375,success,sinkhorn,0.001,100000
1D-gaussian-4c-1024p,1024,1024,0.0080368435547531,100000,0.0210186879952593,,seconds,3.962454319000244,3.819804798811674,megabytes,88270.0,88270.0,59.0,57.0,0.17897472,0.17897472,0.8125,0.754810855263158,success,sinkhorn,0.001,100000
1D-gaussian-4c-1024p,1024,1024,0.0149225041546091,100000,0.0291463084200538,,seconds,4.06852388381958,3.927585080265999,megabytes,88270.0,88270.0,58.0,54.94736842105263,0.174915584,0.174915584,0.85703125,0.7526726973684212,success,sinkhorn,0.001,100000
1D-gaussian-4c-1024p,1024,1024,0.0112661914805326,100000,0.0271652246763731,,seconds,4.008224964141846,3.910778218880296,megabytes,88270.0,88270.0,58.0,52.8421052631579,0.175013888,0.175013888,0.81171875,0.759375,success,sinkhorn,0.001,100000
1D-gaussian-4c-1024p,1024,1024,0.0168898958303791,100000,0.0126253952998452,,seconds,3.9679839611053462,3.802324470132589,megabytes,88270.0,88270.0,60.0,54.47368421052632,0.179122176,0.179122176,0.83125,0.7433388157894738,success,sinkhorn,0.001,100000
1D-gaussian-4c-1024p,1024,1024,0.0116862498478274,100000,0.0355968954645118,,seconds,3.851600646972656,3.8085750602185726,megabytes,88270.0,88270.0,59.0,54.05555555555556,0.178982912,0.178982912,0.81796875,0.7707031249999999,success,sinkhorn,0.001,100000
1D-gaussian-4c-1024p,1024,1024,0.0137534362722374,100000,0.0328602068893815,,seconds,3.9604454040527344,3.941329760476947,megabytes,88270.0,88270.0,58.0,54.77777777777778,0.17487872,0.17487872,0.8140625,0.7797743055555556,success,sinkhorn,0.001,100000
1D-gaussian-4c-1024p,1024,1024,0.0195008048811791,100000,0.04112639855629,,seconds,4.059867858886719,3.93963772803545,megabytes,88270.0,88270.0,58.0,56.1578947368421,0.175009792,0.175009792,0.81015625,0.7557154605263159,success,sinkhorn,0.001,100000
1D-gaussian-4c-1024p,1024,1024,0.0075031200812105,100000,0.0373154365267327,,seconds,4.096070289611816,3.941600702702999,megabytes,88270.0,88270.0,58.0,53.36842105263158,0.174993408,0.174993408,0.8125,0.750575657894737,success,sinkhorn,0.001,100000
1D-gaussian-4c-1024p,1024,1024,0.0089461463796281,100000,0.0387182961482443,,seconds,4.137834310531616,3.950571872293949,megabytes,88270.0,88270.0,58.0,53.78947368421053,0.175345664,0.175345664,0.81015625,0.7370476973684211,success,sinkhorn,0.001,100000
1D-gaussian-4c-1024p,1024,1024,0.0071015167229516,100000,0.0340562780916121,,seconds,4.113304615020752,3.9385385122150174,megabytes,88270.0,88270.0,58.0,51.68421052631579,0.175198208,0.175198208,0.809375,0.7435032894736843,success,sinkhorn,0.001,100000
1D-gaussian-4c-1024p,1024,1024,0.0050888517921176,100000,1.2004247551034302e-06,,seconds,3.985754013061523,3.924257615581155,megabytes,88270.0,88270.0,58.0,55.05882352941177,0.174800896,0.174800896,0.80859375,0.7643841911764706,success,sinkhorn,0.001,100000
1D-gaussian-4c-1024p,1024,1024,0.0148045647024438,100000,0.0112485762721423,,seconds,4.109919786453247,3.9481511674821377,megabytes,88270.0,88270.0,58.0,54.94736842105263,0.175038464,0.175038464,0.80703125,0.7453536184210526,success,sinkhorn,0.001,100000
1D-gaussian-4c-1024p,1024,1024,0.0219352511399137,100000,0.0442390983170312,,seconds,3.984729051589966,3.920403281226754,megabytes,88270.0,88270.0,58.0,52.888888888888886,0.174936064,0.174936064,0.81796875,0.7684895833333333,success,sinkhorn,0.001,100000
1D-gaussian-4c-1024p,1024,1024,0.0192581929146942,100000,0.0317092977068694,,seconds,4.098630666732788,3.914102492853999,megabytes,88270.0,88270.0,58.0,55.375,0.09467904,0.09467904,0.8125,0.7527343750000001,success,sinkhorn,0.001,100000
1D-gaussian-4c-1024p,1024,1024,0.0192044022666327,100000,0.0434407657460942,,seconds,4.057310819625855,3.934884237125516,megabytes,88270.0,88270.0,58.0,53.31578947368421,0.174997504,0.174997504,0.81171875,0.7518092105263158,success,sinkhorn,0.001,100000
1D-gaussian-4c-1024p,1024,1024,0.0048875124689682,100000,2.1444840167849548e-06,,seconds,4.087744951248169,3.933788500726223,megabytes,88270.0,88270.0,58.0,52.31578947368421,0.17504256,0.17504256,0.8046875,0.7373355263157896,success,sinkhorn,0.001,100000
1D-gaussian-4c-1024p,1024,1024,0.0189149421117675,100000,0.046765034904764,,seconds,4.059967517852783,3.9023602716624737,megabytes,88270.0,88270.0,58.0,53.26315789473684,0.17514496,0.17514496,0.82265625,0.7412417763157896,success,sinkhorn,0.001,100000
1D-gaussian-4c-1024p,1024,1024,0.0226345392066601,100000,0.034573333771494,,seconds,3.9811253547668457,3.910736141726375,megabytes,88270.0,88270.0,58.0,54.8421052631579,0.174993408,0.174993408,0.80703125,0.7623766447368421,success,sinkhorn,0.001,100000
1D-gaussian-4c-1024p,1024,1024,0.0137493414448556,100000,0.0348998149386693,,seconds,3.853307723999024,3.820908136665821,megabytes,88270.0,88270.0,59.0,55.16666666666666,0.1792,0.1792,0.80703125,0.7671440972222221,success,sinkhorn,0.001,100000
1D-gaussian-4c-1024p,1024,1024,0.0064202505661281,100000,3.567754754755965e-06,,seconds,3.9749155044555664,3.867071609944105,megabytes,88270.0,88270.0,59.0,56.833333333333336,0.174993408,0.174993408,0.81328125,0.7624565972222221,success,sinkhorn,0.001,100000
1D-gaussian-4c-1024p,1024,1024,0.0150050554649448,100000,0.0007591775331925,,seconds,4.155036449432373,3.935079477727413,megabytes,88270.0,88270.0,58.0,52.31578947368421,0.175316992,0.175316992,0.8125,0.7404194078947368,success,sinkhorn,0.001,100000
1D-gaussian-4c-1024p,1024,1024,0.0238973453147652,100000,0.0022668404455011,,seconds,4.044549226760864,3.9120316933840513,megabytes,88270.0,88270.0,58.0,52.8421052631579,0.175104,0.175104,0.81640625,0.7513569078947367,success,sinkhorn,0.001,100000
1D-gaussian-4c-1024p,1024,1024,0.0136823743883171,100000,0.0261861644417496,,seconds,4.05804967880249,3.915495831519365,megabytes,88270.0,88270.0,58.0,54.42105263157895,0.175161344,0.175161344,0.81015625,0.7467927631578949,success,sinkhorn,0.001,100000
1D-gaussian-4c-2048p,2048,2048,0.0194984776305468,100000,0.0290875365951356,,seconds,5.269675254821777,5.145707458257675,megabytes,88270.0,88270.0,66.0,60.72727272727273,0.175423488,0.175423488,0.80703125,0.7622869318181817,success,sinkhorn,0.001,100000
1D-gaussian-4c-2048p,2048,2048,0.0150055700919904,100000,0.0005367806294642,,seconds,5.349397420883179,5.217671936377883,megabytes,88270.0,88270.0,66.0,61.79166666666666,0.175464448,0.175464448,0.803125,0.7516927083333335,success,sinkhorn,0.001,100000
1D-gaussian-4c-2048p,2048,2048,0.0168890070390705,100000,0.0089316649823247,,seconds,5.062055587768555,4.878099210560322,megabytes,88270.0,88270.0,70.0,65.27272727272727,0.179666944,0.179666944,0.81796875,0.7425071022727273,success,sinkhorn,0.001,100000
1D-gaussian-4c-2048p,2048,2048,0.0238966749856834,100000,0.0016114768921353,,seconds,5.11857271194458,5.104116920381784,megabytes,88270.0,88270.0,66.0,63.75,0.179367936,0.179367936,0.8078125,0.7737955729166668,success,sinkhorn,0.001,100000
1D-gaussian-4c-2048p,2048,2048,0.0065747624219073,100000,0.0317758479780518,,seconds,5.346890926361084,5.202994139865041,megabytes,88270.0,88270.0,66.0,61.6,0.175722496,0.175722496,0.80546875,0.7568749999999997,success,sinkhorn,0.001,100000
1D-gaussian-4c-2048p,2048,2048,0.0136815322300094,100000,0.0185065579117277,,seconds,5.260631561279297,5.262928742915392,megabytes,88270.0,88270.0,64.0,59.6,0.179400704,0.179400704,0.80390625,0.7771250000000001,success,sinkhorn,0.001,100000
1D-gaussian-4c-2048p,2048,2048,0.0116865083701578,100000,0.0251380475312798,,seconds,5.101410627365112,5.06790061481297,megabytes,88270.0,88270.0,67.0,63.458333333333336,0.17553408,0.17553408,0.80546875,0.7738606770833334,success,sinkhorn,0.001,100000
1D-gaussian-4c-2048p,2048,2048,0.0075058989569988,100000,0.0263574083736217,,seconds,5.428985357284546,5.247183354571462,megabytes,88270.0,88270.0,66.0,62.28,0.175775744,0.175775744,0.81484375,0.7433437500000001,success,sinkhorn,0.001,100000
1D-gaussian-4c-2048p,2048,2048,0.0189236174725993,100000,0.0330672409430765,,seconds,5.076499700546265,5.080402530729771,megabytes,88270.0,88270.0,66.0,61.0,0.175468544,0.175468544,0.80703125,0.7814778645833335,success,sinkhorn,0.001,100000
1D-gaussian-4c-2048p,2048,2048,0.0137292495224414,100000,0.0246822794119202,,seconds,5.083155155181885,5.0314894169569016,megabytes,88270.0,88270.0,67.0,65.70833333333333,0.175550464,0.175550464,0.80546875,0.7684570312500001,success,sinkhorn,0.001,100000
1D-gaussian-4c-2048p,2048,2048,0.0226454546001387,100000,0.0244585401526838,,seconds,5.3487982749938965,5.163750352337956,megabytes,88270.0,88270.0,66.0,61.52173913043478,0.175681536,0.175681536,0.80625,0.7427309782608695,success,sinkhorn,0.001,100000
1D-gaussian-4c-2048p,2048,2048,0.008030819682837,100000,0.0148645260442936,,seconds,5.027291774749756,4.983702974393964,megabytes,88270.0,88270.0,67.0,65.43478260869566,0.175403008,0.175403008,0.80390625,0.7727581521739132,success,sinkhorn,0.001,100000
1D-gaussian-4c-2048p,2048,2048,0.0192571812572304,100000,0.0224114179779298,,seconds,4.907832860946655,4.797880340367556,megabytes,88270.0,88270.0,70.0,68.1304347826087,0.175341568,0.175341568,0.80390625,0.7586956521739129,success,sinkhorn,0.001,100000
1D-gaussian-4c-2048p,2048,2048,0.0175177710972519,100000,0.0215588127966888,,seconds,5.191939830780029,5.195904158055782,megabytes,88270.0,88270.0,66.0,59.42857142857143,0.175218688,0.175218688,0.8109375,0.7847470238095239,success,sinkhorn,0.001,100000
1D-gaussian-4c-2048p,2048,2048,0.0148033521526806,100000,0.0079545225610321,,seconds,4.97288179397583,4.833531046286225,megabytes,88270.0,88270.0,70.0,66.69565217391305,0.179433472,0.179433472,0.80703125,0.7614470108695653,success,sinkhorn,0.001,100000
1D-gaussian-4c-2048p,2048,2048,0.0219409051984986,100000,0.0312897811638409,,seconds,5.377997636795044,5.14816321991384,megabytes,88270.0,88270.0,65.0,59.4,0.175890432,0.175890432,0.81015625,0.7535937499999998,success,sinkhorn,0.001,100000
1D-gaussian-4c-2048p,2048,2048,0.0089430934314185,100000,0.0273590189329563,,seconds,4.891781806945801,4.881208026781678,megabytes,88270.0,88270.0,70.0,65.0,0.175394816,0.175394816,0.803125,0.7835193452380951,success,sinkhorn,0.001,100000
1D-gaussian-4c-2048p,2048,2048,0.0149243660529165,100000,0.0206188053822852,,seconds,5.257546424865723,5.176829418167472,megabytes,88270.0,88270.0,65.0,61.68,0.17569792,0.17569792,0.8046875,0.7599375,success,sinkhorn,0.001,100000
1D-gaussian-4c-2048p,2048,2048,0.006420349644891,100000,2.336608038172009e-06,,seconds,5.306117057800293,5.155538994818926,megabytes,88270.0,88270.0,66.0,63.833333333333336,0.17559552,0.17559552,0.79921875,0.7507161458333332,success,sinkhorn,0.001,100000
1D-gaussian-4c-2048p,2048,2048,0.0192120651671712,100000,0.0307275103885332,,seconds,5.139532089233398,5.143218664452434,megabytes,88270.0,88270.0,66.0,61.7,0.179474432,0.179474432,0.79765625,0.7803906250000001,success,sinkhorn,0.001,100000
1D-gaussian-4c-2048p,2048,2048,0.0048875191014752,100000,1.4056824115426203e-06,,seconds,5.1118223667144775,5.090711142867804,megabytes,88270.0,88270.0,66.0,65.125,0.17565696,0.17565696,0.80546875,0.7733723958333333,success,sinkhorn,0.001,100000
1D-gaussian-4c-2048p,2048,2048,0.0219951651591666,100000,0.0201002066639046,,seconds,4.929985523223877,4.916770048439503,megabytes,88270.0,88270.0,68.0,64.65217391304348,0.179470336,0.179470336,0.8,0.7761209239130435,success,sinkhorn,0.001,100000
1D-gaussian-4c-2048p,2048,2048,0.0081550145521613,100000,0.0217985666751084,,seconds,5.18968677520752,5.090567840263248,megabytes,88270.0,88270.0,66.0,62.41666666666666,0.175648768,0.175648768,0.81015625,0.7600585937499998,success,sinkhorn,0.001,100000
1D-gaussian-4c-2048p,2048,2048,0.0112661668635525,100000,0.0192087145811197,,seconds,5.3216712474823,5.125393616035581,megabytes,88270.0,88270.0,66.0,61.95652173913044,0.176017408,0.176017408,0.8078125,0.7431046195652173,success,sinkhorn,0.001,100000
1D-gaussian-4c-2048p,2048,2048,0.0083965528507008,100000,0.0224236844265288,,seconds,5.289351224899292,5.109079850837588,megabytes,88270.0,88270.0,67.0,63.0,0.176140288,0.176140288,0.80703125,0.7455312499999998,success,sinkhorn,0.001,100000
1D-gaussian-4c-2048p,2048,2048,0.0154726049119412,100000,0.0187849673200744,,seconds,5.244640827178955,5.176335418596864,megabytes,88270.0,88270.0,65.0,62.8,0.17954816,0.17954816,0.79921875,0.7595624999999998,success,sinkhorn,0.001,100000
1D-gaussian-4c-2048p,2048,2048,0.0118026874038301,100000,0.0321327949794326,,seconds,5.280250072479248,5.2685251124203205,megabytes,88270.0,88270.0,65.0,61.56,0.179580928,0.179580928,0.80390625,0.7781875,success,sinkhorn,0.001,100000
1D-gaussian-4c-2048p,2048,2048,0.0050887889202724,87051,9.999986881724875e-07,,seconds,4.564526557922363,4.440174518153071,megabytes,88270.0,88270.0,66.0,62.95238095238095,0.175341568,0.175341568,0.81875,0.7590401785714285,success,sinkhorn,0.001,100000
1D-gaussian-4c-2048p,2048,2048,0.0137642814897168,100000,0.023234777209234,,seconds,5.162139892578125,5.148513786494732,megabytes,88270.0,88270.0,66.0,63.083333333333336,0.175562752,0.175562752,0.8046875,0.7743164062500002,success,sinkhorn,0.001,100000
1D-gaussian-4c-2048p,2048,2048,0.00710128311099,100000,0.0240810367495964,,seconds,5.058197736740112,5.017248716205359,megabytes,88270.0,88270.0,67.0,63.79166666666666,0.175673344,0.175673344,0.8015625,0.7698893229166667,success,sinkhorn,0.001,100000
1D-gaussian-6c-32p,32,32,0.022968987033229,100000,0.0713606845952465,,seconds,3.052784204483032,2.9798388052731752,megabytes,88270.0,88270.0,57.0,51.86666666666667,0.094814208,0.094814208,0.8140625,0.7643750000000001,success,sinkhorn,0.001,100000
1D-gaussian-6c-32p,32,32,0.0105801216397773,100000,0.1951862410992956,,seconds,3.054349660873413,2.88586107455194,megabytes,88270.0,88270.0,59.0,52.73333333333333,0.099618816,0.099618816,0.8109375,0.7353645833333335,success,sinkhorn,0.001,100000
1D-gaussian-6c-32p,32,32,0.0244348989650092,100000,0.0002315656108445,,seconds,3.1510114669799805,2.9807677548378706,megabytes,88270.0,88270.0,58.0,54.42857142857143,0.095010816,0.095010816,0.8125,0.7309709821428572,success,sinkhorn,0.001,100000
1D-gaussian-6c-32p,32,32,0.0091286976012141,100000,0.1140005260658933,,seconds,3.1664352416992188,2.971811816096306,megabytes,88270.0,88270.0,57.0,50.6,0.095010816,0.095010816,0.81015625,0.7355208333333335,success,sinkhorn,0.001,100000
1D-gaussian-6c-32p,32,32,0.0138856176804912,100000,0.0001107027098782,,seconds,3.106508255004883,2.9817148689180613,megabytes,88270.0,88270.0,58.0,53.57142857142857,0.09465856,0.09465856,0.8046875,0.7436941964285715,success,sinkhorn,0.001,100000
1D-gaussian-6c-32p,32,32,0.0075953822346153,100000,0.0010315545511635,,seconds,3.0729541778564453,2.9252636916935444,megabytes,88270.0,88270.0,58.0,52.86666666666667,0.094654464,0.094654464,0.809375,0.7467708333333333,success,sinkhorn,0.001,100000
1D-gaussian-6c-32p,32,32,0.0126904946443908,100000,0.0304924353227977,,seconds,3.0914433002471924,2.981642417609692,megabytes,88270.0,88270.0,57.0,50.0,0.094736384,0.094736384,0.809375,0.7513541666666667,success,sinkhorn,0.001,100000
1D-gaussian-6c-32p,32,32,0.0136905762322824,100000,0.1475010411981707,,seconds,3.1494994163513184,2.960344184190035,megabytes,88270.0,88270.0,58.0,54.86666666666667,0.095350784,0.095350784,0.8046875,0.7227604166666668,success,sinkhorn,0.001,100000
1D-gaussian-6c-32p,32,32,0.0119654148934541,100000,0.0502762813629789,,seconds,3.076953887939453,2.9683841727674007,megabytes,88270.0,88270.0,58.0,52.333333333333336,0.094732288,0.094732288,0.809375,0.7445312499999999,success,sinkhorn,0.001,100000
1D-gaussian-6c-32p,32,32,0.0283012296622555,100000,0.1203138257506014,,seconds,3.06496000289917,3.055832771584392,megabytes,88270.0,88270.0,56.0,49.53333333333333,0.094654464,0.094654464,0.81015625,0.7713020833333334,success,sinkhorn,0.001,100000
1D-gaussian-6c-32p,32,32,0.0264677005717351,100000,0.079748663748685,,seconds,3.100867748260498,2.95526953227818,megabytes,88270.0,88270.0,58.0,53.333333333333336,0.099241984,0.099241984,0.80078125,0.7293749999999999,success,sinkhorn,0.001,100000
1D-gaussian-6c-32p,32,32,0.0113856642281199,100000,0.1422766170957492,,seconds,3.1815054416656494,3.0305436179041862,megabytes,88270.0,88270.0,57.0,52.61538461538461,0.0945152,0.0945152,0.79765625,0.7451322115384615,success,sinkhorn,0.001,100000
1D-gaussian-6c-32p,32,32,0.0097587988672883,100000,0.066195838300363,,seconds,3.072489023208618,3.070693049579859,megabytes,88270.0,88270.0,56.0,49.06666666666667,0.094765056,0.094765056,0.81796875,0.7785937500000002,success,sinkhorn,0.001,100000
1D-gaussian-6c-32p,32,32,0.0104070339853991,100000,0.0441727476178844,,seconds,3.1103360652923584,2.956849567592144,megabytes,88270.0,88270.0,57.0,54.93333333333333,0.099262464,0.099262464,0.81015625,0.7493750000000002,success,sinkhorn,0.001,100000
1D-gaussian-6c-32p,32,32,0.0209910458478749,100000,0.0436867849066809,,seconds,3.044562101364136,2.944086702540517,megabytes,88270.0,88270.0,58.0,53.06666666666667,0.099319808,0.099319808,0.81171875,0.7650520833333334,success,sinkhorn,0.001,100000
1D-gaussian-6c-32p,32,32,0.0214047018990957,100000,0.1048704283565188,,seconds,3.1124191284179688,2.9648766797035933,megabytes,88270.0,88270.0,58.0,50.38461538461539,0.099262464,0.099262464,0.80625,0.7455528846153846,success,sinkhorn,0.001,100000
1D-gaussian-6c-32p,32,32,0.0221568545311199,100000,0.1425077417181738,,seconds,3.3609204292297363,3.0565495993942022,megabytes,88270.0,88270.0,56.0,49.9375,0.095469568,0.095469568,0.8125,0.7314941406250001,success,sinkhorn,0.001,100000
1D-gaussian-6c-32p,32,32,0.0225212106478329,100000,0.0105734196691691,,seconds,3.0766966342926025,3.0486934203654528,megabytes,88270.0,88270.0,56.0,51.0,0.09469952,0.09469952,0.8015625,0.7660416666666665,success,sinkhorn,0.001,100000
1D-gaussian-6c-32p,32,32,0.0103158404705359,100000,0.2316516426263651,,seconds,3.123687267303467,3.042227264493704,megabytes,88270.0,88270.0,57.0,51.4,0.094732288,0.094732288,0.81953125,0.7606249999999999,success,sinkhorn,0.001,100000
1D-gaussian-6c-32p,32,32,0.0072240874973186,100000,0.0892127571180875,,seconds,3.0791592597961426,2.965056899935007,megabytes,88270.0,88270.0,57.0,54.53333333333333,0.094724096,0.094724096,0.7984375,0.7413020833333331,success,sinkhorn,0.001,100000
1D-gaussian-6c-32p,32,32,0.011908820922295,100000,0.1022828065516005,,seconds,3.1538662910461426,3.063550202175975,megabytes,88270.0,88270.0,56.0,51.73333333333333,0.094707712,0.094707712,0.80703125,0.7580208333333333,success,sinkhorn,0.001,100000
1D-gaussian-6c-32p,32,32,0.010471826309106,100000,0.1031867108812801,,seconds,3.120702743530273,3.022828385233879,megabytes,88270.0,88270.0,57.0,50.4,0.094691328,0.094691328,0.8125,0.7588020833333332,success,sinkhorn,0.001,100000
1D-gaussian-6c-32p,32,32,0.0216694981274361,100000,0.002672331719202,,seconds,3.131497859954834,3.026146670803428,megabytes,88270.0,88270.0,57.0,51.8,0.09480192,0.09480192,0.809375,0.7451041666666666,success,sinkhorn,0.001,100000
1D-gaussian-6c-32p,32,32,0.0089609108214313,100000,0.1543494701176103,,seconds,3.045785903930664,2.9732701871544123,megabytes,88270.0,88270.0,57.0,52.86666666666667,0.094691328,0.094691328,0.80859375,0.7491666666666668,success,sinkhorn,0.001,100000
1D-gaussian-6c-32p,32,32,0.0105481104924491,100000,0.1349883325691099,,seconds,3.0778393745422363,3.04228719137609,megabytes,88270.0,88270.0,57.0,50.8,0.09474048,0.09474048,0.81015625,0.7735416666666666,success,sinkhorn,0.001,100000
1D-gaussian-6c-32p,32,32,0.0242672409564335,100000,0.0170112248637826,,seconds,3.152996301651001,2.9921444170176983,megabytes,88270.0,88270.0,57.0,53.0,0.094879744,0.094879744,0.8109375,0.7410937499999999,success,sinkhorn,0.001,100000
1D-gaussian-6c-32p,32,32,0.0068011904999676,100000,0.1025551266747714,,seconds,3.397012710571289,3.0837795976549387,megabytes,88270.0,88270.0,56.0,48.75,0.095551488,0.095551488,0.79765625,0.7194335937499999,success,sinkhorn,0.001,100000
1D-gaussian-6c-32p,32,32,0.0050886539162352,100000,0.1523929207046628,,seconds,3.193021774291992,3.028677949681878,megabytes,88270.0,88270.0,56.0,51.8,0.09515008,0.09515008,0.803125,0.7286979166666668,success,sinkhorn,0.001,100000
1D-gaussian-6c-32p,32,32,0.0102941889308354,100000,0.0663766649276762,,seconds,3.1749696731567383,3.036852380260825,megabytes,88270.0,88270.0,56.0,51.53333333333333,0.09478144,0.09478144,0.80859375,0.7442187500000002,success,sinkhorn,0.001,100000
1D-gaussian-6c-32p,32,32,0.0069385221156241,100000,0.0875811730869827,,seconds,3.0589396953582764,3.013785494491458,megabytes,88270.0,88270.0,57.0,50.266666666666666,0.094941184,0.094941184,0.809375,0.7678645833333334,success,sinkhorn,0.001,100000
1D-gaussian-6c-64p,64,64,0.0107858540660303,100000,0.0390849100307671,,seconds,3.035984516143799,2.902744548395276,megabytes,88270.0,88270.0,59.0,54.0,0.099586048,0.099586048,0.80703125,0.7402604166666666,success,sinkhorn,0.001,100000
1D-gaussian-6c-64p,64,64,0.0096642537603234,100000,0.0772422122666455,,seconds,3.174415349960327,2.997791925445199,megabytes,88270.0,88270.0,58.0,51.73333333333333,0.095121408,0.095121408,0.81015625,0.7291145833333333,success,sinkhorn,0.001,100000
1D-gaussian-6c-64p,64,64,0.0086272254110018,100000,0.0471589084992751,,seconds,3.0491793155670166,2.956867380067706,megabytes,88270.0,88270.0,58.0,52.0,0.094855168,0.094855168,0.8109375,0.7487499999999999,success,sinkhorn,0.001,100000
1D-gaussian-6c-64p,64,64,0.0114566281712588,100000,0.0306762573056834,,seconds,3.18027400970459,2.9566082637757063,megabytes,88270.0,88270.0,58.0,54.333333333333336,0.095186944,0.095186944,0.8046875,0.7222916666666668,success,sinkhorn,0.001,100000
1D-gaussian-6c-64p,64,64,0.01341217497132,100000,7.027939465073066e-05,,seconds,3.068826675415039,2.94127631559968,megabytes,88270.0,88270.0,58.0,50.66666666666666,0.094818304,0.094818304,0.80546875,0.7332291666666667,success,sinkhorn,0.001,100000
1D-gaussian-6c-64p,64,64,0.0083942141265418,100000,0.0665304044225641,,seconds,3.036339521408081,3.025861812755465,megabytes,88270.0,88270.0,57.0,51.13333333333333,0.094838784,0.094838784,0.80859375,0.7766145833333333,success,sinkhorn,0.001,100000
1D-gaussian-6c-64p,64,64,0.010256014432663,100000,0.1651951671931795,,seconds,3.08647084236145,3.039648720994592,megabytes,88270.0,88270.0,56.0,51.4,0.094990336,0.094990336,0.8125,0.7694791666666667,success,sinkhorn,0.001,100000
1D-gaussian-6c-64p,64,64,0.0106313080959195,100000,0.047460562803451,,seconds,3.262959241867065,3.0538836866617203,megabytes,88270.0,88270.0,56.0,51.0,0.094961664,0.094961664,0.80625,0.7358854166666666,success,sinkhorn,0.001,100000
1D-gaussian-6c-64p,64,64,0.0120245261290139,100000,0.0389985914501931,,seconds,3.123232126235962,3.01013639383018,megabytes,88270.0,88270.0,58.0,54.38461538461539,0.099590144,0.099590144,0.80703125,0.7539062499999999,success,sinkhorn,0.001,100000
1D-gaussian-6c-64p,64,64,0.0079320940211911,100000,0.1026965809664084,,seconds,3.053196907043457,3.050287017598748,megabytes,88270.0,88270.0,57.0,50.142857142857146,0.094855168,0.094855168,0.8,0.7737165178571429,success,sinkhorn,0.001,100000
1D-gaussian-6c-64p,64,64,0.0217411613845332,100000,0.0084619461416372,,seconds,3.1809260845184326,3.0452132299542427,megabytes,88270.0,88270.0,56.0,51.73333333333333,0.09508864,0.09508864,0.81171875,0.7405208333333333,success,sinkhorn,0.001,100000
1D-gaussian-6c-64p,64,64,0.0108164758860008,100000,0.1384182886474125,,seconds,3.1065573692321777,3.047254502773285,megabytes,88270.0,88270.0,56.0,52.266666666666666,0.0950272,0.0950272,0.803125,0.7606249999999999,success,sinkhorn,0.001,100000
1D-gaussian-6c-64p,64,64,0.0134018170625221,100000,0.1034918045815836,,seconds,3.0568490028381348,3.024436764419079,megabytes,88270.0,88270.0,57.0,50.93333333333333,0.09508864,0.09508864,0.80859375,0.7634375,success,sinkhorn,0.001,100000
1D-gaussian-6c-64p,64,64,0.0254368018973881,100000,0.0708893473886356,,seconds,3.121244192123413,2.977787770330906,megabytes,88270.0,88270.0,58.0,53.46666666666667,0.099741696,0.099741696,0.8140625,0.7415104166666667,success,sinkhorn,0.001,100000
1D-gaussian-6c-64p,64,64,0.0178749476621653,100000,0.1119952223707606,,seconds,3.00769591331482,3.0070667900145054,megabytes,88270.0,88270.0,58.0,53.23076923076923,0.094851072,0.094851072,0.8109375,0.7826322115384614,success,sinkhorn,0.001,100000
1D-gaussian-6c-64p,64,64,0.0238232295501572,100000,0.0002522615968921,,seconds,3.095108985900879,2.977212743833661,megabytes,88270.0,88270.0,58.0,52.73333333333333,0.095137792,0.095137792,0.81171875,0.7424479166666667,success,sinkhorn,0.001,100000
1D-gaussian-6c-64p,64,64,0.0065975326186089,100000,0.0702775000016873,,seconds,2.9786713123321533,2.970653895288706,megabytes,88270.0,88270.0,58.0,54.42857142857143,0.094937088,0.094937088,0.81015625,0.7746651785714286,success,sinkhorn,0.001,100000
1D-gaussian-6c-64p,64,64,0.0184775545892965,100000,0.1068498783283374,,seconds,2.982616424560547,2.973631724715233,megabytes,88270.0,88270.0,59.0,52.16666666666666,0.09971712,0.09971712,0.8171875,0.7779947916666666,success,sinkhorn,0.001,100000
1D-gaussian-6c-64p,64,64,0.0242499477559791,100000,0.0140135213072199,,seconds,3.121445655822754,2.983612895011902,megabytes,88270.0,88270.0,58.0,55.86666666666667,0.095100928,0.095100928,0.81171875,0.74765625,success,sinkhorn,0.001,100000
1D-gaussian-6c-64p,64,64,0.0083848698801725,100000,0.1078507751362634,,seconds,3.08380126953125,2.9713383447378874,megabytes,88270.0,88270.0,58.0,51.0,0.09515008,0.09515008,0.809375,0.7471354166666667,success,sinkhorn,0.001,100000
1D-gaussian-6c-64p,64,64,0.0113614808842593,100000,0.0994844199838119,,seconds,3.1063497066497803,2.9127040319144726,megabytes,88270.0,88270.0,59.0,54.2,0.100368384,0.100368384,0.81875,0.7290625,success,sinkhorn,0.001,100000
1D-gaussian-6c-64p,64,64,0.0115900934392888,100000,0.0718619222823207,,seconds,3.0989835262298584,2.962647918611765,megabytes,88270.0,88270.0,58.0,49.93333333333333,0.095158272,0.095158272,0.8125,0.7431250000000001,success,sinkhorn,0.001,100000
1D-gaussian-6c-64p,64,64,0.0211332037998565,100000,0.0738462616940801,,seconds,3.1211934089660645,2.984582683071494,megabytes,88270.0,88270.0,57.0,53.8,0.09525248,0.09525248,0.8078125,0.74171875,success,sinkhorn,0.001,100000
1D-gaussian-6c-64p,64,64,0.0225050114528674,100000,0.0551729936694812,,seconds,3.0640108585357666,2.960554763674736,megabytes,88270.0,88270.0,58.0,52.0,0.09517056,0.09517056,0.809375,0.7449479166666667,success,sinkhorn,0.001,100000
1D-gaussian-6c-64p,64,64,0.0198670812729733,100000,0.045007131277068,,seconds,2.9259190559387207,2.922403585165739,megabytes,88270.0,88270.0,59.0,55.07142857142857,0.099823616,0.099823616,0.8125,0.7829241071428571,success,sinkhorn,0.001,100000
1D-gaussian-6c-64p,64,64,0.0214438242670468,100000,0.0014933300411613,,seconds,3.1026759147644043,2.978172056376934,megabytes,88270.0,88270.0,59.0,54.75,0.099762176,0.099762176,0.80625,0.7469401041666667,success,sinkhorn,0.001,100000
1D-gaussian-6c-64p,64,64,0.0104179141953092,100000,0.0702741759950302,,seconds,3.110435962677002,2.9953750371932983,megabytes,88270.0,88270.0,57.0,51.93333333333333,0.095223808,0.095223808,0.81328125,0.7502604166666667,success,sinkhorn,0.001,100000
1D-gaussian-6c-64p,64,64,0.0042133936400204,100000,0.074515525726537,,seconds,2.903878688812256,2.9012735206633806,megabytes,88270.0,88270.0,59.0,54.0,0.099827712,0.099827712,0.796875,0.7736049107142858,success,sinkhorn,0.001,100000
1D-gaussian-6c-64p,64,64,0.0102421679122739,100000,0.0915610064811695,,seconds,3.1485707759857178,2.978695323690772,megabytes,88270.0,88270.0,58.0,52.73333333333333,0.095432704,0.095432704,0.81015625,0.7347395833333332,success,sinkhorn,0.001,100000
1D-gaussian-6c-64p,64,64,0.0072041098275117,100000,0.0015245693958942,,seconds,3.0818119049072266,2.958219861611724,megabytes,88270.0,88270.0,58.0,51.2,0.095154176,0.095154176,0.8078125,0.7416666666666667,success,sinkhorn,0.001,100000
1D-gaussian-6c-128p,128,128,0.0237971863678033,100000,0.0001952597813001,,seconds,3.107969045639038,2.985499368980527,megabytes,88270.0,88270.0,58.0,52.86666666666667,0.095260672,0.095260672,0.8,0.7338541666666668,success,sinkhorn,0.001,100000
1D-gaussian-6c-128p,128,128,0.0246131451725279,100000,0.0100212824207313,,seconds,3.1984171867370605,3.0097009874880314,megabytes,88270.0,88270.0,59.0,53.92307692307692,0.095719424,0.095719424,0.790625,0.7168269230769232,success,sinkhorn,0.001,100000
1D-gaussian-6c-128p,128,128,0.0254709721815558,100000,0.0513209527819773,,seconds,3.1357078552246094,3.082007465884089,megabytes,88270.0,88270.0,56.0,48.333333333333336,0.095330304,0.095330304,0.809375,0.7624479166666667,success,sinkhorn,0.001,100000
1D-gaussian-6c-128p,128,128,0.0106887295831382,100000,0.0232153987362143,,seconds,3.1200919151306152,3.0937148332595825,megabytes,88270.0,88270.0,56.0,50.333333333333336,0.095277056,0.095277056,0.809375,0.7738541666666666,success,sinkhorn,0.001,100000
1D-gaussian-6c-128p,128,128,0.0066802548706739,100000,0.0506924037522017,,seconds,3.235440492630005,3.093066968023777,megabytes,88270.0,88270.0,58.0,51.35714285714285,0.095227904,0.095227904,0.80703125,0.7469866071428571,success,sinkhorn,0.001,100000
1D-gaussian-6c-128p,128,128,0.0216979194635957,100000,0.0061951348129285,,seconds,3.047611713409424,3.0030307341367006,megabytes,88270.0,88270.0,58.0,52.73333333333333,0.099930112,0.099930112,0.846875,0.7686979166666668,success,sinkhorn,0.001,100000
1D-gaussian-6c-128p,128,128,0.011875109666628,100000,0.0286131405986348,,seconds,3.1282055377960205,3.092929368838668,megabytes,88270.0,88270.0,56.0,50.46666666666667,0.095350784,0.095350784,0.8109375,0.76640625,success,sinkhorn,0.001,100000
1D-gaussian-6c-128p,128,128,0.0213170128488152,100000,0.0514136831149741,,seconds,3.040468215942383,3.018198255449533,megabytes,88270.0,88270.0,57.0,51.86666666666667,0.095424512,0.095424512,0.81484375,0.77140625,success,sinkhorn,0.001,100000
1D-gaussian-6c-128p,128,128,0.0102716872231964,100000,0.064721166084711,,seconds,3.0781731605529785,2.9874503444880247,megabytes,88270.0,88270.0,58.0,52.93333333333333,0.100212736,0.100212736,0.8171875,0.7541666666666667,success,sinkhorn,0.001,100000
1D-gaussian-6c-128p,128,128,0.0107820536063226,100000,0.0340315336336278,,seconds,3.085632801055908,3.0879701543599367,megabytes,88270.0,88270.0,56.0,54.13333333333333,0.095567872,0.095567872,0.81015625,0.7792187500000001,success,sinkhorn,0.001,100000
1D-gaussian-6c-128p,128,128,0.0214264050169813,100000,0.0017095195901234,,seconds,3.134373426437378,3.0578233785927296,megabytes,88270.0,88270.0,57.0,51.93333333333333,0.095645696,0.095645696,0.8125,0.7536979166666665,success,sinkhorn,0.001,100000
1D-gaussian-6c-128p,128,128,0.0108020089988827,100000,0.0296278355074304,,seconds,3.214063882827759,3.090229120105505,megabytes,88270.0,88270.0,58.0,50.266666666666666,0.09551872,0.09551872,0.80546875,0.7445833333333333,success,sinkhorn,0.001,100000
1D-gaussian-6c-128p,128,128,0.0044734048091919,100000,0.0521954347897478,,seconds,3.10757827758789,3.0345015432685614,megabytes,88270.0,88270.0,58.0,53.30769230769231,0.095350784,0.095350784,0.81171875,0.7549879807692306,success,sinkhorn,0.001,100000
1D-gaussian-6c-128p,128,128,0.0115860017083848,100000,0.0707566515058777,,seconds,3.0574655532836914,3.0094852801412344,megabytes,88270.0,88270.0,57.0,51.2,0.095465472,0.095465472,0.809375,0.7650520833333333,success,sinkhorn,0.001,100000
1D-gaussian-6c-128p,128,128,0.0133682887993216,100000,0.0729191511982133,,seconds,3.131068229675293,2.991471789777279,megabytes,88270.0,88270.0,58.0,52.86666666666667,0.09539584,0.09539584,0.80625,0.73859375,success,sinkhorn,0.001,100000
1D-gaussian-6c-128p,128,128,0.0107982594907931,100000,0.116908402274145,,seconds,3.06898832321167,3.0306445732712746,megabytes,88270.0,88270.0,57.0,53.2,0.095432704,0.095432704,0.80703125,0.76953125,success,sinkhorn,0.001,100000
1D-gaussian-6c-128p,128,128,0.0106362794595776,100000,0.1007088218669607,,seconds,3.0514204502105717,3.0032627806067467,megabytes,88270.0,88270.0,58.0,52.0,0.095371264,0.095371264,0.8125,0.7704799107142859,success,sinkhorn,0.001,100000
1D-gaussian-6c-128p,128,128,0.018507493457203,100000,0.0851546506103567,,seconds,3.0756731033325195,3.018440641462803,megabytes,88270.0,88270.0,58.0,51.66666666666666,0.095399936,0.095399936,0.8109375,0.7639062499999999,success,sinkhorn,0.001,100000
1D-gaussian-6c-128p,128,128,0.0081476677426557,100000,0.049564518304182,,seconds,3.083680868148804,2.976629937067628,megabytes,88270.0,88270.0,58.0,52.2,0.095363072,0.095363072,0.8109375,0.7440625,success,sinkhorn,0.001,100000
1D-gaussian-6c-128p,128,128,0.0225243748412098,100000,0.0423337726558942,,seconds,3.0335209369659424,3.009430792182684,megabytes,88270.0,88270.0,59.0,53.642857142857146,0.095264768,0.095264768,0.81015625,0.7748325892857143,success,sinkhorn,0.001,100000
1D-gaussian-6c-128p,128,128,0.0105120399792012,100000,0.052853312345054,,seconds,3.069375276565552,3.0252669285982847,megabytes,88270.0,88270.0,59.0,53.46666666666667,0.0953344,0.0953344,0.8046875,0.7667708333333333,success,sinkhorn,0.001,100000
1D-gaussian-6c-128p,128,128,0.007203749170099,100000,0.0011194591989773,,seconds,3.1227078437805176,3.020575098693371,megabytes,88270.0,88270.0,59.0,55.0,0.095158272,0.095158272,0.81015625,0.758954326923077,success,sinkhorn,0.001,100000
1D-gaussian-6c-128p,128,128,0.0110301504361766,100000,0.0533904299095594,,seconds,3.1147713661193848,3.0361810959875584,megabytes,88270.0,88270.0,57.0,51.13333333333333,0.095260672,0.095260672,0.79609375,0.7565625,success,sinkhorn,0.001,100000
1D-gaussian-6c-128p,128,128,0.0133924371471953,100000,6.475064935025742e-05,,seconds,3.104710102081299,3.0579655058681965,megabytes,88270.0,88270.0,58.0,51.91666666666666,0.095064064,0.095064064,0.8078125,0.769140625,success,sinkhorn,0.001,100000
1D-gaussian-6c-128p,128,128,0.0069378057839377,100000,0.0741797672120379,,seconds,3.1664092540740967,3.099618978798389,megabytes,88270.0,88270.0,56.0,51.8,0.095309824,0.095309824,0.81328125,0.7651562500000002,success,sinkhorn,0.001,100000
1D-gaussian-6c-128p,128,128,0.0092612432916907,100000,0.0328245827890803,,seconds,3.2129101753234863,3.0670241713523865,megabytes,88270.0,88270.0,58.0,53.53846153846154,0.095121408,0.095121408,0.79609375,0.7339543269230769,success,sinkhorn,0.001,100000
1D-gaussian-6c-128p,128,128,0.010062123289134,100000,0.049567447982037,,seconds,3.147813558578491,3.116730246692896,megabytes,88270.0,88270.0,56.0,52.13333333333333,0.095383552,0.095383552,0.8125,0.7682291666666666,success,sinkhorn,0.001,100000
1D-gaussian-6c-128p,128,128,0.0228231734149207,100000,0.069390040392966,,seconds,3.2682440280914307,3.084217993542552,megabytes,88270.0,88270.0,58.0,52.13333333333333,0.096124928,0.096124928,0.80546875,0.7226041666666666,success,sinkhorn,0.001,100000
1D-gaussian-6c-128p,128,128,0.0197260323851081,100000,0.0346310427587188,,seconds,3.102861166000366,3.10573991201818,megabytes,88270.0,88270.0,58.0,49.142857142857146,0.0953344,0.0953344,0.81015625,0.7864397321428571,success,sinkhorn,0.001,100000
1D-gaussian-6c-128p,128,128,0.0080189691129973,100000,0.0761789638440104,,seconds,3.124630212783813,3.000660467892885,megabytes,88270.0,88270.0,58.0,54.66666666666666,0.100204544,0.100204544,0.8125,0.7558333333333334,success,sinkhorn,0.001,100000
1D-gaussian-6c-256p,256,256,0.0133924141859132,100000,5.0776068636536446e-05,,seconds,3.693989992141724,3.473759971559048,megabytes,88270.0,88270.0,56.0,48.3125,0.09611264,0.09611264,0.809375,0.755712890625,success,sinkhorn,0.001,100000
1D-gaussian-6c-256p,256,256,0.0106783517621247,100000,0.0705420112740856,,seconds,3.661041259765625,3.644603190943599,megabytes,88270.0,88270.0,51.0,43.94117647058823,0.176308224,0.176308224,0.81015625,0.7733455882352941,success,sinkhorn,0.001,100000
1D-gaussian-6c-256p,256,256,0.0214261146914116,100000,0.0012885905494501,,seconds,3.383965492248535,3.287587994709611,megabytes,88270.0,88270.0,55.0,52.5625,0.100806656,0.100806656,0.809375,0.76220703125,success,sinkhorn,0.001,100000
1D-gaussian-6c-256p,256,256,0.0110312037057674,100000,0.0378768533174939,,seconds,3.8270132541656494,3.6355860643088818,megabytes,88270.0,88270.0,51.0,45.833333333333336,0.17672192,0.17672192,0.80859375,0.7341145833333333,success,sinkhorn,0.001,100000
1D-gaussian-6c-256p,256,256,0.0107743161391401,100000,0.0244368368120617,,seconds,3.6509158611297607,3.581793323159218,megabytes,88270.0,88270.0,51.0,44.8235294117647,0.176406528,0.176406528,0.8046875,0.75390625,success,sinkhorn,0.001,100000
1D-gaussian-6c-256p,256,256,0.0255229657113581,100000,0.0374460225723484,,seconds,3.455165147781372,3.3363619707524776,megabytes,88270.0,88270.0,55.0,48.9375,0.100769792,0.100769792,0.81640625,0.76396484375,success,sinkhorn,0.001,100000
1D-gaussian-6c-256p,256,256,0.0216401536453516,100000,0.0044016334728833,,seconds,3.8053853511810303,3.628243478015065,megabytes,88270.0,88270.0,51.0,45.55555555555556,0.1765376,0.1765376,0.8125,0.7318576388888888,success,sinkhorn,0.001,100000
1D-gaussian-6c-256p,256,256,0.0102007328634883,100000,0.0379439793047535,,seconds,3.780039548873901,3.62969833612442,megabytes,88270.0,88270.0,51.0,47.61111111111112,0.176377856,0.176377856,0.815625,0.7481770833333335,success,sinkhorn,0.001,100000
1D-gaussian-6c-256p,256,256,0.0208535623959636,100000,0.0509213173187776,,seconds,3.780378818511963,3.6155378110706806,megabytes,88270.0,88270.0,51.0,45.44444444444444,0.176422912,0.176422912,0.8078125,0.7355034722222222,success,sinkhorn,0.001,100000
1D-gaussian-6c-256p,256,256,0.010797733005738,100000,0.0829755204656354,,seconds,3.663344383239746,3.551448425278068,megabytes,88270.0,88270.0,52.0,48.11764705882353,0.176156672,0.176156672,0.80703125,0.7519301470588237,success,sinkhorn,0.001,100000
1D-gaussian-6c-256p,256,256,0.0103066311019149,100000,0.0457472074464259,,seconds,3.5894582271575928,3.5518755819648504,megabytes,88270.0,88270.0,52.0,46.94117647058823,0.176205824,0.176205824,0.81328125,0.7784007352941176,success,sinkhorn,0.001,100000
1D-gaussian-6c-256p,256,256,0.0082671821378723,100000,0.0353376256393535,,seconds,3.765905380249024,3.572993598878384,megabytes,88270.0,88270.0,51.0,45.294117647058826,0.176504832,0.176504832,0.8078125,0.734466911764706,success,sinkhorn,0.001,100000
1D-gaussian-6c-256p,256,256,0.023787841098162,100000,0.0001359688644708,,seconds,3.6736984252929688,3.531715353950858,megabytes,88270.0,88270.0,52.0,49.41176470588236,0.176242688,0.176242688,0.815625,0.7484375,success,sinkhorn,0.001,100000
1D-gaussian-6c-256p,256,256,0.0069760189656667,100000,0.0524164113339724,,seconds,3.649709939956665,3.634291788563132,megabytes,88270.0,88270.0,51.0,46.294117647058826,0.17614848,0.17614848,0.81015625,0.7794117647058824,success,sinkhorn,0.001,100000
1D-gaussian-6c-256p,256,256,0.0225295829213965,100000,0.0297599481145817,,seconds,3.623008728027344,3.4168291725218296,megabytes,88270.0,88270.0,57.0,50.3125,0.095936512,0.095936512,0.81328125,0.754345703125,success,sinkhorn,0.001,100000
1D-gaussian-6c-256p,256,256,0.0105047967789124,100000,0.0169764651405566,,seconds,3.41146183013916,3.260708626359701,megabytes,88270.0,88270.0,57.0,51.85714285714285,0.095870976,0.095870976,0.8078125,0.7431919642857144,success,sinkhorn,0.001,100000
1D-gaussian-6c-256p,256,256,0.0182848899562986,100000,0.0604811430730369,,seconds,3.3912510871887207,3.232681782916188,megabytes,88270.0,88270.0,56.0,51.625,0.100806656,0.100806656,0.8359375,0.7581542968749999,success,sinkhorn,0.001,100000
1D-gaussian-6c-256p,256,256,0.0098156230322612,100000,0.0353690758085418,,seconds,3.684351921081543,3.5474213995039463,megabytes,88270.0,88270.0,52.0,46.8235294117647,0.176340992,0.176340992,0.81015625,0.7448069852941177,success,sinkhorn,0.001,100000
1D-gaussian-6c-256p,256,256,0.0197830789704397,100000,0.0240654868036818,,seconds,3.656780958175659,3.465257218107581,megabytes,88270.0,88270.0,57.0,49.47058823529412,0.176705536,0.176705536,0.80703125,0.7302389705882354,success,sinkhorn,0.001,100000
1D-gaussian-6c-256p,256,256,0.0214394918201447,100000,0.0362983514238028,,seconds,3.650575876235962,3.570134462788701,megabytes,88270.0,88270.0,52.0,48.35294117647059,0.176316416,0.176316416,0.79921875,0.7524356617647058,success,sinkhorn,0.001,100000
1D-gaussian-6c-256p,256,256,0.0048658979125216,100000,0.0365297284446673,,seconds,3.61420202255249,3.502620592713356,megabytes,88270.0,88270.0,53.0,49.41176470588236,0.17639424,0.17639424,0.81015625,0.7565716911764706,success,sinkhorn,0.001,100000
1D-gaussian-6c-256p,256,256,0.0109241267080114,100000,0.020561169555009,,seconds,3.581920623779297,3.4003464337438345,megabytes,88270.0,88270.0,56.0,47.25,0.096223232,0.096223232,0.80390625,0.7528808593749999,success,sinkhorn,0.001,100000
1D-gaussian-6c-256p,256,256,0.0072045636390721,100000,0.0007817076197154,,seconds,3.682749509811402,3.425596211105585,megabytes,88270.0,88270.0,57.0,49.625,0.096280576,0.096280576,0.80859375,0.7386718750000001,success,sinkhorn,0.001,100000
1D-gaussian-6c-256p,256,256,0.011915608805722,100000,0.0212365033888262,,seconds,3.663886785507202,3.486326690763235,megabytes,88270.0,88270.0,53.0,46.76470588235294,0.176472064,0.176472064,0.8078125,0.7319852941176471,success,sinkhorn,0.001,100000
1D-gaussian-6c-256p,256,256,0.0066712347746805,100000,0.0356663408482022,,seconds,3.38089919090271,3.3199978601187468,megabytes,88270.0,88270.0,57.0,51.0,0.0961536,0.0961536,0.81171875,0.7607700892857142,success,sinkhorn,0.001,100000
1D-gaussian-6c-256p,256,256,0.0114920619879145,100000,0.050236255913881,,seconds,3.616830348968506,3.5329060684889555,megabytes,88270.0,88270.0,52.0,47.70588235294117,0.176545792,0.176545792,0.815625,0.76171875,success,sinkhorn,0.001,100000
1D-gaussian-6c-256p,256,256,0.0079783265203516,100000,0.0541865399030338,,seconds,3.6656432151794434,3.4968725852668285,megabytes,88270.0,88270.0,53.0,46.52941176470589,0.176627712,0.176627712,0.81015625,0.7379595588235294,success,sinkhorn,0.001,100000
1D-gaussian-6c-256p,256,256,0.0244829571465858,100000,0.0075391170948827,,seconds,3.274186372756958,3.2119488157331944,megabytes,88270.0,88270.0,58.0,50.73333333333333,0.100933632,0.100933632,0.809375,0.7683333333333332,success,sinkhorn,0.001,100000
1D-gaussian-6c-256p,256,256,0.0090702702158057,100000,0.0238232360554409,,seconds,3.571328401565552,3.4470265433192253,megabytes,88270.0,88270.0,57.0,49.875,0.096288768,0.096288768,0.8140625,0.7630859375,success,sinkhorn,0.001,100000
1D-gaussian-6c-256p,256,256,0.0133979685023577,100000,0.051538852841025,,seconds,3.6908059120178223,3.593517145141959,megabytes,88270.0,88270.0,51.0,45.05882352941177,0.176431104,0.176431104,0.81015625,0.7628216911764707,success,sinkhorn,0.001,100000
1D-gaussian-6c-512p,512,512,0.0106734299674375,100000,0.0498750720558601,,seconds,3.8767497539520255,3.8568039927631617,megabytes,88270.0,88270.0,59.0,53.94444444444444,0.178622464,0.178622464,0.80859375,0.7762586805555555,success,sinkhorn,0.001,100000
1D-gaussian-6c-512p,512,512,0.0072042937005525,100000,0.0005425509460075,,seconds,3.6904876232147217,3.6757994685322046,megabytes,88270.0,88270.0,61.0,57.1764705882353,0.178515968,0.178515968,0.8078125,0.7758272058823529,success,sinkhorn,0.001,100000
1D-gaussian-6c-512p,512,512,0.0082894095921774,100000,0.0252845520533518,,seconds,3.827016115188599,3.771639401093125,megabytes,88270.0,88270.0,60.0,55.61111111111112,0.18315264,0.18315264,0.81015625,0.7647569444444446,success,sinkhorn,0.001,100000
1D-gaussian-6c-512p,512,512,0.0183265043001853,100000,0.0427551791081532,,seconds,4.013785123825073,3.85064946115017,megabytes,88270.0,88270.0,58.0,53.8421052631579,0.178757632,0.178757632,0.81015625,0.7407894736842106,success,sinkhorn,0.001,100000
1D-gaussian-6c-512p,512,512,0.0091195312660678,100000,0.0169591118458544,,seconds,4.046059846878052,3.856430871412158,megabytes,88270.0,88270.0,59.0,53.78947368421053,0.179130368,0.179130368,0.8109375,0.7402960526315789,success,sinkhorn,0.001,100000
1D-gaussian-6c-512p,512,512,0.0066770940875715,100000,0.0253333921108525,,seconds,4.000266790390015,3.8188674859702583,megabytes,88270.0,88270.0,59.0,52.36842105263158,0.1787904,0.1787904,0.80859375,0.7352796052631578,success,sinkhorn,0.001,100000
1D-gaussian-6c-512p,512,512,0.0048823824301237,100000,0.0259831660266634,,seconds,3.889983892440796,3.768323363736272,megabytes,88270.0,88270.0,60.0,56.05555555555556,0.183189504,0.183189504,0.8109375,0.7532552083333333,success,sinkhorn,0.001,100000
1D-gaussian-6c-512p,512,512,0.0253987480260993,100000,0.026515580467232,,seconds,3.9427857398986816,3.8435943499207497,megabytes,88270.0,88270.0,59.0,52.333333333333336,0.17862656,0.17862656,0.80546875,0.7501736111111111,success,sinkhorn,0.001,100000
1D-gaussian-6c-512p,512,512,0.0079875407668746,100000,0.0383472381074732,,seconds,4.096404790878296,3.822172202169895,megabytes,88270.0,88270.0,60.0,56.0625,0.103174144,0.103174144,0.8078125,0.740869140625,success,sinkhorn,0.001,100000
1D-gaussian-6c-512p,512,512,0.021132135389687,100000,0.0357922537391184,,seconds,4.066365957260132,3.851635221391916,megabytes,88270.0,88270.0,59.0,53.4375,0.103051264,0.103051264,0.79765625,0.7464355468749999,success,sinkhorn,0.001,100000
1D-gaussian-6c-512p,512,512,0.0197537948662443,100000,0.0169994019564665,,seconds,3.9914708137512207,3.8540283981710672,megabytes,88270.0,88270.0,59.0,53.31578947368421,0.17870848,0.17870848,0.81015625,0.7500822368421055,success,sinkhorn,0.001,100000
1D-gaussian-6c-512p,512,512,0.0244884896790474,100000,0.0053470501797087,,seconds,4.017230749130249,3.86339395865798,megabytes,88270.0,88270.0,59.0,55.73684210526316,0.178716672,0.178716672,0.81171875,0.7449835526315789,success,sinkhorn,0.001,100000
1D-gaussian-6c-512p,512,512,0.0109238385332361,100000,0.0144493519043868,,seconds,4.064255475997925,3.86997571028769,megabytes,88270.0,88270.0,59.0,54.68421052631579,0.179089408,0.179089408,0.8125,0.7383634868421053,success,sinkhorn,0.001,100000
1D-gaussian-6c-512p,512,512,0.010318563540511,100000,0.0323521159742652,,seconds,3.985873460769653,3.8263524174690247,megabytes,88270.0,88270.0,59.0,55.8235294117647,0.178569216,0.178569216,0.8046875,0.7333639705882353,success,sinkhorn,0.001,100000
1D-gaussian-6c-512p,512,512,0.0213994590387142,100000,0.0011975271293632,,seconds,3.8799691200256343,3.723488800227642,megabytes,88270.0,88270.0,61.0,54.388888888888886,0.183291904,0.183291904,0.81171875,0.7432291666666667,success,sinkhorn,0.001,100000
1D-gaussian-6c-512p,512,512,0.0225127666970795,100000,0.0213030976977125,,seconds,4.132728099822998,3.823832895606756,megabytes,88270.0,88270.0,60.0,52.375,0.103510016,0.103510016,0.7921875,0.7306640625,success,sinkhorn,0.001,100000
1D-gaussian-6c-512p,512,512,0.0213794557680167,100000,0.0256174788840916,,seconds,3.8929829597473145,3.7885300274938345,megabytes,88270.0,88270.0,59.0,54.61111111111112,0.178593792,0.178593792,0.81875,0.7595920138888889,success,sinkhorn,0.001,100000
1D-gaussian-6c-512p,512,512,0.0115028593847015,100000,0.035477112311202,,seconds,3.8112542629241934,3.804028503596783,megabytes,88270.0,88270.0,60.0,54.05555555555556,0.178683904,0.178683904,0.81171875,0.7794270833333333,success,sinkhorn,0.001,100000
1D-gaussian-6c-512p,512,512,0.0118931565815995,100000,0.0149064485423702,,seconds,3.9063241481781006,3.78750485740602,megabytes,88270.0,88270.0,60.0,57.05555555555556,0.178630656,0.178630656,0.80546875,0.7534288194444445,success,sinkhorn,0.001,100000
1D-gaussian-6c-512p,512,512,0.0105266298724418,100000,0.0124336714576481,,seconds,3.8181169033050537,3.794603917747736,megabytes,88270.0,88270.0,60.0,55.61111111111112,0.178651136,0.178651136,0.81328125,0.7835069444444442,success,sinkhorn,0.001,100000
1D-gaussian-6c-512p,512,512,0.0216117682646476,100000,0.0031466878025634,,seconds,3.986906051635742,3.792570808902383,megabytes,88270.0,88270.0,59.0,54.94736842105263,0.179142656,0.179142656,0.81328125,0.73515625,success,sinkhorn,0.001,100000
1D-gaussian-6c-512p,512,512,0.0070224889372164,100000,0.0370403002117095,,seconds,3.810908079147339,3.7999751269817352,megabytes,88270.0,88270.0,60.0,57.5,0.178630656,0.178630656,0.81328125,0.7831597222222222,success,sinkhorn,0.001,100000
1D-gaussian-6c-512p,512,512,0.0107964673715674,100000,0.058717015611115,,seconds,3.791702270507813,3.727438064292073,megabytes,88270.0,88270.0,60.0,55.55555555555556,0.183296,0.183296,0.8125,0.7692274305555555,success,sinkhorn,0.001,100000
1D-gaussian-6c-512p,512,512,0.0102106178322012,100000,0.0266889410827074,,seconds,3.84979248046875,3.82323663122952,megabytes,88270.0,88270.0,60.0,54.47058823529412,0.1784832,0.1784832,0.8109375,0.7674172794117645,success,sinkhorn,0.001,100000
1D-gaussian-6c-512p,512,512,0.0098637236232849,100000,0.0250321561374108,,seconds,3.816096544265747,3.8020762130618095,megabytes,88270.0,88270.0,59.0,56.0,0.178597888,0.178597888,0.8109375,0.7784722222222222,success,sinkhorn,0.001,100000
1D-gaussian-6c-512p,512,512,0.0237889454293268,100000,9.587639302540857e-05,,seconds,3.87703800201416,3.799436699599028,megabytes,88270.0,88270.0,60.0,55.77777777777778,0.17870848,0.17870848,0.8140625,0.7638020833333332,success,sinkhorn,0.001,100000
1D-gaussian-6c-512p,512,512,0.0133926111192142,100000,3.496126517506125e-05,,seconds,3.8282766342163086,3.726643210276961,megabytes,88270.0,88270.0,60.0,57.44444444444444,0.182849536,0.182849536,0.8140625,0.7532118055555554,success,sinkhorn,0.001,100000
1D-gaussian-6c-512p,512,512,0.013420719037525,100000,0.0364307988767987,,seconds,3.9339828491210938,3.789719920605421,megabytes,88270.0,88270.0,60.0,56.11111111111112,0.178159616,0.178159616,0.81328125,0.7435329861111112,success,sinkhorn,0.001,100000
1D-gaussian-6c-512p,512,512,0.0108105897328766,100000,0.0272815896501984,,seconds,3.8458287715911865,3.760257611051202,megabytes,88270.0,88270.0,60.0,56.22222222222222,0.178163712,0.178163712,0.8109375,0.7605034722222221,success,sinkhorn,0.001,100000
1D-gaussian-6c-512p,512,512,0.0107755456431309,100000,0.0173749298843592,,seconds,3.900038957595825,3.809011438861489,megabytes,88270.0,88270.0,60.0,56.61111111111112,0.178204672,0.178204672,0.80859375,0.7591145833333334,success,sinkhorn,0.001,100000
1D-gaussian-6c-1024p,1024,1024,0.0214044196664777,100000,0.0008321227954779,,seconds,4.030339241027832,3.868150589987636,megabytes,88270.0,88270.0,59.0,53.578947368421055,0.177020928,0.177020928,0.8125,0.7521792763157894,success,sinkhorn,0.001,100000
1D-gaussian-6c-1024p,1024,1024,0.0253921312377706,100000,0.0187777558407669,,seconds,3.9175002574920654,3.83579583093524,megabytes,88270.0,88270.0,59.0,52.94444444444444,0.176779264,0.176779264,0.80625,0.763324652777778,success,sinkhorn,0.001,100000
1D-gaussian-6c-1024p,1024,1024,0.0118962646516762,100000,0.0105720291788831,,seconds,4.021348476409912,3.8478783909231424,megabytes,88270.0,88270.0,59.0,55.1578947368421,0.17690624,0.17690624,0.81171875,0.7424753289473682,success,sinkhorn,0.001,100000
1D-gaussian-6c-1024p,1024,1024,0.0070360480104388,100000,0.0261903004760951,,seconds,3.867058753967285,3.864201702177525,megabytes,88270.0,88270.0,59.0,53.0,0.176828416,0.176828416,0.81171875,0.7856336805555554,success,sinkhorn,0.001,100000
1D-gaussian-6c-1024p,1024,1024,0.0082810094486199,100000,0.0178500052294268,,seconds,3.816444396972656,3.8091921154409647,megabytes,88270.0,88270.0,59.0,57.16666666666666,0.18149376,0.18149376,0.81015625,0.776171875,success,sinkhorn,0.001,100000
1D-gaussian-6c-1024p,1024,1024,0.0103218450264823,100000,0.0228781700741561,,seconds,4.074300289154053,3.868415702134371,megabytes,88270.0,88270.0,59.0,54.76470588235294,0.17670144,0.17670144,0.8125,0.7437959558823528,success,sinkhorn,0.001,100000
1D-gaussian-6c-1024p,1024,1024,0.0107629626316174,100000,0.019268316214468,,seconds,4.054688215255737,3.9023404736071834,megabytes,88270.0,88270.0,58.0,52.0,0.096489472,0.096489472,0.81171875,0.760791015625,success,sinkhorn,0.001,100000
1D-gaussian-6c-1024p,1024,1024,0.0115042436253558,100000,0.0250843018641964,,seconds,4.050031423568726,3.9256677236408,megabytes,88270.0,88270.0,58.0,54.42105263157895,0.176795648,0.176795648,0.8140625,0.7513980263157894,success,sinkhorn,0.001,100000
1D-gaussian-6c-1024p,1024,1024,0.0106581946672866,100000,0.0352846242503012,,seconds,4.100399255752564,3.940253280103207,megabytes,88270.0,88270.0,58.0,52.47368421052632,0.176914432,0.176914432,0.8109375,0.7396792763157894,success,sinkhorn,0.001,100000
1D-gaussian-6c-1024p,1024,1024,0.0079882468698179,100000,0.0271186737126668,,seconds,4.112087965011597,3.915526021271944,megabytes,88270.0,88270.0,58.0,53.36842105263158,0.177115136,0.177115136,0.8125,0.7350328947368422,success,sinkhorn,0.001,100000
1D-gaussian-6c-1024p,1024,1024,0.0066772106037434,100000,0.0178842339263759,,seconds,4.0657689571380615,3.905088275671005,megabytes,88270.0,88270.0,58.0,54.61111111111112,0.176840704,0.176840704,0.8109375,0.7489583333333332,success,sinkhorn,0.001,100000
1D-gaussian-6c-1024p,1024,1024,0.0212279010010881,100000,0.0253440065379938,,seconds,4.070976257324219,3.9216166883707047,megabytes,88270.0,88270.0,58.0,52.89473684210526,0.17688576,0.17688576,0.81328125,0.7500822368421053,success,sinkhorn,0.001,100000
1D-gaussian-6c-1024p,1024,1024,0.0048100418389187,100000,0.0183707955327441,,seconds,3.882400751113892,3.821389902383089,megabytes,88270.0,88270.0,59.0,55.0,0.181551104,0.181551104,0.809375,0.7623697916666666,success,sinkhorn,0.001,100000
1D-gaussian-6c-1024p,1024,1024,0.0183141839719253,100000,0.0302017539646021,,seconds,4.019333124160767,3.928316673263907,megabytes,88270.0,88270.0,58.0,53.0,0.176828416,0.176828416,0.8109375,0.7643503289473683,success,sinkhorn,0.001,100000
1D-gaussian-6c-1024p,1024,1024,0.0107763213768071,100000,0.012292375592576,,seconds,3.990734577178955,3.8380978908389807,megabytes,88270.0,88270.0,59.0,55.21052631578947,0.181501952,0.181501952,0.8125,0.7492598684210525,success,sinkhorn,0.001,100000
1D-gaussian-6c-1024p,1024,1024,0.0091071272819674,100000,0.0120023399616214,,seconds,4.0877110958099365,3.91574720479548,megabytes,88270.0,88270.0,58.0,53.89473684210526,0.176861184,0.176861184,0.8109375,0.7432565789473685,success,sinkhorn,0.001,100000
1D-gaussian-6c-1024p,1024,1024,0.0133927615640627,100000,2.426488927812893e-05,,seconds,3.982839107513428,3.8435869198292494,megabytes,88270.0,88270.0,59.0,52.8421052631579,0.181510144,0.181510144,0.8109375,0.7547697368421052,success,sinkhorn,0.001,100000
1D-gaussian-6c-1024p,1024,1024,0.0134217968128541,100000,0.0257415716677715,,seconds,4.0754454135894775,3.931076852604747,megabytes,88270.0,88270.0,58.0,54.31578947368421,0.17688576,0.17688576,0.8109375,0.7538240131578946,success,sinkhorn,0.001,100000
1D-gaussian-6c-1024p,1024,1024,0.0197678951765145,100000,0.0120472128737479,,seconds,4.043056488037109,3.938840029761195,megabytes,88270.0,88270.0,58.0,52.526315789473685,0.176922624,0.176922624,0.8078125,0.7559621710526316,success,sinkhorn,0.001,100000
1D-gaussian-6c-1024p,1024,1024,0.0213830628375731,100000,0.0181371934238317,,seconds,4.054785966873169,3.933252511546016,megabytes,88270.0,88270.0,58.0,54.42105263157895,0.176939008,0.176939008,0.80625,0.7460526315789473,success,sinkhorn,0.001,100000
1D-gaussian-6c-1024p,1024,1024,0.0072041719229504,100000,0.0003812805761034,,seconds,4.019375562667847,3.833158439025283,megabytes,88270.0,88270.0,59.0,53.8421052631579,0.181886976,0.181886976,0.8125,0.7431332236842105,success,sinkhorn,0.001,100000
1D-gaussian-6c-1024p,1024,1024,0.0237888178134357,100000,6.874822044662772e-05,,seconds,3.9410552978515625,3.9240002669394016,megabytes,88270.0,88270.0,58.0,50.8235294117647,0.17655808,0.17655808,0.81015625,0.7783547794117648,success,sinkhorn,0.001,100000
1D-gaussian-6c-1024p,1024,1024,0.0225084374037527,100000,0.0150794542663322,,seconds,4.097026586532593,3.921358300372958,megabytes,88270.0,88270.0,58.0,54.94736842105263,0.176877568,0.176877568,0.80390625,0.7368421052631579,success,sinkhorn,0.001,100000
1D-gaussian-6c-1024p,1024,1024,0.0244888665643845,100000,0.0037880419779917,,seconds,3.936537742614746,3.844543244689703,megabytes,88270.0,88270.0,59.0,53.27777777777778,0.176566272,0.176566272,0.81328125,0.7615885416666666,success,sinkhorn,0.001,100000
1D-gaussian-6c-1024p,1024,1024,0.010797299851697,100000,0.0415002973552222,,seconds,3.894247531890869,3.882163701578975,megabytes,88270.0,88270.0,59.0,56.1875,0.10139648,0.10139648,0.80390625,0.7761718750000001,success,sinkhorn,0.001,100000
1D-gaussian-6c-1024p,1024,1024,0.0216165841294135,100000,0.0022293435256539,,seconds,3.9268550872802734,3.837682493031025,megabytes,88270.0,88270.0,59.0,54.888888888888886,0.181428224,0.181428224,0.81328125,0.7683593749999998,success,sinkhorn,0.001,100000
1D-gaussian-6c-1024p,1024,1024,0.0098759930347816,100000,0.0177159586729448,,seconds,4.121023178100586,3.9374688174575567,megabytes,88270.0,88270.0,58.0,55.1578947368421,0.176873472,0.176873472,0.8078125,0.7381578947368421,success,sinkhorn,0.001,100000
1D-gaussian-6c-1024p,1024,1024,0.0105021953168018,100000,0.0087145664217375,,seconds,3.9242193698883057,3.919528597965837,megabytes,88270.0,88270.0,58.0,54.88235294117647,0.176631808,0.176631808,0.81015625,0.7779871323529411,success,sinkhorn,0.001,100000
1D-gaussian-6c-1024p,1024,1024,0.0102095277517449,100000,0.0188822212269911,,seconds,4.118568420410156,3.943984368816018,megabytes,88270.0,88270.0,57.0,54.9375,0.096387072,0.096387072,0.80859375,0.7560058593750001,success,sinkhorn,0.001,100000
1D-gaussian-6c-1024p,1024,1024,0.0109241120372524,100000,0.0102255744363434,,seconds,4.019518613815308,3.911374185234308,megabytes,88270.0,88270.0,58.0,53.31578947368421,0.176693248,0.176693248,0.81015625,0.7596217105263158,success,sinkhorn,0.001,100000
1D-gaussian-6c-2048p,2048,2048,0.010924283583907,100000,0.0072320083556987,,seconds,4.891698360443115,4.8172064404934645,megabytes,88270.0,88270.0,70.0,66.63636363636364,0.177082368,0.177082368,0.81796875,0.7643821022727273,success,sinkhorn,0.001,100000
1D-gaussian-6c-2048p,2048,2048,0.0213804506243453,100000,0.0128204330409518,,seconds,5.278552770614624,5.0836744252592325,megabytes,88270.0,88270.0,67.0,62.95238095238095,0.17727488,0.17727488,0.80546875,0.7445312499999999,success,sinkhorn,0.001,100000
1D-gaussian-6c-2048p,2048,2048,0.0106606921225497,100000,0.0249520814052452,,seconds,4.849795818328857,4.807315265759826,megabytes,88270.0,88270.0,71.0,68.52173913043478,0.181743616,0.181743616,0.81875,0.7720448369565216,success,sinkhorn,0.001,100000
1D-gaussian-6c-2048p,2048,2048,0.0237888074701112,100000,4.861425899109651e-05,,seconds,5.289480686187744,5.184291277080774,megabytes,88270.0,88270.0,65.0,61.84,0.177065984,0.177065984,0.80546875,0.7620312499999998,success,sinkhorn,0.001,100000
1D-gaussian-6c-2048p,2048,2048,0.0098710611813286,100000,0.0125263609372776,,seconds,4.918376445770264,4.835969679057598,megabytes,88270.0,88270.0,70.0,67.17391304347827,0.177037312,0.177037312,0.8015625,0.7583220108695652,success,sinkhorn,0.001,100000
1D-gaussian-6c-2048p,2048,2048,0.0070401695738198,100000,0.0185194663257501,,seconds,5.084683179855347,5.024475863203406,megabytes,88270.0,88270.0,67.0,61.75,0.17721344,0.17721344,0.8078125,0.7719075520833334,success,sinkhorn,0.001,100000
1D-gaussian-6c-2048p,2048,2048,0.0244885508763154,100000,0.0026776850124948,,seconds,5.000879049301148,4.924050370231271,megabytes,88270.0,88270.0,70.0,64.14285714285714,0.176939008,0.176939008,0.80859375,0.7649925595238096,success,sinkhorn,0.001,100000
1D-gaussian-6c-2048p,2048,2048,0.0107567894217896,100000,0.013627843890072,,seconds,5.295628547668457,5.130169166252017,megabytes,88270.0,88270.0,66.0,63.16,0.177332224,0.177332224,0.8078125,0.75746875,success,sinkhorn,0.001,100000
1D-gaussian-6c-2048p,2048,2048,0.0197715040517644,100000,0.0085249546431611,,seconds,5.346301555633545,5.262439360842109,megabytes,88270.0,88270.0,65.0,61.12,0.181751808,0.181751808,0.80546875,0.7751250000000001,success,sinkhorn,0.001,100000
1D-gaussian-6c-2048p,2048,2048,0.0091099367484509,100000,0.0084899782003557,,seconds,5.232152462005615,5.094950471073389,megabytes,88270.0,88270.0,66.0,65.375,0.177045504,0.177045504,0.809375,0.7561523437499998,success,sinkhorn,0.001,100000
1D-gaussian-6c-2048p,2048,2048,0.0072042025923897,100000,0.0002699449691188,,seconds,4.991137742996216,4.837752008810639,megabytes,88270.0,88270.0,70.0,64.1304347826087,0.181776384,0.181776384,0.81875,0.7597826086956521,success,sinkhorn,0.001,100000
1D-gaussian-6c-2048p,2048,2048,0.0115057050461028,100000,0.0177378489163455,,seconds,5.40864109992981,5.288673829287291,megabytes,88270.0,88270.0,65.0,60.86363636363637,0.181727232,0.181727232,0.8,0.758771306818182,success,sinkhorn,0.001,100000
1D-gaussian-6c-2048p,2048,2048,0.0134233477271845,100000,0.0182019807566677,,seconds,4.994964838027954,4.935299426317215,megabytes,88270.0,88270.0,70.0,63.71428571428572,0.177156096,0.177156096,0.803125,0.7670386904761906,success,sinkhorn,0.001,100000
1D-gaussian-6c-2048p,2048,2048,0.0253946908841297,100000,0.0132723646507345,,seconds,5.108144998550415,5.062400931492448,megabytes,88270.0,88270.0,66.0,61.625,0.17733632,0.17733632,0.8109375,0.76943359375,success,sinkhorn,0.001,100000
1D-gaussian-6c-2048p,2048,2048,0.0066771003107787,100000,0.0126493958335167,,seconds,5.39212703704834,5.201212391257286,megabytes,88270.0,88270.0,66.0,61.04166666666666,0.17774592,0.17774592,0.809375,0.7476888020833333,success,sinkhorn,0.001,100000
1D-gaussian-6c-2048p,2048,2048,0.0102046675604049,100000,0.0133554444030396,,seconds,5.123885154724121,5.118546430021524,megabytes,88270.0,88270.0,66.0,60.958333333333336,0.177324032,0.177324032,0.80625,0.7820638020833331,success,sinkhorn,0.001,100000
1D-gaussian-6c-2048p,2048,2048,0.0133928903796929,100000,1.690904076044079e-05,,seconds,4.895123243331909,4.805695854127407,megabytes,88270.0,88270.0,70.0,67.8695652173913,0.177283072,0.177283072,0.80625,0.762296195652174,success,sinkhorn,0.001,100000
1D-gaussian-6c-2048p,2048,2048,0.0183170289319327,100000,0.0213624008729364,,seconds,5.20701789855957,5.15064481832087,megabytes,88270.0,88270.0,65.0,61.125,0.181850112,0.181850112,0.83515625,0.7746419270833335,success,sinkhorn,0.001,100000
1D-gaussian-6c-2048p,2048,2048,0.0103202451330429,100000,0.0161751675519776,,seconds,5.105301380157471,5.076664425432682,megabytes,88270.0,88270.0,67.0,64.95833333333333,0.181981184,0.181981184,0.8171875,0.7688151041666665,success,sinkhorn,0.001,100000
1D-gaussian-6c-2048p,2048,2048,0.0048166177524042,100000,0.0129916154666714,,seconds,5.331359386444092,5.229296136647463,megabytes,88270.0,88270.0,66.0,60.16666666666666,0.177528832,0.177528832,0.8171875,0.7650716145833331,success,sinkhorn,0.001,100000
1D-gaussian-6c-2048p,2048,2048,0.0082760007002088,100000,0.0126172343819439,,seconds,5.01395320892334,4.858123926445842,megabytes,88270.0,88270.0,71.0,67.4090909090909,0.177360896,0.177360896,0.80390625,0.750958806818182,success,sinkhorn,0.001,100000
1D-gaussian-6c-2048p,2048,2048,0.0211882795562037,100000,0.0179136406302344,,seconds,5.093581438064575,5.036625441163778,megabytes,88270.0,88270.0,67.0,63.72727272727273,0.17731584,0.17731584,0.80234375,0.768252840909091,success,sinkhorn,0.001,100000
1D-gaussian-6c-2048p,2048,2048,0.010775752619975,100000,0.0086890647637832,,seconds,5.091723918914795,5.055755982175469,megabytes,88270.0,88270.0,67.0,64.75,0.177410048,0.177410048,0.80859375,0.7733072916666667,success,sinkhorn,0.001,100000
1D-gaussian-6c-2048p,2048,2048,0.0216169638008653,100000,0.0015784986671932,,seconds,5.136301040649414,5.054193589836359,megabytes,88270.0,88270.0,67.0,62.04166666666666,0.177340416,0.177340416,0.81484375,0.7574544270833333,success,sinkhorn,0.001,100000
1D-gaussian-6c-2048p,2048,2048,0.0079871163014379,100000,0.0191705472340328,,seconds,5.034781217575073,4.871956625953317,megabytes,88270.0,88270.0,71.0,65.18181818181819,0.182038528,0.182038528,0.8125,0.7476562499999999,success,sinkhorn,0.001,100000
1D-gaussian-6c-2048p,2048,2048,0.0105056408933826,100000,0.0061706923957814,,seconds,4.900023698806763,4.8453600239008665,megabytes,88270.0,88270.0,69.0,66.30434782608695,0.1773568,0.1773568,0.81796875,0.7753736413043477,success,sinkhorn,0.001,100000
1D-gaussian-6c-2048p,2048,2048,0.0225101392621265,100000,0.0106552763029124,,seconds,4.985430955886841,4.801205642521381,megabytes,88270.0,88270.0,71.0,66.26086956521739,0.177762304,0.177762304,0.80859375,0.7425611413043479,success,sinkhorn,0.001,100000
1D-gaussian-6c-2048p,2048,2048,0.0118965596793133,100000,0.0074816235027942,,seconds,5.3690290451049805,5.182191681116819,megabytes,88270.0,88270.0,66.0,62.833333333333336,0.17780736,0.17780736,0.81015625,0.7467122395833335,success,sinkhorn,0.001,100000
1D-gaussian-6c-2048p,2048,2048,0.0107962211528183,100000,0.0293472242233226,,seconds,4.893456935882568,4.857145208865404,megabytes,88270.0,88270.0,70.0,66.45454545454545,0.177328128,0.177328128,0.80703125,0.7749644886363637,success,sinkhorn,0.001,100000
1D-gaussian-6c-2048p,2048,2048,0.0214021486631399,100000,0.0005901267591218,,seconds,5.019289255142212,5.007325451821089,megabytes,88270.0,88270.0,68.0,62.82608695652174,0.179146752,0.179146752,0.79921875,0.7729279891304348,success,sinkhorn,0.001,100000
