dataset,mu_size,nu_size,cost,iterations,error,cost_rerr,time_unit,time,time_counter,gpu_mem_unit,peak_gpu_mem,combined_peak_gpu_ram,peak_gpu_util_pct,mean_gpu_util_pct,peak_ram_MiB,combined_peak_ram_MiB,max_cpu_util_pct,mean_cpu_util_pct,status,name,reg,maxiter
1D-exponential-32p,32,32,0.0646191812285361,11,4.2958492655619626e-17,,seconds,0.0,0.0024215076118707,megabytes,0.0,0.0,0.0,0.0,0.0,0.0,0.0,0.0,success,sinkhorn,1.0,100000
1D-exponential-32p,32,32,0.0553746845953665,11,2.9541276310451896e-17,,seconds,0.0,0.002462038770318,megabytes,0.0,0.0,0.0,0.0,0.0,0.0,0.0,0.0,success,sinkhorn,1.0,100000
1D-exponential-32p,32,32,0.1618518644794593,11,6.97350206824216e-17,,seconds,0.0,0.0025631226599216,megabytes,0.0,0.0,0.0,0.0,0.0,0.0,0.0,0.0,success,sinkhorn,1.0,100000
1D-exponential-32p,32,32,0.138618080870417,11,1.2816211345780716e-16,,seconds,0.0,0.0024307239800691,megabytes,0.0,0.0,0.0,0.0,0.0,0.0,0.0,0.0,success,sinkhorn,1.0,100000
1D-exponential-32p,32,32,0.069422032944019,11,3.274218758650567e-17,,seconds,0.0,0.0024231690913438,megabytes,0.0,0.0,0.0,0.0,0.0,0.0,0.0,0.0,success,sinkhorn,1.0,100000
1D-exponential-32p,32,32,0.1121132144987527,11,6.406745034707793e-17,,seconds,0.0,0.0023932363837957,megabytes,0.0,0.0,0.0,0.0,0.0,0.0,0.0,0.0,success,sinkhorn,1.0,100000
1D-exponential-32p,32,32,0.0531779089547876,11,4.4430599737083407e-17,,seconds,0.0,0.0025537386536598,megabytes,0.0,0.0,0.0,0.0,0.0,0.0,0.0,0.0,success,sinkhorn,1.0,100000
1D-exponential-32p,32,32,0.0688447652720194,11,4.718958039861916e-17,,seconds,0.0,0.0023342333734035,megabytes,0.0,0.0,0.0,0.0,0.0,0.0,0.0,0.0,success,sinkhorn,1.0,100000
1D-exponential-32p,32,32,0.0746537018151618,11,5.238750013840908e-17,,seconds,0.0,0.0022967606782913,megabytes,0.0,0.0,0.0,0.0,0.0,0.0,0.0,0.0,success,sinkhorn,1.0,100000
1D-exponential-32p,32,32,0.1168641424561499,11,1.110223057722614e-16,,seconds,0.0,0.002369251102209,megabytes,0.0,0.0,0.0,0.0,0.0,0.0,0.0,0.0,success,sinkhorn,1.0,100000
1D-exponential-32p,32,32,0.070817749330704,11,5.953918712820787e-17,,seconds,0.0,0.0023692715913057,megabytes,0.0,0.0,0.0,0.0,0.0,0.0,0.0,0.0,success,sinkhorn,1.0,100000
1D-exponential-32p,32,32,0.0611609889029172,11,4.046035655711836e-17,,seconds,0.0,0.0024028290063142,megabytes,0.0,0.0,0.0,0.0,0.0,0.0,0.0,0.0,success,sinkhorn,1.0,100000
1D-exponential-32p,32,32,0.0429918548627237,11,7.152448122690995e-17,,seconds,0.0,0.002230642363429,megabytes,0.0,0.0,0.0,0.0,0.0,0.0,0.0,0.0,success,sinkhorn,1.0,100000
1D-exponential-32p,32,32,0.0502778649870784,11,5.979136609301385e-17,,seconds,0.0,0.0023116376250982,megabytes,0.0,0.0,0.0,0.0,0.0,0.0,0.0,0.0,success,sinkhorn,1.0,100000
1D-exponential-32p,32,32,0.0713616951725155,11,3.1868905207277776e-17,,seconds,0.0,0.0023354012519121,megabytes,0.0,0.0,0.0,0.0,0.0,0.0,0.0,0.0,success,sinkhorn,1.0,100000
1D-exponential-32p,32,32,0.0576036570274714,11,5.2157224297761193e-17,,seconds,0.0,0.0022711511701345,megabytes,0.0,0.0,0.0,0.0,0.0,0.0,0.0,0.0,success,sinkhorn,1.0,100000
1D-exponential-32p,32,32,0.0551452201545935,11,7.882977442684294e-17,,seconds,0.0,0.0023525897413492,megabytes,0.0,0.0,0.0,0.0,0.0,0.0,0.0,0.0,success,sinkhorn,1.0,100000
1D-exponential-32p,32,32,0.0967141374895153,11,4.678128218194648e-17,,seconds,0.0,0.0022555515170097,megabytes,0.0,0.0,0.0,0.0,0.0,0.0,0.0,0.0,success,sinkhorn,1.0,100000
1D-exponential-32p,32,32,0.1220109368154206,11,3.222105849667643e-17,,seconds,0.0,0.0023396294564008,megabytes,0.0,0.0,0.0,0.0,0.0,0.0,0.0,0.0,success,sinkhorn,1.0,100000
1D-exponential-32p,32,32,0.0312424773100519,11,3.260691844427717e-17,,seconds,0.2230420112609863,0.0037073791027069,megabytes,88268.0,88268.0,0.0,0.0,0.02260992,0.02260992,0.0,0.0,success,sinkhorn,1.0,100000
1D-exponential-32p,32,32,0.0415117377453019,11,1.1529066606916315e-16,,seconds,0.0,0.0023400355130434,megabytes,0.0,0.0,0.0,0.0,0.0,0.0,0.0,0.0,success,sinkhorn,1.0,100000
1D-exponential-32p,32,32,0.1767373668689201,11,1.1113174103853602e-16,,seconds,0.0,0.0023186076432466,megabytes,0.0,0.0,0.0,0.0,0.0,0.0,0.0,0.0,success,sinkhorn,1.0,100000
1D-exponential-32p,32,32,0.0924884840021402,11,8.47710216111312e-17,,seconds,0.0,0.0023337937891483,megabytes,0.0,0.0,0.0,0.0,0.0,0.0,0.0,0.0,success,sinkhorn,1.0,100000
1D-exponential-32p,32,32,0.0928017310188832,11,7.018984523227906e-17,,seconds,0.0,0.0023006089031696,megabytes,0.0,0.0,0.0,0.0,0.0,0.0,0.0,0.0,success,sinkhorn,1.0,100000
1D-exponential-32p,32,32,0.0457925997529587,11,3.4269022108100747e-17,,seconds,0.0,0.0024118144065141,megabytes,0.0,0.0,0.0,0.0,0.0,0.0,0.0,0.0,success,sinkhorn,1.0,100000
1D-exponential-32p,32,32,0.0170854178810128,11,3.1813529135542146e-17,,seconds,0.0,0.002416830509901,megabytes,0.0,0.0,0.0,0.0,0.0,0.0,0.0,0.0,success,sinkhorn,1.0,100000
1D-exponential-32p,32,32,0.1681108483965198,11,6.144356513622011e-17,,seconds,0.0,0.0023605693131685,megabytes,0.0,0.0,0.0,0.0,0.0,0.0,0.0,0.0,success,sinkhorn,1.0,100000
1D-exponential-32p,32,32,0.0725665260599872,11,7.05928022612927e-17,,seconds,0.0,0.0024822186678647,megabytes,0.0,0.0,0.0,0.0,0.0,0.0,0.0,0.0,success,sinkhorn,1.0,100000
1D-exponential-32p,32,32,0.1854164778314968,11,5.28450415778197e-17,,seconds,0.0,0.0024998299777507,megabytes,0.0,0.0,0.0,0.0,0.0,0.0,0.0,0.0,success,sinkhorn,1.0,100000
1D-exponential-32p,32,32,0.0605628589298272,11,5.774310535657398e-17,,seconds,0.0,0.002416044473648,megabytes,0.0,0.0,0.0,0.0,0.0,0.0,0.0,0.0,success,sinkhorn,1.0,100000
1D-exponential-64p,64,64,0.0728395294556118,11,4.532457873366333e-17,,seconds,0.5979881286621094,0.4836270902305841,megabytes,88268.0,88268.0,0.0,0.0,0.044597248,0.044597248,0.53515625,0.36328125,success,sinkhorn,1.0,100000
1D-exponential-64p,64,64,0.0252750405859267,11,6.211229542816648e-17,,seconds,0.0,0.0024296455085277,megabytes,0.0,0.0,0.0,0.0,0.0,0.0,0.0,0.0,success,sinkhorn,1.0,100000
1D-exponential-64p,64,64,0.0629489703331426,11,4.0161752058697714e-17,,seconds,0.0,0.0024116244167089,megabytes,0.0,0.0,0.0,0.0,0.0,0.0,0.0,0.0,success,sinkhorn,1.0,100000
1D-exponential-64p,64,64,0.1934168519173675,11,5.611199448314715e-17,,seconds,0.0,0.0024386402219533,megabytes,0.0,0.0,0.0,0.0,0.0,0.0,0.0,0.0,success,sinkhorn,1.0,100000
1D-exponential-64p,64,64,0.1389952997100531,11,8.044234977754509e-17,,seconds,0.0,0.0024868417531251,megabytes,0.0,0.0,0.0,0.0,0.0,0.0,0.0,0.0,success,sinkhorn,1.0,100000
1D-exponential-64p,64,64,0.0710571445048636,11,3.4677058623772465e-17,,seconds,0.0,0.0027711670845746,megabytes,0.0,0.0,0.0,0.0,0.0,0.0,0.0,0.0,success,sinkhorn,1.0,100000
1D-exponential-64p,64,64,0.0678892089563774,11,5.623822615044338e-17,,seconds,0.0,0.0024277195334434,megabytes,0.0,0.0,0.0,0.0,0.0,0.0,0.0,0.0,success,sinkhorn,1.0,100000
1D-exponential-64p,64,64,0.0373230634631226,11,4.1667230966197946e-17,,seconds,0.0,0.002447172999382,megabytes,0.0,0.0,0.0,0.0,0.0,0.0,0.0,0.0,success,sinkhorn,1.0,100000
1D-exponential-64p,64,64,0.0772763025852265,11,5.292787097262618e-17,,seconds,0.0,0.00242555513978,megabytes,0.0,0.0,0.0,0.0,0.0,0.0,0.0,0.0,success,sinkhorn,1.0,100000
1D-exponential-64p,64,64,0.0596357864990778,11,7.137946097704576e-17,,seconds,0.0,0.0023697391152381,megabytes,0.0,0.0,0.0,0.0,0.0,0.0,0.0,0.0,success,sinkhorn,1.0,100000
1D-exponential-64p,64,64,0.0579599002847965,11,3.6245447803537866e-17,,seconds,0.0,0.0025016050785779,megabytes,0.0,0.0,0.0,0.0,0.0,0.0,0.0,0.0,success,sinkhorn,1.0,100000
1D-exponential-64p,64,64,0.0652597536831545,11,3.069039122309917e-17,,seconds,0.0,0.002398433163762,megabytes,0.0,0.0,0.0,0.0,0.0,0.0,0.0,0.0,success,sinkhorn,1.0,100000
1D-exponential-64p,64,64,0.1392097032032646,11,1.1197059990495482e-16,,seconds,0.0,0.0023862775415182,megabytes,0.0,0.0,0.0,0.0,0.0,0.0,0.0,0.0,success,sinkhorn,1.0,100000
1D-exponential-64p,64,64,0.1132423101707681,11,6.651030251783879e-17,,seconds,0.0,0.0025695282965898,megabytes,0.0,0.0,0.0,0.0,0.0,0.0,0.0,0.0,success,sinkhorn,1.0,100000
1D-exponential-64p,64,64,0.0417544624025126,11,6.362043921931365e-17,,seconds,0.0,0.0023393966257572,megabytes,0.0,0.0,0.0,0.0,0.0,0.0,0.0,0.0,success,sinkhorn,1.0,100000
1D-exponential-64p,64,64,0.0661846869235829,11,5.484991542127053e-17,,seconds,0.0,0.0023756828159093,megabytes,0.0,0.0,0.0,0.0,0.0,0.0,0.0,0.0,success,sinkhorn,1.0,100000
1D-exponential-64p,64,64,0.0552425945159524,11,4.9401562236463735e-17,,seconds,0.0,0.0024116598069667,megabytes,0.0,0.0,0.0,0.0,0.0,0.0,0.0,0.0,success,sinkhorn,1.0,100000
1D-exponential-64p,64,64,0.069817851748913,11,5.3028016804921555e-17,,seconds,0.0,0.0024539325386285,megabytes,0.0,0.0,0.0,0.0,0.0,0.0,0.0,0.0,success,sinkhorn,1.0,100000
1D-exponential-64p,64,64,0.0642261470549803,11,5.08296596339463e-17,,seconds,0.0,0.0024332590401172,megabytes,0.0,0.0,0.0,0.0,0.0,0.0,0.0,0.0,success,sinkhorn,1.0,100000
1D-exponential-64p,64,64,0.0825525091522142,11,4.133640754051176e-17,,seconds,0.0,0.0023603662848472,megabytes,0.0,0.0,0.0,0.0,0.0,0.0,0.0,0.0,success,sinkhorn,1.0,100000
1D-exponential-64p,64,64,0.0634155589835908,11,3.244790871758158e-17,,seconds,0.0,0.0027764532715082,megabytes,0.0,0.0,0.0,0.0,0.0,0.0,0.0,0.0,success,sinkhorn,1.0,100000
1D-exponential-64p,64,64,0.0508327298926288,11,6.457040655783852e-17,,seconds,0.0,0.0025317575782537,megabytes,0.0,0.0,0.0,0.0,0.0,0.0,0.0,0.0,success,sinkhorn,1.0,100000
1D-exponential-64p,64,64,0.0580195371378571,11,3.701308060972941e-17,,seconds,0.0,0.0024552475661039,megabytes,0.0,0.0,0.0,0.0,0.0,0.0,0.0,0.0,success,sinkhorn,1.0,100000
1D-exponential-64p,64,64,0.1174741525380968,11,6.371422586254455e-17,,seconds,0.0,0.002326687797904,megabytes,0.0,0.0,0.0,0.0,0.0,0.0,0.0,0.0,success,sinkhorn,1.0,100000
1D-exponential-64p,64,64,0.043801915044909,11,4.239899402703905e-17,,seconds,0.0,0.0023918692022562,megabytes,0.0,0.0,0.0,0.0,0.0,0.0,0.0,0.0,success,sinkhorn,1.0,100000
1D-exponential-64p,64,64,0.0843056958569044,11,3.4167337468533165e-17,,seconds,0.0,0.0023755300790071,megabytes,0.0,0.0,0.0,0.0,0.0,0.0,0.0,0.0,success,sinkhorn,1.0,100000
1D-exponential-64p,64,64,0.1424345950164012,11,7.445177715266111e-17,,seconds,0.0,0.0023362375795841,megabytes,0.0,0.0,0.0,0.0,0.0,0.0,0.0,0.0,success,sinkhorn,1.0,100000
1D-exponential-64p,64,64,0.1222484563929356,11,2.7097246932071047e-17,,seconds,0.0,0.0023088697344064,megabytes,0.0,0.0,0.0,0.0,0.0,0.0,0.0,0.0,success,sinkhorn,1.0,100000
1D-exponential-64p,64,64,0.128857321408991,11,4.4990079268299946e-17,,seconds,0.0,0.002550134435296,megabytes,0.0,0.0,0.0,0.0,0.0,0.0,0.0,0.0,success,sinkhorn,1.0,100000
1D-exponential-64p,64,64,0.0165068815501053,11,1.0504151060069472e-16,,seconds,0.0,0.0026340615004301,megabytes,0.0,0.0,0.0,0.0,0.0,0.0,0.0,0.0,success,sinkhorn,1.0,100000
1D-exponential-128p,128,128,0.0703727721857359,11,2.255140518769849e-17,,seconds,0.6006927490234375,0.4443405494093895,megabytes,88268.0,88268.0,0.0,0.0,0.045297664,0.045297664,0.55078125,0.351171875,success,sinkhorn,1.0,100000
1D-exponential-128p,128,128,0.1905816320795493,11,3.3368072301211387e-17,,seconds,0.0,0.0027543287724256,megabytes,0.0,0.0,0.0,0.0,0.0,0.0,0.0,0.0,success,sinkhorn,1.0,100000
1D-exponential-128p,128,128,0.0900323659695845,11,2.0739741870449868e-17,,seconds,0.0,0.0026009269058704,megabytes,0.0,0.0,0.0,0.0,0.0,0.0,0.0,0.0,success,sinkhorn,1.0,100000
1D-exponential-128p,128,128,0.1180369303773621,11,4.299628395023725e-17,,seconds,0.0,0.0028221793472766,megabytes,0.0,0.0,0.0,0.0,0.0,0.0,0.0,0.0,success,sinkhorn,1.0,100000
1D-exponential-128p,128,128,0.0581237431245843,11,4.4235448637408575e-17,,seconds,0.0,0.0025086868554353,megabytes,0.0,0.0,0.0,0.0,0.0,0.0,0.0,0.0,success,sinkhorn,1.0,100000
1D-exponential-128p,128,128,0.1425278604171489,11,3.489985997891713e-17,,seconds,0.0,0.0023857448250055,megabytes,0.0,0.0,0.0,0.0,0.0,0.0,0.0,0.0,success,sinkhorn,1.0,100000
1D-exponential-128p,128,128,0.1585289542998369,11,3.177620098104096e-17,,seconds,0.0,0.0025095362216234,megabytes,0.0,0.0,0.0,0.0,0.0,0.0,0.0,0.0,success,sinkhorn,1.0,100000
1D-exponential-128p,128,128,0.0712389345290023,11,3.3645690178409905e-17,,seconds,0.0,0.0025546792894601,megabytes,0.0,0.0,0.0,0.0,0.0,0.0,0.0,0.0,success,sinkhorn,1.0,100000
1D-exponential-128p,128,128,0.0564535335390382,11,2.241107784136488e-17,,seconds,0.0,0.0023480355739593,megabytes,0.0,0.0,0.0,0.0,0.0,0.0,0.0,0.0,success,sinkhorn,1.0,100000
1D-exponential-128p,128,128,0.0422902056837646,11,4.424947228359791e-17,,seconds,0.0,0.0024310443550348,megabytes,0.0,0.0,0.0,0.0,0.0,0.0,0.0,0.0,success,sinkhorn,1.0,100000
1D-exponential-128p,128,128,0.0601395028009236,11,2.3330257268293293e-17,,seconds,0.0,0.0028275940567255,megabytes,0.0,0.0,0.0,0.0,0.0,0.0,0.0,0.0,success,sinkhorn,1.0,100000
1D-exponential-128p,128,128,0.0311668037302285,11,3.6067951224502825e-17,,seconds,0.0,0.0027177613228559,megabytes,0.0,0.0,0.0,0.0,0.0,0.0,0.0,0.0,success,sinkhorn,1.0,100000
1D-exponential-128p,128,128,0.0399510031004531,11,4.295963558058951e-17,,seconds,0.0,0.0023697167634963,megabytes,0.0,0.0,0.0,0.0,0.0,0.0,0.0,0.0,success,sinkhorn,1.0,100000
1D-exponential-128p,128,128,0.0386782114327899,11,5.559333861240534e-17,,seconds,0.0,0.0023562312126159,megabytes,0.0,0.0,0.0,0.0,0.0,0.0,0.0,0.0,success,sinkhorn,1.0,100000
1D-exponential-128p,128,128,0.0847373009327382,11,2.708770491300923e-17,,seconds,0.0,0.0024843569844961,megabytes,0.0,0.0,0.0,0.0,0.0,0.0,0.0,0.0,success,sinkhorn,1.0,100000
1D-exponential-128p,128,128,0.0644111759577297,11,2.83707970333986e-17,,seconds,0.0,0.0027647912502288,megabytes,0.0,0.0,0.0,0.0,0.0,0.0,0.0,0.0,success,sinkhorn,1.0,100000
1D-exponential-128p,128,128,0.0166776238727798,11,2.9415715703959387e-17,,seconds,0.0,0.0024237316101789,megabytes,0.0,0.0,0.0,0.0,0.0,0.0,0.0,0.0,success,sinkhorn,1.0,100000
1D-exponential-128p,128,128,0.0754125821866377,11,3.932172744549258e-17,,seconds,0.0,0.0024148561060428,megabytes,0.0,0.0,0.0,0.0,0.0,0.0,0.0,0.0,success,sinkhorn,1.0,100000
1D-exponential-128p,128,128,0.0564919970634193,11,3.663769246405929e-17,,seconds,0.0,0.0024953987449407,megabytes,0.0,0.0,0.0,0.0,0.0,0.0,0.0,0.0,success,sinkhorn,1.0,100000
1D-exponential-128p,128,128,0.0767407164155272,11,6.668539681920433e-17,,seconds,0.0,0.0025037620216608,megabytes,0.0,0.0,0.0,0.0,0.0,0.0,0.0,0.0,success,sinkhorn,1.0,100000
1D-exponential-128p,128,128,0.1376126007024203,11,5.650430688347039e-17,,seconds,0.0,0.0025495365262031,megabytes,0.0,0.0,0.0,0.0,0.0,0.0,0.0,0.0,success,sinkhorn,1.0,100000
1D-exponential-128p,128,128,0.0635271397788382,11,3.696477557615935e-17,,seconds,0.0,0.0024357140064239,megabytes,0.0,0.0,0.0,0.0,0.0,0.0,0.0,0.0,success,sinkhorn,1.0,100000
1D-exponential-128p,128,128,0.0564123594714213,11,2.233772240039357e-17,,seconds,0.0,0.0025522354990243,megabytes,0.0,0.0,0.0,0.0,0.0,0.0,0.0,0.0,success,sinkhorn,1.0,100000
1D-exponential-128p,128,128,0.0672535028471018,11,1.8903710816926278e-17,,seconds,0.0,0.0024676229804754,megabytes,0.0,0.0,0.0,0.0,0.0,0.0,0.0,0.0,success,sinkhorn,1.0,100000
1D-exponential-128p,128,128,0.1290301691052083,11,5.3421427839999786e-17,,seconds,0.0,0.002513613551855,megabytes,0.0,0.0,0.0,0.0,0.0,0.0,0.0,0.0,success,sinkhorn,1.0,100000
1D-exponential-128p,128,128,0.0509722136138648,11,2.4363448593974177e-17,,seconds,0.0,0.0023634918034076,megabytes,0.0,0.0,0.0,0.0,0.0,0.0,0.0,0.0,success,sinkhorn,1.0,100000
1D-exponential-128p,128,128,0.1044038970122762,11,3.382710778154774e-17,,seconds,0.0,0.0025200024247169,megabytes,0.0,0.0,0.0,0.0,0.0,0.0,0.0,0.0,success,sinkhorn,1.0,100000
1D-exponential-128p,128,128,0.0770178159087134,11,2.816589475736472e-17,,seconds,0.0,0.0026280879974365,megabytes,0.0,0.0,0.0,0.0,0.0,0.0,0.0,0.0,success,sinkhorn,1.0,100000
1D-exponential-128p,128,128,0.116078078914194,11,2.29359375626982e-17,,seconds,0.0,0.0024970714002847,megabytes,0.0,0.0,0.0,0.0,0.0,0.0,0.0,0.0,success,sinkhorn,1.0,100000
1D-exponential-128p,128,128,0.0632671054656172,11,2.4776807094002878e-17,,seconds,0.0,0.0026764702051877,megabytes,0.0,0.0,0.0,0.0,0.0,0.0,0.0,0.0,success,sinkhorn,1.0,100000
1D-exponential-256p,256,256,0.0380065628928414,11,2.264963338754632e-17,,seconds,0.5703554153442383,0.4901978019624948,megabytes,88268.0,88268.0,0.0,0.0,0.0436224,0.0436224,0.67578125,0.480859375,success,sinkhorn,1.0,100000
1D-exponential-256p,256,256,0.0572192982428108,11,1.8760692412257402e-17,,seconds,0.0,0.0025145225226879,megabytes,0.0,0.0,0.0,0.0,0.0,0.0,0.0,0.0,success,sinkhorn,1.0,100000
1D-exponential-256p,256,256,0.0592148752025407,11,1.826615220941176e-17,,seconds,0.0,0.0025789197534322,megabytes,0.0,0.0,0.0,0.0,0.0,0.0,0.0,0.0,success,sinkhorn,1.0,100000
1D-exponential-256p,256,256,0.1089759620739669,11,3.950068583591267e-17,,seconds,0.0,0.0025644078850746,megabytes,0.0,0.0,0.0,0.0,0.0,0.0,0.0,0.0,success,sinkhorn,1.0,100000
1D-exponential-256p,256,256,0.0796679194655358,11,2.0595275709509552e-17,,seconds,0.0,0.002425717189908,megabytes,0.0,0.0,0.0,0.0,0.0,0.0,0.0,0.0,success,sinkhorn,1.0,100000
1D-exponential-256p,256,256,0.0637932469758194,11,2.032871845382988e-17,,seconds,0.0,0.002567708492279,megabytes,0.0,0.0,0.0,0.0,0.0,0.0,0.0,0.0,success,sinkhorn,1.0,100000
1D-exponential-256p,256,256,0.0580523702625989,11,3.082963717769802e-17,,seconds,0.0,0.0025164149701595,megabytes,0.0,0.0,0.0,0.0,0.0,0.0,0.0,0.0,success,sinkhorn,1.0,100000
1D-exponential-256p,256,256,0.0726339622091374,11,2.0381847403525428e-17,,seconds,0.0,0.0026324745267629,megabytes,0.0,0.0,0.0,0.0,0.0,0.0,0.0,0.0,success,sinkhorn,1.0,100000
1D-exponential-256p,256,256,0.112561187148682,11,2.6426079617236158e-17,,seconds,0.0,0.0025935508310794,megabytes,0.0,0.0,0.0,0.0,0.0,0.0,0.0,0.0,success,sinkhorn,1.0,100000
1D-exponential-256p,256,256,0.0311593562310923,11,1.8437195856603528e-17,,seconds,0.0,0.0025422647595405,megabytes,0.0,0.0,0.0,0.0,0.0,0.0,0.0,0.0,success,sinkhorn,1.0,100000
1D-exponential-256p,256,256,0.016708987983804,11,2.9502703024396734e-17,,seconds,0.0,0.0027774944901466,megabytes,0.0,0.0,0.0,0.0,0.0,0.0,0.0,0.0,success,sinkhorn,1.0,100000
1D-exponential-256p,256,256,0.0888563147007682,11,1.5731769786712633e-17,,seconds,0.0,0.0024915598332881,megabytes,0.0,0.0,0.0,0.0,0.0,0.0,0.0,0.0,success,sinkhorn,1.0,100000
1D-exponential-256p,256,256,0.0404452512574316,11,5.1178936412124217e-17,,seconds,0.0,0.0024935696274042,megabytes,0.0,0.0,0.0,0.0,0.0,0.0,0.0,0.0,success,sinkhorn,1.0,100000
1D-exponential-256p,256,256,0.0809151171820129,11,3.252703077779204e-17,,seconds,0.0,0.0024495795369148,megabytes,0.0,0.0,0.0,0.0,0.0,0.0,0.0,0.0,success,sinkhorn,1.0,100000
1D-exponential-256p,256,256,0.1512606335846843,11,1.83701093691372e-17,,seconds,0.0,0.0024782158434391,megabytes,0.0,0.0,0.0,0.0,0.0,0.0,0.0,0.0,success,sinkhorn,1.0,100000
1D-exponential-256p,256,256,0.0585748997668686,11,2.5555912453224267e-17,,seconds,0.0,0.0026314612478017,megabytes,0.0,0.0,0.0,0.0,0.0,0.0,0.0,0.0,success,sinkhorn,1.0,100000
1D-exponential-256p,256,256,0.1181787798647243,11,3.499314850785272e-17,,seconds,0.0,0.0027522854506969,megabytes,0.0,0.0,0.0,0.0,0.0,0.0,0.0,0.0,success,sinkhorn,1.0,100000
1D-exponential-256p,256,256,0.0690360061731803,11,2.4043038787060414e-17,,seconds,0.0,0.0026027765125036,megabytes,0.0,0.0,0.0,0.0,0.0,0.0,0.0,0.0,success,sinkhorn,1.0,100000
1D-exponential-256p,256,256,0.1331786323202645,11,2.35064432559995e-17,,seconds,0.0,0.0025796666741371,megabytes,0.0,0.0,0.0,0.0,0.0,0.0,0.0,0.0,success,sinkhorn,1.0,100000
1D-exponential-256p,256,256,0.0663051733488691,11,1.9912753561960585e-17,,seconds,0.0,0.0025954153388738,megabytes,0.0,0.0,0.0,0.0,0.0,0.0,0.0,0.0,success,sinkhorn,1.0,100000
1D-exponential-256p,256,256,0.0633470252546704,11,4.3394099949984434e-17,,seconds,0.0,0.0023758187890052,megabytes,0.0,0.0,0.0,0.0,0.0,0.0,0.0,0.0,success,sinkhorn,1.0,100000
1D-exponential-256p,256,256,0.1343273192497124,11,4.028806354099795e-17,,seconds,0.0,0.0024794042110443,megabytes,0.0,0.0,0.0,0.0,0.0,0.0,0.0,0.0,success,sinkhorn,1.0,100000
1D-exponential-256p,256,256,0.0691675510782416,11,1.2995962000796488e-17,,seconds,0.0,0.0024555623531341,megabytes,0.0,0.0,0.0,0.0,0.0,0.0,0.0,0.0,success,sinkhorn,1.0,100000
1D-exponential-256p,256,256,0.0448161072491544,11,1.8483316932426385e-17,,seconds,0.0,0.0024719983339309,megabytes,0.0,0.0,0.0,0.0,0.0,0.0,0.0,0.0,success,sinkhorn,1.0,100000
1D-exponential-256p,256,256,0.050043435727615,11,1.993635247230626e-17,,seconds,0.0,0.0025916211307048,megabytes,0.0,0.0,0.0,0.0,0.0,0.0,0.0,0.0,success,sinkhorn,1.0,100000
1D-exponential-256p,256,256,0.1586425898686989,11,1.47454492318899e-17,,seconds,0.0,0.0025084558874368,megabytes,0.0,0.0,0.0,0.0,0.0,0.0,0.0,0.0,success,sinkhorn,1.0,100000
1D-exponential-256p,256,256,0.0718142674965805,11,2.321332301417539e-17,,seconds,0.0,0.0024517625570297,megabytes,0.0,0.0,0.0,0.0,0.0,0.0,0.0,0.0,success,sinkhorn,1.0,100000
1D-exponential-256p,256,256,0.0770488419277708,11,5.6487492453081e-17,,seconds,0.0,0.0024638883769512,megabytes,0.0,0.0,0.0,0.0,0.0,0.0,0.0,0.0,success,sinkhorn,1.0,100000
1D-exponential-256p,256,256,0.0581498093933965,11,2.376753174461241e-17,,seconds,0.0,0.0026078056544065,megabytes,0.0,0.0,0.0,0.0,0.0,0.0,0.0,0.0,success,sinkhorn,1.0,100000
1D-exponential-256p,256,256,0.1861239278832591,11,2.8596641585683605e-17,,seconds,0.0,0.0027576927095651,megabytes,0.0,0.0,0.0,0.0,0.0,0.0,0.0,0.0,success,sinkhorn,1.0,100000
1D-exponential-512p,512,512,0.0598760298383466,11,1.8724080488310966e-17,,seconds,0.6621155738830566,0.5260289497673512,megabytes,88268.0,88268.0,0.0,0.0,0.048746496,0.048746496,0.725,0.334375,success,sinkhorn,1.0,100000
1D-exponential-512p,512,512,0.0638002981620738,11,1.563470659313742e-17,,seconds,0.0,0.0027004424482584,megabytes,0.0,0.0,0.0,0.0,0.0,0.0,0.0,0.0,success,sinkhorn,1.0,100000
1D-exponential-512p,512,512,0.0715221908631198,11,1.3782593627212613e-17,,seconds,0.0,0.0025890227407217,megabytes,0.0,0.0,0.0,0.0,0.0,0.0,0.0,0.0,success,sinkhorn,1.0,100000
1D-exponential-512p,512,512,0.057365075290261,11,1.6015578191909814e-17,,seconds,0.0,0.0025198254734277,megabytes,0.0,0.0,0.0,0.0,0.0,0.0,0.0,0.0,success,sinkhorn,1.0,100000
1D-exponential-512p,512,512,0.0747865028850875,11,1.260626907627876e-17,,seconds,0.0,0.0026277936995029,megabytes,0.0,0.0,0.0,0.0,0.0,0.0,0.0,0.0,success,sinkhorn,1.0,100000
1D-exponential-512p,512,512,0.0672576791264265,11,3.2266264683664323e-17,,seconds,0.0,0.0026128999888896,megabytes,0.0,0.0,0.0,0.0,0.0,0.0,0.0,0.0,success,sinkhorn,1.0,100000
1D-exponential-512p,512,512,0.0820147803584177,11,1.9426302053741878e-17,,seconds,0.0,0.0026960577815771,megabytes,0.0,0.0,0.0,0.0,0.0,0.0,0.0,0.0,success,sinkhorn,1.0,100000
1D-exponential-512p,512,512,0.0660011857190858,11,2.176464019185257e-17,,seconds,0.0,0.0025335699319839,megabytes,0.0,0.0,0.0,0.0,0.0,0.0,0.0,0.0,success,sinkhorn,1.0,100000
1D-exponential-512p,512,512,0.0718256740108722,11,1.989909767507358e-17,,seconds,0.0,0.0025105215609073,megabytes,0.0,0.0,0.0,0.0,0.0,0.0,0.0,0.0,success,sinkhorn,1.0,100000
1D-exponential-512p,512,512,0.0708687602291668,11,1.8709949697283456e-17,,seconds,0.0,0.0027141720056533,megabytes,0.0,0.0,0.0,0.0,0.0,0.0,0.0,0.0,success,sinkhorn,1.0,100000
1D-exponential-512p,512,512,0.0402052073706715,11,1.940524307410744e-17,,seconds,0.0,0.0025657210499048,megabytes,0.0,0.0,0.0,0.0,0.0,0.0,0.0,0.0,success,sinkhorn,1.0,100000
1D-exponential-512p,512,512,0.115813555365073,11,1.2683311945624853e-17,,seconds,0.0,0.0028960965573787,megabytes,0.0,0.0,0.0,0.0,0.0,0.0,0.0,0.0,success,sinkhorn,1.0,100000
1D-exponential-512p,512,512,0.1369212646984235,11,2.4805833350557853e-17,,seconds,0.0,0.0024794656783342,megabytes,0.0,0.0,0.0,0.0,0.0,0.0,0.0,0.0,success,sinkhorn,1.0,100000
1D-exponential-512p,512,512,0.1468631945083174,11,1.6593607104442742e-17,,seconds,0.0,0.0026167891919612,megabytes,0.0,0.0,0.0,0.0,0.0,0.0,0.0,0.0,success,sinkhorn,1.0,100000
1D-exponential-512p,512,512,0.1184203845359575,11,2.903294222334584e-17,,seconds,0.0,0.0025086384266614,megabytes,0.0,0.0,0.0,0.0,0.0,0.0,0.0,0.0,success,sinkhorn,1.0,100000
1D-exponential-512p,512,512,0.0581563268842437,11,1.2466910726628424e-17,,seconds,0.0,0.0024612862616777,megabytes,0.0,0.0,0.0,0.0,0.0,0.0,0.0,0.0,success,sinkhorn,1.0,100000
1D-exponential-512p,512,512,0.0500520493725522,11,1.2505509523142077e-17,,seconds,0.0,0.0025717969983816,megabytes,0.0,0.0,0.0,0.0,0.0,0.0,0.0,0.0,success,sinkhorn,1.0,100000
1D-exponential-512p,512,512,0.0388018018701912,11,1.7549719112052844e-17,,seconds,0.0,0.0025164932012557,megabytes,0.0,0.0,0.0,0.0,0.0,0.0,0.0,0.0,success,sinkhorn,1.0,100000
1D-exponential-512p,512,512,0.0888632946921383,11,1.8885357846304906e-17,,seconds,0.0,0.0025147143751382,megabytes,0.0,0.0,0.0,0.0,0.0,0.0,0.0,0.0,success,sinkhorn,1.0,100000
1D-exponential-512p,512,512,0.1884167491030407,11,1.9463672014780024e-17,,seconds,0.0,0.0024863965809345,megabytes,0.0,0.0,0.0,0.0,0.0,0.0,0.0,0.0,success,sinkhorn,1.0,100000
1D-exponential-512p,512,512,0.0808392870601474,11,1.3913740138328102e-17,,seconds,0.0,0.0025560911744832,megabytes,0.0,0.0,0.0,0.0,0.0,0.0,0.0,0.0,success,sinkhorn,1.0,100000
1D-exponential-512p,512,512,0.043985222904291,11,1.6019797959759724e-17,,seconds,0.0,0.0025032851845026,megabytes,0.0,0.0,0.0,0.0,0.0,0.0,0.0,0.0,success,sinkhorn,1.0,100000
1D-exponential-512p,512,512,0.1067270311172827,11,1.647994651008287e-17,,seconds,0.0,0.0024978499859571,megabytes,0.0,0.0,0.0,0.0,0.0,0.0,0.0,0.0,success,sinkhorn,1.0,100000
1D-exponential-512p,512,512,0.0568236745661636,11,1.3044263385930464e-17,,seconds,0.0,0.0025772228837013,megabytes,0.0,0.0,0.0,0.0,0.0,0.0,0.0,0.0,success,sinkhorn,1.0,100000
1D-exponential-512p,512,512,0.155972355249791,11,1.827371793866953e-17,,seconds,0.0,0.002585707232356,megabytes,0.0,0.0,0.0,0.0,0.0,0.0,0.0,0.0,success,sinkhorn,1.0,100000
1D-exponential-512p,512,512,0.0690480143868835,11,2.5084958972173445e-17,,seconds,0.0,0.0025252159684896,megabytes,0.0,0.0,0.0,0.0,0.0,0.0,0.0,0.0,success,sinkhorn,1.0,100000
1D-exponential-512p,512,512,0.1353807655734268,11,1.8646622624321206e-17,,seconds,0.0,0.0025982279330492,megabytes,0.0,0.0,0.0,0.0,0.0,0.0,0.0,0.0,success,sinkhorn,1.0,100000
1D-exponential-512p,512,512,0.0311575006644844,11,2.458079244819668e-17,,seconds,0.0,0.0024948641657829,megabytes,0.0,0.0,0.0,0.0,0.0,0.0,0.0,0.0,success,sinkhorn,1.0,100000
1D-exponential-512p,512,512,0.0592214582870334,11,1.131317041847822e-17,,seconds,0.0,0.0024961922317743,megabytes,0.0,0.0,0.0,0.0,0.0,0.0,0.0,0.0,success,sinkhorn,1.0,100000
1D-exponential-512p,512,512,0.0167168401697854,11,1.5794951488807784e-17,,seconds,0.0,0.0027156323194503,megabytes,0.0,0.0,0.0,0.0,0.0,0.0,0.0,0.0,success,sinkhorn,1.0,100000
1D-exponential-1024p,1024,1024,0.0715237419235293,11,1.956519349787783e-17,,seconds,0.981436014175415,0.7719462998211384,megabytes,88270.0,88270.0,0.0,0.0,0.059772928,0.059772928,0.7515625,0.3548828125,success,sinkhorn,1.0,100000
1D-exponential-1024p,1024,1024,0.0759094940959064,11,1.6929741577131128e-17,,seconds,0.0,0.0025870241224765,megabytes,0.0,0.0,0.0,0.0,0.0,0.0,0.0,0.0,success,sinkhorn,1.0,100000
1D-exponential-1024p,1024,1024,0.0637335431999494,11,7.530182164580041e-18,,seconds,0.0,0.0030441712588071,megabytes,0.0,0.0,0.0,0.0,0.0,0.0,0.0,0.0,success,sinkhorn,1.0,100000
1D-exponential-1024p,1024,1024,0.0708703207737481,11,8.90565010821668e-18,,seconds,0.0,0.0028228126466274,megabytes,0.0,0.0,0.0,0.0,0.0,0.0,0.0,0.0,success,sinkhorn,1.0,100000
1D-exponential-1024p,1024,1024,0.1468646478012402,11,1.0177072626789678e-17,,seconds,0.0,0.0026429630815982,megabytes,0.0,0.0,0.0,0.0,0.0,0.0,0.0,0.0,success,sinkhorn,1.0,100000
1D-exponential-1024p,1024,1024,0.0167188039146053,11,1.580441276958855e-17,,seconds,0.0,0.0026824809610843,megabytes,0.0,0.0,0.0,0.0,0.0,0.0,0.0,0.0,success,sinkhorn,1.0,100000
1D-exponential-1024p,1024,1024,0.0672595171299431,11,9.155572191684e-18,,seconds,0.0,0.0028555989265441,megabytes,0.0,0.0,0.0,0.0,0.0,0.0,0.0,0.0,success,sinkhorn,1.0,100000
1D-exponential-1024p,1024,1024,0.0592231041246981,11,9.229101833904693e-18,,seconds,0.0,0.0026581920683383,megabytes,0.0,0.0,0.0,0.0,0.0,0.0,0.0,0.0,success,sinkhorn,1.0,100000
1D-exponential-1024p,1024,1024,0.0818548363986719,11,8.669444573431139e-18,,seconds,0.0,0.0025795381516218,megabytes,0.0,0.0,0.0,0.0,0.0,0.0,0.0,0.0,success,sinkhorn,1.0,100000
1D-exponential-1024p,1024,1024,0.030739019336715,11,3.3543947523360744e-17,,seconds,0.0,0.0027780327945947,megabytes,0.0,0.0,0.0,0.0,0.0,0.0,0.0,0.0,success,sinkhorn,1.0,100000
1D-exponential-1024p,1024,1024,0.1356333144499265,11,1.3506547544569318e-17,,seconds,0.0,0.0025521088391542,megabytes,0.0,0.0,0.0,0.0,0.0,0.0,0.0,0.0,success,sinkhorn,1.0,100000
1D-exponential-1024p,1024,1024,0.1573249577856077,11,1.338203023342072e-17,,seconds,0.0,0.0025403890758752,megabytes,0.0,0.0,0.0,0.0,0.0,0.0,0.0,0.0,success,sinkhorn,1.0,100000
1D-exponential-1024p,1024,1024,0.0722466823655438,11,1.037029148254587e-17,,seconds,0.0,0.0025012921541929,megabytes,0.0,0.0,0.0,0.0,0.0,0.0,0.0,0.0,success,sinkhorn,1.0,100000
1D-exponential-1024p,1024,1024,0.0568255201991329,11,1.1215598534250993e-17,,seconds,0.0,0.0025876611471176,megabytes,0.0,0.0,0.0,0.0,0.0,0.0,0.0,0.0,success,sinkhorn,1.0,100000
1D-exponential-1024p,1024,1024,0.0402403845419729,11,1.3317685967124749e-17,,seconds,0.0,0.0027557238936424,megabytes,0.0,0.0,0.0,0.0,0.0,0.0,0.0,0.0,success,sinkhorn,1.0,100000
1D-exponential-1024p,1024,1024,0.1172537735233924,11,1.4098422829174228e-17,,seconds,0.0,0.0026282574981451,megabytes,0.0,0.0,0.0,0.0,0.0,0.0,0.0,0.0,success,sinkhorn,1.0,100000
1D-exponential-1024p,1024,1024,0.1872861753652115,11,1.3098669987675127e-17,,seconds,0.0,0.0026626642793416,megabytes,0.0,0.0,0.0,0.0,0.0,0.0,0.0,0.0,success,sinkhorn,1.0,100000
1D-exponential-1024p,1024,1024,0.0383937306631629,11,1.2477219339859553e-17,,seconds,0.0,0.0025142021477222,megabytes,0.0,0.0,0.0,0.0,0.0,0.0,0.0,0.0,success,sinkhorn,1.0,100000
1D-exponential-1024p,1024,1024,0.0581579563146893,11,8.62349762966831e-18,,seconds,0.0,0.0025280434638261,megabytes,0.0,0.0,0.0,0.0,0.0,0.0,0.0,0.0,success,sinkhorn,1.0,100000
1D-exponential-1024p,1024,1024,0.0439884143079109,11,1.2171850130572421e-17,,seconds,0.0,0.0024593025445938,megabytes,0.0,0.0,0.0,0.0,0.0,0.0,0.0,0.0,success,sinkhorn,1.0,100000
1D-exponential-1024p,1024,1024,0.0884023964066678,11,7.642279556559376e-18,,seconds,0.0,0.0026047155261039,megabytes,0.0,0.0,0.0,0.0,0.0,0.0,0.0,0.0,success,sinkhorn,1.0,100000
1D-exponential-1024p,1024,1024,0.0808408699858391,11,8.124285063848476e-18,,seconds,0.0,0.0026132874190807,megabytes,0.0,0.0,0.0,0.0,0.0,0.0,0.0,0.0,success,sinkhorn,1.0,100000
1D-exponential-1024p,1024,1024,0.0586955095433208,11,1.0461427378586156e-17,,seconds,0.0,0.0026110559701919,megabytes,0.0,0.0,0.0,0.0,0.0,0.0,0.0,0.0,success,sinkhorn,1.0,100000
1D-exponential-1024p,1024,1024,0.1158145296742177,11,8.269262992506663e-18,,seconds,0.0,0.0027553979307413,megabytes,0.0,0.0,0.0,0.0,0.0,0.0,0.0,0.0,success,sinkhorn,1.0,100000
1D-exponential-1024p,1024,1024,0.0652226695836562,11,1.3077131654642522e-17,,seconds,0.0,0.0026100315153598,megabytes,0.0,0.0,0.0,0.0,0.0,0.0,0.0,0.0,success,sinkhorn,1.0,100000
1D-exponential-1024p,1024,1024,0.1354695991252546,11,1.2039740495030659e-17,,seconds,0.0,0.0026374701410531,megabytes,0.0,0.0,0.0,0.0,0.0,0.0,0.0,0.0,success,sinkhorn,1.0,100000
1D-exponential-1024p,1024,1024,0.0573664428073786,11,1.1700949310341105e-17,,seconds,0.0,0.002697043120861,megabytes,0.0,0.0,0.0,0.0,0.0,0.0,0.0,0.0,success,sinkhorn,1.0,100000
1D-exponential-1024p,1024,1024,0.1069585002829279,11,1.12522218484648e-17,,seconds,0.0,0.0026384945958852,megabytes,0.0,0.0,0.0,0.0,0.0,0.0,0.0,0.0,success,sinkhorn,1.0,100000
1D-exponential-1024p,1024,1024,0.0685519518808668,11,1.249194955229479e-17,,seconds,0.0,0.0025506485253572,megabytes,0.0,0.0,0.0,0.0,0.0,0.0,0.0,0.0,success,sinkhorn,1.0,100000
1D-exponential-1024p,1024,1024,0.0506978992486179,11,1.0089016794990959e-17,,seconds,0.0,0.0026553999632596,megabytes,0.0,0.0,0.0,0.0,0.0,0.0,0.0,0.0,success,sinkhorn,1.0,100000
1D-exponential-2048p,2048,2048,0.0573394972327295,11,8.145264016566905e-18,,seconds,0.8783996105194092,0.730708722025156,megabytes,88270.0,88270.0,0.0,0.0,0.09361408,0.121204736,0.709375,0.3609374999999999,success,sinkhorn,1.0,100000
1D-exponential-2048p,2048,2048,0.1069595964412687,11,2.1732642561102438e-17,,seconds,0.0,0.0033303871750831,megabytes,0.0,0.0,0.0,0.0,0.0,0.0,0.0,0.0,success,sinkhorn,1.0,100000
1D-exponential-2048p,2048,2048,0.0636276639571051,11,6.564587311639428e-18,,seconds,0.0,0.0032433271408081,megabytes,0.0,0.0,0.0,0.0,0.0,0.0,0.0,0.0,success,sinkhorn,1.0,100000
1D-exponential-2048p,2048,2048,0.0568861712122888,11,6.973002410606872e-18,,seconds,0.296501874923706,0.0034078992903232,megabytes,88270.0,88270.0,0.0,0.0,0.065531904,0.065531904,0.0,0.0,success,sinkhorn,1.0,100000
1D-exponential-2048p,2048,2048,0.0718013742826291,11,9.730299230704193e-18,,seconds,0.0,0.0031800717115402,megabytes,0.0,0.0,0.0,0.0,0.0,0.0,0.0,0.0,success,sinkhorn,1.0,100000
1D-exponential-2048p,2048,2048,0.0403034260696127,11,1.1384426763664992e-17,,seconds,0.2279257774353027,0.0033794753253459,megabytes,88270.0,88270.0,0.0,0.0,0.065429504,0.065429504,0.0,0.0,success,sinkhorn,1.0,100000
1D-exponential-2048p,2048,2048,0.0440825022462521,11,7.914144270101742e-18,,seconds,0.0,0.0034858789294958,megabytes,0.0,0.0,0.0,0.0,0.0,0.0,0.0,0.0,success,sinkhorn,1.0,100000
1D-exponential-2048p,2048,2048,0.0753459466962257,11,6.709719190140503e-18,,seconds,0.2965219020843506,0.0032790098339319,megabytes,88270.0,88270.0,0.0,0.0,0.065314816,0.065314816,0.0,0.0,success,sinkhorn,1.0,100000
1D-exponential-2048p,2048,2048,0.0808412657235282,11,6.2388157536213344e-18,,seconds,0.0,0.0033253710716962,megabytes,0.0,0.0,0.0,0.0,0.0,0.0,0.0,0.0,success,sinkhorn,1.0,100000
1D-exponential-2048p,2048,2048,0.0385060973334578,11,8.698343786986644e-18,,seconds,0.0,0.0032585393637418,megabytes,0.0,0.0,0.0,0.0,0.0,0.0,0.0,0.0,success,sinkhorn,1.0,100000
1D-exponential-2048p,2048,2048,0.0818555182185246,11,1.1586487923506109e-17,,seconds,0.2256922721862793,0.0031861308962106,megabytes,88270.0,88270.0,0.0,0.0,0.065175552,0.065175552,0.0,0.0,success,sinkhorn,1.0,100000
1D-exponential-2048p,2048,2048,0.135634355848,11,9.063966231731116e-18,,seconds,0.2993035316467285,0.0034188032150268,megabytes,88270.0,88270.0,0.0,0.0,0.065204224,0.065204224,0.0,0.0,success,sinkhorn,1.0,100000
1D-exponential-2048p,2048,2048,0.0582629758836495,11,9.208421128539624e-18,,seconds,0.0,0.0032352413982152,megabytes,0.0,0.0,0.0,0.0,0.0,0.0,0.0,0.0,success,sinkhorn,1.0,100000
1D-exponential-2048p,2048,2048,0.0504922315407741,11,7.299467116639216e-18,,seconds,0.2976150512695312,0.0032720305025577,megabytes,88270.0,88270.0,0.0,0.0,0.0652288,0.0652288,0.0,0.0,success,sinkhorn,1.0,100000
1D-exponential-2048p,2048,2048,0.0307389138641741,11,9.128216246039577e-18,,seconds,0.2277007102966308,0.0031395126134157,megabytes,88270.0,88270.0,0.0,0.0,0.065204224,0.065204224,0.03671875,0.03671875,success,sinkhorn,1.0,100000
1D-exponential-2048p,2048,2048,0.114993020846327,11,5.957750129625128e-18,,seconds,0.0,0.0031888484954833,megabytes,0.0,0.0,0.0,0.0,0.0,0.0,0.0,0.0,success,sinkhorn,1.0,100000
1D-exponential-2048p,2048,2048,0.0673836419033596,11,7.540809276003399e-18,,seconds,0.0,0.0031849537044763,megabytes,0.0,0.0,0.0,0.0,0.0,0.0,0.0,0.0,success,sinkhorn,1.0,100000
1D-exponential-2048p,2048,2048,0.1183802188328229,11,1.0804628454142937e-17,,seconds,0.0,0.0035101417452096,megabytes,0.0,0.0,0.0,0.0,0.0,0.0,0.0,0.0,success,sinkhorn,1.0,100000
1D-exponential-2048p,2048,2048,0.0167192948944702,11,8.634187709404941e-18,,seconds,0.0,0.0032617729157209,megabytes,0.0,0.0,0.0,0.0,0.0,0.0,0.0,0.0,success,sinkhorn,1.0,100000
1D-exponential-2048p,2048,2048,0.088777145578767,11,7.255198298175783e-18,,seconds,0.0,0.0031772907823324,megabytes,0.0,0.0,0.0,0.0,0.0,0.0,0.0,0.0,success,sinkhorn,1.0,100000
1D-exponential-2048p,2048,2048,0.070870710912636,11,6.8814816662457125e-18,,seconds,0.0,0.0032782703638076,megabytes,0.0,0.0,0.0,0.0,0.0,0.0,0.0,0.0,success,sinkhorn,1.0,100000
1D-exponential-2048p,2048,2048,0.0590172988153829,11,7.552734743755307e-18,,seconds,0.0,0.0032013915479183,megabytes,0.0,0.0,0.0,0.0,0.0,0.0,0.0,0.0,success,sinkhorn,1.0,100000
1D-exponential-2048p,2048,2048,0.1567746537183509,11,9.602480834202544e-18,,seconds,0.3016495704650879,0.0033059790730476,megabytes,88270.0,88270.0,0.0,0.0,0.065191936,0.065191936,0.0,0.0,success,sinkhorn,1.0,100000
1D-exponential-2048p,2048,2048,0.1348718988875728,11,9.599265603941025e-18,,seconds,0.0,0.0032501481473445,megabytes,0.0,0.0,0.0,0.0,0.0,0.0,0.0,0.0,success,sinkhorn,1.0,100000
1D-exponential-2048p,2048,2048,0.0591273686967711,11,6.5746380900862194e-18,,seconds,0.0,0.0031497832387685,megabytes,0.0,0.0,0.0,0.0,0.0,0.0,0.0,0.0,success,sinkhorn,1.0,100000
1D-exponential-2048p,2048,2048,0.0684568652048018,11,7.164389534588489e-18,,seconds,0.0,0.0033282861113548,megabytes,0.0,0.0,0.0,0.0,0.0,0.0,0.0,0.0,success,sinkhorn,1.0,100000
1D-exponential-2048p,2048,2048,0.1473509889479828,11,1.0128879908651905e-17,,seconds,0.2921714782714844,0.0032026004046201,megabytes,88270.0,88270.0,0.0,0.0,0.065077248,0.065077248,0.0,0.0,success,sinkhorn,1.0,100000
1D-exponential-2048p,2048,2048,0.1872876617047859,11,9.6515309578798e-18,,seconds,0.0,0.0031908918172121,megabytes,0.0,0.0,0.0,0.0,0.0,0.0,0.0,0.0,success,sinkhorn,1.0,100000
1D-exponential-2048p,2048,2048,0.0649503402003724,11,1.1506342978249617e-17,,seconds,0.0,0.0031814854592084,megabytes,0.0,0.0,0.0,0.0,0.0,0.0,0.0,0.0,success,sinkhorn,1.0,100000
1D-exponential-2048p,2048,2048,0.0722473992096047,11,8.90579051813786e-18,,seconds,0.0,0.0032236948609352,megabytes,0.0,0.0,0.0,0.0,0.0,0.0,0.0,0.0,success,sinkhorn,1.0,100000
1D-exponential-32p,32,32,0.0439688728167025,11,3.2851941975016334e-07,,seconds,0.0,0.0025181602686643,megabytes,0.0,0.0,0.0,0.0,0.0,0.0,0.0,0.0,success,sinkhorn,0.1,100000
1D-exponential-32p,32,32,0.028549204606927,11,4.750242051496249e-07,,seconds,0.0,0.0024744383990764,megabytes,0.0,0.0,0.0,0.0,0.0,0.0,0.0,0.0,success,sinkhorn,0.1,100000
1D-exponential-32p,32,32,0.1398535243442413,11,1.8306895931409574e-07,,seconds,0.0,0.0025145933032035,megabytes,0.0,0.0,0.0,0.0,0.0,0.0,0.0,0.0,success,sinkhorn,0.1,100000
1D-exponential-32p,32,32,0.1345617709836171,11,5.69588733668937e-13,,seconds,0.0,0.0025176163762807,megabytes,0.0,0.0,0.0,0.0,0.0,0.0,0.0,0.0,success,sinkhorn,0.1,100000
1D-exponential-32p,32,32,0.0518543672197391,11,2.7919918283787452e-08,,seconds,0.0,0.0028083436191082,megabytes,0.0,0.0,0.0,0.0,0.0,0.0,0.0,0.0,success,sinkhorn,0.1,100000
1D-exponential-32p,32,32,0.1068689097352052,11,3.739123108396626e-13,,seconds,0.0,0.0026038046926259,megabytes,0.0,0.0,0.0,0.0,0.0,0.0,0.0,0.0,success,sinkhorn,0.1,100000
1D-exponential-32p,32,32,0.0317089554658653,11,8.000815071129364e-08,,seconds,0.0,0.0027327872812747,megabytes,0.0,0.0,0.0,0.0,0.0,0.0,0.0,0.0,success,sinkhorn,0.1,100000
1D-exponential-32p,32,32,0.0446563935801688,11,7.303862581541433e-08,,seconds,0.0,0.0025264974683523,megabytes,0.0,0.0,0.0,0.0,0.0,0.0,0.0,0.0,success,sinkhorn,0.1,100000
1D-exponential-32p,32,32,0.0703000816860519,11,4.067055486166822e-14,,seconds,0.0,0.002497661858797,megabytes,0.0,0.0,0.0,0.0,0.0,0.0,0.0,0.0,success,sinkhorn,0.1,100000
1D-exponential-32p,32,32,0.1137132537136812,11,1.1775408148266065e-14,,seconds,0.0,0.0025668796151876,megabytes,0.0,0.0,0.0,0.0,0.0,0.0,0.0,0.0,success,sinkhorn,0.1,100000
1D-exponential-32p,32,32,0.0459691645119454,11,4.3632661493092186e-07,,seconds,0.0,0.0024935826659202,megabytes,0.0,0.0,0.0,0.0,0.0,0.0,0.0,0.0,success,sinkhorn,0.1,100000
1D-exponential-32p,32,32,0.0381977558506485,11,6.21984656751961e-08,,seconds,0.0,0.0024441815912723,megabytes,0.0,0.0,0.0,0.0,0.0,0.0,0.0,0.0,success,sinkhorn,0.1,100000
1D-exponential-32p,32,32,0.0356695346772853,11,3.918382386560236e-12,,seconds,0.0,0.0024765860289335,megabytes,0.0,0.0,0.0,0.0,0.0,0.0,0.0,0.0,success,sinkhorn,0.1,100000
1D-exponential-32p,32,32,0.0352851375086537,11,2.773634279957857e-09,,seconds,0.0,0.0024077985435724,megabytes,0.0,0.0,0.0,0.0,0.0,0.0,0.0,0.0,success,sinkhorn,0.1,100000
1D-exponential-32p,32,32,0.0592639578224226,11,5.910959893898169e-10,,seconds,0.0,0.0024669729173183,megabytes,0.0,0.0,0.0,0.0,0.0,0.0,0.0,0.0,success,sinkhorn,0.1,100000
1D-exponential-32p,32,32,0.0300397688995391,11,9.924445333668183e-08,,seconds,0.0,0.0025203023105859,megabytes,0.0,0.0,0.0,0.0,0.0,0.0,0.0,0.0,success,sinkhorn,0.1,100000
1D-exponential-32p,32,32,0.0454279450768692,11,5.288385190492077e-11,,seconds,0.0,0.002501543611288,megabytes,0.0,0.0,0.0,0.0,0.0,0.0,0.0,0.0,success,sinkhorn,0.1,100000
1D-exponential-32p,32,32,0.052056945392671,21,3.642570775457677e-09,,seconds,0.0,0.0027538798749446,megabytes,0.0,0.0,0.0,0.0,0.0,0.0,0.0,0.0,success,sinkhorn,0.1,100000
1D-exponential-32p,32,32,0.0896027001032438,21,1.1855769367554924e-10,,seconds,0.0,0.0027920305728912,megabytes,0.0,0.0,0.0,0.0,0.0,0.0,0.0,0.0,success,sinkhorn,0.1,100000
1D-exponential-32p,32,32,0.0292574544193832,11,6.502491875359211e-17,,seconds,0.0,0.0024816822260618,megabytes,0.0,0.0,0.0,0.0,0.0,0.0,0.0,0.0,success,sinkhorn,0.1,100000
1D-exponential-32p,32,32,0.0353741714641275,11,1.3721166126034817e-12,,seconds,0.0,0.0023827962577342,megabytes,0.0,0.0,0.0,0.0,0.0,0.0,0.0,0.0,success,sinkhorn,0.1,100000
1D-exponential-32p,32,32,0.1687873794435802,11,5.7713488100375134e-11,,seconds,0.0,0.0025036409497261,megabytes,0.0,0.0,0.0,0.0,0.0,0.0,0.0,0.0,success,sinkhorn,0.1,100000
1D-exponential-32p,32,32,0.0748086124215567,11,2.0415367248099136e-08,,seconds,0.0,0.0025355461984872,megabytes,0.0,0.0,0.0,0.0,0.0,0.0,0.0,0.0,success,sinkhorn,0.1,100000
1D-exponential-32p,32,32,0.066755186601478,11,9.652740426200357e-07,,seconds,0.0,0.0026184301823377,megabytes,0.0,0.0,0.0,0.0,0.0,0.0,0.0,0.0,success,sinkhorn,0.1,100000
1D-exponential-32p,32,32,0.035534112075332,11,1.243542943692551e-10,,seconds,0.0,0.0025165174156427,megabytes,0.0,0.0,0.0,0.0,0.0,0.0,0.0,0.0,success,sinkhorn,0.1,100000
1D-exponential-32p,32,32,0.0143806849826717,11,6.632659405013469e-17,,seconds,0.0,0.0024439245462417,megabytes,0.0,0.0,0.0,0.0,0.0,0.0,0.0,0.0,success,sinkhorn,0.1,100000
1D-exponential-32p,32,32,0.1548742361463886,11,4.999006059259503e-09,,seconds,0.0,0.0026065427809953,megabytes,0.0,0.0,0.0,0.0,0.0,0.0,0.0,0.0,success,sinkhorn,0.1,100000
1D-exponential-32p,32,32,0.0500455657601255,11,4.0247813828890985e-08,,seconds,0.0,0.0024586264044046,megabytes,0.0,0.0,0.0,0.0,0.0,0.0,0.0,0.0,success,sinkhorn,0.1,100000
1D-exponential-32p,32,32,0.1769307458485648,11,3.9239359079936146e-11,,seconds,0.0,0.0024795364588499,megabytes,0.0,0.0,0.0,0.0,0.0,0.0,0.0,0.0,success,sinkhorn,0.1,100000
1D-exponential-32p,32,32,0.0301707847110307,11,8.603167732087373e-07,,seconds,0.0,0.0025475937873125,megabytes,0.0,0.0,0.0,0.0,0.0,0.0,0.0,0.0,success,sinkhorn,0.1,100000
1D-exponential-64p,64,64,0.0466433938118038,11,5.190591237136031e-07,,seconds,0.0,0.0030747056007385,megabytes,0.0,0.0,0.0,0.0,0.0,0.0,0.0,0.0,success,sinkhorn,0.1,100000
1D-exponential-64p,64,64,0.0231404579114367,11,1.2458292405149631e-16,,seconds,0.0,0.0024300664663314,megabytes,0.0,0.0,0.0,0.0,0.0,0.0,0.0,0.0,success,sinkhorn,0.1,100000
1D-exponential-64p,64,64,0.0584184994561702,11,3.4859766175285095e-14,,seconds,0.0,0.0025885868817567,megabytes,0.0,0.0,0.0,0.0,0.0,0.0,0.0,0.0,success,sinkhorn,0.1,100000
1D-exponential-64p,64,64,0.1838876149690497,11,9.532449767539446e-11,,seconds,0.0,0.0023673642426729,megabytes,0.0,0.0,0.0,0.0,0.0,0.0,0.0,0.0,success,sinkhorn,0.1,100000
1D-exponential-64p,64,64,0.1349352838824721,11,2.573011147331317e-13,,seconds,0.0,0.0024541392922401,megabytes,0.0,0.0,0.0,0.0,0.0,0.0,0.0,0.0,success,sinkhorn,0.1,100000
1D-exponential-64p,64,64,0.0508606191069101,11,1.8026796233781646e-07,,seconds,0.0,0.0028524473309516,megabytes,0.0,0.0,0.0,0.0,0.0,0.0,0.0,0.0,success,sinkhorn,0.1,100000
1D-exponential-64p,64,64,0.0433939800371578,11,4.5045455973742194e-08,,seconds,0.0,0.0026312805712223,megabytes,0.0,0.0,0.0,0.0,0.0,0.0,0.0,0.0,success,sinkhorn,0.1,100000
1D-exponential-64p,64,64,0.0271076940439731,11,2.4362645261593834e-10,,seconds,0.0,0.002430897206068,megabytes,0.0,0.0,0.0,0.0,0.0,0.0,0.0,0.0,success,sinkhorn,0.1,100000
1D-exponential-64p,64,64,0.0501106229427051,11,6.420408604974848e-07,,seconds,0.0,0.0025380421429872,megabytes,0.0,0.0,0.0,0.0,0.0,0.0,0.0,0.0,success,sinkhorn,0.1,100000
1D-exponential-64p,64,64,0.0374549143783207,11,7.105672841919994e-09,,seconds,0.0,0.0024529062211513,megabytes,0.0,0.0,0.0,0.0,0.0,0.0,0.0,0.0,success,sinkhorn,0.1,100000
1D-exponential-64p,64,64,0.0313217766977761,11,5.110816864835557e-07,,seconds,0.0,0.0024525821208953,megabytes,0.0,0.0,0.0,0.0,0.0,0.0,0.0,0.0,success,sinkhorn,0.1,100000
1D-exponential-64p,64,64,0.0391582810846286,11,7.378710607832713e-08,,seconds,0.0,0.0024200193583965,megabytes,0.0,0.0,0.0,0.0,0.0,0.0,0.0,0.0,success,sinkhorn,0.1,100000
1D-exponential-64p,64,64,0.1305282075357829,11,9.057300835841918e-11,,seconds,0.0,0.0024015922099351,megabytes,0.0,0.0,0.0,0.0,0.0,0.0,0.0,0.0,success,sinkhorn,0.1,100000
1D-exponential-64p,64,64,0.1078205541801567,11,3.516917727331361e-13,,seconds,0.0,0.0024195201694965,megabytes,0.0,0.0,0.0,0.0,0.0,0.0,0.0,0.0,success,sinkhorn,0.1,100000
1D-exponential-64p,64,64,0.0353315107751823,11,1.3141067502647025e-12,,seconds,0.0,0.0024021361023187,megabytes,0.0,0.0,0.0,0.0,0.0,0.0,0.0,0.0,success,sinkhorn,0.1,100000
1D-exponential-64p,64,64,0.0558059730496954,11,9.058711013881278e-11,,seconds,0.0,0.0024297963827848,megabytes,0.0,0.0,0.0,0.0,0.0,0.0,0.0,0.0,success,sinkhorn,0.1,100000
1D-exponential-64p,64,64,0.0331063438654905,11,2.2941724629513185e-08,,seconds,0.0,0.0024133417755365,megabytes,0.0,0.0,0.0,0.0,0.0,0.0,0.0,0.0,success,sinkhorn,0.1,100000
1D-exponential-64p,64,64,0.0520151843011421,11,2.1412993278107405e-08,,seconds,0.0,0.0025549903512001,megabytes,0.0,0.0,0.0,0.0,0.0,0.0,0.0,0.0,success,sinkhorn,0.1,100000
1D-exponential-64p,64,64,0.051016575752435,11,8.529593322360915e-10,,seconds,0.0,0.0024056006222963,megabytes,0.0,0.0,0.0,0.0,0.0,0.0,0.0,0.0,success,sinkhorn,0.1,100000
1D-exponential-64p,64,64,0.0634220492777923,11,2.8212771400322765e-08,,seconds,0.0,0.0024025756865739,megabytes,0.0,0.0,0.0,0.0,0.0,0.0,0.0,0.0,success,sinkhorn,0.1,100000
1D-exponential-64p,64,64,0.0307616294719212,21,4.312463447657127e-11,,seconds,0.0,0.0027638766914606,megabytes,0.0,0.0,0.0,0.0,0.0,0.0,0.0,0.0,success,sinkhorn,0.1,100000
1D-exponential-64p,64,64,0.0355994560691922,11,2.192828776000174e-09,,seconds,0.0,0.0026498511433601,megabytes,0.0,0.0,0.0,0.0,0.0,0.0,0.0,0.0,success,sinkhorn,0.1,100000
1D-exponential-64p,64,64,0.0301884882155058,11,7.350195722964079e-08,,seconds,0.0,0.0024659503251314,megabytes,0.0,0.0,0.0,0.0,0.0,0.0,0.0,0.0,success,sinkhorn,0.1,100000
1D-exponential-64p,64,64,0.1142509871699734,11,6.998369914418972e-15,,seconds,0.0,0.0024934895336627,megabytes,0.0,0.0,0.0,0.0,0.0,0.0,0.0,0.0,success,sinkhorn,0.1,100000
1D-exponential-64p,64,64,0.0362480948184592,11,3.5552176881287576e-12,,seconds,0.0,0.0024526789784431,megabytes,0.0,0.0,0.0,0.0,0.0,0.0,0.0,0.0,success,sinkhorn,0.1,100000
1D-exponential-64p,64,64,0.038781797926878,21,1.5207460581512195e-09,,seconds,0.0,0.0026452206075191,megabytes,0.0,0.0,0.0,0.0,0.0,0.0,0.0,0.0,success,sinkhorn,0.1,100000
1D-exponential-64p,64,64,0.1207304758640172,11,9.960477482995189e-08,,seconds,0.0,0.0025942623615264,megabytes,0.0,0.0,0.0,0.0,0.0,0.0,0.0,0.0,success,sinkhorn,0.1,100000
1D-exponential-64p,64,64,0.0895732528165531,21,8.97609676609397e-11,,seconds,0.0,0.0028803385794162,megabytes,0.0,0.0,0.0,0.0,0.0,0.0,0.0,0.0,success,sinkhorn,0.1,100000
1D-exponential-64p,64,64,0.1150013694515542,11,4.205799139394609e-09,,seconds,0.0,0.002418678253889,megabytes,0.0,0.0,0.0,0.0,0.0,0.0,0.0,0.0,success,sinkhorn,0.1,100000
1D-exponential-64p,64,64,0.0137290509126622,11,7.358067267227384e-17,,seconds,0.0,0.0024276878684759,megabytes,0.0,0.0,0.0,0.0,0.0,0.0,0.0,0.0,success,sinkhorn,0.1,100000
1D-exponential-128p,128,128,0.0466519839494596,11,2.7375969463748067e-08,,seconds,0.0,0.0029456615447998,megabytes,0.0,0.0,0.0,0.0,0.0,0.0,0.0,0.0,success,sinkhorn,0.1,100000
1D-exponential-128p,128,128,0.1814050104320614,11,4.305921664101363e-11,,seconds,0.0,0.0023947563022375,megabytes,0.0,0.0,0.0,0.0,0.0,0.0,0.0,0.0,success,sinkhorn,0.1,100000
1D-exponential-128p,128,128,0.0447271921767656,21,1.5641890839105735e-09,,seconds,0.0,0.002934468910098,megabytes,0.0,0.0,0.0,0.0,0.0,0.0,0.0,0.0,success,sinkhorn,0.1,100000
1D-exponential-128p,128,128,0.114760335530749,11,5.522295903717318e-15,,seconds,0.0,0.0025005880743265,megabytes,0.0,0.0,0.0,0.0,0.0,0.0,0.0,0.0,success,sinkhorn,0.1,100000
1D-exponential-128p,128,128,0.0302255589574374,11,5.2577360037557524e-08,,seconds,0.0,0.0025294069200754,megabytes,0.0,0.0,0.0,0.0,0.0,0.0,0.0,0.0,success,sinkhorn,0.1,100000
1D-exponential-128p,128,128,0.1207576257327823,11,7.186488554039251e-08,,seconds,0.0,0.0024354867637157,megabytes,0.0,0.0,0.0,0.0,0.0,0.0,0.0,0.0,success,sinkhorn,0.1,100000
1D-exponential-128p,128,128,0.1500175964060782,11,5.076840721611514e-11,,seconds,0.0,0.0024710427969694,megabytes,0.0,0.0,0.0,0.0,0.0,0.0,0.0,0.0,success,sinkhorn,0.1,100000
1D-exponential-128p,128,128,0.0509744992183661,11,1.2935525476872184e-07,,seconds,0.0,0.0024222210049629,megabytes,0.0,0.0,0.0,0.0,0.0,0.0,0.0,0.0,success,sinkhorn,0.1,100000
1D-exponential-128p,128,128,0.034449497942122,11,2.6255747901618836e-08,,seconds,0.0,0.002485267817974,megabytes,0.0,0.0,0.0,0.0,0.0,0.0,0.0,0.0,success,sinkhorn,0.1,100000
1D-exponential-128p,128,128,0.034375435380654,11,3.868688520591712e-12,,seconds,0.0,0.0024437773972749,megabytes,0.0,0.0,0.0,0.0,0.0,0.0,0.0,0.0,success,sinkhorn,0.1,100000
1D-exponential-128p,128,128,0.038082486165399,11,1.9841975143823586e-08,,seconds,0.0,0.0023992005735635,megabytes,0.0,0.0,0.0,0.0,0.0,0.0,0.0,0.0,success,sinkhorn,0.1,100000
1D-exponential-128p,128,128,0.0289691491703116,11,1.0445920592085778e-16,,seconds,0.0,0.002514399588108,megabytes,0.0,0.0,0.0,0.0,0.0,0.0,0.0,0.0,success,sinkhorn,0.1,100000
1D-exponential-128p,128,128,0.0335987065159922,11,9.965707991722011e-13,,seconds,0.0,0.0024084579199552,megabytes,0.0,0.0,0.0,0.0,0.0,0.0,0.0,0.0,success,sinkhorn,0.1,100000
1D-exponential-128p,128,128,0.028443636287459,11,1.3179919541688148e-10,,seconds,0.0,0.0024912171065807,megabytes,0.0,0.0,0.0,0.0,0.0,0.0,0.0,0.0,success,sinkhorn,0.1,100000
1D-exponential-128p,128,128,0.057909747579235,11,5.018669519600451e-07,,seconds,0.0,0.0025153663009405,megabytes,0.0,0.0,0.0,0.0,0.0,0.0,0.0,0.0,success,sinkhorn,0.1,100000
1D-exponential-128p,128,128,0.0511415739159167,11,6.264959104341571e-10,,seconds,0.0,0.0024815127253532,megabytes,0.0,0.0,0.0,0.0,0.0,0.0,0.0,0.0,success,sinkhorn,0.1,100000
1D-exponential-128p,128,128,0.0139364080900566,11,4.175772681622698e-17,,seconds,0.0,0.0024320390075445,megabytes,0.0,0.0,0.0,0.0,0.0,0.0,0.0,0.0,success,sinkhorn,0.1,100000
1D-exponential-128p,128,128,0.0572858137545997,11,1.95545472063652e-08,,seconds,0.0,0.0023991111665964,megabytes,0.0,0.0,0.0,0.0,0.0,0.0,0.0,0.0,success,sinkhorn,0.1,100000
1D-exponential-128p,128,128,0.0459115766948966,11,6.069652318311111e-11,,seconds,0.0,0.002525869756937,megabytes,0.0,0.0,0.0,0.0,0.0,0.0,0.0,0.0,success,sinkhorn,0.1,100000
1D-exponential-128p,128,128,0.0578683251227334,11,1.5951963059929048e-08,,seconds,0.0,0.002660222351551,megabytes,0.0,0.0,0.0,0.0,0.0,0.0,0.0,0.0,success,sinkhorn,0.1,100000
1D-exponential-128p,128,128,0.1240511900551106,11,2.4230782000024027e-09,,seconds,0.0,0.0026017390191555,megabytes,0.0,0.0,0.0,0.0,0.0,0.0,0.0,0.0,success,sinkhorn,0.1,100000
1D-exponential-128p,128,128,0.0308090999731924,11,8.571288700497943e-07,,seconds,0.0,0.0023677814751863,megabytes,0.0,0.0,0.0,0.0,0.0,0.0,0.0,0.0,success,sinkhorn,0.1,100000
1D-exponential-128p,128,128,0.0299515246461735,11,2.929134975047404e-07,,seconds,0.0,0.0025535784661769,megabytes,0.0,0.0,0.0,0.0,0.0,0.0,0.0,0.0,success,sinkhorn,0.1,100000
1D-exponential-128p,128,128,0.0419032139649722,11,4.70279581068296e-08,,seconds,0.0,0.0026429127901792,megabytes,0.0,0.0,0.0,0.0,0.0,0.0,0.0,0.0,success,sinkhorn,0.1,100000
1D-exponential-128p,128,128,0.1248611203542514,11,2.553288407864797e-13,,seconds,0.0,0.0025472305715084,megabytes,0.0,0.0,0.0,0.0,0.0,0.0,0.0,0.0,success,sinkhorn,0.1,100000
1D-exponential-128p,128,128,0.0356782771432212,11,1.5942801525941106e-09,,seconds,0.0,0.0023717395961284,megabytes,0.0,0.0,0.0,0.0,0.0,0.0,0.0,0.0,success,sinkhorn,0.1,100000
1D-exponential-128p,128,128,0.0989569511004657,11,2.4287872648982e-13,,seconds,0.0,0.0025186017155647,megabytes,0.0,0.0,0.0,0.0,0.0,0.0,0.0,0.0,success,sinkhorn,0.1,100000
1D-exponential-128p,128,128,0.0511466702972227,11,3.7690115613999353e-07,,seconds,0.0,0.0025591179728507,megabytes,0.0,0.0,0.0,0.0,0.0,0.0,0.0,0.0,success,sinkhorn,0.1,100000
1D-exponential-128p,128,128,0.0827117710706905,21,8.729278952963565e-11,,seconds,0.0,0.0028234627097845,megabytes,0.0,0.0,0.0,0.0,0.0,0.0,0.0,0.0,success,sinkhorn,0.1,100000
1D-exponential-128p,128,128,0.0586866156978787,11,2.7052679287504424e-14,,seconds,0.0,0.0025622304528951,megabytes,0.0,0.0,0.0,0.0,0.0,0.0,0.0,0.0,success,sinkhorn,0.1,100000
1D-exponential-256p,256,256,0.0277369251232632,11,1.0994715949038719e-10,,seconds,0.0,0.002937288954854,megabytes,0.0,0.0,0.0,0.0,0.0,0.0,0.0,0.0,success,sinkhorn,0.1,100000
1D-exponential-256p,256,256,0.0306208263970032,11,2.324442242081043e-07,,seconds,0.0,0.0025131665170192,megabytes,0.0,0.0,0.0,0.0,0.0,0.0,0.0,0.0,success,sinkhorn,0.1,100000
1D-exponential-256p,256,256,0.03679228467998,11,1.5563939250695445e-08,,seconds,0.0,0.0026173330843448,megabytes,0.0,0.0,0.0,0.0,0.0,0.0,0.0,0.0,success,sinkhorn,0.1,100000
1D-exponential-256p,256,256,0.1035073083492067,11,1.834920710754723e-13,,seconds,0.0,0.0025946181267499,megabytes,0.0,0.0,0.0,0.0,0.0,0.0,0.0,0.0,success,sinkhorn,0.1,100000
1D-exponential-256p,256,256,0.0606183838700094,11,1.2836899007889932e-08,,seconds,0.0,0.0025043860077857,megabytes,0.0,0.0,0.0,0.0,0.0,0.0,0.0,0.0,success,sinkhorn,0.1,100000
1D-exponential-256p,256,256,0.0313578105553348,11,5.919618001595913e-07,,seconds,0.0,0.0025043170899152,megabytes,0.0,0.0,0.0,0.0,0.0,0.0,0.0,0.0,success,sinkhorn,0.1,100000
1D-exponential-256p,256,256,0.0359148129159042,11,1.1611382319769246e-08,,seconds,0.0,0.0025379266589879,megabytes,0.0,0.0,0.0,0.0,0.0,0.0,0.0,0.0,success,sinkhorn,0.1,100000
1D-exponential-256p,256,256,0.0546233516143717,11,1.2374741115264847e-08,,seconds,0.0,0.00253526866436,megabytes,0.0,0.0,0.0,0.0,0.0,0.0,0.0,0.0,success,sinkhorn,0.1,100000
1D-exponential-256p,256,256,0.0793958032476997,21,5.3340593279679064e-11,,seconds,0.0,0.0028922315686941,megabytes,0.0,0.0,0.0,0.0,0.0,0.0,0.0,0.0,success,sinkhorn,0.1,100000
1D-exponential-256p,256,256,0.0289517579932898,11,7.085269273717647e-17,,seconds,0.0,0.0025416202843189,megabytes,0.0,0.0,0.0,0.0,0.0,0.0,0.0,0.0,success,sinkhorn,0.1,100000
1D-exponential-256p,256,256,0.0139593967282284,11,5.1107526884538556e-17,,seconds,0.0,0.0025148130953311,megabytes,0.0,0.0,0.0,0.0,0.0,0.0,0.0,0.0,success,sinkhorn,0.1,100000
1D-exponential-256p,256,256,0.0431737665196,21,1.144177615095947e-09,,seconds,0.0,0.0029333364218473,megabytes,0.0,0.0,0.0,0.0,0.0,0.0,0.0,0.0,success,sinkhorn,0.1,100000
1D-exponential-256p,256,256,0.0340005346842197,11,7.941136661964408e-13,,seconds,0.0,0.0024921670556068,megabytes,0.0,0.0,0.0,0.0,0.0,0.0,0.0,0.0,success,sinkhorn,0.1,100000
1D-exponential-256p,256,256,0.0538625697220204,11,3.437486404910949e-07,,seconds,0.0,0.0024505276232957,megabytes,0.0,0.0,0.0,0.0,0.0,0.0,0.0,0.0,success,sinkhorn,0.1,100000
1D-exponential-256p,256,256,0.1297107393393865,11,4.7743903695124106e-08,,seconds,0.0,0.0025650691241025,megabytes,0.0,0.0,0.0,0.0,0.0,0.0,0.0,0.0,success,sinkhorn,0.1,100000
1D-exponential-256p,256,256,0.0481617304050976,11,3.845216976401374e-11,,seconds,0.0,0.002647791057825,megabytes,0.0,0.0,0.0,0.0,0.0,0.0,0.0,0.0,success,sinkhorn,0.1,100000
1D-exponential-256p,256,256,0.1148886634863993,11,4.022339568221475e-15,,seconds,0.0,0.0026586111634969,megabytes,0.0,0.0,0.0,0.0,0.0,0.0,0.0,0.0,success,sinkhorn,0.1,100000
1D-exponential-256p,256,256,0.055922872306793,11,4.3514719982246045e-10,,seconds,0.0,0.0025444161146879,megabytes,0.0,0.0,0.0,0.0,0.0,0.0,0.0,0.0,success,sinkhorn,0.1,100000
1D-exponential-256p,256,256,0.119420657002789,11,1.943535341308316e-09,,seconds,0.0,0.002553068101406,megabytes,0.0,0.0,0.0,0.0,0.0,0.0,0.0,0.0,success,sinkhorn,0.1,100000
1D-exponential-256p,256,256,0.0405278177526836,11,3.5666962814117544e-08,,seconds,0.0,0.0024978630244731,megabytes,0.0,0.0,0.0,0.0,0.0,0.0,0.0,0.0,success,sinkhorn,0.1,100000
1D-exponential-256p,256,256,0.0587539408829954,11,1.9543514196293013e-14,,seconds,0.0,0.0023799818009138,megabytes,0.0,0.0,0.0,0.0,0.0,0.0,0.0,0.0,success,sinkhorn,0.1,100000
1D-exponential-256p,256,256,0.1301482972132309,11,1.9125210601313874e-13,,seconds,0.0,0.0025366377085447,megabytes,0.0,0.0,0.0,0.0,0.0,0.0,0.0,0.0,success,sinkhorn,0.1,100000
1D-exponential-256p,256,256,0.0450064110600836,11,2.1269935218067385e-08,,seconds,0.0,0.0025690458714962,megabytes,0.0,0.0,0.0,0.0,0.0,0.0,0.0,0.0,success,sinkhorn,0.1,100000
1D-exponential-256p,256,256,0.0370142531933387,11,2.534314135376694e-12,,seconds,0.0,0.0025533232837915,megabytes,0.0,0.0,0.0,0.0,0.0,0.0,0.0,0.0,success,sinkhorn,0.1,100000
1D-exponential-256p,256,256,0.0344724403263915,11,1.305624778177702e-09,,seconds,0.0,0.0025301221758127,megabytes,0.0,0.0,0.0,0.0,0.0,0.0,0.0,0.0,success,sinkhorn,0.1,100000
1D-exponential-256p,256,256,0.1501145457474167,11,3.636562622798816e-11,,seconds,0.0,0.0024793315678834,megabytes,0.0,0.0,0.0,0.0,0.0,0.0,0.0,0.0,success,sinkhorn,0.1,100000
1D-exponential-256p,256,256,0.0513311144134187,11,1.0393011792336008e-07,,seconds,0.0,0.0024017784744501,megabytes,0.0,0.0,0.0,0.0,0.0,0.0,0.0,0.0,success,sinkhorn,0.1,100000
1D-exponential-256p,256,256,0.051163009548079,11,2.672425641020059e-07,,seconds,0.0,0.0026593450456857,megabytes,0.0,0.0,0.0,0.0,0.0,0.0,0.0,0.0,success,sinkhorn,0.1,100000
1D-exponential-256p,256,256,0.030234819778763,11,3.728522193939437e-08,,seconds,0.0,0.0025844536721706,megabytes,0.0,0.0,0.0,0.0,0.0,0.0,0.0,0.0,success,sinkhorn,0.1,100000
1D-exponential-256p,256,256,0.1767336947432379,11,3.858542608293415e-11,,seconds,0.0,0.0025026928633451,megabytes,0.0,0.0,0.0,0.0,0.0,0.0,0.0,0.0,success,sinkhorn,0.1,100000
1D-exponential-512p,512,512,0.0494029162119593,11,2.9826275999059086e-11,,seconds,0.0,0.0029068198055028,megabytes,0.0,0.0,0.0,0.0,0.0,0.0,0.0,0.0,success,sinkhorn,0.1,100000
1D-exponential-512p,512,512,0.0313608586799435,11,4.1879196396004237e-07,,seconds,0.0,0.0025778859853744,megabytes,0.0,0.0,0.0,0.0,0.0,0.0,0.0,0.0,success,sinkhorn,0.1,100000
1D-exponential-512p,512,512,0.0533940016067524,11,9.261022094809392e-09,,seconds,0.0,0.0025181788951158,megabytes,0.0,0.0,0.0,0.0,0.0,0.0,0.0,0.0,success,sinkhorn,0.1,100000
1D-exponential-512p,512,512,0.035179488957526,11,1.2144375043746168e-08,,seconds,0.0,0.0026170946657657,megabytes,0.0,0.0,0.0,0.0,0.0,0.0,0.0,0.0,success,sinkhorn,0.1,100000
1D-exponential-512p,512,512,0.0488398429730024,11,1.7800294830761993e-07,,seconds,0.0,0.0025933925062417,megabytes,0.0,0.0,0.0,0.0,0.0,0.0,0.0,0.0,success,sinkhorn,0.1,100000
1D-exponential-512p,512,512,0.0413415186777587,11,2.7443162969123064e-08,,seconds,0.0,0.002625361084938,megabytes,0.0,0.0,0.0,0.0,0.0,0.0,0.0,0.0,success,sinkhorn,0.1,100000
1D-exponential-512p,512,512,0.054944207747719,11,2.5270762894505977e-07,,seconds,0.0,0.0028040912002325,megabytes,0.0,0.0,0.0,0.0,0.0,0.0,0.0,0.0,success,sinkhorn,0.1,100000
1D-exponential-512p,512,512,0.0614540431587639,11,1.2656563387191584e-14,,seconds,0.0,0.0026222467422485,megabytes,0.0,0.0,0.0,0.0,0.0,0.0,0.0,0.0,success,sinkhorn,0.1,100000
1D-exponential-512p,512,512,0.0513382562601467,11,7.35555168692646e-08,,seconds,0.0,0.0025338474661111,megabytes,0.0,0.0,0.0,0.0,0.0,0.0,0.0,0.0,success,sinkhorn,0.1,100000
1D-exponential-512p,512,512,0.0467619707272549,11,1.567314395719342e-08,,seconds,0.0,0.0025563053786754,megabytes,0.0,0.0,0.0,0.0,0.0,0.0,0.0,0.0,success,sinkhorn,0.1,100000
1D-exponential-512p,512,512,0.0337928640698957,11,5.369621186164063e-13,,seconds,0.0,0.0026549529284238,megabytes,0.0,0.0,0.0,0.0,0.0,0.0,0.0,0.0,success,sinkhorn,0.1,100000
1D-exponential-512p,512,512,0.0826871135359876,11,9.714350795782404e-07,,seconds,0.0,0.0026029907166957,megabytes,0.0,0.0,0.0,0.0,0.0,0.0,0.0,0.0,success,sinkhorn,0.1,100000
1D-exponential-512p,512,512,0.1327575101418358,11,1.2702840580870664e-13,,seconds,0.0,0.0026831571012735,megabytes,0.0,0.0,0.0,0.0,0.0,0.0,0.0,0.0,success,sinkhorn,0.1,100000
1D-exponential-512p,512,512,0.1251893881952135,11,3.49948744877884e-08,,seconds,0.0,0.0026328153908252,megabytes,0.0,0.0,0.0,0.0,0.0,0.0,0.0,0.0,success,sinkhorn,0.1,100000
1D-exponential-512p,512,512,0.1151093250971853,11,3.11548102412708e-15,,seconds,0.0,0.0025114566087722,megabytes,0.0,0.0,0.0,0.0,0.0,0.0,0.0,0.0,success,sinkhorn,0.1,100000
1D-exponential-512p,512,512,0.0302371345543474,11,2.6383652923763384e-08,,seconds,0.0,0.0026513040065765,megabytes,0.0,0.0,0.0,0.0,0.0,0.0,0.0,0.0,success,sinkhorn,0.1,100000
1D-exponential-512p,512,512,0.0344772429626531,11,9.247782810166163e-10,,seconds,0.0,0.0027085784822702,megabytes,0.0,0.0,0.0,0.0,0.0,0.0,0.0,0.0,success,sinkhorn,0.1,100000
1D-exponential-512p,512,512,0.0284919852775775,11,7.369283846762696e-11,,seconds,0.0,0.0025445912033319,megabytes,0.0,0.0,0.0,0.0,0.0,0.0,0.0,0.0,success,sinkhorn,0.1,100000
1D-exponential-512p,512,512,0.0431767416989716,21,8.095869567549301e-10,,seconds,0.0,0.0030096042901277,megabytes,0.0,0.0,0.0,0.0,0.0,0.0,0.0,0.0,success,sinkhorn,0.1,100000
1D-exponential-512p,512,512,0.1791224704202518,11,2.4482664225128547e-11,,seconds,0.0,0.0026134140789508,megabytes,0.0,0.0,0.0,0.0,0.0,0.0,0.0,0.0,success,sinkhorn,0.1,100000
1D-exponential-512p,512,512,0.0619318019282012,11,8.506623302370091e-09,,seconds,0.0,0.0025755502283573,megabytes,0.0,0.0,0.0,0.0,0.0,0.0,0.0,0.0,success,sinkhorn,0.1,100000
1D-exponential-512p,512,512,0.0361910355181139,11,1.7204738809194162e-12,,seconds,0.0,0.0024787038564682,megabytes,0.0,0.0,0.0,0.0,0.0,0.0,0.0,0.0,success,sinkhorn,0.1,100000
1D-exponential-512p,512,512,0.1012606264036555,11,1.272378746547011e-13,,seconds,0.0,0.0026535782963037,megabytes,0.0,0.0,0.0,0.0,0.0,0.0,0.0,0.0,success,sinkhorn,0.1,100000
1D-exponential-512p,512,512,0.0302817438359525,11,1.5556186449686573e-07,,seconds,0.0,0.0026371739804744,megabytes,0.0,0.0,0.0,0.0,0.0,0.0,0.0,0.0,success,sinkhorn,0.1,100000
1D-exponential-512p,512,512,0.1474403480977904,11,2.5573758707548398e-11,,seconds,0.0,0.0026321858167648,megabytes,0.0,0.0,0.0,0.0,0.0,0.0,0.0,0.0,success,sinkhorn,0.1,100000
1D-exponential-512p,512,512,0.0559311287907236,11,3.084333453274283e-10,,seconds,0.0,0.0025449451059103,megabytes,0.0,0.0,0.0,0.0,0.0,0.0,0.0,0.0,success,sinkhorn,0.1,100000
1D-exponential-512p,512,512,0.121708676489679,11,1.2983105158994503e-09,,seconds,0.0,0.0026313792914152,megabytes,0.0,0.0,0.0,0.0,0.0,0.0,0.0,0.0,success,sinkhorn,0.1,100000
1D-exponential-512p,512,512,0.0289474077139013,11,4.381630680262977e-17,,seconds,0.0,0.0026186890900135,megabytes,0.0,0.0,0.0,0.0,0.0,0.0,0.0,0.0,success,sinkhorn,0.1,100000
1D-exponential-512p,512,512,0.0367947546062161,11,1.1018049236834858e-08,,seconds,0.0,0.0026895534247159,megabytes,0.0,0.0,0.0,0.0,0.0,0.0,0.0,0.0,success,sinkhorn,0.1,100000
1D-exponential-512p,512,512,0.0139651505406343,11,2.6153080358076723e-17,,seconds,0.0,0.0026125684380531,megabytes,0.0,0.0,0.0,0.0,0.0,0.0,0.0,0.0,success,sinkhorn,0.1,100000
1D-exponential-1024p,1024,1024,0.053394623774118,11,6.5505561390130465e-09,,seconds,0.0,0.0031642690300941,megabytes,0.0,0.0,0.0,0.0,0.0,0.0,0.0,0.0,success,sinkhorn,0.1,100000
1D-exponential-1024p,1024,1024,0.0499902637901044,11,1.298695397170103e-07,,seconds,0.0,0.002791378647089,megabytes,0.0,0.0,0.0,0.0,0.0,0.0,0.0,0.0,success,sinkhorn,0.1,100000
1D-exponential-1024p,1024,1024,0.0312181091178185,11,2.982130719243397e-07,,seconds,0.0,0.0025671944022178,megabytes,0.0,0.0,0.0,0.0,0.0,0.0,0.0,0.0,success,sinkhorn,0.1,100000
1D-exponential-1024p,1024,1024,0.0467624483835568,11,1.1085889135921514e-08,,seconds,0.0,0.0025621093809604,megabytes,0.0,0.0,0.0,0.0,0.0,0.0,0.0,0.0,success,sinkhorn,0.1,100000
1D-exponential-1024p,1024,1024,0.1251898038831762,11,2.4753014980823632e-08,,seconds,0.0,0.0025721434503793,megabytes,0.0,0.0,0.0,0.0,0.0,0.0,0.0,0.0,success,sinkhorn,0.1,100000
1D-exponential-1024p,1024,1024,0.0139665894099523,11,2.016035557550441e-17,,seconds,0.0,0.0025851540267467,megabytes,0.0,0.0,0.0,0.0,0.0,0.0,0.0,0.0,success,sinkhorn,0.1,100000
1D-exponential-1024p,1024,1024,0.0413423054135416,11,1.941065127629794e-08,,seconds,0.0,0.0026617832481861,megabytes,0.0,0.0,0.0,0.0,0.0,0.0,0.0,0.0,success,sinkhorn,0.1,100000
1D-exponential-1024p,1024,1024,0.0367953720616892,11,7.79318078584718e-09,,seconds,0.0,0.0025197099894285,megabytes,0.0,0.0,0.0,0.0,0.0,0.0,0.0,0.0,success,sinkhorn,0.1,100000
1D-exponential-1024p,1024,1024,0.0548480520165756,11,1.7382724330747414e-07,,seconds,0.0,0.0026053059846162,megabytes,0.0,0.0,0.0,0.0,0.0,0.0,0.0,0.0,success,sinkhorn,0.1,100000
1D-exponential-1024p,1024,1024,0.0285281845373461,11,5.779937444527194e-17,,seconds,0.0,0.00247666798532,megabytes,0.0,0.0,0.0,0.0,0.0,0.0,0.0,0.0,success,sinkhorn,0.1,100000
1D-exponential-1024p,1024,1024,0.1314601312039002,11,9.298211313937461e-14,,seconds,0.0,0.0025956984609365,megabytes,0.0,0.0,0.0,0.0,0.0,0.0,0.0,0.0,success,sinkhorn,0.1,100000
1D-exponential-1024p,1024,1024,0.1487917977923941,11,1.817726033375324e-11,,seconds,0.0,0.0025458019226789,megabytes,0.0,0.0,0.0,0.0,0.0,0.0,0.0,0.0,success,sinkhorn,0.1,100000
1D-exponential-1024p,1024,1024,0.0518040842907334,11,5.099471310946174e-08,,seconds,0.0,0.00257483497262,megabytes,0.0,0.0,0.0,0.0,0.0,0.0,0.0,0.0,success,sinkhorn,0.1,100000
1D-exponential-1024p,1024,1024,0.03028260459709,11,1.1001629679571336e-07,,seconds,0.0,0.0025055408477783,megabytes,0.0,0.0,0.0,0.0,0.0,0.0,0.0,0.0,success,sinkhorn,0.1,100000
1D-exponential-1024p,1024,1024,0.0338272416382363,11,3.725614768575411e-13,,seconds,0.0,0.0027131102979183,megabytes,0.0,0.0,0.0,0.0,0.0,0.0,0.0,0.0,success,sinkhorn,0.1,100000
1D-exponential-1024p,1024,1024,0.1139418641433777,11,2.1863080893607416e-15,,seconds,0.0,0.0026211887598037,megabytes,0.0,0.0,0.0,0.0,0.0,0.0,0.0,0.0,success,sinkhorn,0.1,100000
1D-exponential-1024p,1024,1024,0.1779411866806123,11,1.832091353941019e-11,,seconds,0.0,0.0025283508002758,megabytes,0.0,0.0,0.0,0.0,0.0,0.0,0.0,0.0,success,sinkhorn,0.1,100000
1D-exponential-1024p,1024,1024,0.0281011446940919,11,5.368375421760735e-11,,seconds,0.0,0.0024657882750034,megabytes,0.0,0.0,0.0,0.0,0.0,0.0,0.0,0.0,success,sinkhorn,0.1,100000
1D-exponential-1024p,1024,1024,0.0302377132213728,11,1.865942351427704e-08,,seconds,0.0,0.0026116725057363,megabytes,0.0,0.0,0.0,0.0,0.0,0.0,0.0,0.0,success,sinkhorn,0.1,100000
1D-exponential-1024p,1024,1024,0.0361932902389706,11,1.217708805425763e-12,,seconds,0.0,0.0025953445583581,megabytes,0.0,0.0,0.0,0.0,0.0,0.0,0.0,0.0,success,sinkhorn,0.1,100000
1D-exponential-1024p,1024,1024,0.0427680069630413,21,5.47280082414472e-10,,seconds,0.0,0.0032364409416913,megabytes,0.0,0.0,0.0,0.0,0.0,0.0,0.0,0.0,success,sinkhorn,0.1,100000
1D-exponential-1024p,1024,1024,0.0619324107258916,11,6.017111678287545e-09,,seconds,0.0,0.0026495214551687,megabytes,0.0,0.0,0.0,0.0,0.0,0.0,0.0,0.0,success,sinkhorn,0.1,100000
1D-exponential-1024p,1024,1024,0.0482040323464105,11,2.0818223587646388e-11,,seconds,0.0,0.0025857482105493,megabytes,0.0,0.0,0.0,0.0,0.0,0.0,0.0,0.0,success,sinkhorn,0.1,100000
1D-exponential-1024p,1024,1024,0.0826870411433119,11,6.870084973988687e-07,,seconds,0.0,0.0027018804103136,megabytes,0.0,0.0,0.0,0.0,0.0,0.0,0.0,0.0,success,sinkhorn,0.1,100000
1D-exponential-1024p,1024,1024,0.0606759859706982,11,8.861475628290989e-15,,seconds,0.0,0.0025946497917175,megabytes,0.0,0.0,0.0,0.0,0.0,0.0,0.0,0.0,success,sinkhorn,0.1,100000
1D-exponential-1024p,1024,1024,0.1217268676766092,11,9.740706269014547e-10,,seconds,0.0,0.0027836449444293,megabytes,0.0,0.0,0.0,0.0,0.0,0.0,0.0,0.0,success,sinkhorn,0.1,100000
1D-exponential-1024p,1024,1024,0.0351799409973451,11,8.588256429435594e-09,,seconds,0.0,0.0026137474924325,megabytes,0.0,0.0,0.0,0.0,0.0,0.0,0.0,0.0,success,sinkhorn,0.1,100000
1D-exponential-1024p,1024,1024,0.1014563673957596,11,9.734563490245193e-14,,seconds,0.0,0.0026303976774215,megabytes,0.0,0.0,0.0,0.0,0.0,0.0,0.0,0.0,success,sinkhorn,0.1,100000
1D-exponential-1024p,1024,1024,0.0553792219101497,11,2.2557062885221692e-10,,seconds,0.0,0.0025914590805768,megabytes,0.0,0.0,0.0,0.0,0.0,0.0,0.0,0.0,success,sinkhorn,0.1,100000
1D-exponential-1024p,1024,1024,0.0351559139239596,11,6.553604726513335e-10,,seconds,0.0,0.0025373231619596,megabytes,0.0,0.0,0.0,0.0,0.0,0.0,0.0,0.0,success,sinkhorn,0.1,100000
1D-exponential-2048p,2048,2048,0.0351785294655405,11,5.897228822940749e-09,,seconds,0.0,0.0032304413616657,megabytes,0.0,0.0,0.0,0.0,0.0,0.0,0.0,0.0,success,sinkhorn,0.1,100000
1D-exponential-2048p,2048,2048,0.1014572851854374,11,6.886094386165654e-14,,seconds,0.0,0.0032313410192728,megabytes,0.0,0.0,0.0,0.0,0.0,0.0,0.0,0.0,success,sinkhorn,0.1,100000
1D-exponential-2048p,2048,2048,0.0311362261224301,11,2.075716518311648e-07,,seconds,0.0,0.0031270422041416,megabytes,0.0,0.0,0.0,0.0,0.0,0.0,0.0,0.0,success,sinkhorn,0.1,100000
1D-exponential-2048p,2048,2048,0.0302975704687794,11,7.931792053142554e-08,,seconds,0.2200603485107422,0.0032287761569023,megabytes,88270.0,88270.0,1.0,1.0,0.065110016,0.065110016,0.0,0.0,success,sinkhorn,0.1,100000
1D-exponential-2048p,2048,2048,0.0537003945810946,11,4.569045188983334e-09,,seconds,0.0,0.003326691687107,megabytes,0.0,0.0,0.0,0.0,0.0,0.0,0.0,0.0,success,sinkhorn,0.1,100000
1D-exponential-2048p,2048,2048,0.033880734731316,11,2.6679961620191785e-13,,seconds,0.0,0.0032055098563432,megabytes,0.0,0.0,0.0,0.0,0.0,0.0,0.0,0.0,success,sinkhorn,0.1,100000
1D-exponential-2048p,2048,2048,0.0362653256612935,11,8.91381508162301e-13,,seconds,0.0,0.0032748579978942,megabytes,0.0,0.0,0.0,0.0,0.0,0.0,0.0,0.0,success,sinkhorn,0.1,100000
1D-exponential-2048p,2048,2048,0.0494122556114175,11,9.043818759015517e-08,,seconds,0.0,0.0032181665301322,megabytes,0.0,0.0,0.0,0.0,0.0,0.0,0.0,0.0,success,sinkhorn,0.1,100000
1D-exponential-2048p,2048,2048,0.0619325629243978,11,4.2550977470538734e-09,,seconds,0.0,0.0034597180783748,megabytes,0.0,0.0,0.0,0.0,0.0,0.0,0.0,0.0,success,sinkhorn,0.1,100000
1D-exponential-2048p,2048,2048,0.0282016595551905,11,3.817484685012552e-11,,seconds,0.0,0.0032733399420976,megabytes,0.0,0.0,0.0,0.0,0.0,0.0,0.0,0.0,success,sinkhorn,0.1,100000
1D-exponential-2048p,2048,2048,0.0548484523076432,11,1.229218800758781e-07,,seconds,0.0,0.0033191088587045,megabytes,0.0,0.0,0.0,0.0,0.0,0.0,0.0,0.0,success,sinkhorn,0.1,100000
1D-exponential-2048p,2048,2048,0.1314610254455056,11,6.576261943316951e-14,,seconds,0.0,0.0032585114240646,megabytes,0.0,0.0,0.0,0.0,0.0,0.0,0.0,0.0,success,sinkhorn,0.1,100000
1D-exponential-2048p,2048,2048,0.0302990807167592,11,1.3622972469651822e-08,,seconds,0.0,0.0032337345182895,megabytes,0.0,0.0,0.0,0.0,0.0,0.0,0.0,0.0,success,sinkhorn,0.1,100000
1D-exponential-2048p,2048,2048,0.0349657636810874,11,4.5516417484487726e-10,,seconds,0.2234611511230468,0.0032467283308506,megabytes,88270.0,88270.0,0.0,0.0,0.064974848,0.064974848,0.0,0.0,success,sinkhorn,0.1,100000
1D-exponential-2048p,2048,2048,0.0285279229732571,11,2.1639743391084945e-17,,seconds,0.2248544692993164,0.0033138934522867,megabytes,88270.0,88270.0,0.0,0.0,0.064991232,0.064991232,0.0,0.0,success,sinkhorn,0.1,100000
1D-exponential-2048p,2048,2048,0.0818539859915603,11,4.84017287393911e-07,,seconds,0.0,0.0033139549195766,megabytes,0.0,0.0,0.0,0.0,0.0,0.0,0.0,0.0,success,sinkhorn,0.1,100000
1D-exponential-2048p,2048,2048,0.0415175479528675,11,1.3617241117099894e-08,,seconds,0.0,0.0033601820468902,megabytes,0.0,0.0,0.0,0.0,0.0,0.0,0.0,0.0,success,sinkhorn,0.1,100000
1D-exponential-2048p,2048,2048,0.1150724752897102,11,1.5163922041419404e-15,,seconds,0.0,0.0032336469739675,megabytes,0.0,0.0,0.0,0.0,0.0,0.0,0.0,0.0,success,sinkhorn,0.1,100000
1D-exponential-2048p,2048,2048,0.0139669491533018,11,1.1347007642274141e-17,,seconds,0.0,0.0035092961043119,megabytes,0.0,0.0,0.0,0.0,0.0,0.0,0.0,0.0,success,sinkhorn,0.1,100000
1D-exponential-2048p,2048,2048,0.0431607946965799,21,3.9465378668283664e-10,,seconds,0.0,0.0036305543035268,megabytes,0.0,0.0,0.0,0.0,0.0,0.0,0.0,0.0,success,sinkhorn,0.1,100000
1D-exponential-2048p,2048,2048,0.0467625677954854,11,7.839491332846691e-09,,seconds,0.0,0.003244986757636,megabytes,0.0,0.0,0.0,0.0,0.0,0.0,0.0,0.0,success,sinkhorn,0.1,100000
1D-exponential-2048p,2048,2048,0.0485114359796039,11,1.5059338738291716e-11,,seconds,0.0,0.0032143481075763,megabytes,0.0,0.0,0.0,0.0,0.0,0.0,0.0,0.0,success,sinkhorn,0.1,100000
1D-exponential-2048p,2048,2048,0.1482262597268245,11,1.3118067461010255e-11,,seconds,0.0,0.0033892095088958,megabytes,0.0,0.0,0.0,0.0,0.0,0.0,0.0,0.0,success,sinkhorn,0.1,100000
1D-exponential-2048p,2048,2048,0.1211412114401021,11,6.78842751489862e-10,,seconds,0.0,0.0033090282231569,megabytes,0.0,0.0,0.0,0.0,0.0,0.0,0.0,0.0,success,sinkhorn,0.1,100000
1D-exponential-2048p,2048,2048,0.0367763983204791,11,5.326557840659337e-09,,seconds,0.2974953651428222,0.0032154321670532,megabytes,88270.0,88270.0,0.0,0.0,0.064950272,0.064950272,0.0,0.0,success,sinkhorn,0.1,100000
1D-exponential-2048p,2048,2048,0.0553171229688614,11,1.5498890552811823e-10,,seconds,0.0,0.0032571051269769,megabytes,0.0,0.0,0.0,0.0,0.0,0.0,0.0,0.0,success,sinkhorn,0.1,100000
1D-exponential-2048p,2048,2048,0.1257233505388186,11,1.7166863976137795e-08,,seconds,0.0,0.00311716273427,megabytes,0.0,0.0,0.0,0.0,0.0,0.0,0.0,0.0,success,sinkhorn,0.1,100000
1D-exponential-2048p,2048,2048,0.1779424445781618,11,1.295737678999624e-11,,seconds,0.0,0.0032651610672473,megabytes,0.0,0.0,0.0,0.0,0.0,0.0,0.0,0.0,success,sinkhorn,0.1,100000
1D-exponential-2048p,2048,2048,0.0603905604059898,11,6.451065235041136e-15,,seconds,0.0,0.0031405873596668,megabytes,0.0,0.0,0.0,0.0,0.0,0.0,0.0,0.0,success,sinkhorn,0.1,100000
1D-exponential-2048p,2048,2048,0.0518045346357538,11,3.6060736984735176e-08,,seconds,0.2946934700012207,0.0033956188708543,megabytes,88270.0,88270.0,0.0,0.0,0.065265664,0.065265664,0.0,0.0,success,sinkhorn,0.1,100000
1D-exponential-32p,32,32,0.023709805918513,101,9.53754082960376e-07,,seconds,0.0,0.0052662212401628,megabytes,0.0,0.0,0.0,0.0,0.0,0.0,0.0,0.0,success,sinkhorn,0.01,100000
1D-exponential-32p,32,32,0.0060981977227868,101,9.265841232362968e-07,,seconds,0.0,0.0050575677305459,megabytes,0.0,0.0,0.0,0.0,0.0,0.0,0.0,0.0,success,sinkhorn,0.01,100000
1D-exponential-32p,32,32,0.1175940211830386,101,7.917396556127017e-07,,seconds,0.2925951480865478,0.0056202188134193,megabytes,88270.0,88270.0,1.0,1.0,0.066613248,0.066613248,0.0,0.0,success,sinkhorn,0.01,100000
1D-exponential-32p,32,32,0.1237893893837212,61,1.9115292955492694e-07,,seconds,0.0,0.0045382380485534,megabytes,0.0,0.0,0.0,0.0,0.0,0.0,0.0,0.0,success,sinkhorn,0.01,100000
1D-exponential-32p,32,32,0.0315622219697739,91,5.591238345980033e-07,,seconds,0.0,0.0048599522560834,megabytes,0.0,0.0,0.0,0.0,0.0,0.0,0.0,0.0,success,sinkhorn,0.01,100000
1D-exponential-32p,32,32,0.0939978269904499,51,3.64408787315367e-07,,seconds,0.2904441356658935,0.0038500428199768,megabytes,88270.0,88270.0,0.0,0.0,0.065470464,0.065470464,0.0,0.0,success,sinkhorn,0.01,100000
1D-exponential-32p,32,32,0.0114646641973967,91,4.418700235143201e-07,,seconds,0.0,0.005015617236495,megabytes,0.0,0.0,0.0,0.0,0.0,0.0,0.0,0.0,success,sinkhorn,0.01,100000
1D-exponential-32p,32,32,0.0207853782032679,101,3.5977373553345626e-07,,seconds,0.0,0.0050317011773586,megabytes,0.0,0.0,0.0,0.0,0.0,0.0,0.0,0.0,success,sinkhorn,0.01,100000
1D-exponential-32p,32,32,0.0585101561576436,51,4.7163261178889855e-08,,seconds,0.2221550941467285,0.0036129783838987,megabytes,88270.0,88270.0,1.0,1.0,0.065294336,0.065294336,0.0,0.0,success,sinkhorn,0.01,100000
1D-exponential-32p,32,32,0.1038190740500408,51,1.567305078961894e-07,,seconds,0.0,0.0036376863718032,megabytes,0.0,0.0,0.0,0.0,0.0,0.0,0.0,0.0,success,sinkhorn,0.01,100000
1D-exponential-32p,32,32,0.0244622282420993,111,9.417535452213437e-07,,seconds,0.3738777637481689,0.0054930876940488,megabytes,88270.0,88270.0,1.0,1.0,0.065449984,0.065449984,0.0,0.0,success,sinkhorn,0.01,100000
1D-exponential-32p,32,32,0.0149242460503187,91,9.41321891253474e-07,,seconds,0.0,0.0048951990902423,megabytes,0.0,0.0,0.0,0.0,0.0,0.0,0.0,0.0,success,sinkhorn,0.01,100000
1D-exponential-32p,32,32,0.0207874414584046,61,8.84557623502537e-08,,seconds,0.0,0.0043824333697557,megabytes,0.0,0.0,0.0,0.0,0.0,0.0,0.0,0.0,success,sinkhorn,0.01,100000
1D-exponential-32p,32,32,0.015408520392805,81,3.5392813632904e-07,,seconds,0.0,0.0046468935906887,megabytes,0.0,0.0,0.0,0.0,0.0,0.0,0.0,0.0,success,sinkhorn,0.01,100000
1D-exponential-32p,32,32,0.0412677541109645,71,8.382480772121096e-07,,seconds,0.0,0.0049229152500629,megabytes,0.0,0.0,0.0,0.0,0.0,0.0,0.0,0.0,success,sinkhorn,0.01,100000
1D-exponential-32p,32,32,0.0055399561368316,91,5.980049993487673e-07,,seconds,0.0,0.004867348819971,megabytes,0.0,0.0,0.0,0.0,0.0,0.0,0.0,0.0,success,sinkhorn,0.01,100000
1D-exponential-32p,32,32,0.0282987389147593,61,9.787299199091089e-07,,seconds,0.0,0.0039886310696601,megabytes,0.0,0.0,0.0,0.0,0.0,0.0,0.0,0.0,success,sinkhorn,0.01,100000
1D-exponential-32p,32,32,0.0258995137190882,151,8.758007671765656e-07,,seconds,0.0,0.0066438186913728,megabytes,0.0,0.0,0.0,0.0,0.0,0.0,0.0,0.0,success,sinkhorn,0.01,100000
1D-exponential-32p,32,32,0.0653794121676426,131,5.191001733026475e-07,,seconds,0.2307333946228027,0.0059854183346033,megabytes,88270.0,88270.0,0.0,0.0,0.0651264,0.0651264,0.0,0.0,success,sinkhorn,0.01,100000
1D-exponential-32p,32,32,0.0214148921408769,31,8.157462730194019e-07,,seconds,0.0,0.0032402612268924,megabytes,0.0,0.0,0.0,0.0,0.0,0.0,0.0,0.0,success,sinkhorn,0.01,100000
1D-exponential-32p,32,32,0.0220537320257227,51,7.712016238287559e-07,,seconds,0.2237923145294189,0.0035710744559764,megabytes,88270.0,88270.0,0.0,0.0,0.065118208,0.065118208,0.0,0.0,success,sinkhorn,0.01,100000
1D-exponential-32p,32,32,0.1538365149785318,71,1.2273930886595238e-07,,seconds,0.0,0.0041954573243856,megabytes,0.0,0.0,0.0,0.0,0.0,0.0,0.0,0.0,success,sinkhorn,0.01,100000
1D-exponential-32p,32,32,0.0538588511628745,91,4.6389756364269246e-07,,seconds,0.0,0.0057604536414146,megabytes,0.0,0.0,0.0,0.0,0.0,0.0,0.0,0.0,success,sinkhorn,0.01,100000
1D-exponential-32p,32,32,0.0447169703914361,121,5.508276722535203e-07,,seconds,0.0,0.0055208895355463,megabytes,0.0,0.0,0.0,0.0,0.0,0.0,0.0,0.0,success,sinkhorn,0.01,100000
1D-exponential-32p,32,32,0.0196431273763501,61,3.242381816347189e-07,,seconds,0.0,0.0039383303374052,megabytes,0.0,0.0,0.0,0.0,0.0,0.0,0.0,0.0,success,sinkhorn,0.01,100000
1D-exponential-32p,32,32,0.0049638747691201,41,1.5522416613151347e-07,,seconds,0.0,0.0033324100077152,megabytes,0.0,0.0,0.0,0.0,0.0,0.0,0.0,0.0,success,sinkhorn,0.01,100000
1D-exponential-32p,32,32,0.1365890562443524,81,6.511101623655485e-07,,seconds,0.0,0.0046449899673461,megabytes,0.0,0.0,0.0,0.0,0.0,0.0,0.0,0.0,success,sinkhorn,0.01,100000
1D-exponential-32p,32,32,0.0262221978980007,91,6.533181847353601e-07,,seconds,0.0,0.00469789840281,megabytes,0.0,0.0,0.0,0.0,0.0,0.0,0.0,0.0,success,sinkhorn,0.01,100000
1D-exponential-32p,32,32,0.1612454778906293,61,4.957031870981026e-07,,seconds,0.0,0.0039970930665731,megabytes,0.0,0.0,0.0,0.0,0.0,0.0,0.0,0.0,success,sinkhorn,0.01,100000
1D-exponential-32p,32,32,0.0062326163847196,111,7.284207459046412e-07,,seconds,0.3043866157531738,0.005272876471281,megabytes,88270.0,88270.0,0.0,0.0,0.065024,0.065024,0.0,0.0,success,sinkhorn,0.01,100000
1D-exponential-64p,64,64,0.0249089625997967,121,3.950490686397812e-07,,seconds,0.2607359886169433,0.0060073677450418,megabytes,88270.0,88270.0,0.0,0.0,0.06653952,0.06653952,0.0,0.0,success,sinkhorn,0.01,100000
1D-exponential-64p,64,64,0.0149944815191262,31,5.698887548206412e-07,,seconds,0.2932081222534179,0.0032353084534406,megabytes,88270.0,88270.0,0.0,0.0,0.06561792,0.06561792,0.0,0.0,success,sinkhorn,0.01,100000
1D-exponential-64p,64,64,0.0463256866754008,41,8.462265595921282e-07,,seconds,0.0,0.0033386927098035,megabytes,0.0,0.0,0.0,0.0,0.0,0.0,0.0,0.0,success,sinkhorn,0.01,100000
1D-exponential-64p,64,64,0.1674411781016938,61,8.861451800411789e-07,,seconds,0.0,0.0038172025233507,megabytes,0.0,0.0,0.0,0.0,0.0,0.0,0.0,0.0,success,sinkhorn,0.01,100000
1D-exponential-64p,64,64,0.1240406985281419,61,8.713997670878685e-08,,seconds,0.0,0.0038973484188318,megabytes,0.0,0.0,0.0,0.0,0.0,0.0,0.0,0.0,success,sinkhorn,0.01,100000
1D-exponential-64p,64,64,0.0305405430526053,101,5.338108874588766e-07,,seconds,0.2317705154418945,0.005049118772149,megabytes,88270.0,88270.0,0.0,0.0,0.06510592,0.06510592,0.0,0.0,success,sinkhorn,0.01,100000
1D-exponential-64p,64,64,0.0190864894362616,91,6.606582678091724e-07,,seconds,0.0,0.0047983024269342,megabytes,0.0,0.0,0.0,0.0,0.0,0.0,0.0,0.0,success,sinkhorn,0.01,100000
1D-exponential-64p,64,64,0.01110377688798,71,2.0849822388604282e-07,,seconds,0.0,0.0042206533253192,megabytes,0.0,0.0,0.0,0.0,0.0,0.0,0.0,0.0,success,sinkhorn,0.01,100000
1D-exponential-64p,64,64,0.0277835317812146,121,4.392897182372473e-07,,seconds,0.0,0.0063565224409103,megabytes,0.0,0.0,0.0,0.0,0.0,0.0,0.0,0.0,success,sinkhorn,0.01,100000
1D-exponential-64p,64,64,0.0170202395735184,101,3.679955067499175e-07,,seconds,0.0,0.0050677508115768,megabytes,0.0,0.0,0.0,0.0,0.0,0.0,0.0,0.0,success,sinkhorn,0.01,100000
1D-exponential-64p,64,64,0.0088122786956229,111,4.3703428348835813e-07,,seconds,0.2236199378967285,0.0057428311556577,megabytes,88270.0,88270.0,1.0,1.0,0.066490368,0.066490368,0.0,0.0,success,sinkhorn,0.01,100000
1D-exponential-64p,64,64,0.0148467540986268,101,3.661339229385061e-07,,seconds,0.0,0.0050218403339385,megabytes,0.0,0.0,0.0,0.0,0.0,0.0,0.0,0.0,success,sinkhorn,0.01,100000
1D-exponential-64p,64,64,0.1150191288105295,71,1.501477284232587e-07,,seconds,0.0,0.0043457448482513,megabytes,0.0,0.0,0.0,0.0,0.0,0.0,0.0,0.0,success,sinkhorn,0.01,100000
1D-exponential-64p,64,64,0.0947184369266421,51,2.845881832588242e-07,,seconds,0.0,0.0036946982145309,megabytes,0.0,0.0,0.0,0.0,0.0,0.0,0.0,0.0,success,sinkhorn,0.01,100000
1D-exponential-64p,64,64,0.0216535938424476,51,5.724650372173726e-07,,seconds,0.0,0.0036269519478082,megabytes,0.0,0.0,0.0,0.0,0.0,0.0,0.0,0.0,success,sinkhorn,0.01,100000
1D-exponential-64p,64,64,0.0383386989823863,71,1.78221893280355e-07,,seconds,0.0,0.004463167861104,megabytes,0.0,0.0,0.0,0.0,0.0,0.0,0.0,0.0,success,sinkhorn,0.01,100000
1D-exponential-64p,64,64,0.0099268988575155,91,3.46504372020839e-07,,seconds,0.0,0.0047981552779674,megabytes,0.0,0.0,0.0,0.0,0.0,0.0,0.0,0.0,success,sinkhorn,0.01,100000
1D-exponential-64p,64,64,0.0315870406362329,91,4.049830256427127e-07,,seconds,0.0,0.0048632472753524,megabytes,0.0,0.0,0.0,0.0,0.0,0.0,0.0,0.0,success,sinkhorn,0.01,100000
1D-exponential-64p,64,64,0.0324820698138791,71,9.99577758080628e-07,,seconds,0.0,0.004197746515274,megabytes,0.0,0.0,0.0,0.0,0.0,0.0,0.0,0.0,success,sinkhorn,0.01,100000
1D-exponential-64p,64,64,0.0420570374125565,91,5.276139439739595e-07,,seconds,0.0,0.005260270088911,megabytes,0.0,0.0,0.0,0.0,0.0,0.0,0.0,0.0,success,sinkhorn,0.01,100000
1D-exponential-64p,64,64,0.0065156854737903,111,9.427809538182556e-07,,seconds,0.2186787128448486,0.0053860265761613,megabytes,88270.0,88270.0,1.0,1.0,0.064995328,0.064995328,0.0,0.0,success,sinkhorn,0.01,100000
1D-exponential-64p,64,64,0.0155735476384951,81,2.57143860179252e-07,,seconds,0.0,0.0043808352202177,megabytes,0.0,0.0,0.0,0.0,0.0,0.0,0.0,0.0,success,sinkhorn,0.01,100000
1D-exponential-64p,64,64,0.0055812442300445,91,4.255087816783479e-07,,seconds,0.0,0.0049747750163078,megabytes,0.0,0.0,0.0,0.0,0.0,0.0,0.0,0.0,success,sinkhorn,0.01,100000
1D-exponential-64p,64,64,0.1041523671827245,51,7.025237529167182e-08,,seconds,0.0,0.003710089251399,megabytes,0.0,0.0,0.0,0.0,0.0,0.0,0.0,0.0,success,sinkhorn,0.01,100000
1D-exponential-64p,64,64,0.0210998655774196,51,8.10651661180611e-07,,seconds,0.0,0.0036541875451803,megabytes,0.0,0.0,0.0,0.0,0.0,0.0,0.0,0.0,success,sinkhorn,0.01,100000
1D-exponential-64p,64,64,0.0124648079505926,141,9.895463943417811e-07,,seconds,0.0,0.0062343850731849,megabytes,0.0,0.0,0.0,0.0,0.0,0.0,0.0,0.0,success,sinkhorn,0.01,100000
1D-exponential-64p,64,64,0.0984200687271047,101,4.257780851751926e-07,,seconds,0.0,0.0050644278526306,megabytes,0.0,0.0,0.0,0.0,0.0,0.0,0.0,0.0,success,sinkhorn,0.01,100000
1D-exponential-64p,64,64,0.0652309386027437,121,9.800610766854656e-07,,seconds,0.3080701828002929,0.0061868261545896,megabytes,88270.0,88270.0,1.0,1.0,0.066605056,0.066605056,0.0,0.0,success,sinkhorn,0.01,100000
1D-exponential-64p,64,64,0.0964524783810576,81,5.025361110143932e-07,,seconds,0.2921614646911621,0.0045174658298492,megabytes,88270.0,88270.0,0.0,0.0,0.065011712,0.065011712,0.0,0.0,success,sinkhorn,0.01,100000
1D-exponential-64p,64,64,0.0041381639227411,31,6.393490744059209e-07,,seconds,0.0,0.0030600428581237,megabytes,0.0,0.0,0.0,0.0,0.0,0.0,0.0,0.0,success,sinkhorn,0.01,100000
1D-exponential-128p,128,128,0.0224960484151873,91,4.041200825690808e-07,,seconds,0.0,0.0050068367272615,megabytes,0.0,0.0,0.0,0.0,0.0,0.0,0.0,0.0,success,sinkhorn,0.01,100000
1D-exponential-128p,128,128,0.1651504587209577,61,4.278353654472318e-07,,seconds,0.0,0.0042789839208126,megabytes,0.0,0.0,0.0,0.0,0.0,0.0,0.0,0.0,success,sinkhorn,0.01,100000
1D-exponential-128p,128,128,0.0184099494228966,141,8.48164674339244e-07,,seconds,0.0,0.006591422483325,megabytes,0.0,0.0,0.0,0.0,0.0,0.0,0.0,0.0,success,sinkhorn,0.01,100000
1D-exponential-128p,128,128,0.1045702174860282,51,5.0668364627772623e-08,,seconds,0.0,0.0037444569170475,megabytes,0.0,0.0,0.0,0.0,0.0,0.0,0.0,0.0,success,sinkhorn,0.01,100000
1D-exponential-128p,128,128,0.005590630038313,81,9.559107024203294e-07,,seconds,0.0,0.0047445818781852,megabytes,0.0,0.0,0.0,0.0,0.0,0.0,0.0,0.0,success,sinkhorn,0.01,100000
1D-exponential-128p,128,128,0.0984146591022061,101,3.0366527376219775e-07,,seconds,0.0,0.0053722579032182,megabytes,0.0,0.0,0.0,0.0,0.0,0.0,0.0,0.0,success,sinkhorn,0.01,100000
1D-exponential-128p,128,128,0.1345700116170578,61,7.455216204136091e-07,,seconds,0.0,0.004232220351696,megabytes,0.0,0.0,0.0,0.0,0.0,0.0,0.0,0.0,success,sinkhorn,0.01,100000
1D-exponential-128p,128,128,0.0306086797905006,101,3.794929802594234e-07,,seconds,0.0,0.005299849435687,megabytes,0.0,0.0,0.0,0.0,0.0,0.0,0.0,0.0,success,sinkhorn,0.01,100000
1D-exponential-128p,128,128,0.0139986504946632,91,4.701774484679402e-07,,seconds,0.0,0.005097234621644,megabytes,0.0,0.0,0.0,0.0,0.0,0.0,0.0,0.0,success,sinkhorn,0.01,100000
1D-exponential-128p,128,128,0.0189396047281082,51,7.385364007880065e-07,,seconds,0.0,0.0036745518445968,megabytes,0.0,0.0,0.0,0.0,0.0,0.0,0.0,0.0,success,sinkhorn,0.01,100000
1D-exponential-128p,128,128,0.0149108386681387,91,3.149086333404857e-07,,seconds,0.0,0.0050361417233943,megabytes,0.0,0.0,0.0,0.0,0.0,0.0,0.0,0.0,success,sinkhorn,0.01,100000
1D-exponential-128p,128,128,0.0207166462942784,31,4.838556238716802e-07,,seconds,0.0,0.0032129902392625,megabytes,0.0,0.0,0.0,0.0,0.0,0.0,0.0,0.0,success,sinkhorn,0.01,100000
1D-exponential-128p,128,128,0.0199305477139035,51,4.267643793329669e-07,,seconds,0.0,0.003699168562889,megabytes,0.0,0.0,0.0,0.0,0.0,0.0,0.0,0.0,success,sinkhorn,0.01,100000
1D-exponential-128p,128,128,0.0123887395758525,61,6.096529257143994e-07,,seconds,0.0,0.0041591990739107,megabytes,0.0,0.0,0.0,0.0,0.0,0.0,0.0,0.0,success,sinkhorn,0.01,100000
1D-exponential-128p,128,128,0.0355982941192734,111,8.7782819103472e-07,,seconds,0.0,0.0059942919760942,megabytes,0.0,0.0,0.0,0.0,0.0,0.0,0.0,0.0,success,sinkhorn,0.01,100000
1D-exponential-128p,128,128,0.0325613086847456,71,7.145174853100815e-07,,seconds,0.2923872470855713,0.0044539924710989,megabytes,88270.0,88270.0,0.0,0.0,0.065081344,0.065081344,0.0,0.0,success,sinkhorn,0.01,100000
1D-exponential-128p,128,128,0.0043771818415564,31,8.50839537374102e-07,,seconds,0.0,0.0031860303133726,megabytes,0.0,0.0,0.0,0.0,0.0,0.0,0.0,0.0,success,sinkhorn,0.01,100000
1D-exponential-128p,128,128,0.036780787926393,91,3.559293502942959e-07,,seconds,0.0,0.004937881603837,megabytes,0.0,0.0,0.0,0.0,0.0,0.0,0.0,0.0,success,sinkhorn,0.01,100000
1D-exponential-128p,128,128,0.0283308402144176,61,7.752489561866472e-07,,seconds,0.0,0.0039999336004257,megabytes,0.0,0.0,0.0,0.0,0.0,0.0,0.0,0.0,success,sinkhorn,0.01,100000
1D-exponential-128p,128,128,0.0365260704295208,91,3.0284932440724425e-07,,seconds,0.0,0.0050573870539665,megabytes,0.0,0.0,0.0,0.0,0.0,0.0,0.0,0.0,success,sinkhorn,0.01,100000
1D-exponential-128p,128,128,0.1055397119247458,81,3.0212881332630404e-07,,seconds,0.0,0.0048851054161787,megabytes,0.0,0.0,0.0,0.0,0.0,0.0,0.0,0.0,success,sinkhorn,0.01,100000
1D-exponential-128p,128,128,0.006533582125052,111,6.683827305601036e-07,,seconds,0.0,0.0057090502232313,megabytes,0.0,0.0,0.0,0.0,0.0,0.0,0.0,0.0,success,sinkhorn,0.01,100000
1D-exponential-128p,128,128,0.0074251595062466,101,7.076570388235829e-07,,seconds,0.0,0.0052615460008382,megabytes,0.0,0.0,0.0,0.0,0.0,0.0,0.0,0.0,success,sinkhorn,0.01,100000
1D-exponential-128p,128,128,0.0177220348583575,91,7.745241159870974e-07,,seconds,0.0,0.0050273332744836,megabytes,0.0,0.0,0.0,0.0,0.0,0.0,0.0,0.0,success,sinkhorn,0.01,100000
1D-exponential-128p,128,128,0.1138662954186368,51,8.783324586545474e-07,,seconds,0.2892072200775146,0.0039422959089279,megabytes,88270.0,88270.0,1.0,1.0,0.06598656,0.06598656,0.0,0.0,success,sinkhorn,0.01,100000
1D-exponential-128p,128,128,0.0156138824278055,71,9.244738975384172e-07,,seconds,0.0,0.0044304225593805,megabytes,0.0,0.0,0.0,0.0,0.0,0.0,0.0,0.0,success,sinkhorn,0.01,100000
1D-exponential-128p,128,128,0.0858024116460879,51,1.92236333801118e-07,,seconds,0.0,0.0038453359156847,megabytes,0.0,0.0,0.0,0.0,0.0,0.0,0.0,0.0,success,sinkhorn,0.01,100000
1D-exponential-128p,128,128,0.0294142746879474,111,7.169743761789504e-07,,seconds,0.0,0.0055818799883127,megabytes,0.0,0.0,0.0,0.0,0.0,0.0,0.0,0.0,success,sinkhorn,0.01,100000
1D-exponential-128p,128,128,0.0582850748854844,121,7.728472731791807e-07,,seconds,0.0,0.0058239288628101,megabytes,0.0,0.0,0.0,0.0,0.0,0.0,0.0,0.0,success,sinkhorn,0.01,100000
1D-exponential-128p,128,128,0.0465160377477978,41,6.137948166412367e-07,,seconds,0.0,0.0033810306340456,megabytes,0.0,0.0,0.0,0.0,0.0,0.0,0.0,0.0,success,sinkhorn,0.01,100000
1D-exponential-256p,256,256,0.0116662278703177,61,5.073790079094894e-07,,seconds,0.2964799404144287,0.004174169152975,megabytes,88270.0,88270.0,1.0,1.0,0.06504448,0.06504448,0.0,0.0,success,sinkhorn,0.01,100000
1D-exponential-256p,256,256,0.0080770402685516,101,5.659356208609962e-07,,seconds,0.0,0.0055133663117885,megabytes,0.0,0.0,0.0,0.0,0.0,0.0,0.0,0.0,success,sinkhorn,0.01,100000
1D-exponential-256p,256,256,0.0135391100218397,81,8.831534158591048e-07,,seconds,0.0,0.0049651507288217,megabytes,0.0,0.0,0.0,0.0,0.0,0.0,0.0,0.0,success,sinkhorn,0.01,100000
1D-exponential-256p,256,256,0.0903347624541969,51,1.4181064779649956e-07,,seconds,0.0,0.0038556437939405,megabytes,0.0,0.0,0.0,0.0,0.0,0.0,0.0,0.0,success,sinkhorn,0.01,100000
1D-exponential-256p,256,256,0.0392386843963964,81,9.536019598379192e-07,,seconds,0.0,0.0047940574586391,megabytes,0.0,0.0,0.0,0.0,0.0,0.0,0.0,0.0,success,sinkhorn,0.01,100000
1D-exponential-256p,256,256,0.0071049828949029,111,4.762049672083188e-07,,seconds,0.0,0.0059078019112348,megabytes,0.0,0.0,0.0,0.0,0.0,0.0,0.0,0.0,success,sinkhorn,0.01,100000
1D-exponential-256p,256,256,0.0154435853123186,91,4.313814884256269e-07,,seconds,0.292626142501831,0.0052208919078111,megabytes,88270.0,88270.0,0.0,0.0,0.06504448,0.06504448,0.0,0.0,success,sinkhorn,0.01,100000
1D-exponential-256p,256,256,0.0341295927020573,81,8.922619307879346e-07,,seconds,0.2194452285766601,0.0049670021981,megabytes,88270.0,88270.0,1.0,1.0,0.06627328,0.06627328,0.0,0.0,success,sinkhorn,0.01,100000
1D-exponential-256p,256,256,0.0549800217132306,121,4.973521004019739e-07,,seconds,0.3048825263977051,0.0061810724437236,megabytes,88270.0,88270.0,0.0,0.0,0.065052672,0.065052672,0.0,0.0,success,sinkhorn,0.01,100000
1D-exponential-256p,256,256,0.0206793632647829,31,3.461569121591681e-07,,seconds,0.0,0.0032062456011772,megabytes,0.0,0.0,0.0,0.0,0.0,0.0,0.0,0.0,success,sinkhorn,0.01,100000
1D-exponential-256p,256,256,0.0043857499543564,31,6.052122238886538e-07,,seconds,0.0,0.0032492000609636,megabytes,0.0,0.0,0.0,0.0,0.0,0.0,0.0,0.0,success,sinkhorn,0.01,100000
1D-exponential-256p,256,256,0.0168248471236589,141,6.138686711869394e-07,,seconds,0.3070898056030273,0.0067155677825212,megabytes,88270.0,88270.0,0.0,0.0,0.065077248,0.065077248,0.0,0.0,success,sinkhorn,0.01,100000
1D-exponential-256p,256,256,0.0202582404635177,51,3.198169332652353e-07,,seconds,0.0,0.0038634464144706,megabytes,0.0,0.0,0.0,0.0,0.0,0.0,0.0,0.0,success,sinkhorn,0.01,100000
1D-exponential-256p,256,256,0.0315109970506748,111,6.292415884200888e-07,,seconds,0.2969894409179687,0.0057857111096382,megabytes,88270.0,88270.0,0.0,0.0,0.065175552,0.065175552,0.0,0.0,success,sinkhorn,0.01,100000
1D-exponential-256p,256,256,0.1074186113371082,91,7.527527326769247e-07,,seconds,0.2333753108978271,0.0052156895399093,megabytes,88270.0,88270.0,0.0,0.0,0.065060864,0.065060864,0.0,0.0,success,sinkhorn,0.01,100000
1D-exponential-256p,256,256,0.0306466824920888,61,5.116306226833028e-07,,seconds,0.0,0.0044985003769397,megabytes,0.0,0.0,0.0,0.0,0.0,0.0,0.0,0.0,success,sinkhorn,0.01,100000
1D-exponential-256p,256,256,0.1046743456377614,41,7.849912776480396e-07,,seconds,0.2260129451751709,0.0037553794682025,megabytes,88270.0,88270.0,1.0,1.0,0.065019904,0.065019904,0.0,0.0,success,sinkhorn,0.01,100000
1D-exponential-256p,256,256,0.0374078905862897,71,4.84957839817658e-07,,seconds,0.2365527153015136,0.0050625074654817,megabytes,88270.0,88270.0,1.0,1.0,0.065077248,0.065077248,0.0,0.0,success,sinkhorn,0.01,100000
1D-exponential-256p,256,256,0.1008562563828818,81,2.342896617527429e-07,,seconds,0.0,0.0048545133322477,megabytes,0.0,0.0,0.0,0.0,0.0,0.0,0.0,0.0,success,sinkhorn,0.01,100000
1D-exponential-256p,256,256,0.0162588915373053,91,5.864013015908868e-07,,seconds,0.0,0.0052376296371221,megabytes,0.0,0.0,0.0,0.0,0.0,0.0,0.0,0.0,success,sinkhorn,0.01,100000
1D-exponential-256p,256,256,0.046563869451672,41,4.368168765483172e-07,,seconds,0.0,0.0034860782325267,megabytes,0.0,0.0,0.0,0.0,0.0,0.0,0.0,0.0,success,sinkhorn,0.01,100000
1D-exponential-256p,256,256,0.1191396946054066,51,6.379792503211522e-07,,seconds,0.0,0.0038367137312889,megabytes,0.0,0.0,0.0,0.0,0.0,0.0,0.0,0.0,success,sinkhorn,0.01,100000
1D-exponential-256p,256,256,0.0207521351458932,91,3.0976061889315104e-07,,seconds,0.0,0.0050397664308547,megabytes,0.0,0.0,0.0,0.0,0.0,0.0,0.0,0.0,success,sinkhorn,0.01,100000
1D-exponential-256p,256,256,0.0216647910053614,51,4.993432621815554e-07,,seconds,0.0,0.0039183553308248,megabytes,0.0,0.0,0.0,0.0,0.0,0.0,0.0,0.0,success,sinkhorn,0.01,100000
1D-exponential-256p,256,256,0.0143115399409697,71,7.103017883675576e-07,,seconds,0.0,0.0046172328293323,megabytes,0.0,0.0,0.0,0.0,0.0,0.0,0.0,0.0,success,sinkhorn,0.01,100000
1D-exponential-256p,256,256,0.1346490733135904,61,5.289893627133701e-07,,seconds,0.0,0.0042088031768798,megabytes,0.0,0.0,0.0,0.0,0.0,0.0,0.0,0.0,success,sinkhorn,0.01,100000
1D-exponential-256p,256,256,0.0309217940322304,101,3.0050399487541306e-07,,seconds,0.0,0.0056429225951433,megabytes,0.0,0.0,0.0,0.0,0.0,0.0,0.0,0.0,success,sinkhorn,0.01,100000
1D-exponential-256p,256,256,0.0294220852731867,111,5.074656045257866e-07,,seconds,0.2233095169067382,0.0060014259070158,megabytes,88270.0,88270.0,1.0,1.0,0.066793472,0.066793472,0.0,0.0,success,sinkhorn,0.01,100000
1D-exponential-256p,256,256,0.0055929260954745,81,6.76180854008293e-07,,seconds,0.0,0.0049953572452068,megabytes,0.0,0.0,0.0,0.0,0.0,0.0,0.0,0.0,success,sinkhorn,0.01,100000
1D-exponential-256p,256,256,0.1603376488178413,61,3.641746787389557e-07,,seconds,0.0,0.0042635034769773,megabytes,0.0,0.0,0.0,0.0,0.0,0.0,0.0,0.0,success,sinkhorn,0.01,100000
1D-exponential-512p,512,512,0.0318636142422941,61,3.858149941467679e-07,,seconds,0.0,0.0046535171568393,megabytes,0.0,0.0,0.0,0.0,0.0,0.0,0.0,0.0,success,sinkhorn,0.01,100000
1D-exponential-512p,512,512,0.0071059100106049,101,8.873172885010385e-07,,seconds,0.3095991611480713,0.0060213468968868,megabytes,88270.0,88270.0,1.0,1.0,0.065101824,0.065101824,0.0,0.0,success,sinkhorn,0.01,100000
1D-exponential-512p,512,512,0.0328758525170875,81,6.499243288286581e-07,,seconds,0.0,0.0055732633918523,megabytes,0.0,0.0,0.0,0.0,0.0,0.0,0.0,0.0,success,sinkhorn,0.01,100000
1D-exponential-512p,512,512,0.0147028098752354,81,8.117215348319822e-07,,seconds,0.0,0.0054446440190076,megabytes,0.0,0.0,0.0,0.0,0.0,0.0,0.0,0.0,success,sinkhorn,0.01,100000
1D-exponential-512p,512,512,0.0270892766454415,101,9.67714938178574e-07,,seconds,0.0,0.0059754271060228,megabytes,0.0,0.0,0.0,0.0,0.0,0.0,0.0,0.0,success,sinkhorn,0.01,100000
1D-exponential-512p,512,512,0.0170499924322624,91,4.441715374692123e-07,,seconds,0.0,0.0059555433690547,megabytes,0.0,0.0,0.0,0.0,0.0,0.0,0.0,0.0,success,sinkhorn,0.01,100000
1D-exponential-512p,512,512,0.0325893731076841,111,4.56183182625899e-07,,seconds,0.22929048538208,0.0062147099524736,megabytes,88270.0,88270.0,0.0,0.0,0.065077248,0.065077248,0.0,0.0,success,sinkhorn,0.01,100000
1D-exponential-512p,512,512,0.0493187827747928,41,2.906041710009857e-07,,seconds,0.0,0.0039895195513963,megabytes,0.0,0.0,0.0,0.0,0.0,0.0,0.0,0.0,success,sinkhorn,0.01,100000
1D-exponential-512p,512,512,0.0309252435022308,91,7.25578874084387e-07,,seconds,0.0,0.005663763731718,megabytes,0.0,0.0,0.0,0.0,0.0,0.0,0.0,0.0,success,sinkhorn,0.01,100000
1D-exponential-512p,512,512,0.022519905710147,81,8.347016167892623e-07,,seconds,0.0,0.0052426047623157,megabytes,0.0,0.0,0.0,0.0,0.0,0.0,0.0,0.0,success,sinkhorn,0.01,100000
1D-exponential-512p,512,512,0.0200703165272492,51,2.2033932823956466e-07,,seconds,0.0,0.004144700244069,megabytes,0.0,0.0,0.0,0.0,0.0,0.0,0.0,0.0,success,sinkhorn,0.01,100000
1D-exponential-512p,512,512,0.0582734974650348,111,9.32462175130802e-07,,seconds,0.0,0.0067109484225511,megabytes,0.0,0.0,0.0,0.0,0.0,0.0,0.0,0.0,success,sinkhorn,0.01,100000
1D-exponential-512p,512,512,0.1217563223930787,51,4.340355183766899e-07,,seconds,0.0,0.0041276849806308,megabytes,0.0,0.0,0.0,0.0,0.0,0.0,0.0,0.0,success,sinkhorn,0.01,100000
1D-exponential-512p,512,512,0.102864996573434,91,5.469142135939828e-07,,seconds,0.0,0.0060520619153976,megabytes,0.0,0.0,0.0,0.0,0.0,0.0,0.0,0.0,success,sinkhorn,0.01,100000
1D-exponential-512p,512,512,0.1048693809757435,41,5.859957249283597e-07,,seconds,0.0,0.0036348197609186,megabytes,0.0,0.0,0.0,0.0,0.0,0.0,0.0,0.0,success,sinkhorn,0.01,100000
1D-exponential-512p,512,512,0.0055934967191058,81,4.781765389395778e-07,,seconds,0.0,0.0052419118583202,megabytes,0.0,0.0,0.0,0.0,0.0,0.0,0.0,0.0,success,sinkhorn,0.01,100000
1D-exponential-512p,512,512,0.0143139440045012,71,5.024579056659398e-07,,seconds,0.0,0.0048413425683975,megabytes,0.0,0.0,0.0,0.0,0.0,0.0,0.0,0.0,success,sinkhorn,0.01,100000
1D-exponential-512p,512,512,0.012404259401548,61,3.2450223375421055e-07,,seconds,0.0,0.0044748038053512,megabytes,0.0,0.0,0.0,0.0,0.0,0.0,0.0,0.0,success,sinkhorn,0.01,100000
1D-exponential-512p,512,512,0.0168257536545346,131,9.311530280124156e-07,,seconds,0.2267308235168457,0.0072982851415872,megabytes,88270.0,88270.0,0.0,0.0,0.065093632,0.065093632,0.0,0.0,success,sinkhorn,0.01,100000
1D-exponential-512p,512,512,0.1627854677140919,61,2.358473099596617e-07,,seconds,0.0,0.0047985650599002,megabytes,0.0,0.0,0.0,0.0,0.0,0.0,0.0,0.0,success,sinkhorn,0.01,100000
1D-exponential-512p,512,512,0.0405825771178723,81,6.474116557660004e-07,,seconds,0.225806713104248,0.005573071539402,megabytes,88270.0,88270.0,0.0,0.0,0.06868992,0.06868992,0.0,0.0,success,sinkhorn,0.01,100000
1D-exponential-512p,512,512,0.0208402955831793,51,3.419554105191465e-07,,seconds,0.0,0.0041320733726024,megabytes,0.0,0.0,0.0,0.0,0.0,0.0,0.0,0.0,success,sinkhorn,0.01,100000
1D-exponential-512p,512,512,0.08808600230512,51,9.86499426798013e-08,,seconds,0.0,0.0040473863482475,megabytes,0.0,0.0,0.0,0.0,0.0,0.0,0.0,0.0,success,sinkhorn,0.01,100000
1D-exponential-512p,512,512,0.0077401971107617,101,3.769017929619815e-07,,seconds,0.2188630104064941,0.0058247409760952,megabytes,88270.0,88270.0,0.0,0.0,0.065011712,0.065011712,0.0,0.0,success,sinkhorn,0.01,100000
1D-exponential-512p,512,512,0.1319704325263214,61,3.707122904185677e-07,,seconds,0.0,0.0048173367977142,megabytes,0.0,0.0,0.0,0.0,0.0,0.0,0.0,0.0,success,sinkhorn,0.01,100000
1D-exponential-512p,512,512,0.0374132558542445,71,3.431607167793119e-07,,seconds,0.0,0.0047775171697139,megabytes,0.0,0.0,0.0,0.0,0.0,0.0,0.0,0.0,success,sinkhorn,0.01,100000
1D-exponential-512p,512,512,0.1031612383698153,71,7.482571853359384e-07,,seconds,0.0,0.0049684662371873,megabytes,0.0,0.0,0.0,0.0,0.0,0.0,0.0,0.0,success,sinkhorn,0.01,100000
1D-exponential-512p,512,512,0.0206700270135009,31,2.454859523759707e-07,,seconds,0.0,0.0033184140920639,megabytes,0.0,0.0,0.0,0.0,0.0,0.0,0.0,0.0,success,sinkhorn,0.01,100000
1D-exponential-512p,512,512,0.0135397179122554,81,6.246637736808352e-07,,seconds,0.0,0.0052783414721488,megabytes,0.0,0.0,0.0,0.0,0.0,0.0,0.0,0.0,success,sinkhorn,0.01,100000
1D-exponential-512p,512,512,0.0043878892143235,31,4.2858585093016747e-07,,seconds,0.0,0.0033834166824817,megabytes,0.0,0.0,0.0,0.0,0.0,0.0,0.0,0.0,success,sinkhorn,0.01,100000
1D-exponential-1024p,1024,1024,0.0328759213701249,81,4.596077537315921e-07,,seconds,0.0,0.0051731038838624,megabytes,0.0,0.0,0.0,0.0,0.0,0.0,0.0,0.0,success,sinkhorn,0.01,100000
1D-exponential-1024p,1024,1024,0.0282425858781419,101,6.933110887879905e-07,,seconds,0.2243759632110595,0.0060542002320289,megabytes,88270.0,88270.0,1.0,1.0,0.065081344,0.065081344,0.0,0.0,success,sinkhorn,0.01,100000
1D-exponential-1024p,1024,1024,0.0069550488946178,101,6.256283435954847e-07,,seconds,0.2185480594635009,0.0062375459820032,megabytes,88270.0,88270.0,0.0,0.0,0.06664192,0.06664192,0.0,0.0,success,sinkhorn,0.01,100000
1D-exponential-1024p,1024,1024,0.0225199430891879,81,5.902707479839402e-07,,seconds,0.0,0.0053292233496904,megabytes,0.0,0.0,0.0,0.0,0.0,0.0,0.0,0.0,success,sinkhorn,0.01,100000
1D-exponential-1024p,1024,1024,0.1028648972744206,91,3.867777209261314e-07,,seconds,0.0,0.0054701454937458,megabytes,0.0,0.0,0.0,0.0,0.0,0.0,0.0,0.0,success,sinkhorn,0.01,100000
1D-exponential-1024p,1024,1024,0.004388423855735,31,3.031685886655776e-07,,seconds,0.0,0.0033183302730321,megabytes,0.0,0.0,0.0,0.0,0.0,0.0,0.0,0.0,success,sinkhorn,0.01,100000
1D-exponential-1024p,1024,1024,0.0170503349056403,91,3.1410090016345213e-07,,seconds,0.299553632736206,0.0059839729219675,megabytes,88270.0,88270.0,0.0,0.0,0.066428928,0.066428928,0.0,0.0,success,sinkhorn,0.01,100000
1D-exponential-1024p,1024,1024,0.0135398696538946,81,4.4173583815426156e-07,,seconds,0.0,0.0053047873079776,megabytes,0.0,0.0,0.0,0.0,0.0,0.0,0.0,0.0,success,sinkhorn,0.01,100000
1D-exponential-1024p,1024,1024,0.0324996779112289,101,9.069478248560822e-07,,seconds,0.0,0.0059514250606298,megabytes,0.0,0.0,0.0,0.0,0.0,0.0,0.0,0.0,success,sinkhorn,0.01,100000
1D-exponential-1024p,1024,1024,0.0202495346946863,31,1.515926169829939e-07,,seconds,0.0,0.0033123921602964,megabytes,0.0,0.0,0.0,0.0,0.0,0.0,0.0,0.0,success,sinkhorn,0.01,100000
1D-exponential-1024p,1024,1024,0.1204526161293488,51,3.131586064706881e-07,,seconds,0.0,0.0042765196412801,megabytes,0.0,0.0,0.0,0.0,0.0,0.0,0.0,0.0,success,sinkhorn,0.01,100000
1D-exponential-1024p,1024,1024,0.1333207478710403,61,2.634862048792464e-07,,seconds,0.0,0.0047598667442798,megabytes,0.0,0.0,0.0,0.0,0.0,0.0,0.0,0.0,success,sinkhorn,0.01,100000
1D-exponential-1024p,1024,1024,0.0313980503607754,91,5.059541673346597e-07,,seconds,0.2241065502166748,0.0060852076858282,megabytes,88270.0,88270.0,0.0,0.0,0.065036288,0.065036288,0.0,0.0,success,sinkhorn,0.01,100000
1D-exponential-1024p,1024,1024,0.0077401528218909,91,7.755304500590247e-07,,seconds,0.2977333068847656,0.0058524180203676,megabytes,88270.0,88270.0,0.0,0.0,0.06506496,0.06506496,0.028125,0.028125,success,sinkhorn,0.01,100000
1D-exponential-1024p,1024,1024,0.0201033033997685,51,1.5326190962156858e-07,,seconds,0.0,0.0041668191552162,megabytes,0.0,0.0,0.0,0.0,0.0,0.0,0.0,0.0,success,sinkhorn,0.01,100000
1D-exponential-1024p,1024,1024,0.1037004911945328,41,4.1263882159018e-07,,seconds,0.2799158096313476,0.0037807188928127,megabytes,88270.0,88270.0,1.0,1.0,0.064987136,0.064987136,0.0,0.0,success,sinkhorn,0.01,100000
1D-exponential-1024p,1024,1024,0.1615717481094511,61,1.744652816910153e-07,,seconds,0.0,0.0044186804443597,megabytes,0.0,0.0,0.0,0.0,0.0,0.0,0.0,0.0,success,sinkhorn,0.01,100000
1D-exponential-1024p,1024,1024,0.0120193063042598,61,2.418503531264297e-07,,seconds,0.2249398231506347,0.0045338291674852,megabytes,88270.0,88270.0,1.0,1.0,0.065048576,0.065048576,0.0,0.0,success,sinkhorn,0.01,100000
1D-exponential-1024p,1024,1024,0.0055936391636381,81,3.381297478056339e-07,,seconds,0.0,0.0054866056889295,megabytes,0.0,0.0,0.0,0.0,0.0,0.0,0.0,0.0,success,sinkhorn,0.01,100000
1D-exponential-1024p,1024,1024,0.0208415035823992,51,2.4185953619098293e-07,,seconds,0.2182486057281494,0.0041902288794517,megabytes,88270.0,88270.0,1.0,1.0,0.065028096,0.065028096,0.0,0.0,success,sinkhorn,0.01,100000
1D-exponential-1024p,1024,1024,0.0164194674437819,131,6.417315647124012e-07,,seconds,0.0,0.0070837624371051,megabytes,0.0,0.0,0.0,0.0,0.0,0.0,0.0,0.0,success,sinkhorn,0.01,100000
1D-exponential-1024p,1024,1024,0.0405826573446737,81,4.5783538322277756e-07,,seconds,0.0,0.0058738701045513,megabytes,0.0,0.0,0.0,0.0,0.0,0.0,0.0,0.0,success,sinkhorn,0.01,100000
1D-exponential-1024p,1024,1024,0.0306554818121816,61,2.69355782480826e-07,,seconds,0.0,0.0045306347310543,megabytes,0.0,0.0,0.0,0.0,0.0,0.0,0.0,0.0,success,sinkhorn,0.01,100000
1D-exponential-1024p,1024,1024,0.0582729453525767,111,6.594028459994392e-07,,seconds,0.2547948360443115,0.0069019831717014,megabytes,88270.0,88270.0,1.0,1.0,0.066822144,0.066822144,0.0,0.0,success,sinkhorn,0.01,100000
1D-exponential-1024p,1024,1024,0.048539901835761,41,2.0353315586666842e-07,,seconds,0.0,0.0037549976259469,megabytes,0.0,0.0,0.0,0.0,0.0,0.0,0.0,0.0,success,sinkhorn,0.01,100000
1D-exponential-1024p,1024,1024,0.1031629001899769,71,5.497646643326045e-07,,seconds,0.0,0.0050770379602909,megabytes,0.0,0.0,0.0,0.0,0.0,0.0,0.0,0.0,success,sinkhorn,0.01,100000
1D-exponential-1024p,1024,1024,0.0147026705415596,81,5.7400230930579e-07,,seconds,0.0,0.0053733494132757,megabytes,0.0,0.0,0.0,0.0,0.0,0.0,0.0,0.0,success,sinkhorn,0.01,100000
1D-exponential-1024p,1024,1024,0.088249030214646,51,7.415119242152487e-08,,seconds,0.0,0.0042219534516334,megabytes,0.0,0.0,0.0,0.0,0.0,0.0,0.0,0.0,success,sinkhorn,0.01,100000
1D-exponential-1024p,1024,1024,0.0368393712531314,71,2.496694041130688e-07,,seconds,0.2238035202026367,0.0048682577908039,megabytes,88270.0,88270.0,0.0,0.0,0.065015808,0.065015808,0.0,0.0,success,sinkhorn,0.01,100000
1D-exponential-1024p,1024,1024,0.0150069433595952,71,3.5823724044521534e-07,,seconds,0.0,0.0050439741462469,megabytes,0.0,0.0,0.0,0.0,0.0,0.0,0.0,0.0,success,sinkhorn,0.01,100000
1D-exponential-2048p,2048,2048,0.0147031765927703,81,4.0344971825909474e-07,,seconds,0.2945938110351562,0.0070133823901414,megabytes,88270.0,88270.0,1.0,1.0,0.066514944,0.066514944,0.0,0.0,success,sinkhorn,0.01,100000
1D-exponential-2048p,2048,2048,0.0882480352130039,41,8.890997448438834e-07,,seconds,0.2963709831237793,0.0048827249556779,megabytes,88270.0,88270.0,1.0,1.0,0.065114112,0.065114112,0.0,0.0,success,sinkhorn,0.01,100000
1D-exponential-2048p,2048,2048,0.0068748464215169,101,4.3466158653258153e-07,,seconds,0.310694932937622,0.0077753718942403,megabytes,88270.0,88270.0,0.0,0.0,0.065114112,0.065114112,0.0,0.0,success,sinkhorn,0.01,100000
1D-exponential-2048p,2048,2048,0.0077502171523643,91,5.564994072470883e-07,,seconds,0.0,0.0075644198805093,megabytes,0.0,0.0,0.0,0.0,0.0,0.0,0.0,0.0,success,sinkhorn,0.01,100000
1D-exponential-2048p,2048,2048,0.0331870426554433,81,3.226695115570329e-07,,seconds,0.0,0.0066868253052234,megabytes,0.0,0.0,0.0,0.0,0.0,0.0,0.0,0.0,success,sinkhorn,0.01,100000
1D-exponential-2048p,2048,2048,0.0201500424685387,51,1.0911048296797269e-07,,seconds,0.2237865924835205,0.0051896255463361,megabytes,88270.0,88270.0,2.0,2.0,0.064995328,0.064995328,0.0,0.0,success,sinkhorn,0.01,100000
1D-exponential-2048p,2048,2048,0.0208987829751077,51,1.7504235628548444e-07,,seconds,0.3044915199279785,0.0056213308125734,megabytes,88270.0,88270.0,0.0,0.0,0.06500352,0.06500352,0.0,0.0,success,sinkhorn,0.01,100000
1D-exponential-2048p,2048,2048,0.0276627249786069,101,4.871074482986146e-07,,seconds,0.0,0.0077728945761919,megabytes,0.0,0.0,0.0,0.0,0.0,0.0,0.0,0.0,success,sinkhorn,0.01,100000
1D-exponential-2048p,2048,2048,0.0405826773857,81,3.237466748199703e-07,,seconds,0.2990179061889648,0.0069760289043188,megabytes,88270.0,88270.0,0.0,0.0,0.06647808,0.06647808,0.0,0.0,success,sinkhorn,0.01,100000
1D-exponential-2048p,2048,2048,0.0121156255681906,51,9.433380289006304e-07,,seconds,0.0,0.0054452363401651,megabytes,0.0,0.0,0.0,0.0,0.0,0.0,0.0,0.0,success,sinkhorn,0.01,100000
1D-exponential-2048p,2048,2048,0.0324999124924817,101,6.413238460572876e-07,,seconds,0.294900894165039,0.0076811574399471,megabytes,88270.0,88270.0,2.0,2.0,0.06504448,0.06504448,0.0,0.0,success,sinkhorn,0.01,100000
1D-exponential-2048p,2048,2048,0.1204532952723191,51,2.2145012164881326e-07,,seconds,0.0,0.0052971802651882,megabytes,0.0,0.0,0.0,0.0,0.0,0.0,0.0,0.0,success,sinkhorn,0.01,100000
1D-exponential-2048p,2048,2048,0.0056479771548397,71,7.934064705239316e-07,,seconds,0.0,0.006216000765562,megabytes,0.0,0.0,0.0,0.0,0.0,0.0,0.0,0.0,success,sinkhorn,0.01,100000
1D-exponential-2048p,2048,2048,0.0148198826144592,71,2.498177270479129e-07,,seconds,0.2967069149017334,0.0062643755227327,megabytes,88270.0,88270.0,0.0,0.0,0.065097728,0.065097728,0.0,0.0,success,sinkhorn,0.01,100000
1D-exponential-2048p,2048,2048,0.0202489612517201,31,1.0721279249266625e-07,,seconds,0.2981610298156738,0.0043173842132091,megabytes,88270.0,88270.0,1.0,1.0,0.06500352,0.06500352,0.0,0.0,success,sinkhorn,0.01,100000
1D-exponential-2048p,2048,2048,0.0574388149486709,111,4.634406568942807e-07,,seconds,0.2336568832397461,0.0083274729549884,megabytes,88270.0,88270.0,0.0,0.0,0.065081344,0.065081344,0.0,0.0,success,sinkhorn,0.01,100000
1D-exponential-2048p,2048,2048,0.017234762437258,81,7.532032049003095e-07,,seconds,0.0,0.0065527223050594,megabytes,0.0,0.0,0.0,0.0,0.0,0.0,0.0,0.0,success,sinkhorn,0.01,100000
1D-exponential-2048p,2048,2048,0.1048356664307014,41,2.892463431495132e-07,,seconds,0.0,0.0047108922153711,megabytes,0.0,0.0,0.0,0.0,0.0,0.0,0.0,0.0,success,sinkhorn,0.01,100000
1D-exponential-2048p,2048,2048,0.0043885575052302,31,2.143924820430367e-07,,seconds,0.3016831874847412,0.004233518615365,megabytes,88270.0,88270.0,0.0,0.0,0.065040384,0.065040384,0.0,0.0,success,sinkhorn,0.01,100000
1D-exponential-2048p,2048,2048,0.0168129371781854,121,9.853514681892674e-07,,seconds,0.2967801094055176,0.0086039416491985,megabytes,88270.0,88270.0,2.0,2.0,0.065081344,0.065081344,0.0,0.0,success,sinkhorn,0.01,100000
1D-exponential-2048p,2048,2048,0.0225199524203332,81,4.17392860408926e-07,,seconds,0.2228727340698242,0.0066588558256626,megabytes,88270.0,88270.0,1.0,1.0,0.06500352,0.06500352,0.0,0.0,success,sinkhorn,0.01,100000
1D-exponential-2048p,2048,2048,0.0309573348064558,61,1.935387823033126e-07,,seconds,0.0,0.0059383995831012,megabytes,0.0,0.0,0.0,0.0,0.0,0.0,0.0,0.0,success,sinkhorn,0.01,100000
1D-exponential-2048p,2048,2048,0.1327463669650656,61,1.8900910486700562e-07,,seconds,0.2969617843627929,0.0056560523808002,megabytes,88270.0,88270.0,0.0,0.0,0.065060864,0.065060864,0.0,0.0,success,sinkhorn,0.01,100000
1D-exponential-2048p,2048,2048,0.1025797902712225,71,3.848744012242305e-07,,seconds,0.375669002532959,0.0060951262712478,megabytes,88270.0,88270.0,0.0,0.0,0.066146304,0.066146304,0.0,0.0,success,sinkhorn,0.01,100000
1D-exponential-2048p,2048,2048,0.0135364238189829,81,3.050240155079982e-07,,seconds,0.0,0.0065745320171117,megabytes,0.0,0.0,0.0,0.0,0.0,0.0,0.0,0.0,success,sinkhorn,0.01,100000
1D-exponential-2048p,2048,2048,0.036787474258121,61,9.917164939647434e-07,,seconds,0.2589352130889892,0.0057698599994182,megabytes,88270.0,88270.0,2.0,2.0,0.065097728,0.065097728,0.0,0.0,success,sinkhorn,0.01,100000
1D-exponential-2048p,2048,2048,0.1034068110362124,81,9.994329071094423e-07,,seconds,0.2954673767089844,0.0067813899368047,megabytes,88270.0,88270.0,1.0,1.0,0.06496256,0.06496256,0.0,0.0,success,sinkhorn,0.01,100000
1D-exponential-2048p,2048,2048,0.1615727707140684,61,1.2337573618884393e-07,,seconds,0.2944388389587402,0.0059260241687297,megabytes,88270.0,88270.0,1.0,1.0,0.065036288,0.065036288,0.0,0.0,success,sinkhorn,0.01,100000
1D-exponential-2048p,2048,2048,0.0482389911155946,41,1.4696510826514385e-07,,seconds,0.0,0.0047066379338502,megabytes,0.0,0.0,0.0,0.0,0.0,0.0,0.0,0.0,success,sinkhorn,0.01,100000
1D-exponential-2048p,2048,2048,0.0313983212021721,91,3.577705017849647e-07,,seconds,0.2972133159637451,0.0074306409806013,megabytes,88270.0,88270.0,0.0,0.0,0.065032192,0.065032192,0.0,0.0,success,sinkhorn,0.01,100000
1D-exponential-32p,32,32,0.0093526215801915,100000,0.0478333940650004,,seconds,2.94148325920105,2.807260597124696,megabytes,88270.0,88270.0,61.0,53.66666666666666,0.077766656,0.077766656,0.79453125,0.7366536458333334,success,sinkhorn,0.001,100000
1D-exponential-32p,32,32,0.0027058063829354,871,9.77466083183866e-07,,seconds,0.2906496524810791,0.0270606279373168,megabytes,88270.0,88270.0,0.0,0.0,0.064851968,0.064851968,0.0,0.0,success,sinkhorn,0.001,100000
1D-exponential-32p,32,32,0.0323776759024853,100000,0.2558681126436092,,seconds,2.9373891353607178,2.8079571947455406,megabytes,88270.0,88270.0,61.0,55.91666666666666,0.0776192,0.0776192,0.80859375,0.7473307291666665,success,sinkhorn,0.001,100000
1D-exponential-32p,32,32,0.0460130722894381,100000,0.3290917549385582,,seconds,3.0186166763305664,2.9237603172659874,megabytes,88270.0,88270.0,60.0,57.18181818181818,0.075812864,0.075812864,0.7953125,0.7482244318181818,success,sinkhorn,0.001,100000
1D-exponential-32p,32,32,0.0254560880456881,100000,0.0168917963773018,,seconds,2.9852373600006104,2.8105719722807407,megabytes,88270.0,88270.0,62.0,56.583333333333336,0.078204928,0.078204928,0.8046875,0.7322916666666668,success,sinkhorn,0.001,100000
1D-exponential-32p,32,32,0.0417420672706813,100000,0.2183919068932209,,seconds,2.8491997718811035,2.833382887765765,megabytes,88270.0,88270.0,61.0,58.63636363636363,0.075874304,0.075874304,0.7828125,0.7673295454545456,success,sinkhorn,0.001,100000
1D-exponential-32p,32,32,0.0081901091821818,711,9.963583353277476e-07,,seconds,0.2239696979522705,0.0231197569519281,megabytes,88270.0,88270.0,2.0,2.0,0.068087808,0.068087808,0.0,0.0,success,sinkhorn,0.001,100000
1D-exponential-32p,32,32,0.0158000270333834,100000,0.0082543949915295,,seconds,2.896703004837036,2.893044162541628,megabytes,88270.0,88270.0,60.0,54.54545454545455,0.075665408,0.075665408,0.8,0.7767755681818183,success,sinkhorn,0.001,100000
1D-exponential-32p,32,32,0.0299785150563132,100000,0.1184807568863126,,seconds,2.8684334754943848,2.838319279253483,megabytes,88270.0,88270.0,60.0,53.41666666666666,0.0775168,0.0775168,0.7875,0.7669921875,success,sinkhorn,0.001,100000
1D-exponential-32p,32,32,0.0375472785296366,100000,0.2306738466401769,,seconds,3.053547143936157,2.8328042086213827,megabytes,88270.0,88270.0,60.0,55.0,0.077881344,0.077881344,0.8109375,0.7240234375,success,sinkhorn,0.001,100000
1D-exponential-32p,32,32,0.0157776558787237,100000,0.0279556110108422,,seconds,2.9195103645324707,2.838975053280592,megabytes,88270.0,88270.0,60.0,54.54545454545455,0.075763712,0.075763712,0.79296875,0.7592329545454546,success,sinkhorn,0.001,100000
1D-exponential-32p,32,32,0.0113720672049724,931,9.638477853841326e-07,,seconds,0.2559146881103515,0.0287421867251396,megabytes,88270.0,88270.0,8.0,8.0,0.064946176,0.064946176,0.06640625,0.06640625,success,sinkhorn,0.001,100000
1D-exponential-32p,32,32,0.0135680120999191,100000,0.0258136313025761,,seconds,2.8818519115448,2.834708377718925,megabytes,88270.0,88270.0,61.0,54.63636363636363,0.075784192,0.075784192,0.7890625,0.760440340909091,success,sinkhorn,0.001,100000
1D-exponential-32p,32,32,0.012091446587848,10251,9.942174820656733e-07,,seconds,0.3142192363739013,0.2932229600846767,megabytes,88270.0,88270.0,0.0,0.0,0.06453248,0.06453248,0.7015625,0.7015625,success,sinkhorn,0.001,100000
1D-exponential-32p,32,32,0.0226810147883711,100000,0.0764606043751685,,seconds,3.089927673339844,2.890314545482397,megabytes,88270.0,88270.0,60.0,53.583333333333336,0.07821312,0.07821312,0.7984375,0.7151041666666668,success,sinkhorn,0.001,100000
1D-exponential-32p,32,32,0.0019558120094436,971,9.373950135235818e-07,,seconds,0.261319637298584,0.029900575056672,megabytes,88270.0,88270.0,8.0,8.0,0.064831488,0.064831488,0.03203125,0.03203125,success,sinkhorn,0.001,100000
1D-exponential-32p,32,32,0.0251117235353361,8391,9.953030020402875e-07,,seconds,0.2493200302124023,0.2408491410315036,megabytes,88270.0,88270.0,0.0,0.0,0.064344064,0.064344064,0.7515625,0.7515625,success,sinkhorn,0.001,100000
1D-exponential-32p,32,32,0.0140921429481202,100000,0.040909797347094,,seconds,3.021151304244995,2.835468551144004,megabytes,88270.0,88270.0,61.0,55.91666666666666,0.07784448,0.07784448,0.80390625,0.7206380208333333,success,sinkhorn,0.001,100000
1D-exponential-32p,32,32,0.0251011483128092,100000,0.1873400186929038,,seconds,2.942136526107788,2.85089723020792,megabytes,88270.0,88270.0,60.0,55.833333333333336,0.077565952,0.077565952,0.79609375,0.7498046875000002,success,sinkhorn,0.001,100000
1D-exponential-32p,32,32,0.0192193879017511,70121,9.995716776908716e-07,,seconds,2.193851947784424,1.993522122502327,megabytes,88270.0,88270.0,61.0,54.44444444444444,0.075923456,0.075923456,0.7859375,0.6947916666666667,success,sinkhorn,0.001,100000
1D-exponential-32p,32,32,0.0166623391794769,100000,0.0165809811115676,,seconds,2.98274302482605,2.850562235340476,megabytes,88270.0,88270.0,60.0,53.91666666666666,0.077467648,0.077467648,0.79453125,0.7357421875,success,sinkhorn,0.001,100000
1D-exponential-32p,32,32,0.0333996885030277,100000,0.3771715941070902,,seconds,2.836425542831421,2.8344198428094387,megabytes,88270.0,88270.0,61.0,57.18181818181818,0.075685888,0.075685888,0.80078125,0.7790482954545453,success,sinkhorn,0.001,100000
1D-exponential-32p,32,32,0.0315390070858558,100000,0.1011652365288187,,seconds,3.0652434825897217,2.817274169996381,megabytes,88270.0,88270.0,60.0,53.66666666666666,0.078188544,0.078188544,0.80546875,0.7154296875,success,sinkhorn,0.001,100000
1D-exponential-32p,32,32,0.0143060602640796,100000,0.1008066507354251,,seconds,3.077399730682373,2.8450376391410828,megabytes,88270.0,88270.0,61.0,55.083333333333336,0.077922304,0.077922304,0.79921875,0.7107421875000001,success,sinkhorn,0.001,100000
1D-exponential-32p,32,32,0.0165625822365826,781,9.113072364802888e-07,,seconds,0.2972006797790527,0.0245478264987468,megabytes,88270.0,88270.0,7.0,7.0,0.064978944,0.064978944,0.0,0.0,success,sinkhorn,0.001,100000
1D-exponential-32p,32,32,0.0023511301352716,291,7.085465568923849e-07,,seconds,0.2248430252075195,0.0105250850319862,megabytes,88270.0,88270.0,0.0,0.0,0.065183744,0.065183744,0.0,0.0,success,sinkhorn,0.001,100000
1D-exponential-32p,32,32,0.0250167290552135,100000,0.3275070029686429,,seconds,2.985621452331543,2.8484119921922684,megabytes,88270.0,88270.0,60.0,54.5,0.077574144,0.077574144,0.80078125,0.73046875,success,sinkhorn,0.001,100000
1D-exponential-32p,32,32,0.0220094148533857,100000,0.0045660380694872,,seconds,3.063494682312012,2.9413829259574413,megabytes,88270.0,88270.0,61.0,55.75,0.07757824,0.07757824,0.796875,0.7415364583333334,success,sinkhorn,0.001,100000
1D-exponential-32p,32,32,0.030020478255111,100000,0.440933237514871,,seconds,3.0834949016571045,2.9094146955758333,megabytes,88270.0,88270.0,60.0,53.833333333333336,0.077934592,0.077934592,0.79609375,0.72890625,success,sinkhorn,0.001,100000
1D-exponential-32p,32,32,0.0027222127633467,14741,9.993622173196696e-07,,seconds,0.4473738670349121,0.4141005612909794,megabytes,88270.0,88270.0,7.0,3.5,0.076791808,0.076791808,0.76484375,0.69921875,success,sinkhorn,0.001,100000
1D-exponential-64p,64,64,0.0158489878790305,100000,0.028967492689171,,seconds,3.0664992332458496,2.8539535626769066,megabytes,88270.0,88270.0,61.0,57.16666666666666,0.077959168,0.077959168,0.80078125,0.714453125,success,sinkhorn,0.001,100000
1D-exponential-64p,64,64,0.0121507601874544,100000,0.0005577190959559,,seconds,3.0232462882995605,2.848455920815468,megabytes,88270.0,88270.0,61.0,53.91666666666666,0.07796736,0.07796736,0.7953125,0.7210286458333334,success,sinkhorn,0.001,100000
1D-exponential-64p,64,64,0.0245657271761105,100000,0.0919113163157568,,seconds,3.0826542377471924,2.8255064133554697,megabytes,88270.0,88270.0,61.0,55.75,0.077991936,0.077991936,0.81171875,0.7214843750000001,success,sinkhorn,0.001,100000
1D-exponential-64p,64,64,0.0305234330665914,100000,0.314647063299924,,seconds,2.9752414226531982,2.8342851791530848,megabytes,88270.0,88270.0,61.0,57.16666666666666,0.077590528,0.077590528,0.80859375,0.7442708333333332,success,sinkhorn,0.001,100000
1D-exponential-64p,64,64,0.0465025334388199,100000,0.3096457591367905,,seconds,3.0767641067504883,2.8424936905503277,megabytes,88270.0,88270.0,61.0,56.0,0.078200832,0.078200832,0.803125,0.7143229166666667,success,sinkhorn,0.001,100000
1D-exponential-64p,64,64,0.0114242071575056,100000,0.0647666264918532,,seconds,3.1100258827209477,2.837896712124348,megabytes,88270.0,88270.0,61.0,51.583333333333336,0.077615104,0.077615104,0.79296875,0.7151041666666668,success,sinkhorn,0.001,100000
1D-exponential-64p,64,64,0.0153080399021597,881,9.958597157582562e-07,,seconds,0.2220582962036132,0.0280273668467998,megabytes,88270.0,88270.0,0.0,0.0,0.067936256,0.067936256,0.07734375,0.07734375,success,sinkhorn,0.001,100000
1D-exponential-64p,64,64,0.0077716846614012,55911,9.99172180066119e-07,,seconds,1.627554416656494,1.5860227532684803,megabytes,88270.0,88270.0,61.0,49.0,0.075042816,0.075042816,0.79140625,0.7592447916666667,success,sinkhorn,0.001,100000
1D-exponential-64p,64,64,0.0091552155603531,100000,0.0617642228543114,,seconds,2.8700413703918457,2.827538628131151,megabytes,88270.0,88270.0,62.0,53.27272727272727,0.077279232,0.077279232,0.80234375,0.7722301136363636,success,sinkhorn,0.001,100000
1D-exponential-64p,64,64,0.0134652448928346,931,9.799545231804754e-07,,seconds,0.3008575439453125,0.0284967496991157,megabytes,88270.0,88270.0,8.0,8.0,0.064647168,0.064647168,0.028125,0.028125,success,sinkhorn,0.001,100000
1D-exponential-64p,64,64,0.0050815478486068,100000,0.0004587808973667,,seconds,2.9066085815429688,2.838225282728672,megabytes,88270.0,88270.0,61.0,54.54545454545455,0.07596032,0.07596032,0.80546875,0.7582386363636363,success,sinkhorn,0.001,100000
1D-exponential-64p,64,64,0.0110752092590139,11961,9.937445655614635e-07,,seconds,0.4721720218658447,0.3383942805230617,megabytes,88270.0,88270.0,20.0,12.0,0.074276864,0.074276864,0.778125,0.508203125,success,sinkhorn,0.001,100000
1D-exponential-64p,64,64,0.0292149236878181,100000,0.2749682903638576,,seconds,3.108614683151245,2.919414468109608,megabytes,88270.0,88270.0,61.0,55.5,0.078057472,0.078057472,0.796875,0.7189453124999999,success,sinkhorn,0.001,100000
1D-exponential-64p,64,64,0.0370466972788595,100000,0.2407150828234511,,seconds,2.822937488555908,2.817209636792541,megabytes,88270.0,88270.0,61.0,55.46153846153846,0.0785408,0.0785408,0.80078125,0.7764423076923076,success,sinkhorn,0.001,100000
1D-exponential-64p,64,64,0.0155599900699755,100000,0.0157858086506399,,seconds,3.0409460067749023,2.82812637463212,megabytes,88270.0,88270.0,61.0,55.07692307692308,0.077778944,0.077778944,0.80703125,0.7287259615384616,success,sinkhorn,0.001,100000
1D-exponential-64p,64,64,0.0309976643918812,100000,0.0243637127236549,,seconds,2.9284956455230717,2.8188612908124924,megabytes,88270.0,88270.0,61.0,56.15384615384615,0.077799424,0.077799424,0.8078125,0.7451923076923077,success,sinkhorn,0.001,100000
1D-exponential-64p,64,64,0.0062048613823104,831,9.034349923382596e-07,,seconds,0.226907730102539,0.0257565844804048,megabytes,88270.0,88270.0,6.0,6.0,0.06494208,0.06494208,0.03828125,0.03828125,success,sinkhorn,0.001,100000
1D-exponential-64p,64,64,0.0242575632358294,100000,0.0228845198230356,,seconds,2.814291000366211,2.8126202672719955,megabytes,88270.0,88270.0,61.0,54.46153846153846,0.078610432,0.078610432,0.83125,0.7867187500000001,success,sinkhorn,0.001,100000
1D-exponential-64p,64,64,0.0178531703684673,100000,0.0576626038160262,,seconds,3.002321481704712,2.8132976703345776,megabytes,88270.0,88270.0,61.0,55.083333333333336,0.078159872,0.078159872,0.80078125,0.7137369791666667,success,sinkhorn,0.001,100000
1D-exponential-64p,64,64,0.0270464888142215,100000,0.063781599068869,,seconds,2.9074418544769287,2.816556105390191,megabytes,88270.0,88270.0,61.0,54.15384615384615,0.077758464,0.077758464,0.81015625,0.760576923076923,success,sinkhorn,0.001,100000
1D-exponential-64p,64,64,0.002772447783257,25711,9.997454396097486e-07,,seconds,0.7367243766784668,0.7263832706958055,megabytes,88270.0,88270.0,61.0,34.666666666666664,0.074657792,0.074657792,0.76796875,0.7549479166666666,success,sinkhorn,0.001,100000
1D-exponential-64p,64,64,0.0119876651948306,15131,9.989787319591658e-07,,seconds,0.4391450881958008,0.4282058887183666,megabytes,88270.0,88270.0,44.0,22.0,0.074375168,0.074375168,0.79765625,0.778515625,success,sinkhorn,0.001,100000
1D-exponential-64p,64,64,0.0018046732517688,801,9.464594498734264e-07,,seconds,0.2257039546966552,0.0250442828983068,megabytes,88270.0,88270.0,25.0,25.0,0.06465536,0.06465536,0.0,0.0,success,sinkhorn,0.001,100000
1D-exponential-64p,64,64,0.0370954613646294,100000,0.2309382538194493,,seconds,2.865581512451172,2.818237494677305,megabytes,88270.0,88270.0,61.0,55.53846153846154,0.077774848,0.077774848,0.809375,0.769170673076923,success,sinkhorn,0.001,100000
1D-exponential-64p,64,64,0.0133800064704227,100000,0.0257687906869704,,seconds,2.927292585372925,2.817407343536616,megabytes,88270.0,88270.0,61.0,57.083333333333336,0.077774848,0.077774848,0.803125,0.7455078125,success,sinkhorn,0.001,100000
1D-exponential-64p,64,64,0.0076224396838265,100000,0.0064450712367921,,seconds,3.0344550609588623,2.817894199863076,megabytes,88270.0,88270.0,61.0,52.785714285714285,0.078585856,0.078585856,0.80546875,0.7193080357142858,success,sinkhorn,0.001,100000
1D-exponential-64p,64,64,0.0314985790869555,100000,0.1763030168858184,,seconds,2.9680395126342773,2.817732410505414,megabytes,88270.0,88270.0,61.0,56.25,0.077860864,0.077860864,0.8078125,0.7317057291666668,success,sinkhorn,0.001,100000
1D-exponential-64p,64,64,0.0284704530674972,100000,0.1209363318544634,,seconds,2.974466323852539,2.9351173900067806,megabytes,88270.0,88270.0,61.0,54.45454545454545,0.077484032,0.077484032,0.79296875,0.7668323863636364,success,sinkhorn,0.001,100000
1D-exponential-64p,64,64,0.036000250099022,100000,0.187163797267425,,seconds,2.8213999271392822,2.8132802192121744,megabytes,88270.0,88270.0,61.0,53.583333333333336,0.077688832,0.077688832,0.809375,0.7743489583333334,success,sinkhorn,0.001,100000
1D-exponential-64p,64,64,0.001210576617057,331,9.716345220238751e-07,,seconds,0.2236685752868652,0.0115566980093717,megabytes,88270.0,88270.0,0.0,0.0,0.065056768,0.065056768,0.0,0.0,success,sinkhorn,0.001,100000
1D-exponential-128p,128,128,0.0186598109408265,100000,0.0003734594333368,,seconds,3.197810173034668,3.042296877130866,megabytes,88270.0,88270.0,59.0,54.0,0.078135296,0.078135296,0.80625,0.738671875,success,sinkhorn,0.001,100000
1D-exponential-128p,128,128,0.0311626088014301,100000,0.2211292100707808,,seconds,3.154726028442383,2.953792318701744,megabytes,88270.0,88270.0,60.0,53.85714285714285,0.079450112,0.079450112,0.80078125,0.7175781250000001,success,sinkhorn,0.001,100000
1D-exponential-128p,128,128,0.0106194859505509,100000,0.0223437664967511,,seconds,3.2965919971466064,3.1083992030471563,megabytes,88270.0,88270.0,59.0,51.8,0.07852032,0.07852032,0.796875,0.7285416666666666,success,sinkhorn,0.001,100000
1D-exponential-128p,128,128,0.037139445615481,100000,0.2281950334701373,,seconds,3.355170965194702,3.153056101873517,megabytes,88270.0,88270.0,56.0,51.5,0.07804928,0.07804928,0.80546875,0.7367745535714284,success,sinkhorn,0.001,100000
1D-exponential-128p,128,128,0.0018055549192976,771,9.494424380720964e-07,,seconds,0.2499651908874511,0.0256817378103733,megabytes,88270.0,88270.0,0.0,0.0,0.064618496,0.064618496,0.0,0.0,success,sinkhorn,0.001,100000
1D-exponential-128p,128,128,0.0297796853625733,100000,0.1260820076214787,,seconds,3.2982211112976074,3.152779135853052,megabytes,88270.0,88270.0,57.0,52.333333333333336,0.07819264,0.07819264,0.8078125,0.7505729166666667,success,sinkhorn,0.001,100000
1D-exponential-128p,128,128,0.0323656066898367,100000,0.2232292071232805,,seconds,3.1022775173187256,3.040920726954937,megabytes,88270.0,88270.0,58.0,51.642857142857146,0.078041088,0.078041088,0.80859375,0.7627790178571429,success,sinkhorn,0.001,100000
1D-exponential-128p,128,128,0.0113669069873222,100000,0.0651908577309196,,seconds,3.266655206680298,3.1617307607084517,megabytes,88270.0,88270.0,56.0,50.85714285714285,0.078098432,0.078098432,0.8078125,0.7474888392857143,success,sinkhorn,0.001,100000
1D-exponential-128p,128,128,0.0104325991599364,861,9.945727407043568e-07,,seconds,0.2250423431396484,0.0283960103988647,megabytes,88270.0,88270.0,0.0,0.0,0.06465536,0.06465536,0.03828125,0.03828125,success,sinkhorn,0.001,100000
1D-exponential-128p,128,128,0.012048612152205,100000,0.0211540254955121,,seconds,3.3106374740600586,3.10224062949419,megabytes,88270.0,88270.0,57.0,53.4,0.07815168,0.07815168,0.79765625,0.7331249999999999,success,sinkhorn,0.001,100000
1D-exponential-128p,128,128,0.0111805250769797,821,9.716746157455807e-07,,seconds,0.2394046783447265,0.0272660162299871,megabytes,88270.0,88270.0,7.0,7.0,0.068165632,0.068165632,0.0359375,0.0359375,success,sinkhorn,0.001,100000
1D-exponential-128p,128,128,0.0179136182179756,100000,6.1484088874221e-05,,seconds,3.180696725845337,3.16648368537426,megabytes,88270.0,88270.0,57.0,50.53846153846154,0.078098432,0.078098432,0.80390625,0.7772235576923077,success,sinkhorn,0.001,100000
1D-exponential-128p,128,128,0.0123436487595544,100000,0.0188794064426601,,seconds,3.0578770637512207,3.049510929733515,megabytes,88270.0,88270.0,58.0,56.142857142857146,0.078180352,0.078180352,0.80390625,0.7752232142857142,success,sinkhorn,0.001,100000
1D-exponential-128p,128,128,0.0090386063978149,61691,9.997012741831663e-07,,seconds,2.12918758392334,1.9161032401025293,megabytes,88270.0,88270.0,59.0,51.11111111111112,0.076681216,0.076681216,0.79453125,0.6888888888888889,success,sinkhorn,0.001,100000
1D-exponential-128p,128,128,0.0112277184747285,100000,0.0794052104016725,,seconds,3.113136053085327,3.0653071179986,megabytes,88270.0,88270.0,58.0,49.785714285714285,0.07809024,0.07809024,0.80703125,0.768080357142857,success,sinkhorn,0.001,100000
1D-exponential-128p,128,128,0.0176235149772889,100000,0.0590107995338581,,seconds,3.2109057903289795,3.1255772802978754,megabytes,88270.0,88270.0,57.0,53.53846153846154,0.078073856,0.078073856,0.834375,0.7633413461538461,success,sinkhorn,0.001,100000
1D-exponential-128p,128,128,0.0014308635086758,331,8.142812858906955e-07,,seconds,0.2286708354949951,0.0126761719584465,megabytes,88270.0,88270.0,0.0,0.0,0.068509696,0.068509696,0.0,0.0,success,sinkhorn,0.001,100000
1D-exponential-128p,128,128,0.0259282549348411,100000,0.0419826750838511,,seconds,3.272970199584961,3.131020434200764,megabytes,88270.0,88270.0,57.0,49.53333333333333,0.078262272,0.078262272,0.80703125,0.7419791666666667,success,sinkhorn,0.001,100000
1D-exponential-128p,128,128,0.0246946718166405,100000,0.0011841317732097,,seconds,3.0083882808685303,2.932658424600959,megabytes,88270.0,88270.0,60.0,55.71428571428572,0.078995456,0.078995456,0.81015625,0.7645089285714286,success,sinkhorn,0.001,100000
1D-exponential-128p,128,128,0.025024197039189,100000,0.0456704013091499,,seconds,3.296689033508301,3.149831641465425,megabytes,88270.0,88270.0,57.0,51.333333333333336,0.078258176,0.078258176,0.81640625,0.7436458333333335,success,sinkhorn,0.001,100000
1D-exponential-128p,128,128,0.0335551455458452,100000,0.1401087040979466,,seconds,3.111236810684204,3.0632932763546705,megabytes,88270.0,88270.0,58.0,48.785714285714285,0.078143488,0.078143488,0.809375,0.7751116071428571,success,sinkhorn,0.001,100000
1D-exponential-128p,128,128,0.0027812529273997,27891,9.991095027656471e-07,,seconds,0.8739631175994873,0.8697473704814911,megabytes,88270.0,88270.0,57.0,42.25,0.075173888,0.075173888,0.7734375,0.7658203125,success,sinkhorn,0.001,100000
1D-exponential-128p,128,128,0.0037514544746942,39141,9.977142995434871e-07,,seconds,1.3108417987823486,1.1775807533413172,megabytes,88270.0,88270.0,58.0,45.5,0.075341824,0.075341824,0.80703125,0.6986979166666667,success,sinkhorn,0.001,100000
1D-exponential-128p,128,128,0.0138590337703899,100000,0.000598366992966,,seconds,3.217440605163574,3.129792921245098,megabytes,88270.0,88270.0,57.0,49.21428571428572,0.078221312,0.078221312,0.803125,0.7530691964285714,success,sinkhorn,0.001,100000
1D-exponential-128p,128,128,0.0462674366992382,100000,0.1991634561950172,,seconds,3.1291725635528564,2.9726201444864278,megabytes,88270.0,88270.0,59.0,53.23076923076923,0.079122432,0.079122432,0.803125,0.7225961538461539,success,sinkhorn,0.001,100000
1D-exponential-128p,128,128,0.0119329701404409,100000,0.0005741144357236,,seconds,3.4326579570770264,3.1850722674280405,megabytes,88270.0,88270.0,56.0,51.13333333333333,0.0786432,0.0786432,0.80859375,0.73453125,success,sinkhorn,0.001,100000
1D-exponential-128p,128,128,0.0374815687598865,100000,0.1566260413057093,,seconds,3.0843312740325928,2.985056482255459,megabytes,88270.0,88270.0,59.0,51.23076923076923,0.079048704,0.079048704,0.7984375,0.7465745192307693,success,sinkhorn,0.001,100000
1D-exponential-128p,128,128,0.0178496236696681,100000,0.0407700779063616,,seconds,3.3309764862060547,3.183191951364279,megabytes,88270.0,88270.0,56.0,50.6,0.078266368,0.078266368,0.80859375,0.7508854166666666,success,sinkhorn,0.001,100000
1D-exponential-128p,128,128,0.0281862896312968,100000,0.0810642021867648,,seconds,3.274354934692383,3.085465485230088,megabytes,88270.0,88270.0,59.0,51.92307692307692,0.078516224,0.078516224,0.80625,0.7238581730769232,success,sinkhorn,0.001,100000
1D-exponential-128p,128,128,0.0240776752693492,100000,0.0951879139856255,,seconds,3.2546908855438232,3.2381851822137837,megabytes,88270.0,88270.0,55.0,51.2,0.07825408,0.07825408,0.815625,0.7748958333333333,success,sinkhorn,0.001,100000
1D-exponential-256p,256,256,0.008311098172687,73131,9.999660158279504e-07,,seconds,2.652958869934082,2.45463452860713,megabytes,88270.0,88270.0,55.0,50.25,0.079147008,0.079147008,0.8015625,0.7108072916666668,success,sinkhorn,0.001,100000
1D-exponential-256p,256,256,0.0044001551754438,44231,9.982183046591978e-07,,seconds,1.6088194847106934,1.546486809849739,megabytes,88270.0,88270.0,54.0,41.85714285714285,0.07612416,0.07612416,0.803125,0.7484375,success,sinkhorn,0.001,100000
1D-exponential-256p,256,256,0.009804607538882,801,9.27908580521688e-07,,seconds,0.2288501262664795,0.0277206059545278,megabytes,88270.0,88270.0,16.0,16.0,0.064671744,0.064671744,0.03671875,0.03671875,success,sinkhorn,0.001,100000
1D-exponential-256p,256,256,0.0381560993124132,100000,0.1217998140500932,,seconds,3.3109805583953857,3.159080553799868,megabytes,88270.0,88270.0,58.0,52.142857142857146,0.078712832,0.078712832,0.80703125,0.7553013392857144,success,sinkhorn,0.001,100000
1D-exponential-256p,256,256,0.0259162548671338,100000,0.0411499420147971,,seconds,3.2421531677246094,3.2326867766678333,megabytes,88270.0,88270.0,57.0,51.35714285714285,0.07952384,0.07952384,0.8046875,0.7781808035714286,success,sinkhorn,0.001,100000
1D-exponential-256p,256,256,0.0033510282679443,31761,9.977552182838829e-07,,seconds,1.0856540203094482,1.0138838235288858,megabytes,88270.0,88270.0,57.0,49.0,0.078139392,0.078139392,0.8078125,0.7321875,success,sinkhorn,0.001,100000
1D-exponential-256p,256,256,0.0118739697545688,851,9.672689386550805e-07,,seconds,0.2257566452026367,0.029854591935873,megabytes,88270.0,88270.0,0.0,0.0,0.064659456,0.064659456,0.0,0.0,success,sinkhorn,0.001,100000
1D-exponential-256p,256,256,0.0248457644120073,100000,0.0334119841193582,,seconds,3.263160228729248,3.1171788293868303,megabytes,88270.0,88270.0,58.0,50.73333333333333,0.078655488,0.078655488,0.8078125,0.7401562500000001,success,sinkhorn,0.001,100000
1D-exponential-256p,256,256,0.0279529771672042,100000,0.0559329807958583,,seconds,3.4616522789001465,3.2701781187206507,megabytes,88270.0,88270.0,56.0,49.8,0.07919616,0.07919616,0.80703125,0.730625,success,sinkhorn,0.001,100000
1D-exponential-256p,256,256,0.0178653057119623,100000,8.047484232682372e-05,,seconds,3.3189785480499268,3.127113003283739,megabytes,88270.0,88270.0,58.0,53.73333333333333,0.07942144,0.07942144,0.80625,0.73125,success,sinkhorn,0.001,100000
1D-exponential-256p,256,256,0.0014337617819564,321,7.966129251839797e-07,,seconds,0.2270519733428955,0.0126134809106588,megabytes,88270.0,88270.0,0.0,0.0,0.065122304,0.065122304,0.0,0.0,success,sinkhorn,0.001,100000
1D-exponential-256p,256,256,0.009810935402223,100000,0.0182970381214878,,seconds,3.2100095748901367,3.1730781868100166,megabytes,88270.0,88270.0,57.0,52.57142857142857,0.078671872,0.078671872,0.80703125,0.7737165178571429,success,sinkhorn,0.001,100000
1D-exponential-256p,256,256,0.0129785205906163,100000,0.0131440845104084,,seconds,3.1930811405181885,3.2008128613233566,megabytes,88270.0,88270.0,59.0,50.61538461538461,0.078647296,0.078647296,0.8015625,0.7749399038461539,success,sinkhorn,0.001,100000
1D-exponential-256p,256,256,0.0101490476351059,100000,0.0453917913393409,,seconds,3.232162952423096,3.142121298238635,megabytes,88270.0,88270.0,58.0,52.785714285714285,0.079282176,0.079282176,0.8015625,0.7527343750000001,success,sinkhorn,0.001,100000
1D-exponential-256p,256,256,0.0291560660924334,100000,0.0949316393280944,,seconds,3.279158592224121,3.226346069946885,megabytes,88270.0,88270.0,57.0,52.13333333333333,0.079343616,0.079343616,0.8109375,0.7661979166666666,success,sinkhorn,0.001,100000
1D-exponential-256p,256,256,0.0261840265032679,100000,0.0066325779115366,,seconds,3.604785203933716,3.44838610291481,megabytes,88270.0,88270.0,58.0,52.25,0.079609856,0.079609856,0.8078125,0.7388671875,success,sinkhorn,0.001,100000
1D-exponential-256p,256,256,0.0374072259067364,100000,0.1618077995133942,,seconds,3.342811346054077,3.2075811736285686,megabytes,88270.0,88270.0,57.0,49.93333333333333,0.079314944,0.079314944,0.7984375,0.7477083333333334,success,sinkhorn,0.001,100000
1D-exponential-256p,256,256,0.0194598093059379,100000,0.0569617404211693,,seconds,3.580665111541748,3.523571183905005,megabytes,88270.0,88270.0,53.0,49.93333333333333,0.08011776,0.08011776,0.80546875,0.7660937499999999,success,sinkhorn,0.001,100000
1D-exponential-256p,256,256,0.0346417758927765,100000,0.0965100031607548,,seconds,3.3424313068389893,3.231884405016899,megabytes,88270.0,88270.0,57.0,51.92857142857143,0.079138816,0.079138816,0.79765625,0.754575892857143,success,sinkhorn,0.001,100000
1D-exponential-256p,256,256,0.0124782877575439,14411,9.98393472296296e-07,,seconds,0.5067875385284424,0.460968054831028,megabytes,88270.0,88270.0,55.0,27.5,0.075083776,0.075083776,0.80390625,0.7015625000000001,success,sinkhorn,0.001,100000
1D-exponential-256p,256,256,0.0240597477063626,100000,0.0826174306740642,,seconds,3.3693864345550537,3.255806813016534,megabytes,88270.0,88270.0,58.0,51.785714285714285,0.079208448,0.079208448,0.80078125,0.7535714285714287,success,sinkhorn,0.001,100000
1D-exponential-256p,256,256,0.0464021946372951,100000,0.1488621994520096,,seconds,3.51776385307312,3.229197958484292,megabytes,88270.0,88270.0,57.0,51.9375,0.080678912,0.080678912,0.809375,0.733740234375,success,sinkhorn,0.001,100000
1D-exponential-256p,256,256,0.0169652981597736,7161,9.934406768516944e-07,,seconds,0.2775182723999023,0.240050408989191,megabytes,88270.0,88270.0,0.0,0.0,0.064159744,0.064159744,0.690625,0.690625,success,sinkhorn,0.001,100000
1D-exponential-256p,256,256,0.0132261554357681,100000,0.0261394196492993,,seconds,3.2919843196868896,3.153499538078904,megabytes,88270.0,88270.0,58.0,54.21428571428572,0.079122432,0.079122432,0.8390625,0.7506138392857142,success,sinkhorn,0.001,100000
1D-exponential-256p,256,256,0.0107088514460095,19011,9.96228984938192e-07,,seconds,0.6572566032409668,0.6252219937741756,megabytes,88270.0,88270.0,56.0,25.666666666666668,0.078495744,0.078495744,0.7640625,0.7182291666666667,success,sinkhorn,0.001,100000
1D-exponential-256p,256,256,0.0324166621789476,100000,0.1573761787442326,,seconds,3.277101993560791,3.140169192105532,megabytes,88270.0,88270.0,58.0,55.93333333333333,0.07929856,0.07929856,0.8078125,0.7436979166666667,success,sinkhorn,0.001,100000
1D-exponential-256p,256,256,0.0113382744846168,100000,0.0489643982205808,,seconds,3.361553192138672,3.249087765812874,megabytes,88270.0,88270.0,56.0,52.66666666666666,0.079208448,0.079208448,0.8015625,0.7470312499999999,success,sinkhorn,0.001,100000
1D-exponential-256p,256,256,0.0178609673772964,100000,0.0401122399464565,,seconds,3.188727855682373,3.174000369384885,megabytes,88270.0,88270.0,58.0,53.07142857142857,0.079159296,0.079159296,0.81328125,0.780970982142857,success,sinkhorn,0.001,100000
1D-exponential-256p,256,256,0.0018055385743082,741,9.486425156013892e-07,,seconds,0.2713360786437988,0.0264303050935268,megabytes,88270.0,88270.0,0.0,0.0,0.064647168,0.064647168,0.03125,0.03125,success,sinkhorn,0.001,100000
1D-exponential-256p,256,256,0.0320394155910839,100000,0.1531719230562707,,seconds,3.142019033432007,3.1262262631207705,megabytes,88270.0,88270.0,58.0,54.35714285714285,0.079163392,0.079163392,0.80390625,0.7761160714285715,success,sinkhorn,0.001,100000
1D-exponential-512p,512,512,0.0268457766663802,100000,0.0101368285871372,,seconds,3.761612892150879,3.662281746044755,megabytes,88270.0,88270.0,62.0,60.05882352941177,0.081207296,0.081207296,0.8109375,0.7637867647058821,success,sinkhorn,0.001,100000
1D-exponential-512p,512,512,0.0033515689523986,35561,9.992151915061704e-07,,seconds,1.4251184463500977,1.3041862547397614,megabytes,88270.0,88270.0,62.0,43.333333333333336,0.078286848,0.078286848,0.81015625,0.6941406250000001,success,sinkhorn,0.001,100000
1D-exponential-512p,512,512,0.02429323625352,100000,0.0216108017433481,,seconds,3.718238353729248,3.664556855335832,megabytes,88270.0,88270.0,62.0,59.0,0.08118272,0.08118272,0.8046875,0.7716452205882353,success,sinkhorn,0.001,100000
1D-exponential-512p,512,512,0.0111323411789953,811,9.778650552702363e-07,,seconds,0.2272427082061767,0.0321546122431755,megabytes,88270.0,88270.0,8.0,8.0,0.064565248,0.064565248,0.03828125,0.03828125,success,sinkhorn,0.001,100000
1D-exponential-512p,512,512,0.0167595781663648,100000,0.0248729003187492,,seconds,3.6972265243530273,3.668097399175167,megabytes,88270.0,88270.0,62.0,57.0625,0.081088512,0.081088512,0.80859375,0.7737304687500001,success,sinkhorn,0.001,100000
1D-exponential-512p,512,512,0.0132377628697345,100000,0.0002111879010182,,seconds,3.786990642547608,3.667383261024952,megabytes,88270.0,88270.0,62.0,57.9375,0.081129472,0.081129472,0.8078125,0.7505859375,success,sinkhorn,0.001,100000
1D-exponential-512p,512,512,0.0103989210143575,100000,0.0338954264889396,,seconds,3.7603392601013184,3.6685679089277983,megabytes,88270.0,88270.0,62.0,57.23529411764706,0.081149952,0.081149952,0.815625,0.7606158088235295,success,sinkhorn,0.001,100000
1D-exponential-512p,512,512,0.0250303137026926,100000,0.0617969530170138,,seconds,3.750448703765869,3.668483268469572,megabytes,88270.0,88270.0,62.0,58.125,0.081022976,0.081022976,0.8109375,0.761376953125,success,sinkhorn,0.001,100000
1D-exponential-512p,512,512,0.011342160006362,100000,0.0350240247687244,,seconds,3.698233604431152,3.6688933465629816,megabytes,88270.0,88270.0,62.0,58.875,0.081113088,0.081113088,0.828125,0.77880859375,success,sinkhorn,0.001,100000
1D-exponential-512p,512,512,0.0184025200358408,100000,0.0022602692255749,,seconds,3.716255426406861,3.671180849894881,megabytes,88270.0,88270.0,62.0,56.375,0.081104896,0.081104896,0.80390625,0.773779296875,success,sinkhorn,0.001,100000
1D-exponential-512p,512,512,0.0126340456505912,100000,0.0095386393310071,,seconds,3.7830963134765625,3.663377603515983,megabytes,88270.0,88270.0,62.0,58.35294117647059,0.0812032,0.0812032,0.80703125,0.762408088235294,success,sinkhorn,0.001,100000
1D-exponential-512p,512,512,0.028014807875171,100000,0.0420748970358503,,seconds,3.753040075302124,3.703044008463621,megabytes,88270.0,88270.0,62.0,57.8,0.081051648,0.081051648,0.8015625,0.7615625,success,sinkhorn,0.001,100000
1D-exponential-512p,512,512,0.0466231657113862,100000,0.107462199202555,,seconds,3.694470167160034,3.686744241043925,megabytes,88270.0,88270.0,62.0,58.125,0.081158144,0.081158144,0.8125,0.7791015625000001,success,sinkhorn,0.001,100000
1D-exponential-512p,512,512,0.0293807133945269,100000,0.0655901776349744,,seconds,3.716780185699463,3.665122579783201,megabytes,88270.0,88270.0,62.0,56.6875,0.08114176,0.08114176,0.8046875,0.7659667968749999,success,sinkhorn,0.001,100000
1D-exponential-512p,512,512,0.0374908480727741,100000,0.1147322418451212,,seconds,3.797649621963501,3.6586887557059526,megabytes,88270.0,88270.0,62.0,58.75,0.080703488,0.080703488,0.8046875,0.7407226562499998,success,sinkhorn,0.001,100000
1D-exponential-512p,512,512,0.0018055103715696,711,9.471224906491836e-07,,seconds,0.221099853515625,0.028437316417694,megabytes,88270.0,88270.0,0.0,0.0,0.064643072,0.064643072,0.0390625,0.0390625,success,sinkhorn,0.001,100000
1D-exponential-512p,512,512,0.0107104548221018,21541,9.990312125633343e-07,,seconds,0.88419508934021,0.7909958232194185,megabytes,88270.0,88270.0,62.0,38.5,0.077438976,0.077438976,0.78984375,0.68203125,success,sinkhorn,0.001,100000
1D-exponential-512p,512,512,0.0090476290278528,82971,9.999363620840413e-07,,seconds,3.193526268005371,3.0610150806605816,megabytes,88270.0,88270.0,62.0,58.07142857142857,0.0805888,0.0805888,0.80703125,0.7422433035714286,success,sinkhorn,0.001,100000
1D-exponential-512p,512,512,0.0098139323303674,100000,0.013505381114512,,seconds,3.8585805892944336,3.7254534047096968,megabytes,88270.0,88270.0,62.0,55.0,0.081625088,0.081625088,0.79921875,0.7528645833333333,success,sinkhorn,0.001,100000
1D-exponential-512p,512,512,0.0319948342530592,100000,0.1094935318001868,,seconds,3.843526601791382,3.67117528244853,megabytes,88270.0,88270.0,62.0,58.0,0.082034688,0.082034688,0.80703125,0.7458639705882353,success,sinkhorn,0.001,100000
1D-exponential-512p,512,512,0.0263674907786544,100000,0.0315229871464074,,seconds,3.8619329929351807,3.676647435873747,megabytes,88270.0,88270.0,62.0,56.0,0.081338368,0.081338368,0.80078125,0.7360294117647059,success,sinkhorn,0.001,100000
1D-exponential-512p,512,512,0.0129419789346479,100000,0.0167197421637551,,seconds,3.761384248733521,3.671608157455921,megabytes,88270.0,88270.0,62.0,57.52941176470589,0.081760256,0.081760256,0.80546875,0.7579044117647058,success,sinkhorn,0.001,100000
1D-exponential-512p,512,512,0.0377050419605558,100000,0.0847012716709695,,seconds,3.839186906814575,3.676330130547285,megabytes,88270.0,88270.0,61.0,56.35294117647059,0.080900096,0.080900096,0.8015625,0.7477941176470587,success,sinkhorn,0.001,100000
1D-exponential-512p,512,512,0.0040627498478118,48511,9.98639233067531e-07,,seconds,1.8037323951721191,1.7883095387369394,megabytes,88270.0,88270.0,62.0,55.875,0.078102528,0.078102528,0.80390625,0.76591796875,success,sinkhorn,0.001,100000
1D-exponential-512p,512,512,0.0321090409881494,100000,0.1098564231844439,,seconds,3.809553384780884,3.679265094920993,megabytes,88270.0,88270.0,62.0,56.1875,0.080887808,0.080887808,0.80859375,0.7462402343750001,success,sinkhorn,0.001,100000
1D-exponential-512p,512,512,0.0194640528878925,100000,0.0421123396544675,,seconds,3.773789644241333,3.684121549129486,megabytes,88270.0,88270.0,62.0,58.5625,0.082501632,0.082501632,0.8078125,0.7612304687500001,success,sinkhorn,0.001,100000
1D-exponential-512p,512,512,0.0348127479137777,100000,0.0689427237434254,,seconds,3.696955680847168,3.6788616590201855,megabytes,88270.0,88270.0,62.0,59.0,0.082292736,0.082292736,0.80546875,0.7746783088235294,success,sinkhorn,0.001,100000
1D-exponential-512p,512,512,0.0178541637178671,100000,5.679659966434264e-05,,seconds,3.780795812606812,3.675025016069412,megabytes,88270.0,88270.0,62.0,56.4375,0.08228864,0.08228864,0.80625,0.7590820312499998,success,sinkhorn,0.001,100000
1D-exponential-512p,512,512,0.0098044866928614,771,9.729322167310322e-07,,seconds,0.2340376377105713,0.0304091125726699,megabytes,88270.0,88270.0,9.0,9.0,0.064536576,0.064536576,0.03671875,0.03671875,success,sinkhorn,0.001,100000
1D-exponential-512p,512,512,0.0014344458029014,311,7.777157247484172e-07,,seconds,0.230870246887207,0.0137818027287721,megabytes,88270.0,88270.0,0.0,0.0,0.065028096,0.065028096,0.0,0.0,success,sinkhorn,0.001,100000
1D-exponential-1024p,1024,1024,0.0243002535607149,100000,0.0154739944678623,,seconds,3.7712132930755615,3.6749745681881913,megabytes,88270.0,88270.0,62.0,55.588235294117645,0.080740352,0.080740352,0.80625,0.7591911764705882,success,sinkhorn,0.001,100000
1D-exponential-1024p,1024,1024,0.017289095120155,100000,0.0179545789530646,,seconds,3.760516881942749,3.7000385988503695,megabytes,88270.0,88270.0,62.0,57.94117647058823,0.08065024,0.08065024,0.80546875,0.7727481617647057,success,sinkhorn,0.001,100000
1D-exponential-1024p,1024,1024,0.0032003318572279,40621,9.986365925079274e-07,,seconds,1.5469202995300293,1.4943345952779057,megabytes,88270.0,88270.0,62.0,52.85714285714285,0.080171008,0.080171008,0.80546875,0.7521205357142858,success,sinkhorn,0.001,100000
1D-exponential-1024p,1024,1024,0.0183874769883362,100000,0.0023577981458081,,seconds,3.8392622470855713,3.69460809789598,megabytes,88270.0,88270.0,62.0,59.25,0.080560128,0.080560128,0.80703125,0.7460449218749999,success,sinkhorn,0.001,100000
1D-exponential-1024p,1024,1024,0.0294172091303232,100000,0.0463778764418671,,seconds,3.88052749633789,3.6859336104244,megabytes,88270.0,88270.0,62.0,58.35294117647059,0.081354752,0.081354752,0.803125,0.7346507352941178,success,sinkhorn,0.001,100000
1D-exponential-1024p,1024,1024,0.0014345919545609,301,7.588673449160554e-07,,seconds,0.226236343383789,0.0144783779978752,megabytes,88270.0,88270.0,0.0,0.0,0.069066752,0.069066752,0.0,0.0,success,sinkhorn,0.001,100000
1D-exponential-1024p,1024,1024,0.0132227424550573,100000,0.0003160811035674,,seconds,3.7040398120880127,3.6848948150873184,megabytes,88270.0,88270.0,62.0,54.0625,0.080564224,0.080564224,0.81015625,0.78076171875,success,sinkhorn,0.001,100000
1D-exponential-1024p,1024,1024,0.0098043846126115,751,8.944810380243535e-07,,seconds,0.3081991672515869,0.0298017542809247,megabytes,88270.0,88270.0,8.0,8.0,0.064561152,0.064561152,0.02734375,0.02734375,success,sinkhorn,0.001,100000
1D-exponential-1024p,1024,1024,0.0104024974181179,100000,0.0239850157994599,,seconds,3.8559091091156006,3.687205901369453,megabytes,88270.0,88270.0,62.0,55.1875,0.081072128,0.081072128,0.8046875,0.7409667968750001,success,sinkhorn,0.001,100000
1D-exponential-1024p,1024,1024,0.0174326602650045,100000,4.16736939977642e-05,,seconds,3.848539113998413,3.7048984356224537,megabytes,88270.0,88270.0,61.0,56.88235294117647,0.080453632,0.080453632,0.80390625,0.7465533088235295,success,sinkhorn,0.001,100000
1D-exponential-1024p,1024,1024,0.0467102668757251,100000,0.0753725334445612,,seconds,3.73432993888855,3.71028783544898,megabytes,88270.0,88270.0,62.0,58.4375,0.08052736,0.08052736,0.8046875,0.7690917968750001,success,sinkhorn,0.001,100000
1D-exponential-1024p,1024,1024,0.0321402707750856,100000,0.0778030813421267,,seconds,3.853419542312622,3.700524155050516,megabytes,88270.0,88270.0,62.0,59.64705882352941,0.080646144,0.080646144,0.80390625,0.7408088235294118,success,sinkhorn,0.001,100000
1D-exponential-1024p,1024,1024,0.0115073250225268,100000,0.0250454654283859,,seconds,3.8269104957580566,3.6906124968081713,megabytes,88270.0,88270.0,62.0,56.5,0.080515072,0.080515072,0.80390625,0.7483886718750001,success,sinkhorn,0.001,100000
1D-exponential-1024p,1024,1024,0.0040628940076156,55221,9.988670635888096e-07,,seconds,2.040315628051758,2.0415105912834406,megabytes,88270.0,88270.0,62.0,55.11111111111112,0.07809024,0.07809024,0.803125,0.7799479166666666,success,sinkhorn,0.001,100000
1D-exponential-1024p,1024,1024,0.0127940434166008,100000,0.0065680855314874,,seconds,3.812077522277832,3.675741320475936,megabytes,88270.0,88270.0,62.0,57.0,0.081567744,0.081567744,0.80703125,0.756295955882353,success,sinkhorn,0.001,100000
1D-exponential-1024p,1024,1024,0.0372666683945258,100000,0.0799711784149828,,seconds,3.9941813945770255,3.813498431816697,megabytes,88270.0,88270.0,61.0,57.333333333333336,0.081854464,0.081854464,0.79765625,0.7306770833333333,success,sinkhorn,0.001,100000
1D-exponential-1024p,1024,1024,0.0319820011242089,100000,0.0772229032835645,,seconds,3.736108541488648,3.6593658979982138,megabytes,88270.0,88270.0,62.0,58.35294117647059,0.080601088,0.080601088,0.81328125,0.7557904411764705,success,sinkhorn,0.001,100000
1D-exponential-1024p,1024,1024,0.008662495363636,96591,9.997114298307538e-07,,seconds,3.705787181854248,3.6129983104765415,megabytes,88270.0,88270.0,62.0,57.13333333333333,0.08036352,0.08036352,0.8296875,0.7570833333333333,success,sinkhorn,0.001,100000
1D-exponential-1024p,1024,1024,0.0018054862234993,681,9.454310814257911e-07,,seconds,0.2254981994628906,0.027300776913762,megabytes,88270.0,88270.0,8.0,8.0,0.064569344,0.064569344,0.0375,0.0375,success,sinkhorn,0.001,100000
1D-exponential-1024p,1024,1024,0.0129437288439888,100000,0.0118626666696734,,seconds,3.860856533050537,3.670892931520939,megabytes,88270.0,88270.0,62.0,57.125,0.0807936,0.0807936,0.80625,0.733837890625,success,sinkhorn,0.001,100000
1D-exponential-1024p,1024,1024,0.009625505394395,100000,0.0091990015940044,,seconds,3.785001516342163,3.659718254581094,megabytes,88270.0,88270.0,62.0,58.64705882352941,0.080551936,0.080551936,0.815625,0.750873161764706,success,sinkhorn,0.001,100000
1D-exponential-1024p,1024,1024,0.0263799219757985,100000,0.0225807027026155,,seconds,3.8643434047698975,3.6669654808938494,megabytes,88270.0,88270.0,62.0,57.888888888888886,0.081227776,0.081227776,0.80703125,0.7369357638888888,success,sinkhorn,0.001,100000
1D-exponential-1024p,1024,1024,0.0261072106418626,100000,0.0065301158342891,,seconds,3.6833550930023193,3.6616239696741104,megabytes,88270.0,88270.0,62.0,57.0,0.080400384,0.080400384,0.803125,0.7767708333333334,success,sinkhorn,0.001,100000
1D-exponential-1024p,1024,1024,0.0280452455722905,100000,0.0297601172601595,,seconds,3.7867469787597656,3.7630230616778135,megabytes,88270.0,88270.0,62.0,57.06666666666667,0.080449536,0.080449536,0.79921875,0.7731250000000001,success,sinkhorn,0.001,100000
1D-exponential-1024p,1024,1024,0.0248082302594431,100000,0.0431870365497966,,seconds,3.931742191314697,3.7467141672968864,megabytes,88270.0,88270.0,62.0,54.8125,0.081924096,0.081924096,0.803125,0.737548828125,success,sinkhorn,0.001,100000
1D-exponential-1024p,1024,1024,0.0347167235538332,100000,0.0487967664209108,,seconds,3.77290940284729,3.6668663155287504,megabytes,88270.0,88270.0,62.0,56.23529411764706,0.080695296,0.080695296,0.8046875,0.7603400735294117,success,sinkhorn,0.001,100000
1D-exponential-1024p,1024,1024,0.0111318863716967,781,9.533533511504676e-07,,seconds,0.264254093170166,0.03082843311131,megabytes,88270.0,88270.0,9.0,9.0,0.06463488,0.06463488,0.03125,0.03125,success,sinkhorn,0.001,100000
1D-exponential-1024p,1024,1024,0.0376179740133552,100000,0.0597338958619037,,seconds,3.770574808120728,3.669953750446439,megabytes,88270.0,88270.0,62.0,57.0,0.080605184,0.080605184,0.80234375,0.7598805147058824,success,sinkhorn,0.001,100000
1D-exponential-1024p,1024,1024,0.0192214529374498,100000,0.0289404872798606,,seconds,3.742973566055298,3.666314074769616,megabytes,88270.0,88270.0,62.0,56.125,0.080429056,0.080429056,0.80390625,0.7604980468749999,success,sinkhorn,0.001,100000
1D-exponential-1024p,1024,1024,0.011377402227995,100000,0.0001813359967028,,seconds,3.866503953933716,3.779971610754728,megabytes,88270.0,88270.0,62.0,56.73333333333333,0.080384,0.080384,0.7921875,0.7559374999999999,success,sinkhorn,0.001,100000
1D-exponential-2048p,2048,2048,0.0111322549443345,751,9.238818776358928e-07,,seconds,0.2266747951507568,0.0396525878459215,megabytes,88270.0,88270.0,0.0,0.0,0.064581632,0.064581632,0.075,0.075,success,sinkhorn,0.001,100000
1D-exponential-2048p,2048,2048,0.0376240982990404,100000,0.0422758603760643,,seconds,5.1832311153411865,4.94611475802958,megabytes,88270.0,88270.0,68.0,63.60869565217392,0.08091648,0.08091648,0.8015625,0.745618206521739,success,sinkhorn,0.001,100000
1D-exponential-2048p,2048,2048,0.0031201461677375,46321,9.990358289136009e-07,,seconds,2.56862473487854,2.332267321646213,megabytes,88270.0,88270.0,68.0,63.18181818181818,0.080457728,0.080457728,0.809375,0.7238636363636364,success,sinkhorn,0.001,100000
1D-exponential-2048p,2048,2048,0.0040727841565519,63231,9.998269673583051e-07,,seconds,3.283973217010498,3.11686765961349,megabytes,88270.0,88270.0,69.0,64.33333333333333,0.0807936,0.0807936,0.803125,0.7340625,success,sinkhorn,0.001,100000
1D-exponential-2048p,2048,2048,0.0244489634249608,100000,0.0112101515714366,,seconds,4.981571912765503,4.8130038771778345,megabytes,88270.0,88270.0,71.0,67.57142857142857,0.08114176,0.08114176,0.80703125,0.7488839285714286,success,sinkhorn,0.001,100000
1D-exponential-2048p,2048,2048,0.0128749273425479,100000,0.0046274321291335,,seconds,4.901005029678345,4.899520548060536,megabytes,88270.0,88270.0,69.0,64.31818181818181,0.081047552,0.081047552,0.8140625,0.7836292613636361,success,sinkhorn,0.001,100000
1D-exponential-2048p,2048,2048,0.0129370340552725,100000,0.0084563261147633,,seconds,4.984286069869995,4.862687278538942,megabytes,88270.0,88270.0,69.0,64.47619047619048,0.080949248,0.080949248,0.8,0.7593005952380951,success,sinkhorn,0.001,100000
1D-exponential-2048p,2048,2048,0.0170209024019078,100000,0.012416492137375,,seconds,5.17810845375061,4.878396343439817,megabytes,88270.0,88270.0,69.0,67.08695652173913,0.081412096,0.081412096,0.803125,0.7458899456521739,success,sinkhorn,0.001,100000
1D-exponential-2048p,2048,2048,0.0263698542963462,100000,0.015885357148187,,seconds,5.048519611358643,4.797649910673499,megabytes,88270.0,88270.0,71.0,67.95454545454545,0.081661952,0.081661952,0.8,0.7447443181818183,success,sinkhorn,0.001,100000
1D-exponential-2048p,2048,2048,0.0087589337499862,100000,1.6940142713849068e-06,,seconds,5.247971773147583,5.182915437966585,megabytes,88270.0,88270.0,65.0,63.45454545454545,0.081584128,0.081584128,0.803125,0.7689275568181819,success,sinkhorn,0.001,100000
1D-exponential-2048p,2048,2048,0.0104026827799994,100000,0.0169697178914741,,seconds,5.219910144805908,4.971394518390298,megabytes,88270.0,88270.0,68.0,64.56521739130434,0.081113088,0.081113088,0.803125,0.7516983695652172,success,sinkhorn,0.001,100000
1D-exponential-2048p,2048,2048,0.0467296612457531,100000,0.0533311500729003,,seconds,5.075910568237305,4.880804831162095,megabytes,88270.0,88270.0,71.0,63.23809523809524,0.081473536,0.081473536,0.81484375,0.746688988095238,success,sinkhorn,0.001,100000
1D-exponential-2048p,2048,2048,0.0018596424314388,661,8.983551411739374e-07,,seconds,0.2246508598327636,0.0353294126689434,megabytes,88270.0,88270.0,11.0,11.0,0.06459392,0.06459392,0.07578125,0.07578125,success,sinkhorn,0.001,100000
1D-exponential-2048p,2048,2048,0.011216524423401,30001,9.984209437901446e-07,,seconds,1.64361834526062,1.478259116411209,megabytes,88270.0,88270.0,69.0,56.142857142857146,0.08042496,0.08042496,0.7953125,0.6972098214285714,success,sinkhorn,0.001,100000
1D-exponential-2048p,2048,2048,0.0174319176981996,100000,2.9644352578165915e-05,,seconds,5.073704719543457,5.002117717638612,megabytes,88270.0,88270.0,68.0,61.25,0.081645568,0.081645568,0.796875,0.77140625,success,sinkhorn,0.001,100000
1D-exponential-2048p,2048,2048,0.0280140049518169,100000,0.0207942157701939,,seconds,4.91838264465332,4.8901349399238825,megabytes,88270.0,88270.0,69.0,65.47619047619048,0.0807936,0.0807936,0.80390625,0.7739955357142857,success,sinkhorn,0.001,100000
1D-exponential-2048p,2048,2048,0.0133434881851065,100000,0.0007582731074323,,seconds,4.901879072189331,4.810036165639758,megabytes,88270.0,88270.0,71.0,65.85714285714286,0.080896,0.080896,0.80234375,0.7607142857142858,success,sinkhorn,0.001,100000
1D-exponential-2048p,2048,2048,0.0374838037165114,100000,0.0569263116928047,,seconds,5.198490142822266,5.055592473596335,megabytes,88270.0,88270.0,68.0,64.68181818181819,0.080928768,0.080928768,0.81875,0.7620383522727273,success,sinkhorn,0.001,100000
1D-exponential-2048p,2048,2048,0.0014345960811841,291,7.403775015502135e-07,,seconds,0.2292752265930175,0.0180202797055244,megabytes,88270.0,88270.0,0.0,0.0,0.065118208,0.065118208,0.0,0.0,success,sinkhorn,0.001,100000
1D-exponential-2048p,2048,2048,0.0098179091184019,100000,0.0068053411694391,,seconds,5.300777435302734,5.273933093994856,megabytes,88270.0,88270.0,66.0,59.391304347826086,0.080859136,0.080859136,0.7984375,0.7774116847826088,success,sinkhorn,0.001,100000
1D-exponential-2048p,2048,2048,0.0183888028286724,100000,0.0017693062320702,,seconds,4.950224876403809,4.864483354613185,megabytes,88270.0,88270.0,70.0,64.66666666666667,0.080777216,0.080777216,0.80546875,0.7641741071428572,success,sinkhorn,0.001,100000
1D-exponential-2048p,2048,2048,0.0262885894387521,100000,0.0048667284008954,,seconds,5.205247640609741,5.005266195163131,megabytes,88270.0,88270.0,67.0,60.61904761904762,0.081338368,0.081338368,0.80625,0.7384300595238097,success,sinkhorn,0.001,100000
1D-exponential-2048p,2048,2048,0.0320907147319403,100000,0.0549178525897818,,seconds,4.923694610595703,4.887556586414576,megabytes,88270.0,88270.0,70.0,65.85714285714286,0.080728064,0.080728064,0.8078125,0.7752604166666667,success,sinkhorn,0.001,100000
1D-exponential-2048p,2048,2048,0.0348057761434896,100000,0.0343985358738023,,seconds,5.35049033164978,5.141679277643561,megabytes,88270.0,88270.0,66.0,63.81818181818182,0.08085504,0.08085504,0.803125,0.7587713068181817,success,sinkhorn,0.001,100000
1D-exponential-2048p,2048,2048,0.00980110188424,721,9.184783537356784e-07,,seconds,0.243243932723999,0.0398210100829601,megabytes,88270.0,88270.0,0.0,0.0,0.064610304,0.064610304,0.0703125,0.0703125,success,sinkhorn,0.001,100000
1D-exponential-2048p,2048,2048,0.0192307078307091,100000,0.0204736734485741,,seconds,5.280538558959961,5.008492611348629,megabytes,88270.0,88270.0,67.0,61.30434782608695,0.080908288,0.080908288,0.80234375,0.7462635869565218,success,sinkhorn,0.001,100000
1D-exponential-2048p,2048,2048,0.0294089094136915,100000,0.0328783129381336,,seconds,4.926565170288086,4.79173993319273,megabytes,88270.0,88270.0,71.0,68.86363636363636,0.08083456,0.08083456,0.80625,0.7547585227272726,success,sinkhorn,0.001,100000
1D-exponential-2048p,2048,2048,0.0319926545291866,100000,0.054619690902713,,seconds,5.259709596633911,4.986822482198477,megabytes,88270.0,88270.0,67.0,63.65217391304348,0.08095744,0.08095744,0.809375,0.7530230978260871,success,sinkhorn,0.001,100000
1D-exponential-2048p,2048,2048,0.0246794115276891,100000,0.0303395582339491,,seconds,5.094587326049805,4.973425028845668,megabytes,88270.0,88270.0,68.0,65.04347826086956,0.080908288,0.080908288,0.80390625,0.7635529891304347,success,sinkhorn,0.001,100000
1D-exponential-2048p,2048,2048,0.011507331805181,100000,0.0177279974594515,,seconds,5.1601479053497314,5.053935766220093,megabytes,88270.0,88270.0,67.0,62.54545454545455,0.0807936,0.0807936,0.81640625,0.763884943181818,success,sinkhorn,0.001,100000
