dataset,mu_size,nu_size,cost,iterations,error,cost_rerr,time_unit,time,time_counter,gpu_mem_unit,peak_gpu_mem,combined_peak_gpu_ram,peak_gpu_util_pct,mean_gpu_util_pct,peak_ram_MiB,combined_peak_ram_MiB,max_cpu_util_pct,mean_cpu_util_pct,status,name,reg,maxiter,tol,learning_rate,momentum,residual_l2,exception
1D-gaussian-2c-32p,32,32,0.0410392789339465,1000000,0.0001997930527719,,seconds,41.67334413528442,41.5375274438411,megabytes,544.0,544.0,81.0,75.04945054945055,0.230662144,0.230662144,0.83828125,0.7773094093406595,success,sgd,1.0,1000000,1e-06,0.002,0.9,0.0001997930527719,
1D-gaussian-2c-32p,32,32,0.4981532222119864,1000000,0.0001721961760401,,seconds,39.5672287940979,39.52740428224206,megabytes,544.0,544.0,80.0,77.98203592814372,0.227991552,0.227991552,0.815625,0.7779004491017965,success,sgd,1.0,1000000,1e-06,0.002,0.9,0.0001721961760401,
1D-gaussian-2c-32p,32,32,0.0562016456554564,1000000,0.0001917007554941,,seconds,41.54920339584351,41.522067649289966,megabytes,544.0,544.0,79.0,75.5,0.22796288,0.22796288,0.82578125,0.7778575067934785,success,sgd,1.0,1000000,1e-06,0.002,0.9,0.0001917007554941,
1D-gaussian-2c-32p,32,32,0.1841492937496169,1000000,0.0001530159042893,,seconds,39.35030269622803,39.20040089078248,megabytes,544.0,544.0,83.0,78.61309523809524,0.231763968,0.231763968,0.84375,0.7766415550595236,success,sgd,1.0,1000000,1e-06,0.002,0.9,0.0001530159042893,
1D-gaussian-2c-32p,32,32,0.5793300252414204,1000000,0.0001815112410061,,seconds,39.00877237319946,38.99510801024735,megabytes,544.0,544.0,81.0,79.08720930232558,0.227790848,0.227790848,0.8234375,0.7810501453488368,success,sgd,1.0,1000000,1e-06,0.002,0.9,0.0001815112410061,
1D-gaussian-2c-32p,32,32,0.1680389518508338,1000000,0.0001936973823552,,seconds,38.916460037231445,38.90083744004369,megabytes,544.0,544.0,81.0,79.18072289156626,0.227868672,0.227868672,0.8125,0.7806711219879519,success,sgd,1.0,1000000,1e-06,0.002,0.9,0.0001936973823552,
1D-gaussian-2c-32p,32,32,0.0998083566606932,1000000,0.0002150825002854,,seconds,39.18364548683167,39.11563348956406,megabytes,544.0,544.0,80.0,78.91515151515152,0.227786752,0.227786752,0.81953125,0.778697916666667,success,sgd,1.0,1000000,1e-06,0.002,0.9,0.0002150825002854,
1D-gaussian-2c-32p,32,32,0.1439913503582613,1000000,0.0001943572683525,,seconds,38.78027820587158,38.63367632031441,megabytes,544.0,544.0,83.0,79.57142857142857,0.227848192,0.227848192,0.81953125,0.7769810267857143,success,sgd,1.0,1000000,1e-06,0.002,0.9,0.0001943572683525,
1D-gaussian-2c-32p,32,32,0.0433772524283136,1000000,0.000202238123255,,seconds,40.45291543006897,40.3719287160784,megabytes,544.0,544.0,79.0,76.62702702702703,0.228012032,0.228012032,0.83671875,0.7778336148648644,success,sgd,1.0,1000000,1e-06,0.002,0.9,0.000202238123255,
1D-gaussian-2c-32p,32,32,0.2486999744174061,1000000,0.0001559448392877,,seconds,38.48617362976074,38.355464274063706,megabytes,544.0,544.0,82.0,80.04494382022472,0.227897344,0.227897344,0.8171875,0.7771989115168542,success,sgd,1.0,1000000,1e-06,0.002,0.9,0.0001559448392877,
1D-gaussian-2c-32p,32,32,0.2287366752227206,1000000,0.0001941385115914,,seconds,39.214823484420776,39.034637497738,megabytes,544.0,544.0,81.0,78.71764705882353,0.22800384,0.22800384,0.8125,0.7733318014705881,success,sgd,1.0,1000000,1e-06,0.002,0.9,0.0001941385115914,
1D-gaussian-2c-32p,32,32,0.0725605209540473,1000000,0.0002094379053829,,seconds,40.3254988193512,40.162864128127694,megabytes,544.0,544.0,79.0,77.05882352941177,0.227926016,0.227926016,0.821875,0.7765992647058825,success,sgd,1.0,1000000,1e-06,0.002,0.9,0.0002094379053829,
1D-gaussian-2c-32p,32,32,0.0790545527321502,1000000,0.0001945628389031,,seconds,39.376394510269165,39.24370802007616,megabytes,544.0,544.0,80.0,78.5632183908046,0.227876864,0.227876864,0.81953125,0.7758665589080458,success,sgd,1.0,1000000,1e-06,0.002,0.9,0.0001945628389031,
1D-gaussian-2c-32p,32,32,0.1163878484631346,1000000,0.0001785448623556,,seconds,40.17481422424317,40.007036965340376,megabytes,544.0,544.0,80.0,77.31460674157303,0.227930112,0.227930112,0.81484375,0.7751887289325848,success,sgd,1.0,1000000,1e-06,0.002,0.9,0.0001785448623556,
1D-gaussian-2c-32p,32,32,0.2144225283662866,1000000,0.0002006737624481,,seconds,39.11168885231018,38.95143140479922,megabytes,544.0,544.0,81.0,78.96045197740114,0.227926016,0.227926016,0.825,0.7751897951977403,success,sgd,1.0,1000000,1e-06,0.002,0.9,0.0002006737624481,
1D-gaussian-2c-32p,32,32,0.2019448777142579,1000000,0.0001854031624775,,seconds,40.657376527786255,40.49310330860317,megabytes,544.0,544.0,82.0,76.54696132596685,0.2279424,0.2279424,0.81796875,0.7748402969613258,success,sgd,1.0,1000000,1e-06,0.002,0.9,0.0001854031624775,
1D-gaussian-2c-32p,32,32,0.2463174021357601,1000000,0.0001963072752805,,seconds,40.12215518951416,40.12089820951224,megabytes,544.0,544.0,83.0,77.30386740331491,0.228028416,0.228028416,0.8203125,0.7794112569060773,success,sgd,1.0,1000000,1e-06,0.002,0.9,0.0001963072752805,
1D-gaussian-2c-32p,32,32,0.2821936409785482,1000000,0.0001632762066111,,seconds,40.73436427116394,40.711671996861696,megabytes,544.0,544.0,83.0,76.3862433862434,0.227999744,0.227999744,0.81796875,0.7783399470899476,success,sgd,1.0,1000000,1e-06,0.002,0.9,0.0001632762066111,
1D-gaussian-2c-32p,32,32,0.3252355486677666,1000000,0.0001788392987038,,seconds,38.79990911483765,38.70084662362933,megabytes,544.0,544.0,81.0,79.29239766081871,0.22790144,0.22790144,0.81953125,0.77765442251462,success,sgd,1.0,1000000,1e-06,0.002,0.9,0.0001788392987038,
1D-gaussian-2c-32p,32,32,0.1303196692396974,1000000,0.0001784862762735,,seconds,38.22711515426636,38.188526486977935,megabytes,544.0,544.0,82.0,80.40119760479043,0.228052992,0.228052992,0.8265625,0.7788033308383238,success,sgd,1.0,1000000,1e-06,0.002,0.9,0.0001784862762735,
1D-gaussian-2c-32p,32,32,0.6759707667190271,1000000,0.000212557676,,seconds,38.3127031326294,38.276368452236056,megabytes,544.0,544.0,82.0,80.12650602409639,0.227926016,0.227926016,0.85,0.7782285391566268,success,sgd,1.0,1000000,1e-06,0.002,0.9,0.000212557676,
1D-gaussian-2c-32p,32,32,0.8817991155468784,1000000,0.0002066545935166,,seconds,40.08620357513428,39.92962526716292,megabytes,544.0,544.0,80.0,77.49444444444444,0.227954688,0.227954688,0.821875,0.777000868055556,success,sgd,1.0,1000000,1e-06,0.002,0.9,0.0002066545935166,
1D-gaussian-2c-32p,32,32,0.9227253326643104,1000000,0.0002096939478832,,seconds,39.241562843322754,39.08611509948969,megabytes,544.0,544.0,81.0,78.96571428571428,0.227971072,0.227971072,0.8234375,0.7742767857142857,success,sgd,1.0,1000000,1e-06,0.002,0.9,0.0002096939478832,
1D-gaussian-2c-32p,32,32,0.0494731689454488,1000000,0.0001966914058793,,seconds,39.16323685646057,39.07228528521955,megabytes,544.0,544.0,81.0,78.65714285714286,0.227971072,0.227971072,0.81953125,0.7770044642857148,success,sgd,1.0,1000000,1e-06,0.002,0.9,0.0001966914058793,
1D-gaussian-2c-32p,32,32,0.0969727444778299,1000000,0.0001868882189222,,seconds,38.43800020217896,38.27926903963089,megabytes,544.0,544.0,81.0,80.10975609756098,0.22812672,0.22812672,0.83125,0.7772722942073177,success,sgd,1.0,1000000,1e-06,0.002,0.9,0.0001868882189222,
1D-gaussian-2c-32p,32,32,0.7737149947062316,1000000,0.0002087940012706,,seconds,39.01330518722534,38.82164855115116,megabytes,544.0,544.0,81.0,79.09356725146199,0.2289664,0.2289664,0.83515625,0.7754888523391813,success,sgd,1.0,1000000,1e-06,0.002,0.9,0.0002087940012706,
1D-gaussian-2c-32p,32,32,0.6113237484436356,1000000,0.0001916763008309,,seconds,39.71016645431519,39.67965994216502,megabytes,544.0,544.0,81.0,77.95027624309392,0.229818368,0.229818368,0.82421875,0.7805119129834251,success,sgd,1.0,1000000,1e-06,0.002,0.9,0.0001916763008309,
1D-gaussian-2c-32p,32,32,0.1020807573041008,1000000,0.0001801609171144,,seconds,39.74831557273865,39.63394431956112,megabytes,544.0,544.0,80.0,77.98863636363636,0.228110336,0.228110336,0.81171875,0.775510475852273,success,sgd,1.0,1000000,1e-06,0.002,0.9,0.0001801609171144,
1D-gaussian-2c-32p,32,32,0.4426063696649347,1000000,0.0002019503575518,,seconds,39.15021777153015,38.96367486380041,megabytes,544.0,544.0,81.0,79.18823529411765,0.228237312,0.228237312,0.82734375,0.7739108455882351,success,sgd,1.0,1000000,1e-06,0.002,0.9,0.0002019503575518,
1D-gaussian-2c-32p,32,32,0.0869789440927754,1000000,0.0001876736860565,,seconds,39.800477266311646,39.64384036511183,megabytes,544.0,544.0,80.0,77.6842105263158,0.228937728,0.228937728,0.8140625,0.7749817251461985,success,sgd,1.0,1000000,1e-06,0.002,0.9,0.0001876736860565,
1D-gaussian-2c-32p,32,32,0.2253752354921753,1000000,0.0002043947657625,,seconds,39.10740256309509,38.963309397920966,megabytes,544.0,544.0,81.0,79.17058823529412,0.229814272,0.229814272,0.8203125,0.7752711397058822,success,sgd,1.0,1000000,1e-06,0.002,0.9,0.0002043947657625,
1D-gaussian-2c-64p,64,64,0.0423265164713591,1000000,0.0002842705523028,,seconds,44.54017663002014,44.399925012141466,megabytes,544.0,544.0,83.0,79.64021164021165,0.250908672,0.250908672,0.83515625,0.7727678571428566,success,sgd,1.0,1000000,1e-06,0.002,0.9,0.0002842705523028,
1D-gaussian-2c-64p,64,64,0.4980041538482939,1000000,0.0002493386711127,,seconds,43.54408097267151,43.480218693614006,megabytes,544.0,544.0,83.0,81.86666666666666,0.229691392,0.229691392,0.84296875,0.7784575320512823,success,sgd,1.0,1000000,1e-06,0.002,0.9,0.0002493386711127,
1D-gaussian-2c-64p,64,64,0.0570467414167923,1000000,0.0002745101705768,,seconds,43.67810034751892,43.53117331303656,megabytes,544.0,544.0,82.0,81.09183673469387,0.229588992,0.229588992,0.834375,0.7773477359693879,success,sgd,1.0,1000000,1e-06,0.002,0.9,0.0002745101705768,
1D-gaussian-2c-64p,64,64,0.1846072443361271,1000000,0.0002225695602726,,seconds,43.54216432571411,43.56654995493591,megabytes,544.0,544.0,82.0,81.25130890052355,0.229552128,0.229552128,0.83203125,0.780198789267016,success,sgd,1.0,1000000,1e-06,0.002,0.9,0.0002225695602726,
1D-gaussian-2c-64p,64,64,0.5792210215446587,1000000,0.0002619844820143,,seconds,43.62374234199524,43.633645474910736,megabytes,544.0,544.0,82.0,80.78010471204189,0.230404096,0.230404096,0.82578125,0.7805505562827227,success,sgd,1.0,1000000,1e-06,0.002,0.9,0.0002619844820143,
1D-gaussian-2c-64p,64,64,0.168702202788307,1000000,0.0002757352668854,,seconds,43.46195459365845,43.41971687041223,megabytes,544.0,544.0,82.0,81.1948717948718,0.231206912,0.231206912,0.821875,0.7781049679487175,success,sgd,1.0,1000000,1e-06,0.002,0.9,0.0002757352668854,
1D-gaussian-2c-64p,64,64,0.1006545132218782,1000000,0.0003072716162539,,seconds,43.70081853866577,43.48045177571476,megabytes,544.0,544.0,82.0,81.10880829015544,0.230449152,0.230449152,0.81484375,0.7734253562176164,success,sgd,1.0,1000000,1e-06,0.002,0.9,0.0003072716162539,
1D-gaussian-2c-64p,64,64,0.1447295615734277,1000000,0.0002776379110558,,seconds,43.67416858673096,43.642884369939566,megabytes,544.0,544.0,82.0,80.55080213903743,0.230391808,0.230391808,0.81875,0.7791945187165775,success,sgd,1.0,1000000,1e-06,0.002,0.9,0.0002776379110558,
1D-gaussian-2c-64p,64,64,0.0443556839514137,1000000,0.0002895251100826,,seconds,43.7248592376709,43.59322462230921,megabytes,544.0,544.0,83.0,81.4074074074074,0.229453824,0.229453824,0.8265625,0.7753926917989417,success,sgd,1.0,1000000,1e-06,0.002,0.9,0.0002895251100826,
1D-gaussian-2c-64p,64,64,0.248980413426495,1000000,0.0002279379688571,,seconds,43.39670634269714,43.38611156120896,megabytes,544.0,544.0,83.0,81.94974874371859,0.231043072,0.231043072,0.82890625,0.7792909861809044,success,sgd,1.0,1000000,1e-06,0.002,0.9,0.0002279379688571,
1D-gaussian-2c-64p,64,64,0.2294583070346144,1000000,0.0002775271854873,,seconds,43.58839273452759,43.556619273498654,megabytes,544.0,544.0,83.0,81.58854166666667,0.229408768,0.229408768,0.81484375,0.779007975260417,success,sgd,1.0,1000000,1e-06,0.002,0.9,0.0002775271854873,
1D-gaussian-2c-64p,64,64,0.0734352012531448,1000000,0.0002987850719665,,seconds,43.61462926864624,43.47526898793876,megabytes,544.0,544.0,83.0,81.41450777202073,0.230191104,0.230191104,0.84609375,0.7757124352331605,success,sgd,1.0,1000000,1e-06,0.002,0.9,0.0002987850719665,
1D-gaussian-2c-64p,64,64,0.0800588291063296,1000000,0.0002782008456142,,seconds,43.76437950134277,43.57544202916324,megabytes,544.0,544.0,83.0,81.30927835051547,0.231100416,0.231100416,0.81640625,0.7755919780927838,success,sgd,1.0,1000000,1e-06,0.002,0.9,0.0002782008456142,
1D-gaussian-2c-64p,64,64,0.1170463815319661,1000000,0.0002557128113049,,seconds,43.54111289978027,43.45351994410157,megabytes,544.0,544.0,82.0,81.171875,0.23095296,0.23095296,0.8171875,0.7776407877604169,success,sgd,1.0,1000000,1e-06,0.002,0.9,0.0002557128113049,
1D-gaussian-2c-64p,64,64,0.2150128609495584,1000000,0.0002876694042304,,seconds,43.67820405960083,43.62844491750002,megabytes,544.0,544.0,82.0,81.16931216931216,0.229371904,0.229371904,0.82109375,0.7780464616402121,success,sgd,1.0,1000000,1e-06,0.002,0.9,0.0002876694042304,
1D-gaussian-2c-64p,64,64,0.2025057671884986,1000000,0.0002654753145645,,seconds,43.66995072364807,43.55483321659267,megabytes,544.0,544.0,83.0,81.53157894736842,0.229376,0.229376,0.85,0.7779605263157895,success,sgd,1.0,1000000,1e-06,0.002,0.9,0.0002654753145645,
1D-gaussian-2c-64p,64,64,0.2468660362236668,1000000,0.000280545746795,,seconds,43.62092781066895,43.53332155011594,megabytes,544.0,544.0,83.0,81.59895833333333,0.229322752,0.229322752,0.8140625,0.7788859049479173,success,sgd,1.0,1000000,1e-06,0.002,0.9,0.000280545746795,
1D-gaussian-2c-64p,64,64,0.2824942081329252,1000000,0.0002363488001185,,seconds,43.79696202278137,43.640015441924334,megabytes,544.0,544.0,83.0,81.5978835978836,0.229408768,0.229408768,0.8140625,0.7767485119047614,success,sgd,1.0,1000000,1e-06,0.002,0.9,0.0002363488001185,
1D-gaussian-2c-64p,64,64,0.3255218005618994,1000000,0.0002584590657135,,seconds,43.82998681068421,43.83794658817351,megabytes,544.0,544.0,82.0,80.58695652173913,0.229347328,0.229347328,0.81328125,0.7786642323369565,success,sgd,1.0,1000000,1e-06,0.002,0.9,0.0002584590657135,
1D-gaussian-2c-64p,64,64,0.1309709185965016,1000000,0.0002558270608183,,seconds,43.542813301086426,43.46842493489385,megabytes,544.0,544.0,82.0,80.9795918367347,0.22935552,0.22935552,0.81796875,0.7789740114795922,success,sgd,1.0,1000000,1e-06,0.002,0.9,0.0002558270608183,
1D-gaussian-2c-64p,64,64,0.6760505537908947,1000000,0.0003043713344937,,seconds,43.61124658584595,43.553878638893366,megabytes,544.0,544.0,82.0,80.79274611398964,0.231084032,0.231084032,0.81484375,0.7776392487046635,success,sgd,1.0,1000000,1e-06,0.002,0.9,0.0003043713344937,
1D-gaussian-2c-64p,64,64,0.8813769647002659,1000000,0.0002967548674807,,seconds,43.812650203704834,43.69580148719251,megabytes,544.0,544.0,82.0,80.32085561497327,0.229412864,0.229412864,0.8234375,0.7774983288770052,success,sgd,1.0,1000000,1e-06,0.002,0.9,0.0002967548674807,
1D-gaussian-2c-64p,64,64,0.9223542486463366,1000000,0.0002999959782514,,seconds,43.81968069076538,43.665504455566406,megabytes,544.0,544.0,82.0,80.98924731182795,0.231059456,0.231059456,0.82890625,0.7753402217741938,success,sgd,1.0,1000000,1e-06,0.002,0.9,0.0002999959782514,
1D-gaussian-2c-64p,64,64,0.0504072544325742,1000000,0.0002805564628007,,seconds,43.37115263938904,43.34203437902033,megabytes,544.0,544.0,83.0,81.86734693877551,0.229470208,0.229470208,0.83828125,0.7802495216836732,success,sgd,1.0,1000000,1e-06,0.002,0.9,0.0002805564628007,
1D-gaussian-2c-64p,64,64,0.0980920838566028,1000000,0.0002650158478499,,seconds,43.87039732933045,43.70908942073584,megabytes,544.0,544.0,82.0,81.02673796791444,0.231079936,0.231079936,0.81640625,0.7779662433155081,success,sgd,1.0,1000000,1e-06,0.002,0.9,0.0002650158478499,
1D-gaussian-2c-64p,64,64,0.7735685475553371,1000000,0.000298843508675,,seconds,43.40314984321594,43.4066009465605,megabytes,544.0,544.0,82.0,80.92,0.229404672,0.229404672,0.81796875,0.7791875000000005,success,sgd,1.0,1000000,1e-06,0.002,0.9,0.000298843508675,
1D-gaussian-2c-64p,64,64,0.6112859128905824,1000000,0.0002752267360526,,seconds,43.47073149681091,43.37365770153701,megabytes,544.0,544.0,82.0,81.1919191919192,0.231235584,0.231235584,0.84296875,0.7775804924242424,success,sgd,1.0,1000000,1e-06,0.002,0.9,0.0002752267360526,
1D-gaussian-2c-64p,64,64,0.1027841582364514,1000000,0.0002585036440717,,seconds,43.59224247932434,43.52451428025961,megabytes,544.0,544.0,82.0,80.75,0.229543936,0.229543936,0.82578125,0.7780133928571429,success,sgd,1.0,1000000,1e-06,0.002,0.9,0.0002585036440717,
1D-gaussian-2c-64p,64,64,0.4429083699109426,1000000,0.0002893998129406,,seconds,43.6870436668396,43.688501175493,megabytes,544.0,544.0,82.0,80.96791443850267,0.231104512,0.231104512,0.82421875,0.7777155748663108,success,sgd,1.0,1000000,1e-06,0.002,0.9,0.0002893998129406,
1D-gaussian-2c-64p,64,64,0.0877373294753097,1000000,0.0002687801197093,,seconds,43.68579745292664,43.582488253712654,megabytes,544.0,544.0,82.0,81.11398963730569,0.229453824,0.229453824,0.81796875,0.7781938147668392,success,sgd,1.0,1000000,1e-06,0.002,0.9,0.0002687801197093,
1D-gaussian-2c-64p,64,64,0.2259511743515481,1000000,0.0002918403636707,,seconds,44.02108097076416,43.88015061058104,megabytes,544.0,544.0,82.0,80.87912087912088,0.231251968,0.231251968,0.8171875,0.7754721840659341,success,sgd,1.0,1000000,1e-06,0.002,0.9,0.0002918403636707,
1D-gaussian-2c-128p,128,128,0.0447947368808531,1000000,0.000401889309953,,seconds,50.29973030090332,50.25058969296515,megabytes,544.0,544.0,84.0,79.11428571428571,0.252944384,0.252944384,0.82734375,0.7746019345238098,success,sgd,1.0,1000000,1e-06,0.002,0.9,0.000401889309953,
1D-gaussian-2c-128p,128,128,0.4977541883929854,1000000,0.0003612423116167,,seconds,50.00965714454651,49.997845681384206,megabytes,544.0,544.0,82.0,80.00462962962963,0.23287808,0.23287808,0.825,0.7787832754629628,success,sgd,1.0,1000000,1e-06,0.002,0.9,0.0003612423116167,
1D-gaussian-2c-128p,128,128,0.058730905462898,1000000,0.000392090228229,,seconds,49.94372844696045,49.801687356084585,megabytes,544.0,544.0,84.0,79.63181818181818,0.231120896,0.231120896,0.8171875,0.7784659090909087,success,sgd,1.0,1000000,1e-06,0.002,0.9,0.000392090228229,
1D-gaussian-2c-128p,128,128,0.1855401656969415,1000000,0.0003220596912074,,seconds,50.1299033164978,49.98317694850266,megabytes,544.0,544.0,82.0,79.65765765765765,0.23105536,0.23105536,0.84375,0.7777308558558554,success,sgd,1.0,1000000,1e-06,0.002,0.9,0.0003220596912074,
1D-gaussian-2c-128p,128,128,0.5790238547527614,1000000,0.000378119542005,,seconds,50.37677717208862,50.20548900030553,megabytes,544.0,544.0,82.0,78.79729729729729,0.230944768,0.230944768,0.821875,0.7767314189189188,success,sgd,1.0,1000000,1e-06,0.002,0.9,0.000378119542005,
1D-gaussian-2c-128p,128,128,0.170029145108793,1000000,0.0003925868835615,,seconds,49.61586284637451,49.61214078776538,megabytes,544.0,544.0,87.0,80.49528301886792,0.230920192,0.230920192,0.8140625,0.7791347287735847,success,sgd,1.0,1000000,1e-06,0.002,0.9,0.0003925868835615,
1D-gaussian-2c-128p,128,128,0.1023330641217113,1000000,0.000437262079662,,seconds,49.885029792785645,49.758273562416434,megabytes,544.0,544.0,87.0,79.69266055045871,0.231837696,0.231837696,0.81796875,0.7780891628440368,success,sgd,1.0,1000000,1e-06,0.002,0.9,0.000437262079662,
1D-gaussian-2c-128p,128,128,0.1461977802144165,1000000,0.0003956862517424,,seconds,50.22866177558899,50.19065859541297,megabytes,544.0,544.0,84.0,79.4304932735426,0.23089152,0.23089152,0.82421875,0.7784473094170403,success,sgd,1.0,1000000,1e-06,0.002,0.9,0.0003956862517424,
1D-gaussian-2c-128p,128,128,0.0462819039211704,1000000,0.0004116836403128,,seconds,49.46981406211853,49.42937996797264,megabytes,544.0,544.0,82.0,79.78139534883721,0.232534016,0.232534016,0.825,0.7798183139534887,success,sgd,1.0,1000000,1e-06,0.002,0.9,0.0004116836403128,
1D-gaussian-2c-128p,128,128,0.249572327467791,1000000,0.0003343285398043,,seconds,49.86907243728638,49.71284138970077,megabytes,544.0,544.0,82.0,80.05164319248826,0.230924288,0.230924288,0.81875,0.7763827758215962,success,sgd,1.0,1000000,1e-06,0.002,0.9,0.0003343285398043,
1D-gaussian-2c-128p,128,128,0.2308766183521356,1000000,0.0003955812800943,,seconds,49.59769129753113,49.51783056743443,megabytes,544.0,544.0,85.0,79.45662100456622,0.232448,0.232448,0.81953125,0.7780964611872146,success,sgd,1.0,1000000,1e-06,0.002,0.9,0.0003955812800943,
1D-gaussian-2c-128p,128,128,0.0751651563511602,1000000,0.0004246882795573,,seconds,49.804253339767456,49.79687193967402,megabytes,544.0,544.0,84.0,80.04186046511627,0.230834176,0.230834176,0.82578125,0.7788372093023258,success,sgd,1.0,1000000,1e-06,0.002,0.9,0.0004246882795573,
1D-gaussian-2c-128p,128,128,0.082024040762488,1000000,0.0003960025998732,,seconds,49.72997331619263,49.56347425468266,megabytes,544.0,544.0,82.0,79.69339622641509,0.232599552,0.232599552,0.83359375,0.7750884433962264,success,sgd,1.0,1000000,1e-06,0.002,0.9,0.0003960025998732,
1D-gaussian-2c-128p,128,128,0.1183728569605849,1000000,0.0003658544243698,,seconds,49.7826132774353,49.76607892662287,megabytes,544.0,544.0,82.0,79.99074074074075,0.230920192,0.230920192,0.8265625,0.7786168981481482,success,sgd,1.0,1000000,1e-06,0.002,0.9,0.0003658544243698,
1D-gaussian-2c-128p,128,128,0.2161959361828458,1000000,0.0004110311283205,,seconds,49.71361255645752,49.68769218027592,megabytes,544.0,544.0,82.0,79.44144144144144,0.23078912,0.23078912,0.81640625,0.7791948198198199,success,sgd,1.0,1000000,1e-06,0.002,0.9,0.0004110311283205,
1D-gaussian-2c-128p,128,128,0.2036326221379412,1000000,0.0003787408148908,,seconds,50.20176792144776,50.03534417785704,megabytes,544.0,544.0,82.0,79.60091743119266,0.230879232,0.230879232,0.82109375,0.775655819954128,success,sgd,1.0,1000000,1e-06,0.002,0.9,0.0003787408148908,
1D-gaussian-2c-128p,128,128,0.2479655771826625,1000000,0.00040086360061,,seconds,50.05750465393066,50.00865096598864,megabytes,544.0,544.0,83.0,79.10762331838565,0.230862848,0.230862848,0.82421875,0.7779883688340804,success,sgd,1.0,1000000,1e-06,0.002,0.9,0.00040086360061,
1D-gaussian-2c-128p,128,128,0.2831097713797407,1000000,0.0003423912494114,,seconds,49.816163301467896,49.8230869024992,megabytes,544.0,544.0,84.0,79.71889400921658,0.232595456,0.232595456,0.8328125,0.778528225806452,success,sgd,1.0,1000000,1e-06,0.002,0.9,0.0003423912494114,
1D-gaussian-2c-128p,128,128,0.326112150068963,1000000,0.0003717793454032,,seconds,49.72816801071167,49.57604790665209,megabytes,544.0,544.0,82.0,79.61904761904762,0.230785024,0.230785024,0.81875,0.7750111607142854,success,sgd,1.0,1000000,1e-06,0.002,0.9,0.0003717793454032,
1D-gaussian-2c-128p,128,128,0.1322774606766101,1000000,0.0003659780594796,,seconds,50.31292700767517,50.13046259246767,megabytes,544.0,544.0,82.0,79.36444444444444,0.232685568,0.232685568,0.8265625,0.7788541666666668,success,sgd,1.0,1000000,1e-06,0.002,0.9,0.0003659780594796,
1D-gaussian-2c-128p,128,128,0.6761965734995333,1000000,0.0004343115290275,,seconds,50.240882396698,50.17801444418728,megabytes,544.0,544.0,82.0,79.05701754385964,0.230936576,0.230936576,0.8203125,0.7756510416666661,success,sgd,1.0,1000000,1e-06,0.002,0.9,0.0004343115290275,
1D-gaussian-2c-128p,128,128,0.8805878341956102,1000000,0.000425506635916,,seconds,50.0479621887207,49.902012679725885,megabytes,544.0,544.0,87.0,79.77522935779817,0.23267328,0.23267328,0.81015625,0.7743692660550461,success,sgd,1.0,1000000,1e-06,0.002,0.9,0.000425506635916,
1D-gaussian-2c-128p,128,128,0.92165258833556,1000000,0.0004294926008084,,seconds,50.106070041656494,49.97267077676952,megabytes,544.0,544.0,82.0,78.86547085201794,0.230797312,0.230797312,0.8359375,0.7768848094170401,success,sgd,1.0,1000000,1e-06,0.002,0.9,0.0004294926008084,
1D-gaussian-2c-128p,128,128,0.0522522362836911,1000000,0.0003993251004559,,seconds,49.59337782859802,49.51682521961629,megabytes,544.0,544.0,82.0,80.38277511961722,0.23083008,0.23083008,0.81875,0.779156698564593,success,sgd,1.0,1000000,1e-06,0.002,0.9,0.0003993251004559,
1D-gaussian-2c-128p,128,128,0.1002584912833129,1000000,0.0003741590245396,,seconds,49.62938952445984,49.61618186160922,megabytes,544.0,544.0,84.0,79.40990990990991,0.230965248,0.230965248,0.8203125,0.7794657939189182,success,sgd,1.0,1000000,1e-06,0.002,0.9,0.0003741590245396,
1D-gaussian-2c-128p,128,128,0.7733023976969892,1000000,0.0004276938738604,,seconds,49.98954606056213,49.93075152114034,megabytes,544.0,544.0,82.0,79.53456221198157,0.23089152,0.23089152,0.81484375,0.7783950172811056,success,sgd,1.0,1000000,1e-06,0.002,0.9,0.0004276938738604,
1D-gaussian-2c-128p,128,128,0.6112258228436624,1000000,0.000394321124775,,seconds,49.72713088989258,49.53124118223786,megabytes,544.0,544.0,82.0,79.71698113207547,0.230903808,0.230903808,0.8171875,0.7755306603773585,success,sgd,1.0,1000000,1e-06,0.002,0.9,0.000394321124775,
1D-gaussian-2c-128p,128,128,0.1041959245522322,1000000,0.0003694366703159,,seconds,50.59364891052246,50.59392982162535,megabytes,544.0,544.0,84.0,78.59148936170213,0.23103488,0.23103488,0.83515625,0.7815957446808514,success,sgd,1.0,1000000,1e-06,0.002,0.9,0.0003694366703159,
1D-gaussian-2c-128p,128,128,0.4435263728955975,1000000,0.0004137861644663,,seconds,49.63436436653137,49.61272464133799,megabytes,544.0,544.0,82.0,79.62857142857143,0.230989824,0.230989824,0.8234375,0.7770498511904764,success,sgd,1.0,1000000,1e-06,0.002,0.9,0.0004137861644663,
1D-gaussian-2c-128p,128,128,0.0892547193508863,1000000,0.0003827451662101,,seconds,49.93198108673096,49.92628517560661,megabytes,544.0,544.0,86.0,79.57798165137615,0.230916096,0.230916096,0.81328125,0.7782826834862381,success,sgd,1.0,1000000,1e-06,0.002,0.9,0.0003827451662101,
1D-gaussian-2c-128p,128,128,0.2271116345702832,1000000,0.000416154907044,,seconds,49.60205888748169,49.446179481223226,megabytes,544.0,544.0,83.0,79.80288461538461,0.231051264,0.231051264,0.82265625,0.7750150240384616,success,sgd,1.0,1000000,1e-06,0.002,0.9,0.000416154907044,
1D-gaussian-2c-256p,256,256,0.0494068612293402,1000000,0.0005630376638793,,seconds,52.52484107017517,52.52098287269473,megabytes,546.0,546.0,86.0,83.48458149779735,0.255541248,0.255541248,0.815625,0.7787272852422905,success,sgd,1.0,1000000,1e-06,0.002,0.9,0.0005630376638793,
1D-gaussian-2c-256p,256,256,0.4973161562371143,1000000,0.0005222988487377,,seconds,52.016700744628906,51.93689947202802,megabytes,546.0,546.0,86.0,84.48198198198199,0.232685568,0.232685568,0.81875,0.7782270551801801,success,sgd,1.0,1000000,1e-06,0.002,0.9,0.0005222988487377,
1D-gaussian-2c-256p,256,256,0.062045868277203,1000000,0.0005573257381348,,seconds,51.95217037200928,51.86270327493549,megabytes,546.0,546.0,86.0,84.74660633484163,0.232636416,0.232636416,0.83203125,0.7789133201357463,success,sgd,1.0,1000000,1e-06,0.002,0.9,0.0005573257381348,
1D-gaussian-2c-256p,256,256,0.1874289069392169,1000000,0.000463937696224,,seconds,51.92476677894592,51.78208781033754,megabytes,546.0,546.0,86.0,84.73568281938326,0.232534016,0.232534016,0.8140625,0.7754336453744493,success,sgd,1.0,1000000,1e-06,0.002,0.9,0.000463937696224,
1D-gaussian-2c-256p,256,256,0.5786583819209128,1000000,0.000544223981001,,seconds,51.88468027114868,51.87997600995004,megabytes,546.0,546.0,86.0,84.56481481481481,0.23242752,0.23242752,0.82265625,0.7782913773148151,success,sgd,1.0,1000000,1e-06,0.002,0.9,0.000544223981001,
1D-gaussian-2c-256p,256,256,0.1726379567247896,1000000,0.0005563206611329,,seconds,52.01082754135132,51.96653228253126,megabytes,546.0,546.0,86.0,84.19815668202764,0.232448,0.232448,0.81640625,0.7790250576036865,success,sgd,1.0,1000000,1e-06,0.002,0.9,0.0005563206611329,
1D-gaussian-2c-256p,256,256,0.105617173350475,1000000,0.000618554072037,,seconds,52.14524912834168,52.005421221256256,megabytes,546.0,546.0,86.0,84.41628959276018,0.232312832,0.232312832,0.815625,0.7784891119909502,success,sgd,1.0,1000000,1e-06,0.002,0.9,0.000618554072037,
1D-gaussian-2c-256p,256,256,0.1490672844257268,1000000,0.0005607589637541,,seconds,51.898011684417725,51.76867928542197,megabytes,546.0,546.0,85.0,84.29074889867842,0.23222272,0.23222272,0.82265625,0.7780561674008807,success,sgd,1.0,1000000,1e-06,0.002,0.9,0.0005607589637541,
1D-gaussian-2c-256p,256,256,0.0500149246446082,1000000,0.0005814538292307,,seconds,52.04723238945007,51.96143431402743,megabytes,546.0,546.0,86.0,84.66968325791855,0.232292352,0.232292352,0.8375,0.7774391968325793,success,sgd,1.0,1000000,1e-06,0.002,0.9,0.0005814538292307,
1D-gaussian-2c-256p,256,256,0.2508077773629676,1000000,0.0004874184420433,,seconds,52.01889395713806,51.854787250980735,megabytes,544.0,544.0,86.0,84.30222222222223,0.232271872,0.232271872,0.81953125,0.7771666666666669,success,sgd,1.0,1000000,1e-06,0.002,0.9,0.0004874184420433,
1D-gaussian-2c-256p,256,256,0.2336062576070141,1000000,0.0005602139800444,,seconds,51.93609237670898,51.80741682462394,megabytes,546.0,546.0,85.0,84.3201754385965,0.232333312,0.232333312,0.82265625,0.7746436403508768,success,sgd,1.0,1000000,1e-06,0.002,0.9,0.0005602139800444,
1D-gaussian-2c-256p,256,256,0.0785471068204504,1000000,0.0006002101083882,,seconds,51.73583173751831,51.72145811654627,megabytes,546.0,546.0,86.0,84.96943231441048,0.232464384,0.232464384,0.825,0.7809941320960707,success,sgd,1.0,1000000,1e-06,0.002,0.9,0.0006002101083882,
1D-gaussian-2c-256p,256,256,0.0857975217558084,1000000,0.0005592066402754,,seconds,51.71530795097351,51.6909513194114,megabytes,546.0,546.0,86.0,85.18025751072962,0.232394752,0.232394752,0.8328125,0.7774208690987128,success,sgd,1.0,1000000,1e-06,0.002,0.9,0.0005592066402754,
1D-gaussian-2c-256p,256,256,0.1210167364572529,1000000,0.0005208695663074,,seconds,51.80924034118652,51.6544740293175,megabytes,546.0,546.0,86.0,84.9304347826087,0.232275968,0.232275968,0.8390625,0.7749796195652171,success,sgd,1.0,1000000,1e-06,0.002,0.9,0.0005208695663074,
1D-gaussian-2c-256p,256,256,0.2185326953365707,1000000,0.000584267788912,,seconds,51.65280723571777,51.610365465283394,megabytes,546.0,546.0,86.0,85.10917030567686,0.232505344,0.232505344,0.8203125,0.7778759552401749,success,sgd,1.0,1000000,1e-06,0.002,0.9,0.000584267788912,
1D-gaussian-2c-256p,256,256,0.2058705313177904,1000000,0.0005389490113623,,seconds,52.025177001953125,51.84183649905026,megabytes,546.0,546.0,86.0,84.6606334841629,0.232337408,0.232337408,0.8234375,0.7749080882352943,success,sgd,1.0,1000000,1e-06,0.002,0.9,0.0005389490113623,
1D-gaussian-2c-256p,256,256,0.2501225777909496,1000000,0.0005698343306276,,seconds,51.97496438026428,51.8267393168062,megabytes,546.0,546.0,86.0,84.94196428571429,0.232411136,0.232411136,0.8265625,0.7781808035714288,success,sgd,1.0,1000000,1e-06,0.002,0.9,0.0005698343306276,
1D-gaussian-2c-256p,256,256,0.284349161943305,1000000,0.0004941534547162,,seconds,51.97495317459106,51.90550206229091,megabytes,546.0,546.0,86.0,84.54464285714286,0.23226368,0.23226368,0.81953125,0.7779575892857145,success,sgd,1.0,1000000,1e-06,0.002,0.9,0.0004941534547162,
1D-gaussian-2c-256p,256,256,0.3273032140374378,1000000,0.0005331403715884,,seconds,51.933236837387085,51.805164735764265,megabytes,546.0,546.0,86.0,84.76419213973799,0.234078208,0.234078208,0.8171875,0.7781966430131001,success,sgd,1.0,1000000,1e-06,0.002,0.9,0.0005331403715884,
1D-gaussian-2c-256p,256,256,0.1348729653458012,1000000,0.0005215653058695,,seconds,51.69957756996155,51.68414740636945,megabytes,546.0,546.0,86.0,85.04867256637168,0.232308736,0.232308736,0.83984375,0.7794282356194684,success,sgd,1.0,1000000,1e-06,0.002,0.9,0.0005215653058695,
1D-gaussian-2c-256p,256,256,0.6764605633784586,1000000,0.0006175476829903,,seconds,52.06304883956909,51.9219624940306,megabytes,546.0,546.0,86.0,84.53153153153153,0.232546304,0.232546304,0.828125,0.7767595720720719,success,sgd,1.0,1000000,1e-06,0.002,0.9,0.0006175476829903,
1D-gaussian-2c-256p,256,256,0.8790923615591033,1000000,0.0006086325851048,,seconds,51.80676317214966,51.66565291956067,megabytes,546.0,546.0,86.0,84.8913043478261,0.232464384,0.232464384,0.82265625,0.7789538043478261,success,sgd,1.0,1000000,1e-06,0.002,0.9,0.0006086325851048,
1D-gaussian-2c-256p,256,256,0.9202881428363792,1000000,0.0006131997891386,,seconds,51.92308497428894,51.92997314967215,megabytes,546.0,546.0,86.0,84.63348416289593,0.232275968,0.232275968,0.81796875,0.7797582013574659,success,sgd,1.0,1000000,1e-06,0.002,0.9,0.0006131997891386,
1D-gaussian-2c-256p,256,256,0.0558424879112973,1000000,0.0005647123783304,,seconds,52.04410266876221,51.95888029038906,megabytes,546.0,546.0,86.0,84.6743119266055,0.232308736,0.232308736,0.82265625,0.7767596043577982,success,sgd,1.0,1000000,1e-06,0.002,0.9,0.0005647123783304,
1D-gaussian-2c-256p,256,256,0.1043435620500529,1000000,0.0005241495884112,,seconds,51.82411956787109,51.794215170666575,megabytes,546.0,546.0,86.0,84.8,0.232419328,0.232419328,0.821875,0.7803124999999994,success,sgd,1.0,1000000,1e-06,0.002,0.9,0.0005241495884112,
1D-gaussian-2c-256p,256,256,0.7727960806883309,1000000,0.000610031210085,,seconds,51.92195391654968,51.80003981105983,megabytes,546.0,546.0,86.0,84.97402597402598,0.233168896,0.233168896,0.83203125,0.7776548971861472,success,sgd,1.0,1000000,1e-06,0.002,0.9,0.000610031210085,
1D-gaussian-2c-256p,256,256,0.6111052613587094,1000000,0.0005633644556368,,seconds,52.05413818359375,51.94678926467896,megabytes,546.0,546.0,86.0,84.62962962962963,0.232349696,0.232349696,0.815625,0.7782805266203707,success,sgd,1.0,1000000,1e-06,0.002,0.9,0.0005633644556368,
1D-gaussian-2c-256p,256,256,0.1070014750104515,1000000,0.0005253203397846,,seconds,51.89410901069641,51.83758164756,megabytes,546.0,546.0,86.0,84.76785714285714,0.232493056,0.232493056,0.81953125,0.7764997209821426,success,sgd,1.0,1000000,1e-06,0.002,0.9,0.0005253203397846,
1D-gaussian-2c-256p,256,256,0.4447471453894475,1000000,0.0005887896317962,,seconds,51.987987756729126,51.89286954887211,megabytes,546.0,546.0,86.0,84.76444444444445,0.232230912,0.232230912,0.8234375,0.7775833333333332,success,sgd,1.0,1000000,1e-06,0.002,0.9,0.0005887896317962,
1D-gaussian-2c-256p,256,256,0.0922567160572134,1000000,0.0005441672689514,,seconds,52.016764879226685,51.92580774053931,megabytes,546.0,546.0,86.0,84.55,0.234266624,0.234266624,0.82109375,0.7783167613636361,success,sgd,1.0,1000000,1e-06,0.002,0.9,0.0005441672689514,
1D-gaussian-2c-256p,256,256,0.2294070084492266,1000000,0.0005903440379825,,seconds,51.60536670684815,51.60745249129832,megabytes,546.0,546.0,86.0,85.16170212765958,0.232472576,0.232472576,0.825,0.7793683510638298,success,sgd,1.0,1000000,1e-06,0.002,0.9,0.0005903440379825,
1D-gaussian-2c-512p,512,512,0.056981472648132,1000000,0.0007287328433838,,seconds,69.06418681144714,68.96744947507977,megabytes,554.0,554.0,87.0,85.37373737373737,0.255705088,0.255705088,0.8328125,0.7747159090909091,success,sgd,1.0,1000000,1e-06,0.002,0.9,0.0007287328433838,
1D-gaussian-2c-512p,512,512,0.4967171011496335,1000000,0.0007228208092024,,seconds,68.09923076629639,68.06888280063868,megabytes,554.0,554.0,87.0,86.43934426229508,0.23558144,0.23558144,0.8203125,0.7794057377049182,success,sgd,1.0,1000000,1e-06,0.002,0.9,0.0007228208092024,
1D-gaussian-2c-512p,512,512,0.0682152269939396,1000000,0.0007624402469213,,seconds,68.1347246170044,68.06230705231428,megabytes,554.0,554.0,87.0,86.47697368421052,0.233750528,0.233750528,0.82265625,0.7797594572368417,success,sgd,1.0,1000000,1e-06,0.002,0.9,0.0007624402469213,
1D-gaussian-2c-512p,512,512,0.1911322016772401,1000000,0.0006540178136482,,seconds,68.14276647567749,68.02168831974268,megabytes,554.0,554.0,87.0,86.57142857142857,0.233807872,0.233807872,0.82265625,0.778053977272727,success,sgd,1.0,1000000,1e-06,0.002,0.9,0.0006540178136482,
1D-gaussian-2c-512p,512,512,0.578153056708927,1000000,0.0007386040997371,,seconds,68.3182725906372,68.18457767553627,megabytes,554.0,554.0,87.0,86.35593220338983,0.235511808,0.235511808,0.821875,0.7767558262711864,success,sgd,1.0,1000000,1e-06,0.002,0.9,0.0007386040997371,
1D-gaussian-2c-512p,512,512,0.1775494450709318,1000000,0.0007629433544619,,seconds,68.27458190917969,68.19153942540288,megabytes,554.0,554.0,87.0,86.18211920529801,0.2337792,0.2337792,0.81953125,0.7781405215231791,success,sgd,1.0,1000000,1e-06,0.002,0.9,0.0007629433544619,
1D-gaussian-2c-512p,512,512,0.1116977775436554,1000000,0.0008333989943025,,seconds,68.56716656684875,68.40769771300256,megabytes,554.0,554.0,87.0,85.9204152249135,0.234717184,0.234717184,0.81953125,0.7798956531141866,success,sgd,1.0,1000000,1e-06,0.002,0.9,0.0008333989943025,
1D-gaussian-2c-512p,512,512,0.1543462859133581,1000000,0.0007593726672224,,seconds,68.32772922515869,68.239552795887,megabytes,554.0,554.0,87.0,86.17508417508418,0.233766912,0.233766912,0.825,0.7784143518518516,success,sgd,1.0,1000000,1e-06,0.002,0.9,0.0007593726672224,
1D-gaussian-2c-512p,512,512,0.0567223691537353,1000000,0.000782059929979,,seconds,68.36507773399353,68.36851425468922,megabytes,554.0,554.0,87.0,86.06143344709898,0.233648128,0.233648128,0.8265625,0.7805060793515358,success,sgd,1.0,1000000,1e-06,0.002,0.9,0.000782059929979,
1D-gaussian-2c-512p,512,512,0.2532569699727101,1000000,0.0006736725843466,,seconds,68.59703803062439,68.41376490704715,megabytes,554.0,554.0,87.0,86.01041666666667,0.233807872,0.233807872,0.81796875,0.7759114583333333,success,sgd,1.0,1000000,1e-06,0.002,0.9,0.0006736725843466,
1D-gaussian-2c-512p,512,512,0.2384633810032509,1000000,0.0007540555874894,,seconds,68.35287380218506,68.28363948315382,megabytes,554.0,554.0,87.0,86.21917808219177,0.233787392,0.233787392,0.8375,0.7781945633561641,success,sgd,1.0,1000000,1e-06,0.002,0.9,0.0007540555874894,
1D-gaussian-2c-512p,512,512,0.0847959817806586,1000000,0.0008125507005503,,seconds,68.24940729141235,68.15847475267947,megabytes,554.0,554.0,87.0,86.53177257525084,0.233816064,0.233816064,0.8171875,0.7785508988294318,success,sgd,1.0,1000000,1e-06,0.002,0.9,0.0008125507005503,
1D-gaussian-2c-512p,512,512,0.0923765409388728,1000000,0.0007404199767208,,seconds,68.6125841140747,68.4931007064879,megabytes,554.0,554.0,87.0,85.95862068965518,0.2338816,0.2338816,0.8140625,0.777987607758621,success,sgd,1.0,1000000,1e-06,0.002,0.9,0.0007404199767208,
1D-gaussian-2c-512p,512,512,0.1260740023793479,1000000,0.0007211611091481,,seconds,68.44668316841125,68.38942014425993,megabytes,554.0,554.0,87.0,86.03135888501743,0.233705472,0.233705472,0.8375,0.7800740418118465,success,sgd,1.0,1000000,1e-06,0.002,0.9,0.0007211611091481,
1D-gaussian-2c-512p,512,512,0.2229563424668059,1000000,0.000793038383183,,seconds,68.4434905052185,68.2941569481045,megabytes,554.0,554.0,87.0,86.17808219178082,0.233709568,0.233709568,0.821875,0.777424015410959,success,sgd,1.0,1000000,1e-06,0.002,0.9,0.000793038383183,
1D-gaussian-2c-512p,512,512,0.2101125054672936,1000000,0.0007403796426178,,seconds,68.35621476173401,68.25880905613303,megabytes,554.0,554.0,87.0,86.1541095890411,0.233857024,0.233857024,0.81796875,0.7765865796232875,success,sgd,1.0,1000000,1e-06,0.002,0.9,0.0007403796426178,
1D-gaussian-2c-512p,512,512,0.2541067345763646,1000000,0.0007706295893031,,seconds,68.32208347320557,68.17535649985075,megabytes,554.0,554.0,87.0,86.13531353135313,0.233795584,0.233795584,0.84140625,0.7778929455445542,success,sgd,1.0,1000000,1e-06,0.002,0.9,0.0007706295893031,
1D-gaussian-2c-512p,512,512,0.2867948829174153,1000000,0.0006812579369708,,seconds,68.24571537971497,68.08902232162654,megabytes,554.0,554.0,87.0,86.33444816053512,0.233631744,0.233631744,0.8359375,0.7781250000000002,success,sgd,1.0,1000000,1e-06,0.002,0.9,0.0006812579369708,
1D-gaussian-2c-512p,512,512,0.3296467812583622,1000000,0.000733819322363,,seconds,68.26162815093994,68.24884952045977,megabytes,554.0,554.0,87.0,86.25167785234899,0.233680896,0.233680896,0.81328125,0.7786126258389259,success,sgd,1.0,1000000,1e-06,0.002,0.9,0.000733819322363,
1D-gaussian-2c-512p,512,512,0.1398205043009247,1000000,0.0007218317666927,,seconds,68.40356922149658,68.25343050062656,megabytes,554.0,554.0,87.0,86.15646258503402,0.233844736,0.233844736,0.83984375,0.7782472363945574,success,sgd,1.0,1000000,1e-06,0.002,0.9,0.0007218317666927,
1D-gaussian-2c-512p,512,512,0.6771288456170002,1000000,0.0008361705548854,,seconds,68.27340912818909,68.1042077280581,megabytes,554.0,554.0,87.0,86.3476821192053,0.235368448,0.235368448,0.81484375,0.7753854511589409,success,sgd,1.0,1000000,1e-06,0.002,0.9,0.0008361705548854,
1D-gaussian-2c-512p,512,512,0.8766880362216763,1000000,0.0008260259026643,,seconds,68.20042443275452,68.10089777037501,megabytes,554.0,554.0,87.0,86.35313531353135,0.233865216,0.233865216,0.82421875,0.7781017945544559,success,sgd,1.0,1000000,1e-06,0.002,0.9,0.0008260259026643,
1D-gaussian-2c-512p,512,512,0.9180499646395316,1000000,0.0008327797023933,,seconds,68.23938822746277,68.22391439601779,megabytes,554.0,554.0,87.0,86.28767123287672,0.23386112,0.23386112,0.82109375,0.7808727525684933,success,sgd,1.0,1000000,1e-06,0.002,0.9,0.0008327797023933,
1D-gaussian-2c-512p,512,512,0.062361652943817,1000000,0.000762690406665,,seconds,68.12211918830872,68.08542684838176,megabytes,554.0,554.0,87.0,86.3543046357616,0.235573248,0.235573248,0.81484375,0.7782776283112582,success,sgd,1.0,1000000,1e-06,0.002,0.9,0.000762690406665,
1D-gaussian-2c-512p,512,512,0.1111682486583315,1000000,0.0006826603563427,,seconds,68.14795851707458,68.09068904072046,megabytes,554.0,554.0,87.0,86.32323232323232,0.233906176,0.233906176,0.82578125,0.7772964015151511,success,sgd,1.0,1000000,1e-06,0.002,0.9,0.0006826603563427,
1D-gaussian-2c-512p,512,512,0.7721353357991314,1000000,0.0008281247753927,,seconds,68.27379488945007,68.12314648367465,megabytes,554.0,554.0,87.0,86.32666666666667,0.23371776,0.23371776,0.82578125,0.7762291666666671,success,sgd,1.0,1000000,1e-06,0.002,0.9,0.0008281247753927,
1D-gaussian-2c-512p,512,512,0.6110664508055336,1000000,0.0007731641145171,,seconds,68.49112677574158,68.33229271881282,megabytes,554.0,554.0,87.0,86.21088435374149,0.233955328,0.233955328,0.81875,0.7767033375850342,success,sgd,1.0,1000000,1e-06,0.002,0.9,0.0007731641145171,
1D-gaussian-2c-512p,512,512,0.1123318080272039,1000000,0.0007255424805851,,seconds,68.5040647983551,68.35452792793512,megabytes,554.0,554.0,87.0,85.94444444444444,0.233832448,0.233832448,0.83515625,0.7780246310763891,success,sgd,1.0,1000000,1e-06,0.002,0.9,0.0007255424805851,
1D-gaussian-2c-512p,512,512,0.4471320355428152,1000000,0.0007970176386246,,seconds,68.24899911880493,68.23805090971291,megabytes,554.0,554.0,87.0,86.12040133779264,0.23564288,0.23564288,0.81796875,0.7796038879598662,success,sgd,1.0,1000000,1e-06,0.002,0.9,0.0007970176386246,
1D-gaussian-2c-512p,512,512,0.0978768458350556,1000000,0.0007468294968511,,seconds,68.25864553451538,68.231360623613,megabytes,554.0,554.0,87.0,86.35353535353535,0.233926656,0.233926656,0.8171875,0.778324915824916,success,sgd,1.0,1000000,1e-06,0.002,0.9,0.0007468294968511,
1D-gaussian-2c-512p,512,512,0.2337985178377,1000000,0.0008013980185285,,seconds,68.26864647865295,68.11258041672409,megabytes,554.0,554.0,87.0,86.23432343234323,0.233910272,0.233910272,0.8578125,0.7774082095709574,success,sgd,1.0,1000000,1e-06,0.002,0.9,0.0008013980185285,
1D-gaussian-2c-1024p,1024,1024,0.0421889178828798,1000000,0.0013833862767669,,seconds,91.57669806480408,91.3988919146359,megabytes,580.0,580.0,91.0,88.31077694235589,0.26093568,0.26093568,0.82109375,0.7732162437343356,success,sgd,1.0,1000000,1e-06,0.002,0.9,0.0013833862767669,
1D-gaussian-2c-1024p,1024,1024,0.4945928751986546,1000000,0.0015023675516545,,seconds,91.2773585319519,91.16482353210448,megabytes,580.0,580.0,91.0,88.78947368421052,0.235892736,0.235892736,0.8234375,0.7785910087719293,success,sgd,1.0,1000000,1e-06,0.002,0.9,0.0015023675516545,
1D-gaussian-2c-1024p,1024,1024,0.0573506502938793,1000000,0.0015660463549477,,seconds,90.68811011314392,90.59991078078748,megabytes,580.0,580.0,91.0,88.98727735368956,0.237596672,0.237596672,0.81875,0.77732387086514,success,sgd,1.0,1000000,1e-06,0.002,0.9,0.0015660463549477,
1D-gaussian-2c-1024p,1024,1024,0.1827518746105072,1000000,0.001774310100513,,seconds,91.51465916633606,91.5103695113212,megabytes,580.0,580.0,91.0,89.19951338199513,0.23576576,0.23576576,0.83515625,0.7794099756690998,success,sgd,1.0,1000000,1e-06,0.002,0.9,0.001774310100513,
1D-gaussian-2c-1024p,1024,1024,0.5753710460042091,1000000,0.0014465760954471,,seconds,89.75425148010254,89.6178883574903,megabytes,580.0,580.0,92.0,90.27365728900256,0.23742464,0.23742464,0.82421875,0.7780690537084398,success,sgd,1.0,1000000,1e-06,0.002,0.9,0.0014465760954471,
1D-gaussian-2c-1024p,1024,1024,0.169797817647504,1000000,0.0013045961515635,,seconds,91.2517716884613,91.18227590434252,megabytes,580.0,580.0,93.0,88.73218673218673,0.235577344,0.235577344,0.825,0.7796452702702705,success,sgd,1.0,1000000,1e-06,0.002,0.9,0.0013045961515635,
1D-gaussian-2c-1024p,1024,1024,0.101092310608392,1000000,0.0014589201991446,,seconds,90.64897274971008,90.46598176471888,megabytes,580.0,580.0,93.0,89.20466321243524,0.237379584,0.237379584,0.82265625,0.7763924870466321,success,sgd,1.0,1000000,1e-06,0.002,0.9,0.0014589201991446,
1D-gaussian-2c-1024p,1024,1024,0.1445761622805573,1000000,0.0012129697746887,,seconds,91.33750557899477,91.1669038310647,megabytes,580.0,580.0,92.0,88.69554455445545,0.235679744,0.235679744,0.821875,0.7777111695544554,success,sgd,1.0,1000000,1e-06,0.002,0.9,0.0012129697746887,
1D-gaussian-2c-1024p,1024,1024,0.0451095598654226,1000000,0.0015265563704764,,seconds,90.37954950332642,90.3740838393569,megabytes,580.0,580.0,91.0,89.67602040816327,0.237346816,0.237346816,0.8234375,0.7789959343112253,success,sgd,1.0,1000000,1e-06,0.002,0.9,0.0015265563704764,
1D-gaussian-2c-1024p,1024,1024,0.2463485557410679,1000000,0.0015648545084722,,seconds,90.98409414291382,90.80654958821832,megabytes,580.0,580.0,91.0,88.9156010230179,0.23564288,0.23564288,0.81953125,0.7777513586956518,success,sgd,1.0,1000000,1e-06,0.002,0.9,0.0015648545084722,
1D-gaussian-2c-1024p,1024,1024,0.2284081687927956,1000000,0.0013586301015225,,seconds,90.7636423110962,90.60335355997086,megabytes,580.0,580.0,91.0,89.02756892230576,0.23730176,0.23730176,0.8234375,0.7783580043859656,success,sgd,1.0,1000000,1e-06,0.002,0.9,0.0013586301015225,
1D-gaussian-2c-1024p,1024,1024,0.0743553024757308,1000000,0.0013740276198964,,seconds,90.84044218063354,90.82419957965612,megabytes,580.0,580.0,91.0,88.9609375,0.235442176,0.235442176,0.83046875,0.7793558756510413,success,sgd,1.0,1000000,1e-06,0.002,0.9,0.0013740276198964,
1D-gaussian-2c-1024p,1024,1024,0.0816392866677237,1000000,0.0015814799782425,,seconds,90.84492826461792,90.7074077706784,megabytes,580.0,580.0,91.0,89.5427135678392,0.23728128,0.23728128,0.82578125,0.7781112594221106,success,sgd,1.0,1000000,1e-06,0.002,0.9,0.0015814799782425,
1D-gaussian-2c-1024p,1024,1024,0.1167677208286073,1000000,0.0013800293391543,,seconds,90.52264165878296,90.53288074955344,megabytes,580.0,580.0,91.0,89.04922279792746,0.235577344,0.235577344,0.8265625,0.7792078205958545,success,sgd,1.0,1000000,1e-06,0.002,0.9,0.0013800293391543,
1D-gaussian-2c-1024p,1024,1024,0.2138778259296319,1000000,0.0015563864815435,,seconds,89.14526033401489,89.08745489269495,megabytes,580.0,580.0,92.0,90.4108527131783,0.237252608,0.237252608,0.82265625,0.7819383882428934,success,sgd,1.0,1000000,1e-06,0.002,0.9,0.0015563864815435,
1D-gaussian-2c-1024p,1024,1024,0.2036814039119749,1000000,0.0016843701285162,,seconds,90.76757669448853,90.66582890227436,megabytes,580.0,580.0,91.0,88.86923076923077,0.235511808,0.235511808,0.828125,0.778555689102564,success,sgd,1.0,1000000,1e-06,0.002,0.9,0.0016843701285162,
1D-gaussian-2c-1024p,1024,1024,0.2452008234373823,1000000,0.0015267422006469,,seconds,91.215238571167,91.07608437538148,megabytes,580.0,580.0,91.0,88.84158415841584,0.237244416,0.237244416,0.8203125,0.778763149752475,success,sgd,1.0,1000000,1e-06,0.002,0.9,0.0015267422006469,
1D-gaussian-2c-1024p,1024,1024,0.2798128632538488,1000000,0.001636168122792,,seconds,90.87623763084412,90.70508944056928,megabytes,580.0,580.0,92.0,89.12405063291139,0.235462656,0.235462656,0.82109375,0.7762994462025314,success,sgd,1.0,1000000,1e-06,0.002,0.9,0.001636168122792,
1D-gaussian-2c-1024p,1024,1024,0.3262632834428322,1000000,0.0014513723726634,,seconds,90.60538077354433,90.4931170474738,megabytes,580.0,580.0,91.0,89.59125964010283,0.236453888,0.236453888,0.825,0.7791432358611831,success,sgd,1.0,1000000,1e-06,0.002,0.9,0.0014513723726634,
1D-gaussian-2c-1024p,1024,1024,0.1306373612903087,1000000,0.0016893382042893,,seconds,90.54069113731384,90.52673355489968,megabytes,580.0,580.0,92.0,89.05398457583547,0.235536384,0.235536384,0.8171875,0.7792476703084832,success,sgd,1.0,1000000,1e-06,0.002,0.9,0.0016893382042893,
1D-gaussian-2c-1024p,1024,1024,0.6732598151498159,1000000,0.0012985113143327,,seconds,90.57078456878662,90.40693379752338,megabytes,580.0,580.0,91.0,89.72842639593908,0.236580864,0.236580864,0.834375,0.7783391497461926,success,sgd,1.0,1000000,1e-06,0.002,0.9,0.0012985113143327,
1D-gaussian-2c-1024p,1024,1024,0.8739443242183208,1000000,0.0012178600970076,,seconds,90.3616864681244,90.21593879535794,megabytes,580.0,580.0,91.0,89.54005167958657,0.235577344,0.235577344,0.82265625,0.778736676356589,success,sgd,1.0,1000000,1e-06,0.002,0.9,0.0012178600970076,
1D-gaussian-2c-1024p,1024,1024,0.9165017918334546,1000000,0.0011849123731877,,seconds,90.0831847190857,89.97031647711992,megabytes,580.0,580.0,91.0,89.95064935064936,0.236392448,0.236392448,0.821875,0.7784030032467534,success,sgd,1.0,1000000,1e-06,0.002,0.9,0.0011849123731877,
1D-gaussian-2c-1024p,1024,1024,0.050689867180113,1000000,0.0013640704510687,,seconds,91.17164182662964,91.00503033399582,megabytes,580.0,580.0,91.0,88.61259079903148,0.23566336,0.23566336,0.81796875,0.7774421156174335,success,sgd,1.0,1000000,1e-06,0.002,0.9,0.0013640704510687,
1D-gaussian-2c-1024p,1024,1024,0.0984219428392939,1000000,0.0014731571698652,,seconds,90.58435153961182,90.46104708500206,megabytes,580.0,580.0,92.0,89.37203166226912,0.236470272,0.236470272,0.83515625,0.7785228397097622,success,sgd,1.0,1000000,1e-06,0.002,0.9,0.0014731571698652,
1D-gaussian-2c-1024p,1024,1024,0.7684195435593073,1000000,0.0012051102351949,,seconds,91.02268242836,90.91959290020168,megabytes,580.0,580.0,90.0,88.911838790932,0.235716608,0.235716608,0.82265625,0.7790695843828714,success,sgd,1.0,1000000,1e-06,0.002,0.9,0.0012051102351949,
1D-gaussian-2c-1024p,1024,1024,0.6094242897296263,1000000,0.0012046826316034,,seconds,91.24722146987916,91.09698817133904,megabytes,580.0,580.0,91.0,89.00251256281408,0.235548672,0.235548672,0.82578125,0.7777245603015068,success,sgd,1.0,1000000,1e-06,0.002,0.9,0.0012046826316034,
1D-gaussian-2c-1024p,1024,1024,0.1028731191248104,1000000,0.0014754543824325,,seconds,91.08412718772888,91.06570810079576,megabytes,580.0,580.0,91.0,88.87623762376238,0.235761664,0.235761664,0.825,0.7777672493811885,success,sgd,1.0,1000000,1e-06,0.002,0.9,0.0014754543824325,
1D-gaussian-2c-1024p,1024,1024,0.4396851772646217,1000000,0.0013746256204884,,seconds,90.59398365020752,90.57453161105514,megabytes,580.0,580.0,91.0,89.41602067183463,0.23584768,0.23584768,0.82421875,0.7802285206718351,success,sgd,1.0,1000000,1e-06,0.002,0.9,0.0013746256204884,
1D-gaussian-2c-1024p,1024,1024,0.0894028120338267,1000000,0.0017211635716442,,seconds,90.8086929321289,90.76546870172024,megabytes,580.0,580.0,93.0,89.24935732647815,0.237346816,0.237346816,0.82578125,0.7777594794344473,success,sgd,1.0,1000000,1e-06,0.002,0.9,0.0017211635716442,
1D-gaussian-2c-1024p,1024,1024,0.2244722261943275,1000000,0.0012712666026681,,seconds,91.29133701324464,91.1232341453433,megabytes,580.0,580.0,91.0,89.1980198019802,0.237592576,0.237592576,0.82421875,0.777968363242574,success,sgd,1.0,1000000,1e-06,0.002,0.9,0.0012712666026681,
1D-gaussian-2c-2048p,2048,2048,0.0258186811176244,1000000,0.0097692226996319,,seconds,188.55505394935608,188.4895369298756,megabytes,676.0,676.0,96.0,94.32262210796917,0.265023488,0.265023488,0.8421875,0.777589773457584,success,sgd,1.0,1000000,1e-06,0.002,0.9,0.0097692226996319,
1D-gaussian-2c-2048p,2048,2048,0.3897205863073687,1000000,0.0122057916379819,,seconds,187.4958472251892,187.4760753121227,megabytes,676.0,676.0,96.0,94.8685857321652,0.240930816,0.240930816,0.83125,0.7803963939299109,success,sgd,1.0,1000000,1e-06,0.002,0.9,0.0122057916379819,
1D-gaussian-2c-2048p,2048,2048,0.0336242224290289,1000000,0.0118468148119745,,seconds,185.92031621932983,185.76494268327951,megabytes,676.0,676.0,96.0,95.86623376623376,0.237285376,0.237285376,0.815625,0.777881493506493,success,sgd,1.0,1000000,1e-06,0.002,0.9,0.0118468148119745,
1D-gaussian-2c-2048p,2048,2048,0.1346529442799144,1000000,0.0125184137883318,,seconds,186.81476545333865,186.728280344978,megabytes,676.0,676.0,96.0,95.84724005134788,0.237187072,0.237187072,0.83671875,0.7787287387676516,success,sgd,1.0,1000000,1e-06,0.002,0.9,0.0125184137883318,
1D-gaussian-2c-2048p,2048,2048,0.5083087537451447,1000000,0.0102032561758316,,seconds,185.83045268058777,185.7624134030193,megabytes,676.0,676.0,96.0,95.83817951959544,0.237146112,0.237146112,0.8296875,0.778969461125158,success,sgd,1.0,1000000,1e-06,0.002,0.9,0.0102032561758316,
1D-gaussian-2c-2048p,2048,2048,0.1377598409920479,1000000,0.0138791996747254,,seconds,186.90649819374084,186.87899426743388,megabytes,676.0,676.0,96.0,95.87786259541984,0.237162496,0.237162496,0.8171875,0.778398338104327,success,sgd,1.0,1000000,1e-06,0.002,0.9,0.0138791996747254,
1D-gaussian-2c-2048p,2048,2048,0.0814256699836137,1000000,0.0090343791263211,,seconds,185.83328008651733,185.7312152571976,megabytes,676.0,676.0,96.0,95.9311224489796,0.23719936,0.23719936,0.8390625,0.7798967633928574,success,sgd,1.0,1000000,1e-06,0.002,0.9,0.0090343791263211,
1D-gaussian-2c-2048p,2048,2048,0.1114965790530253,1000000,0.0120027484817211,,seconds,187.01540112495425,186.8847379218787,megabytes,676.0,676.0,96.0,95.84183673469389,0.238891008,0.238891008,0.82734375,0.779286910076531,success,sgd,1.0,1000000,1e-06,0.002,0.9,0.0120027484817211,
1D-gaussian-2c-2048p,2048,2048,0.0266706660580188,1000000,0.0110966734236142,,seconds,185.8159296512604,185.80861332267523,megabytes,676.0,676.0,96.0,95.8793103448276,0.239439872,0.239439872,0.83046875,0.7796711437807885,success,sgd,1.0,1000000,1e-06,0.002,0.9,0.0110966734236142,
1D-gaussian-2c-2048p,2048,2048,0.1881631739603382,1000000,0.0113125686049038,,seconds,186.844583272934,186.7724422905594,megabytes,676.0,676.0,96.0,95.91337579617834,0.239448064,0.239448064,0.85078125,0.7800238853503187,success,sgd,1.0,1000000,1e-06,0.002,0.9,0.0113125686049038,
1D-gaussian-2c-2048p,2048,2048,0.1893053922428094,1000000,0.0104137186867119,,seconds,186.13452458381653,186.01784094423056,megabytes,676.0,676.0,96.0,95.85335018963336,0.237162496,0.237162496,0.84609375,0.779062302465234,success,sgd,1.0,1000000,1e-06,0.002,0.9,0.0104137186867119,
1D-gaussian-2c-2048p,2048,2048,0.0551631484914709,1000000,0.0098004873182452,,seconds,186.6567389965057,186.6553950812668,megabytes,676.0,676.0,96.0,95.86069651741292,0.23717888,0.23717888,0.8265625,0.7796253109452735,success,sgd,1.0,1000000,1e-06,0.002,0.9,0.0098004873182452,
1D-gaussian-2c-2048p,2048,2048,0.0611118165330958,1000000,0.0106909935737141,,seconds,185.8204321861267,185.63838900253177,megabytes,676.0,676.0,96.0,95.89655172413794,0.237162496,0.237162496,0.84453125,0.7789014393472904,success,sgd,1.0,1000000,1e-06,0.002,0.9,0.0106909935737141,
1D-gaussian-2c-2048p,2048,2048,0.0773401942865301,1000000,0.0132060202849154,,seconds,186.21140241622925,186.20021997205916,megabytes,676.0,676.0,96.0,95.8589263420724,0.238854144,0.238854144,0.821875,0.7791881242197252,success,sgd,1.0,1000000,1e-06,0.002,0.9,0.0132060202849154,
1D-gaussian-2c-2048p,2048,2048,0.1740233683555606,1000000,0.0110990212348049,,seconds,185.83880186080933,185.6926758158952,megabytes,676.0,676.0,96.0,95.91687979539644,0.240549888,0.240549888,0.83203125,0.7791440217391301,success,sgd,1.0,1000000,1e-06,0.002,0.9,0.0110990212348049,
1D-gaussian-2c-2048p,2048,2048,0.1719316256679473,1000000,0.0113720688119216,,seconds,186.4248621463776,186.3677725084126,megabytes,676.0,676.0,96.0,95.87373737373736,0.239484928,0.239484928,0.83671875,0.7794053819444443,success,sgd,1.0,1000000,1e-06,0.002,0.9,0.0113720688119216,
1D-gaussian-2c-2048p,2048,2048,0.198140574854874,1000000,0.0109071016190377,,seconds,185.8293056488037,185.75375125184652,megabytes,676.0,676.0,96.0,95.85362853628536,0.238833664,0.238833664,0.84296875,0.7793896063960636,success,sgd,1.0,1000000,1e-06,0.002,0.9,0.0109071016190377,
1D-gaussian-2c-2048p,2048,2048,0.2037929368789801,1000000,0.0122897795343522,,seconds,186.4395546913147,186.3959924709052,megabytes,676.0,676.0,96.0,95.93997445721584,0.2390016,0.2390016,0.82578125,0.7786398467432952,success,sgd,1.0,1000000,1e-06,0.002,0.9,0.0122897795343522,
1D-gaussian-2c-2048p,2048,2048,0.2908957913613416,1000000,0.0101845808711108,,seconds,185.75642204284668,185.60574000701308,megabytes,678.0,678.0,96.0,95.9108040201005,0.239468544,0.239468544,0.8421875,0.779315522927135,success,sgd,1.0,1000000,1e-06,0.002,0.9,0.0101845808711108,
1D-gaussian-2c-2048p,2048,2048,0.0971013222737575,1000000,0.0131740349243621,,seconds,186.6694951057434,186.5040961969644,megabytes,678.0,678.0,96.0,95.87767969735182,0.240443392,0.240443392,0.834375,0.7789121610970996,success,sgd,1.0,1000000,1e-06,0.002,0.9,0.0131740349243621,
1D-gaussian-2c-2048p,2048,2048,0.6200933338449359,1000000,0.0088480875142863,,seconds,186.06736278533936,185.9326087962836,megabytes,678.0,678.0,96.0,95.86708860759494,0.240566272,0.240566272,0.83359375,0.779222705696203,success,sgd,1.0,1000000,1e-06,0.002,0.9,0.0088480875142863,
1D-gaussian-2c-2048p,2048,2048,0.7764995414872956,1000000,0.0088458707262718,,seconds,186.53770852088928,186.4041135720909,megabytes,678.0,678.0,96.0,95.8403041825095,0.240504832,0.240504832,0.82734375,0.7795320421419517,success,sgd,1.0,1000000,1e-06,0.002,0.9,0.0088458707262718,
1D-gaussian-2c-2048p,2048,2048,0.8336201367990576,1000000,0.008628639556913,,seconds,186.28021883964536,186.13862077146769,megabytes,678.0,678.0,96.0,95.86445012787723,0.240463872,0.240463872,0.8296875,0.7800211796675206,success,sgd,1.0,1000000,1e-06,0.002,0.9,0.008628639556913,
1D-gaussian-2c-2048p,2048,2048,0.0299428353593026,1000000,0.0103482087344103,,seconds,186.40530443191528,186.32456833682957,megabytes,678.0,678.0,96.0,95.86311787072243,0.240480256,0.240480256,0.84375,0.7784883951204059,success,sgd,1.0,1000000,1e-06,0.002,0.9,0.0103482087344103,
1D-gaussian-2c-2048p,2048,2048,0.0726362148641152,1000000,0.0104363699769325,,seconds,186.04686307907104,185.98127200081944,megabytes,678.0,678.0,96.0,95.87419768934532,0.240545792,0.240545792,0.81796875,0.779465861681642,success,sgd,1.0,1000000,1e-06,0.002,0.9,0.0104363699769325,
1D-gaussian-2c-2048p,2048,2048,0.6912159806533029,1000000,0.0082817504235291,,seconds,187.04844617843628,186.9344283565879,megabytes,678.0,678.0,96.0,95.90724269377382,0.2405376,0.2405376,0.82578125,0.7775571791613719,success,sgd,1.0,1000000,1e-06,0.002,0.9,0.0082817504235291,
1D-gaussian-2c-2048p,2048,2048,0.5089156319155262,1000000,0.0124384707874265,,seconds,186.3824636936188,186.3605911061168,megabytes,678.0,678.0,96.0,95.86605981794538,0.240447488,0.240447488,0.81640625,0.7789468871911571,success,sgd,1.0,1000000,1e-06,0.002,0.9,0.0124384707874265,
1D-gaussian-2c-2048p,2048,2048,0.0699628206967963,1000000,0.0126946052203098,,seconds,186.96875596046448,186.8018625769764,megabytes,678.0,678.0,96.0,95.8493670886076,0.24045568,0.24045568,0.85,0.778454311708861,success,sgd,1.0,1000000,1e-06,0.002,0.9,0.0126946052203098,
1D-gaussian-2c-2048p,2048,2048,0.3766745599011382,1000000,0.010211088474275,,seconds,186.35702347755432,186.2087980024517,megabytes,678.0,678.0,96.0,95.9328165374677,0.240533504,0.240533504,0.846875,0.7797480620155044,success,sgd,1.0,1000000,1e-06,0.002,0.9,0.010211088474275,
1D-gaussian-2c-2048p,2048,2048,0.0634717429147191,1000000,0.0116700506943993,,seconds,186.629784822464,186.50715782493356,megabytes,678.0,678.0,96.0,95.79119496855346,0.240533504,0.240533504,0.8171875,0.779895833333333,success,sgd,1.0,1000000,1e-06,0.002,0.9,0.0116700506943993,
1D-gaussian-2c-2048p,2048,2048,0.1785137741805077,1000000,0.0094020383210957,,seconds,186.3977761268616,186.3125444483012,megabytes,678.0,678.0,96.0,95.88387096774194,0.238866432,0.238866432,0.8265625,0.7796139112903222,success,sgd,1.0,1000000,1e-06,0.002,0.9,0.0094020383210957,
1D-gaussian-4c-32p,32,32,0.2887444992395958,1000000,0.0001343500482453,,seconds,40.510554790496826,40.37841223739088,megabytes,548.0,548.0,79.0,76.80225988700565,0.237252608,0.237252608,0.8125,0.7787032132768361,success,sgd,1.0,1000000,1e-06,0.002,0.9,0.0001343500482453,
1D-gaussian-4c-32p,32,32,0.1484344560878716,1000000,0.0001575091012812,,seconds,40.0496826171875,39.88273257575929,megabytes,548.0,548.0,80.0,77.56906077348066,0.237170688,0.237170688,0.82109375,0.7777840124309391,success,sgd,1.0,1000000,1e-06,0.002,0.9,0.0001575091012812,
1D-gaussian-4c-32p,32,32,0.202514206372277,1000000,0.0001680265783719,,seconds,40.27660870552063,40.17468627914786,megabytes,548.0,548.0,82.0,76.80337078651685,0.236761088,0.236761088,0.8203125,0.7785551264044944,success,sgd,1.0,1000000,1e-06,0.002,0.9,0.0001680265783719,
1D-gaussian-4c-32p,32,32,0.2020599710915637,1000000,0.0001415026617788,,seconds,38.98007893562317,38.92309220507741,megabytes,548.0,548.0,81.0,78.99404761904762,0.236941312,0.236941312,0.81796875,0.7787574404761902,success,sgd,1.0,1000000,1e-06,0.002,0.9,0.0001415026617788,
1D-gaussian-4c-32p,32,32,0.3264871811416643,1000000,0.0001602381080319,,seconds,39.90609097480774,39.82541529834271,megabytes,548.0,548.0,80.0,77.95977011494253,0.237666304,0.237666304,0.83125,0.7771551724137927,success,sgd,1.0,1000000,1e-06,0.002,0.9,0.0001602381080319,
1D-gaussian-4c-32p,32,32,0.1699908068195638,1000000,0.0001511945239832,,seconds,40.329315423965454,40.15065695159137,megabytes,548.0,548.0,80.0,76.98913043478261,0.236683264,0.236683264,0.825,0.7755986752717389,success,sgd,1.0,1000000,1e-06,0.002,0.9,0.0001511945239832,
1D-gaussian-4c-32p,32,32,0.1357214271258389,1000000,0.000191489463156,,seconds,38.820613384246826,38.71487143449485,megabytes,548.0,548.0,81.0,79.24705882352941,0.236843008,0.236843008,0.82578125,0.7792371323529412,success,sgd,1.0,1000000,1e-06,0.002,0.9,0.000191489463156,
1D-gaussian-4c-32p,32,32,0.149146555571016,1000000,0.0001597039534722,,seconds,39.43003869056702,39.44562879391015,megabytes,548.0,548.0,80.0,78.53370786516854,0.236703744,0.236703744,0.82265625,0.7799288974719103,success,sgd,1.0,1000000,1e-06,0.002,0.9,0.0001597039534722,
1D-gaussian-4c-32p,32,32,0.2401329173803053,1000000,0.0001197813350819,,seconds,38.17564344406128,38.05355091020465,megabytes,548.0,548.0,83.0,80.5670731707317,0.23672832,0.23672832,0.821875,0.7762623856707316,success,sgd,1.0,1000000,1e-06,0.002,0.9,0.0001197813350819,
1D-gaussian-4c-32p,32,32,0.2700303475928705,1000000,0.000113343917558,,seconds,39.34018230438232,39.22550013288856,megabytes,548.0,548.0,80.0,78.72455089820359,0.23853056,0.23853056,0.81875,0.7767122005988025,success,sgd,1.0,1000000,1e-06,0.002,0.9,0.000113343917558,
1D-gaussian-4c-32p,32,32,0.4646467311990089,1000000,0.0001824522274094,,seconds,39.976192235946655,39.98447224125266,megabytes,548.0,548.0,83.0,77.32768361581921,0.236773376,0.236773376,0.81640625,0.7793917725988698,success,sgd,1.0,1000000,1e-06,0.002,0.9,0.0001824522274094,
1D-gaussian-4c-32p,32,32,0.2617376251036044,1000000,0.0001549104345812,,seconds,38.58466005325317,38.4268488381058,megabytes,548.0,548.0,82.0,80.00625,0.23672832,0.23672832,0.81484375,0.7767675781249997,success,sgd,1.0,1000000,1e-06,0.002,0.9,0.0001549104345812,
1D-gaussian-4c-32p,32,32,0.372185207015892,1000000,0.0001610533510694,,seconds,39.50185966491699,39.39223419316113,megabytes,548.0,548.0,83.0,78.64161849710983,0.236781568,0.236781568,0.821875,0.7772534320809246,success,sgd,1.0,1000000,1e-06,0.002,0.9,0.0001610533510694,
1D-gaussian-4c-32p,32,32,0.2675048994524893,1000000,0.0001289192133453,,seconds,40.30417776107788,40.240736696869135,megabytes,548.0,548.0,79.0,76.97674418604652,0.236752896,0.236752896,0.8171875,0.780009992732558,success,sgd,1.0,1000000,1e-06,0.002,0.9,0.0001289192133453,
1D-gaussian-4c-32p,32,32,0.0903290545322349,1000000,0.0001784619671191,,seconds,39.01698279380798,38.9263418354094,megabytes,548.0,548.0,81.0,79.04597701149426,0.236838912,0.236838912,0.81875,0.7797054597701151,success,sgd,1.0,1000000,1e-06,0.002,0.9,0.0001784619671191,
1D-gaussian-4c-32p,32,32,0.194191107112193,1000000,0.0001532056305857,,seconds,38.01280307769776,37.966379238292575,megabytes,548.0,548.0,82.0,80.5965909090909,0.236847104,0.236847104,0.821875,0.7784667968749998,success,sgd,1.0,1000000,1e-06,0.002,0.9,0.0001532056305857,
1D-gaussian-4c-32p,32,32,0.2622204002529429,1000000,0.0001478014942499,,seconds,39.7749707698822,39.686435705050826,megabytes,548.0,548.0,80.0,77.89772727272727,0.23687168,0.23687168,0.81875,0.7776633522727278,success,sgd,1.0,1000000,1e-06,0.002,0.9,0.0001478014942499,
1D-gaussian-4c-32p,32,32,0.1628666418873648,1000000,0.0001499147165946,,seconds,40.4616174697876,40.4111492279917,megabytes,548.0,548.0,79.0,76.94972067039106,0.236814336,0.236814336,0.821875,0.7777321927374302,success,sgd,1.0,1000000,1e-06,0.002,0.9,0.0001499147165946,
1D-gaussian-4c-32p,32,32,0.2381279948386271,1000000,0.0001553289983219,,seconds,39.99596953392029,39.85915781185031,megabytes,548.0,548.0,82.0,77.43181818181819,0.236838912,0.236838912,0.81796875,0.776327237215909,success,sgd,1.0,1000000,1e-06,0.002,0.9,0.0001553289983219,
1D-gaussian-4c-32p,32,32,0.1554558425728912,1000000,0.0001640295003766,,seconds,40.02237796783447,39.92446383833885,megabytes,548.0,548.0,80.0,77.47311827956989,0.236822528,0.236822528,0.828125,0.7776881720430108,success,sgd,1.0,1000000,1e-06,0.002,0.9,0.0001640295003766,
1D-gaussian-4c-32p,32,32,0.3355761146126017,1000000,0.0001545324534091,,seconds,39.24294781684876,39.07881802506745,megabytes,548.0,548.0,81.0,78.75706214689265,0.236937216,0.236937216,0.8265625,0.7773216807909603,success,sgd,1.0,1000000,1e-06,0.002,0.9,0.0001545324534091,
1D-gaussian-4c-32p,32,32,0.1953991456702922,1000000,0.0001478096815232,,seconds,40.14772129058838,39.981706861406565,megabytes,548.0,548.0,80.0,77.21022727272727,0.236863488,0.236863488,0.81796875,0.7751997514204544,success,sgd,1.0,1000000,1e-06,0.002,0.9,0.0001478096815232,
1D-gaussian-4c-32p,32,32,0.2186137324783665,1000000,0.0001710445992396,,seconds,38.08297371864319,37.94857826270163,megabytes,548.0,548.0,82.0,80.69090909090909,0.236978176,0.236978176,0.8203125,0.7762499999999998,success,sgd,1.0,1000000,1e-06,0.002,0.9,0.0001710445992396,
1D-gaussian-4c-32p,32,32,0.2480387720341779,1000000,0.0001570995636479,,seconds,39.06627559661865,38.91784637980163,megabytes,548.0,548.0,81.0,79.17469879518072,0.238637056,0.238637056,0.8109375,0.775249435240964,success,sgd,1.0,1000000,1e-06,0.002,0.9,0.0001570995636479,
1D-gaussian-4c-32p,32,32,0.1811484581701641,1000000,0.0001455998524079,,seconds,39.06618046760559,38.905643824487925,megabytes,548.0,548.0,81.0,79.38505747126437,0.236863488,0.236863488,0.8359375,0.7747036637931033,success,sgd,1.0,1000000,1e-06,0.002,0.9,0.0001455998524079,
1D-gaussian-4c-32p,32,32,0.2091433790692622,1000000,0.000164239903962,,seconds,39.48738050460816,39.28048096783459,megabytes,548.0,548.0,82.0,78.29943502824858,0.23699456,0.23699456,0.83359375,0.7779572740112993,success,sgd,1.0,1000000,1e-06,0.002,0.9,0.000164239903962,
1D-gaussian-4c-32p,32,32,0.2343923040266358,1000000,0.0001762913844125,,seconds,37.56423377990723,37.47639662213624,megabytes,548.0,548.0,83.0,81.51190476190476,0.237002752,0.237002752,0.8171875,0.7768461681547623,success,sgd,1.0,1000000,1e-06,0.002,0.9,0.0001762913844125,
1D-gaussian-4c-32p,32,32,0.252506845164554,1000000,0.0001414242225818,,seconds,39.21624350547791,39.08836985938251,megabytes,548.0,548.0,82.0,78.84705882352941,0.23697408,0.23697408,0.81953125,0.7789154411764712,success,sgd,1.0,1000000,1e-06,0.002,0.9,0.0001414242225818,
1D-gaussian-4c-32p,32,32,0.451852001014197,1000000,0.0001691246682644,,seconds,41.17181658744812,41.14010985568166,megabytes,548.0,548.0,82.0,75.62566844919786,0.238723072,0.238723072,0.81875,0.7770847259358291,success,sgd,1.0,1000000,1e-06,0.002,0.9,0.0001691246682644,
1D-gaussian-4c-32p,32,32,0.2104546795015726,1000000,0.0001515013784068,,seconds,39.030601978302,38.93132821470499,megabytes,548.0,548.0,83.0,78.95266272189349,0.236965888,0.236965888,0.821875,0.7773437499999997,success,sgd,1.0,1000000,1e-06,0.002,0.9,0.0001515013784068,
1D-gaussian-4c-32p,32,32,0.2745214371975801,1000000,0.0001750218100785,,seconds,39.41693925857544,39.25558380037546,megabytes,548.0,548.0,81.0,78.41040462427746,0.237027328,0.237027328,0.8234375,0.7743045520231215,success,sgd,1.0,1000000,1e-06,0.002,0.9,0.0001750218100785,
1D-gaussian-4c-64p,64,64,0.288942944037359,1000000,0.0001998291549919,,seconds,43.86777639389038,43.737030653283,megabytes,548.0,548.0,82.0,80.52659574468085,0.237187072,0.237187072,0.81875,0.7763671875,success,sgd,1.0,1000000,1e-06,0.002,0.9,0.0001998291549919,
1D-gaussian-4c-64p,64,64,0.1489645339710159,1000000,0.0002274108618005,,seconds,43.74052023887634,43.59784625284374,megabytes,548.0,548.0,83.0,81.6923076923077,0.237072384,0.237072384,0.82421875,0.7777203525641024,success,sgd,1.0,1000000,1e-06,0.002,0.9,0.0002274108618005,
1D-gaussian-4c-64p,64,64,0.203009990141871,1000000,0.0002422059953488,,seconds,43.31157994270325,43.32792913168669,megabytes,548.0,548.0,82.0,81.33165829145729,0.237133824,0.237133824,0.81953125,0.7823335427135676,success,sgd,1.0,1000000,1e-06,0.002,0.9,0.0002422059953488,
1D-gaussian-4c-64p,64,64,0.2023644530604336,1000000,0.0002060741692375,,seconds,43.714624643325806,43.6175820287317,megabytes,548.0,548.0,83.0,81.71808510638297,0.237019136,0.237019136,0.8234375,0.7793841422872344,success,sgd,1.0,1000000,1e-06,0.002,0.9,0.0002060741692375,
1D-gaussian-4c-64p,64,64,0.326794014392366,1000000,0.0002321384784943,,seconds,43.76722359657288,43.66901239007712,megabytes,548.0,548.0,82.0,80.42780748663101,0.237113344,0.237113344,0.81640625,0.7771265040106945,success,sgd,1.0,1000000,1e-06,0.002,0.9,0.0002321384784943,
1D-gaussian-4c-64p,64,64,0.1704782734656632,1000000,0.0002208383187725,,seconds,43.97375822067261,43.782557075843215,megabytes,548.0,548.0,82.0,80.20218579234972,0.237252608,0.237252608,0.83125,0.774419398907104,success,sgd,1.0,1000000,1e-06,0.002,0.9,0.0002208383187725,
1D-gaussian-4c-64p,64,64,0.1364452293943468,1000000,0.0002723067988736,,seconds,43.90003323554993,43.76357088051736,megabytes,548.0,548.0,82.0,80.73913043478261,0.2371584,0.2371584,0.825,0.7779466711956521,success,sgd,1.0,1000000,1e-06,0.002,0.9,0.0002723067988736,
1D-gaussian-4c-64p,64,64,0.1496107726648666,1000000,0.0002304079236202,,seconds,43.70499897003174,43.57843026705086,megabytes,548.0,548.0,83.0,81.60106382978724,0.237142016,0.237142016,0.8203125,0.7764461436170214,success,sgd,1.0,1000000,1e-06,0.002,0.9,0.0002304079236202,
1D-gaussian-4c-64p,64,64,0.2404011673587389,1000000,0.0001752983278827,,seconds,43.66330409049988,43.496067725121975,megabytes,548.0,548.0,83.0,81.81958762886597,0.237244416,0.237244416,0.834375,0.7750885953608246,success,sgd,1.0,1000000,1e-06,0.002,0.9,0.0001752983278827,
1D-gaussian-4c-64p,64,64,0.2701978134181197,1000000,0.0001680964014858,,seconds,43.75993013381958,43.62562309019268,megabytes,548.0,548.0,83.0,81.75257731958763,0.2371584,0.2371584,0.83203125,0.7751691365979378,success,sgd,1.0,1000000,1e-06,0.002,0.9,0.0001680964014858,
1D-gaussian-4c-64p,64,64,0.4647644057517676,1000000,0.0002614259229042,,seconds,43.76156258583069,43.64293768629432,megabytes,548.0,548.0,82.0,80.93717277486911,0.237162496,0.237162496,0.82265625,0.7784358638743454,success,sgd,1.0,1000000,1e-06,0.002,0.9,0.0002614259229042,
1D-gaussian-4c-64p,64,64,0.2619393278596608,1000000,0.0002248706583266,,seconds,43.68345236778259,43.54750599712133,megabytes,548.0,548.0,82.0,81.0421052631579,0.237154304,0.237154304,0.8375,0.7747985197368423,success,sgd,1.0,1000000,1e-06,0.002,0.9,0.0002248706583266,
1D-gaussian-4c-64p,64,64,0.3722769749739731,1000000,0.0002339777003565,,seconds,43.75638294219971,43.59058362990618,megabytes,548.0,548.0,82.0,80.75,0.237264896,0.237264896,0.8171875,0.7750488281249998,success,sgd,1.0,1000000,1e-06,0.002,0.9,0.0002339777003565,
1D-gaussian-4c-64p,64,64,0.2677420792535807,1000000,0.0001888363535625,,seconds,43.587538719177246,43.57864883728325,megabytes,548.0,548.0,83.0,81.47340425531915,0.23713792,0.23713792,0.81484375,0.779209607712766,success,sgd,1.0,1000000,1e-06,0.002,0.9,0.0001888363535625,
1D-gaussian-4c-64p,64,64,0.0910572192614915,1000000,0.0002561394422854,,seconds,43.626044034957886,43.53749853186309,megabytes,548.0,548.0,83.0,81.66836734693878,0.237170688,0.237170688,0.82578125,0.7772999043367349,success,sgd,1.0,1000000,1e-06,0.002,0.9,0.0002561394422854,
1D-gaussian-4c-64p,64,64,0.1945983446520299,1000000,0.0002233553887116,,seconds,43.47698283195496,43.39746673218906,megabytes,548.0,548.0,82.0,81.28787878787878,0.237195264,0.237195264,0.82578125,0.7788904671717165,success,sgd,1.0,1000000,1e-06,0.002,0.9,0.0002233553887116,
1D-gaussian-4c-64p,64,64,0.2623998222025544,1000000,0.0002127698987779,,seconds,43.57999277114868,43.51916650868952,megabytes,548.0,548.0,82.0,81.10416666666667,0.237191168,0.237191168,0.81484375,0.7779785156250004,success,sgd,1.0,1000000,1e-06,0.002,0.9,0.0002127698987779,
1D-gaussian-4c-64p,64,64,0.1633235602326938,1000000,0.0002167680921024,,seconds,43.8048107624054,43.70614159852266,megabytes,548.0,548.0,82.0,80.71657754010695,0.237203456,0.237203456,0.81953125,0.7778450868983958,success,sgd,1.0,1000000,1e-06,0.002,0.9,0.0002167680921024,
1D-gaussian-4c-64p,64,64,0.2384675689276477,1000000,0.0002240339013254,,seconds,43.65274882316589,43.479132467880845,megabytes,548.0,548.0,83.0,81.6923076923077,0.237326336,0.237326336,0.83203125,0.7742828525641028,success,sgd,1.0,1000000,1e-06,0.002,0.9,0.0002240339013254,
1D-gaussian-4c-64p,64,64,0.1559974244981554,1000000,0.0002360044778851,,seconds,43.78549742698669,43.63340852037072,megabytes,548.0,548.0,83.0,81.02631578947368,0.23724032,0.23724032,0.83359375,0.7785937499999998,success,sgd,1.0,1000000,1e-06,0.002,0.9,0.0002360044778851,
1D-gaussian-4c-64p,64,64,0.3357576744344797,1000000,0.0002268903555439,,seconds,43.9780797958374,43.80822015926242,megabytes,548.0,548.0,82.0,80.65745856353591,0.237232128,0.237232128,0.81484375,0.7740072513812158,success,sgd,1.0,1000000,1e-06,0.002,0.9,0.0002268903555439,
1D-gaussian-4c-64p,64,64,0.195819365994525,1000000,0.0002135219833467,,seconds,43.44567251205444,43.4105328656733,megabytes,548.0,548.0,82.0,81.20942408376963,0.237273088,0.237273088,0.8171875,0.7792171138743457,success,sgd,1.0,1000000,1e-06,0.002,0.9,0.0002135219833467,
1D-gaussian-4c-64p,64,64,0.219055248297834,1000000,0.0002443639982416,,seconds,43.397676944732666,43.35276028327644,megabytes,548.0,548.0,82.0,81.14795918367346,0.237248512,0.237248512,0.821875,0.778288424744898,success,sgd,1.0,1000000,1e-06,0.002,0.9,0.0002443639982416,
1D-gaussian-4c-64p,64,64,0.2483238650582883,1000000,0.000228623647502,,seconds,43.84535241127014,43.69748193025589,megabytes,548.0,548.0,83.0,81.475935828877,0.237236224,0.237236224,0.8171875,0.778079044117647,success,sgd,1.0,1000000,1e-06,0.002,0.9,0.000228623647502,
1D-gaussian-4c-64p,64,64,0.1815785954760821,1000000,0.0002124667934588,,seconds,43.51065683364868,43.361136473715305,megabytes,548.0,548.0,83.0,82.1231527093596,0.23730176,0.23730176,0.82421875,0.77651631773399,success,sgd,1.0,1000000,1e-06,0.002,0.9,0.0002124667934588,
1D-gaussian-4c-64p,64,64,0.2095714551585826,1000000,0.0002379911689965,,seconds,43.54548144340515,43.53728229925037,megabytes,548.0,548.0,83.0,81.96256684491979,0.237338624,0.237338624,0.8171875,0.7803016377005347,success,sgd,1.0,1000000,1e-06,0.002,0.9,0.0002379911689965,
1D-gaussian-4c-64p,64,64,0.2347991963407704,1000000,0.0002541486497204,,seconds,43.804821491241455,43.60678233578801,megabytes,548.0,548.0,82.0,80.85051546391753,0.237412352,0.237412352,0.81796875,0.7772269652061851,success,sgd,1.0,1000000,1e-06,0.002,0.9,0.0002541486497204,
1D-gaussian-4c-64p,64,64,0.2527906781292844,1000000,0.0002033405470991,,seconds,43.67850518226624,43.67764883674681,megabytes,548.0,548.0,82.0,80.62765957446808,0.2373632,0.2373632,0.8234375,0.7791057180851068,success,sgd,1.0,1000000,1e-06,0.002,0.9,0.0002033405470991,
1D-gaussian-4c-64p,64,64,0.4519951408534083,1000000,0.0002458165797984,,seconds,43.70746660232544,43.679284719750285,megabytes,548.0,548.0,83.0,81.14438502673796,0.237350912,0.237350912,0.81328125,0.7777949532085563,success,sgd,1.0,1000000,1e-06,0.002,0.9,0.0002458165797984,
1D-gaussian-4c-64p,64,64,0.2108575460424543,1000000,0.0002170052400708,,seconds,43.618775844573975,43.524939477443695,megabytes,548.0,548.0,83.0,81.45408163265306,0.237334528,0.237334528,0.8203125,0.7762037627551023,success,sgd,1.0,1000000,1e-06,0.002,0.9,0.0002170052400708,
1D-gaussian-4c-64p,64,64,0.2749175102166408,1000000,0.0002509334468341,,seconds,43.59890413284302,43.52826990559697,megabytes,548.0,548.0,83.0,81.49489795918367,0.237338624,0.237338624,0.82109375,0.7791015625000001,success,sgd,1.0,1000000,1e-06,0.002,0.9,0.0002509334468341,
1D-gaussian-4c-128p,128,128,0.2893739015549949,1000000,0.000297420023422,,seconds,50.16376781463623,50.03309686295688,megabytes,548.0,548.0,82.0,79.12107623318386,0.237563904,0.237563904,0.821875,0.7755184977578478,success,sgd,1.0,1000000,1e-06,0.002,0.9,0.000297420023422,
1D-gaussian-4c-128p,128,128,0.1500456236998764,1000000,0.0003263983453502,,seconds,49.86366081237793,49.78087404742837,megabytes,548.0,548.0,82.0,79.57990867579909,0.237305856,0.237305856,0.815625,0.7789169520547944,success,sgd,1.0,1000000,1e-06,0.002,0.9,0.0003263983453502,
1D-gaussian-4c-128p,128,128,0.2040204148019254,1000000,0.0003469103980007,,seconds,49.67345070838928,49.488134721294045,megabytes,548.0,548.0,82.0,79.77251184834124,0.237273088,0.237273088,0.8328125,0.7753332345971562,success,sgd,1.0,1000000,1e-06,0.002,0.9,0.0003469103980007,
1D-gaussian-4c-128p,128,128,0.2030046849515466,1000000,0.0002988923497924,,seconds,49.72230958938599,49.56768777780235,megabytes,548.0,548.0,82.0,79.67757009345794,0.23738368,0.23738368,0.82421875,0.7767742406542054,success,sgd,1.0,1000000,1e-06,0.002,0.9,0.0002988923497924,
1D-gaussian-4c-128p,128,128,0.327419422789935,1000000,0.0003359269704805,,seconds,49.832884788513184,49.66749770566821,megabytes,548.0,548.0,84.0,79.76497695852535,0.23734272,0.23734272,0.815625,0.7756912442396316,success,sgd,1.0,1000000,1e-06,0.002,0.9,0.0003359269704805,
1D-gaussian-4c-128p,128,128,0.1714702878834011,1000000,0.0003200639305234,,seconds,50.04800319671631,49.8564425278455,megabytes,548.0,548.0,82.0,80.21126760563381,0.237375488,0.237375488,0.8125,0.7749229753521131,success,sgd,1.0,1000000,1e-06,0.002,0.9,0.0003200639305234,
1D-gaussian-4c-128p,128,128,0.1378785024488612,1000000,0.0003871344517697,,seconds,49.50617861747742,49.50320430658758,megabytes,548.0,548.0,85.0,80.0607476635514,0.237314048,0.237314048,0.825,0.7808082651869158,success,sgd,1.0,1000000,1e-06,0.002,0.9,0.0003871344517697,
1D-gaussian-4c-128p,128,128,0.1505655336402117,1000000,0.0003317542491004,,seconds,49.82067608833313,49.65417976118624,megabytes,548.0,548.0,85.0,79.94883720930233,0.237391872,0.237391872,0.82109375,0.7762427325581396,success,sgd,1.0,1000000,1e-06,0.002,0.9,0.0003317542491004,
1D-gaussian-4c-128p,128,128,0.2409628913190442,1000000,0.0002560977069707,,seconds,50.061538219451904,50.05617528781295,megabytes,548.0,548.0,83.0,79.15765765765765,0.23732224,0.23732224,0.82265625,0.7783396677927931,success,sgd,1.0,1000000,1e-06,0.002,0.9,0.0002560977069707,
1D-gaussian-4c-128p,128,128,0.2705676869621656,1000000,0.0002483957832149,,seconds,50.73948812484741,50.65619116462767,megabytes,548.0,548.0,82.0,78.48319327731092,0.237359104,0.237359104,0.821875,0.7783219537815128,success,sgd,1.0,1000000,1e-06,0.002,0.9,0.0002483957832149,
1D-gaussian-4c-128p,128,128,0.4650192640576582,1000000,0.0003741166326659,,seconds,49.51285791397095,49.49252430722117,megabytes,548.0,548.0,82.0,80.2,0.23734272,0.23734272,0.82578125,0.7779799107142863,success,sgd,1.0,1000000,1e-06,0.002,0.9,0.0003741166326659,
1D-gaussian-4c-128p,128,128,0.2623800237347033,1000000,0.0003266677904723,,seconds,49.7484393119812,49.61983022280037,megabytes,548.0,548.0,85.0,79.86574074074075,0.237453312,0.237453312,0.8265625,0.7764395254629627,success,sgd,1.0,1000000,1e-06,0.002,0.9,0.0003266677904723,
1D-gaussian-4c-128p,128,128,0.3724885108961091,1000000,0.0003397769174951,,seconds,49.8601176738739,49.8470792490989,megabytes,548.0,548.0,86.0,79.38009049773756,0.237432832,0.237432832,0.81015625,0.7803626979638006,success,sgd,1.0,1000000,1e-06,0.002,0.9,0.0003397769174951,
1D-gaussian-4c-128p,128,128,0.2682451574509253,1000000,0.000276976916266,,seconds,49.56845235824585,49.53647543862462,megabytes,548.0,548.0,85.0,80.13953488372093,0.23740416,0.23740416,0.81796875,0.7795712209302323,success,sgd,1.0,1000000,1e-06,0.002,0.9,0.000276976916266,
1D-gaussian-4c-128p,128,128,0.0925179540306376,1000000,0.000366175351053,,seconds,49.76943349838257,49.73756826482713,megabytes,548.0,548.0,82.0,79.73394495412845,0.237432832,0.237432832,0.81796875,0.7790173451834863,success,sgd,1.0,1000000,1e-06,0.002,0.9,0.000366175351053,
1D-gaussian-4c-128p,128,128,0.1954321976103196,1000000,0.0003230207008965,,seconds,50.15301036834717,49.97354062832892,megabytes,548.0,548.0,85.0,79.28125,0.237481984,0.237481984,0.8234375,0.776715959821429,success,sgd,1.0,1000000,1e-06,0.002,0.9,0.0003230207008965,
1D-gaussian-4c-128p,128,128,0.2627961079419547,1000000,0.000306590451909,,seconds,50.02016043663025,49.86811673082411,megabytes,548.0,548.0,82.0,79.52488687782805,0.237457408,0.237457408,0.81640625,0.7770255938914028,success,sgd,1.0,1000000,1e-06,0.002,0.9,0.000306590451909,
1D-gaussian-4c-128p,128,128,0.1642629386403523,1000000,0.0003122204866063,,seconds,50.20468091964722,50.20235770754516,megabytes,548.0,548.0,82.0,78.90707964601769,0.237457408,0.237457408,0.82421875,0.7792692201327435,success,sgd,1.0,1000000,1e-06,0.002,0.9,0.0003122204866063,
1D-gaussian-4c-128p,128,128,0.2391739031885856,1000000,0.000322807015379,,seconds,49.82340884208679,49.71940035000444,megabytes,548.0,548.0,85.0,79.84507042253522,0.237481984,0.237481984,0.834375,0.7791263204225354,success,sgd,1.0,1000000,1e-06,0.002,0.9,0.000322807015379,
1D-gaussian-4c-128p,128,128,0.1570867865547361,1000000,0.0003364826295714,,seconds,49.752230405807495,49.57530692405999,megabytes,548.0,548.0,82.0,79.9906976744186,0.23750656,0.23750656,0.81875,0.7762209302325584,success,sgd,1.0,1000000,1e-06,0.002,0.9,0.0003364826295714,
1D-gaussian-4c-128p,128,128,0.3361451915725404,1000000,0.0003327450705174,,seconds,49.62750625610352,49.62657701969147,megabytes,548.0,548.0,82.0,79.99074074074075,0.237449216,0.237449216,0.82265625,0.7790039062499998,success,sgd,1.0,1000000,1e-06,0.002,0.9,0.0003327450705174,
1D-gaussian-4c-128p,128,128,0.1966878181162271,1000000,0.0003078013730702,,seconds,49.699556827545166,49.54201024957001,megabytes,548.0,548.0,83.0,80.30373831775701,0.237502464,0.237502464,0.821875,0.7751131717289718,success,sgd,1.0,1000000,1e-06,0.002,0.9,0.0003078013730702,
1D-gaussian-4c-128p,128,128,0.2199478648506467,1000000,0.0003484370619713,,seconds,49.60787320137024,49.49837468378246,megabytes,548.0,548.0,84.0,80.48598130841121,0.237477888,0.237477888,0.81484375,0.777252482476635,success,sgd,1.0,1000000,1e-06,0.002,0.9,0.0003484370619713,
1D-gaussian-4c-128p,128,128,0.2489243684487286,1000000,0.0003324635330383,,seconds,49.86269283294678,49.834613278508186,megabytes,548.0,548.0,82.0,79.54054054054055,0.237432832,0.237432832,0.82421875,0.7771185247747749,success,sgd,1.0,1000000,1e-06,0.002,0.9,0.0003324635330383,
1D-gaussian-4c-128p,128,128,0.1824607929989711,1000000,0.0003100238051514,,seconds,49.65392255783081,49.63761072792113,megabytes,548.0,548.0,84.0,79.8425925925926,0.237461504,0.237461504,0.82578125,0.7810763888888894,success,sgd,1.0,1000000,1e-06,0.002,0.9,0.0003100238051514,
1D-gaussian-4c-128p,128,128,0.2104456378340399,1000000,0.0003436730738446,,seconds,50.14231538772583,50.13135647214949,megabytes,548.0,548.0,85.0,79.05381165919283,0.23750656,0.23750656,0.81875,0.7782826513452917,success,sgd,1.0,1000000,1e-06,0.002,0.9,0.0003436730738446,
1D-gaussian-4c-128p,128,128,0.2356241868269027,1000000,0.0003645613438715,,seconds,50.0963249206543,50.02254237048328,megabytes,548.0,548.0,82.0,79.29596412556054,0.239214592,0.239214592,0.81875,0.7792776065022415,success,sgd,1.0,1000000,1e-06,0.002,0.9,0.0003645613438715,
1D-gaussian-4c-128p,128,128,0.2533905944260196,1000000,0.0002930744069988,,seconds,50.16155886650085,50.07349216192961,megabytes,548.0,548.0,86.0,79.33035714285714,0.237543424,0.237543424,0.8203125,0.7771798270089288,success,sgd,1.0,1000000,1e-06,0.002,0.9,0.0002930744069988,
1D-gaussian-4c-128p,128,128,0.4522953931650447,1000000,0.0003551989888012,,seconds,49.41334056854248,49.33084776997566,megabytes,548.0,548.0,87.0,80.45410628019323,0.23752704,0.23752704,0.821875,0.7784307065217397,success,sgd,1.0,1000000,1e-06,0.002,0.9,0.0003551989888012,
1D-gaussian-4c-128p,128,128,0.211689796284948,1000000,0.0003118643135462,,seconds,49.81376004219055,49.67367591522634,megabytes,548.0,548.0,86.0,79.66666666666667,0.23754752,0.23754752,0.85234375,0.7745048415492954,success,sgd,1.0,1000000,1e-06,0.002,0.9,0.0003118643135462,
1D-gaussian-4c-128p,128,128,0.2757352077930852,1000000,0.0003607191257834,,seconds,50.337039947509766,50.18095343932509,megabytes,548.0,548.0,82.0,78.96460176991151,0.2392064,0.2392064,0.81875,0.7762444690265482,success,sgd,1.0,1000000,1e-06,0.002,0.9,0.0003607191257834,
1D-gaussian-4c-256p,256,256,0.2902979496694939,1000000,0.0004395211593803,,seconds,52.00720715522766,51.82099699601531,megabytes,550.0,550.0,86.0,84.63948497854078,0.237785088,0.237785088,0.81953125,0.7782289431330474,success,sgd,1.0,1000000,1e-06,0.002,0.9,0.0004395211593803,
1D-gaussian-4c-256p,256,256,0.1522272106541188,1000000,0.0004663605385863,,seconds,51.97816729545593,51.83186284825206,megabytes,550.0,550.0,86.0,84.79295154185021,0.237600768,0.237600768,0.8203125,0.7769617290748907,success,sgd,1.0,1000000,1e-06,0.002,0.9,0.0004663605385863,
1D-gaussian-4c-256p,256,256,0.2060504219867776,1000000,0.0004947797698933,,seconds,51.970881938934326,51.92282781004906,megabytes,550.0,550.0,86.0,84.625,0.238534656,0.238534656,0.82578125,0.7785923549107141,success,sgd,1.0,1000000,1e-06,0.002,0.9,0.0004947797698933,
1D-gaussian-4c-256p,256,256,0.2043424873236044,1000000,0.0004312499357289,,seconds,52.143256187438965,51.97079456411302,megabytes,550.0,550.0,86.0,84.4170403587444,0.23762944,0.23762944,0.825,0.7769443665919283,success,sgd,1.0,1000000,1e-06,0.002,0.9,0.0004312499357289,
1D-gaussian-4c-256p,256,256,0.3286662566749099,1000000,0.0004852099757007,,seconds,51.993767499923706,51.89303383976221,megabytes,550.0,550.0,86.0,84.83928571428571,0.237617152,0.237617152,0.8203125,0.7782331194196426,success,sgd,1.0,1000000,1e-06,0.002,0.9,0.0004852099757007,
1D-gaussian-4c-256p,256,256,0.1734667959905047,1000000,0.0004613172088888,,seconds,52.13071060180664,51.93498168885708,megabytes,550.0,550.0,86.0,84.4669603524229,0.237633536,0.237633536,0.83125,0.7762252202643175,success,sgd,1.0,1000000,1e-06,0.002,0.9,0.0004613172088888,
1D-gaussian-4c-256p,256,256,0.1406830751713275,1000000,0.0005473383015799,,seconds,52.15372586250305,51.98120594024658,megabytes,550.0,550.0,86.0,83.96818181818182,0.239337472,0.239337472,0.8125,0.7761328125000004,success,sgd,1.0,1000000,1e-06,0.002,0.9,0.0005473383015799,
1D-gaussian-4c-256p,256,256,0.1525020218158452,1000000,0.000476025152176,,seconds,51.93670153617859,51.88078540563584,megabytes,550.0,550.0,85.0,84.03571428571429,0.237613056,0.237613056,0.82734375,0.7790945870535715,success,sgd,1.0,1000000,1e-06,0.002,0.9,0.000476025152176,
1D-gaussian-4c-256p,256,256,0.2421379664101503,1000000,0.0003741203874525,,seconds,52.05571866035461,52.01296409592032,megabytes,550.0,550.0,86.0,84.11764705882354,0.237600768,0.237600768,0.8296875,0.7795107466063355,success,sgd,1.0,1000000,1e-06,0.002,0.9,0.0003741203874525,
1D-gaussian-4c-256p,256,256,0.2713734322047912,1000000,0.0003660103230755,,seconds,51.94922208786011,51.76628199592233,megabytes,550.0,550.0,86.0,85.08085106382978,0.237719552,0.237719552,0.82421875,0.7759275265957442,success,sgd,1.0,1000000,1e-06,0.002,0.9,0.0003660103230755,
1D-gaussian-4c-256p,256,256,0.4655481934475095,1000000,0.0005337126587289,,seconds,51.95404219627381,51.96498961932957,megabytes,550.0,550.0,86.0,84.84375,0.237613056,0.237613056,0.82578125,0.7786411830357146,success,sgd,1.0,1000000,1e-06,0.002,0.9,0.0005337126587289,
1D-gaussian-4c-256p,256,256,0.2633103777882531,1000000,0.0004729117128835,,seconds,51.931219816207886,51.77229296788573,megabytes,550.0,550.0,86.0,84.91304347826087,0.23762944,0.23762944,0.82578125,0.7780332880434786,success,sgd,1.0,1000000,1e-06,0.002,0.9,0.0004729117128835,
1D-gaussian-4c-256p,256,256,0.3729513123244496,1000000,0.0004917881969199,,seconds,51.91891145706177,51.819230157881975,megabytes,550.0,550.0,86.0,84.82758620689656,0.237600768,0.237600768,0.82265625,0.7771888469827593,success,sgd,1.0,1000000,1e-06,0.002,0.9,0.0004917881969199,
1D-gaussian-4c-256p,256,256,0.2692952817682907,1000000,0.0004053388105675,,seconds,51.98983311653137,51.84079437889159,megabytes,550.0,550.0,86.0,84.66233766233766,0.23934976,0.23934976,0.82109375,0.7792207792207786,success,sgd,1.0,1000000,1e-06,0.002,0.9,0.0004053388105675,
1D-gaussian-4c-256p,256,256,0.0954149096821231,1000000,0.0005206884886454,,seconds,52.06207633018494,51.92113364860416,megabytes,550.0,550.0,86.0,84.49777777777778,0.237604864,0.237604864,0.8203125,0.7790347222222225,success,sgd,1.0,1000000,1e-06,0.002,0.9,0.0005206884886454,
1D-gaussian-4c-256p,256,256,0.1971288479683578,1000000,0.0004654302450028,,seconds,51.79755163192749,51.657483568415046,megabytes,550.0,550.0,86.0,85.08547008547009,0.23762944,0.23762944,0.82109375,0.7758613782051282,success,sgd,1.0,1000000,1e-06,0.002,0.9,0.0004654302450028,
1D-gaussian-4c-256p,256,256,0.2636547105886419,1000000,0.0004420491881698,,seconds,52.04408478736877,51.867339592427015,megabytes,550.0,550.0,86.0,84.6480686695279,0.237662208,0.237662208,0.82109375,0.775080472103004,success,sgd,1.0,1000000,1e-06,0.002,0.9,0.0004420491881698,
1D-gaussian-4c-256p,256,256,0.1661660934557043,1000000,0.0004476866420702,,seconds,51.9141857624054,51.70524188317359,megabytes,550.0,550.0,86.0,85.14830508474576,0.239419392,0.239419392,0.828125,0.7778469279661017,success,sgd,1.0,1000000,1e-06,0.002,0.9,0.0004476866420702,
1D-gaussian-4c-256p,256,256,0.2406152506429135,1000000,0.0004630056358787,,seconds,51.88001942634583,51.698710752651095,megabytes,550.0,550.0,86.0,85.23175965665236,0.237613056,0.237613056,0.82265625,0.7759924892703866,success,sgd,1.0,1000000,1e-06,0.002,0.9,0.0004630056358787,
1D-gaussian-4c-256p,256,256,0.1592607615760337,1000000,0.0004778266382595,,seconds,52.02423000335693,51.873245280236006,megabytes,550.0,550.0,86.0,84.6,0.237633536,0.237633536,0.8203125,0.7756487771739138,success,sgd,1.0,1000000,1e-06,0.002,0.9,0.0004778266382595,
1D-gaussian-4c-256p,256,256,0.3369599207918413,1000000,0.0004852735395549,,seconds,52.08360123634338,51.93020703271032,megabytes,550.0,550.0,86.0,84.76126126126127,0.23758848,0.23758848,0.8296875,0.7781989020270274,success,sgd,1.0,1000000,1e-06,0.002,0.9,0.0004852735395549,
1D-gaussian-4c-256p,256,256,0.1984575867241686,1000000,0.000442590251685,,seconds,51.90740895271301,51.8003740850836,megabytes,550.0,550.0,86.0,85.07264957264957,0.237703168,0.237703168,0.8203125,0.777250267094017,success,sgd,1.0,1000000,1e-06,0.002,0.9,0.000442590251685,
1D-gaussian-4c-256p,256,256,0.2217339033170665,1000000,0.0004965709477236,,seconds,52.052204847335815,51.95475878380239,megabytes,550.0,550.0,86.0,84.54260089686099,0.237621248,0.237621248,0.83046875,0.777571468609865,success,sgd,1.0,1000000,1e-06,0.002,0.9,0.0004965709477236,
1D-gaussian-4c-256p,256,256,0.2501756583838778,1000000,0.0004806977060402,,seconds,51.88911771774292,51.74055432714522,megabytes,550.0,550.0,86.0,85.07264957264957,0.237674496,0.237674496,0.8296875,0.7770399305555563,success,sgd,1.0,1000000,1e-06,0.002,0.9,0.0004806977060402,
1D-gaussian-4c-256p,256,256,0.1842570626884077,1000000,0.0004503580416854,,seconds,52.00563192367554,51.88385085947812,megabytes,550.0,550.0,86.0,85.00873362445415,0.239374336,0.239374336,0.821875,0.7775075054585152,success,sgd,1.0,1000000,1e-06,0.002,0.9,0.0004503580416854,
1D-gaussian-4c-256p,256,256,0.2122104203911655,1000000,0.0004935420795759,,seconds,52.00462341308594,51.82609582878649,megabytes,550.0,550.0,86.0,84.99561403508773,0.237744128,0.237744128,0.82890625,0.7780804550438599,success,sgd,1.0,1000000,1e-06,0.002,0.9,0.0004935420795759,
1D-gaussian-4c-256p,256,256,0.2372770375064575,1000000,0.0005206030191669,,seconds,52.187618255615234,52.011518685147166,megabytes,550.0,550.0,86.0,84.48660714285714,0.237694976,0.237694976,0.81640625,0.7765485491071434,success,sgd,1.0,1000000,1e-06,0.002,0.9,0.0005206030191669,
1D-gaussian-4c-256p,256,256,0.254635116577165,1000000,0.0004207784217265,,seconds,52.15321111679077,51.96983543224633,megabytes,550.0,550.0,86.0,84.51101321585904,0.23779328,0.23779328,0.8328125,0.7787307268722464,success,sgd,1.0,1000000,1e-06,0.002,0.9,0.0004207784217265,
1D-gaussian-4c-256p,256,256,0.4529118467474383,1000000,0.0005113664146069,,seconds,52.08757829666138,51.91959764622152,megabytes,550.0,550.0,86.0,84.57826086956521,0.23781376,0.23781376,0.81875,0.7750441576086957,success,sgd,1.0,1000000,1e-06,0.002,0.9,0.0005113664146069,
1D-gaussian-4c-256p,256,256,0.2133855709659872,1000000,0.000446405098142,,seconds,52.14339017868042,51.97464969009161,megabytes,550.0,550.0,86.0,84.75113122171946,0.237912064,0.237912064,0.81796875,0.7751661481900448,success,sgd,1.0,1000000,1e-06,0.002,0.9,0.000446405098142,
1D-gaussian-4c-256p,256,256,0.2773849255383887,1000000,0.0005171748387118,,seconds,51.71695590019226,51.624196365475655,megabytes,550.0,550.0,86.0,85.31063829787234,0.237842432,0.237842432,0.82734375,0.7789827127659571,success,sgd,1.0,1000000,1e-06,0.002,0.9,0.0005171748387118,
1D-gaussian-4c-512p,512,512,0.292206644595528,1000000,0.0006191305355598,,seconds,68.26542568206787,68.09769975580275,megabytes,556.0,556.0,87.0,86.1741935483871,0.239947776,0.239947776,0.821875,0.7764692540322583,success,sgd,1.0,1000000,1e-06,0.002,0.9,0.0006191305355598,
1D-gaussian-4c-512p,512,512,0.1564620488235017,1000000,0.0006516269739831,,seconds,68.31715059280396,68.29632668755949,megabytes,556.0,556.0,87.0,86.19798657718121,0.239747072,0.239747072,0.840625,0.7791946308724829,success,sgd,1.0,1000000,1e-06,0.002,0.9,0.0006516269739831,
1D-gaussian-4c-512p,512,512,0.2099744237716005,1000000,0.0006882224792217,,seconds,68.19272875785828,68.19088689610362,megabytes,556.0,556.0,87.0,86.32894736842105,0.239763456,0.239763456,0.821875,0.779137541118421,success,sgd,1.0,1000000,1e-06,0.002,0.9,0.0006882224792217,
1D-gaussian-4c-512p,512,512,0.207051705241298,1000000,0.0006087309750395,,seconds,68.46837496757507,68.33235613256693,megabytes,556.0,556.0,87.0,86.14814814814815,0.239816704,0.239816704,0.840625,0.7754471801346802,success,sgd,1.0,1000000,1e-06,0.002,0.9,0.0006087309750395,
1D-gaussian-4c-512p,512,512,0.3311483530714974,1000000,0.0006780226357107,,seconds,68.38360214233398,68.28444231674075,megabytes,556.0,556.0,87.0,86.20860927152317,0.23975936,0.23975936,0.81953125,0.7787458609271525,success,sgd,1.0,1000000,1e-06,0.002,0.9,0.0006780226357107,
1D-gaussian-4c-512p,512,512,0.1772977476863868,1000000,0.0006347161613111,,seconds,68.23795962333679,68.17075139842927,megabytes,556.0,556.0,87.0,86.34415584415585,0.239824896,0.239824896,0.82109375,0.7788707386363632,success,sgd,1.0,1000000,1e-06,0.002,0.9,0.0006347161613111,
1D-gaussian-4c-512p,512,512,0.1458932102820813,1000000,0.0007478248257321,,seconds,68.4166190624237,68.23142202012241,megabytes,556.0,556.0,87.0,86.20655737704918,0.239910912,0.239910912,0.821875,0.7786705942622953,success,sgd,1.0,1000000,1e-06,0.002,0.9,0.0007478248257321,
1D-gaussian-4c-512p,512,512,0.156306826428993,1000000,0.0006675341598239,,seconds,68.13251376152039,68.10323921963573,megabytes,556.0,556.0,87.0,86.21290322580646,0.239890432,0.239890432,0.821875,0.7813205645161284,success,sgd,1.0,1000000,1e-06,0.002,0.9,0.0006675341598239,
1D-gaussian-4c-512p,512,512,0.2445211667693007,1000000,0.0005390182302803,,seconds,68.30842924118042,68.1384679786861,megabytes,556.0,556.0,87.0,86.18688524590164,0.239972352,0.239972352,0.83828125,0.7773258196721309,success,sgd,1.0,1000000,1e-06,0.002,0.9,0.0005390182302803,
1D-gaussian-4c-512p,512,512,0.2730994421505064,1000000,0.0005318789103086,,seconds,68.341881275177,68.17961086705327,megabytes,556.0,556.0,87.0,86.24422442244224,0.239173632,0.239173632,0.82578125,0.7781095297029706,success,sgd,1.0,1000000,1e-06,0.002,0.9,0.0005318789103086,
1D-gaussian-4c-512p,512,512,0.4667424335617025,1000000,0.0007344386362492,,seconds,68.23639369010925,68.11639043875039,megabytes,556.0,556.0,87.0,86.3016393442623,0.239935488,0.239935488,0.825,0.7781147540983603,success,sgd,1.0,1000000,1e-06,0.002,0.9,0.0007344386362492,
1D-gaussian-4c-512p,512,512,0.2652625163069818,1000000,0.0006614026194661,,seconds,68.1289803981781,68.13813384063542,megabytes,556.0,556.0,87.0,86.45276872964169,0.239996928,0.239996928,0.825,0.779272699511401,success,sgd,1.0,1000000,1e-06,0.002,0.9,0.0006614026194661,
1D-gaussian-4c-512p,512,512,0.3740455351346968,1000000,0.000682509804102,,seconds,68.31355881690979,68.23175606876612,megabytes,556.0,556.0,87.0,86.19218241042346,0.239951872,0.239951872,0.821875,0.7779774022801302,success,sgd,1.0,1000000,1e-06,0.002,0.9,0.000682509804102,
1D-gaussian-4c-512p,512,512,0.27146454352421,1000000,0.0005801156650256,,seconds,68.27519917488098,68.25016955472529,megabytes,556.0,556.0,87.0,86.06930693069307,0.2400256,0.2400256,0.81796875,0.7791847153465338,success,sgd,1.0,1000000,1e-06,0.002,0.9,0.0005801156650256,
1D-gaussian-4c-512p,512,512,0.1008976057268504,1000000,0.0007193731434207,,seconds,68.40671896934509,68.28164126351476,megabytes,556.0,556.0,87.0,86.10963455149502,0.239988736,0.239988736,0.82421875,0.7797264327242525,success,sgd,1.0,1000000,1e-06,0.002,0.9,0.0007193731434207,
1D-gaussian-4c-512p,512,512,0.2004879092961215,1000000,0.0006536008985165,,seconds,68.38735437393188,68.25428161583841,megabytes,556.0,556.0,88.0,86.17434210526316,0.240054272,0.240054272,0.82109375,0.7787649054276318,success,sgd,1.0,1000000,1e-06,0.002,0.9,0.0006536008985165,
1D-gaussian-4c-512p,512,512,0.2654862504661107,1000000,0.0006278761130023,,seconds,68.33565187454224,68.26026447117329,megabytes,556.0,556.0,87.0,86.3102310231023,0.240074752,0.240074752,0.82109375,0.7781043729372934,success,sgd,1.0,1000000,1e-06,0.002,0.9,0.0006278761130023,
1D-gaussian-4c-512p,512,512,0.1699213550545283,1000000,0.0006328256324321,,seconds,68.35186171531677,68.26119283214211,megabytes,556.0,556.0,87.0,86.08754208754209,0.240111616,0.240111616,0.828125,0.7773858375420873,success,sgd,1.0,1000000,1e-06,0.002,0.9,0.0006328256324321,
1D-gaussian-4c-512p,512,512,0.2434943957658575,1000000,0.0006534391647078,,seconds,68.3198504447937,68.30865018256009,megabytes,556.0,556.0,88.0,86.49,0.240099328,0.240099328,0.83984375,0.7779999999999997,success,sgd,1.0,1000000,1e-06,0.002,0.9,0.0006534391647078,
1D-gaussian-4c-512p,512,512,0.1634381731253057,1000000,0.000661175192191,,seconds,68.34853029251099,68.16759342327714,megabytes,556.0,556.0,87.0,86.18688524590164,0.240295936,0.240295936,0.825,0.7761296106557375,success,sgd,1.0,1000000,1e-06,0.002,0.9,0.000661175192191,
1D-gaussian-4c-512p,512,512,0.3386312561290397,1000000,0.000671631638177,,seconds,68.43804836273193,68.33487456850708,megabytes,556.0,556.0,87.0,85.98310810810811,0.240136192,0.240136192,0.83671875,0.7777053420608103,success,sgd,1.0,1000000,1e-06,0.002,0.9,0.000671631638177,
1D-gaussian-4c-512p,512,512,0.2019497603891503,1000000,0.0006236175909941,,seconds,68.13377547264099,68.08095158450305,megabytes,556.0,556.0,88.0,86.7588424437299,0.24025088,0.24025088,0.82421875,0.7784666398713829,success,sgd,1.0,1000000,1e-06,0.002,0.9,0.0006236175909941,
1D-gaussian-4c-512p,512,512,0.2251548931322742,1000000,0.0006834389936615,,seconds,68.20463371276855,68.0964185949415,megabytes,556.0,556.0,87.0,86.37133550488599,0.240197632,0.240197632,0.82890625,0.7787637418566773,success,sgd,1.0,1000000,1e-06,0.002,0.9,0.0006834389936615,
1D-gaussian-4c-512p,512,512,0.2527033020027313,1000000,0.0006587429650244,,seconds,68.28644609451294,68.20635821856558,megabytes,556.0,556.0,87.0,86.24104234527687,0.240283648,0.240283648,0.82578125,0.7785754275244301,success,sgd,1.0,1000000,1e-06,0.002,0.9,0.0006587429650244,
1D-gaussian-4c-512p,512,512,0.1878268804218071,1000000,0.0006361039800761,,seconds,68.42196321487427,68.26884589157999,megabytes,556.0,556.0,87.0,86.20066889632108,0.24025088,0.24025088,0.825,0.7783079013377933,success,sgd,1.0,1000000,1e-06,0.002,0.9,0.0006361039800761,
1D-gaussian-4c-512p,512,512,0.2156157455354358,1000000,0.0006723377278256,,seconds,68.4639163017273,68.37833428010345,megabytes,556.0,556.0,87.0,86.05351170568562,0.240324608,0.240324608,0.815625,0.7780701295986623,success,sgd,1.0,1000000,1e-06,0.002,0.9,0.0006723377278256,
1D-gaussian-4c-512p,512,512,0.2404706650051754,1000000,0.0007131851588519,,seconds,68.0452446937561,68.01327439956367,megabytes,556.0,556.0,87.0,86.5631067961165,0.239521792,0.239521792,0.83671875,0.779672330097088,success,sgd,1.0,1000000,1e-06,0.002,0.9,0.0007131851588519,
1D-gaussian-4c-512p,512,512,0.257159557320832,1000000,0.0005982292068225,,seconds,68.44648480415344,68.35689564980567,megabytes,556.0,556.0,88.0,86.1947194719472,0.240377856,0.240377856,0.82265625,0.7784498762376242,success,sgd,1.0,1000000,1e-06,0.002,0.9,0.0005982292068225,
1D-gaussian-4c-512p,512,512,0.45425262003878,1000000,0.0007033869463199,,seconds,68.11973428726196,68.11593381687999,megabytes,556.0,556.0,87.0,86.14754098360656,0.240320512,0.240320512,0.83203125,0.7800358606557375,success,sgd,1.0,1000000,1e-06,0.002,0.9,0.0007033869463199,
1D-gaussian-4c-512p,512,512,0.2167352804245289,1000000,0.0006288323876045,,seconds,68.39839720726013,68.2607731949538,megabytes,556.0,556.0,87.0,86.13898305084746,0.240418816,0.240418816,0.8328125,0.7768273305084746,success,sgd,1.0,1000000,1e-06,0.002,0.9,0.0006288323876045,
1D-gaussian-4c-512p,512,512,0.2806141872984624,1000000,0.0007158263901636,,seconds,68.30614256858826,68.27394562773407,megabytes,556.0,556.0,87.0,86.2890365448505,0.240386048,0.240386048,0.82265625,0.7787479235880396,success,sgd,1.0,1000000,1e-06,0.002,0.9,0.0007158263901636,
1D-gaussian-4c-1024p,1024,1024,0.2859513763681184,1000000,0.0017536327269353,,seconds,88.06953191757202,87.98571272939444,megabytes,582.0,582.0,92.0,91.0618556701031,0.240504832,0.240504832,0.83359375,0.7798807989690719,success,sgd,1.0,1000000,1e-06,0.002,0.9,0.0017536327269353,
1D-gaussian-4c-1024p,1024,1024,0.1482489640815754,1000000,0.0013787545448663,,seconds,87.86859226226807,87.78566881269217,megabytes,582.0,582.0,94.0,93.05128205128206,0.240508928,0.240508928,0.83671875,0.7802944711538465,success,sgd,1.0,1000000,1e-06,0.002,0.9,0.0013787545448663,
1D-gaussian-4c-1024p,1024,1024,0.2022769693945857,1000000,0.0016633278599046,,seconds,90.13467788696288,90.1103043910116,megabytes,582.0,582.0,92.0,89.39698492462311,0.240500736,0.240500736,0.86640625,0.7787923994974875,success,sgd,1.0,1000000,1e-06,0.002,0.9,0.0016633278599046,
1D-gaussian-4c-1024p,1024,1024,0.1994760229434722,1000000,0.0018564841212576,,seconds,91.17892479896544,91.11482154764236,megabytes,582.0,582.0,92.0,89.41975308641975,0.24055808,0.24055808,0.81640625,0.7797376543209882,success,sgd,1.0,1000000,1e-06,0.002,0.9,0.0018564841212576,
1D-gaussian-4c-1024p,1024,1024,0.3267056415797407,1000000,0.0016666850005458,,seconds,90.81664681434631,90.61375508084892,megabytes,582.0,582.0,91.0,89.05925925925926,0.240644096,0.240644096,0.82265625,0.7761053240740747,success,sgd,1.0,1000000,1e-06,0.002,0.9,0.0016666850005458,
1D-gaussian-4c-1024p,1024,1024,0.1677846560413582,1000000,0.0017064863999649,,seconds,87.2786066532135,87.27486467733979,megabytes,582.0,582.0,94.0,92.7890625,0.240549888,0.240549888,0.8234375,0.7797139485677081,success,sgd,1.0,1000000,1e-06,0.002,0.9,0.0017064863999649,
1D-gaussian-4c-1024p,1024,1024,0.1361654024699196,1000000,0.0011555975691181,,seconds,90.1178526878357,90.03687981516123,megabytes,582.0,582.0,91.0,89.71428571428571,0.238870528,0.238870528,0.81953125,0.7779117506377559,success,sgd,1.0,1000000,1e-06,0.002,0.9,0.0011555975691181,
1D-gaussian-4c-1024p,1024,1024,0.1463067885423065,1000000,0.0018762566059961,,seconds,91.28964686393738,91.29931067489088,megabytes,582.0,582.0,92.0,89.34708737864078,0.238944256,0.238944256,0.821875,0.7792494690533979,success,sgd,1.0,1000000,1e-06,0.002,0.9,0.0018762566059961,
1D-gaussian-4c-1024p,1024,1024,0.2385458071995259,1000000,0.001667746245414,,seconds,89.94739055633545,89.7673482503742,megabytes,582.0,582.0,93.0,89.98481012658227,0.23902208,0.23902208,0.83125,0.7773813291139232,success,sgd,1.0,1000000,1e-06,0.002,0.9,0.001667746245414,
1D-gaussian-4c-1024p,1024,1024,0.2687100444350448,1000000,0.0017319166476084,,seconds,91.27695775032043,91.10652064532042,megabytes,582.0,582.0,91.0,89.6848635235732,0.239013888,0.239013888,0.8265625,0.7778613523573203,success,sgd,1.0,1000000,1e-06,0.002,0.9,0.0017319166476084,
1D-gaussian-4c-1024p,1024,1024,0.4629669595775776,1000000,0.0014677271918828,,seconds,90.27152228355408,90.14641535282136,megabytes,582.0,582.0,91.0,89.62025316455696,0.238989312,0.238989312,0.8203125,0.7771914556962024,success,sgd,1.0,1000000,1e-06,0.002,0.9,0.0014677271918828,
1D-gaussian-4c-1024p,1024,1024,0.2602444148865701,1000000,0.0015448826617088,,seconds,91.1299684047699,91.11251393333076,megabytes,582.0,582.0,91.0,89.69090909090909,0.23904256,0.23904256,0.82109375,0.7800771103896101,success,sgd,1.0,1000000,1e-06,0.002,0.9,0.0015448826617088,
1D-gaussian-4c-1024p,1024,1024,0.3673336039711872,1000000,0.0016601929592852,,seconds,90.8583917617798,90.77889908477664,megabytes,582.0,582.0,90.0,88.8406862745098,0.239058944,0.239058944,0.83203125,0.7789502910539214,success,sgd,1.0,1000000,1e-06,0.002,0.9,0.0016601929592852,
1D-gaussian-4c-1024p,1024,1024,0.2668678766298264,1000000,0.0016508913838021,,seconds,91.64849305152892,91.51751537248492,megabytes,582.0,582.0,91.0,89.29512195121951,0.239087616,0.239087616,0.8234375,0.7782240853658532,success,sgd,1.0,1000000,1e-06,0.002,0.9,0.0016508913838021,
1D-gaussian-4c-1024p,1024,1024,0.090671386148124,1000000,0.0013068923651221,,seconds,87.86060833930969,87.78308877907693,megabytes,582.0,582.0,92.0,91.33072916666669,0.23908352,0.23908352,0.82578125,0.7799662272135416,success,sgd,1.0,1000000,1e-06,0.002,0.9,0.0013068923651221,
1D-gaussian-4c-1024p,1024,1024,0.1931458862464973,1000000,0.001755825081001,,seconds,87.34397292137146,87.3139905910939,megabytes,582.0,582.0,94.0,92.63612565445028,0.239136768,0.239136768,0.8203125,0.778826488874346,success,sgd,1.0,1000000,1e-06,0.002,0.9,0.001755825081001,
1D-gaussian-4c-1024p,1024,1024,0.2590236110722607,1000000,0.0017853500945687,,seconds,90.31518054008484,90.28298571147025,megabytes,582.0,582.0,91.0,89.3730964467005,0.239173632,0.239173632,0.82265625,0.7787198604060911,success,sgd,1.0,1000000,1e-06,0.002,0.9,0.0017853500945687,
1D-gaussian-4c-1024p,1024,1024,0.1611998396682194,1000000,0.001861219446487,,seconds,87.57609558105469,87.42270449362695,megabytes,582.0,582.0,94.0,92.51315789473684,0.239263744,0.239263744,0.8546875,0.7775534539473681,success,sgd,1.0,1000000,1e-06,0.002,0.9,0.001861219446487,
1D-gaussian-4c-1024p,1024,1024,0.2364395083497512,1000000,0.001947614779359,,seconds,89.40663051605225,89.24792253039777,megabytes,582.0,582.0,91.0,89.96962025316456,0.23922688,0.23922688,0.828125,0.7775296677215189,success,sgd,1.0,1000000,1e-06,0.002,0.9,0.001947614779359,
1D-gaussian-4c-1024p,1024,1024,0.1560137648627189,1000000,0.0009403466782762,,seconds,91.49891519546507,91.4860432036221,megabytes,582.0,582.0,92.0,89.28433734939759,0.239284224,0.239284224,0.82265625,0.7802786144578311,success,sgd,1.0,1000000,1e-06,0.002,0.9,0.0009403466782762,
1D-gaussian-4c-1024p,1024,1024,0.3335086626704707,1000000,0.0015304915866852,,seconds,89.04557490348816,88.95913485251367,megabytes,582.0,582.0,92.0,90.2280701754386,0.239259648,0.239259648,0.82421875,0.7783795426065154,success,sgd,1.0,1000000,1e-06,0.002,0.9,0.0015304915866852,
1D-gaussian-4c-1024p,1024,1024,0.1950084804005734,1000000,0.0015840653631958,,seconds,91.15471863746644,90.9483021274209,megabytes,582.0,582.0,92.0,89.68146214099217,0.239407104,0.239407104,0.8265625,0.7779352969973893,success,sgd,1.0,1000000,1e-06,0.002,0.9,0.0015840653631958,
1D-gaussian-4c-1024p,1024,1024,0.2218624369916935,1000000,0.0014505491330402,,seconds,90.16024112701416,89.98966681025922,megabytes,582.0,582.0,91.0,89.8025,0.23934976,0.23934976,0.82421875,0.7764589843750003,success,sgd,1.0,1000000,1e-06,0.002,0.9,0.0014505491330402,
1D-gaussian-4c-1024p,1024,1024,0.2445243224141862,1000000,0.0015826607983737,,seconds,91.6576647758484,91.43669209443031,megabytes,582.0,582.0,91.0,89.08823529411765,0.239460352,0.239460352,0.83125,0.7779488357843135,success,sgd,1.0,1000000,1e-06,0.002,0.9,0.0015826607983737,
1D-gaussian-4c-1024p,1024,1024,0.1801509674956199,1000000,0.0017706404841522,,seconds,89.92475295066833,89.74554123915732,megabytes,582.0,582.0,92.0,89.52295918367346,0.239439872,0.239439872,0.82265625,0.7790198501275504,success,sgd,1.0,1000000,1e-06,0.002,0.9,0.0017706404841522,
1D-gaussian-4c-1024p,1024,1024,0.2070498964070904,1000000,0.0015952762403214,,seconds,91.10958313941956,91.08653209172188,megabytes,582.0,582.0,93.0,89.63092269326684,0.241168384,0.241168384,0.8234375,0.7804531639650871,success,sgd,1.0,1000000,1e-06,0.002,0.9,0.0015952762403214,
1D-gaussian-4c-1024p,1024,1024,0.2343866063139965,1000000,0.0014934146526146,,seconds,90.29259705543518,90.155007366091,megabytes,582.0,582.0,91.0,89.48743718592965,0.241147904,0.241147904,0.840625,0.7775891174623114,success,sgd,1.0,1000000,1e-06,0.002,0.9,0.0014934146526146,
1D-gaussian-4c-1024p,1024,1024,0.2505760063509251,1000000,0.0019957981973654,,seconds,91.37414479255676,91.38592467457056,megabytes,582.0,582.0,92.0,89.38271604938272,0.241180672,0.241180672,0.825,0.7784432870370374,success,sgd,1.0,1000000,1e-06,0.002,0.9,0.0019957981973654,
1D-gaussian-4c-1024p,1024,1024,0.4512321761340601,1000000,0.0015612330452756,,seconds,89.77770829200745,89.76169544272125,megabytes,582.0,582.0,92.0,89.56521739130434,0.241205248,0.241205248,0.81953125,0.7798853101023023,success,sgd,1.0,1000000,1e-06,0.002,0.9,0.0015612330452756,
1D-gaussian-4c-1024p,1024,1024,0.2102373774730032,1000000,0.0017577610965537,,seconds,87.26164674758911,87.20040447637439,megabytes,582.0,582.0,94.0,93.01790281329924,0.24117248,0.24117248,0.83515625,0.7782988331202046,success,sgd,1.0,1000000,1e-06,0.002,0.9,0.0017577610965537,
1D-gaussian-4c-1024p,1024,1024,0.2751480980044328,1000000,0.001488308165836,,seconds,90.07103538513184,90.04019612632692,megabytes,582.0,582.0,93.0,89.33250620347394,0.241205248,0.241205248,0.8265625,0.7799395161290319,success,sgd,1.0,1000000,1e-06,0.002,0.9,0.001488308165836,
1D-gaussian-4c-2048p,2048,2048,0.2175342244117264,1000000,0.0133816339696638,,seconds,187.78008794784543,187.69655843637884,megabytes,678.0,678.0,96.0,94.8809218950064,0.242733056,0.242733056,0.83828125,0.7796324823943666,success,sgd,1.0,1000000,1e-06,0.002,0.9,0.0133816339696638,
1D-gaussian-4c-2048p,2048,2048,0.0807788077405244,1000000,0.0192339676776762,,seconds,187.2327151298523,187.08385740220547,megabytes,678.0,678.0,96.0,95.6754716981132,0.243798016,0.243798016,0.82734375,0.7792000786163519,success,sgd,1.0,1000000,1e-06,0.002,0.9,0.0192339676776762,
1D-gaussian-4c-2048p,2048,2048,0.1137333129499756,1000000,0.0173830890074661,,seconds,186.38333439826965,186.23234339617196,megabytes,678.0,678.0,96.0,95.92957746478874,0.243851264,0.243851264,0.82265625,0.7789312580025598,success,sgd,1.0,1000000,1e-06,0.002,0.9,0.0173830890074661,
1D-gaussian-4c-2048p,2048,2048,0.0628130065318207,1000000,0.0176025766906404,,seconds,186.98868870735168,186.80678354762492,megabytes,678.0,678.0,96.0,95.86649874055416,0.243884032,0.243884032,0.83671875,0.7791030384130972,success,sgd,1.0,1000000,1e-06,0.002,0.9,0.0176025766906404,
1D-gaussian-4c-2048p,2048,2048,0.2654392876948817,1000000,0.0174499600849787,,seconds,186.03246641159055,185.9977966062725,megabytes,678.0,678.0,96.0,95.87795765877958,0.24385536,0.24385536,0.821875,0.7787836628268987,success,sgd,1.0,1000000,1e-06,0.002,0.9,0.0174499600849787,
1D-gaussian-4c-2048p,2048,2048,0.0695565450717052,1000000,0.0192422241919154,,seconds,186.3923535346985,186.21478917077184,megabytes,678.0,678.0,96.0,95.9629171817058,0.243908608,0.243908608,0.8296875,0.7802379480840546,success,sgd,1.0,1000000,1e-06,0.002,0.9,0.0192422241919154,
1D-gaussian-4c-2048p,2048,2048,0.0733433989730659,1000000,0.0153410270092283,,seconds,186.2828683853149,186.2146544829011,megabytes,678.0,678.0,96.0,95.93962264150944,0.243900416,0.243900416,0.84453125,0.778932783018868,success,sgd,1.0,1000000,1e-06,0.002,0.9,0.0153410270092283,
1D-gaussian-4c-2048p,2048,2048,0.0587812738243387,1000000,0.0172575393772829,,seconds,186.80606031417847,186.80971694737676,megabytes,678.0,678.0,96.0,95.81282051282052,0.241369088,0.241369088,0.82734375,0.7804617387820513,success,sgd,1.0,1000000,1e-06,0.002,0.9,0.0172575393772829,
1D-gaussian-4c-2048p,2048,2048,0.1597012252634148,1000000,0.0199224217440385,,seconds,186.63655829429624,186.45044875331223,megabytes,678.0,678.0,96.0,95.5125495376486,0.241414144,0.241414144,0.825,0.7788887054161162,success,sgd,1.0,1000000,1e-06,0.002,0.9,0.0199224217440385,
1D-gaussian-4c-2048p,2048,2048,0.0734273035287292,1000000,0.0241341127919825,,seconds,187.01834678649905,187.01377078518271,megabytes,678.0,678.0,96.0,95.43484042553192,0.241393664,0.241393664,0.81796875,0.7798111286569147,success,sgd,1.0,1000000,1e-06,0.002,0.9,0.0241341127919825,
1D-gaussian-4c-2048p,2048,2048,0.3831662192512721,1000000,0.0194746449568634,,seconds,185.98179078102112,185.92543586343527,megabytes,680.0,680.0,96.0,95.83167082294264,0.24143872,0.24143872,0.8453125,0.7795930096633409,success,sgd,1.0,1000000,1e-06,0.002,0.9,0.0194746449568634,
1D-gaussian-4c-2048p,2048,2048,0.0797387422356106,1000000,0.0187322633268279,,seconds,186.63971734046936,186.58937375806272,megabytes,680.0,680.0,96.0,95.77664974619287,0.24143872,0.24143872,0.8203125,0.7802645145939096,success,sgd,1.0,1000000,1e-06,0.002,0.9,0.0187322633268279,
1D-gaussian-4c-2048p,2048,2048,0.271059258975755,1000000,0.0132547093318294,,seconds,185.85396456718445,185.7562428601086,megabytes,680.0,680.0,96.0,95.88931297709924,0.241471488,0.241471488,0.8171875,0.7783068940839696,success,sgd,1.0,1000000,1e-06,0.002,0.9,0.0132547093318294,
1D-gaussian-4c-2048p,2048,2048,0.1466107296836412,1000000,0.0210070543899182,,seconds,186.5330939292908,186.47362809628248,megabytes,680.0,680.0,96.0,95.93527918781726,0.241504256,0.241504256,0.84375,0.779848112309645,success,sgd,1.0,1000000,1e-06,0.002,0.9,0.0210070543899182,
1D-gaussian-4c-2048p,2048,2048,0.0538229605858101,1000000,0.0166275009964732,,seconds,186.06862354278564,185.89348707161844,megabytes,680.0,680.0,96.0,95.79513444302177,0.241598464,0.241598464,0.84375,0.7783320662612048,success,sgd,1.0,1000000,1e-06,0.002,0.9,0.0166275009964732,
1D-gaussian-4c-2048p,2048,2048,0.1167184356274919,1000000,0.0154103464261484,,seconds,186.72315168380737,186.7127817366272,megabytes,680.0,680.0,96.0,95.88308457711445,0.241537024,0.241537024,0.846875,0.7792560634328362,success,sgd,1.0,1000000,1e-06,0.002,0.9,0.0154103464261484,
1D-gaussian-4c-2048p,2048,2048,0.149300245338285,1000000,0.018837868611706,,seconds,186.0374095439911,185.8618918787688,megabytes,680.0,680.0,96.0,95.9025,0.24158208,0.24158208,0.821875,0.7784199218750001,success,sgd,1.0,1000000,1e-06,0.002,0.9,0.018837868611706,
1D-gaussian-4c-2048p,2048,2048,0.055612750042123,1000000,0.0228353368099857,,seconds,186.80323243141171,186.62822391092777,megabytes,680.0,680.0,96.0,95.91792929292929,0.241655808,0.241655808,0.81953125,0.7786270912247482,success,sgd,1.0,1000000,1e-06,0.002,0.9,0.0228353368099857,
1D-gaussian-4c-2048p,2048,2048,0.1713296596532091,1000000,0.0170710606274011,,seconds,185.92374110221863,185.7584989350289,megabytes,680.0,680.0,96.0,95.90063694267516,0.241639424,0.241639424,0.82421875,0.7788196656050955,success,sgd,1.0,1000000,1e-06,0.002,0.9,0.0170710606274011,
1D-gaussian-4c-2048p,2048,2048,0.0935778933508747,1000000,0.0192910759813547,,seconds,186.3582479953766,186.32397599704564,megabytes,680.0,680.0,96.0,95.86142322097378,0.241680384,0.241680384,0.84140625,0.7785102606117348,success,sgd,1.0,1000000,1e-06,0.002,0.9,0.0192910759813547,
1D-gaussian-4c-2048p,2048,2048,0.3073205338279069,1000000,0.0113295059142595,,seconds,185.77499675750727,185.69700881280005,megabytes,680.0,680.0,96.0,95.88242730720609,0.241717248,0.241717248,0.83046875,0.7799897281921624,success,sgd,1.0,1000000,1e-06,0.002,0.9,0.0113295059142595,
1D-gaussian-4c-2048p,2048,2048,0.1343264040759961,1000000,0.0214703004046701,,seconds,186.6724832057953,186.519032292068,megabytes,680.0,680.0,96.0,95.83908045977012,0.240009216,0.240009216,0.84921875,0.7784821998722858,success,sgd,1.0,1000000,1e-06,0.002,0.9,0.0214703004046701,
1D-gaussian-4c-2048p,2048,2048,0.1599892144586176,1000000,0.01435570762563,,seconds,185.6778254508972,185.66321345046163,megabytes,680.0,680.0,96.0,95.938195302843,0.240074752,0.240074752,0.8421875,0.779817869283065,success,sgd,1.0,1000000,1e-06,0.002,0.9,0.01435570762563,
1D-gaussian-4c-2048p,2048,2048,0.1554564728723351,1000000,0.0139847317051903,,seconds,186.6748373508453,186.6337379347533,megabytes,680.0,680.0,96.0,95.84422110552764,0.240074752,0.240074752,0.8203125,0.7794921875000004,success,sgd,1.0,1000000,1e-06,0.002,0.9,0.0139847317051903,
1D-gaussian-4c-2048p,2048,2048,0.0707913872515752,1000000,0.0183988170752503,,seconds,185.52561378479004,185.42225807346404,megabytes,680.0,680.0,96.0,95.92934131736529,0.240074752,0.240074752,0.83828125,0.7789792290419157,success,sgd,1.0,1000000,1e-06,0.002,0.9,0.0183988170752503,
1D-gaussian-4c-2048p,2048,2048,0.1226524285879472,1000000,0.0166121456500986,,seconds,186.39999079704285,186.3414203748107,megabytes,680.0,680.0,96.0,95.90139064475348,0.241795072,0.241795072,0.8203125,0.7797704646017697,success,sgd,1.0,1000000,1e-06,0.002,0.9,0.0166121456500986,
1D-gaussian-4c-2048p,2048,2048,0.1522258590640112,1000000,0.0169255823889269,,seconds,185.8667829036713,185.6914445012808,megabytes,680.0,680.0,96.0,95.88383838383838,0.241852416,0.241852416,0.8234375,0.7771800031565659,success,sgd,1.0,1000000,1e-06,0.002,0.9,0.0169255823889269,
1D-gaussian-4c-2048p,2048,2048,0.2056875717571794,1000000,0.0198469001177829,,seconds,186.3897795677185,186.2572014145553,megabytes,680.0,680.0,96.0,95.77341772151898,0.241840128,0.241840128,0.82109375,0.779311708860759,success,sgd,1.0,1000000,1e-06,0.002,0.9,0.0198469001177829,
1D-gaussian-4c-2048p,2048,2048,0.4500860732630019,1000000,0.0156981078742688,,seconds,185.79040145874023,185.55719061009583,megabytes,680.0,680.0,96.0,95.83964646464646,0.240214016,0.240214016,0.83984375,0.7786714804292935,success,sgd,1.0,1000000,1e-06,0.002,0.9,0.0156981078742688,
1D-gaussian-4c-2048p,2048,2048,0.1644855647755665,1000000,0.0184209466707441,,seconds,186.62923097610476,186.45825886912644,megabytes,680.0,680.0,96.0,95.8706786171575,0.240173056,0.240173056,0.8296875,0.7797455185659404,success,sgd,1.0,1000000,1e-06,0.002,0.9,0.0184209466707441,
1D-gaussian-4c-2048p,2048,2048,0.236167700488285,1000000,0.0122842520777235,,seconds,185.98976063728333,185.853236367926,megabytes,680.0,680.0,96.0,95.9280303030303,0.240181248,0.240181248,0.8203125,0.7784258601641408,success,sgd,1.0,1000000,1e-06,0.002,0.9,0.0122842520777235,
1D-gaussian-6c-32p,32,32,0.2436541444320409,1000000,0.0001343952005506,,seconds,40.51416897773743,40.47571576014161,megabytes,550.0,550.0,79.0,76.67597765363128,0.239837184,0.239837184,0.82109375,0.778565817039106,success,sgd,1.0,1000000,1e-06,0.002,0.9,0.0001343952005506,
1D-gaussian-6c-32p,32,32,0.2035396753532923,1000000,0.0001257542194246,,seconds,40.96706247329712,40.970979837700725,megabytes,550.0,550.0,80.0,76.11538461538461,0.239906816,0.239906816,0.82734375,0.7804301167582418,success,sgd,1.0,1000000,1e-06,0.002,0.9,0.0001257542194246,
1D-gaussian-6c-32p,32,32,0.1922285292542878,1000000,0.0001676792003171,,seconds,40.83466172218323,40.79864275828004,megabytes,550.0,550.0,79.0,76.49726775956285,0.239874048,0.239874048,0.81875,0.7781804986338801,success,sgd,1.0,1000000,1e-06,0.002,0.9,0.0001676792003171,
1D-gaussian-6c-32p,32,32,0.1649336048545469,1000000,0.0001633933396909,,seconds,41.71901345252991,41.53475716896355,megabytes,550.0,550.0,80.0,75.03225806451613,0.239992832,0.239992832,0.8234375,0.7769111223118282,success,sgd,1.0,1000000,1e-06,0.002,0.9,0.0001633933396909,
1D-gaussian-6c-32p,32,32,0.1061471115842651,1000000,0.0001798056086532,,seconds,41.24715757369995,41.04384179972112,megabytes,550.0,550.0,83.0,75.75,0.239980544,0.239980544,0.81953125,0.7758726728723402,success,sgd,1.0,1000000,1e-06,0.002,0.9,0.0001798056086532,
1D-gaussian-6c-32p,32,32,0.1884556166923689,1000000,0.0001373458271585,,seconds,41.87623882293701,41.74038686789572,megabytes,550.0,550.0,78.0,74.55614973262033,0.23998464,0.23998464,0.8203125,0.7794034090909093,success,sgd,1.0,1000000,1e-06,0.002,0.9,0.0001373458271585,
1D-gaussian-6c-32p,32,32,0.1570855460867961,1000000,0.0001515259102785,,seconds,40.12591648101807,39.983876118436456,megabytes,550.0,550.0,80.0,77.36312849162012,0.239960064,0.239960064,0.83671875,0.7767545391061459,success,sgd,1.0,1000000,1e-06,0.002,0.9,0.0001515259102785,
1D-gaussian-6c-32p,32,32,0.2135287238915633,1000000,0.0001093729473371,,seconds,40.10711908340454,39.9229828119278,megabytes,550.0,550.0,83.0,77.60795454545455,0.2400256,0.2400256,0.81796875,0.7738325639204544,success,sgd,1.0,1000000,1e-06,0.002,0.9,0.0001093729473371,
1D-gaussian-6c-32p,32,32,0.1466066445146798,1000000,0.0001407901182338,,seconds,40.51763868331909,40.33065984770656,megabytes,550.0,550.0,81.0,76.92307692307692,0.240050176,0.240050176,0.83671875,0.7771892170329665,success,sgd,1.0,1000000,1e-06,0.002,0.9,0.0001407901182338,
1D-gaussian-6c-32p,32,32,0.1493062145830095,1000000,0.0001585723490983,,seconds,40.74733901023865,40.58780633099377,megabytes,550.0,550.0,80.0,76.15706806282722,0.24006656,0.24006656,0.82265625,0.7754949280104712,success,sgd,1.0,1000000,1e-06,0.002,0.9,0.0001585723490983,
1D-gaussian-6c-32p,32,32,0.1561437539093755,1000000,0.000155096380738,,seconds,40.77985715866089,40.644117491319776,megabytes,550.0,550.0,81.0,76.19251336898395,0.240123904,0.240123904,0.82265625,0.7764998328877003,success,sgd,1.0,1000000,1e-06,0.002,0.9,0.000155096380738,
1D-gaussian-6c-32p,32,32,0.200174111635076,1000000,0.0001382421531697,,seconds,40.67073726654053,40.50034385547042,megabytes,550.0,550.0,80.0,76.85875706214689,0.240132096,0.240132096,0.8125,0.7760107697740116,success,sgd,1.0,1000000,1e-06,0.002,0.9,0.0001382421531697,
1D-gaussian-6c-32p,32,32,0.2225208406634366,1000000,0.0001204931667322,,seconds,40.44099426269531,40.44005084224045,megabytes,550.0,550.0,79.0,76.83428571428571,0.240123904,0.240123904,0.821875,0.7789375000000001,success,sgd,1.0,1000000,1e-06,0.002,0.9,0.0001204931667322,
1D-gaussian-6c-32p,32,32,0.2088603586414096,1000000,0.0001309448787334,,seconds,39.97558331489563,39.95110770501197,megabytes,550.0,550.0,83.0,77.5945945945946,0.240181248,0.240181248,0.82265625,0.7788682432432433,success,sgd,1.0,1000000,1e-06,0.002,0.9,0.0001309448787334,
1D-gaussian-6c-32p,32,32,0.1208638557267482,1000000,0.0001715269335226,,seconds,41.67747688293457,41.62786480598152,megabytes,550.0,550.0,78.0,74.80874316939891,0.240201728,0.240201728,0.8203125,0.7800418374316939,success,sgd,1.0,1000000,1e-06,0.002,0.9,0.0001715269335226,
1D-gaussian-6c-32p,32,32,0.1890300532844369,1000000,0.0001423256366726,,seconds,41.38957905769348,41.323978984728456,megabytes,550.0,550.0,79.0,75.47802197802197,0.240214016,0.240214016,0.8265625,0.7790350274725274,success,sgd,1.0,1000000,1e-06,0.002,0.9,0.0001423256366726,
1D-gaussian-6c-32p,32,32,0.2291962377539655,1000000,9.780481866587226e-05,,seconds,39.72469472885132,39.66060045920312,megabytes,550.0,550.0,80.0,77.78142076502732,0.241164288,0.241164288,0.82578125,0.7791880122950819,success,sgd,1.0,1000000,1e-06,0.002,0.9,9.780481866587226e-05,
1D-gaussian-6c-32p,32,32,0.1488344291772141,1000000,0.0001598777081647,,seconds,40.34599113464356,40.17510805092752,megabytes,550.0,550.0,80.0,76.85326086956522,0.240287744,0.240287744,0.81796875,0.7761506453804347,success,sgd,1.0,1000000,1e-06,0.002,0.9,0.0001598777081647,
1D-gaussian-6c-32p,32,32,0.1984662784764097,1000000,0.0001304902802754,,seconds,40.06891059875488,39.98418990150094,megabytes,550.0,550.0,80.0,77.3314606741573,0.240287744,0.240287744,0.82265625,0.7785726825842697,success,sgd,1.0,1000000,1e-06,0.002,0.9,0.0001304902802754,
1D-gaussian-6c-32p,32,32,0.2137656763957502,1000000,0.0001280307720286,,seconds,41.10746145248413,41.044020373374224,megabytes,550.0,550.0,79.0,75.94972067039106,0.240279552,0.240279552,0.81640625,0.7783694134078214,success,sgd,1.0,1000000,1e-06,0.002,0.9,0.0001280307720286,
1D-gaussian-6c-32p,32,32,0.2467415537990927,1000000,0.0001108729226394,,seconds,39.86223673820496,39.775278421118855,megabytes,550.0,550.0,80.0,77.96571428571428,0.240324608,0.240324608,0.81484375,0.778589285714286,success,sgd,1.0,1000000,1e-06,0.002,0.9,0.0001108729226394,
1D-gaussian-6c-32p,32,32,0.2432982148388383,1000000,0.0001326152190161,,seconds,41.54276466369629,41.36880826950073,megabytes,550.0,550.0,79.0,75.17708333333333,0.240390144,0.240390144,0.82109375,0.7766642252604159,success,sgd,1.0,1000000,1e-06,0.002,0.9,0.0001326152190161,
1D-gaussian-6c-32p,32,32,0.2403039216960787,1000000,0.0001680424743481,,seconds,41.04862236976624,40.88328352570534,megabytes,550.0,550.0,79.0,76.02577319587628,0.240422912,0.240422912,0.81953125,0.7747825386597937,success,sgd,1.0,1000000,1e-06,0.002,0.9,0.0001680424743481,
1D-gaussian-6c-32p,32,32,0.1883081661832096,1000000,0.0001331999759003,,seconds,40.49912023544312,40.446986217051744,megabytes,550.0,550.0,80.0,76.4475138121547,0.240386048,0.240386048,0.86015625,0.7799335290055243,success,sgd,1.0,1000000,1e-06,0.002,0.9,0.0001331999759003,
1D-gaussian-6c-32p,32,32,0.2393950176565926,1000000,0.0001528397550629,,seconds,40.22726607322693,40.17588858492672,megabytes,550.0,550.0,80.0,76.96571428571428,0.240410624,0.240410624,0.8359375,0.7798482142857145,success,sgd,1.0,1000000,1e-06,0.002,0.9,0.0001528397550629,
1D-gaussian-6c-32p,32,32,0.1491033695587877,1000000,0.0001623412116359,,seconds,42.0055239200592,41.82398132048547,megabytes,550.0,550.0,78.0,74.49479166666667,0.24147968,0.24147968,0.8140625,0.7763916015625005,success,sgd,1.0,1000000,1e-06,0.002,0.9,0.0001623412116359,
1D-gaussian-6c-32p,32,32,0.1809543904860344,1000000,0.0001300572822957,,seconds,40.41539597511292,40.38835524208844,megabytes,550.0,550.0,80.0,77.04494382022472,0.240467968,0.240467968,0.8359375,0.777567591292135,success,sgd,1.0,1000000,1e-06,0.002,0.9,0.0001300572822957,
1D-gaussian-6c-32p,32,32,0.1971974542635525,1000000,0.0001514973557197,,seconds,41.34117269515991,41.18196153640747,megabytes,550.0,550.0,79.0,75.62087912087912,0.240521216,0.240521216,0.82265625,0.7747982486263734,success,sgd,1.0,1000000,1e-06,0.002,0.9,0.0001514973557197,
1D-gaussian-6c-32p,32,32,0.2110088078288394,1000000,0.0001152711143977,,seconds,40.961609840393066,40.78066427633166,megabytes,550.0,550.0,83.0,76.16201117318435,0.240566272,0.240566272,0.81484375,0.7760998603351958,success,sgd,1.0,1000000,1e-06,0.002,0.9,0.0001152711143977,
1D-gaussian-6c-32p,32,32,0.2516717319534384,1000000,0.0001668459019414,,seconds,41.3416633605957,41.180478228256106,megabytes,550.0,550.0,84.0,75.56521739130434,0.24064,0.24064,0.81640625,0.7767832880434781,success,sgd,1.0,1000000,1e-06,0.002,0.9,0.0001668459019414,
1D-gaussian-6c-32p,32,32,0.2449894576007628,1000000,0.0001012681077082,,seconds,40.740978479385376,40.56517418846488,megabytes,550.0,550.0,79.0,76.37988826815642,0.242331648,0.242331648,0.82109375,0.775541201117318,success,sgd,1.0,1000000,1e-06,0.002,0.9,0.0001012681077082,
1D-gaussian-6c-64p,64,64,0.2439280881860347,1000000,0.0001967670445417,,seconds,43.74477791786194,43.67802298441529,megabytes,550.0,550.0,82.0,80.77777777777777,0.24240128,0.24240128,0.82265625,0.7783812830687835,success,sgd,1.0,1000000,1e-06,0.002,0.9,0.0001967670445417,
1D-gaussian-6c-64p,64,64,0.2038589055790458,1000000,0.0001853253178257,,seconds,43.547329902648926,43.43835345283151,megabytes,550.0,550.0,82.0,81.15075376884423,0.24244224,0.24244224,0.82265625,0.77631516959799,success,sgd,1.0,1000000,1e-06,0.002,0.9,0.0001853253178257,
1D-gaussian-6c-64p,64,64,0.1926838840598306,1000000,0.0002419211712869,,seconds,43.707024574279785,43.650806084275246,megabytes,550.0,550.0,83.0,81.54591836734694,0.242495488,0.242495488,0.821875,0.7797552614795918,success,sgd,1.0,1000000,1e-06,0.002,0.9,0.0002419211712869,
1D-gaussian-6c-64p,64,64,0.1654776220899927,1000000,0.000235241762401,,seconds,43.67574858665466,43.601415330544114,megabytes,550.0,550.0,83.0,81.73469387755102,0.242495488,0.242495488,0.84375,0.7807836415816326,success,sgd,1.0,1000000,1e-06,0.002,0.9,0.000235241762401,
1D-gaussian-6c-64p,64,64,0.1069003243321981,1000000,0.0002577263528991,,seconds,43.506696701049805,43.379325088113546,megabytes,550.0,550.0,82.0,81.07462686567165,0.242511872,0.242511872,0.8234375,0.7769006529850746,success,sgd,1.0,1000000,1e-06,0.002,0.9,0.0002577263528991,
1D-gaussian-6c-64p,64,64,0.1887620363401776,1000000,0.0001997527868664,,seconds,43.57352328300476,43.52606425434351,megabytes,550.0,550.0,83.0,81.87244897959184,0.242515968,0.242515968,0.81796875,0.777925701530612,success,sgd,1.0,1000000,1e-06,0.002,0.9,0.0001997527868664,
1D-gaussian-6c-64p,64,64,0.1575618897428589,1000000,0.0002182910152777,,seconds,43.71042609214783,43.55919178016484,megabytes,550.0,550.0,83.0,81.785,0.242548736,0.242548736,0.82109375,0.77684375,success,sgd,1.0,1000000,1e-06,0.002,0.9,0.0002182910152777,
1D-gaussian-6c-64p,64,64,0.2137905651902235,1000000,0.000162439623902,,seconds,43.69280481338501,43.695947563275695,megabytes,550.0,550.0,82.0,80.77083333333333,0.242577408,0.242577408,0.83125,0.7790568033854166,success,sgd,1.0,1000000,1e-06,0.002,0.9,0.000162439623902,
1D-gaussian-6c-64p,64,64,0.1470923881023361,1000000,0.0002042324912704,,seconds,43.806708097457886,43.61861004680395,megabytes,550.0,550.0,82.0,80.77777777777777,0.24262656,0.24262656,0.81796875,0.7739859532828285,success,sgd,1.0,1000000,1e-06,0.002,0.9,0.0002042324912704,
1D-gaussian-6c-64p,64,64,0.1499545036074733,1000000,0.0002281155929764,,seconds,43.90472221374512,43.78716154396534,megabytes,550.0,550.0,82.0,80.53684210526316,0.242634752,0.242634752,0.82421875,0.777919407894737,success,sgd,1.0,1000000,1e-06,0.002,0.9,0.0002281155929764,
1D-gaussian-6c-64p,64,64,0.1566204917455779,1000000,0.0002226312631561,,seconds,43.66366147994995,43.56267623603344,megabytes,550.0,550.0,83.0,81.86666666666666,0.241893376,0.241893376,0.81796875,0.7773157051282049,success,sgd,1.0,1000000,1e-06,0.002,0.9,0.0002226312631561,
1D-gaussian-6c-64p,64,64,0.200553464310682,1000000,0.000201296943371,,seconds,43.52290105819702,43.51936502754688,megabytes,550.0,550.0,83.0,81.85427135678393,0.242696192,0.242696192,0.81640625,0.7787138819095474,success,sgd,1.0,1000000,1e-06,0.002,0.9,0.000201296943371,
1D-gaussian-6c-64p,64,64,0.2228119930460373,1000000,0.0001760270817752,,seconds,43.68402910232544,43.6362569052726,megabytes,550.0,550.0,83.0,81.63959390862944,0.242716672,0.242716672,0.82578125,0.7782241434010146,success,sgd,1.0,1000000,1e-06,0.002,0.9,0.0001760270817752,
1D-gaussian-6c-64p,64,64,0.2092061922975145,1000000,0.0001900744711111,,seconds,43.98072028160095,43.78317013941705,megabytes,550.0,550.0,82.0,80.31746031746032,0.242786304,0.242786304,0.82421875,0.7747685185185187,success,sgd,1.0,1000000,1e-06,0.002,0.9,0.0001900744711111,
1D-gaussian-6c-64p,64,64,0.121470145474024,1000000,0.0002440504291666,,seconds,43.63018012046814,43.43029381893575,megabytes,550.0,550.0,82.0,81.06435643564356,0.242757632,0.242757632,0.81875,0.777107827970297,success,sgd,1.0,1000000,1e-06,0.002,0.9,0.0002440504291666,
1D-gaussian-6c-64p,64,64,0.1893905330389395,1000000,0.0002055475341013,,seconds,43.593754529953,43.43234888836741,megabytes,550.0,550.0,82.0,81.11616161616162,0.242798592,0.242798592,0.82109375,0.7766216856060604,success,sgd,1.0,1000000,1e-06,0.002,0.9,0.0002055475341013,
1D-gaussian-6c-64p,64,64,0.229433816769934,1000000,0.0001460533463803,,seconds,43.96008086204529,43.90465332195163,megabytes,550.0,550.0,83.0,80.91623036649214,0.241115136,0.241115136,0.81796875,0.7776668848167542,success,sgd,1.0,1000000,1e-06,0.002,0.9,0.0001460533463803,
1D-gaussian-6c-64p,64,64,0.1493619867917766,1000000,0.0002300521168558,,seconds,43.50718688964844,43.57873635180295,megabytes,550.0,550.0,83.0,81.57360406091371,0.24285184,0.24285184,0.82578125,0.779524904822335,success,sgd,1.0,1000000,1e-06,0.002,0.9,0.0002300521168558,
1D-gaussian-6c-64p,64,64,0.1988277811414004,1000000,0.0001913851570971,,seconds,43.53081464767456,43.51094799675048,megabytes,550.0,550.0,83.0,81.69651741293532,0.242106368,0.242106368,0.825,0.7788090796019896,success,sgd,1.0,1000000,1e-06,0.002,0.9,0.0001913851570971,
1D-gaussian-6c-64p,64,64,0.2141251827319373,1000000,0.0001885737468465,,seconds,43.68207406997681,43.6265514716506,megabytes,550.0,550.0,83.0,81.52261306532664,0.24285184,0.24285184,0.83125,0.7793106155778894,success,sgd,1.0,1000000,1e-06,0.002,0.9,0.0001885737468465,
1D-gaussian-6c-64p,64,64,0.2470015773247585,1000000,0.0001633171516485,,seconds,43.53311252593994,43.35149428807199,megabytes,550.0,550.0,83.0,82.06467661691542,0.241246208,0.241246208,0.8203125,0.7764964241293535,success,sgd,1.0,1000000,1e-06,0.002,0.9,0.0001633171516485,
1D-gaussian-6c-64p,64,64,0.2435711308858986,1000000,0.0001936905905051,,seconds,43.59659910202026,43.44712130539119,megabytes,550.0,550.0,82.0,81.07070707070707,0.242917376,0.242917376,0.82109375,0.7772332702020204,success,sgd,1.0,1000000,1e-06,0.002,0.9,0.0001936905905051,
1D-gaussian-6c-64p,64,64,0.2406434611891192,1000000,0.0002410260205399,,seconds,43.66840147972107,43.5701467115432,megabytes,550.0,550.0,83.0,81.59693877551021,0.242167808,0.242167808,0.8234375,0.778312340561225,success,sgd,1.0,1000000,1e-06,0.002,0.9,0.0002410260205399,
1D-gaussian-6c-64p,64,64,0.1886415399035856,1000000,0.000192408426749,,seconds,43.52071642875672,43.48606167174876,megabytes,550.0,550.0,82.0,81.13366336633663,0.243023872,0.243023872,0.85078125,0.7809754022277224,success,sgd,1.0,1000000,1e-06,0.002,0.9,0.000192408426749,
1D-gaussian-6c-64p,64,64,0.2397097918559733,1000000,0.0002196378413605,,seconds,44.01519560813904,43.8089278396219,megabytes,550.0,550.0,83.0,81.39267015706807,0.243060736,0.243060736,0.8171875,0.7744109947643977,success,sgd,1.0,1000000,1e-06,0.002,0.9,0.0002196378413605,
1D-gaussian-6c-64p,64,64,0.1496151803713739,1000000,0.0002330593931652,,seconds,43.93148684501648,43.81464638747275,megabytes,550.0,550.0,83.0,81.28865979381443,0.241311744,0.241311744,0.82734375,0.7763329574742271,success,sgd,1.0,1000000,1e-06,0.002,0.9,0.0002330593931652,
1D-gaussian-6c-64p,64,64,0.1813264482724386,1000000,0.0001891698017054,,seconds,43.968759059906006,43.86903284676373,megabytes,550.0,550.0,83.0,81.07486631016043,0.242262016,0.242262016,0.8203125,0.7766544117647054,success,sgd,1.0,1000000,1e-06,0.002,0.9,0.0001891698017054,
1D-gaussian-6c-64p,64,64,0.1975627237858547,1000000,0.0002170786027469,,seconds,43.86070537567139,43.764205027371645,megabytes,550.0,550.0,83.0,80.99479166666667,0.24223744,0.24223744,0.82890625,0.7786458333333334,success,sgd,1.0,1000000,1e-06,0.002,0.9,0.0002170786027469,
1D-gaussian-6c-64p,64,64,0.2113007986138706,1000000,0.0001698084694413,,seconds,43.54534888267517,43.523039603605866,megabytes,550.0,550.0,83.0,82.02,0.243167232,0.243167232,0.82421875,0.7801640624999997,success,sgd,1.0,1000000,1e-06,0.002,0.9,0.0001698084694413,
1D-gaussian-6c-64p,64,64,0.2521225451418371,1000000,0.0002391823822607,,seconds,43.71207904815674,43.67744965106249,megabytes,550.0,550.0,83.0,81.34536082474227,0.243126272,0.243126272,0.81796875,0.7786283827319583,success,sgd,1.0,1000000,1e-06,0.002,0.9,0.0002391823822607,
1D-gaussian-6c-64p,64,64,0.2452063686802154,1000000,0.0001518930307746,,seconds,43.924933195114136,43.7450608368963,megabytes,550.0,550.0,83.0,81.09326424870466,0.241537024,0.241537024,0.82421875,0.7761010362694302,success,sgd,1.0,1000000,1e-06,0.002,0.9,0.0001518930307746,
1D-gaussian-6c-128p,128,128,0.2445062640042216,1000000,0.0002865739796757,,seconds,50.31766176223755,50.14839078299701,megabytes,550.0,550.0,82.0,79.44978165938865,0.24326144,0.24326144,0.82265625,0.7777940775109172,success,sgd,1.0,1000000,1e-06,0.002,0.9,0.0002865739796757,
1D-gaussian-6c-128p,128,128,0.2045265355449103,1000000,0.0002713634863482,,seconds,49.46713900566101,49.46561140194535,megabytes,550.0,550.0,85.0,80.63084112149532,0.242446336,0.242446336,0.81875,0.7815530081775702,success,sgd,1.0,1000000,1e-06,0.002,0.9,0.0002713634863482,
1D-gaussian-6c-128p,128,128,0.1936104950038534,1000000,0.0003481651107736,,seconds,50.26412606239319,50.1019808743149,megabytes,550.0,550.0,82.0,79.01345291479821,0.243318784,0.243318784,0.82578125,0.7782125840807169,success,sgd,1.0,1000000,1e-06,0.002,0.9,0.0003481651107736,
1D-gaussian-6c-128p,128,128,0.1665756511378498,1000000,0.0003367722189254,,seconds,49.77390217781067,49.65743016824126,megabytes,550.0,550.0,87.0,80.1559633027523,0.241569792,0.241569792,0.8234375,0.7749068233944955,success,sgd,1.0,1000000,1e-06,0.002,0.9,0.0003367722189254,
1D-gaussian-6c-128p,128,128,0.1084056078972028,1000000,0.0003675915703837,,seconds,49.97202301025391,49.93772856146097,megabytes,550.0,550.0,82.0,79.35398230088495,0.241639424,0.241639424,0.8171875,0.7772988108407086,success,sgd,1.0,1000000,1e-06,0.002,0.9,0.0003675915703837,
1D-gaussian-6c-128p,128,128,0.1894165502294351,1000000,0.0002897065653443,,seconds,49.91647529602051,49.800692645832896,megabytes,550.0,550.0,82.0,79.69506726457399,0.243326976,0.243326976,0.81796875,0.7765660033632293,success,sgd,1.0,1000000,1e-06,0.002,0.9,0.0002897065653443,
1D-gaussian-6c-128p,128,128,0.1585317640699139,1000000,0.0003138718255586,,seconds,49.934144258499146,49.73880240879953,megabytes,550.0,550.0,87.0,79.55045871559633,0.24170496,0.24170496,0.84140625,0.7781106651376142,success,sgd,1.0,1000000,1e-06,0.002,0.9,0.0003138718255586,
1D-gaussian-6c-128p,128,128,0.2143542867523128,1000000,0.0002411091465719,,seconds,49.847008228302,49.78478056378663,megabytes,550.0,550.0,82.0,79.87727272727273,0.241692672,0.241692672,0.8265625,0.7781995738636364,success,sgd,1.0,1000000,1e-06,0.002,0.9,0.0002411091465719,
1D-gaussian-6c-128p,128,128,0.1480893838287206,1000000,0.0002950811255316,,seconds,50.215850830078125,50.06154015474021,megabytes,550.0,550.0,84.0,79.62445414847161,0.24264704,0.24264704,0.81796875,0.7766477893013103,success,sgd,1.0,1000000,1e-06,0.002,0.9,0.0002950811255316,
1D-gaussian-6c-128p,128,128,0.1512538028076819,1000000,0.0003265410398641,,seconds,49.898165225982666,49.74969861470163,megabytes,550.0,550.0,82.0,79.92,0.241721344,0.241721344,0.81796875,0.7766423611111111,success,sgd,1.0,1000000,1e-06,0.002,0.9,0.0003265410398641,
1D-gaussian-6c-128p,128,128,0.157602002176708,1000000,0.000320010351198,,seconds,50.43234062194824,50.28584371693432,megabytes,550.0,550.0,82.0,79.18260869565218,0.242704384,0.242704384,0.81796875,0.7774456521739129,success,sgd,1.0,1000000,1e-06,0.002,0.9,0.000320010351198,
1D-gaussian-6c-128p,128,128,0.2013334879689007,1000000,0.0002905338630355,,seconds,49.72869944572449,49.56520763225853,megabytes,550.0,550.0,83.0,79.88990825688073,0.241774592,0.241774592,0.82265625,0.7769208715596327,success,sgd,1.0,1000000,1e-06,0.002,0.9,0.0002905338630355,
1D-gaussian-6c-128p,128,128,0.2234161601274796,1000000,0.0002571752684807,,seconds,49.63861298561096,49.45307223498821,megabytes,550.0,550.0,86.0,80.55140186915888,0.24356864,0.24356864,0.8140625,0.7760112441588778,success,sgd,1.0,1000000,1e-06,0.002,0.9,0.0002571752684807,
1D-gaussian-6c-128p,128,128,0.2099270763156477,1000000,0.0002753632161913,,seconds,49.49393010139465,49.48217117972672,megabytes,550.0,550.0,86.0,80.02803738317758,0.24182784,0.24182784,0.82421875,0.780479702102804,success,sgd,1.0,1000000,1e-06,0.002,0.9,0.0002753632161913,
1D-gaussian-6c-128p,128,128,0.1226944720156553,1000000,0.0003477327863715,,seconds,50.25842761993408,50.08018911257386,megabytes,550.0,550.0,84.0,79.85903083700441,0.241926144,0.241926144,0.8375,0.7776466134361234,success,sgd,1.0,1000000,1e-06,0.002,0.9,0.0003477327863715,
1D-gaussian-6c-128p,128,128,0.1901458692459086,1000000,0.0002966455094537,,seconds,50.03508448600769,49.852777536958456,megabytes,550.0,550.0,85.0,79.57727272727273,0.243593216,0.243593216,0.82265625,0.7756107954545456,success,sgd,1.0,1000000,1e-06,0.002,0.9,0.0002966455094537,
1D-gaussian-6c-128p,128,128,0.2299464739482359,1000000,0.0002174404080135,,seconds,50.08292269706726,50.0824673678726,megabytes,550.0,550.0,82.0,79.53508771929825,0.241938432,0.241938432,0.82734375,0.7794990405701749,success,sgd,1.0,1000000,1e-06,0.002,0.9,0.0002174404080135,
1D-gaussian-6c-128p,128,128,0.1504428101906092,1000000,0.0003302764723171,,seconds,49.72012519836426,49.599007200449705,megabytes,550.0,550.0,82.0,80.16818181818182,0.243601408,0.243601408,0.821875,0.7788742897727273,success,sgd,1.0,1000000,1e-06,0.002,0.9,0.0003302764723171,
1D-gaussian-6c-128p,128,128,0.1995786216547798,1000000,0.0002784801567894,,seconds,50.286131143569946,50.26679151132703,megabytes,550.0,550.0,86.0,80.05777777777777,0.241967104,0.241967104,0.81953125,0.7800555555555554,success,sgd,1.0,1000000,1e-06,0.002,0.9,0.0002784801567894,
1D-gaussian-6c-128p,128,128,0.2148752339893379,1000000,0.0002771124053103,,seconds,49.95600628852844,49.77423649653792,megabytes,550.0,550.0,83.0,79.82142857142857,0.2419712,0.2419712,0.81875,0.7742640904017853,success,sgd,1.0,1000000,1e-06,0.002,0.9,0.0002771124053103,
1D-gaussian-6c-128p,128,128,0.2475591027854903,1000000,0.0002404742531677,,seconds,50.1763596534729,50.04273958317936,megabytes,550.0,550.0,82.0,79.76211453744493,0.242008064,0.242008064,0.83046875,0.7776018722466957,success,sgd,1.0,1000000,1e-06,0.002,0.9,0.0002404742531677,
1D-gaussian-6c-128p,128,128,0.2441377441678195,1000000,0.000280152178507,,seconds,49.900766134262085,49.863620115444064,megabytes,550.0,550.0,82.0,79.78026905829596,0.241958912,0.241958912,0.8203125,0.779810117713004,success,sgd,1.0,1000000,1e-06,0.002,0.9,0.000280152178507,
1D-gaussian-6c-128p,128,128,0.2413446507429313,1000000,0.0003452688637254,,seconds,49.8227288722992,49.72335001267493,megabytes,550.0,550.0,86.0,80.3225806451613,0.242970624,0.242970624,0.8203125,0.7766525057603689,success,sgd,1.0,1000000,1e-06,0.002,0.9,0.0003452688637254,
1D-gaussian-6c-128p,128,128,0.1893342320834172,1000000,0.0002782570857148,,seconds,49.50225806236267,49.34543781541288,megabytes,550.0,550.0,84.0,80.5774647887324,0.242044928,0.242044928,0.81484375,0.7764854753521127,success,sgd,1.0,1000000,1e-06,0.002,0.9,0.0002782570857148,
1D-gaussian-6c-128p,128,128,0.2403702187422536,1000000,0.0003167157346674,,seconds,49.62372803688049,49.4472747836262,megabytes,550.0,550.0,86.0,80.76744186046511,0.243859456,0.243859456,0.81796875,0.7771765988372096,success,sgd,1.0,1000000,1e-06,0.002,0.9,0.0003167157346674,
1D-gaussian-6c-128p,128,128,0.1506608544038747,1000000,0.0003329801689891,,seconds,50.017847299575806,49.98898309841752,megabytes,550.0,550.0,82.0,79.64,0.242118656,0.242118656,0.821875,0.7798645833333341,success,sgd,1.0,1000000,1e-06,0.002,0.9,0.0003329801689891,
1D-gaussian-6c-128p,128,128,0.1821023224236776,1000000,0.000274167296058,,seconds,50.3753502368927,50.21895415708423,megabytes,550.0,550.0,82.0,79.69603524229075,0.243892224,0.243892224,0.8203125,0.7762665198237894,success,sgd,1.0,1000000,1e-06,0.002,0.9,0.000274167296058,
1D-gaussian-6c-128p,128,128,0.1983222144897342,1000000,0.0003115542939696,,seconds,49.987152338027954,49.884940676391125,megabytes,550.0,550.0,82.0,79.62555066079295,0.242147328,0.242147328,0.81640625,0.7768171806167408,success,sgd,1.0,1000000,1e-06,0.002,0.9,0.0003115542939696,
1D-gaussian-6c-128p,128,128,0.2119242239686543,1000000,0.0002493999588077,,seconds,50.23387575149536,50.04285055398941,megabytes,550.0,550.0,85.0,79.96902654867256,0.242253824,0.242253824,0.8203125,0.7779936393805311,success,sgd,1.0,1000000,1e-06,0.002,0.9,0.0002493999588077,
1D-gaussian-6c-128p,128,128,0.2530456169054985,1000000,0.000341983747538,,seconds,50.308199644088745,50.15517124719918,megabytes,550.0,550.0,82.0,79.06896551724138,0.243154944,0.243154944,0.8203125,0.7772561961206897,success,sgd,1.0,1000000,1e-06,0.002,0.9,0.000341983747538,
1D-gaussian-6c-128p,128,128,0.2456720913602353,1000000,0.0002261829765546,,seconds,49.952011823654175,49.783306892961264,megabytes,550.0,550.0,83.0,80.35616438356165,0.242241536,0.242241536,0.81796875,0.7770547945205483,success,sgd,1.0,1000000,1e-06,0.002,0.9,0.0002261829765546,
1D-gaussian-6c-256p,256,256,0.2457094440772378,1000000,0.0004162516406292,,seconds,51.94993758201599,51.78250960819423,megabytes,552.0,552.0,86.0,84.84873949579831,0.24416256,0.24416256,0.8265625,0.7778492647058819,success,sgd,1.0,1000000,1e-06,0.002,0.9,0.0004162516406292,
1D-gaussian-6c-256p,256,256,0.2059081989064466,1000000,0.0003958761051154,,seconds,51.98100686073303,51.98825054056943,megabytes,552.0,552.0,86.0,84.5589519650655,0.242393088,0.242393088,0.81640625,0.7768934224890828,success,sgd,1.0,1000000,1e-06,0.002,0.9,0.0003958761051154,
1D-gaussian-6c-256p,256,256,0.1954802861247473,1000000,0.0004990340325294,,seconds,51.71998810768128,51.7082986459136,megabytes,552.0,552.0,86.0,84.94491525423729,0.242397184,0.242397184,0.82109375,0.7783136917372885,success,sgd,1.0,1000000,1e-06,0.002,0.9,0.0004990340325294,
1D-gaussian-6c-256p,256,256,0.1687680148262064,1000000,0.0004811394101765,,seconds,51.84279274940491,51.77837792411447,megabytes,552.0,552.0,86.0,85.0,0.24240128,0.24240128,0.83828125,0.7778044871794872,success,sgd,1.0,1000000,1e-06,0.002,0.9,0.0004811394101765,
1D-gaussian-6c-256p,256,256,0.1113652539435743,1000000,0.0005213760559397,,seconds,51.79555058479309,51.71482342854142,megabytes,552.0,552.0,86.0,84.88185654008439,0.242405376,0.242405376,0.81875,0.7774426424050629,success,sgd,1.0,1000000,1e-06,0.002,0.9,0.0005213760559397,
1D-gaussian-6c-256p,256,256,0.190795260640682,1000000,0.0004189452043109,,seconds,52.044350147247314,51.843605456873775,megabytes,552.0,552.0,86.0,84.74248927038627,0.242479104,0.242479104,0.81328125,0.7764652628755366,success,sgd,1.0,1000000,1e-06,0.002,0.9,0.0004189452043109,
1D-gaussian-6c-256p,256,256,0.160494896563357,1000000,0.0004494339366881,,seconds,51.74161386489868,51.73952698521316,megabytes,552.0,552.0,86.0,84.9539748953975,0.242495488,0.242495488,0.82578125,0.7803478033472807,success,sgd,1.0,1000000,1e-06,0.002,0.9,0.0004494339366881,
1D-gaussian-6c-256p,256,256,0.215548793928107,1000000,0.0003553304112002,,seconds,51.79314804077149,51.69811926223338,megabytes,552.0,552.0,86.0,85.02100840336135,0.242466816,0.242466816,0.81953125,0.7787289915966382,success,sgd,1.0,1000000,1e-06,0.002,0.9,0.0003553304112002,
1D-gaussian-6c-256p,256,256,0.1501131784431415,1000000,0.0004243180157089,,seconds,52.06802201271057,51.95501593127847,megabytes,552.0,552.0,86.0,84.68444444444444,0.242520064,0.242520064,0.84296875,0.777184027777778,success,sgd,1.0,1000000,1e-06,0.002,0.9,0.0004243180157089,
1D-gaussian-6c-256p,256,256,0.1538148483580739,1000000,0.0004647524436103,,seconds,52.05862092971802,52.05168401449919,megabytes,552.0,552.0,86.0,84.52863436123349,0.242569216,0.242569216,0.82265625,0.7794706773127751,success,sgd,1.0,1000000,1e-06,0.002,0.9,0.0004647524436103,
1D-gaussian-6c-256p,256,256,0.1595962468456287,1000000,0.0004579645915654,,seconds,52.104088306427,51.97398796118796,megabytes,552.0,552.0,86.0,84.50869565217391,0.242536448,0.242536448,0.81953125,0.7771127717391308,success,sgd,1.0,1000000,1e-06,0.002,0.9,0.0004579645915654,
1D-gaussian-6c-256p,256,256,0.2029256998066204,1000000,0.0004167432698676,,seconds,51.86022925376892,51.76323452405632,megabytes,552.0,552.0,86.0,84.72727272727273,0.242581504,0.242581504,0.815625,0.7762885551948048,success,sgd,1.0,1000000,1e-06,0.002,0.9,0.0004167432698676,
1D-gaussian-6c-256p,256,256,0.224663548537076,1000000,0.0003748522910554,,seconds,51.90684485435486,51.778623167425394,megabytes,552.0,552.0,86.0,84.87878787878788,0.242601984,0.242601984,0.82265625,0.7793087121212118,success,sgd,1.0,1000000,1e-06,0.002,0.9,0.0003748522910554,
1D-gaussian-6c-256p,256,256,0.2114137723471887,1000000,0.0003973173307633,,seconds,51.75351428985596,51.6965096630156,megabytes,552.0,552.0,86.0,85.05,0.242651136,0.242651136,0.82578125,0.7796614583333338,success,sgd,1.0,1000000,1e-06,0.002,0.9,0.0003973173307633,
1D-gaussian-6c-256p,256,256,0.125140793688769,1000000,0.000493495720634,,seconds,51.96650242805481,51.73744237422943,megabytes,552.0,552.0,86.0,84.83474576271186,0.242679808,0.242679808,0.82109375,0.7759533898305082,success,sgd,1.0,1000000,1e-06,0.002,0.9,0.000493495720634,
1D-gaussian-6c-256p,256,256,0.1917094178873394,1000000,0.0004266294110582,,seconds,52.018091440200806,51.83071291074157,megabytes,552.0,552.0,86.0,84.72457627118644,0.244318208,0.244318208,0.8296875,0.7768471927966099,success,sgd,1.0,1000000,1e-06,0.002,0.9,0.0004266294110582,
1D-gaussian-6c-256p,256,256,0.2310429166192486,1000000,0.0003218555191678,,seconds,51.877809047698975,51.87354061752558,megabytes,554.0,554.0,86.0,84.78205128205128,0.242827264,0.242827264,0.8171875,0.7802150106837602,success,sgd,1.0,1000000,1e-06,0.002,0.9,0.0003218555191678,
1D-gaussian-6c-256p,256,256,0.1526286496072008,1000000,0.0004720993025632,,seconds,51.63514947891235,51.53221411630511,megabytes,552.0,552.0,86.0,85.34024896265561,0.242765824,0.242765824,0.821875,0.7786177385892112,success,sgd,1.0,1000000,1e-06,0.002,0.9,0.0004720993025632,
1D-gaussian-6c-256p,256,256,0.2011224893118633,1000000,0.000403423443457,,seconds,52.21707630157471,52.11283697374165,megabytes,554.0,554.0,86.0,84.17117117117117,0.242835456,0.242835456,0.8171875,0.7788041948198198,success,sgd,1.0,1000000,1e-06,0.002,0.9,0.000403423443457,
1D-gaussian-6c-256p,256,256,0.2164214081042367,1000000,0.0004046777951644,,seconds,51.97436666488648,51.91830468736589,megabytes,552.0,552.0,86.0,84.51304347826087,0.242774016,0.242774016,0.8234375,0.7784918478260873,success,sgd,1.0,1000000,1e-06,0.002,0.9,0.0004046777951644,
1D-gaussian-6c-256p,256,256,0.2487359529665523,1000000,0.0003528742923728,,seconds,51.8948814868927,51.803743256255984,megabytes,554.0,554.0,86.0,84.77777777777777,0.243822592,0.243822592,0.81796875,0.7780114850427355,success,sgd,1.0,1000000,1e-06,0.002,0.9,0.0003528742923728,
1D-gaussian-6c-256p,256,256,0.2453127120612865,1000000,0.0004033849955166,,seconds,51.89578294754028,51.872300408780575,megabytes,552.0,552.0,86.0,85.00432900432901,0.24281088,0.24281088,0.8203125,0.7804687500000002,success,sgd,1.0,1000000,1e-06,0.002,0.9,0.0004033849955166,
1D-gaussian-6c-256p,256,256,0.2427711359907577,1000000,0.0004928122635141,,seconds,51.96232700347901,51.83434729091823,megabytes,554.0,554.0,86.0,84.88135593220339,0.244625408,0.244625408,0.81953125,0.780134401483051,success,sgd,1.0,1000000,1e-06,0.002,0.9,0.0004928122635141,
1D-gaussian-6c-256p,256,256,0.1907673929623857,1000000,0.000401675741407,,seconds,51.85091304779053,51.74227323569357,megabytes,552.0,552.0,86.0,84.63675213675214,0.24285184,0.24285184,0.8296875,0.7800280448717951,success,sgd,1.0,1000000,1e-06,0.002,0.9,0.000401675741407,
1D-gaussian-6c-256p,256,256,0.2417384940947508,1000000,0.0004557858383502,,seconds,52.07493567466736,52.04658641293645,megabytes,554.0,554.0,86.0,84.25675675675676,0.242941952,0.242941952,0.815625,0.7771642736486486,success,sgd,1.0,1000000,1e-06,0.002,0.9,0.0004557858383502,
1D-gaussian-6c-256p,256,256,0.1527738296899425,1000000,0.0004741028615737,,seconds,52.008495807647705,51.73106691427529,megabytes,552.0,552.0,86.0,84.98728813559322,0.242987008,0.242987008,0.8359375,0.7764896716101694,success,sgd,1.0,1000000,1e-06,0.002,0.9,0.0004741028615737,
1D-gaussian-6c-256p,256,256,0.1837004941101975,1000000,0.0003952273212284,,seconds,52.2120680809021,52.08745853789151,megabytes,554.0,554.0,86.0,84.42152466367713,0.242937856,0.242937856,0.81953125,0.7771966087443947,success,sgd,1.0,1000000,1e-06,0.002,0.9,0.0003952273212284,
1D-gaussian-6c-256p,256,256,0.1998850891341206,1000000,0.0004458500970671,,seconds,51.85619235038757,51.85442275553942,megabytes,552.0,552.0,86.0,84.13157894736842,0.2428928,0.2428928,0.8234375,0.778769188596491,success,sgd,1.0,1000000,1e-06,0.002,0.9,0.0004458500970671,
1D-gaussian-6c-256p,256,256,0.2132344636382591,1000000,0.0003645537367279,,seconds,51.79240679740906,51.73212682083249,megabytes,554.0,554.0,86.0,85.05882352941177,0.242999296,0.242999296,0.821875,0.7781217174369748,success,sgd,1.0,1000000,1e-06,0.002,0.9,0.0003645537367279,
1D-gaussian-6c-256p,256,256,0.2548910145920043,1000000,0.0004871027794764,,seconds,52.01322078704834,51.9344082493335,megabytes,552.0,552.0,86.0,84.68695652173913,0.24297472,0.24297472,0.825,0.7780366847826091,success,sgd,1.0,1000000,1e-06,0.002,0.9,0.0004871027794764,
1D-gaussian-6c-256p,256,256,0.2466605807232472,1000000,0.0003346578297325,,seconds,51.88821649551392,51.72448033094406,megabytes,554.0,554.0,86.0,84.82127659574468,0.243073024,0.243073024,0.82109375,0.7763829787234043,success,sgd,1.0,1000000,1e-06,0.002,0.9,0.0003346578297325,
1D-gaussian-6c-512p,512,512,0.2481665093175711,1000000,0.0005942431553099,,seconds,68.10503125190735,67.94648199900985,megabytes,560.0,560.0,87.0,86.45222929936305,0.243380224,0.243380224,0.82421875,0.779038117038217,success,sgd,1.0,1000000,1e-06,0.002,0.9,0.0005942431553099,
1D-gaussian-6c-512p,512,512,0.2087050092437657,1000000,0.0005673666500175,,seconds,68.21685242652893,68.12865587510169,megabytes,560.0,560.0,88.0,86.52287581699346,0.243351552,0.243351552,0.82578125,0.777108864379085,success,sgd,1.0,1000000,1e-06,0.002,0.9,0.0005673666500175,
1D-gaussian-6c-512p,512,512,0.1991197056560643,1000000,0.0006933517839764,,seconds,68.44961667060852,68.38878865167499,megabytes,560.0,560.0,87.0,85.88316151202748,0.24338432,0.24338432,0.8265625,0.7785062285223363,success,sgd,1.0,1000000,1e-06,0.002,0.9,0.0006933517839764,
1D-gaussian-6c-512p,512,512,0.1729357692262637,1000000,0.0006643314292238,,seconds,67.91263389587402,67.8955661803484,megabytes,560.0,560.0,87.0,86.66457680250784,0.243400704,0.243400704,0.8265625,0.7777943769592475,success,sgd,1.0,1000000,1e-06,0.002,0.9,0.0006643314292238,
1D-gaussian-6c-512p,512,512,0.116852659935801,1000000,0.0007097083447138,,seconds,68.09768915176392,68.01837163977325,megabytes,560.0,560.0,87.0,86.3051948051948,0.243453952,0.243453952,0.81953125,0.7772346793831167,success,sgd,1.0,1000000,1e-06,0.002,0.9,0.0007097083447138,
1D-gaussian-6c-512p,512,512,0.1936282350112557,1000000,0.0005966758814901,,seconds,68.19106411933899,68.12421260401607,megabytes,560.0,560.0,87.0,86.2843137254902,0.24516608,0.24516608,0.83671875,0.7798534517973857,success,sgd,1.0,1000000,1e-06,0.002,0.9,0.0005966758814901,
1D-gaussian-6c-512p,512,512,0.1643413585783254,1000000,0.0006339121144639,,seconds,68.29360699653625,68.09707476384938,megabytes,560.0,560.0,87.0,86.17532467532467,0.243597312,0.243597312,0.82421875,0.7778789569805197,success,sgd,1.0,1000000,1e-06,0.002,0.9,0.0006339121144639,
1D-gaussian-6c-512p,512,512,0.2179976209153448,1000000,0.0005157109637598,,seconds,68.4900426864624,68.3595103379339,megabytes,560.0,560.0,87.0,86.15333333333334,0.243499008,0.243499008,0.825,0.7793177083333327,success,sgd,1.0,1000000,1e-06,0.002,0.9,0.0005157109637598,
1D-gaussian-6c-512p,512,512,0.1541013655361042,1000000,0.0006020882597767,,seconds,68.49453043937683,68.32869157008827,megabytes,560.0,560.0,87.0,86.11705685618729,0.245243904,0.245243904,0.8265625,0.7771817516722406,success,sgd,1.0,1000000,1e-06,0.002,0.9,0.0006020882597767,
1D-gaussian-6c-512p,512,512,0.1585563426986841,1000000,0.0006377740544608,,seconds,68.17358875274658,68.17913314141333,megabytes,560.0,560.0,87.0,86.14900662251655,0.2435072,0.2435072,0.82421875,0.7788157077814571,success,sgd,1.0,1000000,1e-06,0.002,0.9,0.0006377740544608,
1D-gaussian-6c-512p,512,512,0.1635183928405122,1000000,0.000645422795978,,seconds,67.99206519126892,67.78096028603613,megabytes,560.0,560.0,87.0,86.46749226006192,0.243666944,0.243666944,0.82265625,0.7783088235294113,success,sgd,1.0,1000000,1e-06,0.002,0.9,0.000645422795978,
1D-gaussian-6c-512p,512,512,0.2061045284533453,1000000,0.0005928836343387,,seconds,68.40986251831055,68.25742200762033,megabytes,560.0,560.0,87.0,86.22372881355932,0.243597312,0.243597312,0.81796875,0.7773411016949151,success,sgd,1.0,1000000,1e-06,0.002,0.9,0.0005928836343387,
1D-gaussian-6c-512p,512,512,0.2271903003094243,1000000,0.000537352870267,,seconds,68.47289085388184,68.32323918491602,megabytes,560.0,560.0,87.0,85.94097222222223,0.243617792,0.243617792,0.83203125,0.7759819878472222,success,sgd,1.0,1000000,1e-06,0.002,0.9,0.000537352870267,
1D-gaussian-6c-512p,512,512,0.2144215810487538,1000000,0.000568267099285,,seconds,68.48920893669128,68.29973028227687,megabytes,560.0,560.0,87.0,86.21140939597315,0.243707904,0.243707904,0.82421875,0.7756973573825505,success,sgd,1.0,1000000,1e-06,0.002,0.9,0.000568267099285,
1D-gaussian-6c-512p,512,512,0.1298369385783141,1000000,0.0006838602503293,,seconds,68.50485277175903,68.44967670738697,megabytes,560.0,560.0,87.0,85.92229729729729,0.243675136,0.243675136,0.825,0.7788481841216212,success,sgd,1.0,1000000,1e-06,0.002,0.9,0.0006838602503293,
1D-gaussian-6c-512p,512,512,0.1948648772871261,1000000,0.0006061129521123,,seconds,68.43934750556946,68.30578432790935,megabytes,560.0,560.0,87.0,86.12786885245902,0.243712,0.243712,0.83359375,0.7779892418032787,success,sgd,1.0,1000000,1e-06,0.002,0.9,0.0006061129521123,
1D-gaussian-6c-512p,512,512,0.2333431228019233,1000000,0.000476551091775,,seconds,68.42470145225525,68.26340758800507,megabytes,560.0,560.0,87.0,86.12541254125412,0.243736576,0.243736576,0.8421875,0.7777124587458744,success,sgd,1.0,1000000,1e-06,0.002,0.9,0.000476551091775,
1D-gaussian-6c-512p,512,512,0.1568991397745107,1000000,0.0006577382118356,,seconds,68.59855675697327,68.41081003472209,megabytes,560.0,560.0,88.0,86.39867109634551,0.243810304,0.243810304,0.8203125,0.7759265988372092,success,sgd,1.0,1000000,1e-06,0.002,0.9,0.0006577382118356,
1D-gaussian-6c-512p,512,512,0.2042214314227533,1000000,0.0005777148353558,,seconds,68.12745976448059,68.0975277479738,megabytes,560.0,560.0,87.0,86.2258064516129,0.24379392,0.24379392,0.82578125,0.7786970766129034,success,sgd,1.0,1000000,1e-06,0.002,0.9,0.0005777148353558,
1D-gaussian-6c-512p,512,512,0.2195105371801301,1000000,0.0005711464778255,,seconds,68.17384696006775,68.11520671658218,megabytes,560.0,560.0,87.0,86.36012861736334,0.243757056,0.243757056,0.8203125,0.7773362138263665,success,sgd,1.0,1000000,1e-06,0.002,0.9,0.0005711464778255,
1D-gaussian-6c-512p,512,512,0.2511796357097185,1000000,0.0005116973638418,,seconds,68.3747718334198,68.30703281983733,megabytes,560.0,560.0,87.0,86.04620462046205,0.243798016,0.243798016,0.8421875,0.7788598391089112,success,sgd,1.0,1000000,1e-06,0.002,0.9,0.0005116973638418,
1D-gaussian-6c-512p,512,512,0.2476981770602175,1000000,0.0005768680163737,,seconds,68.24579644203186,68.23932600021362,megabytes,560.0,560.0,87.0,86.27906976744185,0.243802112,0.243802112,0.8234375,0.779568106312293,success,sgd,1.0,1000000,1e-06,0.002,0.9,0.0005768680163737,
1D-gaussian-6c-512p,512,512,0.2456262973573013,1000000,0.0006861738986394,,seconds,68.153076171875,68.16179830767214,megabytes,560.0,560.0,87.0,86.18709677419355,0.243863552,0.243863552,0.82578125,0.7794027217741938,success,sgd,1.0,1000000,1e-06,0.002,0.9,0.0006861738986394,
1D-gaussian-6c-512p,512,512,0.1936794740139391,1000000,0.0005730808521173,,seconds,68.30716800689697,68.24936657212675,megabytes,560.0,560.0,87.0,86.08970099667773,0.243838976,0.243838976,0.8296875,0.7784364617940194,success,sgd,1.0,1000000,1e-06,0.002,0.9,0.0005730808521173,
1D-gaussian-6c-512p,512,512,0.2444988950549423,1000000,0.000641720179338,,seconds,68.47592067718506,68.31246676668525,megabytes,560.0,560.0,87.0,86.0,0.243879936,0.243879936,0.8296875,0.7780492265886286,success,sgd,1.0,1000000,1e-06,0.002,0.9,0.000641720179338,
1D-gaussian-6c-512p,512,512,0.1568951152315473,1000000,0.0006604220834863,,seconds,68.51289796829224,68.47709514386952,megabytes,560.0,560.0,87.0,86.0582191780822,0.243884032,0.243884032,0.81640625,0.7773491010273973,success,sgd,1.0,1000000,1e-06,0.002,0.9,0.0006604220834863,
1D-gaussian-6c-512p,512,512,0.1869104301327854,1000000,0.0005647338531988,,seconds,67.90171909332275,67.90598081797361,megabytes,560.0,560.0,87.0,86.33333333333333,0.243986432,0.243986432,0.81875,0.779387775157233,success,sgd,1.0,1000000,1e-06,0.002,0.9,0.0005647338531988,
1D-gaussian-6c-512p,512,512,0.2029843997336558,1000000,0.0006263282879405,,seconds,68.3131456375122,68.23078484460711,megabytes,560.0,560.0,87.0,86.10749185667753,0.245661696,0.245661696,0.81640625,0.7777076547231274,success,sgd,1.0,1000000,1e-06,0.002,0.9,0.0006263282879405,
1D-gaussian-6c-512p,512,512,0.215935664993199,1000000,0.0005282747595527,,seconds,68.15966534614563,68.13285237178206,megabytes,560.0,560.0,87.0,86.2156862745098,0.244031488,0.244031488,0.8234375,0.7797513276143789,success,sgd,1.0,1000000,1e-06,0.002,0.9,0.0005282747595527,
1D-gaussian-6c-512p,512,512,0.2584371535589969,1000000,0.0006671751937954,,seconds,68.38156747817993,68.34351368062198,megabytes,560.0,560.0,87.0,86.09152542372881,0.244043776,0.244043776,0.821875,0.7794438559322032,success,sgd,1.0,1000000,1e-06,0.002,0.9,0.0006671751937954,
1D-gaussian-6c-512p,512,512,0.2487248444193631,1000000,0.0004907756484825,,seconds,68.15868163108826,68.06660209596157,megabytes,560.0,560.0,87.0,86.20447284345047,0.245768192,0.245768192,0.83984375,0.7796151158146966,success,sgd,1.0,1000000,1e-06,0.002,0.9,0.0004907756484825,
1D-gaussian-6c-1024p,1024,1024,0.2431592101133704,1000000,0.0013762846293731,,seconds,91.29435467720032,91.1908322647214,megabytes,586.0,586.0,91.0,89.57920792079207,0.244088832,0.244088832,0.83359375,0.7773147431930693,success,sgd,1.0,1000000,1e-06,0.002,0.9,0.0013762846293731,
1D-gaussian-6c-1024p,1024,1024,0.2018517361521637,1000000,0.0016318765401186,,seconds,90.83501482009888,90.6626888718456,megabytes,586.0,586.0,92.0,88.62953995157385,0.245932032,0.245932032,0.81953125,0.7776691131961264,success,sgd,1.0,1000000,1e-06,0.002,0.9,0.0016318765401186,
1D-gaussian-6c-1024p,1024,1024,0.1923923327715521,1000000,0.0013746171418784,,seconds,89.11779832839966,89.02984681725502,megabytes,586.0,586.0,93.0,90.67441860465117,0.244137984,0.244137984,0.825,0.7797965116279061,success,sgd,1.0,1000000,1e-06,0.002,0.9,0.0013746171418784,
1D-gaussian-6c-1024p,1024,1024,0.16463858403953,1000000,0.0015320718245952,,seconds,91.13365578651428,90.99885820411146,megabytes,586.0,586.0,91.0,89.41523341523342,0.245878784,0.245878784,0.821875,0.7791596283783778,success,sgd,1.0,1000000,1e-06,0.002,0.9,0.0015320718245952,
1D-gaussian-6c-1024p,1024,1024,0.1057699464239436,1000000,0.0011791391134911,,seconds,90.56169724464417,90.52849797345698,megabytes,586.0,586.0,91.0,89.23544303797469,0.244166656,0.244166656,0.8234375,0.7799723101265827,success,sgd,1.0,1000000,1e-06,0.002,0.9,0.0011791391134911,
1D-gaussian-6c-1024p,1024,1024,0.1852058419647523,1000000,0.0020938024458471,,seconds,89.65534591674805,89.51399265415967,megabytes,586.0,586.0,93.0,90.13480392156865,0.245870592,0.245870592,0.82421875,0.7792221966911759,success,sgd,1.0,1000000,1e-06,0.002,0.9,0.0020938024458471,
1D-gaussian-6c-1024p,1024,1024,0.155497637526891,1000000,0.0011688358587297,,seconds,88.12927436828613,88.0809813067317,megabytes,586.0,586.0,93.0,91.19794344473009,0.24426496,0.24426496,0.81796875,0.7789946176092543,success,sgd,1.0,1000000,1e-06,0.002,0.9,0.0011688358587297,
1D-gaussian-6c-1024p,1024,1024,0.2073728823503362,1000000,0.0020483736383571,,seconds,91.40207362174988,91.3312090653926,megabytes,586.0,586.0,91.0,89.42537313432835,0.245952512,0.245952512,0.82421875,0.7791938743781092,success,sgd,1.0,1000000,1e-06,0.002,0.9,0.0020483736383571,
1D-gaussian-6c-1024p,1024,1024,0.1447668038741922,1000000,0.0018832818201748,,seconds,89.74007105827332,89.64309725910425,megabytes,586.0,586.0,91.0,90.1489898989899,0.244289536,0.244289536,0.82265625,0.7793205492424242,success,sgd,1.0,1000000,1e-06,0.002,0.9,0.0018832818201748,
1D-gaussian-6c-1024p,1024,1024,0.1480173743585154,1000000,0.001583205920979,,seconds,91.17871975898744,91.15712237544358,megabytes,586.0,586.0,91.0,89.48724489795919,0.244256768,0.244256768,0.82578125,0.7796237244897961,success,sgd,1.0,1000000,1e-06,0.002,0.9,0.001583205920979,
1D-gaussian-6c-1024p,1024,1024,0.1543118074371958,1000000,0.0020635104480094,,seconds,90.9368577003479,90.74310037121175,megabytes,586.0,586.0,91.0,89.32911392405063,0.244371456,0.244371456,0.82734375,0.777379351265823,success,sgd,1.0,1000000,1e-06,0.002,0.9,0.0020635104480094,
1D-gaussian-6c-1024p,1024,1024,0.1984646568482816,1000000,0.0018499905627666,,seconds,91.3168568611145,91.13429542444646,megabytes,586.0,586.0,92.0,89.63092269326684,0.244363264,0.244363264,0.821875,0.7778795199501244,success,sgd,1.0,1000000,1e-06,0.002,0.9,0.0018499905627666,
1D-gaussian-6c-1024p,1024,1024,0.2206024017251394,1000000,0.0017197880895894,,seconds,89.66833806037903,89.45378160849214,megabytes,586.0,586.0,92.0,90.34102564102564,0.244432896,0.244432896,0.84140625,0.7765825320512819,success,sgd,1.0,1000000,1e-06,0.002,0.9,0.0017197880895894,
1D-gaussian-6c-1024p,1024,1024,0.2075591224831696,1000000,0.0015292578802025,,seconds,87.63759684562683,87.48735563084483,megabytes,586.0,586.0,94.0,92.728,0.244293632,0.244293632,0.840625,0.7773208333333333,success,sgd,1.0,1000000,1e-06,0.002,0.9,0.0015292578802025,
1D-gaussian-6c-1024p,1024,1024,0.1216688587722265,1000000,0.0013723140031954,,seconds,91.20255327224731,91.0258721150458,megabytes,586.0,586.0,92.0,89.63846153846154,0.244404224,0.244404224,0.8296875,0.7770052083333334,success,sgd,1.0,1000000,1e-06,0.002,0.9,0.0013723140031954,
1D-gaussian-6c-1024p,1024,1024,0.1883234435438137,1000000,0.0012535653283432,,seconds,87.61191701889038,87.45586960203946,megabytes,586.0,586.0,94.0,92.49739583333331,0.244334592,0.244334592,0.8328125,0.7774536132812505,success,sgd,1.0,1000000,1e-06,0.002,0.9,0.0012535653283432,
1D-gaussian-6c-1024p,1024,1024,0.227062274194266,1000000,0.0016865762424464,,seconds,91.20201420783997,91.12838054075836,megabytes,586.0,586.0,93.0,89.51231527093596,0.246120448,0.246120448,0.82734375,0.7789312653940892,success,sgd,1.0,1000000,1e-06,0.002,0.9,0.0016865762424464,
1D-gaussian-6c-1024p,1024,1024,0.1477237964403033,1000000,0.0013443932250056,,seconds,87.52831506729126,87.42668841220438,megabytes,586.0,586.0,94.0,92.43915343915344,0.244375552,0.244375552,0.8171875,0.7795304232804237,success,sgd,1.0,1000000,1e-06,0.002,0.9,0.0013443932250056,
1D-gaussian-6c-1024p,1024,1024,0.195242855404963,1000000,0.0018771038680484,,seconds,91.00485920906068,90.9128772225231,megabytes,586.0,586.0,91.0,89.12871287128714,0.246194176,0.246194176,0.82109375,0.7792814047029702,success,sgd,1.0,1000000,1e-06,0.002,0.9,0.0018771038680484,
1D-gaussian-6c-1024p,1024,1024,0.2111681314476353,1000000,0.0016269059610584,,seconds,87.12305998802185,87.0694421492517,megabytes,586.0,586.0,94.0,92.98209718670076,0.244453376,0.244453376,0.825,0.77965952685422,success,sgd,1.0,1000000,1e-06,0.002,0.9,0.0016269059610584,
1D-gaussian-6c-1024p,1024,1024,0.2456665388429411,1000000,0.0017721122848713,,seconds,91.02860450744627,90.96010449156164,megabytes,586.0,586.0,92.0,89.49497487437186,0.246222848,0.246222848,0.821875,0.7783055904522616,success,sgd,1.0,1000000,1e-06,0.002,0.9,0.0017721122848713,
1D-gaussian-6c-1024p,1024,1024,0.2406622154333365,1000000,0.0020534282698265,,seconds,91.0432505607605,91.03773792646824,megabytes,586.0,586.0,91.0,89.6774193548387,0.244539392,0.244539392,0.81953125,0.7799181916873444,success,sgd,1.0,1000000,1e-06,0.002,0.9,0.0020534282698265,
1D-gaussian-6c-1024p,1024,1024,0.2394932385949522,1000000,0.0013924206479112,,seconds,91.6903955936432,91.49239579215646,megabytes,586.0,586.0,92.0,89.24630541871922,0.2463744,0.2463744,0.86015625,0.7769454279556646,success,sgd,1.0,1000000,1e-06,0.002,0.9,0.0013924206479112,
1D-gaussian-6c-1024p,1024,1024,0.1861670002408449,1000000,0.0015088035512014,,seconds,91.44745469093324,91.45237944461404,megabytes,586.0,586.0,91.0,89.41044776119404,0.244576256,0.244576256,0.834375,0.7799848414179108,success,sgd,1.0,1000000,1e-06,0.002,0.9,0.0015088035512014,
1D-gaussian-6c-1024p,1024,1024,0.2377792325858918,1000000,0.0018195102223736,,seconds,91.53977632522584,91.37177357636392,megabytes,586.0,586.0,91.0,89.35609756097561,0.246337536,0.246337536,0.82265625,0.7785118140243904,success,sgd,1.0,1000000,1e-06,0.002,0.9,0.0018195102223736,
1D-gaussian-6c-1024p,1024,1024,0.1494213140458388,1000000,0.0012723832573804,,seconds,92.06618213653564,91.88056710734963,megabytes,586.0,586.0,91.0,88.92074592074592,0.244740096,0.244740096,0.828125,0.7783107517482521,success,sgd,1.0,1000000,1e-06,0.002,0.9,0.0012723832573804,
1D-gaussian-6c-1024p,1024,1024,0.1787425198937465,1000000,0.0018594620371929,,seconds,90.64215874671936,90.5043993741274,megabytes,586.0,586.0,92.0,89.7984693877551,0.246370304,0.246370304,0.821875,0.7792311065051019,success,sgd,1.0,1000000,1e-06,0.002,0.9,0.0018594620371929,
1D-gaussian-6c-1024p,1024,1024,0.1947904158586216,1000000,0.00221833903632,,seconds,87.78182911872864,87.59815227985382,megabytes,586.0,586.0,94.0,93.00523560209425,0.244740096,0.244740096,0.83515625,0.7788694371727741,success,sgd,1.0,1000000,1e-06,0.002,0.9,0.00221833903632,
1D-gaussian-6c-1024p,1024,1024,0.2089827766874205,1000000,0.0016021369081227,,seconds,90.8875720500946,90.69148381985724,megabytes,586.0,586.0,92.0,89.77948717948718,0.244740096,0.244740096,0.846875,0.778363381410256,success,sgd,1.0,1000000,1e-06,0.002,0.9,0.0016021369081227,
1D-gaussian-6c-1024p,1024,1024,0.2498669175487348,1000000,0.0014267796645121,,seconds,91.1728675365448,91.00922403112054,megabytes,586.0,586.0,93.0,89.91645569620253,0.244752384,0.244752384,0.82109375,0.7774821993670886,success,sgd,1.0,1000000,1e-06,0.002,0.9,0.0014267796645121,
1D-gaussian-6c-1024p,1024,1024,0.2425460084002202,1000000,0.0018490633289816,,seconds,91.1594376564026,91.14336862787604,megabytes,586.0,586.0,92.0,89.47014925373135,0.244740096,0.244740096,0.84375,0.7796291977611939,success,sgd,1.0,1000000,1e-06,0.002,0.9,0.0018490633289816,
1D-gaussian-6c-2048p,2048,2048,0.1536803801369336,1000000,0.0175919950272125,,seconds,187.6571192741394,187.5651206746697,megabytes,682.0,682.0,96.0,94.92317380352644,0.244822016,0.244822016,0.834375,0.7778219458438289,success,sgd,1.0,1000000,1e-06,0.002,0.9,0.0175919950272125,
1D-gaussian-6c-2048p,2048,2048,0.0257040183929978,1000000,0.0191652399458882,,seconds,187.3698227405548,187.23481356352568,megabytes,682.0,682.0,96.0,94.88447204968944,0.244903936,0.244903936,0.83046875,0.7792236024844722,success,sgd,1.0,1000000,1e-06,0.002,0.9,0.0191652399458882,
1D-gaussian-6c-2048p,2048,2048,0.1417561566655939,1000000,0.0170781467457421,,seconds,185.8562412261963,185.6843831501901,megabytes,682.0,682.0,96.0,95.91464968152866,0.246587392,0.246587392,0.82734375,0.7801950636942678,success,sgd,1.0,1000000,1e-06,0.002,0.9,0.0170781467457421,
1D-gaussian-6c-2048p,2048,2048,0.0965394246538449,1000000,0.0161041721084201,,seconds,186.7654061317444,186.73429471999407,megabytes,682.0,682.0,96.0,95.8769035532995,0.24961024,0.24961024,0.834375,0.7799403156725889,success,sgd,1.0,1000000,1e-06,0.002,0.9,0.0161041721084201,
1D-gaussian-6c-2048p,2048,2048,0.0599724813295524,1000000,0.014158071893212,,seconds,185.90694737434387,185.73122178390625,megabytes,682.0,682.0,96.0,95.87974683544304,0.249655296,0.249655296,0.81796875,0.7782041139240502,success,sgd,1.0,1000000,1e-06,0.002,0.9,0.014158071893212,
1D-gaussian-6c-2048p,2048,2048,0.0467170310239592,1000000,0.018656416938186,,seconds,186.76356291770932,186.6807836033404,megabytes,682.0,682.0,96.0,95.91271820448878,0.249655296,0.249655296,0.83125,0.7791449111596014,success,sgd,1.0,1000000,1e-06,0.002,0.9,0.018656416938186,
1D-gaussian-6c-2048p,2048,2048,0.0391267930945384,1000000,0.0177481215399247,,seconds,186.02450323104856,185.9743565320969,megabytes,682.0,682.0,96.0,95.90367553865651,0.249679872,0.249679872,0.83515625,0.7791280497465157,success,sgd,1.0,1000000,1e-06,0.002,0.9,0.0177481215399247,
1D-gaussian-6c-2048p,2048,2048,0.0513924592410351,1000000,0.0158596848741681,,seconds,186.8226912021637,186.7198121510446,megabytes,682.0,682.0,96.0,95.84538653366585,0.249704448,0.249704448,0.83359375,0.7794429940773066,success,sgd,1.0,1000000,1e-06,0.002,0.9,0.0158596848741681,
1D-gaussian-6c-2048p,2048,2048,0.0345880538271361,1000000,0.0191470251739491,,seconds,185.97435235977173,185.75132058560848,megabytes,682.0,682.0,96.0,95.83169533169531,0.24971264,0.24971264,0.8296875,0.7782536087223586,success,sgd,1.0,1000000,1e-06,0.002,0.9,0.0191470251739491,
1D-gaussian-6c-2048p,2048,2048,0.0859777349363996,1000000,0.0194063632165186,,seconds,186.87073278427124,186.7333765346557,megabytes,682.0,682.0,96.0,95.81053952321204,0.249749504,0.249749504,0.83046875,0.7791562107904635,success,sgd,1.0,1000000,1e-06,0.002,0.9,0.0194063632165186,
1D-gaussian-6c-2048p,2048,2048,0.084742608730847,1000000,0.0185382111864546,,seconds,186.17213129997253,186.00238832086325,megabytes,682.0,682.0,96.0,95.85427135678393,0.249806848,0.249806848,0.8203125,0.7783909783291452,success,sgd,1.0,1000000,1e-06,0.002,0.9,0.0185382111864546,
1D-gaussian-6c-2048p,2048,2048,0.0399398490127263,1000000,0.022173745322126,,seconds,187.17731881141663,187.01729829981923,megabytes,682.0,682.0,96.0,95.83167082294264,0.24983552,0.24983552,0.8453125,0.778515624999999,success,sgd,1.0,1000000,1e-06,0.002,0.9,0.022173745322126,
1D-gaussian-6c-2048p,2048,2048,0.0859152931978066,1000000,0.0222369219708594,,seconds,186.07507133483887,186.0695528201759,megabytes,682.0,682.0,96.0,95.94167679222356,0.246861824,0.246861824,0.8265625,0.7794112621506673,success,sgd,1.0,1000000,1e-06,0.002,0.9,0.0222369219708594,
1D-gaussian-6c-2048p,2048,2048,0.0867965080505396,1000000,0.0204771237109,,seconds,186.91949701309204,186.8010100442916,megabytes,682.0,682.0,96.0,95.85283018867923,0.249196544,0.249196544,0.82109375,0.7785220125786169,success,sgd,1.0,1000000,1e-06,0.002,0.9,0.0204771237109,
1D-gaussian-6c-2048p,2048,2048,0.0389536568310601,1000000,0.0225648496636548,,seconds,186.2833735942841,186.06903806887567,megabytes,682.0,682.0,96.0,95.88264058679708,0.249892864,0.249892864,0.82421875,0.7779998853911982,success,sgd,1.0,1000000,1e-06,0.002,0.9,0.0225648496636548,
1D-gaussian-6c-2048p,2048,2048,0.0659207451536019,1000000,0.0222218815770301,,seconds,186.70859003067017,186.5726663284004,megabytes,682.0,682.0,96.0,95.91728395061727,0.249884672,0.249884672,0.83515625,0.7785783179012362,success,sgd,1.0,1000000,1e-06,0.002,0.9,0.0222218815770301,
1D-gaussian-6c-2048p,2048,2048,0.0131370813280918,1000000,0.0226455720360674,,seconds,186.0814595222473,186.04814772307876,megabytes,682.0,682.0,96.0,95.85049019607844,0.24526848,0.24526848,0.83984375,0.7791953890931362,success,sgd,1.0,1000000,1e-06,0.002,0.9,0.0226455720360674,
1D-gaussian-6c-2048p,2048,2048,0.0334638111200332,1000000,0.0210207039329399,,seconds,186.65286421775815,186.6039746999741,megabytes,682.0,682.0,96.0,95.87795765877958,0.245297152,0.245297152,0.82578125,0.7787807440846821,success,sgd,1.0,1000000,1e-06,0.002,0.9,0.0210207039329399,
1D-gaussian-6c-2048p,2048,2048,0.1047953082186439,1000000,0.0166458262621015,,seconds,186.16655921936035,186.03979039937255,megabytes,682.0,682.0,96.0,95.82663316582916,0.245338112,0.245338112,0.83515625,0.7793066896984934,success,sgd,1.0,1000000,1e-06,0.002,0.9,0.0166458262621015,
1D-gaussian-6c-2048p,2048,2048,0.1060119688088459,1000000,0.0217185430924503,,seconds,186.7423379421234,186.5510119646788,megabytes,682.0,682.0,96.0,95.89987484355444,0.245403648,0.245403648,0.828125,0.7785826032540683,success,sgd,1.0,1000000,1e-06,0.002,0.9,0.0217185430924503,
1D-gaussian-6c-2048p,2048,2048,0.1401873085121977,1000000,0.0200883900092784,,seconds,185.72816705703733,185.7294622566551,megabytes,682.0,682.0,96.0,95.93073047858942,0.245374976,0.245374976,0.8328125,0.780334933879093,success,sgd,1.0,1000000,1e-06,0.002,0.9,0.0200883900092784,
1D-gaussian-6c-2048p,2048,2048,0.1670086015348617,1000000,0.0155360658033969,,seconds,186.7552661895752,186.67091073654592,megabytes,682.0,682.0,96.0,95.9090909090909,0.24711168,0.24711168,0.8421875,0.7783903488005053,success,sgd,1.0,1000000,1e-06,0.002,0.9,0.0155360658033969,
1D-gaussian-6c-2048p,2048,2048,0.1228883307360973,1000000,0.0194608432504305,,seconds,186.11111736297607,185.96498562023044,megabytes,682.0,682.0,96.0,95.87960687960688,0.25010176,0.25010176,0.83203125,0.7795444947788697,success,sgd,1.0,1000000,1e-06,0.002,0.9,0.0194608432504305,
1D-gaussian-6c-2048p,2048,2048,0.038097845508374,1000000,0.0218841858752538,,seconds,186.97982811927795,186.81092467159036,megabytes,682.0,682.0,96.0,95.85543608124252,0.250097664,0.250097664,0.82265625,0.7788101105137393,success,sgd,1.0,1000000,1e-06,0.002,0.9,0.0218841858752538,
1D-gaussian-6c-2048p,2048,2048,0.13572543360891,1000000,0.0178269404368318,,seconds,186.04344725608823,185.89069537445903,megabytes,682.0,682.0,96.0,95.84708737864078,0.250105856,0.250105856,0.8265625,0.7797235285194178,success,sgd,1.0,1000000,1e-06,0.002,0.9,0.0178269404368318,
1D-gaussian-6c-2048p,2048,2048,0.0481052191267016,1000000,0.0232029584702125,,seconds,186.2878420352936,186.26957823336124,megabytes,682.0,682.0,96.0,95.885,0.250167296,0.250167296,0.82109375,0.7799365234375004,success,sgd,1.0,1000000,1e-06,0.002,0.9,0.0232029584702125,
1D-gaussian-6c-2048p,2048,2048,0.0570167881466405,1000000,0.0188908722685462,,seconds,186.3680922985077,186.20741911232471,megabytes,682.0,682.0,96.0,95.88650693568728,0.24721408,0.24721408,0.83828125,0.7774146831651951,success,sgd,1.0,1000000,1e-06,0.002,0.9,0.0188908722685462,
1D-gaussian-6c-2048p,2048,2048,0.1345292540360372,1000000,0.0176016731524886,,seconds,186.7066106796265,186.5777193848044,megabytes,682.0,682.0,96.0,95.91739674593242,0.247250944,0.247250944,0.83125,0.7787644712140173,success,sgd,1.0,1000000,1e-06,0.002,0.9,0.0176016731524886,
1D-gaussian-6c-2048p,2048,2048,0.1120504769408851,1000000,0.0202435899020998,,seconds,186.1533954143524,186.1557635255158,megabytes,682.0,682.0,96.0,95.92450495049503,0.247279616,0.247279616,0.81953125,0.7796691290222768,success,sgd,1.0,1000000,1e-06,0.002,0.9,0.0202435899020998,
1D-gaussian-6c-2048p,2048,2048,0.1950155947917636,1000000,0.0174680571035639,,seconds,186.86357498168945,186.8324035257101,megabytes,682.0,682.0,96.0,95.92759051186016,0.24727552,0.24727552,0.81875,0.7803712156679153,success,sgd,1.0,1000000,1e-06,0.002,0.9,0.0174680571035639,
1D-gaussian-6c-2048p,2048,2048,0.1292697572765361,1000000,0.0191875933934832,,seconds,186.6917562484741,186.69468792714176,megabytes,682.0,682.0,96.0,95.86912325285896,0.247320576,0.247320576,0.81953125,0.7794949174078776,success,sgd,1.0,1000000,1e-06,0.002,0.9,0.0191875933934832,
1D-gaussian-2c-32p,32,32,0.0306450616972476,1000000,1.439345334421912e-05,,seconds,41.75706434249878,41.61227257177234,megabytes,552.0,552.0,78.0,75.34375,0.246370304,0.246370304,0.84375,0.7759440104166666,success,sgd,0.1,1000000,1e-06,0.002,0.9,1.439345334421912e-05,
1D-gaussian-2c-32p,32,32,0.4019280369660091,1000000,1.6350051842760246e-05,,seconds,40.77237510681152,40.64974386431277,megabytes,552.0,552.0,81.0,76.63888888888889,0.248102912,0.248102912,0.84765625,0.7773480902777774,success,sgd,0.1,1000000,1e-06,0.002,0.9,1.6350051842760246e-05,
1D-gaussian-2c-32p,32,32,0.0373470475359554,1000000,1.5568506389927146e-05,,seconds,41.45349597930908,41.270371459424496,megabytes,552.0,552.0,79.0,75.37912087912088,0.24651776,0.24651776,0.821875,0.7758842719780221,success,sgd,0.1,1000000,1e-06,0.002,0.9,1.5568506389927146e-05,
1D-gaussian-2c-32p,32,32,0.03269099076644,1000000,1.3528962745326176e-05,,seconds,40.971991300582886,40.79663989506662,megabytes,552.0,552.0,79.0,76.12359550561797,0.246489088,0.246489088,0.83515625,0.7750614466292133,success,sgd,0.1,1000000,1e-06,0.002,0.9,1.3528962745326176e-05,
1D-gaussian-2c-32p,32,32,0.532709331013352,1000000,1.909618675240249e-05,,seconds,39.26597595214844,39.1145620662719,megabytes,552.0,552.0,80.0,78.80838323353294,0.246427648,0.246427648,0.83359375,0.77705370508982,success,sgd,0.1,1000000,1e-06,0.002,0.9,1.909618675240249e-05,
1D-gaussian-2c-32p,32,32,0.130081619110241,1000000,1.58791076517734e-05,,seconds,41.59196090698242,41.42055828869343,megabytes,552.0,552.0,84.0,75.18848167539267,0.246419456,0.246419456,0.82109375,0.7739978730366488,success,sgd,0.1,1000000,1e-06,0.002,0.9,1.58791076517734e-05,
1D-gaussian-2c-32p,32,32,0.0968100564337702,1000000,1.699925711653917e-05,,seconds,40.13457536697388,39.97392920590937,megabytes,552.0,552.0,80.0,77.35911602209944,0.246325248,0.246325248,0.82734375,0.776346685082873,success,sgd,0.1,1000000,1e-06,0.002,0.9,1.699925711653917e-05,
1D-gaussian-2c-32p,32,32,0.1172298257217196,1000000,1.6291824428781496e-05,,seconds,40.87765264511109,40.714878192171454,megabytes,552.0,552.0,79.0,76.18041237113403,0.246329344,0.246329344,0.82421875,0.7746738079896909,success,sgd,0.1,1000000,1e-06,0.002,0.9,1.6291824428781496e-05,
1D-gaussian-2c-32p,32,32,0.0307838806075911,1000000,1.6099421204590184e-05,,seconds,39.64694905281067,39.48799023963511,megabytes,552.0,552.0,80.0,77.98295454545455,0.246308864,0.246308864,0.81875,0.7759011008522727,success,sgd,0.1,1000000,1e-06,0.002,0.9,1.6099421204590184e-05,
1D-gaussian-2c-32p,32,32,0.0270592320745958,1000000,1.3154786060113162e-05,,seconds,40.92055678367615,40.90674074925482,megabytes,552.0,552.0,80.0,76.07065217391305,0.246214656,0.246214656,0.81875,0.7794454823369567,success,sgd,0.1,1000000,1e-06,0.002,0.9,1.3154786060113162e-05,
1D-gaussian-2c-32p,32,32,0.2116044533882025,1000000,1.6785064240509646e-05,,seconds,39.27049970626831,39.239824963733554,megabytes,552.0,552.0,83.0,78.88372093023256,0.246247424,0.246247424,0.80859375,0.7766760537790698,success,sgd,0.1,1000000,1e-06,0.002,0.9,1.6785064240509646e-05,
1D-gaussian-2c-32p,32,32,0.0637205215024231,1000000,1.6823860704298755e-05,,seconds,40.31326055526733,40.27310762740672,megabytes,552.0,552.0,80.0,76.67021276595744,0.246185984,0.246185984,0.828125,0.7796625664893618,success,sgd,0.1,1000000,1e-06,0.002,0.9,1.6823860704298755e-05,
1D-gaussian-2c-32p,32,32,0.0637958849284912,1000000,1.5629352275455313e-05,,seconds,39.53213214874268,39.38140780478716,megabytes,552.0,552.0,82.0,78.41142857142857,0.246153216,0.246153216,0.8375,0.7749151785714289,success,sgd,0.1,1000000,1e-06,0.002,0.9,1.5629352275455313e-05,
1D-gaussian-2c-32p,32,32,0.0611894031062166,1000000,1.5246005126688476e-05,,seconds,39.43066358566284,39.3577084466815,megabytes,552.0,552.0,83.0,78.26775956284153,0.24614912,0.24614912,0.81953125,0.7775145150273226,success,sgd,0.1,1000000,1e-06,0.002,0.9,1.5246005126688476e-05,
1D-gaussian-2c-32p,32,32,0.202050022124695,1000000,1.7042972991095385e-05,,seconds,40.900062799453735,40.77898304909468,megabytes,552.0,552.0,81.0,76.25133689839572,0.246214656,0.246214656,0.821875,0.7778158422459893,success,sgd,0.1,1000000,1e-06,0.002,0.9,1.7042972991095385e-05,
1D-gaussian-2c-32p,32,32,0.1706736455609467,1000000,1.5722679558745145e-05,,seconds,40.389126777648926,40.21048808284104,megabytes,552.0,552.0,84.0,77.12574850299401,0.246235136,0.246235136,0.83515625,0.7761742140718565,success,sgd,0.1,1000000,1e-06,0.002,0.9,1.5722679558745145e-05,
1D-gaussian-2c-32p,32,32,0.2279488913024637,1000000,1.7259801567831182e-05,,seconds,41.02206468582153,40.88313265144825,megabytes,552.0,552.0,79.0,75.98924731182795,0.246165504,0.246165504,0.821875,0.7768313172043008,success,sgd,0.1,1000000,1e-06,0.002,0.9,1.7259801567831182e-05,
1D-gaussian-2c-32p,32,32,0.1568949348884799,1000000,1.4687741022794977e-05,,seconds,40.55961108207703,40.4151719994843,megabytes,552.0,552.0,79.0,76.82022471910112,0.246198272,0.246198272,0.8234375,0.7760138693820225,success,sgd,0.1,1000000,1e-06,0.002,0.9,1.4687741022794977e-05,
1D-gaussian-2c-32p,32,32,0.2553379851180909,1000000,1.5492018901527384e-05,,seconds,40.76539492607117,40.60322937555611,megabytes,552.0,552.0,79.0,76.64480874316939,0.246198272,0.246198272,0.825,0.7757556352459017,success,sgd,0.1,1000000,1e-06,0.002,0.9,1.5492018901527384e-05,
1D-gaussian-2c-32p,32,32,0.0658290176777827,1000000,1.543664527102052e-05,,seconds,40.577810525894165,40.53608676791191,megabytes,552.0,552.0,83.0,76.78453038674033,0.246202368,0.246202368,0.81953125,0.7790486878453037,success,sgd,0.1,1000000,1e-06,0.002,0.9,1.543664527102052e-05,
1D-gaussian-2c-32p,32,32,0.669723397161746,1000000,2.045825041244225e-05,,seconds,40.35858082771301,40.27487688139081,megabytes,552.0,552.0,80.0,76.88648648648649,0.246243328,0.246243328,0.825,0.7782221283783785,success,sgd,0.1,1000000,1e-06,0.002,0.9,2.045825041244225e-05,
1D-gaussian-2c-32p,32,32,0.8747789971599554,1000000,3.009790933781362e-05,,seconds,40.53163766860962,40.49382255598903,megabytes,552.0,552.0,79.0,76.57142857142857,0.246276096,0.246276096,0.815625,0.7796960851648356,success,sgd,0.1,1000000,1e-06,0.002,0.9,3.009790933781362e-05,
1D-gaussian-2c-32p,32,32,0.9156584373482336,1000000,3.071551832673295e-05,,seconds,40.052550077438354,39.895584834739566,megabytes,552.0,552.0,80.0,77.60220994475138,0.246272,0.246272,0.84140625,0.7760272790055248,success,sgd,0.1,1000000,1e-06,0.002,0.9,3.071551832673295e-05,
1D-gaussian-2c-32p,32,32,0.0310890068693745,1000000,1.532281204620169e-05,,seconds,39.820950746536255,39.72248535044491,megabytes,552.0,552.0,80.0,77.78089887640449,0.246288384,0.246288384,0.83125,0.7773832514044942,success,sgd,0.1,1000000,1e-06,0.002,0.9,1.532281204620169e-05,
1D-gaussian-2c-32p,32,32,0.074140656296589,1000000,1.4734032263534465e-05,,seconds,39.99166536331177,39.9868360683322,megabytes,552.0,552.0,82.0,77.65116279069767,0.247984128,0.247984128,0.83359375,0.7805823037790699,success,sgd,0.1,1000000,1e-06,0.002,0.9,1.4734032263534465e-05,
1D-gaussian-2c-32p,32,32,0.7682148485441149,1000000,2.390229098493849e-05,,seconds,40.56724143028259,40.45996128208935,megabytes,552.0,552.0,82.0,76.8465909090909,0.246337536,0.246337536,0.815625,0.778364701704546,success,sgd,0.1,1000000,1e-06,0.002,0.9,2.390229098493849e-05,
1D-gaussian-2c-32p,32,32,0.5774891951281172,1000000,1.940510680575578e-05,,seconds,40.7039167881012,40.664458787068725,megabytes,552.0,552.0,82.0,76.28651685393258,0.24635392,0.24635392,0.8234375,0.7775237008426968,success,sgd,0.1,1000000,1e-06,0.002,0.9,1.940510680575578e-05,
1D-gaussian-2c-32p,32,32,0.0555592487785954,1000000,1.5337102488340208e-05,,seconds,41.56838250160217,41.424094304442406,megabytes,552.0,552.0,79.0,75.20855614973262,0.246386688,0.246386688,0.82109375,0.7763494318181818,success,sgd,0.1,1000000,1e-06,0.002,0.9,1.5337102488340208e-05,
1D-gaussian-2c-32p,32,32,0.4322099045317952,1000000,1.8579986576921716e-05,,seconds,41.35069060325623,41.341288140043616,megabytes,552.0,552.0,78.0,75.58064516129032,0.24641536,0.24641536,0.82109375,0.77955309139785,success,sgd,0.1,1000000,1e-06,0.002,0.9,1.8579986576921716e-05,
1D-gaussian-2c-32p,32,32,0.0603390617948631,1000000,1.5735175447524514e-05,,seconds,40.14536333084106,39.98205818980932,megabytes,552.0,552.0,83.0,77.48837209302326,0.246398976,0.246398976,0.81484375,0.7780704941860467,success,sgd,0.1,1000000,1e-06,0.002,0.9,1.5735175447524514e-05,
1D-gaussian-2c-32p,32,32,0.2141689151924356,1000000,1.768153928708725e-05,,seconds,40.78367471694946,40.79235088080168,megabytes,552.0,552.0,79.0,76.29444444444445,0.246452224,0.246452224,0.81953125,0.7807855902777779,success,sgd,0.1,1000000,1e-06,0.002,0.9,1.768153928708725e-05,
1D-gaussian-2c-64p,64,64,0.0306572379738687,1000000,2.054656430952908e-05,,seconds,43.53193712234497,43.35115911625326,megabytes,552.0,552.0,83.0,81.84878048780487,0.24655872,0.24655872,0.8234375,0.7762728658536584,success,sgd,0.1,1000000,1e-06,0.002,0.9,2.054656430952908e-05,
1D-gaussian-2c-64p,64,64,0.4018314317992326,1000000,2.579399796027205e-05,,seconds,43.895469665527344,43.73334159515798,megabytes,552.0,552.0,83.0,81.27835051546391,0.246534144,0.246534144,0.8203125,0.7773679123711341,success,sgd,0.1,1000000,1e-06,0.002,0.9,2.579399796027205e-05,
1D-gaussian-2c-64p,64,64,0.0373646868629094,1000000,2.169234471180039e-05,,seconds,43.67606735229492,43.579745411872864,megabytes,552.0,552.0,83.0,81.68877551020408,0.248233984,0.248233984,0.821875,0.7763233418367348,success,sgd,0.1,1000000,1e-06,0.002,0.9,2.169234471180039e-05,
1D-gaussian-2c-64p,64,64,0.0327051597985795,1000000,1.933362169297986e-05,,seconds,43.8974072933197,43.76046611368656,megabytes,552.0,552.0,83.0,81.22680412371135,0.246550528,0.246550528,0.828125,0.7779921069587629,success,sgd,0.1,1000000,1e-06,0.002,0.9,1.933362169297986e-05,
1D-gaussian-2c-64p,64,64,0.5326236703619646,1000000,2.6494223406986027e-05,,seconds,43.73624801635742,43.66553417220712,megabytes,552.0,552.0,83.0,81.56994818652849,0.246566912,0.246566912,0.815625,0.7775218588082901,success,sgd,0.1,1000000,1e-06,0.002,0.9,2.6494223406986027e-05,
1D-gaussian-2c-64p,64,64,0.130080746510104,1000000,2.223382644348198e-05,,seconds,43.6729109287262,43.52185699157417,megabytes,552.0,552.0,83.0,81.73604060913705,0.246562816,0.246562816,0.81796875,0.7761421319796955,success,sgd,0.1,1000000,1e-06,0.002,0.9,2.223382644348198e-05,
1D-gaussian-2c-64p,64,64,0.0968159714619368,1000000,2.384619583473326e-05,,seconds,43.44066977500916,43.41299842856824,megabytes,552.0,552.0,82.0,80.935,0.24832,0.24832,0.83125,0.7804218750000003,success,sgd,0.1,1000000,1e-06,0.002,0.9,2.384619583473326e-05,
1D-gaussian-2c-64p,64,64,0.1172258117323747,1000000,2.321154241103026e-05,,seconds,43.81267499923706,43.73402559570968,megabytes,552.0,552.0,83.0,81.22680412371135,0.246632448,0.246632448,0.815625,0.7797156894329897,success,sgd,0.1,1000000,1e-06,0.002,0.9,2.321154241103026e-05,
1D-gaussian-2c-64p,64,64,0.0308030494579017,1000000,2.255468936438135e-05,,seconds,43.62371349334717,43.52782400511205,megabytes,552.0,552.0,83.0,81.67171717171718,0.246665216,0.246665216,0.81953125,0.7750118371212115,success,sgd,0.1,1000000,1e-06,0.002,0.9,2.255468936438135e-05,
1D-gaussian-2c-64p,64,64,0.0270671310564102,1000000,1.950429923736307e-05,,seconds,43.889893770217896,43.8174725882709,megabytes,552.0,552.0,83.0,81.02072538860104,0.246665216,0.246665216,0.81796875,0.7799587111398965,success,sgd,0.1,1000000,1e-06,0.002,0.9,1.950429923736307e-05,
1D-gaussian-2c-64p,64,64,0.2115775565723346,1000000,2.406002850698258e-05,,seconds,43.666478633880615,43.664618384093046,megabytes,552.0,552.0,83.0,81.54545454545455,0.246718464,0.246718464,0.8234375,0.7787720959595958,success,sgd,0.1,1000000,1e-06,0.002,0.9,2.406002850698258e-05,
1D-gaussian-2c-64p,64,64,0.0637343816458362,1000000,2.335066858117482e-05,,seconds,43.442415952682495,43.281439788639545,megabytes,552.0,552.0,83.0,82.26570048309179,0.246714368,0.246714368,0.81484375,0.7766115640096614,success,sgd,0.1,1000000,1e-06,0.002,0.9,2.335066858117482e-05,
1D-gaussian-2c-64p,64,64,0.0638073403682935,1000000,2.2062511600753027e-05,,seconds,44.0154721736908,43.90433404967189,megabytes,552.0,552.0,82.0,80.34224598930481,0.246755328,0.246755328,0.83984375,0.7766001002673797,success,sgd,0.1,1000000,1e-06,0.002,0.9,2.2062511600753027e-05,
1D-gaussian-2c-64p,64,64,0.0611998017584789,1000000,2.126556939049783e-05,,seconds,43.85483169555664,43.69031110964716,megabytes,552.0,552.0,83.0,81.296875,0.246767616,0.246767616,0.821875,0.7745808919270836,success,sgd,0.1,1000000,1e-06,0.002,0.9,2.126556939049783e-05,
1D-gaussian-2c-64p,64,64,0.2020205621102351,1000000,2.446283454630693e-05,,seconds,43.764240741729736,43.71215398609638,megabytes,552.0,552.0,83.0,81.50515463917526,0.246771712,0.246771712,0.815625,0.777512886597938,success,sgd,0.1,1000000,1e-06,0.002,0.9,2.446283454630693e-05,
1D-gaussian-2c-64p,64,64,0.1706658713459496,1000000,2.1992989808087583e-05,,seconds,43.66050696372986,43.4942591432482,megabytes,552.0,552.0,83.0,81.72277227722772,0.246800384,0.246800384,0.81953125,0.776987933168317,success,sgd,0.1,1000000,1e-06,0.002,0.9,2.1992989808087583e-05,
1D-gaussian-2c-64p,64,64,0.227913247885867,1000000,2.481352026602409e-05,,seconds,43.96046233177185,43.765669556334615,megabytes,552.0,552.0,82.0,80.37628865979381,0.246910976,0.246910976,0.8109375,0.7740254510309275,success,sgd,0.1,1000000,1e-06,0.002,0.9,2.481352026602409e-05,
1D-gaussian-2c-64p,64,64,0.1568679456325958,1000000,2.106475779310957e-05,,seconds,43.978885650634766,43.77725044265389,megabytes,552.0,552.0,82.0,80.66145833333333,0.246816768,0.246816768,0.81015625,0.7756469726562499,success,sgd,0.1,1000000,1e-06,0.002,0.9,2.106475779310957e-05,
1D-gaussian-2c-64p,64,64,0.25530967228059,1000000,2.1642481537765856e-05,,seconds,43.83692693710327,43.75652922317386,megabytes,552.0,552.0,83.0,81.26424870466322,0.246837248,0.246837248,0.81875,0.7799101360103632,success,sgd,0.1,1000000,1e-06,0.002,0.9,2.1642481537765856e-05,
1D-gaussian-2c-64p,64,64,0.0658424913080595,1000000,2.1510338310803423e-05,,seconds,43.72302031517029,43.69994513317943,megabytes,552.0,552.0,82.0,80.47668393782384,0.248590336,0.248590336,0.81875,0.7793798575129529,success,sgd,0.1,1000000,1e-06,0.002,0.9,2.1510338310803423e-05,
1D-gaussian-2c-64p,64,64,0.669632282603949,1000000,2.8799007680714768e-05,,seconds,43.70543241500855,43.55915788561106,megabytes,552.0,552.0,82.0,80.835,0.246923264,0.246923264,0.8328125,0.7772656249999996,success,sgd,0.1,1000000,1e-06,0.002,0.9,2.8799007680714768e-05,
1D-gaussian-2c-64p,64,64,0.8746012030178978,1000000,3.678825041666343e-05,,seconds,43.59712529182434,43.48535617440939,megabytes,552.0,552.0,83.0,81.85,0.24690688,0.24690688,0.82578125,0.7770820312500001,success,sgd,0.1,1000000,1e-06,0.002,0.9,3.678825041666343e-05,
1D-gaussian-2c-64p,64,64,0.9155145296450802,1000000,3.737535589055489e-05,,seconds,43.755452156066895,43.56602338515222,megabytes,552.0,552.0,82.0,80.96984924623115,0.247042048,0.247042048,0.81953125,0.774952889447236,success,sgd,0.1,1000000,1e-06,0.002,0.9,3.737535589055489e-05,
1D-gaussian-2c-64p,64,64,0.0311071333049003,1000000,2.1559041412838844e-05,,seconds,44.023195028305054,43.84415267035365,megabytes,552.0,552.0,83.0,80.82631578947368,0.248705024,0.248705024,0.8140625,0.7747245065789473,success,sgd,0.1,1000000,1e-06,0.002,0.9,2.1559041412838844e-05,
1D-gaussian-2c-64p,64,64,0.074144941020883,1000000,2.0908699796894027e-05,,seconds,43.64089107513428,43.626775823533535,megabytes,552.0,552.0,83.0,81.3025641025641,0.24705024,0.24705024,0.82265625,0.7795512820512819,success,sgd,0.1,1000000,1e-06,0.002,0.9,2.0908699796894027e-05,
1D-gaussian-2c-64p,64,64,0.768083502708734,1000000,3.212064799489097e-05,,seconds,43.845261096954346,43.690012741833925,megabytes,552.0,552.0,82.0,80.77319587628865,0.24705024,0.24705024,0.8125,0.7774081829896913,success,sgd,0.1,1000000,1e-06,0.002,0.9,3.212064799489097e-05,
1D-gaussian-2c-64p,64,64,0.5773887575611745,1000000,2.712782578465974e-05,,seconds,43.65576672554016,43.65024770051241,megabytes,552.0,552.0,83.0,81.421875,0.247046144,0.247046144,0.81875,0.7794270833333329,success,sgd,0.1,1000000,1e-06,0.002,0.9,2.712782578465974e-05,
1D-gaussian-2c-64p,64,64,0.055572977972809,1000000,2.15516507379898e-05,,seconds,43.69737911224365,43.68861638754606,megabytes,552.0,552.0,83.0,81.375,0.247095296,0.247095296,0.82109375,0.7789428710937499,success,sgd,0.1,1000000,1e-06,0.002,0.9,2.15516507379898e-05,
1D-gaussian-2c-64p,64,64,0.4321206408574591,1000000,2.8844792805506557e-05,,seconds,43.76676321029663,43.713459242135286,megabytes,552.0,552.0,82.0,80.43979057591623,0.247103488,0.247103488,0.8140625,0.7798920157068061,success,sgd,0.1,1000000,1e-06,0.002,0.9,2.8844792805506557e-05,
1D-gaussian-2c-64p,64,64,0.0603557898574318,1000000,2.2017052175866976e-05,,seconds,43.80707573890686,43.64816757664085,megabytes,552.0,552.0,82.0,80.65128205128205,0.2471936,0.2471936,0.815625,0.775332532051282,success,sgd,0.1,1000000,1e-06,0.002,0.9,2.2017052175866976e-05,
1D-gaussian-2c-64p,64,64,0.2141303165136426,1000000,2.5381735197733083e-05,,seconds,43.8201858997345,43.77332409285009,megabytes,552.0,552.0,82.0,80.2063492063492,0.247144448,0.247144448,0.81640625,0.778534226190476,success,sgd,0.1,1000000,1e-06,0.002,0.9,2.5381735197733083e-05,
1D-gaussian-2c-128p,128,128,0.0306741841600496,1000000,2.6668318407213267e-05,,seconds,49.80805730819702,49.63212815485895,megabytes,552.0,552.0,82.0,80.02272727272727,0.247304192,0.247304192,0.81953125,0.7745738636363637,success,sgd,0.1,1000000,1e-06,0.002,0.9,2.6668318407213267e-05,
1D-gaussian-2c-128p,128,128,0.4016261300061957,1000000,4.130837149424389e-05,,seconds,49.607911348342896,49.42562944814563,megabytes,552.0,552.0,86.0,80.26363636363637,0.24733696,0.24733696,0.81953125,0.775997869318182,success,sgd,0.1,1000000,1e-06,0.002,0.9,4.130837149424389e-05,
1D-gaussian-2c-128p,128,128,0.0373913710355823,1000000,2.8834111422912108e-05,,seconds,49.7816801071167,49.73236614651978,megabytes,552.0,552.0,83.0,79.65158371040724,0.247279616,0.247279616,0.82109375,0.7792279411764704,success,sgd,0.1,1000000,1e-06,0.002,0.9,2.8834111422912108e-05,
1D-gaussian-2c-128p,128,128,0.032729725141043,1000000,2.675766264666726e-05,,seconds,49.68250179290772,49.64832955598831,megabytes,552.0,552.0,87.0,79.71100917431193,0.247271424,0.247271424,0.81953125,0.77834002293578,success,sgd,0.1,1000000,1e-06,0.002,0.9,2.675766264666726e-05,
1D-gaussian-2c-128p,128,128,0.5324075098842154,1000000,4.195873746001495e-05,,seconds,49.85372352600098,49.7402661498636,megabytes,552.0,552.0,82.0,79.72727272727273,0.24825856,0.24825856,0.83046875,0.7771484374999996,success,sgd,0.1,1000000,1e-06,0.002,0.9,4.195873746001495e-05,
1D-gaussian-2c-128p,128,128,0.1300554530956489,1000000,3.040011178021241e-05,,seconds,50.137481689453125,50.00666887871921,megabytes,552.0,552.0,82.0,79.42731277533039,0.247353344,0.247353344,0.8203125,0.777271475770925,success,sgd,0.1,1000000,1e-06,0.002,0.9,3.040011178021241e-05,
1D-gaussian-2c-128p,128,128,0.0968124856814339,1000000,3.3019258632366354e-05,,seconds,49.70441794395447,49.61308790370822,megabytes,552.0,552.0,84.0,79.77314814814815,0.247341056,0.247341056,0.81328125,0.7782515914351854,success,sgd,0.1,1000000,1e-06,0.002,0.9,3.3019258632366354e-05,
1D-gaussian-2c-128p,128,128,0.1172017668012107,1000000,3.251393689941047e-05,,seconds,49.4800910949707,49.36231568455696,megabytes,552.0,552.0,83.0,80.13084112149532,0.24737792,0.24737792,0.834375,0.7771283586448601,success,sgd,0.1,1000000,1e-06,0.002,0.9,3.251393689941047e-05,
1D-gaussian-2c-128p,128,128,0.0308329445570166,1000000,2.965004888598302e-05,,seconds,49.96383285522461,49.8817574698478,megabytes,552.0,552.0,82.0,79.71300448430493,0.249049088,0.249049088,0.81640625,0.7781004764573994,success,sgd,0.1,1000000,1e-06,0.002,0.9,2.965004888598302e-05,
1D-gaussian-2c-128p,128,128,0.0270830314811691,1000000,2.850214906816661e-05,,seconds,50.59901165962219,50.5576482322067,megabytes,552.0,552.0,86.0,78.6,0.247427072,0.247427072,0.825,0.7790325797872347,success,sgd,0.1,1000000,1e-06,0.002,0.9,2.850214906816661e-05,
1D-gaussian-2c-128p,128,128,0.2115057454248927,1000000,3.464214090942136e-05,,seconds,49.64331817626953,49.556818617507815,megabytes,552.0,552.0,83.0,80.04566210045662,0.2473984,0.2473984,0.815625,0.7770262557077626,success,sgd,0.1,1000000,1e-06,0.002,0.9,3.464214090942136e-05,
1D-gaussian-2c-128p,128,128,0.0637482519350034,1000000,3.117942829696146e-05,,seconds,49.72382283210754,49.53769399039447,megabytes,552.0,552.0,82.0,80.36363636363636,0.24748032,0.24748032,0.815625,0.7749041193181819,success,sgd,0.1,1000000,1e-06,0.002,0.9,3.117942829696146e-05,
1D-gaussian-2c-128p,128,128,0.0638209620136096,1000000,2.9798735719725653e-05,,seconds,50.346198081970215,50.30298109538853,megabytes,552.0,552.0,82.0,78.78540772532189,0.249122816,0.249122816,0.81796875,0.7784569474248926,success,sgd,0.1,1000000,1e-06,0.002,0.9,2.9798735719725653e-05,
1D-gaussian-2c-128p,128,128,0.0612093544666361,1000000,2.9023540481407588e-05,,seconds,50.37911009788513,50.24918157607317,megabytes,552.0,552.0,82.0,78.8076923076923,0.247504896,0.247504896,0.8234375,0.7768329326923068,success,sgd,0.1,1000000,1e-06,0.002,0.9,2.9023540481407588e-05,
1D-gaussian-2c-128p,128,128,0.2019417888650486,1000000,3.588639886851263e-05,,seconds,50.61146759986877,50.4420363008976,megabytes,552.0,552.0,83.0,78.65957446808511,0.247496704,0.247496704,0.81875,0.7779155585106381,success,sgd,0.1,1000000,1e-06,0.002,0.9,3.588639886851263e-05,
1D-gaussian-2c-128p,128,128,0.1706289058996104,1000000,3.066597423644538e-05,,seconds,50.05761909484863,49.89199670962989,megabytes,552.0,552.0,84.0,79.1359649122807,0.24756224,0.24756224,0.8140625,0.7763877467105265,success,sgd,0.1,1000000,1e-06,0.002,0.9,3.066597423644538e-05,
1D-gaussian-2c-128p,128,128,0.2278254023303835,1000000,3.593944114709543e-05,,seconds,50.16666340827942,50.10693843849003,megabytes,552.0,552.0,87.0,79.15720524017468,0.24756224,0.24756224,0.81640625,0.7778213700873362,success,sgd,0.1,1000000,1e-06,0.002,0.9,3.593944114709543e-05,
1D-gaussian-2c-128p,128,128,0.1567982250042821,1000000,3.0495733531644685e-05,,seconds,49.72652530670166,49.63755903951824,megabytes,552.0,552.0,82.0,79.72727272727273,0.2476032,0.2476032,0.81640625,0.7774147727272723,success,sgd,0.1,1000000,1e-06,0.002,0.9,3.0495733531644685e-05,
1D-gaussian-2c-128p,128,128,0.2552255946997691,1000000,3.085053018447404e-05,,seconds,49.83697772026062,49.65603537671268,megabytes,552.0,552.0,84.0,79.90867579908675,0.247656448,0.247656448,0.8234375,0.7760880422374432,success,sgd,0.1,1000000,1e-06,0.002,0.9,3.085053018447404e-05,
1D-gaussian-2c-128p,128,128,0.0658573571053708,1000000,2.925220262495334e-05,,seconds,49.40363621711731,49.32109643518925,megabytes,552.0,552.0,85.0,80.06542056074767,0.249311232,0.249311232,0.834375,0.7792238609813077,success,sgd,0.1,1000000,1e-06,0.002,0.9,2.925220262495334e-05,
1D-gaussian-2c-128p,128,128,0.6694057786041737,1000000,4.768989655914573e-05,,seconds,50.035170793533325,50.03999080695212,megabytes,552.0,552.0,82.0,79.34666666666666,0.247631872,0.247631872,0.815625,0.7807638888888893,success,sgd,0.1,1000000,1e-06,0.002,0.9,4.768989655914573e-05,
1D-gaussian-2c-128p,128,128,0.8741733814171508,1000000,6.007267815088797e-05,,seconds,49.75922894477844,49.7383322827518,megabytes,552.0,552.0,82.0,79.71428571428571,0.247635968,0.247635968,0.81875,0.7787946428571432,success,sgd,0.1,1000000,1e-06,0.002,0.9,6.007267815088797e-05,
1D-gaussian-2c-128p,128,128,0.9151718067838,1000000,5.594872471350665e-05,,seconds,50.44649910926819,50.400570802390575,megabytes,552.0,552.0,85.0,78.85470085470085,0.247668736,0.247668736,0.821875,0.779717548076923,success,sgd,0.1,1000000,1e-06,0.002,0.9,5.594872471350665e-05,
1D-gaussian-2c-128p,128,128,0.0311353366711213,1000000,2.8454793063137177e-05,,seconds,49.7351222038269,49.69368629343808,megabytes,552.0,552.0,82.0,79.81981981981981,0.249372672,0.249372672,0.821875,0.7786282376126125,success,sgd,0.1,1000000,1e-06,0.002,0.9,2.8454793063137177e-05,
1D-gaussian-2c-128p,128,128,0.0741444143073257,1000000,2.840410506387192e-05,,seconds,50.0743670463562,49.90755791589618,megabytes,552.0,552.0,82.0,79.30973451327434,0.247754752,0.247754752,0.8296875,0.776375829646018,success,sgd,0.1,1000000,1e-06,0.002,0.9,2.840410506387192e-05,
1D-gaussian-2c-128p,128,128,0.7677687209945154,1000000,5.3328267055269725e-05,,seconds,49.78976941108704,49.76314322464168,megabytes,552.0,552.0,84.0,79.68888888888888,0.247754752,0.247754752,0.82265625,0.7804583333333334,success,sgd,0.1,1000000,1e-06,0.002,0.9,5.3328267055269725e-05,
1D-gaussian-2c-128p,128,128,0.5771464686538954,1000000,4.525206517338102e-05,,seconds,49.580530881881714,49.44492311961949,megabytes,552.0,552.0,84.0,80.2463768115942,0.247779328,0.247779328,0.809375,0.7751811594202898,success,sgd,0.1,1000000,1e-06,0.002,0.9,4.525206517338102e-05,
1D-gaussian-2c-128p,128,128,0.0555907542716725,1000000,2.934020854828648e-05,,seconds,49.96798634529114,49.87219789251685,megabytes,552.0,552.0,82.0,79.13333333333334,0.247812096,0.247812096,0.8265625,0.7764374999999998,success,sgd,0.1,1000000,1e-06,0.002,0.9,2.934020854828648e-05,
1D-gaussian-2c-128p,128,128,0.4319233029992657,1000000,4.417292928085319e-05,,seconds,49.86779952049256,49.868133230134845,megabytes,552.0,552.0,82.0,79.74770642201835,0.247832576,0.247832576,0.82578125,0.7799777809633033,success,sgd,0.1,1000000,1e-06,0.002,0.9,4.417292928085319e-05,
1D-gaussian-2c-128p,128,128,0.0603809697197862,1000000,2.951004588364312e-05,,seconds,50.24315047264099,50.08869522809982,megabytes,552.0,552.0,82.0,79.17826086956522,0.247857152,0.247857152,0.81953125,0.7778498641304349,success,sgd,0.1,1000000,1e-06,0.002,0.9,2.951004588364312e-05,
1D-gaussian-2c-128p,128,128,0.214032821376751,1000000,3.7986100278359176e-05,,seconds,49.64934015274048,49.57450514473021,megabytes,552.0,552.0,86.0,80.14622641509433,0.247857152,0.247857152,0.83671875,0.7775058962264149,success,sgd,0.1,1000000,1e-06,0.002,0.9,3.7986100278359176e-05,
1D-gaussian-2c-256p,256,256,0.0306220707293013,1000000,3.729178099124143e-05,,seconds,51.87622356414795,51.77676606923342,megabytes,554.0,554.0,86.0,84.92608695652174,0.248004608,0.248004608,0.82109375,0.7782201086956524,success,sgd,0.1,1000000,1e-06,0.002,0.9,3.729178099124143e-05,
1D-gaussian-2c-256p,256,256,0.4011019178631748,1000000,8.23140062363411e-05,,seconds,51.78158235549927,51.73947730660439,megabytes,554.0,554.0,86.0,85.1923076923077,0.248061952,0.248061952,0.81875,0.7796874999999996,success,sgd,0.1,1000000,1e-06,0.002,0.9,8.23140062363411e-05,
1D-gaussian-2c-256p,256,256,0.0373099065385781,1000000,4.4750324112750016e-05,,seconds,52.17328476905823,51.99884328059852,megabytes,554.0,554.0,86.0,84.55,0.248066048,0.248066048,0.81484375,0.7765909090909093,success,sgd,0.1,1000000,1e-06,0.002,0.9,4.4750324112750016e-05,
1D-gaussian-2c-256p,256,256,0.0326829446162908,1000000,3.4778395701800934e-05,,seconds,51.52066898345947,51.519709492102265,megabytes,554.0,554.0,86.0,85.38934426229508,0.248131584,0.248131584,0.82578125,0.7801741803278687,success,sgd,0.1,1000000,1e-06,0.002,0.9,3.4778395701800934e-05,
1D-gaussian-2c-256p,256,256,0.5318602460972701,1000000,8.329778344505912e-05,,seconds,51.92471146583557,51.82110575214029,megabytes,554.0,554.0,86.0,84.86521739130434,0.2481152,0.2481152,0.82265625,0.7791168478260874,success,sgd,0.1,1000000,1e-06,0.002,0.9,8.329778344505912e-05,
1D-gaussian-2c-256p,256,256,0.1299925230492519,1000000,4.587198662823505e-05,,seconds,51.99494338035584,51.89038451947272,megabytes,554.0,554.0,86.0,84.52173913043478,0.248160256,0.248160256,0.84921875,0.7778362771739132,success,sgd,0.1,1000000,1e-06,0.002,0.9,4.587198662823505e-05,
1D-gaussian-2c-256p,256,256,0.0967211629715995,1000000,4.712504739253535e-05,,seconds,51.767093896865845,51.76310666650534,megabytes,554.0,554.0,86.0,85.07563025210084,0.248139776,0.248139776,0.825,0.779369091386555,success,sgd,0.1,1000000,1e-06,0.002,0.9,4.712504739253535e-05,
1D-gaussian-2c-256p,256,256,0.1171266078326155,1000000,5.272352204847331e-05,,seconds,51.87689661979675,51.79906088486314,megabytes,554.0,554.0,86.0,84.98305084745763,0.248229888,0.248229888,0.815625,0.7788301112288142,success,sgd,0.1,1000000,1e-06,0.002,0.9,5.272352204847331e-05,
1D-gaussian-2c-256p,256,256,0.0307610282885374,1000000,4.267562743575869e-05,,seconds,52.28260087966919,52.11842938885093,megabytes,554.0,554.0,86.0,84.14678899082568,0.24819712,0.24819712,0.85234375,0.7777415424311931,success,sgd,0.1,1000000,1e-06,0.002,0.9,4.267562743575869e-05,
1D-gaussian-2c-256p,256,256,0.0270321619364288,1000000,5.023452189721474e-05,,seconds,52.09413409233093,52.096570421010256,megabytes,554.0,554.0,86.0,84.4088888888889,0.248254464,0.248254464,0.82734375,0.7782916666666664,success,sgd,0.1,1000000,1e-06,0.002,0.9,5.023452189721474e-05,
1D-gaussian-2c-256p,256,256,0.211380316904251,1000000,6.850736812134073e-05,,seconds,51.702614545822144,51.61607473157346,megabytes,554.0,554.0,86.0,85.33054393305439,0.248311808,0.248311808,0.82109375,0.7792560146443519,success,sgd,0.1,1000000,1e-06,0.002,0.9,6.850736812134073e-05,
1D-gaussian-2c-256p,256,256,0.0636700388732674,1000000,4.5617944313539806e-05,,seconds,52.106205701828,51.93473806418479,megabytes,554.0,554.0,86.0,84.74782608695652,0.248385536,0.248385536,0.821875,0.776443614130434,success,sgd,0.1,1000000,1e-06,0.002,0.9,4.5617944313539806e-05,
1D-gaussian-2c-256p,256,256,0.0637720944446359,1000000,4.2998100979007976e-05,,seconds,52.01469349861145,51.93223171308637,megabytes,554.0,554.0,86.0,84.57142857142857,0.248348672,0.248348672,0.81796875,0.7780607413419912,success,sgd,0.1,1000000,1e-06,0.002,0.9,4.2998100979007976e-05,
1D-gaussian-2c-256p,256,256,0.0611398782211035,1000000,4.438675028840213e-05,,seconds,51.88678216934204,51.81197460740805,megabytes,554.0,554.0,86.0,84.66523605150215,0.248418304,0.248418304,0.8171875,0.7792549624463516,success,sgd,0.1,1000000,1e-06,0.002,0.9,4.438675028840213e-05,
1D-gaussian-2c-256p,256,256,0.2017927533086933,1000000,7.130679832978232e-05,,seconds,51.90234470367432,51.903260020539165,megabytes,554.0,554.0,86.0,84.55411255411255,0.248356864,0.248356864,0.834375,0.7793594426406925,success,sgd,0.1,1000000,1e-06,0.002,0.9,7.130679832978232e-05,
1D-gaussian-2c-256p,256,256,0.1705476899627467,1000000,6.004306351286532e-05,,seconds,51.95068979263306,51.917320566251874,megabytes,554.0,554.0,86.0,84.67555555555556,0.248434688,0.248434688,0.83046875,0.7777465277777772,success,sgd,0.1,1000000,1e-06,0.002,0.9,6.004306351286532e-05,
1D-gaussian-2c-256p,256,256,0.2276542372073438,1000000,7.578714748093214e-05,,seconds,52.01295733451843,51.88585015200079,megabytes,554.0,554.0,86.0,84.75324675324676,0.248446976,0.248446976,0.8234375,0.7760721049783544,success,sgd,0.1,1000000,1e-06,0.002,0.9,7.578714748093214e-05,
1D-gaussian-2c-256p,256,256,0.1566062366206584,1000000,7.159844750788131e-05,,seconds,51.72391819953919,51.682073974981904,megabytes,554.0,554.0,86.0,85.05084745762711,0.248500224,0.248500224,0.846875,0.7820974576271181,success,sgd,0.1,1000000,1e-06,0.002,0.9,7.159844750788131e-05,
1D-gaussian-2c-256p,256,256,0.2550376378644839,1000000,5.868601591266517e-05,,seconds,52.032227754592896,51.868181051686406,megabytes,554.0,554.0,86.0,84.81623931623932,0.248549376,0.248549376,0.83046875,0.7760016025641023,success,sgd,0.1,1000000,1e-06,0.002,0.9,5.868601591266517e-05,
1D-gaussian-2c-256p,256,256,0.0657951871725052,1000000,4.080411810162833e-05,,seconds,51.9069230556488,51.89295190013945,megabytes,554.0,554.0,86.0,84.70815450643777,0.248512512,0.248512512,0.82734375,0.7793622585836912,success,sgd,0.1,1000000,1e-06,0.002,0.9,4.080411810162833e-05,
1D-gaussian-2c-256p,256,256,0.6688976978726162,1000000,9.275562340086784e-05,,seconds,51.65709733963013,51.655429158359766,megabytes,554.0,554.0,86.0,85.10833333333333,0.249499648,0.249499648,0.81953125,0.7791438802083334,success,sgd,0.1,1000000,1e-06,0.002,0.9,9.275562340086784e-05,
1D-gaussian-2c-256p,256,256,0.8732082488128272,1000000,0.0001118781627594,,seconds,52.19647479057312,52.08606973849237,megabytes,554.0,554.0,86.0,84.26872246696036,0.249536512,0.249536512,0.840625,0.7782075991189424,success,sgd,0.1,1000000,1e-06,0.002,0.9,0.0001118781627594,
1D-gaussian-2c-256p,256,256,0.9143209422740606,1000000,0.0001022809607001,,seconds,51.97537016868591,51.8535030875355,megabytes,554.0,554.0,86.0,84.9364406779661,0.250298368,0.250298368,0.82109375,0.7764797404661014,success,sgd,0.1,1000000,1e-06,0.002,0.9,0.0001022809607001,
1D-gaussian-2c-256p,256,256,0.0310641147819005,1000000,3.74330421054141e-05,,seconds,51.97228455543518,51.89444915764034,megabytes,554.0,554.0,86.0,84.92735042735043,0.250363904,0.250363904,0.82265625,0.7794471153846149,success,sgd,0.1,1000000,1e-06,0.002,0.9,3.74330421054141e-05,
1D-gaussian-2c-256p,256,256,0.0741009306939328,1000000,3.7515385340213015e-05,,seconds,52.11924862861633,51.8763332106173,megabytes,554.0,554.0,86.0,84.74893617021277,0.249614336,0.249614336,0.81796875,0.7779920212765955,success,sgd,0.1,1000000,1e-06,0.002,0.9,3.7515385340213015e-05,
1D-gaussian-2c-256p,256,256,0.7670220130263719,1000000,0.0001011069796034,,seconds,52.10291314125061,51.95189871825278,megabytes,554.0,554.0,86.0,84.66094420600858,0.250404864,0.250404864,0.81953125,0.7766195010729617,success,sgd,0.1,1000000,1e-06,0.002,0.9,0.0001011069796034,
1D-gaussian-2c-256p,256,256,0.5765612426051816,1000000,9.041240626267425e-05,,seconds,51.888707399368286,51.86986624449492,megabytes,554.0,554.0,86.0,84.53813559322033,0.25038848,0.25038848,0.8296875,0.7798596398305082,success,sgd,0.1,1000000,1e-06,0.002,0.9,9.041240626267425e-05,
1D-gaussian-2c-256p,256,256,0.0555233797533206,1000000,4.282740725564447e-05,,seconds,51.82657766342163,51.81852221302688,megabytes,554.0,554.0,86.0,84.84518828451883,0.250458112,0.250458112,0.82421875,0.7804099110878658,success,sgd,0.1,1000000,1e-06,0.002,0.9,4.282740725564447e-05,
1D-gaussian-2c-256p,256,256,0.4314702671073273,1000000,9.068907563095148e-05,,seconds,51.674121379852295,51.53013019263744,megabytes,554.0,554.0,86.0,85.11934156378601,0.250458112,0.250458112,0.82109375,0.7768261316872431,success,sgd,0.1,1000000,1e-06,0.002,0.9,9.068907563095148e-05,
1D-gaussian-2c-256p,256,256,0.0603099455175103,1000000,4.945384813010326e-05,,seconds,51.99765849113464,51.87233616784215,megabytes,554.0,554.0,86.0,84.77682403433477,0.250499072,0.250499072,0.821875,0.7788123658798288,success,sgd,0.1,1000000,1e-06,0.002,0.9,4.945384813010326e-05,
1D-gaussian-2c-256p,256,256,0.2138549812952856,1000000,6.930808780702145e-05,,seconds,51.98808932304382,51.83279839530587,megabytes,554.0,554.0,86.0,84.80252100840336,0.250519552,0.250519552,0.82734375,0.7770614495798321,success,sgd,0.1,1000000,1e-06,0.002,0.9,6.930808780702145e-05,
1D-gaussian-2c-512p,512,512,0.0304267647501299,1000000,0.0002978728493557,,seconds,68.40923619270325,68.22258612513542,megabytes,560.0,560.0,87.0,86.16077170418006,0.250847232,0.250847232,0.82265625,0.7765951567524116,success,sgd,0.1,1000000,1e-06,0.002,0.9,0.0002978728493557,
1D-gaussian-2c-512p,512,512,0.4007362862064908,1000000,0.0003273582262618,,seconds,68.48297834396362,68.3000989984721,megabytes,560.0,560.0,87.0,86.0814332247557,0.250892288,0.250892288,0.821875,0.7759441164495111,success,sgd,0.1,1000000,1e-06,0.002,0.9,0.0003273582262618,
1D-gaussian-2c-512p,512,512,0.0370834675943269,1000000,0.0003135232186108,,seconds,68.30351781845093,68.23589303344488,megabytes,560.0,560.0,87.0,86.17207792207792,0.25085952,0.25085952,0.83828125,0.7785308441558443,success,sgd,0.1,1000000,1e-06,0.002,0.9,0.0003135232186108,
1D-gaussian-2c-512p,512,512,0.0323610354753954,1000000,0.000371436138883,,seconds,68.31770467758179,68.21479850076139,megabytes,560.0,560.0,87.0,86.21523178807946,0.250863616,0.250863616,0.825,0.7763451986754972,success,sgd,0.1,1000000,1e-06,0.002,0.9,0.000371436138883,
1D-gaussian-2c-512p,512,512,0.5314223082732308,1000000,0.0003330770864745,,seconds,68.43385910987854,68.26303808018565,megabytes,560.0,560.0,87.0,86.22330097087378,0.25090048,0.25090048,0.81953125,0.7772148058252424,success,sgd,0.1,1000000,1e-06,0.002,0.9,0.0003330770864745,
1D-gaussian-2c-512p,512,512,0.1298968623067725,1000000,0.0002656751805883,,seconds,68.50764751434326,68.32475105859339,megabytes,560.0,560.0,87.0,86.01328903654485,0.25094144,0.25094144,0.81484375,0.7779407184385386,success,sgd,0.1,1000000,1e-06,0.002,0.9,0.0002656751805883,
1D-gaussian-2c-512p,512,512,0.0963510764378224,1000000,0.0002913371066931,,seconds,68.30479335784912,68.2128307390958,megabytes,560.0,560.0,87.0,86.2671009771987,0.250966016,0.250966016,0.82421875,0.7780079397394135,success,sgd,0.1,1000000,1e-06,0.002,0.9,0.0002913371066931,
1D-gaussian-2c-512p,512,512,0.1168773080267434,1000000,0.0002709987142137,,seconds,68.16826701164246,68.12611985579133,megabytes,560.0,560.0,87.0,86.12297734627832,0.249245696,0.249245696,0.821875,0.779548442556634,success,sgd,0.1,1000000,1e-06,0.002,0.9,0.0002709987142137,
1D-gaussian-2c-512p,512,512,0.0305639953411463,1000000,0.0002991835759068,,seconds,68.23787689208984,68.09325130656362,megabytes,560.0,560.0,87.0,86.4384858044164,0.249237504,0.249237504,0.8234375,0.7791329850157731,success,sgd,0.1,1000000,1e-06,0.002,0.9,0.0002991835759068,
1D-gaussian-2c-512p,512,512,0.0266246472659358,1000000,0.0003541144071573,,seconds,68.36868023872375,68.3751720264554,megabytes,560.0,560.0,87.0,85.93602693602693,0.249298944,0.249298944,0.8125,0.7795428240740736,success,sgd,0.1,1000000,1e-06,0.002,0.9,0.0003541144071573,
1D-gaussian-2c-512p,512,512,0.2110509573869298,1000000,0.0002732663642876,,seconds,68.2800772190094,68.27050532028079,megabytes,560.0,560.0,87.0,86.08414239482201,0.249290752,0.249290752,0.81953125,0.7808404126213596,success,sgd,0.1,1000000,1e-06,0.002,0.9,0.0002732663642876,
1D-gaussian-2c-512p,512,512,0.0634535314154936,1000000,0.0002784480530786,,seconds,68.49322438240051,68.37404374592006,megabytes,560.0,560.0,87.0,86.08026755852843,0.24936448,0.24936448,0.81953125,0.777714778428094,success,sgd,0.1,1000000,1e-06,0.002,0.9,0.0002784480530786,
1D-gaussian-2c-512p,512,512,0.0635915682963121,1000000,0.0003418396045565,,seconds,68.15954208374023,68.14460735581815,megabytes,560.0,560.0,87.0,86.2515923566879,0.249327616,0.249327616,0.83359375,0.7789734275477705,success,sgd,0.1,1000000,1e-06,0.002,0.9,0.0003418396045565,
1D-gaussian-2c-512p,512,512,0.060900150368067,1000000,0.0002978596110268,,seconds,68.32720613479614,68.33803718909621,megabytes,560.0,560.0,87.0,86.18092105263158,0.249356288,0.249356288,0.82265625,0.7785490337171054,success,sgd,0.1,1000000,1e-06,0.002,0.9,0.0002978596110268,
1D-gaussian-2c-512p,512,512,0.2013567618690061,1000000,0.0003326761787315,,seconds,68.53054475784302,68.35152320750058,megabytes,560.0,560.0,87.0,86.01328903654485,0.24942592,0.24942592,0.82421875,0.776850602159468,success,sgd,0.1,1000000,1e-06,0.002,0.9,0.0003326761787315,
1D-gaussian-2c-512p,512,512,0.170368574102306,1000000,0.0003478949240619,,seconds,68.63714909553528,68.45156560279429,megabytes,560.0,560.0,87.0,85.86,0.249462784,0.249462784,0.8453125,0.7774947916666668,success,sgd,0.1,1000000,1e-06,0.002,0.9,0.0003478949240619,
1D-gaussian-2c-512p,512,512,0.2272937455316954,1000000,0.0003309628348476,,seconds,68.36582517623901,68.33074539899826,megabytes,560.0,560.0,87.0,85.94333333333333,0.249434112,0.249434112,0.828125,0.7785026041666666,success,sgd,0.1,1000000,1e-06,0.002,0.9,0.0003309628348476,
1D-gaussian-2c-512p,512,512,0.1563230676302577,1000000,0.0003512872574293,,seconds,68.23748087882996,68.25579225830734,megabytes,560.0,560.0,87.0,86.26602564102564,0.250380288,0.250380288,0.81796875,0.7782827524038466,success,sgd,0.1,1000000,1e-06,0.002,0.9,0.0003512872574293,
1D-gaussian-2c-512p,512,512,0.2550563158897512,1000000,0.0003059416202964,,seconds,68.28080129623413,68.21556103229523,megabytes,560.0,560.0,87.0,86.18387096774194,0.249458688,0.249458688,0.82265625,0.7788432459677427,success,sgd,0.1,1000000,1e-06,0.002,0.9,0.0003059416202964,
1D-gaussian-2c-512p,512,512,0.0656339922374804,1000000,0.0002897173489885,,seconds,68.59477710723877,68.57571030035615,megabytes,560.0,560.0,87.0,85.89930555555556,0.249499648,0.249499648,0.815625,0.7793918185763892,success,sgd,0.1,1000000,1e-06,0.002,0.9,0.0002897173489885,
1D-gaussian-2c-512p,512,512,0.6687683835068507,1000000,0.0003062062231026,,seconds,68.20030331611633,68.17179113067687,megabytes,560.0,560.0,87.0,86.35782747603834,0.251174912,0.251174912,0.82109375,0.7777555910543136,success,sgd,0.1,1000000,1e-06,0.002,0.9,0.0003062062231026,
1D-gaussian-2c-512p,512,512,0.8724175615220853,1000000,0.0003406038133944,,seconds,68.4405345916748,68.36375346966088,megabytes,560.0,560.0,87.0,86.01,0.25124864,0.25124864,0.8296875,0.7789375000000001,success,sgd,0.1,1000000,1e-06,0.002,0.9,0.0003406038133944,
1D-gaussian-2c-512p,512,512,0.9138536456848104,1000000,0.0003095261347182,,seconds,68.46523904800415,68.31449381262064,megabytes,560.0,560.0,87.0,85.93355481727575,0.250503168,0.250503168,0.82421875,0.7778317068106314,success,sgd,0.1,1000000,1e-06,0.002,0.9,0.0003095261347182,
1D-gaussian-2c-512p,512,512,0.030870030275828,1000000,0.0002810913775734,,seconds,68.51039576530457,68.36450133286417,megabytes,560.0,560.0,87.0,86.03618421052632,0.25133056,0.25133056,0.828125,0.777068770559211,success,sgd,0.1,1000000,1e-06,0.002,0.9,0.0002810913775734,
1D-gaussian-2c-512p,512,512,0.0738959681819594,1000000,0.0003040572930101,,seconds,68.30930924415588,68.23744706064463,megabytes,560.0,560.0,87.0,86.26045016077171,0.249606144,0.249606144,0.825,0.7783661575562701,success,sgd,0.1,1000000,1e-06,0.002,0.9,0.0003040572930101,
1D-gaussian-2c-512p,512,512,0.7665307795784293,1000000,0.0002964659698708,,seconds,68.31586790084839,68.16943980753422,megabytes,560.0,560.0,87.0,86.3495145631068,0.249643008,0.249643008,0.82578125,0.7779808859223302,success,sgd,0.1,1000000,1e-06,0.002,0.9,0.0002964659698708,
1D-gaussian-2c-512p,512,512,0.5764694732729404,1000000,0.000271922397005,,seconds,68.1863865852356,68.17049938999116,megabytes,560.0,560.0,87.0,86.38311688311688,0.25133056,0.25133056,0.846875,0.7807249391233764,success,sgd,0.1,1000000,1e-06,0.002,0.9,0.000271922397005,
1D-gaussian-2c-512p,512,512,0.0553051296749654,1000000,0.0003061749513633,,seconds,68.50630354881287,68.38101158104837,megabytes,560.0,560.0,87.0,86.07516339869281,0.251396096,0.251396096,0.81953125,0.779669628267974,success,sgd,0.1,1000000,1e-06,0.002,0.9,0.0003061749513633,
1D-gaussian-2c-512p,512,512,0.4309310322697879,1000000,0.0003163674247967,,seconds,68.20613622665405,68.15114027634263,megabytes,560.0,560.0,87.0,86.44871794871794,0.249679872,0.249679872,0.8234375,0.7792242588141028,success,sgd,0.1,1000000,1e-06,0.002,0.9,0.0003163674247967,
1D-gaussian-2c-512p,512,512,0.0601058220383378,1000000,0.0003385478131811,,seconds,68.27220463752747,68.22528486698866,megabytes,560.0,560.0,87.0,86.23051948051948,0.249729024,0.249729024,0.8375,0.7783076298701297,success,sgd,0.1,1000000,1e-06,0.002,0.9,0.0003385478131811,
1D-gaussian-2c-512p,512,512,0.2133414819507701,1000000,0.0002931475376027,,seconds,68.04708456993103,67.91597821563482,megabytes,560.0,560.0,87.0,86.44548286604362,0.2514944,0.2514944,0.81953125,0.7792080412772591,success,sgd,0.1,1000000,1e-06,0.002,0.9,0.0002931475376027,
1D-gaussian-2c-1024p,1024,1024,0.0296428939901991,1000000,0.0012096075183131,,seconds,90.97749495506288,90.92983918264508,megabytes,586.0,586.0,92.0,88.95331695331696,0.251531264,0.251531264,0.83125,0.7801577856265347,success,sgd,0.1,1000000,1e-06,0.002,0.9,0.0012096075183131,
1D-gaussian-2c-1024p,1024,1024,0.3968745855890395,1000000,0.0013244683679657,,seconds,90.42319345474245,90.40315780974925,megabytes,586.0,586.0,91.0,88.97277227722772,0.25157632,0.25157632,0.8265625,0.7794554455445551,success,sgd,0.1,1000000,1e-06,0.002,0.9,0.0013244683679657,
1D-gaussian-2c-1024p,1024,1024,0.0362314921293089,1000000,0.0012471384680216,,seconds,88.7028694152832,88.69159452617168,megabytes,586.0,586.0,92.0,90.58578431372548,0.251592704,0.251592704,0.82734375,0.7787243412990197,success,sgd,0.1,1000000,1e-06,0.002,0.9,0.0012471384680216,
1D-gaussian-2c-1024p,1024,1024,0.0308216059294745,1000000,0.001510777279201,,seconds,91.23901081085204,91.11530233174562,megabytes,586.0,586.0,92.0,89.62406015037594,0.251613184,0.251613184,0.8328125,0.7792058270676693,success,sgd,0.1,1000000,1e-06,0.002,0.9,0.001510777279201,
1D-gaussian-2c-1024p,1024,1024,0.5274811101556693,1000000,0.0013207083611447,,seconds,90.23859405517578,90.184058919549,megabytes,586.0,586.0,92.0,89.60539215686275,0.251609088,0.251609088,0.821875,0.7795228247549012,success,sgd,0.1,1000000,1e-06,0.002,0.9,0.0013207083611447,
1D-gaussian-2c-1024p,1024,1024,0.129467031702795,1000000,0.001055706120799,,seconds,87.20113468170166,87.18879158422351,megabytes,586.0,586.0,94.0,93.03030303030305,0.251609088,0.251609088,0.86484375,0.7799913194444444,success,sgd,0.1,1000000,1e-06,0.002,0.9,0.001055706120799,
1D-gaussian-2c-1024p,1024,1024,0.0948505259992795,1000000,0.0011462605883624,,seconds,90.10331797599792,90.03515127301216,megabytes,586.0,586.0,92.0,89.34299516908213,0.25165824,0.25165824,0.8453125,0.7788326539855067,success,sgd,0.1,1000000,1e-06,0.002,0.9,0.0011462605883624,
1D-gaussian-2c-1024p,1024,1024,0.1156434371845824,1000000,0.0010654042823525,,seconds,91.11698842048644,91.07605364173652,megabytes,586.0,586.0,93.0,89.57215189873418,0.251633664,0.251633664,0.82578125,0.7785344145569623,success,sgd,0.1,1000000,1e-06,0.002,0.9,0.0010654042823525,
1D-gaussian-2c-1024p,1024,1024,0.0298506233507112,1000000,0.0011875612501311,,seconds,89.84266209602356,89.72486875392497,megabytes,586.0,586.0,92.0,89.71571072319202,0.25165824,0.25165824,0.82109375,0.7795160536159587,success,sgd,0.1,1000000,1e-06,0.002,0.9,0.0011875612501311,
1D-gaussian-2c-1024p,1024,1024,0.0254463731018378,1000000,0.0014145139572602,,seconds,87.53148865699768,87.47605952434242,megabytes,586.0,586.0,94.0,92.54219948849104,0.251682816,0.251682816,0.82109375,0.7801031010230183,success,sgd,0.1,1000000,1e-06,0.002,0.9,0.0014145139572602,
1D-gaussian-2c-1024p,1024,1024,0.2091017889763257,1000000,0.0011264661778527,,seconds,89.5874855518341,89.39455615729094,megabytes,586.0,586.0,92.0,89.7632241813602,0.251727872,0.251727872,0.83515625,0.7764936240554158,success,sgd,0.1,1000000,1e-06,0.002,0.9,0.0011264661778527,
1D-gaussian-2c-1024p,1024,1024,0.0625834943848602,1000000,0.0010901951178714,,seconds,87.4061484336853,87.26335231214762,megabytes,586.0,586.0,94.0,92.7219387755102,0.250032128,0.250032128,0.82421875,0.7793088329081628,success,sgd,0.1,1000000,1e-06,0.002,0.9,0.0010901951178714,
1D-gaussian-2c-1024p,1024,1024,0.0628124110154327,1000000,0.0013655543606376,,seconds,90.35256767272948,90.25038927793504,megabytes,586.0,586.0,91.0,89.43920595533498,0.250970112,0.250970112,0.8234375,0.7784196650124067,success,sgd,0.1,1000000,1e-06,0.002,0.9,0.0013655543606376,
1D-gaussian-2c-1024p,1024,1024,0.0600040624957,1000000,0.0011883789046445,,seconds,91.36195397377014,91.31679208390416,megabytes,586.0,586.0,91.0,89.30900243309003,0.251011072,0.251011072,0.828125,0.7793282390510952,success,sgd,0.1,1000000,1e-06,0.002,0.9,0.0011883789046445,
1D-gaussian-2c-1024p,1024,1024,0.1988582356872255,1000000,0.0012735608837528,,seconds,89.9062967300415,89.82172692939639,megabytes,586.0,586.0,92.0,89.8880407124682,0.250068992,0.250068992,0.81640625,0.7800612277353692,success,sgd,0.1,1000000,1e-06,0.002,0.9,0.0012735608837528,
1D-gaussian-2c-1024p,1024,1024,0.1693881737247892,1000000,0.0013559338624818,,seconds,89.07952117919922,88.97625131160021,megabytes,586.0,586.0,92.0,90.46134663341644,0.251060224,0.251060224,0.84140625,0.77833930798005,success,sgd,0.1,1000000,1e-06,0.002,0.9,0.0013559338624818,
1D-gaussian-2c-1024p,1024,1024,0.2248220748384094,1000000,0.001281252469991,,seconds,89.73823761940002,89.5466733109206,megabytes,586.0,586.0,91.0,89.89312977099236,0.251129856,0.251129856,0.83984375,0.7770276717557261,success,sgd,0.1,1000000,1e-06,0.002,0.9,0.001281252469991,
1D-gaussian-2c-1024p,1024,1024,0.154246495562685,1000000,0.0014485599839545,,seconds,87.68115997314453,87.56200535222888,megabytes,586.0,586.0,94.0,92.5130890052356,0.250126336,0.250126336,0.828125,0.7782027159685861,success,sgd,0.1,1000000,1e-06,0.002,0.9,0.0014485599839545,
1D-gaussian-2c-1024p,1024,1024,0.2542479217592325,1000000,0.0012023982477268,,seconds,90.75711059570312,90.65920332446694,megabytes,586.0,586.0,91.0,88.70217917675545,0.250220544,0.250220544,0.821875,0.7783746973365615,success,sgd,0.1,1000000,1e-06,0.002,0.9,0.0012023982477268,
1D-gaussian-2c-1024p,1024,1024,0.0649722537207227,1000000,0.0013681739937599,,seconds,91.14283442497252,91.12621802836657,megabytes,586.0,586.0,91.0,89.55555555555556,0.250200064,0.250200064,0.82265625,0.7790660511363642,success,sgd,0.1,1000000,1e-06,0.002,0.9,0.0013681739937599,
1D-gaussian-2c-1024p,1024,1024,0.6653375892339742,1000000,0.0011399077857598,,seconds,89.87335300445557,89.7200264763087,megabytes,586.0,586.0,91.0,89.61012658227848,0.250241024,0.250241024,0.81875,0.7793809335443035,success,sgd,0.1,1000000,1e-06,0.002,0.9,0.0011399077857598,
1D-gaussian-2c-1024p,1024,1024,0.8649825214252527,1000000,0.0012091055727158,,seconds,91.7532172203064,91.61947121471168,megabytes,586.0,586.0,91.0,89.2981220657277,0.250310656,0.250310656,0.82421875,0.7786238262910798,success,sgd,0.1,1000000,1e-06,0.002,0.9,0.0012091055727158,
1D-gaussian-2c-1024p,1024,1024,0.907929475250405,1000000,0.0011404972851146,,seconds,89.75887155532837,89.59353080019355,megabytes,586.0,586.0,92.0,89.78865979381443,0.250302464,0.250302464,0.81796875,0.7791720360824748,success,sgd,0.1,1000000,1e-06,0.002,0.9,0.0011404972851146,
1D-gaussian-2c-1024p,1024,1024,0.0301639981864938,1000000,0.0011268391100195,,seconds,91.89505195617676,91.75838613137604,megabytes,586.0,586.0,91.0,89.09882352941176,0.250294272,0.250294272,0.8203125,0.7788658088235292,success,sgd,0.1,1000000,1e-06,0.002,0.9,0.0011268391100195,
1D-gaussian-2c-1024p,1024,1024,0.0730081362795141,1000000,0.0012928566888675,,seconds,91.10410904884338,90.96132884174584,megabytes,586.0,586.0,90.0,88.8679706601467,0.250339328,0.250339328,0.81640625,0.7777238691931542,success,sgd,0.1,1000000,1e-06,0.002,0.9,0.0012928566888675,
1D-gaussian-2c-1024p,1024,1024,0.7608724329698582,1000000,0.0010980370864601,,seconds,86.98623633384705,86.84036453999579,megabytes,588.0,588.0,94.0,93.2341463414634,0.251908096,0.251908096,0.8515625,0.7764824695121957,success,sgd,0.1,1000000,1e-06,0.002,0.9,0.0010980370864601,
1D-gaussian-2c-1024p,1024,1024,0.5736087820195857,1000000,0.0010096709971064,,seconds,89.86372828483582,89.77084907144308,megabytes,588.0,588.0,92.0,89.69,0.250363904,0.250363904,0.825,0.7782792968749999,success,sgd,0.1,1000000,1e-06,0.002,0.9,0.0010096709971064,
1D-gaussian-2c-1024p,1024,1024,0.0545344030659268,1000000,0.0012253378533621,,seconds,87.59752178192139,87.5147537458688,megabytes,588.0,588.0,94.0,92.38378378378378,0.251957248,0.251957248,0.8171875,0.7792187500000002,success,sgd,0.1,1000000,1e-06,0.002,0.9,0.0012253378533621,
1D-gaussian-2c-1024p,1024,1024,0.4265044466605607,1000000,0.0012236176851164,,seconds,89.5457546710968,89.4773677624762,megabytes,588.0,588.0,91.0,89.61124694376528,0.250404864,0.250404864,0.8296875,0.7802930165036679,success,sgd,0.1,1000000,1e-06,0.002,0.9,0.0012236176851164,
1D-gaussian-2c-1024p,1024,1024,0.0593558413730608,1000000,0.001359621486408,,seconds,90.99814534187315,90.80400852113962,megabytes,588.0,588.0,93.0,89.47208121827411,0.252076032,0.252076032,0.8234375,0.7760429885786797,success,sgd,0.1,1000000,1e-06,0.002,0.9,0.001359621486408,
1D-gaussian-2c-1024p,1024,1024,0.2103728986361328,1000000,0.0011106351923032,,seconds,89.7987151145935,89.76734999008477,megabytes,588.0,588.0,91.0,89.80387409200968,0.250507264,0.250507264,0.8578125,0.7802644521791761,success,sgd,0.1,1000000,1e-06,0.002,0.9,0.0011106351923032,
1D-gaussian-2c-2048p,2048,2048,0.0264269781159274,1000000,0.0044497383414131,,seconds,187.63484501838684,187.5102748926729,megabytes,684.0,684.0,96.0,94.93664596273292,0.255348736,0.255348736,0.82578125,0.7789062499999999,success,sgd,0.1,1000000,1e-06,0.002,0.9,0.0044497383414131,
1D-gaussian-2c-2048p,2048,2048,0.3718808233750302,1000000,0.0051922776076634,,seconds,187.47738814353943,187.38674890063703,megabytes,684.0,684.0,95.0,94.8840579710145,0.255389696,0.255389696,0.82265625,0.7791260945048305,success,sgd,0.1,1000000,1e-06,0.002,0.9,0.0051922776076634,
1D-gaussian-2c-2048p,2048,2048,0.0326276072895793,1000000,0.0046667137615857,,seconds,186.20551347732544,186.1653360426426,megabytes,684.0,684.0,96.0,95.91489361702128,0.25540608,0.25540608,0.8484375,0.7792338078848556,success,sgd,0.1,1000000,1e-06,0.002,0.9,0.0046667137615857,
1D-gaussian-2c-2048p,2048,2048,0.0254563397514818,1000000,0.0054303513567811,,seconds,187.2132112979889,187.11019949056208,megabytes,684.0,684.0,96.0,95.81863354037267,0.250728448,0.250728448,0.8203125,0.7772331133540383,success,sgd,0.1,1000000,1e-06,0.002,0.9,0.0054303513567811,
1D-gaussian-2c-2048p,2048,2048,0.5051667594707954,1000000,0.0047790987971678,,seconds,186.31888103485107,186.15309062600136,megabytes,684.0,684.0,96.0,95.8495260663507,0.25073664,0.25073664,0.82109375,0.7790450977488157,success,sgd,0.1,1000000,1e-06,0.002,0.9,0.0047790987971678,
1D-gaussian-2c-2048p,2048,2048,0.1257560782217073,1000000,0.0049802938543486,,seconds,187.18857216835025,187.07282657548785,megabytes,684.0,684.0,96.0,95.8310893512852,0.250773504,0.250773504,0.828125,0.7793595088739289,success,sgd,0.1,1000000,1e-06,0.002,0.9,0.0049802938543486,
1D-gaussian-2c-2048p,2048,2048,0.0887923924086448,1000000,0.0040793703227014,,seconds,186.21203207969663,186.0145426243544,megabytes,684.0,684.0,96.0,95.83273164861612,0.250855424,0.250855424,0.81953125,0.7794026398916973,success,sgd,0.1,1000000,1e-06,0.002,0.9,0.0040793703227014,
1D-gaussian-2c-2048p,2048,2048,0.1096167192727029,1000000,0.0038773820044623,,seconds,187.0670170783997,187.0397133026272,megabytes,684.0,684.0,96.0,95.79751552795032,0.250851328,0.250851328,0.82734375,0.780046583850932,success,sgd,0.1,1000000,1e-06,0.002,0.9,0.0038773820044623,
1D-gaussian-2c-2048p,2048,2048,0.0268739438925094,1000000,0.0044282308114017,,seconds,185.92858719825745,185.84885360486803,megabytes,684.0,684.0,96.0,95.9475,0.250847232,0.250847232,0.81640625,0.7790517578124998,success,sgd,0.1,1000000,1e-06,0.002,0.9,0.0044282308114017,
1D-gaussian-2c-2048p,2048,2048,0.0261619249162171,1000000,0.0051493423084285,,seconds,186.8355867862701,186.63443160057068,megabytes,684.0,684.0,96.0,95.82142857142856,0.255582208,0.255582208,0.82109375,0.7788206203817737,success,sgd,0.1,1000000,1e-06,0.002,0.9,0.0051493423084285,
1D-gaussian-2c-2048p,2048,2048,0.198941187019808,1000000,0.0042886460779675,,seconds,186.50505828857425,186.40011376701293,megabytes,684.0,684.0,96.0,95.9007263922518,0.250904576,0.250904576,0.8421875,0.7797764073849879,success,sgd,0.1,1000000,1e-06,0.002,0.9,0.0042886460779675,
1D-gaussian-2c-2048p,2048,2048,0.0586824000767479,1000000,0.0039902192347513,,seconds,187.46334528923035,187.28868368081748,megabytes,684.0,684.0,96.0,95.83479349186484,0.250912768,0.250912768,0.82578125,0.7791800297246557,success,sgd,0.1,1000000,1e-06,0.002,0.9,0.0039902192347513,
1D-gaussian-2c-2048p,2048,2048,0.0596189200825622,1000000,0.0049181046172989,,seconds,186.56566166877747,186.38494502939284,megabytes,684.0,684.0,96.0,95.83726708074532,0.250937344,0.250937344,0.85,0.7786869177018635,success,sgd,0.1,1000000,1e-06,0.002,0.9,0.0049181046172989,
1D-gaussian-2c-2048p,2048,2048,0.055578426379232,1000000,0.0052866600053435,,seconds,187.1207835674286,187.11181422322989,megabytes,684.0,684.0,96.0,95.92422360248447,0.25266176,0.25266176,0.81953125,0.7795593944099376,success,sgd,0.1,1000000,1e-06,0.002,0.9,0.0052866600053435,
1D-gaussian-2c-2048p,2048,2048,0.186700507490826,1000000,0.0046456692503559,,seconds,186.97017097473145,186.7692160718143,megabytes,684.0,684.0,96.0,95.83723797780516,0.255819776,0.255819776,0.83203125,0.779070013871763,success,sgd,0.1,1000000,1e-06,0.002,0.9,0.0046456692503559,
1D-gaussian-2c-2048p,2048,2048,0.1637663179007586,1000000,0.0048506008696708,,seconds,187.5451302528381,187.3924859985709,megabytes,684.0,684.0,96.0,95.72996300863132,0.255823872,0.255823872,0.83046875,0.7790584540690504,success,sgd,0.1,1000000,1e-06,0.002,0.9,0.0048506008696708,
1D-gaussian-2c-2048p,2048,2048,0.2115320330873087,1000000,0.0047633110400226,,seconds,186.3209903240204,186.1447392106056,megabytes,684.0,684.0,96.0,95.91758917589176,0.255848448,0.255848448,0.82890625,0.7787688345633461,success,sgd,0.1,1000000,1e-06,0.002,0.9,0.0047633110400226,
1D-gaussian-2c-2048p,2048,2048,0.1351954895371316,1000000,0.0055131633963995,,seconds,186.9451081752777,186.9045541919768,megabytes,684.0,684.0,96.0,95.95930949445128,0.255868928,0.255868928,0.81875,0.7795526356350179,success,sgd,0.1,1000000,1e-06,0.002,0.9,0.0055131633963995,
1D-gaussian-2c-2048p,2048,2048,0.2484692987637274,1000000,0.0042476156180352,,seconds,186.251202583313,186.10178312286732,megabytes,684.0,684.0,96.0,95.88553459119495,0.255852544,0.255852544,0.83046875,0.7796147798742133,success,sgd,0.1,1000000,1e-06,0.002,0.9,0.0042476156180352,
1D-gaussian-2c-2048p,2048,2048,0.062187920044815,1000000,0.0051799189379615,,seconds,187.5261538028717,187.42367916926744,megabytes,684.0,684.0,96.0,95.82089552238806,0.255893504,0.255893504,0.828125,0.7791073927238812,success,sgd,0.1,1000000,1e-06,0.002,0.9,0.0051799189379615,
1D-gaussian-2c-2048p,2048,2048,0.6459809109894461,1000000,0.0040852207984033,,seconds,186.3520770072937,186.20770685747263,megabytes,684.0,684.0,96.0,95.8725,0.25593856,0.25593856,0.82890625,0.7785849609374991,success,sgd,0.1,1000000,1e-06,0.002,0.9,0.0040852207984033,
1D-gaussian-2c-2048p,2048,2048,0.8243339410199274,1000000,0.0042880102440186,,seconds,187.40253257751465,187.32325389795005,megabytes,684.0,684.0,96.0,95.82899628252788,0.25491456,0.25491456,0.8203125,0.7795935951053284,success,sgd,0.1,1000000,1e-06,0.002,0.9,0.0042880102440186,
1D-gaussian-2c-2048p,2048,2048,0.8745186628823155,1000000,0.0041165761060309,,seconds,186.43491196632385,186.28311168402436,megabytes,684.0,684.0,96.0,95.8743654822335,0.25595904,0.25595904,0.83125,0.7784194559010154,success,sgd,0.1,1000000,1e-06,0.002,0.9,0.0041165761060309,
1D-gaussian-2c-2048p,2048,2048,0.0272249083566839,1000000,0.0041931115913435,,seconds,187.02436900138852,186.83495822176337,megabytes,684.0,684.0,96.0,95.83910891089108,0.255025152,0.255025152,0.84921875,0.7786529238861383,success,sgd,0.1,1000000,1e-06,0.002,0.9,0.0041931115913435,
1D-gaussian-2c-2048p,2048,2048,0.0694845611259903,1000000,0.0048431660366916,,seconds,185.59680700302124,185.5900482032448,megabytes,684.0,684.0,96.0,95.85217391304349,0.254971904,0.254971904,0.82890625,0.77906929347826,success,sgd,0.1,1000000,1e-06,0.002,0.9,0.0048431660366916,
1D-gaussian-2c-2048p,2048,2048,0.730219671079441,1000000,0.0038993113465772,,seconds,186.8499825000763,186.75367786735296,megabytes,684.0,684.0,96.0,95.81265508684864,0.254992384,0.254992384,0.83828125,0.7780745967741933,success,sgd,0.1,1000000,1e-06,0.002,0.9,0.0038993113465772,
1D-gaussian-2c-2048p,2048,2048,0.5573358969341623,1000000,0.0036718615251356,,seconds,185.8530285358429,185.7903804145753,megabytes,684.0,684.0,96.0,95.88146279949558,0.255025152,0.255025152,0.840625,0.7798244404161415,success,sgd,0.1,1000000,1e-06,0.002,0.9,0.0036718615251356,
1D-gaussian-2c-2048p,2048,2048,0.0512753835607429,1000000,0.0050700304710524,,seconds,186.78541684150696,186.68242888711396,megabytes,684.0,684.0,96.0,95.8343337334934,0.255045632,0.255045632,0.8171875,0.7779468037214894,success,sgd,0.1,1000000,1e-06,0.002,0.9,0.0050700304710524,
1D-gaussian-2c-2048p,2048,2048,0.4039551569240721,1000000,0.0044919751903769,,seconds,185.99421644210813,185.89221488684416,megabytes,684.0,684.0,96.0,95.8213399503722,0.255049728,0.255049728,0.8203125,0.7792803970223317,success,sgd,0.1,1000000,1e-06,0.002,0.9,0.0044919751903769,
1D-gaussian-2c-2048p,2048,2048,0.0567497588381015,1000000,0.0049021806762778,,seconds,186.78026509284973,186.7390437554568,megabytes,684.0,684.0,96.0,95.8858218318695,0.256147456,0.256147456,0.83515625,0.7791317048306149,success,sgd,0.1,1000000,1e-06,0.002,0.9,0.0049021806762778,
1D-gaussian-2c-2048p,2048,2048,0.1960317802502751,1000000,0.0040227093423228,,seconds,186.33483695983887,186.13581552170217,megabytes,684.0,684.0,96.0,95.91979949874688,0.25618432,0.25618432,0.82578125,0.7788171600877193,success,sgd,0.1,1000000,1e-06,0.002,0.9,0.0040227093423228,
1D-gaussian-4c-32p,32,32,0.1268273333103285,1000000,1.1372353679457788e-05,,seconds,39.65778613090515,39.51002586819232,megabytes,554.0,554.0,81.0,78.39772727272727,0.25063424,0.25063424,0.81796875,0.7775035511363636,success,sgd,0.1,1000000,1e-06,0.002,0.9,1.1372353679457788e-05,
1D-gaussian-4c-32p,32,32,0.0493238081251361,1000000,1.3845059635378726e-05,,seconds,39.45493793487549,39.31419390626252,megabytes,554.0,554.0,81.0,78.27956989247312,0.25239552,0.25239552,0.82109375,0.7764196908602148,success,sgd,0.1,1000000,1e-06,0.002,0.9,1.3845059635378726e-05,
1D-gaussian-4c-32p,32,32,0.1413484188498223,1000000,1.4153379684908954e-05,,seconds,40.35124588012695,40.31101129949093,megabytes,554.0,554.0,79.0,76.84574468085107,0.251629568,0.251629568,0.8265625,0.7788771609042552,success,sgd,0.1,1000000,1e-06,0.002,0.9,1.4153379684908954e-05,
1D-gaussian-4c-32p,32,32,0.0465042281740919,1000000,1.2711680342100931e-05,,seconds,40.54549765586853,40.44759567640722,megabytes,554.0,554.0,79.0,76.73224043715847,0.252448768,0.252448768,0.8203125,0.7794142759562839,success,sgd,0.1,1000000,1e-06,0.002,0.9,1.2711680342100931e-05,
1D-gaussian-4c-32p,32,32,0.2342232034461312,1000000,1.402950276256084e-05,,seconds,40.24744415283203,40.21953821927309,megabytes,554.0,554.0,80.0,76.82539682539682,0.25245696,0.25245696,0.82109375,0.7795841600529102,success,sgd,0.1,1000000,1e-06,0.002,0.9,1.402950276256084e-05,
1D-gaussian-4c-32p,32,32,0.0711321627811293,1000000,1.3134581678306169e-05,,seconds,39.90028190612793,39.82897298969328,megabytes,554.0,554.0,80.0,77.74857142857142,0.2507776,0.2507776,0.81953125,0.7791473214285713,success,sgd,0.1,1000000,1e-06,0.002,0.9,1.3134581678306169e-05,
1D-gaussian-4c-32p,32,32,0.0891627625869449,1000000,1.6677437362740605e-05,,seconds,39.60063433647156,39.53019068017602,megabytes,554.0,554.0,80.0,78.45505617977528,0.252530688,0.252530688,0.82578125,0.7764220505617978,success,sgd,0.1,1000000,1e-06,0.002,0.9,1.6677437362740605e-05,
1D-gaussian-4c-32p,32,32,0.0805545336820064,1000000,1.3985803708725288e-05,,seconds,40.412094593048096,40.34295255318284,megabytes,554.0,554.0,79.0,77.0111111111111,0.25081856,0.25081856,0.81875,0.7771006944444443,success,sgd,0.1,1000000,1e-06,0.002,0.9,1.3985803708725288e-05,
1D-gaussian-4c-32p,32,32,0.0445419882843482,1000000,1.0873726095699272e-05,,seconds,39.14461827278137,38.987221317365766,megabytes,554.0,554.0,81.0,78.9090909090909,0.251752448,0.251752448,0.81328125,0.7765580610795454,success,sgd,0.1,1000000,1e-06,0.002,0.9,1.0873726095699272e-05,
1D-gaussian-4c-32p,32,32,0.1072924710938015,1000000,9.477170937472425e-06,,seconds,39.60371208190918,39.4288121778518,megabytes,554.0,554.0,80.0,78.31521739130434,0.250822656,0.250822656,0.83203125,0.7745117187500001,success,sgd,0.1,1000000,1e-06,0.002,0.9,9.477170937472425e-06,
1D-gaussian-4c-32p,32,32,0.4271429081816116,1000000,1.8626060628801063e-05,,seconds,39.1686270236969,39.020636051893234,megabytes,554.0,554.0,82.0,78.76608187134502,0.25083904,0.25083904,0.8234375,0.7761924342105261,success,sgd,0.1,1000000,1e-06,0.002,0.9,1.8626060628801063e-05,
1D-gaussian-4c-32p,32,32,0.1484875853482583,1000000,1.383548777249934e-05,,seconds,39.4596598148346,39.25588743574917,megabytes,554.0,554.0,80.0,78.43502824858757,0.25092096,0.25092096,0.82265625,0.7765404307909605,success,sgd,0.1,1000000,1e-06,0.002,0.9,1.383548777249934e-05,
1D-gaussian-4c-32p,32,32,0.2204590572486852,1000000,1.4425017106291776e-05,,seconds,38.75404739379883,38.76298947446048,megabytes,554.0,554.0,81.0,79.51785714285714,0.2518016,0.2518016,0.81640625,0.7802594866071428,success,sgd,0.1,1000000,1e-06,0.002,0.9,1.4425017106291776e-05,
1D-gaussian-4c-32p,32,32,0.1059183123966647,1000000,1.1153741046481795e-05,,seconds,39.24659848213196,39.24472771026194,megabytes,554.0,554.0,83.0,78.69942196531792,0.250863616,0.250863616,0.81796875,0.778129515895954,success,sgd,0.1,1000000,1e-06,0.002,0.9,1.1153741046481795e-05,
1D-gaussian-4c-32p,32,32,0.0427148200903273,1000000,1.484351030996904e-05,,seconds,39.239349365234375,39.143732806667686,megabytes,554.0,554.0,81.0,78.9659090909091,0.252616704,0.252616704,0.81796875,0.7759588068181816,success,sgd,0.1,1000000,1e-06,0.002,0.9,1.484351030996904e-05,
1D-gaussian-4c-32p,32,32,0.0712986185650517,1000000,1.4087712580568208e-05,,seconds,39.69944930076599,39.529822416603565,megabytes,554.0,554.0,81.0,78.29885057471265,0.250990592,0.250990592,0.82421875,0.7757094109195402,success,sgd,0.1,1000000,1e-06,0.002,0.9,1.4087712580568208e-05,
1D-gaussian-4c-32p,32,32,0.1380722685756086,1000000,1.3274371225406318e-05,,seconds,40.317174434661865,40.229588497430086,megabytes,554.0,554.0,79.0,77.2388888888889,0.250953728,0.250953728,0.846875,0.778980034722222,success,sgd,0.1,1000000,1e-06,0.002,0.9,1.3274371225406318e-05,
1D-gaussian-4c-32p,32,32,0.0549127592389513,1000000,1.3469718495378646e-05,,seconds,39.67148542404175,39.65948640741408,megabytes,554.0,554.0,80.0,78.04624277456648,0.25192448,0.25192448,0.834375,0.7810151734104046,success,sgd,0.1,1000000,1e-06,0.002,0.9,1.3469718495378646e-05,
1D-gaussian-4c-32p,32,32,0.1257569323595299,1000000,1.3430728873959952e-05,,seconds,40.19098734855652,40.031603557989,megabytes,554.0,554.0,80.0,77.32777777777778,0.250974208,0.250974208,0.81796875,0.7756076388888891,success,sgd,0.1,1000000,1e-06,0.002,0.9,1.3430728873959952e-05,
1D-gaussian-4c-32p,32,32,0.0494457739085359,1000000,1.5114113359020988e-05,,seconds,40.2046799659729,40.06822645477951,megabytes,554.0,554.0,83.0,77.30851063829788,0.251031552,0.251031552,0.8234375,0.7770487034574469,success,sgd,0.1,1000000,1e-06,0.002,0.9,1.5114113359020988e-05,
1D-gaussian-4c-32p,32,32,0.1954838930460894,1000000,1.3592521588484234e-05,,seconds,40.58666372299194,40.51183065026999,megabytes,554.0,554.0,79.0,76.79144385026738,0.251973632,0.251973632,0.82421875,0.7795036764705882,success,sgd,0.1,1000000,1e-06,0.002,0.9,1.3592521588484234e-05,
1D-gaussian-4c-32p,32,32,0.0750425175272881,1000000,1.3456111640473677e-05,,seconds,40.25414490699768,40.168120976537466,megabytes,554.0,554.0,80.0,77.25966850828729,0.251117568,0.251117568,0.815625,0.7765927140883979,success,sgd,0.1,1000000,1e-06,0.002,0.9,1.3456111640473677e-05,
1D-gaussian-4c-32p,32,32,0.1339390502733389,1000000,1.60419589922802e-05,,seconds,40.08676266670227,39.92228480800986,megabytes,554.0,554.0,82.0,77.2741935483871,0.251113472,0.251113472,0.8203125,0.7745169690860214,success,sgd,0.1,1000000,1e-06,0.002,0.9,1.60419589922802e-05,
1D-gaussian-4c-32p,32,32,0.1604049117529797,1000000,1.4004293326479071e-05,,seconds,40.49453091621399,40.298278076574206,megabytes,554.0,554.0,80.0,76.95161290322581,0.252919808,0.252919808,0.82109375,0.7760710685483869,success,sgd,0.1,1000000,1e-06,0.002,0.9,1.4004293326479071e-05,
1D-gaussian-4c-32p,32,32,0.0669505034473224,1000000,1.2669660870836585e-05,,seconds,39.74291706085205,39.711878441274166,megabytes,554.0,554.0,81.0,77.86285714285714,0.252084224,0.252084224,0.821875,0.7801294642857142,success,sgd,0.1,1000000,1e-06,0.002,0.9,1.2669660870836585e-05,
1D-gaussian-4c-32p,32,32,0.1073688579721528,1000000,1.4627752489080511e-05,,seconds,40.040353775024414,39.850322008132935,megabytes,554.0,554.0,83.0,77.41208791208791,0.251232256,0.251232256,0.83046875,0.7740599244505489,success,sgd,0.1,1000000,1e-06,0.002,0.9,1.4627752489080511e-05,
1D-gaussian-4c-32p,32,32,0.1083760936620256,1000000,1.6483878733533463e-05,,seconds,40.12857389450073,40.04107296839357,megabytes,554.0,554.0,80.0,77.1978021978022,0.251203584,0.251203584,0.81875,0.776747081043956,success,sgd,0.1,1000000,1e-06,0.002,0.9,1.6483878733533463e-05,
1D-gaussian-4c-32p,32,32,0.096774237229934,1000000,1.2475709437751184e-05,,seconds,39.30887055397034,39.13566006347537,megabytes,554.0,554.0,81.0,78.93785310734464,0.251297792,0.251297792,0.81953125,0.7772069209039548,success,sgd,0.1,1000000,1e-06,0.002,0.9,1.2475709437751184e-05,
1D-gaussian-4c-32p,32,32,0.3542249134340981,1000000,1.524539049768432e-05,,seconds,40.438801765441895,40.36089367046952,megabytes,554.0,554.0,80.0,77.19444444444444,0.251244544,0.251244544,0.8203125,0.7760329861111106,success,sgd,0.1,1000000,1e-06,0.002,0.9,1.524539049768432e-05,
1D-gaussian-4c-32p,32,32,0.0893301186370074,1000000,1.3362261009242292e-05,,seconds,39.43188667297363,39.20713513158262,megabytes,554.0,554.0,82.0,78.63333333333334,0.253108224,0.253108224,0.81796875,0.7737847222222223,success,sgd,0.1,1000000,1e-06,0.002,0.9,1.3362261009242292e-05,
1D-gaussian-4c-32p,32,32,0.2240095671320568,1000000,1.518622051623978e-05,,seconds,39.825708866119385,39.62051434256136,megabytes,554.0,554.0,81.0,78.44632768361582,0.253100032,0.253100032,0.82109375,0.7764742231638416,success,sgd,0.1,1000000,1e-06,0.002,0.9,1.518622051623978e-05,
1D-gaussian-4c-64p,64,64,0.1268217569224235,1000000,1.658336291461807e-05,,seconds,43.79884433746338,43.69005724787712,megabytes,554.0,554.0,83.0,81.5050505050505,0.251363328,0.251363328,0.81875,0.7785156249999995,success,sgd,0.1,1000000,1e-06,0.002,0.9,1.658336291461807e-05,
1D-gaussian-4c-64p,64,64,0.0493344952632783,1000000,1.9849210949896297e-05,,seconds,43.8773672580719,43.88362988457084,megabytes,554.0,554.0,83.0,80.92513368983957,0.251420672,0.251420672,0.81796875,0.7792738970588231,success,sgd,0.1,1000000,1e-06,0.002,0.9,1.9849210949896297e-05,
1D-gaussian-4c-64p,64,64,0.1413388539742155,1000000,2.0018326924573778e-05,,seconds,43.53229141235352,43.4514904152602,megabytes,554.0,554.0,83.0,81.93564356435644,0.2531328,0.2531328,0.821875,0.7773514851485147,success,sgd,0.1,1000000,1e-06,0.002,0.9,2.0018326924573778e-05,
1D-gaussian-4c-64p,64,64,0.0465065657582981,1000000,1.8414454012666635e-05,,seconds,43.49593687057495,43.481736194342375,megabytes,554.0,554.0,83.0,81.99004975124379,0.252379136,0.252379136,0.8234375,0.7785175684079598,success,sgd,0.1,1000000,1e-06,0.002,0.9,1.8414454012666635e-05,
1D-gaussian-4c-64p,64,64,0.2341979710120834,1000000,2.007161909041843e-05,,seconds,43.5552442073822,43.51658085733652,megabytes,554.0,554.0,82.0,80.93532338308458,0.252366848,0.252366848,0.8234375,0.778315453980099,success,sgd,0.1,1000000,1e-06,0.002,0.9,2.007161909041843e-05,
1D-gaussian-4c-64p,64,64,0.0711390519005669,1000000,1.8993094365061845e-05,,seconds,43.512494802474976,43.48760068044066,megabytes,554.0,554.0,82.0,80.96,0.251482112,0.251482112,0.81953125,0.7793203124999999,success,sgd,0.1,1000000,1e-06,0.002,0.9,1.8993094365061845e-05,
1D-gaussian-4c-64p,64,64,0.0891651666362841,1000000,2.332652754418077e-05,,seconds,43.33405590057373,43.323709508404136,megabytes,554.0,554.0,83.0,81.32367149758454,0.251547648,0.251547648,0.825,0.7807669082125605,success,sgd,0.1,1000000,1e-06,0.002,0.9,2.332652754418077e-05,
1D-gaussian-4c-64p,64,64,0.0805510114268484,1000000,1.9994905914904797e-05,,seconds,43.68768358230591,43.67245648242533,megabytes,554.0,554.0,83.0,81.58585858585859,0.253231104,0.253231104,0.8125,0.7812065972222227,success,sgd,0.1,1000000,1e-06,0.002,0.9,1.9994905914904797e-05,
1D-gaussian-4c-64p,64,64,0.044548894671569,1000000,1.545271399499653e-05,,seconds,43.69935655593872,43.673739252612,megabytes,554.0,554.0,83.0,81.20725388601036,0.251572224,0.251572224,0.8171875,0.7787726683937823,success,sgd,0.1,1000000,1e-06,0.002,0.9,1.545271399499653e-05,
1D-gaussian-4c-64p,64,64,0.107283863447456,1000000,1.4092364311023972e-05,,seconds,43.75526928901672,43.70455009303987,megabytes,554.0,554.0,83.0,80.89690721649484,0.251568128,0.251568128,0.81796875,0.7801908827319592,success,sgd,0.1,1000000,1e-06,0.002,0.9,1.4092364311023972e-05,
1D-gaussian-4c-64p,64,64,0.4270621874083791,1000000,2.6364212943442207e-05,,seconds,43.71751928329468,43.69613866694272,megabytes,554.0,554.0,83.0,81.29292929292929,0.253247488,0.253247488,0.82265625,0.7800939078282825,success,sgd,0.1,1000000,1e-06,0.002,0.9,2.6364212943442207e-05,
1D-gaussian-4c-64p,64,64,0.1484612720652257,1000000,1.9905136528410695e-05,,seconds,43.87508225440979,43.7327018622309,megabytes,554.0,554.0,83.0,81.23076923076923,0.251580416,0.251580416,0.81796875,0.7757331730769235,success,sgd,0.1,1000000,1e-06,0.002,0.9,1.9905136528410695e-05,
1D-gaussian-4c-64p,64,64,0.2204299781278126,1000000,2.090557623148254e-05,,seconds,43.75920248031616,43.609487576410174,megabytes,554.0,554.0,83.0,81.328125,0.25327616,0.25327616,0.83984375,0.7784667968749998,success,sgd,0.1,1000000,1e-06,0.002,0.9,2.090557623148254e-05,
1D-gaussian-4c-64p,64,64,0.1059174146602864,1000000,1.6293483934208703e-05,,seconds,43.59927272796631,43.45571930147708,megabytes,554.0,554.0,83.0,81.98029556650246,0.251654144,0.251654144,0.82421875,0.7779903017241377,success,sgd,0.1,1000000,1e-06,0.002,0.9,1.6293483934208703e-05,
1D-gaussian-4c-64p,64,64,0.0427324536222048,1000000,2.0706509608536262e-05,,seconds,43.78145718574524,43.722224140539765,megabytes,554.0,554.0,83.0,81.25520833333333,0.25163776,0.25163776,0.8171875,0.7788248697916668,success,sgd,0.1,1000000,1e-06,0.002,0.9,2.0706509608536262e-05,
1D-gaussian-4c-64p,64,64,0.0713080595057896,1000000,2.013671836605285e-05,,seconds,43.57450747489929,43.57452071085572,megabytes,554.0,554.0,82.0,80.79473684210527,0.251736064,0.251736064,0.81953125,0.7796011513157893,success,sgd,0.1,1000000,1e-06,0.002,0.9,2.013671836605285e-05,
1D-gaussian-4c-64p,64,64,0.1380488751144005,1000000,1.9027574632246035e-05,,seconds,43.66603994369507,43.6324496306479,megabytes,554.0,554.0,83.0,81.52307692307693,0.251691008,0.251691008,0.81953125,0.7812660256410257,success,sgd,0.1,1000000,1e-06,0.002,0.9,1.9027574632246035e-05,
1D-gaussian-4c-64p,64,64,0.0549207882507826,1000000,1.919926882324097e-05,,seconds,43.57444953918457,43.4937510304153,megabytes,554.0,554.0,83.0,81.99,0.251727872,0.251727872,0.81640625,0.7798671874999996,success,sgd,0.1,1000000,1e-06,0.002,0.9,1.919926882324097e-05,
1D-gaussian-4c-64p,64,64,0.1257414775741044,1000000,1.9266466079396165e-05,,seconds,43.73526740074158,43.6227416601032,megabytes,554.0,554.0,83.0,81.6734693877551,0.251736064,0.251736064,0.81640625,0.7780452806122451,success,sgd,0.1,1000000,1e-06,0.002,0.9,1.9266466079396165e-05,
1D-gaussian-4c-64p,64,64,0.0494587959823002,1000000,2.1328508213502657e-05,,seconds,43.51229238510132,43.45291979983449,megabytes,554.0,554.0,82.0,80.86567164179104,0.251768832,0.251768832,0.8234375,0.7802238805970148,success,sgd,0.1,1000000,1e-06,0.002,0.9,2.1328508213502657e-05,
1D-gaussian-4c-64p,64,64,0.1954722869905533,1000000,1.9188694736033056e-05,,seconds,43.90608596801758,43.831214090809226,megabytes,554.0,554.0,82.0,80.68852459016394,0.251731968,0.251731968,0.8265625,0.777668203551913,success,sgd,0.1,1000000,1e-06,0.002,0.9,1.9188694736033056e-05,
1D-gaussian-4c-64p,64,64,0.0750534469109369,1000000,1.9192914510354456e-05,,seconds,43.72974443435669,43.587291875854135,megabytes,554.0,554.0,83.0,81.4090909090909,0.251830272,0.251830272,0.81875,0.7776041666666667,success,sgd,0.1,1000000,1e-06,0.002,0.9,1.9192914510354456e-05,
1D-gaussian-4c-64p,64,64,0.1339400335848485,1000000,2.2637894763006492e-05,,seconds,43.51284074783325,43.33158343657851,megabytes,554.0,554.0,83.0,82.19024390243902,0.251867136,0.251867136,0.8203125,0.7767263719512191,success,sgd,0.1,1000000,1e-06,0.002,0.9,2.2637894763006492e-05,
1D-gaussian-4c-64p,64,64,0.1603983101342405,1000000,2.032821637003272e-05,,seconds,43.6702446937561,43.64707344584167,megabytes,554.0,554.0,83.0,81.35567010309278,0.251846656,0.251846656,0.82890625,0.7803479381443298,success,sgd,0.1,1000000,1e-06,0.002,0.9,2.032821637003272e-05,
1D-gaussian-4c-64p,64,64,0.0669599236345395,1000000,1.813575999070622e-05,,seconds,43.77361369132996,43.7406985424459,megabytes,554.0,554.0,83.0,81.11052631578947,0.251875328,0.251875328,0.81640625,0.7774671052631574,success,sgd,0.1,1000000,1e-06,0.002,0.9,1.813575999070622e-05,
1D-gaussian-4c-64p,64,64,0.1073725823967412,1000000,2.102580923877956e-05,,seconds,43.55129814147949,43.551530910655856,megabytes,554.0,554.0,82.0,80.61,0.251920384,0.251920384,0.82421875,0.7787382812500004,success,sgd,0.1,1000000,1e-06,0.002,0.9,2.102580923877956e-05,
1D-gaussian-4c-64p,64,64,0.1083830589367742,1000000,2.3486389981485573e-05,,seconds,43.39207077026367,43.19462674856186,megabytes,554.0,554.0,83.0,82.24644549763033,0.251990016,0.251990016,0.81953125,0.7739336492890995,success,sgd,0.1,1000000,1e-06,0.002,0.9,2.3486389981485573e-05,
1D-gaussian-4c-64p,64,64,0.0967713695269867,1000000,1.7724525749235385e-05,,seconds,43.7765748500824,43.745927315205336,megabytes,554.0,554.0,83.0,81.37755102040816,0.251928576,0.251928576,0.81796875,0.7787428252551021,success,sgd,0.1,1000000,1e-06,0.002,0.9,1.7724525749235385e-05,
1D-gaussian-4c-64p,64,64,0.3541945098717758,1000000,2.1272084042323565e-05,,seconds,43.87262535095215,43.695251509547234,megabytes,554.0,554.0,83.0,81.40721649484536,0.2520064,0.2520064,0.82109375,0.7753221649484534,success,sgd,0.1,1000000,1e-06,0.002,0.9,2.1272084042323565e-05,
1D-gaussian-4c-64p,64,64,0.0893349617891901,1000000,1.884055021567357e-05,,seconds,43.90243077278137,43.72456277348101,megabytes,554.0,554.0,82.0,80.6842105263158,0.251990016,0.251990016,0.83984375,0.7760567434210524,success,sgd,0.1,1000000,1e-06,0.002,0.9,1.884055021567357e-05,
1D-gaussian-4c-64p,64,64,0.2239832371399322,1000000,2.143903712423409e-05,,seconds,43.60993456840515,43.60393824055791,megabytes,554.0,554.0,83.0,81.29081632653062,0.252002304,0.252002304,0.81328125,0.7783242984693879,success,sgd,0.1,1000000,1e-06,0.002,0.9,2.143903712423409e-05,
1D-gaussian-4c-128p,128,128,0.1268041941971702,1000000,2.3665542624511877e-05,,seconds,49.97576141357422,49.84997480548918,megabytes,554.0,554.0,83.0,80.15555555555555,0.25206784,0.25206784,0.82109375,0.7786006944444445,success,sgd,0.1,1000000,1e-06,0.002,0.9,2.3665542624511877e-05,
1D-gaussian-4c-128p,128,128,0.049352768466892,1000000,2.77999142764816e-05,,seconds,49.4041805267334,49.2655089776963,megabytes,554.0,554.0,87.0,81.3444976076555,0.252043264,0.252043264,0.846875,0.7810182416267938,success,sgd,0.1,1000000,1e-06,0.002,0.9,2.77999142764816e-05,
1D-gaussian-4c-128p,128,128,0.1413041191182192,1000000,2.845182076959201e-05,,seconds,50.00669980049133,50.00489154644311,megabytes,554.0,554.0,83.0,80.23144104803494,0.252084224,0.252084224,0.8234375,0.7795408024017465,success,sgd,0.1,1000000,1e-06,0.002,0.9,2.845182076959201e-05,
1D-gaussian-4c-128p,128,128,0.0465112667256567,1000000,2.6173901205632745e-05,,seconds,49.89948225021362,49.877235220745206,megabytes,554.0,554.0,83.0,80.28636363636363,0.252133376,0.252133376,0.8234375,0.7782031249999999,success,sgd,0.1,1000000,1e-06,0.002,0.9,2.6173901205632745e-05,
1D-gaussian-4c-128p,128,128,0.2341277815198426,1000000,2.899988666641836e-05,,seconds,49.60617733001709,49.48402916453779,megabytes,554.0,554.0,87.0,80.87037037037037,0.252162048,0.252162048,0.81328125,0.7769567418981488,success,sgd,0.1,1000000,1e-06,0.002,0.9,2.899988666641836e-05,
1D-gaussian-4c-128p,128,128,0.0711484425329499,1000000,2.7099209638122704e-05,,seconds,49.83701777458191,49.698514856398106,megabytes,554.0,554.0,83.0,80.38914027149322,0.252145664,0.252145664,0.83125,0.77892746040724,success,sgd,0.1,1000000,1e-06,0.002,0.9,2.7099209638122704e-05,
1D-gaussian-4c-128p,128,128,0.0891540837806253,1000000,3.1834681540817306e-05,,seconds,50.21961951255798,50.03187592700124,megabytes,554.0,554.0,83.0,79.87555555555555,0.252235776,0.252235776,0.821875,0.7755798611111117,success,sgd,0.1,1000000,1e-06,0.002,0.9,3.1834681540817306e-05,
1D-gaussian-4c-128p,128,128,0.0805361578536681,1000000,2.8386490385964107e-05,,seconds,49.99291276931763,49.80792007222772,megabytes,554.0,554.0,82.0,79.60810810810811,0.252207104,0.252207104,0.8203125,0.7768968186936935,success,sgd,0.1,1000000,1e-06,0.002,0.9,2.8386490385964107e-05,
1D-gaussian-4c-128p,128,128,0.0445609063907834,1000000,2.2145367888928772e-05,,seconds,50.31683254241944,50.31169417873025,megabytes,554.0,554.0,83.0,79.71244635193133,0.252284928,0.252284928,0.81796875,0.7797076180257507,success,sgd,0.1,1000000,1e-06,0.002,0.9,2.2145367888928772e-05,
1D-gaussian-4c-128p,128,128,0.1072616070481229,1000000,2.0743829874722467e-05,,seconds,50.01061725616455,49.84575764834881,megabytes,554.0,554.0,82.0,79.47555555555556,0.252239872,0.252239872,0.81796875,0.775503472222222,success,sgd,0.1,1000000,1e-06,0.002,0.9,2.0743829874722467e-05,
1D-gaussian-4c-128p,128,128,0.4268730837340002,1000000,4.079404671442963e-05,,seconds,49.88095283508301,49.87080899812281,megabytes,554.0,554.0,88.0,80.21777777777778,0.252284928,0.252284928,0.8359375,0.7798819444444448,success,sgd,0.1,1000000,1e-06,0.002,0.9,4.079404671442963e-05,
1D-gaussian-4c-128p,128,128,0.1483952229138186,1000000,2.888681040233546e-05,,seconds,49.76669239997864,49.69332801923156,megabytes,554.0,554.0,82.0,79.78923766816143,0.252268544,0.252268544,0.853125,0.7777151065022416,success,sgd,0.1,1000000,1e-06,0.002,0.9,2.888681040233546e-05,
1D-gaussian-4c-128p,128,128,0.2203576416112389,1000000,3.039014262310729e-05,,seconds,50.16090536117554,49.95375381037593,megabytes,554.0,554.0,84.0,80.28761061946902,0.252362752,0.252362752,0.8171875,0.7786193307522126,success,sgd,0.1,1000000,1e-06,0.002,0.9,3.039014262310729e-05,
1D-gaussian-4c-128p,128,128,0.1059066040436857,1000000,2.3504048184970957e-05,,seconds,50.03441762924194,49.98893501982093,megabytes,554.0,554.0,82.0,79.65777777777778,0.252317696,0.252317696,0.82265625,0.7800034722222218,success,sgd,0.1,1000000,1e-06,0.002,0.9,2.3504048184970957e-05,
1D-gaussian-4c-128p,128,128,0.0427615075051185,1000000,2.771459517696867e-05,,seconds,49.93946623802185,49.8661205265671,megabytes,554.0,554.0,88.0,80.42410714285714,0.2523136,0.2523136,0.834375,0.777950613839286,success,sgd,0.1,1000000,1e-06,0.002,0.9,2.771459517696867e-05,
1D-gaussian-4c-128p,128,128,0.0713237038033369,1000000,2.837069684382288e-05,,seconds,49.94028615951538,49.76440032571554,megabytes,554.0,554.0,82.0,79.89867841409692,0.252452864,0.252452864,0.8234375,0.7762321035242293,success,sgd,0.1,1000000,1e-06,0.002,0.9,2.837069684382288e-05,
1D-gaussian-4c-128p,128,128,0.1379917940648501,1000000,2.810315590358533e-05,,seconds,49.97499227523804,49.87732685171068,megabytes,554.0,554.0,83.0,80.13963963963964,0.252411904,0.252411904,0.81953125,0.778054617117117,success,sgd,0.1,1000000,1e-06,0.002,0.9,2.810315590358533e-05,
1D-gaussian-4c-128p,128,128,0.0549335441683327,1000000,2.688929395131493e-05,,seconds,50.2569682598114,50.14576681703329,megabytes,554.0,554.0,84.0,79.28205128205128,0.252448768,0.252448768,0.84296875,0.7791466346153848,success,sgd,0.1,1000000,1e-06,0.002,0.9,2.688929395131493e-05,
1D-gaussian-4c-128p,128,128,0.1256933710754707,1000000,2.7818151212781537e-05,,seconds,49.89430236816406,49.84438619017601,megabytes,554.0,554.0,84.0,80.16742081447964,0.252465152,0.252465152,0.82265625,0.7775134332579189,success,sgd,0.1,1000000,1e-06,0.002,0.9,2.7818151212781537e-05,
1D-gaussian-4c-128p,128,128,0.0494814770801085,1000000,2.953693825765034e-05,,seconds,50.41264581680298,50.38293205015361,megabytes,554.0,554.0,82.0,78.86497890295358,0.25247744,0.25247744,0.8234375,0.7789326213080172,success,sgd,0.1,1000000,1e-06,0.002,0.9,2.953693825765034e-05,
1D-gaussian-4c-128p,128,128,0.1954318983679102,1000000,2.5928706337089248e-05,,seconds,50.41298580169678,50.298331340774894,megabytes,554.0,554.0,83.0,79.72727272727273,0.25249792,0.25249792,0.82265625,0.7776041666666673,success,sgd,0.1,1000000,1e-06,0.002,0.9,2.5928706337089248e-05,
1D-gaussian-4c-128p,128,128,0.0750736917397913,1000000,2.691247065030373e-05,,seconds,49.888524293899536,49.77969930320978,megabytes,554.0,554.0,83.0,79.46396396396396,0.25247744,0.25247744,0.82109375,0.7768264358108107,success,sgd,0.1,1000000,1e-06,0.002,0.9,2.691247065030373e-05,
1D-gaussian-4c-128p,128,128,0.1339308752392861,1000000,3.137217193666718e-05,,seconds,50.16251444816589,50.05854958854616,megabytes,554.0,554.0,83.0,79.93805309734513,0.252551168,0.252551168,0.8359375,0.7787645188053101,success,sgd,0.1,1000000,1e-06,0.002,0.9,3.137217193666718e-05,
1D-gaussian-4c-128p,128,128,0.1603823458683289,1000000,2.9478903918185576e-05,,seconds,50.325095653533936,50.1708147842437,megabytes,554.0,554.0,82.0,78.97413793103448,0.252542976,0.252542976,0.81796875,0.7778960129310346,success,sgd,0.1,1000000,1e-06,0.002,0.9,2.9478903918185576e-05,
1D-gaussian-4c-128p,128,128,0.0669787800651798,1000000,2.572254114742272e-05,,seconds,49.82273674011231,49.781415451318026,megabytes,554.0,554.0,87.0,80.28054298642535,0.252583936,0.252583936,0.821875,0.7755019796380092,success,sgd,0.1,1000000,1e-06,0.002,0.9,2.572254114742272e-05,
1D-gaussian-4c-128p,128,128,0.1073768933959748,1000000,2.9919949312775923e-05,,seconds,49.88758802413941,49.8142893910408,megabytes,554.0,554.0,82.0,79.61009174311927,0.253472768,0.253472768,0.825,0.7777415424311923,success,sgd,0.1,1000000,1e-06,0.002,0.9,2.9919949312775923e-05,
1D-gaussian-4c-128p,128,128,0.108393971081949,1000000,3.304379902345204e-05,,seconds,50.317830324172974,50.30986767821014,megabytes,554.0,554.0,87.0,79.58189655172414,0.252637184,0.252637184,0.821875,0.7809570312499998,success,sgd,0.1,1000000,1e-06,0.002,0.9,3.304379902345204e-05,
1D-gaussian-4c-128p,128,128,0.0967580245956349,1000000,2.441675038274969e-05,,seconds,49.648316383361816,49.63331432081759,megabytes,554.0,554.0,82.0,79.75909090909092,0.252633088,0.252633088,0.81484375,0.7796484375000002,success,sgd,0.1,1000000,1e-06,0.002,0.9,2.441675038274969e-05,
1D-gaussian-4c-128p,128,128,0.3541104802891047,1000000,3.2560883218333485e-05,,seconds,49.928138971328735,49.85177942737937,megabytes,554.0,554.0,83.0,80.43805309734513,0.252669952,0.252669952,0.82265625,0.7788647676991148,success,sgd,0.1,1000000,1e-06,0.002,0.9,3.2560883218333485e-05,
1D-gaussian-4c-128p,128,128,0.0893376724410394,1000000,2.511843665700072e-05,,seconds,49.80345416069031,49.592865474522114,megabytes,554.0,554.0,82.0,79.8409090909091,0.2543616,0.2543616,0.821875,0.7761150568181817,success,sgd,0.1,1000000,1e-06,0.002,0.9,2.511843665700072e-05,
1D-gaussian-4c-128p,128,128,0.2239087006768764,1000000,3.1518962495884926e-05,,seconds,49.92029619216919,49.89678055420518,megabytes,554.0,554.0,83.0,80.40444444444445,0.252719104,0.252719104,0.82421875,0.7802118055555558,success,sgd,0.1,1000000,1e-06,0.002,0.9,3.1518962495884926e-05,
1D-gaussian-4c-256p,256,256,0.1266872783669696,1000000,5.743235289213713e-05,,seconds,52.05067181587219,51.99636051431298,megabytes,556.0,556.0,86.0,85.06113537117903,0.252882944,0.252882944,0.8375,0.7785275655021833,success,sgd,0.1,1000000,1e-06,0.002,0.9,5.743235289213713e-05,
1D-gaussian-4c-256p,256,256,0.0493178729738137,1000000,3.786730050909392e-05,,seconds,52.13514280319214,52.0282678399235,megabytes,556.0,556.0,86.0,84.20535714285714,0.25290752,0.25290752,0.82109375,0.7775809151785709,success,sgd,0.1,1000000,1e-06,0.002,0.9,3.786730050909392e-05,
1D-gaussian-4c-256p,256,256,0.1411910599665078,1000000,6.071700877443048e-05,,seconds,51.96380639076233,51.942788898944855,megabytes,556.0,556.0,86.0,85.00877192982456,0.25290752,0.25290752,0.82421875,0.7799444901315785,success,sgd,0.1,1000000,1e-06,0.002,0.9,6.071700877443048e-05,
1D-gaussian-4c-256p,256,256,0.0464844771548682,1000000,3.623612992918417e-05,,seconds,51.88634324073792,51.80649426393211,megabytes,556.0,556.0,86.0,84.71244635193133,0.252960768,0.252960768,0.821875,0.7777326984978538,success,sgd,0.1,1000000,1e-06,0.002,0.9,3.623612992918417e-05,
1D-gaussian-4c-256p,256,256,0.2339125953678525,1000000,6.195572708624913e-05,,seconds,52.2083158493042,52.0908155310899,megabytes,556.0,556.0,86.0,84.58558558558559,0.252973056,0.252973056,0.8203125,0.7790188626126126,success,sgd,0.1,1000000,1e-06,0.002,0.9,6.195572708624913e-05,
1D-gaussian-4c-256p,256,256,0.0711280957609887,1000000,3.608469450907902e-05,,seconds,51.89818835258484,51.81565419025719,megabytes,556.0,556.0,86.0,84.73076923076923,0.253902848,0.253902848,0.825,0.7785990918803417,success,sgd,0.1,1000000,1e-06,0.002,0.9,3.608469450907902e-05,
1D-gaussian-4c-256p,256,256,0.0890940511751009,1000000,4.996647085149276e-05,,seconds,52.000632762908936,51.82790030166507,megabytes,556.0,556.0,86.0,84.74678111587983,0.253018112,0.253018112,0.81640625,0.777337043991416,success,sgd,0.1,1000000,1e-06,0.002,0.9,4.996647085149276e-05,
1D-gaussian-4c-256p,256,256,0.0804685683849851,1000000,4.819377268725216e-05,,seconds,51.81993889808655,51.82084856368601,megabytes,556.0,556.0,86.0,84.76595744680851,0.2530304,0.2530304,0.81953125,0.7773736702127666,success,sgd,0.1,1000000,1e-06,0.002,0.9,4.819377268725216e-05,
1D-gaussian-4c-256p,256,256,0.0445310408763393,1000000,2.6681990573991256e-05,,seconds,51.96248006820679,51.87220413610339,megabytes,556.0,556.0,87.0,85.11206896551724,0.253054976,0.253054976,0.81484375,0.7776905980603446,success,sgd,0.1,1000000,1e-06,0.002,0.9,2.6681990573991256e-05,
1D-gaussian-4c-256p,256,256,0.1071420634785328,1000000,3.819837313706775e-05,,seconds,51.95109343528748,51.95625134930015,megabytes,556.0,556.0,86.0,84.45814977973568,0.254779392,0.254779392,0.82421875,0.7770340033039638,success,sgd,0.1,1000000,1e-06,0.002,0.9,3.819837313706775e-05,
1D-gaussian-4c-256p,256,256,0.4263900119347084,1000000,8.177660192656794e-05,,seconds,52.07044911384583,51.97953946515918,megabytes,556.0,556.0,86.0,84.87772925764192,0.253087744,0.253087744,0.83828125,0.7780567685589523,success,sgd,0.1,1000000,1e-06,0.002,0.9,8.177660192656794e-05,
1D-gaussian-4c-256p,256,256,0.1482047497020023,1000000,6.063873936084302e-05,,seconds,51.72865438461304,51.68741549551487,megabytes,556.0,556.0,86.0,84.82845188284519,0.253136896,0.253136896,0.82734375,0.7787526150627619,success,sgd,0.1,1000000,1e-06,0.002,0.9,6.063873936084302e-05,
1D-gaussian-4c-256p,256,256,0.2201497439714941,1000000,5.945344625106525e-05,,seconds,51.840752840042114,51.67015618830919,megabytes,556.0,556.0,86.0,85.3875,0.2541568,0.2541568,0.821875,0.7764811197916665,success,sgd,0.1,1000000,1e-06,0.002,0.9,5.945344625106525e-05,
1D-gaussian-4c-256p,256,256,0.1058005256403511,1000000,4.087571518126471e-05,,seconds,51.883868932724,51.76777313090861,megabytes,556.0,556.0,86.0,84.86497890295358,0.253177856,0.253177856,0.82265625,0.7764108649789028,success,sgd,0.1,1000000,1e-06,0.002,0.9,4.087571518126471e-05,
1D-gaussian-4c-256p,256,256,0.0426911941729932,1000000,3.839093417363874e-05,,seconds,51.98223114013672,51.84673779271543,megabytes,556.0,556.0,87.0,85.47881355932203,0.253161472,0.253161472,0.82265625,0.7777211334745757,success,sgd,0.1,1000000,1e-06,0.002,0.9,3.839093417363874e-05,
1D-gaussian-4c-256p,256,256,0.0712921726162766,1000000,3.5796577130571124e-05,,seconds,51.739725828170776,51.63727780804038,megabytes,556.0,556.0,86.0,85.06276150627615,0.253222912,0.253222912,0.81875,0.776954759414226,success,sgd,0.1,1000000,1e-06,0.002,0.9,3.5796577130571124e-05,
1D-gaussian-4c-256p,256,256,0.1378210134122706,1000000,5.421743272401321e-05,,seconds,52.1092164516449,51.95609534718096,megabytes,556.0,556.0,86.0,84.68260869565218,0.254967808,0.254967808,0.825,0.7770550271739128,success,sgd,0.1,1000000,1e-06,0.002,0.9,5.421743272401321e-05,
1D-gaussian-4c-256p,256,256,0.054894458456126,1000000,3.511853887782544e-05,,seconds,52.04753279685974,51.97191410511732,megabytes,556.0,556.0,86.0,84.61135371179039,0.253288448,0.253288448,0.8171875,0.7759859443231444,success,sgd,0.1,1000000,1e-06,0.002,0.9,3.511853887782544e-05,
1D-gaussian-4c-256p,256,256,0.1255308891781277,1000000,5.4492638760218255e-05,,seconds,52.08110523223877,51.92819492332637,megabytes,556.0,556.0,86.0,84.67381974248927,0.253267968,0.253267968,0.81640625,0.7766396190987127,success,sgd,0.1,1000000,1e-06,0.002,0.9,5.4492638760218255e-05,
1D-gaussian-4c-256p,256,256,0.0494516587753082,1000000,2.8585199537993704e-05,,seconds,52.204955101013184,52.116856751963496,megabytes,556.0,556.0,86.0,84.34666666666666,0.253321216,0.253321216,0.81875,0.7773854166666666,success,sgd,0.1,1000000,1e-06,0.002,0.9,2.8585199537993704e-05,
1D-gaussian-4c-256p,256,256,0.195271922521287,1000000,5.168841754757925e-05,,seconds,51.87067317962647,51.87456461042166,megabytes,556.0,556.0,86.0,84.79912663755458,0.253321216,0.253321216,0.8203125,0.7778247816593887,success,sgd,0.1,1000000,1e-06,0.002,0.9,5.168841754757925e-05,
1D-gaussian-4c-256p,256,256,0.0750432152819241,1000000,3.5811896329093893e-05,,seconds,52.03064274787903,52.007279105484486,megabytes,556.0,556.0,86.0,84.23451327433628,0.253333504,0.253333504,0.82109375,0.7792346515486723,success,sgd,0.1,1000000,1e-06,0.002,0.9,3.5811896329093893e-05,
1D-gaussian-4c-256p,256,256,0.1338985086222663,1000000,4.35174757119974e-05,,seconds,52.02049231529236,51.85197577625513,megabytes,556.0,556.0,86.0,85.0,0.253349888,0.253349888,0.81953125,0.7775373931623929,success,sgd,0.1,1000000,1e-06,0.002,0.9,4.35174757119974e-05,
1D-gaussian-4c-256p,256,256,0.1603727899944041,1000000,3.207850408526336e-05,,seconds,51.744566202163696,51.73230323381722,megabytes,556.0,556.0,86.0,84.7983193277311,0.2550784,0.2550784,0.8234375,0.7795890231092437,success,sgd,0.1,1000000,1e-06,0.002,0.9,3.207850408526336e-05,
1D-gaussian-4c-256p,256,256,0.066943377851339,1000000,3.5645052475991084e-05,,seconds,52.097482681274414,52.03330186009407,megabytes,556.0,556.0,86.0,84.48878923766816,0.253390848,0.253390848,0.81796875,0.7763768217488789,success,sgd,0.1,1000000,1e-06,0.002,0.9,3.5645052475991084e-05,
1D-gaussian-4c-256p,256,256,0.1073616475139098,1000000,3.094319937631562e-05,,seconds,52.16153049468994,52.05975154414773,megabytes,556.0,556.0,86.0,84.2719298245614,0.253407232,0.253407232,0.83515625,0.7777720668859653,success,sgd,0.1,1000000,1e-06,0.002,0.9,3.094319937631562e-05,
1D-gaussian-4c-256p,256,256,0.1083735199135648,1000000,3.689291878526709e-05,,seconds,51.8178129196167,51.63952517695725,megabytes,556.0,556.0,86.0,85.23456790123457,0.253513728,0.253513728,0.8390625,0.7753632973251031,success,sgd,0.1,1000000,1e-06,0.002,0.9,3.689291878526709e-05,
1D-gaussian-4c-256p,256,256,0.0966440732040605,1000000,5.107109036556227e-05,,seconds,51.89491963386536,51.75645291805267,megabytes,556.0,556.0,86.0,84.77731092436974,0.253497344,0.253497344,0.83046875,0.7768809086134455,success,sgd,0.1,1000000,1e-06,0.002,0.9,5.107109036556227e-05,
1D-gaussian-4c-256p,256,256,0.3538619509340164,1000000,5.9322523402448016e-05,,seconds,51.908710956573486,51.80307668447495,megabytes,556.0,556.0,86.0,84.98717948717949,0.253497344,0.253497344,0.83203125,0.7783386752136753,success,sgd,0.1,1000000,1e-06,0.002,0.9,5.9322523402448016e-05,
1D-gaussian-4c-256p,256,256,0.0892666136983648,1000000,4.500619816788944e-05,,seconds,52.11599016189575,51.9623689930886,megabytes,556.0,556.0,86.0,84.58078602620087,0.253526016,0.253526016,0.82421875,0.7772755185589518,success,sgd,0.1,1000000,1e-06,0.002,0.9,4.500619816788944e-05,
1D-gaussian-4c-256p,256,256,0.2237275067094461,1000000,6.826517231573363e-05,,seconds,52.059337854385376,51.811259215697646,megabytes,556.0,556.0,86.0,84.73076923076923,0.25534464,0.25534464,0.83359375,0.7741185897435903,success,sgd,0.1,1000000,1e-06,0.002,0.9,6.826517231573363e-05,
1D-gaussian-4c-512p,512,512,0.126641139891101,1000000,0.0003890924374228,,seconds,68.24074387550354,68.13863156922162,megabytes,562.0,562.0,88.0,86.85714285714286,0.253775872,0.253775872,0.82109375,0.7786323051948043,success,sgd,0.1,1000000,1e-06,0.002,0.9,0.0003890924374228,
1D-gaussian-4c-512p,512,512,0.0491188283492359,1000000,0.0003033316853081,,seconds,68.51316237449646,68.4381986130029,megabytes,562.0,562.0,87.0,85.88175675675676,0.253775872,0.253775872,0.81796875,0.7797297297297295,success,sgd,0.1,1000000,1e-06,0.002,0.9,0.0003033316853081,
1D-gaussian-4c-512p,512,512,0.1409427383214616,1000000,0.0003129320357889,,seconds,68.2267861366272,68.05814338102937,megabytes,562.0,562.0,88.0,86.95268138801262,0.2555904,0.2555904,0.81796875,0.7776715299684545,success,sgd,0.1,1000000,1e-06,0.002,0.9,0.0003129320357889,
1D-gaussian-4c-512p,512,512,0.04622474079657,1000000,0.0003179319514645,,seconds,68.19415283203125,68.18534141592681,megabytes,562.0,562.0,87.0,86.35598705501619,0.253865984,0.253865984,0.83046875,0.7797127831715212,success,sgd,0.1,1000000,1e-06,0.002,0.9,0.0003179319514645,
1D-gaussian-4c-512p,512,512,0.2339580204459958,1000000,0.0003322472632546,,seconds,68.20277404785156,68.03915804438293,megabytes,562.0,562.0,88.0,87.15360501567397,0.253886464,0.253886464,0.8234375,0.7785707288401251,success,sgd,0.1,1000000,1e-06,0.002,0.9,0.0003322472632546,
1D-gaussian-4c-512p,512,512,0.0710123963712892,1000000,0.000331624089176,,seconds,68.46404457092285,68.38305531069636,megabytes,562.0,562.0,87.0,86.05228758169935,0.255574016,0.255574016,0.8359375,0.7792611315359478,success,sgd,0.1,1000000,1e-06,0.002,0.9,0.000331624089176,
1D-gaussian-4c-512p,512,512,0.0889348078269059,1000000,0.0002404157704292,,seconds,68.42303967475891,68.2667554076761,megabytes,562.0,562.0,88.0,86.80844155844156,0.253882368,0.253882368,0.8234375,0.7791776582792208,success,sgd,0.1,1000000,1e-06,0.002,0.9,0.0002404157704292,
1D-gaussian-4c-512p,512,512,0.0802506323008616,1000000,0.0002810405662387,,seconds,68.50300002098083,68.32475985214114,megabytes,562.0,562.0,87.0,86.1023102310231,0.253947904,0.253947904,0.821875,0.7783854166666662,success,sgd,0.1,1000000,1e-06,0.002,0.9,0.0002810405662387,
1D-gaussian-4c-512p,512,512,0.0442494599140565,1000000,0.0003426411346402,,seconds,68.25887513160706,68.24626185558736,megabytes,562.0,562.0,88.0,86.68387096774194,0.253947904,0.253947904,0.82265625,0.7784475806451607,success,sgd,0.1,1000000,1e-06,0.002,0.9,0.0003426411346402,
1D-gaussian-4c-512p,512,512,0.107033947977285,1000000,0.0002327380988693,,seconds,68.38941550254822,68.36125043220818,megabytes,562.0,562.0,87.0,86.04590163934427,0.253980672,0.253980672,0.8234375,0.7793007172131152,success,sgd,0.1,1000000,1e-06,0.002,0.9,0.0002327380988693,
1D-gaussian-4c-512p,512,512,0.4261927298590122,1000000,0.000313056563638,,seconds,68.49600911140442,68.39395291917026,megabytes,562.0,562.0,88.0,86.003300330033,0.255721472,0.255721472,0.82109375,0.7771761551155121,success,sgd,0.1,1000000,1e-06,0.002,0.9,0.000313056563638,
1D-gaussian-4c-512p,512,512,0.1480339737518669,1000000,0.0003268197399521,,seconds,68.34205770492554,68.33615792356431,megabytes,562.0,562.0,87.0,86.0265780730897,0.254046208,0.254046208,0.8234375,0.7785818106312291,success,sgd,0.1,1000000,1e-06,0.002,0.9,0.0003268197399521,
1D-gaussian-4c-512p,512,512,0.2200203750770896,1000000,0.0003471553641575,,seconds,68.40312838554382,68.40489320643246,megabytes,562.0,562.0,88.0,86.35643564356435,0.2540544,0.2540544,0.81953125,0.7788005363036302,success,sgd,0.1,1000000,1e-06,0.002,0.9,0.0003471553641575,
1D-gaussian-4c-512p,512,512,0.105826567036284,1000000,0.0003276156747228,,seconds,68.31603574752808,68.21367722004652,megabytes,562.0,562.0,87.0,86.11551155115511,0.255787008,0.255787008,0.825,0.7788959364686465,success,sgd,0.1,1000000,1e-06,0.002,0.9,0.0003276156747228,
1D-gaussian-4c-512p,512,512,0.0425055676200166,1000000,0.0002813937255416,,seconds,68.24215006828308,68.11125963367522,megabytes,562.0,562.0,88.0,87.00638977635782,0.254140416,0.254140416,0.84921875,0.778768969648562,success,sgd,0.1,1000000,1e-06,0.002,0.9,0.0002813937255416,
1D-gaussian-4c-512p,512,512,0.0712595220487007,1000000,0.0003060570174843,,seconds,68.56045913696289,68.41832815669477,megabytes,562.0,562.0,87.0,85.86468646864687,0.254164992,0.254164992,0.81640625,0.7768976897689767,success,sgd,0.1,1000000,1e-06,0.002,0.9,0.0003060570174843,
1D-gaussian-4c-512p,512,512,0.1375345343012912,1000000,0.000376370643947,,seconds,68.36649084091187,68.33580684103072,megabytes,562.0,562.0,88.0,86.41639344262295,0.254189568,0.254189568,0.81796875,0.7777305327868852,success,sgd,0.1,1000000,1e-06,0.002,0.9,0.000376370643947,
1D-gaussian-4c-512p,512,512,0.0547402222733743,1000000,0.000259432053861,,seconds,68.21103692054749,68.19657745212317,megabytes,562.0,562.0,87.0,86.25566343042071,0.254226432,0.254226432,0.82734375,0.7797456512944981,success,sgd,0.1,1000000,1e-06,0.002,0.9,0.000259432053861,
1D-gaussian-4c-512p,512,512,0.1253573316015234,1000000,0.0002684196074621,,seconds,68.33304524421692,68.21177375875413,megabytes,562.0,562.0,88.0,86.91883116883118,0.255164416,0.255164416,0.82890625,0.7783431412337659,success,sgd,0.1,1000000,1e-06,0.002,0.9,0.0002684196074621,
1D-gaussian-4c-512p,512,512,0.0493145141607444,1000000,0.0002263853566156,,seconds,68.22085928916931,68.18747069314122,megabytes,562.0,562.0,87.0,86.33766233766234,0.254251008,0.254251008,0.81796875,0.7801897321428576,success,sgd,0.1,1000000,1e-06,0.002,0.9,0.0002263853566156,
1D-gaussian-4c-512p,512,512,0.1953915284579194,1000000,0.000322009957981,,seconds,68.51475930213928,68.36796068958938,megabytes,562.0,562.0,88.0,86.51147540983607,0.254267392,0.254267392,0.81875,0.7788703893442618,success,sgd,0.1,1000000,1e-06,0.002,0.9,0.000322009957981,
1D-gaussian-4c-512p,512,512,0.0748914514033075,1000000,0.000280239373427,,seconds,68.00976800918579,68.01342037506402,megabytes,562.0,562.0,87.0,86.46708463949844,0.256004096,0.256004096,0.8203125,0.7778923393416928,success,sgd,0.1,1000000,1e-06,0.002,0.9,0.000280239373427,
1D-gaussian-4c-512p,512,512,0.1338295638936475,1000000,0.0002982588352177,,seconds,68.36075735092163,68.23806239292026,megabytes,562.0,562.0,88.0,86.75324675324676,0.254332928,0.254332928,0.82265625,0.7785130884740264,success,sgd,0.1,1000000,1e-06,0.002,0.9,0.0002982588352177,
1D-gaussian-4c-512p,512,512,0.1603052686551312,1000000,0.0003404738007211,,seconds,68.46843266487122,68.2907003480941,megabytes,562.0,562.0,87.0,86.07142857142857,0.25438208,0.25438208,0.8234375,0.7775745738636365,success,sgd,0.1,1000000,1e-06,0.002,0.9,0.0003404738007211,
1D-gaussian-4c-512p,512,512,0.066839664226836,1000000,0.0003508867616002,,seconds,68.61698293685913,68.44377174414694,megabytes,562.0,562.0,88.0,86.33447098976109,0.25614336,0.25614336,0.8203125,0.7774850682593862,success,sgd,0.1,1000000,1e-06,0.002,0.9,0.0003508867616002,
1D-gaussian-4c-512p,512,512,0.1072694027931421,1000000,0.0003188272491419,,seconds,68.34477305412292,68.28977376967669,megabytes,562.0,562.0,87.0,86.21935483870968,0.254414848,0.254414848,0.83046875,0.7799243951612903,success,sgd,0.1,1000000,1e-06,0.002,0.9,0.0003188272491419,
1D-gaussian-4c-512p,512,512,0.1083449490526726,1000000,0.0002701802328296,,seconds,68.30540633201599,68.27229692786932,megabytes,562.0,562.0,88.0,86.78827361563518,0.25536512,0.25536512,0.8171875,0.7784787255700327,success,sgd,0.1,1000000,1e-06,0.002,0.9,0.0002701802328296,
1D-gaussian-4c-512p,512,512,0.0964427641649202,1000000,0.0002530890618919,,seconds,68.18733978271484,68.0663156490773,megabytes,562.0,562.0,87.0,86.46325878594249,0.256151552,0.256151552,0.83125,0.7772114616613417,success,sgd,0.1,1000000,1e-06,0.002,0.9,0.0002530890618919,
1D-gaussian-4c-512p,512,512,0.3539710494893655,1000000,0.0003144773489655,,seconds,68.40721297264099,68.25297344662249,megabytes,562.0,562.0,88.0,86.77777777777777,0.25618432,0.25618432,0.81875,0.778684129901961,success,sgd,0.1,1000000,1e-06,0.002,0.9,0.0003144773489655,
1D-gaussian-4c-512p,512,512,0.089093957326053,1000000,0.0002629507344787,,seconds,68.07040810585022,67.97760630771518,megabytes,562.0,562.0,87.0,86.44582043343654,0.256233472,0.256233472,0.821875,0.7795012577399377,success,sgd,0.1,1000000,1e-06,0.002,0.9,0.0002629507344787,
1D-gaussian-4c-512p,512,512,0.2235562526319681,1000000,0.0003392362803581,,seconds,68.39918303489685,68.26387024484575,megabytes,562.0,562.0,88.0,86.75324675324676,0.25624576,0.25624576,0.82578125,0.7766462053571429,success,sgd,0.1,1000000,1e-06,0.002,0.9,0.0003392362803581,
1D-gaussian-4c-1024p,1024,1024,0.1262893982813688,1000000,0.0016131979451898,,seconds,91.23370146751404,91.0418959595263,megabytes,588.0,588.0,91.0,89.73815461346634,0.25626624,0.25626624,0.82109375,0.7785107543640897,success,sgd,0.1,1000000,1e-06,0.002,0.9,0.0016131979451898,
1D-gaussian-4c-1024p,1024,1024,0.0484121330421209,1000000,0.0012534901940232,,seconds,90.24720740318298,90.08506479673088,megabytes,588.0,588.0,92.0,89.72592592592592,0.25638912,0.25638912,0.82421875,0.7769656635802467,success,sgd,0.1,1000000,1e-06,0.002,0.9,0.0012534901940232,
1D-gaussian-4c-1024p,1024,1024,0.1396968781151598,1000000,0.0012661722549466,,seconds,91.18598794937134,91.16809367202222,megabytes,588.0,588.0,91.0,89.70316301703163,0.256278528,0.256278528,0.821875,0.778491864355231,success,sgd,0.1,1000000,1e-06,0.002,0.9,0.0012661722549466,
1D-gaussian-4c-1024p,1024,1024,0.0448138704500902,1000000,0.0016235887335956,,seconds,90.51850271224976,90.41548492014408,megabytes,588.0,588.0,92.0,89.409200968523,0.25643008,0.25643008,0.81796875,0.7787965345036326,success,sgd,0.1,1000000,1e-06,0.002,0.9,0.0016235887335956,
1D-gaussian-4c-1024p,1024,1024,0.2336982671464746,1000000,0.0014093128960646,,seconds,91.35575485229492,91.27278426848352,megabytes,588.0,588.0,91.0,89.68704156479218,0.25464832,0.25464832,0.825,0.7787668092909541,success,sgd,0.1,1000000,1e-06,0.002,0.9,0.0014093128960646,
1D-gaussian-4c-1024p,1024,1024,0.0704966080401054,1000000,0.0014690199369333,,seconds,90.10020279884338,89.99840770848095,megabytes,588.0,588.0,91.0,89.86206896551724,0.2547712,0.2547712,0.83125,0.7798722290640386,success,sgd,0.1,1000000,1e-06,0.002,0.9,0.0014690199369333,
1D-gaussian-4c-1024p,1024,1024,0.0881979946621742,1000000,0.0009439530398212,,seconds,91.31174421310423,91.1795838084072,megabytes,588.0,588.0,92.0,89.52669902912622,0.254685184,0.254685184,0.8375,0.7796040655339804,success,sgd,0.1,1000000,1e-06,0.002,0.9,0.0009439530398212,
1D-gaussian-4c-1024p,1024,1024,0.0785782512164502,1000000,0.0014063403326268,,seconds,90.15096068382265,89.96712999790907,megabytes,588.0,588.0,91.0,89.66165413533835,0.254849024,0.254849024,0.83203125,0.7774945175438598,success,sgd,0.1,1000000,1e-06,0.002,0.9,0.0014063403326268,
1D-gaussian-4c-1024p,1024,1024,0.0430752691401258,1000000,0.0014225182169728,,seconds,87.6664662361145,87.56434160284698,megabytes,588.0,588.0,94.0,92.41253263707571,0.2546688,0.2546688,0.83203125,0.7785635607049606,success,sgd,0.1,1000000,1e-06,0.002,0.9,0.0014225182169728,
1D-gaussian-4c-1024p,1024,1024,0.106510281288878,1000000,0.0015028114421843,,seconds,90.41625809669496,90.23984936252236,megabytes,588.0,588.0,91.0,89.34975369458128,0.254881792,0.254881792,0.828125,0.7779479679802958,success,sgd,0.1,1000000,1e-06,0.002,0.9,0.0015028114421843,
1D-gaussian-4c-1024p,1024,1024,0.4233901379830719,1000000,0.0012292273064228,,seconds,88.46768546104431,88.34858891367912,megabytes,590.0,590.0,92.0,90.62373737373736,0.254775296,0.254775296,0.82265625,0.779215988005051,success,sgd,0.1,1000000,1e-06,0.002,0.9,0.0012292273064228,
1D-gaussian-4c-1024p,1024,1024,0.14625881769715,1000000,0.0013781359621218,,seconds,88.37384057044983,88.33927043154836,megabytes,590.0,590.0,92.0,91.04314720812182,0.254898176,0.254898176,0.81796875,0.7797787119289343,success,sgd,0.1,1000000,1e-06,0.002,0.9,0.0013781359621218,
1D-gaussian-4c-1024p,1024,1024,0.2162430243613226,1000000,0.0015134092971518,,seconds,89.28260564804077,89.1606679521501,megabytes,590.0,590.0,92.0,90.25301204819276,0.254877696,0.254877696,0.821875,0.7783546686746988,success,sgd,0.1,1000000,1e-06,0.002,0.9,0.0015134092971518,
1D-gaussian-4c-1024p,1024,1024,0.1063856873752724,1000000,0.001463136905008,,seconds,88.30336570739746,88.15727980062366,megabytes,590.0,590.0,92.0,91.13333333333334,0.25495552,0.25495552,0.825,0.777630208333333,success,sgd,0.1,1000000,1e-06,0.002,0.9,0.001463136905008,
1D-gaussian-4c-1024p,1024,1024,0.0418746915945281,1000000,0.0011432540920586,,seconds,90.38288116455078,90.2423152923584,megabytes,590.0,590.0,91.0,89.16585365853659,0.254910464,0.254910464,0.83203125,0.7776714939024391,success,sgd,0.1,1000000,1e-06,0.002,0.9,0.0011432540920586,
1D-gaussian-4c-1024p,1024,1024,0.0713446523201512,1000000,0.0013739792636639,,seconds,89.04787397384644,89.03501977212727,megabytes,590.0,590.0,92.0,90.3620253164557,0.25499648,0.25499648,0.82421875,0.7789378955696202,success,sgd,0.1,1000000,1e-06,0.002,0.9,0.0013739792636639,
1D-gaussian-4c-1024p,1024,1024,0.1352450176248915,1000000,0.0015357007987341,,seconds,90.47486066818236,90.30666302330792,megabytes,590.0,590.0,92.0,89.85213032581454,0.254992384,0.254992384,0.81484375,0.7780662593984964,success,sgd,0.1,1000000,1e-06,0.002,0.9,0.0015357007987341,
1D-gaussian-4c-1024p,1024,1024,0.0541186303320435,1000000,0.0010893786990498,,seconds,87.815096616745,87.7547115534544,megabytes,590.0,590.0,93.0,91.69350649350648,0.255045632,0.255045632,0.81875,0.7778043831168835,success,sgd,0.1,1000000,1e-06,0.002,0.9,0.0010893786990498,
1D-gaussian-4c-1024p,1024,1024,0.1235888977556366,1000000,0.001616902860642,,seconds,89.57186937332153,89.52020299993455,megabytes,590.0,590.0,93.0,90.46717171717172,0.25505792,0.25505792,0.82421875,0.7792850378787884,success,sgd,0.1,1000000,1e-06,0.002,0.9,0.001616902860642,
1D-gaussian-4c-1024p,1024,1024,0.0488686381998919,1000000,0.00093816506114,,seconds,90.72627329826356,90.55597539618611,megabytes,590.0,590.0,91.0,89.11694510739856,0.255131648,0.255131648,0.82421875,0.7783375596658715,success,sgd,0.1,1000000,1e-06,0.002,0.9,0.00093816506114,
1D-gaussian-4c-1024p,1024,1024,0.1959426309545031,1000000,0.0013544505398609,,seconds,90.57104420661926,90.37426150217652,megabytes,590.0,590.0,91.0,89.3921568627451,0.255131648,0.255131648,0.82421875,0.7782666973039211,success,sgd,0.1,1000000,1e-06,0.002,0.9,0.0013544505398609,
1D-gaussian-4c-1024p,1024,1024,0.0754323686004428,1000000,0.0013682087850928,,seconds,90.4560363292694,90.43030924722552,megabytes,590.0,590.0,91.0,89.29665071770334,0.25516032,0.25516032,0.83203125,0.7780838815789473,success,sgd,0.1,1000000,1e-06,0.002,0.9,0.0013682087850928,
1D-gaussian-4c-1024p,1024,1024,0.1338494830249355,1000000,0.0011963214655616,,seconds,91.49533295631409,91.2900585476309,megabytes,590.0,590.0,91.0,89.05773672055427,0.255168512,0.255168512,0.821875,0.7786031322170893,success,sgd,0.1,1000000,1e-06,0.002,0.9,0.0011963214655616,
1D-gaussian-4c-1024p,1024,1024,0.1595933077554974,1000000,0.0014841177224191,,seconds,91.26003193855286,91.2082047201693,megabytes,590.0,590.0,92.0,88.97094430992736,0.255217664,0.255217664,0.8234375,0.7796780417675547,success,sgd,0.1,1000000,1e-06,0.002,0.9,0.0014841177224191,
1D-gaussian-4c-1024p,1024,1024,0.0665720620887874,1000000,0.0014752653922158,,seconds,90.90900778770448,90.82209268026054,megabytes,590.0,590.0,91.0,89.15751789976133,0.255229952,0.255229952,0.82578125,0.7774668108591893,success,sgd,0.1,1000000,1e-06,0.002,0.9,0.0014752653922158,
1D-gaussian-4c-1024p,1024,1024,0.1068252333688893,1000000,0.001409007572982,,seconds,89.06188607215881,89.04342336021364,megabytes,590.0,590.0,92.0,90.25252525252525,0.256978944,0.256978944,0.828125,0.7789930555555555,success,sgd,0.1,1000000,1e-06,0.002,0.9,0.001409007572982,
1D-gaussian-4c-1024p,1024,1024,0.1082595120117971,1000000,0.0012074359953024,,seconds,91.00819635391235,90.88925220258534,megabytes,590.0,590.0,92.0,89.1753086419753,0.256905216,0.256905216,0.828125,0.7783796296296286,success,sgd,0.1,1000000,1e-06,0.002,0.9,0.0012074359953024,
1D-gaussian-4c-1024p,1024,1024,0.0967169008721914,1000000,0.0014528136760204,,seconds,91.24718022346497,91.16150541976094,megabytes,590.0,590.0,92.0,88.94117647058823,0.256978944,0.256978944,0.840625,0.7796645220588236,success,sgd,0.1,1000000,1e-06,0.002,0.9,0.0014528136760204,
1D-gaussian-4c-1024p,1024,1024,0.3541058580198601,1000000,0.0013951629565673,,seconds,91.02281355857848,90.89704262837768,megabytes,590.0,590.0,91.0,88.79567307692308,0.25694208,0.25694208,0.821875,0.7767484224759611,success,sgd,0.1,1000000,1e-06,0.002,0.9,0.0013951629565673,
1D-gaussian-4c-1024p,1024,1024,0.0883142126187193,1000000,0.0010762228617341,,seconds,88.83989381790161,88.63938524760306,megabytes,590.0,590.0,92.0,90.7150127226463,0.25708544,0.25708544,0.81953125,0.777353689567429,success,sgd,0.1,1000000,1e-06,0.002,0.9,0.0010762228617341,
1D-gaussian-4c-1024p,1024,1024,0.2221367220014881,1000000,0.0012898592040332,,seconds,90.48454213142396,90.41104176267982,megabytes,590.0,590.0,91.0,89.41919191919192,0.256999424,0.256999424,0.8359375,0.77737334280303,success,sgd,0.1,1000000,1e-06,0.002,0.9,0.0012898592040332,
1D-gaussian-4c-2048p,2048,2048,0.123133875961366,1000000,0.0061558598636472,,seconds,187.40278220176697,187.3006319347769,megabytes,686.0,686.0,96.0,94.96196319018404,0.259489792,0.259489792,0.82109375,0.7787289110429456,success,sgd,0.1,1000000,1e-06,0.002,0.9,0.0061558598636472,
1D-gaussian-4c-2048p,2048,2048,0.0451405159321067,1000000,0.0049823219455317,,seconds,187.63112592697144,187.4948051888496,megabytes,686.0,686.0,96.0,94.83995037220843,0.25731072,0.25731072,0.81875,0.7795837856699751,success,sgd,0.1,1000000,1e-06,0.002,0.9,0.0049823219455317,
1D-gaussian-4c-2048p,2048,2048,0.1345932851196269,1000000,0.0052180838729732,,seconds,187.0888864994049,187.0054005011916,megabytes,686.0,686.0,96.0,94.98046398046398,0.257318912,0.257318912,0.81875,0.7794165903540905,success,sgd,0.1,1000000,1e-06,0.002,0.9,0.0052180838729732,
1D-gaussian-4c-2048p,2048,2048,0.0368461383392144,1000000,0.0064455343739694,,seconds,187.27582335472107,187.15038646385077,megabytes,686.0,686.0,96.0,94.84121212121212,0.257388544,0.257388544,0.81875,0.7789782196969707,success,sgd,0.1,1000000,1e-06,0.002,0.9,0.0064455343739694,
1D-gaussian-4c-2048p,2048,2048,0.2334267367171274,1000000,0.0059219817119898,,seconds,187.10012888908383,186.98100165091452,megabytes,686.0,686.0,96.0,94.95679012345678,0.25737216,0.25737216,0.8265625,0.7789236111111113,success,sgd,0.1,1000000,1e-06,0.002,0.9,0.0059219817119898,
1D-gaussian-4c-2048p,2048,2048,0.0668944709996063,1000000,0.0062986577905492,,seconds,187.6538965702057,187.57945509254927,megabytes,686.0,686.0,96.0,94.90086741016108,0.257400832,0.257400832,0.82421875,0.7799953531598521,success,sgd,0.1,1000000,1e-06,0.002,0.9,0.0062986577905492,
1D-gaussian-4c-2048p,2048,2048,0.0799776986699821,1000000,0.005296480545941,,seconds,187.43931102752688,187.42364310659468,megabytes,686.0,686.0,96.0,94.86283704572098,0.25745408,0.25745408,0.8390625,0.7795089024032829,success,sgd,0.1,1000000,1e-06,0.002,0.9,0.005296480545941,
1D-gaussian-4c-2048p,2048,2048,0.0680743499813452,1000000,0.0063215978535922,,seconds,187.81981801986691,187.80571783706543,megabytes,686.0,686.0,95.0,94.91385767790264,0.257437696,0.257437696,0.8359375,0.7793012640449434,success,sgd,0.1,1000000,1e-06,0.002,0.9,0.0063215978535922,
1D-gaussian-4c-2048p,2048,2048,0.049433252825001,1000000,0.0067437866917945,,seconds,186.97139191627505,186.8129575252533,megabytes,686.0,686.0,96.0,95.01877346683354,0.257441792,0.257441792,0.83984375,0.7787703379224044,success,sgd,0.1,1000000,1e-06,0.002,0.9,0.0067437866917945,
1D-gaussian-4c-2048p,2048,2048,0.1113540057906221,1000000,0.0059980140205453,,seconds,187.6130075454712,187.5865869317204,megabytes,686.0,686.0,96.0,94.86773794808406,0.257462272,0.257462272,0.8421875,0.7790375849814597,success,sgd,0.1,1000000,1e-06,0.002,0.9,0.0059980140205453,
1D-gaussian-4c-2048p,2048,2048,0.4084863313574181,1000000,0.0047757034458803,,seconds,186.92220044136047,186.8752278573811,megabytes,686.0,686.0,96.0,95.01934703748488,0.257486848,0.257486848,0.82578125,0.7789808796856107,success,sgd,0.1,1000000,1e-06,0.002,0.9,0.0047757034458803,
1D-gaussian-4c-2048p,2048,2048,0.1304896946096219,1000000,0.0055703990548774,,seconds,187.5309431552887,187.38164307922125,megabytes,686.0,686.0,95.0,94.85982478097624,0.257523712,0.257523712,0.840625,0.7784652690863574,success,sgd,0.1,1000000,1e-06,0.002,0.9,0.0055703990548774,
1D-gaussian-4c-2048p,2048,2048,0.1965229603091808,1000000,0.0055348585148313,,seconds,186.7128202915192,186.60985469818115,megabytes,686.0,686.0,96.0,95.15080346106303,0.257560576,0.257560576,0.81796875,0.7779830423362174,success,sgd,0.1,1000000,1e-06,0.002,0.9,0.0055348585148313,
1D-gaussian-4c-2048p,2048,2048,0.0996395467985946,1000000,0.0072313635880028,,seconds,187.0450682640076,186.94591338932517,megabytes,686.0,686.0,96.0,94.91929382093316,0.25751552,0.25751552,0.8265625,0.779465833858764,success,sgd,0.1,1000000,1e-06,0.002,0.9,0.0072313635880028,
1D-gaussian-4c-2048p,2048,2048,0.0395664205956056,1000000,0.0055512068883371,,seconds,186.2054712772369,186.1548451911658,megabytes,686.0,686.0,96.0,95.69662921348316,0.257646592,0.257646592,0.81796875,0.7797460205992507,success,sgd,0.1,1000000,1e-06,0.002,0.9,0.0055512068883371,
1D-gaussian-4c-2048p,2048,2048,0.072031308081096,1000000,0.0057390576902407,,seconds,187.2553079128265,187.0810550712049,megabytes,686.0,686.0,96.0,95.07522697795072,0.257507328,0.257507328,0.84609375,0.7784928258754857,success,sgd,0.1,1000000,1e-06,0.002,0.9,0.0057390576902407,
1D-gaussian-4c-2048p,2048,2048,0.1152371606297448,1000000,0.0058365089999317,,seconds,186.6874406337738,186.6655143070966,megabytes,686.0,686.0,96.0,95.25469168900804,0.257544192,0.257544192,0.82265625,0.7790162114611264,success,sgd,0.1,1000000,1e-06,0.002,0.9,0.0058365089999317,
1D-gaussian-4c-2048p,2048,2048,0.0476175189228443,1000000,0.0068647201909092,,seconds,187.28470516204837,187.182399507612,megabytes,686.0,686.0,96.0,95.15775749674054,0.257581056,0.257581056,0.81796875,0.7788593953715774,success,sgd,0.1,1000000,1e-06,0.002,0.9,0.0068647201909092,
1D-gaussian-4c-2048p,2048,2048,0.1109012854005051,1000000,0.00646086619059,,seconds,186.93893909454343,186.9107229448855,megabytes,686.0,686.0,96.0,95.31322207958922,0.25761792,0.25761792,0.81953125,0.7787287387676506,success,sgd,0.1,1000000,1e-06,0.002,0.9,0.00646086619059,
1D-gaussian-4c-2048p,2048,2048,0.0502159672220575,1000000,0.006144439822648,,seconds,187.698805809021,187.5265981145203,megabytes,686.0,686.0,96.0,94.9305724725944,0.257667072,0.257667072,0.82890625,0.7786654993909864,success,sgd,0.1,1000000,1e-06,0.002,0.9,0.006144439822648,
1D-gaussian-4c-2048p,2048,2048,0.20108294650558,1000000,0.0050324509374007,,seconds,187.59858679771423,187.42902828752997,megabytes,686.0,686.0,96.0,94.9609929078014,0.256016384,0.256016384,0.83515625,0.7792977984633569,success,sgd,0.1,1000000,1e-06,0.002,0.9,0.0050324509374007,
1D-gaussian-4c-2048p,2048,2048,0.0778394744708431,1000000,0.0072304684394567,,seconds,187.27504467964167,187.27739465236664,megabytes,686.0,686.0,96.0,94.94268292682926,0.256008192,0.256008192,0.8328125,0.7804601753048769,success,sgd,0.1,1000000,1e-06,0.002,0.9,0.0072304684394567,
1D-gaussian-4c-2048p,2048,2048,0.1278463638701662,1000000,0.0060162542816355,,seconds,186.66163682937625,186.4648499712348,megabytes,686.0,686.0,96.0,95.3980582524272,0.25608192,0.25608192,0.81953125,0.778774461468447,success,sgd,0.1,1000000,1e-06,0.002,0.9,0.0060162542816355,
1D-gaussian-4c-2048p,2048,2048,0.1543645155850872,1000000,0.0056634554785867,,seconds,186.68517541885376,186.647954761982,megabytes,686.0,686.0,96.0,94.95426452410383,0.25604096,0.25604096,0.81875,0.7794576637824481,success,sgd,0.1,1000000,1e-06,0.002,0.9,0.0056634554785867,
1D-gaussian-4c-2048p,2048,2048,0.0649077929705096,1000000,0.0057508043647489,,seconds,186.41459250450131,186.27578703686595,megabytes,686.0,686.0,96.0,95.65054413542926,0.257789952,0.257789952,0.821875,0.7789166414752114,success,sgd,0.1,1000000,1e-06,0.002,0.9,0.0057508043647489,
1D-gaussian-4c-2048p,2048,2048,0.1042654320786898,1000000,0.0058194518960696,,seconds,186.6806027889252,186.6700800471008,megabytes,686.0,686.0,96.0,94.99030303030302,0.257777664,0.257777664,0.8515625,0.7804005681818195,success,sgd,0.1,1000000,1e-06,0.002,0.9,0.0058194518960696,
1D-gaussian-4c-2048p,2048,2048,0.0998513222480571,1000000,0.0054039232021504,,seconds,186.9453251361847,186.75194663740692,megabytes,686.0,686.0,96.0,95.1531100478469,0.257892352,0.257892352,0.82734375,0.7786782296650718,success,sgd,0.1,1000000,1e-06,0.002,0.9,0.0054039232021504,
1D-gaussian-4c-2048p,2048,2048,0.0939011528137824,1000000,0.0075471769059155,,seconds,186.49256229400635,186.49104869179428,megabytes,686.0,686.0,96.0,94.90086741016108,0.257847296,0.257847296,0.82421875,0.7799392038413866,success,sgd,0.1,1000000,1e-06,0.002,0.9,0.0075471769059155,
1D-gaussian-4c-2048p,2048,2048,0.3575308825675612,1000000,0.0058071971615067,,seconds,187.1678111553192,187.0654233954847,megabytes,686.0,686.0,96.0,94.97420147420148,0.257867776,0.257867776,0.8203125,0.7798180282555286,success,sgd,0.1,1000000,1e-06,0.002,0.9,0.0058071971615067,
1D-gaussian-4c-2048p,2048,2048,0.0958795705347846,1000000,0.0065769107227842,,seconds,187.2199227809906,187.06048412062228,megabytes,686.0,686.0,96.0,94.88780487804878,0.256208896,0.256208896,0.83046875,0.7783974847560972,success,sgd,0.1,1000000,1e-06,0.002,0.9,0.0065769107227842,
1D-gaussian-4c-2048p,2048,2048,0.214277602541187,1000000,0.0045317688995078,,seconds,186.67198419570923,186.5280581768602,megabytes,686.0,686.0,96.0,95.24908424908423,0.256221184,0.256221184,0.8203125,0.7783816010378507,success,sgd,0.1,1000000,1e-06,0.002,0.9,0.0045317688995078,
1D-gaussian-6c-32p,32,32,0.0969885543278067,1000000,1.2099615419260271e-05,,seconds,39.97371029853821,39.91465710289776,megabytes,556.0,556.0,82.0,77.51396648044692,0.25540608,0.25540608,0.81875,0.7761915153631281,success,sgd,0.1,1000000,1e-06,0.002,0.9,1.2099615419260271e-05,
1D-gaussian-6c-32p,32,32,0.0401548835436975,1000000,1.1075987881126194e-05,,seconds,39.35839033126831,39.34160309657455,megabytes,556.0,556.0,80.0,78.54335260115607,0.255135744,0.255135744,0.82578125,0.7790055997109828,success,sgd,0.1,1000000,1e-06,0.002,0.9,1.1075987881126194e-05,
1D-gaussian-6c-32p,32,32,0.0895539157353935,1000000,1.5330416180807685e-05,,seconds,39.72915482521057,39.627801498398185,megabytes,556.0,556.0,81.0,77.94350282485875,0.255041536,0.255041536,0.81875,0.777816031073446,success,sgd,0.1,1000000,1e-06,0.002,0.9,1.5330416180807685e-05,
1D-gaussian-6c-32p,32,32,0.0800988873654477,1000000,1.4832545571930902e-05,,seconds,40.34484338760376,40.194425128400326,megabytes,556.0,556.0,80.0,77.19680851063829,0.255299584,0.255299584,0.81875,0.77729803856383,success,sgd,0.1,1000000,1e-06,0.002,0.9,1.4832545571930902e-05,
1D-gaussian-6c-32p,32,32,0.0630858189252752,1000000,1.5404580948824552e-05,,seconds,40.86999177932739,40.741109712049365,megabytes,556.0,556.0,81.0,76.46236559139786,0.2551808,0.2551808,0.82578125,0.7757266465053764,success,sgd,0.1,1000000,1e-06,0.002,0.9,1.5404580948824552e-05,
1D-gaussian-6c-32p,32,32,0.0750703878628848,1000000,1.2375323588641396e-05,,seconds,39.75631380081177,39.72340979240835,megabytes,556.0,556.0,80.0,77.85245901639344,0.255246336,0.255246336,0.82265625,0.7800631830601098,success,sgd,0.1,1000000,1e-06,0.002,0.9,1.2375323588641396e-05,
1D-gaussian-6c-32p,32,32,0.0573811607749498,1000000,1.3434683932440311e-05,,seconds,40.121909856796265,40.01014715433121,megabytes,556.0,556.0,79.0,77.25698324022346,0.255205376,0.255205376,0.8109375,0.7770687849162013,success,sgd,0.1,1000000,1e-06,0.002,0.9,1.3434683932440311e-05,
1D-gaussian-6c-32p,32,32,0.0593266271033995,1000000,8.965657297680566e-06,,seconds,41.1114649772644,40.98836505226791,megabytes,556.0,556.0,79.0,76.0,0.255397888,0.255397888,0.8203125,0.7781819661458331,success,sgd,0.1,1000000,1e-06,0.002,0.9,8.965657297680566e-06,
1D-gaussian-6c-32p,32,32,0.0517562266593577,1000000,1.2350119749039464e-05,,seconds,40.09303569793701,39.99703820794821,megabytes,556.0,556.0,82.0,77.44324324324324,0.255332352,0.255332352,0.8203125,0.775988175675676,success,sgd,0.1,1000000,1e-06,0.002,0.9,1.2350119749039464e-05,
1D-gaussian-6c-32p,32,32,0.0517205930934303,1000000,1.3245282338491956e-05,,seconds,39.71855449676514,39.66486241109669,megabytes,556.0,556.0,80.0,77.80874316939891,0.25546752,0.25546752,0.81953125,0.7786330259562844,success,sgd,0.1,1000000,1e-06,0.002,0.9,1.3245282338491956e-05,
1D-gaussian-6c-32p,32,32,0.0480755387347462,1000000,1.3591004461092292e-05,,seconds,39.332062005996704,39.29824956506491,megabytes,556.0,556.0,81.0,78.32446808510639,0.255520768,0.255520768,0.8125,0.7764586103723404,success,sgd,0.1,1000000,1e-06,0.002,0.9,1.3591004461092292e-05,
1D-gaussian-6c-32p,32,32,0.0496976304723936,1000000,1.2459729552067155e-05,,seconds,38.62072491645813,38.45939840748906,megabytes,556.0,556.0,83.0,80.1301775147929,0.255258624,0.255258624,0.81640625,0.7743713017751481,success,sgd,0.1,1000000,1e-06,0.002,0.9,1.2459729552067155e-05,
1D-gaussian-6c-32p,32,32,0.044735401813022,1000000,1.0554549602769577e-05,,seconds,40.03354072570801,39.88045449741185,megabytes,556.0,556.0,80.0,77.54054054054055,0.255488,0.255488,0.83203125,0.7778589527027029,success,sgd,0.1,1000000,1e-06,0.002,0.9,1.0554549602769577e-05,
1D-gaussian-6c-32p,32,32,0.0844843657720701,1000000,1.1497536172922208e-05,,seconds,39.91076231002808,39.85852280817926,megabytes,556.0,556.0,80.0,77.84782608695652,0.255479808,0.255479808,0.821875,0.7788722826086957,success,sgd,0.1,1000000,1e-06,0.002,0.9,1.1497536172922208e-05,
1D-gaussian-6c-32p,32,32,0.0479448199821545,1000000,1.540027952686205e-05,,seconds,39.82511568069458,39.70745160058141,megabytes,556.0,556.0,80.0,77.77837837837838,0.255545344,0.255545344,0.82421875,0.7766047297297293,success,sgd,0.1,1000000,1e-06,0.002,0.9,1.540027952686205e-05,
1D-gaussian-6c-32p,32,32,0.0517231903462978,1000000,1.3002962846453462e-05,,seconds,40.2340235710144,40.063689513131976,megabytes,556.0,556.0,82.0,77.64,0.255381504,0.255381504,0.83125,0.7741250000000001,success,sgd,0.1,1000000,1e-06,0.002,0.9,1.3002962846453462e-05,
1D-gaussian-6c-32p,32,32,0.0729150164389171,1000000,7.304650097655623e-06,,seconds,39.87310576438904,39.70970767736435,megabytes,556.0,556.0,80.0,77.89444444444445,0.255471616,0.255471616,0.81796875,0.774973958333333,success,sgd,0.1,1000000,1e-06,0.002,0.9,7.304650097655623e-06,
1D-gaussian-6c-32p,32,32,0.0855895577670431,1000000,1.42953189745045e-05,,seconds,40.22253751754761,40.09636717103422,megabytes,556.0,556.0,82.0,77.50802139037434,0.255619072,0.255619072,0.82109375,0.7774857954545458,success,sgd,0.1,1000000,1e-06,0.002,0.9,1.42953189745045e-05,
1D-gaussian-6c-32p,32,32,0.0641843870098208,1000000,1.1262100658621044e-05,,seconds,40.03336524963379,39.9311319552362,megabytes,556.0,556.0,82.0,77.51063829787235,0.257445888,0.257445888,0.82265625,0.7796085438829784,success,sgd,0.1,1000000,1e-06,0.002,0.9,1.1262100658621044e-05,
1D-gaussian-6c-32p,32,32,0.0973011290673425,1000000,1.0812764697624705e-05,,seconds,40.012606143951416,39.95070687308908,megabytes,556.0,556.0,80.0,77.31016042780749,0.25741312,0.25741312,0.82265625,0.7785929144385029,success,sgd,0.1,1000000,1e-06,0.002,0.9,1.0812764697624705e-05,
1D-gaussian-6c-32p,32,32,0.1036938097262138,1000000,9.29449490076626e-06,,seconds,39.84053015708923,39.686684818938375,megabytes,556.0,556.0,83.0,78.09782608695652,0.257437696,0.257437696,0.815625,0.7780825407608687,success,sgd,0.1,1000000,1e-06,0.002,0.9,9.29449490076626e-06,
1D-gaussian-6c-32p,32,32,0.0470433096580074,1000000,1.1950108654708236e-05,,seconds,39.81714510917664,39.64215416833758,megabytes,556.0,556.0,80.0,78.10227272727273,0.255746048,0.255746048,0.8140625,0.774658203125,success,sgd,0.1,1000000,1e-06,0.002,0.9,1.1950108654708236e-05,
1D-gaussian-6c-32p,32,32,0.1697294187962245,1000000,1.4648397066120427e-05,,seconds,39.626001834869385,39.51727660186589,megabytes,556.0,556.0,82.0,78.27167630057804,0.256540672,0.256540672,0.8171875,0.7785991690751446,success,sgd,0.1,1000000,1e-06,0.002,0.9,1.4648397066120427e-05,
1D-gaussian-6c-32p,32,32,0.0450653079740414,1000000,1.1967008186471274e-05,,seconds,38.940242290496826,38.84297575056553,megabytes,556.0,556.0,81.0,79.53448275862068,0.25729024,0.25729024,0.8171875,0.7791217672413789,success,sgd,0.1,1000000,1e-06,0.002,0.9,1.1967008186471274e-05,
1D-gaussian-6c-32p,32,32,0.1169974161703752,1000000,1.36062042184909e-05,,seconds,40.14826989173889,39.9410475473851,megabytes,556.0,556.0,80.0,77.78609625668449,0.257568768,0.257568768,0.81875,0.7748287098930481,success,sgd,0.1,1000000,1e-06,0.002,0.9,1.36062042184909e-05,
1D-gaussian-6c-32p,32,32,0.0639275882680064,1000000,1.5056856015449418e-05,,seconds,40.15123748779297,40.01742040924728,megabytes,556.0,556.0,80.0,77.23783783783784,0.256700416,0.256700416,0.81796875,0.7773057432432432,success,sgd,0.1,1000000,1e-06,0.002,0.9,1.5056856015449418e-05,
1D-gaussian-6c-32p,32,32,0.0629779551289128,1000000,1.1499034040917925e-05,,seconds,40.00274395942688,39.87843340076506,megabytes,556.0,556.0,81.0,77.77714285714286,0.2574336,0.2574336,0.815625,0.7770714285714286,success,sgd,0.1,1000000,1e-06,0.002,0.9,1.1499034040917925e-05,
1D-gaussian-6c-32p,32,32,0.0680918509505324,1000000,1.4119197204066944e-05,,seconds,40.53127431869507,40.384411089122295,megabytes,556.0,556.0,79.0,76.994708994709,0.257613824,0.257613824,0.815625,0.775181878306878,success,sgd,0.1,1000000,1e-06,0.002,0.9,1.4119197204066944e-05,
1D-gaussian-6c-32p,32,32,0.0515806915791218,1000000,9.763017075790817e-06,,seconds,40.86465311050415,40.71518163010478,megabytes,556.0,556.0,79.0,76.16489361702128,0.25765888,0.25765888,0.834375,0.7750166223404256,success,sgd,0.1,1000000,1e-06,0.002,0.9,9.763017075790817e-06,
1D-gaussian-6c-32p,32,32,0.1909546991456452,1000000,1.51677393931019e-05,,seconds,39.25524878501892,39.22656894661486,megabytes,556.0,556.0,83.0,78.91428571428571,0.255844352,0.255844352,0.81875,0.7794821428571422,success,sgd,0.1,1000000,1e-06,0.002,0.9,1.51677393931019e-05,
1D-gaussian-6c-32p,32,32,0.0388183408734862,1000000,7.9130531401882e-06,,seconds,38.38862347602844,38.3358373567462,megabytes,556.0,556.0,81.0,80.4080459770115,0.255778816,0.255778816,0.821875,0.7786458333333334,success,sgd,0.1,1000000,1e-06,0.002,0.9,7.9130531401882e-06,
1D-gaussian-6c-64p,64,64,0.0969880351857435,1000000,1.7421352843547594e-05,,seconds,44.10493469238281,43.92030659876764,megabytes,556.0,556.0,83.0,80.5625,0.257814528,0.257814528,0.82734375,0.7762329101562501,success,sgd,0.1,1000000,1e-06,0.002,0.9,1.7421352843547594e-05,
1D-gaussian-6c-64p,64,64,0.0401613075939319,1000000,1.6042524327547464e-05,,seconds,43.83999538421631,43.77206002175808,megabytes,556.0,556.0,82.0,80.35714285714286,0.257871872,0.257871872,0.82265625,0.7780253507653065,success,sgd,0.1,1000000,1e-06,0.002,0.9,1.6042524327547464e-05,
1D-gaussian-6c-64p,64,64,0.0895630033805234,1000000,2.1776327373937644e-05,,seconds,43.5052273273468,43.49612841382623,megabytes,556.0,556.0,82.0,81.15841584158416,0.25798656,0.25798656,0.8375,0.7785310952970299,success,sgd,0.1,1000000,1e-06,0.002,0.9,2.1776327373937644e-05,
1D-gaussian-6c-64p,64,64,0.0801029861761329,1000000,2.112582747861058e-05,,seconds,43.85185408592224,43.6794401742518,megabytes,556.0,556.0,82.0,80.42929292929293,0.257982464,0.257982464,0.8125,0.7753393308080809,success,sgd,0.1,1000000,1e-06,0.002,0.9,2.112582747861058e-05,
1D-gaussian-6c-64p,64,64,0.0630891627558183,1000000,2.1885799891790297e-05,,seconds,43.87660026550293,43.7466200850904,megabytes,556.0,556.0,83.0,80.66,0.257970176,0.257970176,0.81953125,0.774734375,success,sgd,0.1,1000000,1e-06,0.002,0.9,2.1885799891790297e-05,
1D-gaussian-6c-64p,64,64,0.0750682415579939,1000000,1.7874684169003e-05,,seconds,43.5995659828186,43.59068233333528,megabytes,556.0,556.0,83.0,81.72636815920399,0.257138688,0.257138688,0.821875,0.7811800373134329,success,sgd,0.1,1000000,1e-06,0.002,0.9,1.7874684169003e-05,
1D-gaussian-6c-64p,64,64,0.0573887776146349,1000000,1.910490890499997e-05,,seconds,43.80484127998352,43.72049027867615,megabytes,556.0,556.0,83.0,81.335,0.256299008,0.256299008,0.84296875,0.7769648437500001,success,sgd,0.1,1000000,1e-06,0.002,0.9,1.910490890499997e-05,
1D-gaussian-6c-64p,64,64,0.059331561519964,1000000,1.3162072226046337e-05,,seconds,43.68445014953613,43.587554613128304,megabytes,556.0,556.0,82.0,80.81773399014779,0.256425984,0.256425984,0.82421875,0.7786637931034477,success,sgd,0.1,1000000,1e-06,0.002,0.9,1.3162072226046337e-05,
1D-gaussian-6c-64p,64,64,0.0517660403171808,1000000,1.7602945321399923e-05,,seconds,43.55368757247925,43.50988673977554,megabytes,556.0,556.0,82.0,80.66341463414633,0.257347584,0.257347584,0.821875,0.7788109756097567,success,sgd,0.1,1000000,1e-06,0.002,0.9,1.7602945321399923e-05,
1D-gaussian-6c-64p,64,64,0.0517283723146004,1000000,1.9091936600209984e-05,,seconds,43.67717933654785,43.52398432791233,megabytes,556.0,556.0,82.0,80.71497584541063,0.257417216,0.257417216,0.82109375,0.7756755736714972,success,sgd,0.1,1000000,1e-06,0.002,0.9,1.9091936600209984e-05,
1D-gaussian-6c-64p,64,64,0.0480837775417627,1000000,1.903268095640157e-05,,seconds,43.743025064468384,43.57589128427208,megabytes,556.0,556.0,83.0,80.97058823529412,0.256479232,0.256479232,0.81640625,0.7750191482843137,success,sgd,0.1,1000000,1e-06,0.002,0.9,1.903268095640157e-05,
1D-gaussian-6c-64p,64,64,0.0497062192502087,1000000,1.7904036674438375e-05,,seconds,43.94654273986816,43.9309146720916,megabytes,556.0,556.0,82.0,80.139896373057,0.257196032,0.257196032,0.8140625,0.7800963406735753,success,sgd,0.1,1000000,1e-06,0.002,0.9,1.7904036674438375e-05,
1D-gaussian-6c-64p,64,64,0.044742062362156,1000000,1.542943131154337e-05,,seconds,43.943251848220825,43.89920317195356,megabytes,556.0,556.0,82.0,80.15025906735751,0.256200704,0.256200704,0.81875,0.7771413536269431,success,sgd,0.1,1000000,1e-06,0.002,0.9,1.542943131154337e-05,
1D-gaussian-6c-64p,64,64,0.0844884683847583,1000000,1.6376843065573987e-05,,seconds,43.69665598869324,43.65917151980102,megabytes,556.0,556.0,83.0,81.005,0.25745408,0.25745408,0.825,0.7775742187500003,success,sgd,0.1,1000000,1e-06,0.002,0.9,1.6376843065573987e-05,
1D-gaussian-6c-64p,64,64,0.0479581969374213,1000000,2.181094351205658e-05,,seconds,43.75091195106506,43.69820165075362,megabytes,556.0,556.0,83.0,81.1919191919192,0.256454656,0.256454656,0.81796875,0.7813920454545455,success,sgd,0.1,1000000,1e-06,0.002,0.9,2.181094351205658e-05,
1D-gaussian-6c-64p,64,64,0.051729346184188,1000000,1.858170058756984e-05,,seconds,43.72477602958679,43.57609910145402,megabytes,556.0,556.0,83.0,81.41871921182266,0.257466368,0.257466368,0.81953125,0.7774361145320197,success,sgd,0.1,1000000,1e-06,0.002,0.9,1.858170058756984e-05,
1D-gaussian-6c-64p,64,64,0.0729184294058565,1000000,1.1340244700754949e-05,,seconds,43.84491658210754,43.76056993752718,megabytes,556.0,556.0,82.0,80.48258706467662,0.256499712,0.256499712,0.8234375,0.7777324315920402,success,sgd,0.1,1000000,1e-06,0.002,0.9,1.1340244700754949e-05,
1D-gaussian-6c-64p,64,64,0.0855845168021206,1000000,2.035148124986555e-05,,seconds,43.63276958465576,43.57233743742108,megabytes,556.0,556.0,82.0,80.5929648241206,0.25647104,0.25647104,0.81875,0.7794833542713567,success,sgd,0.1,1000000,1e-06,0.002,0.9,2.035148124986555e-05,
1D-gaussian-6c-64p,64,64,0.0641909802782687,1000000,1.626665065513474e-05,,seconds,44.03590154647827,43.902337823063135,megabytes,556.0,556.0,82.0,80.04736842105264,0.256323584,0.256323584,0.815625,0.7774506578947371,success,sgd,0.1,1000000,1e-06,0.002,0.9,1.626665065513474e-05,
1D-gaussian-6c-64p,64,64,0.0973067983097946,1000000,1.5886781657589315e-05,,seconds,43.789812088012695,43.70037913136184,megabytes,556.0,556.0,82.0,80.64824120603015,0.256528384,0.256528384,0.81796875,0.7753454773869342,success,sgd,0.1,1000000,1e-06,0.002,0.9,1.5886781657589315e-05,
1D-gaussian-6c-64p,64,64,0.1036957467248268,1000000,1.3563051925432838e-05,,seconds,43.68780422210693,43.51075977273285,megabytes,556.0,556.0,82.0,80.78536585365853,0.258392064,0.258392064,0.821875,0.7772370426829273,success,sgd,0.1,1000000,1e-06,0.002,0.9,1.3563051925432838e-05,
1D-gaussian-6c-64p,64,64,0.0470499981206032,1000000,1.7415173229412174e-05,,seconds,43.60985469818115,43.43962401151657,megabytes,556.0,556.0,82.0,81.02884615384616,0.256659456,0.256659456,0.81875,0.7763822115384612,success,sgd,0.1,1000000,1e-06,0.002,0.9,1.7415173229412174e-05,
1D-gaussian-6c-64p,64,64,0.1696965974986916,1000000,2.0904302040903154e-05,,seconds,43.9101836681366,43.77243701182306,megabytes,556.0,556.0,83.0,80.9704433497537,0.256659456,0.256659456,0.83125,0.7784983066502459,success,sgd,0.1,1000000,1e-06,0.002,0.9,2.0904302040903154e-05,
1D-gaussian-6c-64p,64,64,0.0450718454100181,1000000,1.7334283610560313e-05,,seconds,43.63139009475708,43.53877652063966,megabytes,556.0,556.0,82.0,80.99507389162562,0.25833472,0.25833472,0.81953125,0.7771782635467979,success,sgd,0.1,1000000,1e-06,0.002,0.9,1.7334283610560313e-05,
1D-gaussian-6c-64p,64,64,0.1169896824211376,1000000,1.9222502024050328e-05,,seconds,43.610350370407104,43.571379171684384,megabytes,556.0,556.0,82.0,80.71782178217822,0.257622016,0.257622016,0.81875,0.7797455136138612,success,sgd,0.1,1000000,1e-06,0.002,0.9,1.9222502024050328e-05,
1D-gaussian-6c-64p,64,64,0.063933700438348,1000000,2.1211876036819726e-05,,seconds,44.014415979385376,43.90832623839378,megabytes,556.0,556.0,82.0,79.92268041237114,0.256704512,0.256704512,0.8140625,0.7783062177835052,success,sgd,0.1,1000000,1e-06,0.002,0.9,2.1211876036819726e-05,
1D-gaussian-6c-64p,64,64,0.0629832549908257,1000000,1.6658667835979404e-05,,seconds,43.62244486808777,43.557712050154805,megabytes,556.0,556.0,82.0,80.54187192118226,0.256786432,0.256786432,0.82265625,0.7767741687192119,success,sgd,0.1,1000000,1e-06,0.002,0.9,1.6658667835979404e-05,
1D-gaussian-6c-64p,64,64,0.0680951759570456,1000000,2.010604928868692e-05,,seconds,43.93541622161865,43.769606087356806,megabytes,556.0,556.0,83.0,81.03482587064677,0.25849856,0.25849856,0.81953125,0.7767723880597015,success,sgd,0.1,1000000,1e-06,0.002,0.9,2.010604928868692e-05,
1D-gaussian-6c-64p,64,64,0.0515869007599511,1000000,1.4248053215155078e-05,,seconds,43.845998764038086,43.67964089289308,megabytes,556.0,556.0,83.0,81.17412935323384,0.257675264,0.257675264,0.81640625,0.7771338619402989,success,sgd,0.1,1000000,1e-06,0.002,0.9,1.4248053215155078e-05,
1D-gaussian-6c-64p,64,64,0.1909262875130584,1000000,2.177467368973695e-05,,seconds,43.61746382713318,43.61506545729935,megabytes,556.0,556.0,82.0,80.82587064676616,0.256872448,0.256872448,0.81875,0.7805348258706466,success,sgd,0.1,1000000,1e-06,0.002,0.9,2.177467368973695e-05,
1D-gaussian-6c-64p,64,64,0.038823327935957,1000000,1.2092764133882944e-05,,seconds,43.8228554725647,43.69815312698484,megabytes,556.0,556.0,82.0,80.4572864321608,0.256868352,0.256868352,0.821875,0.776142430904523,success,sgd,0.1,1000000,1e-06,0.002,0.9,1.2092764133882944e-05,
1D-gaussian-6c-128p,128,128,0.0969840944118458,1000000,2.4737251098332936e-05,,seconds,50.295944929122925,50.2620686404407,megabytes,556.0,556.0,82.0,78.92372881355932,0.25720832,0.25720832,0.82421875,0.7792472192796611,success,sgd,0.1,1000000,1e-06,0.002,0.9,2.4737251098332936e-05,
1D-gaussian-6c-128p,128,128,0.0401739150546809,1000000,2.3152896720681265e-05,,seconds,49.91877770423889,49.76111607812345,megabytes,558.0,558.0,84.0,79.5589519650655,0.258080768,0.258080768,0.825,0.7748942412663751,success,sgd,0.1,1000000,1e-06,0.002,0.9,2.3152896720681265e-05,
1D-gaussian-6c-128p,128,128,0.0895764581274244,1000000,3.0323948872060065e-05,,seconds,50.13161778450012,49.93597632832825,megabytes,556.0,556.0,82.0,79.37931034482759,0.258146304,0.258146304,0.821875,0.7765860721982761,success,sgd,0.1,1000000,1e-06,0.002,0.9,3.0323948872060065e-05,
1D-gaussian-6c-128p,128,128,0.0801012275038811,1000000,2.9772274289166716e-05,,seconds,49.64410758018494,49.48462898470461,megabytes,556.0,556.0,85.0,80.93150684931507,0.257101824,0.257101824,0.81796875,0.7767301655251143,success,sgd,0.1,1000000,1e-06,0.002,0.9,2.9772274289166716e-05,
1D-gaussian-6c-128p,128,128,0.0630867241353759,1000000,3.063617717478236e-05,,seconds,49.71244287490845,49.62361462786794,megabytes,556.0,556.0,87.0,80.19911504424779,0.257183744,0.257183744,0.8453125,0.7785674778761054,success,sgd,0.1,1000000,1e-06,0.002,0.9,3.063617717478236e-05,
1D-gaussian-6c-128p,128,128,0.0750623309634952,1000000,2.5716128623523347e-05,,seconds,49.737870931625366,49.54742734692991,megabytes,556.0,556.0,84.0,80.0,0.257200128,0.257200128,0.8234375,0.7755009809417039,success,sgd,0.1,1000000,1e-06,0.002,0.9,2.5716128623523347e-05,
1D-gaussian-6c-128p,128,128,0.057401159199481,1000000,2.635175175973247e-05,,seconds,49.45819354057312,49.425496423617005,megabytes,556.0,556.0,84.0,80.95945945945945,0.258830336,0.258830336,0.83515625,0.7808840090090086,success,sgd,0.1,1000000,1e-06,0.002,0.9,2.635175175973247e-05,
1D-gaussian-6c-128p,128,128,0.0593414738839869,1000000,1.93289501121425e-05,,seconds,49.470255851745605,49.43642337806523,megabytes,556.0,556.0,85.0,80.2,0.257191936,0.257191936,0.82265625,0.7796875,success,sgd,0.1,1000000,1e-06,0.002,0.9,1.93289501121425e-05,
1D-gaussian-6c-128p,128,128,0.0517844246141854,1000000,2.4779758763107972e-05,,seconds,50.52780652046204,50.3855712749064,megabytes,556.0,556.0,87.0,78.86610878661088,0.259047424,0.259047424,0.84765625,0.7758106694560674,success,sgd,0.1,1000000,1e-06,0.002,0.9,2.4779758763107972e-05,
1D-gaussian-6c-128p,128,128,0.0517365228784564,1000000,2.700846035319516e-05,,seconds,49.92567753791809,49.85460804030299,megabytes,558.0,558.0,84.0,79.7566371681416,0.258985984,0.258985984,0.81796875,0.7779659845132749,success,sgd,0.1,1000000,1e-06,0.002,0.9,2.700846035319516e-05,
1D-gaussian-6c-128p,128,128,0.0480968906637815,1000000,2.595765216521619e-05,,seconds,50.05519390106201,49.932466426864266,megabytes,558.0,558.0,82.0,80.47136563876651,0.258338816,0.258338816,0.81796875,0.7770374449339209,success,sgd,0.1,1000000,1e-06,0.002,0.9,2.595765216521619e-05,
1D-gaussian-6c-128p,128,128,0.0497223369223227,1000000,2.531260610808189e-05,,seconds,49.74468088150024,49.651602156460285,megabytes,558.0,558.0,82.0,79.85972850678733,0.257253376,0.257253376,0.8234375,0.7783936651583715,success,sgd,0.1,1000000,1e-06,0.002,0.9,2.531260610808189e-05,
1D-gaussian-6c-128p,128,128,0.0447554646672082,1000000,2.2235960212086475e-05,,seconds,49.68661618232727,49.51087966747582,megabytes,558.0,558.0,87.0,80.3409090909091,0.257318912,0.257318912,0.82578125,0.7753409090909084,success,sgd,0.1,1000000,1e-06,0.002,0.9,2.2235960212086475e-05,
1D-gaussian-6c-128p,128,128,0.0844928705060578,1000000,2.244687989945385e-05,,seconds,50.3022665977478,50.16469709388912,megabytes,558.0,558.0,84.0,79.29787234042553,0.258367488,0.258367488,0.8203125,0.7768783244680849,success,sgd,0.1,1000000,1e-06,0.002,0.9,2.244687989945385e-05,
1D-gaussian-6c-128p,128,128,0.0479818262945923,1000000,2.98113752732716e-05,,seconds,49.58700847625733,49.54934852197766,megabytes,558.0,558.0,83.0,80.75113122171946,0.25837568,0.25837568,0.81875,0.7798041572398191,success,sgd,0.1,1000000,1e-06,0.002,0.9,2.98113752732716e-05,
1D-gaussian-6c-128p,128,128,0.0517417575105706,1000000,2.651237247719362e-05,,seconds,50.33445119857788,50.23761219345033,megabytes,558.0,558.0,83.0,79.28510638297873,0.257560576,0.257560576,0.8578125,0.7769281914893627,success,sgd,0.1,1000000,1e-06,0.002,0.9,2.651237247719362e-05,
1D-gaussian-6c-128p,128,128,0.07292407022442,1000000,1.6925019873612902e-05,,seconds,50.53469181060791,50.431462340056896,megabytes,558.0,558.0,86.0,79.41004184100419,0.257662976,0.257662976,0.82421875,0.7787199267782426,success,sgd,0.1,1000000,1e-06,0.002,0.9,1.6925019873612902e-05,
1D-gaussian-6c-128p,128,128,0.0855636591559989,1000000,2.898734830728992e-05,,seconds,49.64291334152222,49.46559699438512,megabytes,558.0,558.0,85.0,80.31674208144797,0.257441792,0.257441792,0.82265625,0.7765377545248866,success,sgd,0.1,1000000,1e-06,0.002,0.9,2.898734830728992e-05,
1D-gaussian-6c-128p,128,128,0.0642008077278986,1000000,2.274063591825602e-05,,seconds,50.76447296142578,50.59182931669056,megabytes,558.0,558.0,85.0,79.21848739495799,0.259452928,0.259452928,0.825,0.7779017857142858,success,sgd,0.1,1000000,1e-06,0.002,0.9,2.274063591825602e-05,
1D-gaussian-6c-128p,128,128,0.0973172660599392,1000000,2.299792383663668e-05,,seconds,50.2720685005188,50.16377797536552,megabytes,558.0,558.0,87.0,79.24894514767932,0.257622016,0.257622016,0.82578125,0.7760185917721517,success,sgd,0.1,1000000,1e-06,0.002,0.9,2.299792383663668e-05,
1D-gaussian-6c-128p,128,128,0.1036966744416962,1000000,1.9617572483602592e-05,,seconds,50.31129145622253,50.17172344401479,megabytes,558.0,558.0,83.0,79.90677966101696,0.257724416,0.257724416,0.8203125,0.7764830508474581,success,sgd,0.1,1000000,1e-06,0.002,0.9,1.9617572483602592e-05,
1D-gaussian-6c-128p,128,128,0.0470632220780487,1000000,2.494268918836211e-05,,seconds,49.91217494010925,49.83583401143551,megabytes,558.0,558.0,84.0,79.79295154185021,0.257572864,0.257572864,0.8203125,0.7786825440528632,success,sgd,0.1,1000000,1e-06,0.002,0.9,2.494268918836211e-05,
1D-gaussian-6c-128p,128,128,0.1696117764293563,1000000,3.111138057031453e-05,,seconds,50.37288236618042,50.21509387344122,megabytes,558.0,558.0,82.0,79.57510729613733,0.257683456,0.257683456,0.8234375,0.7773001609442063,success,sgd,0.1,1000000,1e-06,0.002,0.9,3.111138057031453e-05,
1D-gaussian-6c-128p,128,128,0.0450850682838294,1000000,2.474931030038149e-05,,seconds,49.88327312469482,49.80710011348128,megabytes,558.0,558.0,82.0,79.79646017699115,0.257519616,0.257519616,0.840625,0.7783911780973454,success,sgd,0.1,1000000,1e-06,0.002,0.9,2.474931030038149e-05,
1D-gaussian-6c-128p,128,128,0.1169654078454938,1000000,2.710793497748557e-05,,seconds,50.36678290367127,50.11062741838396,megabytes,558.0,558.0,83.0,80.27467811158799,0.257810432,0.257810432,0.8234375,0.776015960300429,success,sgd,0.1,1000000,1e-06,0.002,0.9,2.710793497748557e-05,
1D-gaussian-6c-128p,128,128,0.0639403988343298,1000000,2.9545135623717903e-05,,seconds,50.095399141311646,49.98262797296047,megabytes,558.0,558.0,82.0,79.78540772532189,0.257765376,0.257765376,0.8203125,0.7780881169527902,success,sgd,0.1,1000000,1e-06,0.002,0.9,2.9545135623717903e-05,
1D-gaussian-6c-128p,128,128,0.0629922301429116,1000000,2.394453290188897e-05,,seconds,50.11747217178345,50.05918836034834,megabytes,558.0,558.0,82.0,79.94298245614036,0.257798144,0.257798144,0.82421875,0.7776795504385963,success,sgd,0.1,1000000,1e-06,0.002,0.9,2.394453290188897e-05,
1D-gaussian-6c-128p,128,128,0.0681018855499103,1000000,2.8595785284882432e-05,,seconds,50.70639634132385,50.49558996781707,megabytes,558.0,558.0,82.0,78.69709543568464,0.257847296,0.257847296,0.81484375,0.7770195798755184,success,sgd,0.1,1000000,1e-06,0.002,0.9,2.8595785284882432e-05,
1D-gaussian-6c-128p,128,128,0.0515996383872741,1000000,2.06428608489131e-05,,seconds,50.06340861320496,50.03031152114272,megabytes,558.0,558.0,86.0,80.15418502202643,0.25782272,0.25782272,0.821875,0.7791265143171804,success,sgd,0.1,1000000,1e-06,0.002,0.9,2.06428608489131e-05,
1D-gaussian-6c-128p,128,128,0.1908515081218161,1000000,3.1812646645195106e-05,,seconds,50.10821843147278,49.972678538411856,megabytes,558.0,558.0,82.0,79.37229437229438,0.259497984,0.259497984,0.828125,0.7766639610389606,success,sgd,0.1,1000000,1e-06,0.002,0.9,3.1812646645195106e-05,
1D-gaussian-6c-128p,128,128,0.0388338888340509,1000000,1.8069083120045104e-05,,seconds,49.95265555381775,49.77042854763568,megabytes,558.0,558.0,88.0,80.29955947136564,0.257974272,0.257974272,0.8171875,0.7760772301762113,success,sgd,0.1,1000000,1e-06,0.002,0.9,1.8069083120045104e-05,
1D-gaussian-6c-256p,256,256,0.0969106975785281,1000000,4.189984537904528e-05,,seconds,51.915958881378174,51.84894120879471,megabytes,558.0,558.0,86.0,84.61864406779661,0.258052096,0.258052096,0.8234375,0.7770027807203388,success,sgd,0.1,1000000,1e-06,0.002,0.9,4.189984537904528e-05,
1D-gaussian-6c-256p,256,256,0.0401580113376596,1000000,2.7534776218802573e-05,,seconds,52.16850924491882,52.025505097582936,megabytes,558.0,558.0,86.0,84.22978723404255,0.258002944,0.258002944,0.81640625,0.774926861702128,success,sgd,0.1,1000000,1e-06,0.002,0.9,2.7534776218802573e-05,
1D-gaussian-6c-256p,256,256,0.0895426882660513,1000000,4.040509509828283e-05,,seconds,52.13155484199524,51.98176365159452,megabytes,558.0,558.0,86.0,84.36480686695279,0.259735552,0.259735552,0.8234375,0.7790638412017165,success,sgd,0.1,1000000,1e-06,0.002,0.9,4.040509509828283e-05,
1D-gaussian-6c-256p,256,256,0.080057030603873,1000000,3.8081537051443474e-05,,seconds,51.93952178955078,51.90556361526251,megabytes,558.0,558.0,86.0,84.48510638297873,0.25798656,0.25798656,0.83671875,0.7803690159574471,success,sgd,0.1,1000000,1e-06,0.002,0.9,3.8081537051443474e-05,
1D-gaussian-6c-256p,256,256,0.0630220328496364,1000000,4.9350672003591086e-05,,seconds,51.86960697174072,51.80225207097829,megabytes,558.0,558.0,86.0,84.77731092436974,0.258052096,0.258052096,0.82578125,0.777773765756302,success,sgd,0.1,1000000,1e-06,0.002,0.9,4.9350672003591086e-05,
1D-gaussian-6c-256p,256,256,0.0750199539740202,1000000,3.779685144656511e-05,,seconds,51.96786093711853,51.915328381583095,megabytes,558.0,558.0,86.0,84.53648068669528,0.259723264,0.259723264,0.828125,0.7795131437768239,success,sgd,0.1,1000000,1e-06,0.002,0.9,3.779685144656511e-05,
1D-gaussian-6c-256p,256,256,0.0573738227053476,1000000,4.171087127046282e-05,,seconds,52.219953536987305,52.04983634315431,megabytes,558.0,558.0,86.0,84.28444444444445,0.25802752,0.25802752,0.81171875,0.7750208333333334,success,sgd,0.1,1000000,1e-06,0.002,0.9,4.171087127046282e-05,
1D-gaussian-6c-256p,256,256,0.0593248442908231,1000000,2.8627569609319366e-05,,seconds,51.968331813812256,51.91568087041378,megabytes,558.0,558.0,86.0,84.61965811965813,0.258097152,0.258097152,0.81953125,0.7786792200854703,success,sgd,0.1,1000000,1e-06,0.002,0.9,2.8627569609319366e-05,
1D-gaussian-6c-256p,256,256,0.0517624628232148,1000000,3.144508225044996e-05,,seconds,51.79307723045349,51.6204792689532,megabytes,558.0,558.0,86.0,85.15447154471545,0.258220032,0.258220032,0.821875,0.7776803861788623,success,sgd,0.1,1000000,1e-06,0.002,0.9,3.144508225044996e-05,
1D-gaussian-6c-256p,256,256,0.051699509632638,1000000,3.520008973706176e-05,,seconds,52.12129259109497,52.006574150174856,megabytes,558.0,558.0,86.0,84.43829787234043,0.259846144,0.259846144,0.82109375,0.7765890957446812,success,sgd,0.1,1000000,1e-06,0.002,0.9,3.520008973706176e-05,
1D-gaussian-6c-256p,256,256,0.0480626429274686,1000000,4.4135010114177016e-05,,seconds,52.27199745178223,52.06916484050453,megabytes,558.0,558.0,86.0,84.01777777777778,0.258138112,0.258138112,0.82109375,0.7770729166666668,success,sgd,0.1,1000000,1e-06,0.002,0.9,4.4135010114177016e-05,
1D-gaussian-6c-256p,256,256,0.0496951589906935,1000000,2.950135105410676e-05,,seconds,51.72109484672546,51.70293428935111,megabytes,558.0,558.0,86.0,84.93801652892562,0.258281472,0.258281472,0.82265625,0.7788868801652891,success,sgd,0.1,1000000,1e-06,0.002,0.9,2.950135105410676e-05,
1D-gaussian-6c-256p,256,256,0.0447535568905506,1000000,2.325817716421032e-05,,seconds,52.12781381607056,51.95009931921959,megabytes,558.0,558.0,86.0,84.41630901287553,0.258248704,0.258248704,0.82265625,0.776123256437768,success,sgd,0.1,1000000,1e-06,0.002,0.9,2.325817716421032e-05,
1D-gaussian-6c-256p,256,256,0.0844403522503521,1000000,3.5176285480455976e-05,,seconds,52.06881237030029,51.947967590764165,megabytes,558.0,558.0,86.0,84.71369294605809,0.258265088,0.258265088,0.825,0.7766273340248964,success,sgd,0.1,1000000,1e-06,0.002,0.9,3.5176285480455976e-05,
1D-gaussian-6c-256p,256,256,0.047952268877151,1000000,4.075971114258349e-05,,seconds,52.08297634124756,51.97590612247586,megabytes,558.0,558.0,86.0,84.41772151898734,0.258330624,0.258330624,0.81875,0.7761537447257392,success,sgd,0.1,1000000,1e-06,0.002,0.9,4.075971114258349e-05,
1D-gaussian-6c-256p,256,256,0.0517382240130042,1000000,3.67928703589267e-05,,seconds,52.19067525863648,51.9989356752485,megabytes,558.0,558.0,86.0,84.39484978540773,0.258301952,0.258301952,0.81875,0.77638143776824,success,sgd,0.1,1000000,1e-06,0.002,0.9,3.67928703589267e-05,
1D-gaussian-6c-256p,256,256,0.072881830737124,1000000,2.83722810548672e-05,,seconds,52.19151258468628,52.00345831178129,megabytes,558.0,558.0,86.0,84.26086956521739,0.260100096,0.260100096,0.821875,0.7762126358695648,success,sgd,0.1,1000000,1e-06,0.002,0.9,2.83722810548672e-05,
1D-gaussian-6c-256p,256,256,0.08547838321988,1000000,5.225259807862413e-05,,seconds,52.15737318992615,52.13461161404848,megabytes,558.0,558.0,86.0,84.14718614718615,0.2583552,0.2583552,0.82109375,0.7797619047619043,success,sgd,0.1,1000000,1e-06,0.002,0.9,5.225259807862413e-05,
1D-gaussian-6c-256p,256,256,0.0641445080493277,1000000,4.131815286347888e-05,,seconds,51.78653931617737,51.778604596853256,megabytes,558.0,558.0,86.0,84.65957446808511,0.258408448,0.258408448,0.85625,0.7773503989361703,success,sgd,0.1,1000000,1e-06,0.002,0.9,4.131815286347888e-05,
1D-gaussian-6c-256p,256,256,0.0973069293109089,1000000,3.0481050222833537e-05,,seconds,51.94714331626892,51.88157857581973,megabytes,558.0,558.0,86.0,84.36708860759494,0.25843712,0.25843712,0.81796875,0.776658095991562,success,sgd,0.1,1000000,1e-06,0.002,0.9,3.0481050222833537e-05,
1D-gaussian-6c-256p,256,256,0.1036193734966505,1000000,3.339014487198407e-05,,seconds,52.09367251396179,51.91883437149227,megabytes,558.0,558.0,86.0,84.42307692307692,0.25841664,0.25841664,0.821875,0.7800781249999998,success,sgd,0.1,1000000,1e-06,0.002,0.9,3.339014487198407e-05,
1D-gaussian-6c-256p,256,256,0.0470492747062702,1000000,3.325164520707328e-05,,seconds,51.827146768569946,51.74818850494921,megabytes,558.0,558.0,86.0,84.8099173553719,0.25843712,0.25843712,0.83984375,0.7777085485537196,success,sgd,0.1,1000000,1e-06,0.002,0.9,3.325164520707328e-05,
1D-gaussian-6c-256p,256,256,0.16939015272418,1000000,6.271965701513607e-05,,seconds,52.04470491409302,51.94776173122227,megabytes,558.0,558.0,86.0,84.38793103448276,0.258404352,0.258404352,0.840625,0.7795056573275865,success,sgd,0.1,1000000,1e-06,0.002,0.9,6.271965701513607e-05,
1D-gaussian-6c-256p,256,256,0.0450816293027301,1000000,2.6996043146802825e-05,,seconds,51.9342200756073,51.848600905388594,megabytes,558.0,558.0,86.0,84.95762711864407,0.26015744,0.26015744,0.83828125,0.7808792372881358,success,sgd,0.1,1000000,1e-06,0.002,0.9,2.6996043146802825e-05,
1D-gaussian-6c-256p,256,256,0.1168533916437611,1000000,5.393615727537935e-05,,seconds,51.95679235458374,51.87119389511645,megabytes,558.0,558.0,86.0,84.74137931034483,0.258469888,0.258469888,0.82578125,0.7791722790948278,success,sgd,0.1,1000000,1e-06,0.002,0.9,5.393615727537935e-05,
1D-gaussian-6c-256p,256,256,0.0639001329547106,1000000,3.807408442770198e-05,,seconds,52.117313623428345,51.95053455978632,megabytes,558.0,558.0,86.0,84.70742358078603,0.258453504,0.258453504,0.821875,0.7789744814410481,success,sgd,0.1,1000000,1e-06,0.002,0.9,3.807408442770198e-05,
1D-gaussian-6c-256p,256,256,0.0629646916336173,1000000,3.090627040660718e-05,,seconds,52.06355953216553,51.85701495967805,megabytes,558.0,558.0,86.0,84.56903765690376,0.25864192,0.25864192,0.8171875,0.7758564330543936,success,sgd,0.1,1000000,1e-06,0.002,0.9,3.090627040660718e-05,
1D-gaussian-6c-256p,256,256,0.0681031633074652,1000000,4.1597030638409895e-05,,seconds,51.77674031257629,51.76440744847059,megabytes,558.0,558.0,86.0,84.95378151260505,0.258543616,0.258543616,0.825,0.7789554884453778,success,sgd,0.1,1000000,1e-06,0.002,0.9,4.1597030638409895e-05,
1D-gaussian-6c-256p,256,256,0.0515871899587273,1000000,2.847785495445721e-05,,seconds,52.21907687187195,52.12994107790291,megabytes,558.0,558.0,86.0,84.03111111111112,0.258494464,0.258494464,0.84140625,0.7775416666666667,success,sgd,0.1,1000000,1e-06,0.002,0.9,2.847785495445721e-05,
1D-gaussian-6c-256p,256,256,0.1906641343717055,1000000,6.21106969506658e-05,,seconds,51.82050633430481,51.71071400679648,megabytes,558.0,558.0,86.0,84.95918367346938,0.258617344,0.258617344,0.83359375,0.7777806122448981,success,sgd,0.1,1000000,1e-06,0.002,0.9,6.21106969506658e-05,
1D-gaussian-6c-256p,256,256,0.0388311301894978,1000000,2.1810940671079424e-05,,seconds,51.94818425178528,51.78913298249245,megabytes,558.0,558.0,86.0,84.86497890295358,0.25952256,0.25952256,0.81875,0.7775085706751059,success,sgd,0.1,1000000,1e-06,0.002,0.9,2.1810940671079424e-05,
1D-gaussian-6c-512p,512,512,0.0969452536728962,1000000,0.0002771533934098,,seconds,68.36093664169312,68.26691393181682,megabytes,564.0,564.0,87.0,86.08917197452229,0.25890816,0.25890816,0.821875,0.7780677746815288,success,sgd,0.1,1000000,1e-06,0.002,0.9,0.0002771533934098,
1D-gaussian-6c-512p,512,512,0.0399572877845757,1000000,0.0003357815223958,,seconds,68.36658787727356,68.22462420724332,megabytes,564.0,564.0,87.0,86.06709265175719,0.258936832,0.258936832,0.82421875,0.7766024361022364,success,sgd,0.1,1000000,1e-06,0.002,0.9,0.0003357815223958,
1D-gaussian-6c-512p,512,512,0.0894575710033407,1000000,0.0002809243353535,,seconds,68.411381483078,68.23128189891577,megabytes,564.0,564.0,87.0,86.15457413249212,0.26066944,0.26066944,0.86328125,0.7783221608832811,success,sgd,0.1,1000000,1e-06,0.002,0.9,0.0002809243353535,
1D-gaussian-6c-512p,512,512,0.0798581707076505,1000000,0.0002953902802094,,seconds,68.39762163162231,68.31469428353012,megabytes,564.0,564.0,87.0,86.24516129032259,0.258998272,0.258998272,0.82109375,0.7769354838709672,success,sgd,0.1,1000000,1e-06,0.002,0.9,0.0002953902802094,
1D-gaussian-6c-512p,512,512,0.0627305953778782,1000000,0.000264567675596,,seconds,68.27433037757874,68.12652743794024,megabytes,564.0,564.0,87.0,86.2879746835443,0.258998272,0.258998272,0.81640625,0.7772151898734178,success,sgd,0.1,1000000,1e-06,0.002,0.9,0.000264567675596,
1D-gaussian-6c-512p,512,512,0.0748297120424363,1000000,0.0002940461634275,,seconds,68.50051712989807,68.40697896666825,megabytes,564.0,564.0,87.0,85.83881578947368,0.260743168,0.260743168,0.82109375,0.778949938322368,success,sgd,0.1,1000000,1e-06,0.002,0.9,0.0002940461634275,
1D-gaussian-6c-512p,512,512,0.0572222643211518,1000000,0.0002840468141275,,seconds,68.2609212398529,68.26058367267251,megabytes,564.0,564.0,87.0,86.0801282051282,0.259067904,0.259067904,0.82734375,0.7777744391025637,success,sgd,0.1,1000000,1e-06,0.002,0.9,0.0002840468141275,
1D-gaussian-6c-512p,512,512,0.0593193078623057,1000000,0.0003553336095117,,seconds,68.27974128723145,68.1608686838299,megabytes,564.0,564.0,87.0,86.19047619047619,0.260005888,0.260005888,0.82890625,0.7779265873015873,success,sgd,0.1,1000000,1e-06,0.002,0.9,0.0003553336095117,
1D-gaussian-6c-512p,512,512,0.0516020461926077,1000000,0.00026810047163,,seconds,68.45304942131042,68.29777678474784,megabytes,564.0,564.0,87.0,86.07371794871794,0.259108864,0.259108864,0.8265625,0.777909655448718,success,sgd,0.1,1000000,1e-06,0.002,0.9,0.00026810047163,
1D-gaussian-6c-512p,512,512,0.051542945114636,1000000,0.0002733754718374,,seconds,68.47998642921448,68.34513610042632,megabytes,564.0,564.0,87.0,86.15181518151815,0.259104768,0.259104768,0.83203125,0.7792491749174921,success,sgd,0.1,1000000,1e-06,0.002,0.9,0.0002733754718374,
1D-gaussian-6c-512p,512,512,0.0478359715125775,1000000,0.0002839721825762,,seconds,68.49077463150024,68.29845808073878,megabytes,564.0,564.0,87.0,85.93247588424437,0.260947968,0.260947968,0.821875,0.7790921422829578,success,sgd,0.1,1000000,1e-06,0.002,0.9,0.0002839721825762,
1D-gaussian-6c-512p,512,512,0.0495324716419116,1000000,0.0002416881419959,,seconds,68.0300133228302,67.9688557907939,megabytes,564.0,564.0,87.0,86.496875,0.259162112,0.259162112,0.82578125,0.7792114257812496,success,sgd,0.1,1000000,1e-06,0.002,0.9,0.0002416881419959,
1D-gaussian-6c-512p,512,512,0.0446568182840824,1000000,0.0003412933259159,,seconds,68.4443359375,68.26872024685144,megabytes,564.0,564.0,87.0,86.10197368421052,0.259190784,0.259190784,0.83125,0.7786261307565793,success,sgd,0.1,1000000,1e-06,0.002,0.9,0.0003412933259159,
1D-gaussian-6c-512p,512,512,0.0843154797988702,1000000,0.0002431099293449,,seconds,68.59898900985718,68.45388638973236,megabytes,564.0,564.0,87.0,86.01016949152542,0.259219456,0.259219456,0.82265625,0.7789592161016948,success,sgd,0.1,1000000,1e-06,0.002,0.9,0.0002431099293449,
1D-gaussian-6c-512p,512,512,0.0477982805541182,1000000,0.0002998729308306,,seconds,68.4906713962555,68.34940808080137,megabytes,564.0,564.0,87.0,86.05333333333333,0.259248128,0.259248128,0.83359375,0.7758124999999992,success,sgd,0.1,1000000,1e-06,0.002,0.9,0.0002998729308306,
1D-gaussian-6c-512p,512,512,0.0515599456872283,1000000,0.0002974932744538,,seconds,68.44982361793518,68.28748426027596,megabytes,564.0,564.0,87.0,86.23684210526316,0.259321856,0.259321856,0.82109375,0.7782534950657896,success,sgd,0.1,1000000,1e-06,0.002,0.9,0.0002974932744538,
1D-gaussian-6c-512p,512,512,0.0728490635238535,1000000,0.0003468148675527,,seconds,68.16009330749512,68.14676050283015,megabytes,564.0,564.0,87.0,86.21337579617834,0.259252224,0.259252224,0.821875,0.7779607882165605,success,sgd,0.1,1000000,1e-06,0.002,0.9,0.0003468148675527,
1D-gaussian-6c-512p,512,512,0.0851864449919538,1000000,0.0002921271318181,,seconds,68.42846179008484,68.24545571394265,megabytes,564.0,564.0,87.0,86.09354838709677,0.259375104,0.259375104,0.81796875,0.7773361895161297,success,sgd,0.1,1000000,1e-06,0.002,0.9,0.0002921271318181,
1D-gaussian-6c-512p,512,512,0.0639959822833423,1000000,0.0002671892865522,,seconds,68.41559386253357,68.26342827826738,megabytes,564.0,564.0,87.0,85.89137380191693,0.259309568,0.259309568,0.81875,0.7773637180511181,success,sgd,0.1,1000000,1e-06,0.002,0.9,0.0002671892865522,
1D-gaussian-6c-512p,512,512,0.0972790236183076,1000000,0.0003291406823869,,seconds,68.26082134246826,68.23126653581858,megabytes,564.0,564.0,87.0,86.2547770700637,0.259305472,0.259305472,0.82578125,0.7804214769108279,success,sgd,0.1,1000000,1e-06,0.002,0.9,0.0003291406823869,
1D-gaussian-6c-512p,512,512,0.1034363567905671,1000000,0.0002217928782714,,seconds,68.24864649772644,68.08798513934016,megabytes,564.0,564.0,87.0,86.21587301587302,0.259346432,0.259346432,0.84140625,0.7775768849206344,success,sgd,0.1,1000000,1e-06,0.002,0.9,0.0002217928782714,
1D-gaussian-6c-512p,512,512,0.0468590658695557,1000000,0.0004041643858714,,seconds,68.29102492332458,68.18815680034459,megabytes,564.0,564.0,87.0,86.29936305732484,0.259354624,0.259354624,0.81953125,0.7773288216560513,success,sgd,0.1,1000000,1e-06,0.002,0.9,0.0004041643858714,
1D-gaussian-6c-512p,512,512,0.1692519729367655,1000000,0.0002939857983274,,seconds,68.49480891227722,68.30373431183398,megabytes,564.0,564.0,87.0,85.78175895765472,0.259477504,0.259477504,0.8203125,0.7762774837133547,success,sgd,0.1,1000000,1e-06,0.002,0.9,0.0002939857983274,
1D-gaussian-6c-512p,512,512,0.0449474450729934,1000000,0.0002245787535385,,seconds,68.26564645767212,68.16867574118078,megabytes,564.0,564.0,87.0,86.25316455696202,0.259387392,0.259387392,0.84375,0.7781002768987345,success,sgd,0.1,1000000,1e-06,0.002,0.9,0.0002245787535385,
1D-gaussian-6c-512p,512,512,0.1166332288387468,1000000,0.0002983049191556,,seconds,68.29579567909241,68.22490505687892,megabytes,564.0,564.0,87.0,86.0,0.259403776,0.259403776,0.82265625,0.7777204692556635,success,sgd,0.1,1000000,1e-06,0.002,0.9,0.0002983049191556,
1D-gaussian-6c-512p,512,512,0.0637032070431057,1000000,0.0002742950667089,,seconds,68.46221160888672,68.42003539204597,megabytes,566.0,566.0,87.0,85.89902280130293,0.259469312,0.259469312,0.8234375,0.7788909812703585,success,sgd,0.1,1000000,1e-06,0.002,0.9,0.0002742950667089,
1D-gaussian-6c-512p,512,512,0.0628121618223983,1000000,0.0002324223214923,,seconds,68.28990006446838,68.1435988675803,megabytes,566.0,566.0,87.0,86.38216560509554,0.259444736,0.259444736,0.821875,0.7768585788216559,success,sgd,0.1,1000000,1e-06,0.002,0.9,0.0002324223214923,
1D-gaussian-6c-512p,512,512,0.0679712584264754,1000000,0.0003125302061693,,seconds,68.27341771125793,68.16404308564961,megabytes,566.0,566.0,87.0,86.19155844155844,0.259497984,0.259497984,0.821875,0.7773894074675328,success,sgd,0.1,1000000,1e-06,0.002,0.9,0.0003125302061693,
1D-gaussian-6c-512p,512,512,0.0513754641694017,1000000,0.0002399008498524,,seconds,68.49039673805237,68.35320914536715,megabytes,566.0,566.0,87.0,86.15181518151815,0.259485696,0.259485696,0.81953125,0.7776944100660064,success,sgd,0.1,1000000,1e-06,0.002,0.9,0.0002399008498524,
1D-gaussian-6c-512p,512,512,0.1903216152972667,1000000,0.0002862961832142,,seconds,68.26659297943115,68.18669282831252,megabytes,566.0,566.0,87.0,86.2948717948718,0.261267456,0.261267456,0.81875,0.7797876602564107,success,sgd,0.1,1000000,1e-06,0.002,0.9,0.0002862961832142,
1D-gaussian-6c-512p,512,512,0.0386677273527326,1000000,0.0002209167803002,,seconds,68.28785443305969,68.17849159985781,megabytes,566.0,566.0,87.0,86.15873015873017,0.259551232,0.259551232,0.81796875,0.7791840277777785,success,sgd,0.1,1000000,1e-06,0.002,0.9,0.0002209167803002,
1D-gaussian-6c-1024p,1024,1024,0.0971431544013749,1000000,0.0012557664565239,,seconds,90.89925813674928,90.72757279127836,megabytes,592.0,592.0,91.0,89.64058679706602,0.259616768,0.259616768,0.82421875,0.7782376986552563,success,sgd,0.1,1000000,1e-06,0.002,0.9,0.0012557664565239,
1D-gaussian-6c-1024p,1024,1024,0.0391935071739662,1000000,0.0014128796064559,,seconds,90.04955315589905,89.91345250047743,megabytes,592.0,592.0,91.0,90.2487684729064,0.259641344,0.259641344,0.834375,0.7773360529556654,success,sgd,0.1,1000000,1e-06,0.002,0.9,0.0014128796064559,
1D-gaussian-6c-1024p,1024,1024,0.0891319741102214,1000000,0.0011852772588999,,seconds,91.0867223739624,90.8734563011676,megabytes,592.0,592.0,92.0,89.11002444987776,0.259690496,0.259690496,0.82109375,0.7786369193154029,success,sgd,0.1,1000000,1e-06,0.002,0.9,0.0011852772588999,
1D-gaussian-6c-1024p,1024,1024,0.079098468403865,1000000,0.0012411016362502,,seconds,90.94890904426576,90.84675263985991,megabytes,592.0,592.0,92.0,89.27722772277228,0.261373952,0.261373952,0.82265625,0.77892172029703,success,sgd,0.1,1000000,1e-06,0.002,0.9,0.0012411016362502,
1D-gaussian-6c-1024p,1024,1024,0.0614831763146887,1000000,0.0010660312779377,,seconds,90.67022252082825,90.63661940954626,megabytes,592.0,592.0,92.0,89.28039702233251,0.259661824,0.259661824,0.82265625,0.7801236817617866,success,sgd,0.1,1000000,1e-06,0.002,0.9,0.0010660312779377,
1D-gaussian-6c-1024p,1024,1024,0.0734468155492549,1000000,0.001799053300033,,seconds,91.41119527816772,91.30875069089234,megabytes,592.0,592.0,91.0,88.58041958041959,0.261439488,0.261439488,0.82421875,0.7785839160839161,success,sgd,0.1,1000000,1e-06,0.002,0.9,0.001799053300033,
1D-gaussian-6c-1024p,1024,1024,0.0566209223264337,1000000,0.0011547958298213,,seconds,91.08197593688963,90.93940640240908,megabytes,592.0,592.0,91.0,88.76328502415458,0.259739648,0.259739648,0.82265625,0.7779551630434779,success,sgd,0.1,1000000,1e-06,0.002,0.9,0.0011547958298213,
1D-gaussian-6c-1024p,1024,1024,0.0588511121087588,1000000,0.0017733261498553,,seconds,90.84562182426453,90.74259035103024,megabytes,592.0,592.0,92.0,89.2568578553616,0.261435392,0.261435392,0.81953125,0.7782029301745637,success,sgd,0.1,1000000,1e-06,0.002,0.9,0.0017733261498553,
1D-gaussian-6c-1024p,1024,1024,0.0510673946561851,1000000,0.0015851992634192,,seconds,88.1288092136383,88.08007316291332,megabytes,592.0,592.0,93.0,92.1637717121588,0.25976832,0.25976832,0.8203125,0.778694944168734,success,sgd,0.1,1000000,1e-06,0.002,0.9,0.0015851992634192,
1D-gaussian-6c-1024p,1024,1024,0.0508433181966627,1000000,0.001162778251944,,seconds,91.06344485282898,91.03173079527916,megabytes,592.0,592.0,91.0,89.33496332518338,0.261500928,0.261500928,0.8203125,0.7797906479217608,success,sgd,0.1,1000000,1e-06,0.002,0.9,0.001162778251944,
1D-gaussian-6c-1024p,1024,1024,0.0467379217794947,1000000,0.0015071489345704,,seconds,90.64913034439088,90.50803378224371,megabytes,592.0,592.0,91.0,89.2525,0.259821568,0.259821568,0.8234375,0.7788710937500001,success,sgd,0.1,1000000,1e-06,0.002,0.9,0.0015071489345704,
1D-gaussian-6c-1024p,1024,1024,0.0487904831877489,1000000,0.0015481563617563,,seconds,90.98138737678528,90.90363643318416,megabytes,592.0,592.0,93.0,89.07635467980296,0.261558272,0.261558272,0.8203125,0.7807458435960596,success,sgd,0.1,1000000,1e-06,0.002,0.9,0.0015481563617563,
1D-gaussian-6c-1024p,1024,1024,0.0443811192833304,1000000,0.0014592767427217,,seconds,90.96901631355286,90.96826244145632,megabytes,592.0,592.0,91.0,88.99518072289156,0.259837952,0.259837952,0.8234375,0.7806362951807232,success,sgd,0.1,1000000,1e-06,0.002,0.9,0.0014592767427217,
1D-gaussian-6c-1024p,1024,1024,0.0837800425550982,1000000,0.0011174966580618,,seconds,91.26977276802064,91.11841147765516,megabytes,592.0,592.0,91.0,89.30413625304136,0.261640192,0.261640192,0.821875,0.7780489659367397,success,sgd,0.1,1000000,1e-06,0.002,0.9,0.0011174966580618,
1D-gaussian-6c-1024p,1024,1024,0.04722022358298,1000000,0.0011941837308482,,seconds,91.09087228775024,91.07152289524674,megabytes,592.0,592.0,92.0,89.48441247002398,0.261623808,0.261623808,0.8296875,0.7783367056354922,success,sgd,0.1,1000000,1e-06,0.002,0.9,0.0011941837308482,
1D-gaussian-6c-1024p,1024,1024,0.0508883349968422,1000000,0.0012543338394752,,seconds,91.06061577796936,91.0137664489448,megabytes,592.0,592.0,91.0,89.49156626506024,0.261640192,0.261640192,0.83125,0.7799021084337361,success,sgd,0.1,1000000,1e-06,0.002,0.9,0.0012543338394752,
1D-gaussian-6c-1024p,1024,1024,0.0738439653300953,1000000,0.0015182413830256,,seconds,91.50420260429382,91.33894624002278,megabytes,592.0,592.0,93.0,88.65882352941176,0.261722112,0.261722112,0.82734375,0.7769779411764699,success,sgd,0.1,1000000,1e-06,0.002,0.9,0.0015182413830256,
1D-gaussian-6c-1024p,1024,1024,0.0836406524807616,1000000,0.0012384644117832,,seconds,90.99642181396484,90.8967239446938,megabytes,592.0,592.0,92.0,89.1304347826087,0.261697536,0.261697536,0.81640625,0.7787684933574882,success,sgd,0.1,1000000,1e-06,0.002,0.9,0.0012384644117832,
1D-gaussian-6c-1024p,1024,1024,0.0640170381525243,1000000,0.0015822288938006,,seconds,90.79172825813292,90.71884316764772,megabytes,592.0,592.0,93.0,89.3071253071253,0.261709824,0.261709824,0.82578125,0.7792114557739572,success,sgd,0.1,1000000,1e-06,0.002,0.9,0.0015822288938006,
1D-gaussian-6c-1024p,1024,1024,0.0974769161143117,1000000,0.0014542000467182,,seconds,90.75247716903688,90.606299277395,megabytes,592.0,592.0,92.0,89.29426433915212,0.261701632,0.261701632,0.82109375,0.7786646664588533,success,sgd,0.1,1000000,1e-06,0.002,0.9,0.0014542000467182,
1D-gaussian-6c-1024p,1024,1024,0.1044176252272124,1000000,0.0015424527624723,,seconds,91.02787041664124,90.96876320056616,megabytes,592.0,592.0,91.0,89.71707317073171,0.26171392,0.26171392,0.8328125,0.7786528201219515,success,sgd,0.1,1000000,1e-06,0.002,0.9,0.0015424527624723,
1D-gaussian-6c-1024p,1024,1024,0.0466596712571707,1000000,0.0017184683875954,,seconds,91.2485692501068,91.08119213022292,megabytes,592.0,592.0,91.0,88.9164677804296,0.26177536,0.26177536,0.825,0.7766277595465396,success,sgd,0.1,1000000,1e-06,0.002,0.9,0.0017184683875954,
1D-gaussian-6c-1024p,1024,1024,0.1677370915442715,1000000,0.0012037657194911,,seconds,91.35949802398682,91.19505766034126,megabytes,592.0,592.0,92.0,88.89182692307692,0.26179584,0.26179584,0.821875,0.7783221905048063,success,sgd,0.1,1000000,1e-06,0.002,0.9,0.0012037657194911,
1D-gaussian-6c-1024p,1024,1024,0.0445150900650644,1000000,0.0014425069336216,,seconds,91.45617151260376,91.35329390130936,megabytes,592.0,592.0,92.0,88.59433962264151,0.261824512,0.261824512,0.82109375,0.7772055571933968,success,sgd,0.1,1000000,1e-06,0.002,0.9,0.0014425069336216,
1D-gaussian-6c-1024p,1024,1024,0.115350809362131,1000000,0.0014304081719894,,seconds,90.87264108657835,90.70916153118014,megabytes,592.0,592.0,92.0,88.9364303178484,0.26185728,0.26185728,0.834375,0.7781746638141807,success,sgd,0.1,1000000,1e-06,0.002,0.9,0.0014304081719894,
1D-gaussian-6c-1024p,1024,1024,0.0628797580713801,1000000,0.0011214059727135,,seconds,91.03010535240172,90.83737602829932,megabytes,592.0,592.0,91.0,89.06188118811882,0.261885952,0.261885952,0.821875,0.7767307394801976,success,sgd,0.1,1000000,1e-06,0.002,0.9,0.0011214059727135,
1D-gaussian-6c-1024p,1024,1024,0.0625806360304764,1000000,0.0015638776617407,,seconds,90.49178051948547,90.47705291956665,megabytes,592.0,592.0,92.0,89.33004926108374,0.261873664,0.261873664,0.8265625,0.7779460437192126,success,sgd,0.1,1000000,1e-06,0.002,0.9,0.0015638776617407,
1D-gaussian-6c-1024p,1024,1024,0.0673758421203002,1000000,0.0012790284482037,,seconds,91.0177857875824,90.82039839215577,megabytes,592.0,592.0,91.0,89.10757946210269,0.261967872,0.261967872,0.81953125,0.7777964547677261,success,sgd,0.1,1000000,1e-06,0.002,0.9,0.0012790284482037,
1D-gaussian-6c-1024p,1024,1024,0.0501734339618093,1000000,0.0014527820488009,,seconds,91.40032386779784,91.25367855466902,megabytes,592.0,592.0,92.0,88.82075471698113,0.2619392,0.2619392,0.83515625,0.778631706957548,success,sgd,0.1,1000000,1e-06,0.002,0.9,0.0014527820488009,
1D-gaussian-6c-1024p,1024,1024,0.1882386015345189,1000000,0.0012035857928026,,seconds,90.87947177886964,90.7276196423918,megabytes,592.0,592.0,92.0,89.012285012285,0.261976064,0.261976064,0.8203125,0.7785972051597052,success,sgd,0.1,1000000,1e-06,0.002,0.9,0.0012035857928026,
1D-gaussian-6c-1024p,1024,1024,0.0377023025123957,1000000,0.0014934877148675,,seconds,91.36856961250304,91.29698477126658,megabytes,592.0,592.0,91.0,88.63953488372093,0.26124288,0.26124288,0.83828125,0.778891715116279,success,sgd,0.1,1000000,1e-06,0.002,0.9,0.0014934877148675,
1D-gaussian-6c-2048p,2048,2048,0.0890505367631923,1000000,0.0077553920479949,,seconds,187.9078652858734,187.7649760730565,megabytes,688.0,688.0,96.0,94.8997555012225,0.265097216,0.265097216,0.83203125,0.7789444529339847,success,sgd,0.1,1000000,1e-06,0.002,0.9,0.0077553920479949,
1D-gaussian-6c-2048p,2048,2048,0.0310606173271239,1000000,0.0066501390444923,,seconds,187.0140700340271,186.88113433495164,megabytes,688.0,688.0,95.0,94.92344497607657,0.264777728,0.264777728,0.825,0.7795463890550233,success,sgd,0.1,1000000,1e-06,0.002,0.9,0.0066501390444923,
1D-gaussian-6c-2048p,2048,2048,0.0872824268252464,1000000,0.0046309384152003,,seconds,187.38460755348208,187.1915938202292,megabytes,688.0,688.0,95.0,94.87176470588236,0.265211904,0.265211904,0.81953125,0.7791415441176485,success,sgd,0.1,1000000,1e-06,0.002,0.9,0.0046309384152003,
1D-gaussian-6c-2048p,2048,2048,0.0770527013887448,1000000,0.0066788265120018,,seconds,187.67076659202576,187.57446239702404,megabytes,688.0,688.0,95.0,94.88740920096852,0.26517504,0.26517504,0.83125,0.7783586183414037,success,sgd,0.1,1000000,1e-06,0.002,0.9,0.0066788265120018,
1D-gaussian-6c-2048p,2048,2048,0.0555493250573049,1000000,0.0040814440545452,,seconds,187.1551218032837,186.98195981420577,megabytes,688.0,688.0,95.0,94.93268053855569,0.265228288,0.265228288,0.8203125,0.7792371098531214,success,sgd,0.1,1000000,1e-06,0.002,0.9,0.0040814440545452,
1D-gaussian-6c-2048p,2048,2048,0.065088558378766,1000000,0.0068665017578941,,seconds,187.83500695228577,187.72172370553017,megabytes,688.0,688.0,95.0,94.83373205741628,0.265244672,0.265244672,0.83125,0.777856795753587,success,sgd,0.1,1000000,1e-06,0.002,0.9,0.0068665017578941,
1D-gaussian-6c-2048p,2048,2048,0.0453148730389104,1000000,0.0100303943899887,,seconds,187.31998372077945,187.2654560673982,megabytes,688.0,688.0,95.0,94.91075794621028,0.265269248,0.265269248,0.82109375,0.7789167558068467,success,sgd,0.1,1000000,1e-06,0.002,0.9,0.0100303943899887,
1D-gaussian-6c-2048p,2048,2048,0.0511049167127508,1000000,0.0074979134618385,,seconds,187.92174124717712,187.7291496116668,megabytes,688.0,688.0,95.0,94.9401913875598,0.265281536,0.265281536,0.8328125,0.7794706937799039,success,sgd,0.1,1000000,1e-06,0.002,0.9,0.0074979134618385,
1D-gaussian-6c-2048p,2048,2048,0.0471510989055638,1000000,0.0069314110511098,,seconds,187.4903314113617,187.41837332956493,megabytes,688.0,688.0,95.0,94.85243902439024,0.262488064,0.262488064,0.81875,0.7785099085365851,success,sgd,0.1,1000000,1e-06,0.002,0.9,0.0069314110511098,
1D-gaussian-6c-2048p,2048,2048,0.0441680228435839,1000000,0.0066830198431221,,seconds,187.4727568626404,187.4671407099813,megabytes,688.0,688.0,95.0,94.89518072289157,0.262508544,0.262508544,0.825,0.7797891566265055,success,sgd,0.1,1000000,1e-06,0.002,0.9,0.0066830198431221,
1D-gaussian-6c-2048p,2048,2048,0.0404698531758894,1000000,0.0066637291360227,,seconds,187.1106128692627,187.09877045080063,megabytes,688.0,688.0,96.0,94.84963325183374,0.26251264,0.26251264,0.8328125,0.7798164349022003,success,sgd,0.1,1000000,1e-06,0.002,0.9,0.0066637291360227,
1D-gaussian-6c-2048p,2048,2048,0.0455654155463366,1000000,0.0067270999946411,,seconds,187.4210832118988,187.38422733172771,megabytes,688.0,688.0,95.0,94.85523114355232,0.262557696,0.262557696,0.83984375,0.7791257983576632,success,sgd,0.1,1000000,1e-06,0.002,0.9,0.0067270999946411,
1D-gaussian-6c-2048p,2048,2048,0.0402701283569012,1000000,0.0061040617362264,,seconds,187.116295337677,187.06174917519093,megabytes,688.0,688.0,95.0,94.92865928659286,0.262561792,0.262561792,0.8328125,0.7795356703567023,success,sgd,0.1,1000000,1e-06,0.002,0.9,0.0061040617362264,
1D-gaussian-6c-2048p,2048,2048,0.0918836143044024,1000000,0.007040843920604,,seconds,187.30770802497864,187.20541224442425,megabytes,688.0,688.0,95.0,94.88730723606167,0.262569984,0.262569984,0.83203125,0.7793770388493481,success,sgd,0.1,1000000,1e-06,0.002,0.9,0.007040843920604,
1D-gaussian-6c-2048p,2048,2048,0.0439680626807844,1000000,0.0043135836061776,,seconds,186.8934371471405,186.7903589848429,megabytes,688.0,688.0,95.0,94.88162762022196,0.262610944,0.262610944,0.82109375,0.7783195900123306,success,sgd,0.1,1000000,1e-06,0.002,0.9,0.0043135836061776,
1D-gaussian-6c-2048p,2048,2048,0.0426324806455937,1000000,0.0073919290401414,,seconds,187.537481546402,187.34360878169537,megabytes,688.0,688.0,95.0,94.91187270501835,0.26546176,0.26546176,0.8390625,0.7796693313953487,success,sgd,0.1,1000000,1e-06,0.002,0.9,0.0073919290401414,
1D-gaussian-6c-2048p,2048,2048,0.0868016894697287,1000000,0.0067568946249288,,seconds,187.2959649562836,187.10099751129744,megabytes,688.0,688.0,95.0,94.92429792429792,0.261029888,0.261029888,0.8421875,0.77811736874237,success,sgd,0.1,1000000,1e-06,0.002,0.9,0.0067568946249288,
1D-gaussian-6c-2048p,2048,2048,0.0768334332928246,1000000,0.0053608175932202,,seconds,187.54719161987305,187.3777156639844,megabytes,688.0,688.0,95.0,94.88286066584465,0.261005312,0.261005312,0.8359375,0.7785883554254008,success,sgd,0.1,1000000,1e-06,0.002,0.9,0.0053608175932202,
1D-gaussian-6c-2048p,2048,2048,0.0709655757331899,1000000,0.0071952143264732,,seconds,187.0074496269226,186.90545578114688,megabytes,688.0,688.0,95.0,94.85290482076638,0.261029888,0.261029888,0.81796875,0.7792877008652653,success,sgd,0.1,1000000,1e-06,0.002,0.9,0.0071952143264732,
1D-gaussian-6c-2048p,2048,2048,0.1006131592943765,1000000,0.007285894350477,,seconds,187.4340217113495,187.24333644472063,megabytes,688.0,688.0,95.0,94.8983688833124,0.261066752,0.261066752,0.84609375,0.7795737923463001,success,sgd,0.1,1000000,1e-06,0.002,0.9,0.007285894350477,
1D-gaussian-6c-2048p,2048,2048,0.1138341276605889,1000000,0.006756598898253,,seconds,186.71215724945068,186.6765443496406,megabytes,688.0,688.0,95.0,94.88065326633166,0.261066752,0.261066752,0.81796875,0.7794126884422113,success,sgd,0.1,1000000,1e-06,0.002,0.9,0.006756598898253,
1D-gaussian-6c-2048p,2048,2048,0.0440316447057027,1000000,0.0065192760487238,,seconds,187.1744589805603,187.10294696129856,megabytes,688.0,688.0,95.0,94.88360450563204,0.261107712,0.261107712,0.83984375,0.779057806633292,success,sgd,0.1,1000000,1e-06,0.002,0.9,0.0065192760487238,
1D-gaussian-6c-2048p,2048,2048,0.1473872721053339,1000000,0.0050821293153074,,seconds,187.0204074382782,186.8626370523125,megabytes,688.0,688.0,96.0,94.88074534161493,0.262017024,0.262017024,0.8234375,0.7779697204968945,success,sgd,0.1,1000000,1e-06,0.002,0.9,0.0050821293153074,
1D-gaussian-6c-2048p,2048,2048,0.0376385869925507,1000000,0.0077905489913604,,seconds,187.3597717285156,187.28790446929636,megabytes,688.0,688.0,95.0,94.8545006165228,0.262053888,0.262053888,0.85390625,0.7793590089395805,success,sgd,0.1,1000000,1e-06,0.002,0.9,0.0077905489913604,
1D-gaussian-6c-2048p,2048,2048,0.1064149084413264,1000000,0.0064891962012818,,seconds,186.6772656440735,186.57313379645348,megabytes,688.0,688.0,95.0,94.8566131025958,0.262070272,0.262070272,0.8484375,0.7792220333745364,success,sgd,0.1,1000000,1e-06,0.002,0.9,0.0064891962012818,
1D-gaussian-6c-2048p,2048,2048,0.0575178383455894,1000000,0.0054990093174967,,seconds,187.21887636184687,187.1239557750523,megabytes,688.0,688.0,95.0,94.90365853658535,0.262094848,0.262094848,0.815625,0.7790301067073175,success,sgd,0.1,1000000,1e-06,0.002,0.9,0.0054990093174967,
1D-gaussian-6c-2048p,2048,2048,0.0622982943345334,1000000,0.0088646176997469,,seconds,186.7572886943817,186.5554755628109,megabytes,688.0,688.0,95.0,94.84730913642052,0.261279744,0.261279744,0.82734375,0.7782051783479351,success,sgd,0.1,1000000,1e-06,0.002,0.9,0.0088646176997469,
1D-gaussian-6c-2048p,2048,2048,0.0595774347350054,1000000,0.0071365972361455,,seconds,187.461932182312,187.30604397691783,megabytes,688.0,688.0,95.0,94.8609022556391,0.262938624,0.262938624,0.83046875,0.7796405075187977,success,sgd,0.1,1000000,1e-06,0.002,0.9,0.0071365972361455,
1D-gaussian-6c-2048p,2048,2048,0.0584653771607539,1000000,0.0082465686077061,,seconds,186.80603122711184,186.8009455185384,megabytes,688.0,688.0,95.0,94.93111931119311,0.2629632,0.2629632,0.8515625,0.7803073108856091,success,sgd,0.1,1000000,1e-06,0.002,0.9,0.0082465686077061,
1D-gaussian-6c-2048p,2048,2048,0.1827476115445754,1000000,0.0072824026407724,,seconds,187.46534132957456,187.3320817500353,megabytes,688.0,688.0,95.0,94.8979089790898,0.262975488,0.262975488,0.82890625,0.7792291282287822,success,sgd,0.1,1000000,1e-06,0.002,0.9,0.0072824026407724,
1D-gaussian-6c-2048p,2048,2048,0.0333174166804349,1000000,0.0081417448610382,,seconds,186.77561163902283,186.62671809643507,megabytes,688.0,688.0,95.0,94.94341943419434,0.2629632,0.2629632,0.840625,0.7798316420664207,success,sgd,0.1,1000000,1e-06,0.002,0.9,0.0081417448610382,
1D-gaussian-2c-32p,32,32,0.0122388460947584,1000000,2.197868770650012e-06,,seconds,38.46069359779358,38.45999859087169,megabytes,558.0,558.0,82.0,79.73863636363636,0.261009408,0.261009408,0.81484375,0.7794256036931819,success,sgd,0.01,1000000,1e-06,0.002,0.9,2.197868770650012e-06,
1D-gaussian-2c-32p,32,32,0.376528194210299,1000000,1.7872331977761132e-05,,seconds,40.019036293029785,39.941850738599896,megabytes,558.0,558.0,83.0,77.54594594594595,0.26032128,0.26032128,0.815625,0.7787584459459461,success,sgd,0.01,1000000,1e-06,0.002,0.9,1.7872331977761132e-05,
1D-gaussian-2c-32p,32,32,0.0134927981018568,1000000,2.2234567382490776e-06,,seconds,39.20990467071533,39.12389134429395,megabytes,558.0,558.0,80.0,78.94252873563218,0.259981312,0.259981312,0.815625,0.776795977011494,success,sgd,0.01,1000000,1e-06,0.002,0.9,2.2234567382490776e-06,
1D-gaussian-2c-32p,32,32,0.0127087245365304,1000000,1.7330773826786596e-06,,seconds,38.89116168022156,38.77568772621453,megabytes,558.0,558.0,81.0,79.10326086956522,0.260288512,0.260288512,0.8234375,0.7771526834239131,success,sgd,0.01,1000000,1e-06,0.002,0.9,1.7330773826786596e-06,
1D-gaussian-2c-32p,32,32,0.5075248019816024,1000000,1.5490782345905787e-05,,seconds,38.64848637580872,38.58080412261188,megabytes,558.0,558.0,81.0,79.72413793103448,0.260067328,0.260067328,0.8234375,0.7793956537356326,success,sgd,0.01,1000000,1e-06,0.002,0.9,1.5490782345905787e-05,
1D-gaussian-2c-32p,32,32,0.1022149618609686,1000000,1.0000930208190542e-05,,seconds,38.95023989677429,38.93780196085572,megabytes,558.0,558.0,82.0,79.11695906432749,0.260816896,0.260816896,0.83125,0.7802220394736848,success,sgd,0.01,1000000,1e-06,0.002,0.9,1.0000930208190542e-05,
1D-gaussian-2c-32p,32,32,0.0877153433048561,1000000,7.635444146134542e-06,,seconds,39.78091621398926,39.6068798545748,megabytes,558.0,558.0,80.0,78.23863636363636,0.26013696,0.26013696,0.81484375,0.7753551136363641,success,sgd,0.01,1000000,1e-06,0.002,0.9,7.635444146134542e-06,
1D-gaussian-2c-32p,32,32,0.0906534137564261,1000000,9.362542299857084e-06,,seconds,39.33293151855469,39.187213122844696,megabytes,558.0,558.0,80.0,79.0,0.260091904,0.260091904,0.81953125,0.7776100852272726,success,sgd,0.01,1000000,1e-06,0.002,0.9,9.362542299857084e-06,
1D-gaussian-2c-32p,32,32,0.0106183410566923,1000000,1.7719720305484103e-06,,seconds,41.11148452758789,40.938045147806406,megabytes,558.0,558.0,79.0,76.17277486910994,0.260431872,0.260431872,0.821875,0.7759980366492152,success,sgd,0.01,1000000,1e-06,0.002,0.9,1.7719720305484103e-06,
1D-gaussian-2c-32p,32,32,0.0167262617782722,1000000,4.690163123298001e-06,,seconds,40.11626100540161,39.96990673430264,megabytes,558.0,558.0,83.0,77.27932960893855,0.260186112,0.260186112,0.8203125,0.777631808659218,success,sgd,0.01,1000000,1e-06,0.002,0.9,4.690163123298001e-06,
1D-gaussian-2c-32p,32,32,0.1883896293055197,1000000,9.377079625965149e-06,,seconds,40.64540123939514,40.536479564383626,megabytes,558.0,558.0,80.0,76.5026455026455,0.262029312,0.262029312,0.81953125,0.7767195767195768,success,sgd,0.01,1000000,1e-06,0.002,0.9,9.377079625965149e-06,
1D-gaussian-2c-32p,32,32,0.0462956502448105,1000000,4.370505183391075e-06,,seconds,39.283031702041626,39.11607551947236,megabytes,558.0,558.0,81.0,78.76,0.260079616,0.260079616,0.8265625,0.7780803571428578,success,sgd,0.01,1000000,1e-06,0.002,0.9,4.370505183391075e-06,
1D-gaussian-2c-32p,32,32,0.0432861592718324,1000000,4.345750112954089e-06,,seconds,39.18827509880066,39.09107752144337,megabytes,558.0,558.0,81.0,78.72375690607734,0.260214784,0.260214784,0.82421875,0.7769682320441987,success,sgd,0.01,1000000,1e-06,0.002,0.9,4.345750112954089e-06,
1D-gaussian-2c-32p,32,32,0.0317592517902713,1000000,5.419937353014535e-06,,seconds,39.80040144920349,39.77639839053154,megabytes,558.0,558.0,83.0,77.74011299435028,0.260042752,0.260042752,0.83046875,0.7779969985875704,success,sgd,0.01,1000000,1e-06,0.002,0.9,5.419937353014535e-06,
1D-gaussian-2c-32p,32,32,0.1817819749699944,1000000,1.693598937259469e-05,,seconds,40.505030393600464,40.381627932190895,megabytes,558.0,558.0,80.0,76.75935828877006,0.260292608,0.260292608,0.82578125,0.7785386029411766,success,sgd,0.01,1000000,1e-06,0.002,0.9,1.693598937259469e-05,
1D-gaussian-2c-32p,32,32,0.1457164590198807,1000000,1.3713269749507164e-05,,seconds,39.793495178222656,39.7777797114104,megabytes,558.0,558.0,80.0,77.82513661202186,0.260231168,0.260231168,0.82109375,0.7762508538251364,success,sgd,0.01,1000000,1e-06,0.002,0.9,1.3713269749507164e-05,
1D-gaussian-2c-32p,32,32,0.2048728429780244,1000000,3.022601185473737e-05,,seconds,40.89688539505005,40.79387069307268,megabytes,558.0,558.0,79.0,76.12105263157895,0.260411392,0.260411392,0.82265625,0.7767722039473687,success,sgd,0.01,1000000,1e-06,0.002,0.9,3.022601185473737e-05,
1D-gaussian-2c-32p,32,32,0.1339001106878581,1000000,1.7782926442798603e-05,,seconds,39.50688672065735,39.45799337513745,megabytes,558.0,558.0,80.0,78.43502824858757,0.260001792,0.260001792,0.8140625,0.7783942443502821,success,sgd,0.01,1000000,1e-06,0.002,0.9,1.7782926442798603e-05,
1D-gaussian-2c-32p,32,32,0.2292081157111647,1000000,1.3883289598279963e-05,,seconds,40.243980169296265,40.087875649333,megabytes,558.0,558.0,80.0,77.36898395721926,0.260235264,0.260235264,0.81875,0.7770972593582889,success,sgd,0.01,1000000,1e-06,0.002,0.9,1.3883289598279963e-05,
1D-gaussian-2c-32p,32,32,0.0377022851544358,1000000,5.532172695881885e-06,,seconds,38.84711170196533,38.82974854297936,megabytes,558.0,558.0,81.0,79.27428571428571,0.260943872,0.260943872,0.8203125,0.7830848214285715,success,sgd,0.01,1000000,1e-06,0.002,0.9,5.532172695881885e-06,
1D-gaussian-2c-32p,32,32,0.6544919244046683,1000000,9.421388755951992e-06,,seconds,40.64835977554321,40.5385255869478,megabytes,558.0,558.0,79.0,76.55801104972376,0.260100096,0.260100096,0.81171875,0.7765538674033148,success,sgd,0.01,1000000,1e-06,0.002,0.9,9.421388755951992e-06,
1D-gaussian-2c-32p,32,32,0.8578568040193577,1000000,3.2216650839208656e-05,,seconds,39.92043113708496,39.90498935058713,megabytes,558.0,558.0,82.0,77.64044943820225,0.260096,0.260096,0.84140625,0.7810481039325845,success,sgd,0.01,1000000,1e-06,0.002,0.9,3.2216650839208656e-05,
1D-gaussian-2c-32p,32,32,0.8989844853084297,1000000,2.872285590536341e-05,,seconds,39.65349364280701,39.485608108341694,megabytes,558.0,558.0,81.0,78.44318181818181,0.260042752,0.260042752,0.82109375,0.7760609019886366,success,sgd,0.01,1000000,1e-06,0.002,0.9,2.872285590536341e-05,
1D-gaussian-2c-32p,32,32,0.007445741764976,1000000,1.1033574176660363e-06,,seconds,39.6837842464447,39.56360989995301,megabytes,558.0,558.0,80.0,78.18539325842697,0.260096,0.260096,0.8171875,0.7757856390449435,success,sgd,0.01,1000000,1e-06,0.002,0.9,1.1033574176660363e-06,
1D-gaussian-2c-32p,32,32,0.0501875026843346,1000000,5.8870845456333e-06,,seconds,39.98189330101013,39.81577581167221,megabytes,558.0,558.0,80.0,77.7379679144385,0.261996544,0.261996544,0.81796875,0.7744276403743314,success,sgd,0.01,1000000,1e-06,0.002,0.9,5.8870845456333e-06,
1D-gaussian-2c-32p,32,32,0.7533226217974685,1000000,3.811318672757529e-05,,seconds,39.88424301147461,39.78586791269481,megabytes,558.0,558.0,81.0,77.80662983425414,0.260292608,0.260292608,0.81484375,0.7779523480662983,success,sgd,0.01,1000000,1e-06,0.002,0.9,3.811318672757529e-05,
1D-gaussian-2c-32p,32,32,0.5495286110759281,1000000,2.0676702492142853e-05,,seconds,40.19233298301697,40.01940196193755,megabytes,558.0,558.0,81.0,77.20108695652173,0.260263936,0.260263936,0.82109375,0.7747749660326089,success,sgd,0.01,1000000,1e-06,0.002,0.9,2.0676702492142853e-05,
1D-gaussian-2c-32p,32,32,0.026473975028647,1000000,3.238719199408733e-06,,seconds,40.03090238571167,39.840372828766704,megabytes,558.0,558.0,80.0,77.646408839779,0.260345856,0.260345856,0.81796875,0.7752244475138119,success,sgd,0.01,1000000,1e-06,0.002,0.9,3.238719199408733e-06,
1D-gaussian-2c-32p,32,32,0.4130371302569868,1000000,2.329951319524596e-05,,seconds,39.49700593948364,39.29931903257966,megabytes,558.0,558.0,83.0,78.64971751412429,0.260194304,0.260194304,0.82265625,0.7764433262711865,success,sgd,0.01,1000000,1e-06,0.002,0.9,2.329951319524596e-05,
1D-gaussian-2c-32p,32,32,0.0355005969151904,1000000,3.950478220207662e-06,,seconds,38.40180206298828,38.22441068664193,megabytes,558.0,558.0,82.0,80.49418604651163,0.261885952,0.261885952,0.8171875,0.7734920058139532,success,sgd,0.01,1000000,1e-06,0.002,0.9,3.950478220207662e-06,
1D-gaussian-2c-32p,32,32,0.1944363107482715,1000000,1.2044658935021132e-05,,seconds,40.040549993515015,39.88589352555573,megabytes,558.0,558.0,80.0,77.72727272727273,0.261873664,0.261873664,0.81328125,0.7756081321022726,success,sgd,0.01,1000000,1e-06,0.002,0.9,1.2044658935021132e-05,
1D-gaussian-2c-64p,64,64,0.0122385058410206,1000000,2.9359876323307854e-06,,seconds,44.03366327285767,43.82117927633226,megabytes,558.0,558.0,82.0,80.27748691099477,0.262418432,0.262418432,0.8296875,0.776505235602094,success,sgd,0.01,1000000,1e-06,0.002,0.9,2.9359876323307854e-06,
1D-gaussian-2c-64p,64,64,0.3765321756889285,1000000,2.172458386814026e-05,,seconds,43.78402853012085,43.61351593956351,megabytes,558.0,558.0,83.0,81.04455445544555,0.262549504,0.262549504,0.83046875,0.7749729269801978,success,sgd,0.01,1000000,1e-06,0.002,0.9,2.172458386814026e-05,
1D-gaussian-2c-64p,64,64,0.0134937277715016,1000000,3.716574561192627e-06,,seconds,43.51180458068848,43.50484646297991,megabytes,558.0,558.0,83.0,81.76119402985074,0.262545408,0.262545408,0.8234375,0.7796564054726367,success,sgd,0.01,1000000,1e-06,0.002,0.9,3.716574561192627e-06,
1D-gaussian-2c-64p,64,64,0.0127072677812765,1000000,5.14590361562063e-06,,seconds,43.80294966697693,43.66316245496273,megabytes,558.0,558.0,83.0,80.95979899497488,0.262565888,0.262565888,0.81875,0.7775753768844224,success,sgd,0.01,1000000,1e-06,0.002,0.9,5.14590361562063e-06,
1D-gaussian-2c-64p,64,64,0.5074043880961965,1000000,4.465265626599217e-05,,seconds,43.59408116340637,43.49201703071594,megabytes,558.0,558.0,83.0,81.77560975609757,0.262746112,0.262746112,0.82265625,0.7785708841463418,success,sgd,0.01,1000000,1e-06,0.002,0.9,4.465265626599217e-05,
1D-gaussian-2c-64p,64,64,0.1022053668393379,1000000,9.992315345344032e-06,,seconds,43.87488603591919,43.72214646078646,megabytes,558.0,558.0,82.0,80.7,0.262643712,0.262643712,0.81953125,0.7750937499999999,success,sgd,0.01,1000000,1e-06,0.002,0.9,9.992315345344032e-06,
1D-gaussian-2c-64p,64,64,0.0877069390825543,1000000,1.1308877920298265e-05,,seconds,43.87274861335754,43.81457211822271,megabytes,558.0,558.0,83.0,80.36649214659685,0.262443008,0.262443008,0.815625,0.7767670157068066,success,sgd,0.01,1000000,1e-06,0.002,0.9,1.1308877920298265e-05,
1D-gaussian-2c-64p,64,64,0.0906436550852548,1000000,9.254437326279477e-06,,seconds,43.78809356689453,43.715985003858805,megabytes,558.0,558.0,83.0,81.17857142857143,0.262443008,0.262443008,0.82109375,0.778918207908163,success,sgd,0.01,1000000,1e-06,0.002,0.9,9.254437326279477e-06,
1D-gaussian-2c-64p,64,64,0.0106137001672574,1000000,2.0879305973537547e-06,,seconds,43.67906641960144,43.61196776665747,megabytes,558.0,558.0,82.0,80.82914572864321,0.262705152,0.262705152,0.825,0.7782035175879397,success,sgd,0.01,1000000,1e-06,0.002,0.9,2.0879305973537547e-06,
1D-gaussian-2c-64p,64,64,0.0167232686287035,1000000,8.153173965653682e-06,,seconds,43.578978300094604,43.508882626891136,megabytes,558.0,558.0,82.0,81.08823529411765,0.262791168,0.262791168,0.8296875,0.7769416360294115,success,sgd,0.01,1000000,1e-06,0.002,0.9,8.153173965653682e-06,
1D-gaussian-2c-64p,64,64,0.1883606012255727,1000000,1.3010132168839726e-05,,seconds,43.728585720062256,43.5968714915216,megabytes,558.0,558.0,82.0,80.77,0.262709248,0.262709248,0.82890625,0.7773945312500001,success,sgd,0.01,1000000,1e-06,0.002,0.9,1.3010132168839726e-05,
1D-gaussian-2c-64p,64,64,0.0462922909717105,1000000,8.670892865234594e-06,,seconds,43.8697350025177,43.73122288286686,megabytes,558.0,558.0,83.0,81.47448979591837,0.26263552,0.26263552,0.834375,0.7764668367346943,success,sgd,0.01,1000000,1e-06,0.002,0.9,8.670892865234594e-06,
1D-gaussian-2c-64p,64,64,0.0431301244300812,1000000,4.308053794765045e-06,,seconds,43.85443115234375,43.8514528721571,megabytes,558.0,558.0,83.0,80.9278350515464,0.262578176,0.262578176,0.8265625,0.7791720360824744,success,sgd,0.01,1000000,1e-06,0.002,0.9,4.308053794765045e-06,
1D-gaussian-2c-64p,64,64,0.0317528903476249,1000000,6.661900144378239e-06,,seconds,43.96341300010681,43.88654175028205,megabytes,558.0,558.0,83.0,81.10714285714286,0.262692864,0.262692864,0.81328125,0.7783083545918362,success,sgd,0.01,1000000,1e-06,0.002,0.9,6.661900144378239e-06,
1D-gaussian-2c-64p,64,64,0.1817647560596492,1000000,2.811307109053957e-05,,seconds,43.84195756912232,43.67161623388529,megabytes,558.0,558.0,83.0,80.96464646464646,0.262811648,0.262811648,0.82578125,0.7743055555555554,success,sgd,0.01,1000000,1e-06,0.002,0.9,2.811307109053957e-05,
1D-gaussian-2c-64p,64,64,0.1455164044215289,1000000,1.5768169211204475e-05,,seconds,43.73440098762512,43.70407118462026,megabytes,558.0,558.0,82.0,80.62189054726367,0.262787072,0.262787072,0.81953125,0.7769978233830847,success,sgd,0.01,1000000,1e-06,0.002,0.9,1.5768169211204475e-05,
1D-gaussian-2c-64p,64,64,0.2048806411756938,1000000,3.107658208604322e-05,,seconds,44.072563886642456,43.90091030858457,megabytes,558.0,558.0,82.0,80.4559585492228,0.262610944,0.262610944,0.83125,0.7670134391191713,success,sgd,0.01,1000000,1e-06,0.002,0.9,3.107658208604322e-05,
1D-gaussian-2c-64p,64,64,0.1338642245406279,1000000,1.7771754676391857e-05,,seconds,43.47865891456604,43.442671591416,megabytes,558.0,558.0,83.0,82.04807692307692,0.262950912,0.262950912,0.840625,0.7747708834134616,success,sgd,0.01,1000000,1e-06,0.002,0.9,1.7771754676391857e-05,
1D-gaussian-2c-64p,64,64,0.2294208037139271,1000000,1.4608729926696864e-05,,seconds,43.62402272224426,43.44520910643041,megabytes,558.0,558.0,83.0,81.80288461538461,0.262148096,0.262148096,0.8390625,0.7763108473557693,success,sgd,0.01,1000000,1e-06,0.002,0.9,1.4608729926696864e-05,
1D-gaussian-2c-64p,64,64,0.0376824638973906,1000000,7.557166959271821e-06,,seconds,43.68317341804504,43.66433188691735,megabytes,558.0,558.0,83.0,81.34975369458128,0.2629632,0.2629632,0.82734375,0.7739493534482761,success,sgd,0.01,1000000,1e-06,0.002,0.9,7.557166959271821e-06,
1D-gaussian-2c-64p,64,64,0.6543992018553065,1000000,4.224726611438144e-05,,seconds,43.93272233009338,43.779364632442594,megabytes,558.0,558.0,83.0,80.84848484848484,0.262774784,0.262774784,0.82578125,0.7753985164141413,success,sgd,0.01,1000000,1e-06,0.002,0.9,4.224726611438144e-05,
1D-gaussian-2c-64p,64,64,0.8577337574673437,1000000,2.994043747922628e-05,,seconds,43.68325138092041,43.6534840837121,megabytes,558.0,558.0,82.0,80.70408163265306,0.261926912,0.261926912,0.81796875,0.7779735331632656,success,sgd,0.01,1000000,1e-06,0.002,0.9,2.994043747922628e-05,
1D-gaussian-2c-64p,64,64,0.8988728432766853,1000000,3.7151131462873936e-05,,seconds,43.760958433151245,43.73503681272268,megabytes,558.0,558.0,82.0,80.23469387755102,0.262098944,0.262098944,0.81484375,0.7806560905612245,success,sgd,0.01,1000000,1e-06,0.002,0.9,3.7151131462873936e-05,
1D-gaussian-2c-64p,64,64,0.007445387422688,1000000,1.970967255898031e-06,,seconds,43.93212032318115,43.83974522538483,megabytes,558.0,558.0,82.0,80.61658031088083,0.262828032,0.262828032,0.82421875,0.7791815090673577,success,sgd,0.01,1000000,1e-06,0.002,0.9,1.970967255898031e-06,
1D-gaussian-2c-64p,64,64,0.0500543895942135,1000000,6.547228113517768e-06,,seconds,43.77090525627136,43.67546568065882,megabytes,558.0,558.0,83.0,80.88832487309645,0.262848512,0.262848512,0.8140625,0.7769313134517766,success,sgd,0.01,1000000,1e-06,0.002,0.9,6.547228113517768e-06,
1D-gaussian-2c-64p,64,64,0.7532186984709988,1000000,4.229679696879192e-05,,seconds,43.5393922328949,43.50440771877766,megabytes,558.0,558.0,83.0,81.52216748768473,0.262320128,0.262320128,0.82265625,0.7784598214285716,success,sgd,0.01,1000000,1e-06,0.002,0.9,4.229679696879192e-05,
1D-gaussian-2c-64p,64,64,0.5494681897228633,1000000,2.3465771951241417e-05,,seconds,43.782222270965576,43.77056165784597,megabytes,558.0,558.0,83.0,81.25,0.262909952,0.262909952,0.8296875,0.7794084821428573,success,sgd,0.01,1000000,1e-06,0.002,0.9,2.3465771951241417e-05,
1D-gaussian-2c-64p,64,64,0.0264740863382358,1000000,6.66232526815747e-06,,seconds,43.91988229751587,43.72876923158765,megabytes,558.0,558.0,82.0,80.71144278606965,0.263016448,0.263016448,0.83515625,0.7747823383084579,success,sgd,0.01,1000000,1e-06,0.002,0.9,6.66232526815747e-06,
1D-gaussian-2c-64p,64,64,0.4129650264997447,1000000,2.4007536939168148e-05,,seconds,43.76767563819885,43.59134677797556,megabytes,558.0,558.0,82.0,80.775,0.261398528,0.261398528,0.84609375,0.7708398437499998,success,sgd,0.01,1000000,1e-06,0.002,0.9,2.4007536939168148e-05,
1D-gaussian-2c-64p,64,64,0.0353587011064055,1000000,6.276338888615783e-06,,seconds,43.84183406829834,43.78865029104054,megabytes,558.0,558.0,82.0,80.38659793814433,0.261132288,0.261132288,0.83125,0.775366462628866,success,sgd,0.01,1000000,1e-06,0.002,0.9,6.276338888615783e-06,
1D-gaussian-2c-64p,64,64,0.1944085666179797,1000000,2.579281823629421e-05,,seconds,43.82858777046204,43.827132530510426,megabytes,558.0,558.0,82.0,80.68020304568527,0.261369856,0.261369856,0.81640625,0.7748532677664972,success,sgd,0.01,1000000,1e-06,0.002,0.9,2.579281823629421e-05,
1D-gaussian-2c-128p,128,128,0.0122381311814087,1000000,9.583676729432652e-06,,seconds,49.96695160865784,49.760139670223,megabytes,560.0,560.0,85.0,80.18222222222222,0.263581696,0.263581696,0.83984375,0.7749930555555558,success,sgd,0.01,1000000,1e-06,0.002,0.9,9.583676729432652e-06,
1D-gaussian-2c-128p,128,128,0.3763926912775224,1000000,5.086555992672271e-05,,seconds,50.24753379821777,50.03987702354789,megabytes,560.0,560.0,83.0,80.35930735930737,0.263811072,0.263811072,0.8265625,0.7752739448051946,success,sgd,0.01,1000000,1e-06,0.002,0.9,5.086555992672271e-05,
1D-gaussian-2c-128p,128,128,0.0134928361260141,1000000,1.2024854668065622e-05,,seconds,49.54772233963013,49.534469712525606,megabytes,560.0,560.0,88.0,80.55607476635514,0.261619712,0.261619712,0.8234375,0.7789427570093461,success,sgd,0.01,1000000,1e-06,0.002,0.9,1.2024854668065622e-05,
1D-gaussian-2c-128p,128,128,0.0127038245266167,1000000,1.3506688318042457e-05,,seconds,50.47272515296936,50.39481483027339,megabytes,560.0,560.0,84.0,79.66386554621849,0.26386432,0.26386432,0.81953125,0.77889968487395,success,sgd,0.01,1000000,1e-06,0.002,0.9,1.3506688318042457e-05,
1D-gaussian-2c-128p,128,128,0.5072265747954976,1000000,5.989070811118177e-05,,seconds,50.48604679107666,50.28930630721152,megabytes,560.0,560.0,87.0,79.64135021097046,0.263766016,0.263766016,0.8203125,0.7767240242616035,success,sgd,0.01,1000000,1e-06,0.002,0.9,5.989070811118177e-05,
1D-gaussian-2c-128p,128,128,0.1021867274998485,1000000,1.8296053628700445e-05,,seconds,50.2831780910492,50.01818691007793,megabytes,560.0,560.0,86.0,80.15517241379311,0.262139904,0.262139904,0.81640625,0.7743770204741378,success,sgd,0.01,1000000,1e-06,0.002,0.9,1.8296053628700445e-05,
1D-gaussian-2c-128p,128,128,0.0876872399013564,1000000,2.2159775077768865e-05,,seconds,50.24000811576843,50.03220179118216,megabytes,560.0,560.0,86.0,80.00873362445415,0.26212352,0.26212352,0.83359375,0.7769514192139739,success,sgd,0.01,1000000,1e-06,0.002,0.9,2.2159775077768865e-05,
1D-gaussian-2c-128p,128,128,0.0906184228190968,1000000,2.2562375926461623e-05,,seconds,50.100480794906616,50.02228814922273,megabytes,560.0,560.0,83.0,80.38362068965517,0.262053888,0.262053888,0.82734375,0.7786604256465517,success,sgd,0.01,1000000,1e-06,0.002,0.9,2.2562375926461623e-05,
1D-gaussian-2c-128p,128,128,0.0106131049910793,1000000,1.0357298737728264e-05,,seconds,50.68489146232605,50.50008224323392,megabytes,560.0,560.0,83.0,79.41525423728814,0.263852032,0.263852032,0.825,0.7743975105932202,success,sgd,0.01,1000000,1e-06,0.002,0.9,1.0357298737728264e-05,
1D-gaussian-2c-128p,128,128,0.0167186929804304,1000000,1.650482865959856e-05,,seconds,50.28674578666687,50.15872267447412,megabytes,560.0,560.0,87.0,80.03862660944206,0.26392576,0.26392576,0.81796875,0.7758684281115884,success,sgd,0.01,1000000,1e-06,0.002,0.9,1.650482865959856e-05,
1D-gaussian-2c-128p,128,128,0.1883056171592736,1000000,2.9674197598035564e-05,,seconds,50.30071544647217,50.206663792952895,megabytes,560.0,560.0,83.0,79.8969957081545,0.263061504,0.263061504,0.81875,0.7771526287553644,success,sgd,0.01,1000000,1e-06,0.002,0.9,2.9674197598035564e-05,
1D-gaussian-2c-128p,128,128,0.0462879353437204,1000000,1.2485964147664672e-05,,seconds,49.86005187034607,49.68656902387738,megabytes,560.0,560.0,83.0,80.83928571428571,0.262086656,0.262086656,0.81875,0.7762241908482144,success,sgd,0.01,1000000,1e-06,0.002,0.9,1.2485964147664672e-05,
1D-gaussian-2c-128p,128,128,0.0431258732913177,1000000,1.4617487499400083e-05,,seconds,49.77296280860901,49.57588391005993,megabytes,560.0,560.0,86.0,80.80269058295964,0.26210304,0.26210304,0.825,0.7717944226457406,success,sgd,0.01,1000000,1e-06,0.002,0.9,1.4617487499400083e-05,
1D-gaussian-2c-128p,128,128,0.0317428321003576,1000000,1.705929845662372e-05,,seconds,50.007648229599,50.003648452460766,megabytes,560.0,560.0,87.0,80.17030567685589,0.262131712,0.262131712,0.81953125,0.7785889737991258,success,sgd,0.01,1000000,1e-06,0.002,0.9,1.705929845662372e-05,
1D-gaussian-2c-128p,128,128,0.1817043828663359,1000000,3.227340344734556e-05,,seconds,50.80783653259277,50.70476101525128,megabytes,560.0,560.0,82.0,78.98333333333333,0.26392576,0.26392576,0.82734375,0.7702701822916664,success,sgd,0.01,1000000,1e-06,0.002,0.9,3.227340344734556e-05,
1D-gaussian-2c-128p,128,128,0.1454779342204595,1000000,2.512362823958234e-05,,seconds,49.92233347892761,49.84054219163954,megabytes,560.0,560.0,87.0,80.42222222222222,0.26374144,0.26374144,0.83046875,0.7801423611111113,success,sgd,0.01,1000000,1e-06,0.002,0.9,2.512362823958234e-05,
1D-gaussian-2c-128p,128,128,0.2048103060947996,1000000,4.10104132371857e-05,,seconds,49.71030521392822,49.51402798853815,megabytes,560.0,560.0,87.0,81.0497737556561,0.263725056,0.263725056,0.82109375,0.7776866515837099,success,sgd,0.01,1000000,1e-06,0.002,0.9,4.10104132371857e-05,
1D-gaussian-2c-128p,128,128,0.1338088900208281,1000000,2.5562960518897872e-05,,seconds,49.9386682510376,49.8289218749851,megabytes,560.0,560.0,83.0,80.69777777777777,0.263036928,0.263036928,0.81484375,0.77759375,success,sgd,0.01,1000000,1e-06,0.002,0.9,2.5562960518897872e-05,
1D-gaussian-2c-128p,128,128,0.2293769535526271,1000000,4.13290125763844e-05,,seconds,50.24259066581726,50.06984614208341,megabytes,560.0,560.0,86.0,80.18884120171674,0.262438912,0.262438912,0.825,0.7712178111587976,success,sgd,0.01,1000000,1e-06,0.002,0.9,4.13290125763844e-05,
1D-gaussian-2c-128p,128,128,0.0376772669645253,1000000,1.4584764613902485e-05,,seconds,49.35063171386719,49.28767419606447,megabytes,560.0,560.0,85.0,81.1767441860465,0.263688192,0.263688192,0.82265625,0.7759302325581395,success,sgd,0.01,1000000,1e-06,0.002,0.9,1.4584764613902485e-05,
1D-gaussian-2c-128p,128,128,0.654289508025512,1000000,3.785835673585569e-05,,seconds,49.93747115135193,49.809768514707685,megabytes,560.0,560.0,83.0,80.73893805309734,0.264019968,0.264019968,0.8171875,0.7768459623893803,success,sgd,0.01,1000000,1e-06,0.002,0.9,3.785835673585569e-05,
1D-gaussian-2c-128p,128,128,0.8574466851358309,1000000,6.020335914087227e-05,,seconds,49.93022155761719,49.76031302846968,megabytes,560.0,560.0,87.0,80.88,0.264024064,0.264024064,0.83671875,0.7754270833333332,success,sgd,0.01,1000000,1e-06,0.002,0.9,6.020335914087227e-05,
1D-gaussian-2c-128p,128,128,0.8986170851386158,1000000,6.663626156393442e-05,,seconds,50.062599182128906,50.015964003279805,megabytes,560.0,560.0,83.0,80.0995670995671,0.263450624,0.263450624,0.821875,0.7783482142857142,success,sgd,0.01,1000000,1e-06,0.002,0.9,6.663626156393442e-05,
1D-gaussian-2c-128p,128,128,0.0074449507271318,1000000,1.0575713536487868e-05,,seconds,50.55687594413757,50.40587810426951,megabytes,560.0,560.0,84.0,79.65126050420169,0.262606848,0.262606848,0.82734375,0.7762309611344529,success,sgd,0.01,1000000,1e-06,0.002,0.9,1.0575713536487868e-05,
1D-gaussian-2c-128p,128,128,0.0500455732203666,1000000,1.8446929858889715e-05,,seconds,50.03403878211975,49.888035049662,megabytes,560.0,560.0,87.0,80.5219298245614,0.262483968,0.262483968,0.82578125,0.7770799067982452,success,sgd,0.01,1000000,1e-06,0.002,0.9,1.8446929858889715e-05,
1D-gaussian-2c-128p,128,128,0.7530046735285805,1000000,6.152159928974261e-05,,seconds,50.04188585281372,49.92278095334768,megabytes,560.0,560.0,87.0,80.33333333333333,0.262508544,0.262508544,0.82578125,0.7760213744588739,success,sgd,0.01,1000000,1e-06,0.002,0.9,6.152159928974261e-05,
1D-gaussian-2c-128p,128,128,0.5493451090406445,1000000,4.6761680894045e-05,,seconds,50.04229974746704,49.94066474959254,megabytes,560.0,560.0,83.0,80.56521739130434,0.262643712,0.262643712,0.83671875,0.7746637228260865,success,sgd,0.01,1000000,1e-06,0.002,0.9,4.6761680894045e-05,
1D-gaussian-2c-128p,128,128,0.026468352515353,1000000,1.759156485959681e-05,,seconds,50.33376407623291,50.24046784453094,megabytes,560.0,560.0,83.0,79.82352941176471,0.26261504,0.26261504,0.825,0.7778197216386551,success,sgd,0.01,1000000,1e-06,0.002,0.9,1.759156485959681e-05,
1D-gaussian-2c-128p,128,128,0.4128222330609459,1000000,4.564700472119812e-05,,seconds,50.403345346450806,50.36047323048115,megabytes,560.0,560.0,83.0,79.63025210084034,0.26435584,0.26435584,0.8171875,0.7790736607142859,success,sgd,0.01,1000000,1e-06,0.002,0.9,4.564700472119812e-05,
1D-gaussian-2c-128p,128,128,0.0353547360393531,1000000,1.6926855309057934e-05,,seconds,49.84530329704285,49.72022044658661,megabytes,560.0,560.0,86.0,80.58823529411765,0.264036352,0.264036352,0.83046875,0.7763716063348411,success,sgd,0.01,1000000,1e-06,0.002,0.9,1.6926855309057934e-05,
1D-gaussian-2c-128p,128,128,0.1943368244540659,1000000,2.742509907413201e-05,,seconds,50.157477617263794,50.03292874619365,megabytes,560.0,560.0,83.0,80.21551724137932,0.262602752,0.262602752,0.825,0.7800747575431032,success,sgd,0.01,1000000,1e-06,0.002,0.9,2.742509907413201e-05,
1D-gaussian-2c-256p,256,256,0.0122348351799825,1000000,3.461150701794226e-05,,seconds,52.13380527496338,52.0615707077086,megabytes,560.0,560.0,86.0,84.22943722943722,0.264491008,0.264491008,0.81953125,0.776958198051948,success,sgd,0.01,1000000,1e-06,0.002,0.9,3.461150701794226e-05,
1D-gaussian-2c-256p,256,256,0.376042039541202,1000000,9.680200663611348e-05,,seconds,51.56450891494751,51.48393896780908,megabytes,560.0,560.0,86.0,85.35222672064778,0.263036928,0.263036928,0.8359375,0.7789663461538467,success,sgd,0.01,1000000,1e-06,0.002,0.9,9.680200663611348e-05,
1D-gaussian-2c-256p,256,256,0.013489812535676,1000000,3.4089710443160205e-05,,seconds,51.787426233291626,51.77415834739804,megabytes,560.0,560.0,86.0,84.82845188284519,0.263008256,0.263008256,0.8296875,0.7812630753138069,success,sgd,0.01,1000000,1e-06,0.002,0.9,3.4089710443160205e-05,
1D-gaussian-2c-256p,256,256,0.0127009400791941,1000000,3.55894569276377e-05,,seconds,51.9220929145813,51.702327858656645,megabytes,560.0,560.0,86.0,85.27685950413223,0.263262208,0.263262208,0.8234375,0.7748708677685949,success,sgd,0.01,1000000,1e-06,0.002,0.9,3.55894569276377e-05,
1D-gaussian-2c-256p,256,256,0.5068793874787124,1000000,8.779956456058867e-05,,seconds,51.82171225547791,51.70452424325049,megabytes,560.0,560.0,86.0,85.17154811715481,0.26300416,0.26300416,0.81875,0.7783538179916318,success,sgd,0.01,1000000,1e-06,0.002,0.9,8.779956456058867e-05,
1D-gaussian-2c-256p,256,256,0.1021690592079684,1000000,4.312495967714846e-05,,seconds,51.80794262886048,51.67581401206553,megabytes,560.0,560.0,86.0,85.14107883817428,0.2630656,0.2630656,0.821875,0.7756904823651453,success,sgd,0.01,1000000,1e-06,0.002,0.9,4.312495967714846e-05,
1D-gaussian-2c-256p,256,256,0.0876806959992648,1000000,4.388317400161343e-05,,seconds,52.07326316833496,52.00737898796797,megabytes,560.0,560.0,86.0,84.61471861471861,0.262914048,0.262914048,0.82578125,0.772771239177489,success,sgd,0.01,1000000,1e-06,0.002,0.9,4.388317400161343e-05,
1D-gaussian-2c-256p,256,256,0.0905934195076305,1000000,4.5479448440873705e-05,,seconds,51.76074266433716,51.741872334852815,megabytes,560.0,560.0,86.0,85.14406779661017,0.263073792,0.263073792,0.825,0.7781912076271186,success,sgd,0.01,1000000,1e-06,0.002,0.9,4.5479448440873705e-05,
1D-gaussian-2c-256p,256,256,0.0106110932905473,1000000,3.176261557716747e-05,,seconds,51.9414119720459,51.836063519120216,megabytes,560.0,560.0,86.0,85.01680672268908,0.26314752,0.26314752,0.81953125,0.77772780987395,success,sgd,0.01,1000000,1e-06,0.002,0.9,3.176261557716747e-05,
1D-gaussian-2c-256p,256,256,0.0167103256774928,1000000,4.788171457487905e-05,,seconds,52.05951452255249,51.95669172890484,megabytes,560.0,560.0,86.0,84.57081545064378,0.263139328,0.263139328,0.81875,0.7770118025751069,success,sgd,0.01,1000000,1e-06,0.002,0.9,4.788171457487905e-05,
1D-gaussian-2c-256p,256,256,0.1881885046901459,1000000,5.848244162646063e-05,,seconds,52.05630540847778,51.88893592171371,megabytes,560.0,560.0,86.0,84.75757575757575,0.263090176,0.263090176,0.82265625,0.7768465909090908,success,sgd,0.01,1000000,1e-06,0.002,0.9,5.848244162646063e-05,
1D-gaussian-2c-256p,256,256,0.0462786109980388,1000000,3.861463283830205e-05,,seconds,51.86841821670532,51.8333404250443,megabytes,560.0,560.0,86.0,84.64957264957265,0.263196672,0.263196672,0.8171875,0.7777677617521369,success,sgd,0.01,1000000,1e-06,0.002,0.9,3.861463283830205e-05,
1D-gaussian-2c-256p,256,256,0.0431230842072522,1000000,3.601795869833632e-05,,seconds,52.153974533081055,51.99997652880848,megabytes,560.0,560.0,86.0,84.55217391304348,0.263114752,0.263114752,0.821875,0.7751052989130436,success,sgd,0.01,1000000,1e-06,0.002,0.9,3.601795869833632e-05,
1D-gaussian-2c-256p,256,256,0.0317330799323097,1000000,4.15839657375348e-05,,seconds,51.761948108673096,51.73682753369212,megabytes,560.0,560.0,86.0,84.92887029288703,0.263307264,0.263307264,0.8359375,0.772940638075314,success,sgd,0.01,1000000,1e-06,0.002,0.9,4.15839657375348e-05,
1D-gaussian-2c-256p,256,256,0.1815870416107743,1000000,5.458097778559298e-05,,seconds,51.97250914573669,51.94630206003785,megabytes,560.0,560.0,86.0,84.63983050847457,0.263278592,0.263278592,0.821875,0.7794921874999999,success,sgd,0.01,1000000,1e-06,0.002,0.9,5.458097778559298e-05,
1D-gaussian-2c-256p,256,256,0.1454170710890941,1000000,4.924704360522448e-05,,seconds,51.82111573219299,51.78821332380176,megabytes,560.0,560.0,86.0,84.82845188284519,0.263307264,0.263307264,0.82265625,0.7769122646443516,success,sgd,0.01,1000000,1e-06,0.002,0.9,4.924704360522448e-05,
1D-gaussian-2c-256p,256,256,0.2046676553553664,1000000,6.428884883371753e-05,,seconds,51.90440344810486,51.87913558445871,megabytes,560.0,560.0,86.0,84.88983050847457,0.26322944,0.26322944,0.81796875,0.7777012711864406,success,sgd,0.01,1000000,1e-06,0.002,0.9,6.428884883371753e-05,
1D-gaussian-2c-256p,256,256,0.1336701726202914,1000000,6.194316804835995e-05,,seconds,52.14599013328552,52.03463603742421,megabytes,560.0,560.0,86.0,84.34199134199135,0.263184384,0.263184384,0.81953125,0.7778713474025976,success,sgd,0.01,1000000,1e-06,0.002,0.9,6.194316804835995e-05,
1D-gaussian-2c-256p,256,256,0.2292333732829359,1000000,6.579624257450662e-05,,seconds,52.04274201393128,51.87169258110225,megabytes,560.0,560.0,86.0,84.71966527196653,0.263532544,0.263532544,0.821875,0.7763565638075316,success,sgd,0.01,1000000,1e-06,0.002,0.9,6.579624257450662e-05,
1D-gaussian-2c-256p,256,256,0.0376712506538363,1000000,3.697152549665483e-05,,seconds,51.91459798812866,51.74545558169484,megabytes,560.0,560.0,86.0,84.88524590163935,0.263602176,0.263602176,0.82734375,0.7771580430327868,success,sgd,0.01,1000000,1e-06,0.002,0.9,3.697152549665483e-05,
1D-gaussian-2c-256p,256,256,0.6539807629648096,1000000,7.05464606106881e-05,,seconds,52.0964195728302,51.96859859675169,megabytes,560.0,560.0,86.0,84.52282157676349,0.263491584,0.263491584,0.81640625,0.7780698910788384,success,sgd,0.01,1000000,1e-06,0.002,0.9,7.05464606106881e-05,
1D-gaussian-2c-256p,256,256,0.8567255866608606,1000000,9.933517453531378e-05,,seconds,52.137168169021606,51.98227111808956,megabytes,560.0,560.0,86.0,84.5439330543933,0.263499776,0.263499776,0.81640625,0.7731858002092048,success,sgd,0.01,1000000,1e-06,0.002,0.9,9.933517453531378e-05,
1D-gaussian-2c-256p,256,256,0.8980527973757385,1000000,0.0001078028923845,,seconds,51.99676299095154,51.855825919657946,megabytes,560.0,560.0,86.0,84.87551867219916,0.264441856,0.264441856,0.834375,0.7758622925311196,success,sgd,0.01,1000000,1e-06,0.002,0.9,0.0001078028923845,
1D-gaussian-2c-256p,256,256,0.0074437917204964,1000000,3.255764711060957e-05,,seconds,52.16099810600281,52.00642637349665,megabytes,560.0,560.0,86.0,84.35593220338983,0.263499776,0.263499776,0.8265625,0.7742055084745761,success,sgd,0.01,1000000,1e-06,0.002,0.9,3.255764711060957e-05,
1D-gaussian-2c-256p,256,256,0.0500417649638004,1000000,3.4674534826529974e-05,,seconds,51.579081773757935,51.45953463762999,megabytes,560.0,560.0,86.0,85.42292490118577,0.263852032,0.263852032,0.825,0.7781836709486167,success,sgd,0.01,1000000,1e-06,0.002,0.9,3.4674534826529974e-05,
1D-gaussian-2c-256p,256,256,0.7524967954607946,1000000,8.543626693762753e-05,,seconds,51.98831796646118,51.91218324191868,megabytes,560.0,560.0,86.0,84.62820512820512,0.26359808,0.26359808,0.82265625,0.7789630074786321,success,sgd,0.01,1000000,1e-06,0.002,0.9,8.543626693762753e-05,
1D-gaussian-2c-256p,256,256,0.5489985010641064,1000000,8.055695003895635e-05,,seconds,52.046435832977295,51.90166502259672,megabytes,560.0,560.0,86.0,84.44303797468355,0.265478144,0.265478144,0.81640625,0.7767701740506326,success,sgd,0.01,1000000,1e-06,0.002,0.9,8.055695003895635e-05,
1D-gaussian-2c-256p,256,256,0.0264635919602659,1000000,3.629698243416423e-05,,seconds,52.00218844413757,51.84271995536983,megabytes,560.0,560.0,86.0,84.7542372881356,0.263798784,0.263798784,0.8171875,0.7768505031779653,success,sgd,0.01,1000000,1e-06,0.002,0.9,3.629698243416423e-05,
1D-gaussian-2c-256p,256,256,0.4124844722564557,1000000,7.591529639072417e-05,,seconds,52.075682401657104,51.95861284993589,megabytes,560.0,560.0,86.0,84.68103448275862,0.265314304,0.265314304,0.82109375,0.7781115301724144,success,sgd,0.01,1000000,1e-06,0.002,0.9,7.591529639072417e-05,
1D-gaussian-2c-256p,256,256,0.0353509323471118,1000000,3.800072342998697e-05,,seconds,52.01675033569336,51.83665100112557,megabytes,560.0,560.0,86.0,84.6125,0.26384384,0.26384384,0.81796875,0.7772688802083333,success,sgd,0.01,1000000,1e-06,0.002,0.9,3.800072342998697e-05,
1D-gaussian-2c-256p,256,256,0.1941725236294671,1000000,5.6702056116223295e-05,,seconds,52.20845937728882,52.06682343967259,megabytes,562.0,562.0,86.0,83.98268398268398,0.263708672,0.263708672,0.84453125,0.7775771103896103,success,sgd,0.01,1000000,1e-06,0.002,0.9,5.6702056116223295e-05,
1D-gaussian-2c-512p,512,512,0.0122264327247331,1000000,0.0001263670132118,,seconds,68.36355662345886,68.30331037193537,megabytes,568.0,568.0,87.0,86.14469453376206,0.26601472,0.26601472,0.82109375,0.7785219051446945,success,sgd,0.01,1000000,1e-06,0.002,0.9,0.0001263670132118,
1D-gaussian-2c-512p,512,512,0.3754205418961817,1000000,0.0001905553675211,,seconds,68.29227900505066,68.13619271479547,megabytes,568.0,568.0,88.0,86.80696202531645,0.264392704,0.264392704,0.8203125,0.7761694026898727,success,sgd,0.01,1000000,1e-06,0.002,0.9,0.0001905553675211,
1D-gaussian-2c-512p,512,512,0.0134790193856697,1000000,0.0001221564767449,,seconds,68.29427599906921,68.2685873452574,megabytes,568.0,568.0,87.0,86.27301587301588,0.26437632,0.26437632,0.82578125,0.7770163690476194,success,sgd,0.01,1000000,1e-06,0.002,0.9,0.0001221564767449,
1D-gaussian-2c-512p,512,512,0.0126940609255534,1000000,0.0001569904386054,,seconds,68.30481386184692,68.25198169983923,megabytes,568.0,568.0,88.0,86.875,0.264421376,0.264421376,0.828125,0.7799804687499994,success,sgd,0.01,1000000,1e-06,0.002,0.9,0.0001569904386054,
1D-gaussian-2c-512p,512,512,0.5061105408461194,1000000,0.0001777901217809,,seconds,68.31512498855591,68.21493457630277,megabytes,568.0,568.0,87.0,86.15654952076677,0.264445952,0.264445952,0.82109375,0.777798023162939,success,sgd,0.01,1000000,1e-06,0.002,0.9,0.0001777901217809,
1D-gaussian-2c-512p,512,512,0.1021337150200435,1000000,0.0001116380463551,,seconds,68.2829999923706,68.16143573075533,megabytes,568.0,568.0,88.0,86.9873417721519,0.264491008,0.264491008,0.83203125,0.7800064280063294,success,sgd,0.01,1000000,1e-06,0.002,0.9,0.0001116380463551,
1D-gaussian-2c-512p,512,512,0.0876027531462466,1000000,0.0001225495619855,,seconds,68.66375470161438,68.47752727940679,megabytes,568.0,568.0,87.0,86.08278145695364,0.264486912,0.264486912,0.8203125,0.7758873137417214,success,sgd,0.01,1000000,1e-06,0.002,0.9,0.0001225495619855,
1D-gaussian-2c-512p,512,512,0.0905052649070085,1000000,0.0001247886409342,,seconds,68.23813390731812,68.08921232447028,megabytes,568.0,568.0,88.0,86.99056603773585,0.264515584,0.264515584,0.83046875,0.7784566627358495,success,sgd,0.01,1000000,1e-06,0.002,0.9,0.0001247886409342,
1D-gaussian-2c-512p,512,512,0.010603725430559,1000000,0.0001196365121628,,seconds,68.40061712265015,68.3848383333534,megabytes,568.0,568.0,87.0,86.2156862745098,0.26447872,0.26447872,0.8234375,0.7797028186274507,success,sgd,0.01,1000000,1e-06,0.002,0.9,0.0001196365121628,
1D-gaussian-2c-512p,512,512,0.0166840111176461,1000000,0.0001539118859113,,seconds,68.32742428779602,68.22637945972383,megabytes,568.0,568.0,88.0,86.9775641025641,0.264585216,0.264585216,0.83046875,0.7767377804487187,success,sgd,0.01,1000000,1e-06,0.002,0.9,0.0001539118859113,
1D-gaussian-2c-512p,512,512,0.1880975060916312,1000000,0.0001362739156586,,seconds,68.68912363052368,68.49824886396527,megabytes,568.0,568.0,87.0,86.06557377049181,0.264630272,0.264630272,0.81484375,0.7769774590163931,success,sgd,0.01,1000000,1e-06,0.002,0.9,0.0001362739156586,
1D-gaussian-2c-512p,512,512,0.0462568970905709,1000000,0.0001144122019033,,seconds,67.99815797805786,67.99472029134631,megabytes,568.0,568.0,88.0,87.16099071207431,0.264658944,0.264658944,0.83125,0.7762891834365321,success,sgd,0.01,1000000,1e-06,0.002,0.9,0.0001144122019033,
1D-gaussian-2c-512p,512,512,0.0431096118959393,1000000,0.0001318540734833,,seconds,68.39763188362122,68.39394057914615,megabytes,568.0,568.0,87.0,86.00647249190939,0.26464256,0.26464256,0.82578125,0.7789416464401292,success,sgd,0.01,1000000,1e-06,0.002,0.9,0.0001318540734833,
1D-gaussian-2c-512p,512,512,0.0316952840709427,1000000,0.0001187826193435,,seconds,68.21432042121887,68.17579616233706,megabytes,568.0,568.0,88.0,86.85759493670886,0.26466304,0.26466304,0.83046875,0.7797097507911391,success,sgd,0.01,1000000,1e-06,0.002,0.9,0.0001187826193435,
1D-gaussian-2c-512p,512,512,0.1814668513900337,1000000,0.0001395984565163,,seconds,68.38623452186584,68.37931601144373,megabytes,568.0,568.0,87.0,86.1461038961039,0.264687616,0.264687616,0.83125,0.7789011769480517,success,sgd,0.01,1000000,1e-06,0.002,0.9,0.0001395984565163,
1D-gaussian-2c-512p,512,512,0.1453642610740005,1000000,0.0001366496778214,,seconds,68.57416820526123,68.46559828519821,megabytes,568.0,568.0,88.0,86.38486842105263,0.264740864,0.264740864,0.8359375,0.7790013363486847,success,sgd,0.01,1000000,1e-06,0.002,0.9,0.0001366496778214,
1D-gaussian-2c-512p,512,512,0.2045283609654501,1000000,0.0001438671878861,,seconds,68.2254626750946,68.17624813504517,megabytes,568.0,568.0,87.0,86.29337539432177,0.264749056,0.264749056,0.8234375,0.7811193809148262,success,sgd,0.01,1000000,1e-06,0.002,0.9,0.0001438671878861,
1D-gaussian-2c-512p,512,512,0.1335551239801954,1000000,0.0001702729013338,,seconds,68.40510964393616,68.27322556450963,megabytes,568.0,568.0,88.0,86.34394904458598,0.264781824,0.264781824,0.82109375,0.7785902667197452,success,sgd,0.01,1000000,1e-06,0.002,0.9,0.0001702729013338,
1D-gaussian-2c-512p,512,512,0.229128830895477,1000000,0.0001486034586704,,seconds,68.50351428985596,68.46689144149423,megabytes,568.0,568.0,88.0,86.61386138613861,0.264794112,0.264794112,0.82578125,0.778217821782178,success,sgd,0.01,1000000,1e-06,0.002,0.9,0.0001486034586704,
1D-gaussian-2c-512p,512,512,0.0376559336929318,1000000,0.000118733889172,,seconds,68.14173603057861,68.14028312079608,megabytes,568.0,568.0,87.0,86.27936507936508,0.264851456,0.264851456,0.8328125,0.7771205357142856,success,sgd,0.01,1000000,1e-06,0.002,0.9,0.000118733889172,
1D-gaussian-2c-512p,512,512,0.6538148852457462,1000000,0.0001527542677908,,seconds,68.4956910610199,68.45725204050541,megabytes,568.0,568.0,88.0,86.17704918032787,0.264798208,0.264798208,0.82578125,0.7746080942622956,success,sgd,0.01,1000000,1e-06,0.002,0.9,0.0001527542677908,
1D-gaussian-2c-512p,512,512,0.855188581004348,1000000,0.0002027922358353,,seconds,68.20911359786987,68.14277324080467,megabytes,568.0,568.0,87.0,86.33540372670808,0.264916992,0.264916992,0.8484375,0.7777707686335403,success,sgd,0.01,1000000,1e-06,0.002,0.9,0.0002027922358353,
1D-gaussian-2c-512p,512,512,0.8968697629284571,1000000,0.0001943765708985,,seconds,68.084233045578,68.08521226607263,megabytes,568.0,568.0,87.0,86.36875,0.264884224,0.264884224,0.828125,0.7782666015624998,success,sgd,0.01,1000000,1e-06,0.002,0.9,0.0001943765708985,
1D-gaussian-2c-512p,512,512,0.0074391548142511,1000000,0.0001108094974782,,seconds,68.44373989105225,68.25701692141593,megabytes,568.0,568.0,88.0,86.42038216560509,0.265003008,0.265003008,0.8421875,0.7784210788216567,success,sgd,0.01,1000000,1e-06,0.002,0.9,0.0001108094974782,
1D-gaussian-2c-512p,512,512,0.0500086843472796,1000000,0.0001280827854679,,seconds,68.40323066711426,68.32860002480447,megabytes,568.0,568.0,88.0,86.4408945686901,0.264916992,0.264916992,0.8296875,0.7764451876996796,success,sgd,0.01,1000000,1e-06,0.002,0.9,0.0001280827854679,
1D-gaussian-2c-512p,512,512,0.7515419461573322,1000000,0.0001849931991215,,seconds,68.41321897506714,68.31417503021657,megabytes,568.0,568.0,88.0,86.35714285714286,0.264953856,0.264953856,0.81796875,0.7772042410714282,success,sgd,0.01,1000000,1e-06,0.002,0.9,0.0001849931991215,
1D-gaussian-2c-512p,512,512,0.5483967617055907,1000000,0.000166177398841,,seconds,68.32601928710938,68.13404067978263,megabytes,568.0,568.0,88.0,86.91950464396285,0.265080832,0.265080832,0.8265625,0.7770341524767804,success,sgd,0.01,1000000,1e-06,0.002,0.9,0.000166177398841,
1D-gaussian-2c-512p,512,512,0.0264405865060182,1000000,0.0001212688163817,,seconds,68.3936414718628,68.21072318777442,megabytes,568.0,568.0,88.0,86.43533123028391,0.26507264,0.26507264,0.82421875,0.7780904968454254,success,sgd,0.01,1000000,1e-06,0.002,0.9,0.0001212688163817,
1D-gaussian-2c-512p,512,512,0.4122179448572179,1000000,0.0001744253119222,,seconds,68.54730677604675,68.35317769646645,megabytes,568.0,568.0,88.0,86.31045751633987,0.26503168,0.26503168,0.8203125,0.7773488562091502,success,sgd,0.01,1000000,1e-06,0.002,0.9,0.0001744253119222,
1D-gaussian-2c-512p,512,512,0.035332664130492,1000000,0.0001287219467025,,seconds,68.31038045883179,68.28428466245532,megabytes,568.0,568.0,87.0,86.22653721682848,0.265080832,0.265080832,0.82578125,0.781452265372168,success,sgd,0.01,1000000,1e-06,0.002,0.9,0.0001287219467025,
1D-gaussian-2c-512p,512,512,0.1940694798572451,1000000,0.0001376381370632,,seconds,68.35068583488464,68.20284394547343,megabytes,568.0,568.0,88.0,86.80191693290735,0.265064448,0.265064448,0.828125,0.7761281948881793,success,sgd,0.01,1000000,1e-06,0.002,0.9,0.0001376381370632,
1D-gaussian-2c-1024p,1024,1024,0.0121904268033793,1000000,0.0004086330762694,,seconds,89.03474712371826,88.99880370311439,megabytes,594.0,594.0,92.0,91.2375,0.265076736,0.265076736,0.83046875,0.7798652343749997,success,sgd,0.01,1000000,1e-06,0.002,0.9,0.0004086330762694,
1D-gaussian-2c-1024p,1024,1024,0.3738177323771028,1000000,0.0005206608354336,,seconds,90.70482087135316,90.55558583699168,megabytes,594.0,594.0,91.0,89.32360097323601,0.265080832,0.265080832,0.8296875,0.7781040906326032,success,sgd,0.01,1000000,1e-06,0.002,0.9,0.0005206608354336,
1D-gaussian-2c-1024p,1024,1024,0.0134397050552634,1000000,0.0004027217782188,,seconds,89.58277249336243,89.4527151081711,megabytes,594.0,594.0,92.0,90.42493638676844,0.265101312,0.265101312,0.8203125,0.7770753816793893,success,sgd,0.01,1000000,1e-06,0.002,0.9,0.0004027217782188,
1D-gaussian-2c-1024p,1024,1024,0.0126409206252506,1000000,0.0005297482688661,,seconds,90.84388327598572,90.71832900866866,megabytes,594.0,594.0,92.0,89.20048899755501,0.265216,0.265216,0.81796875,0.7790953545232279,success,sgd,0.01,1000000,1e-06,0.002,0.9,0.0005297482688661,
1D-gaussian-2c-1024p,1024,1024,0.5046376698846015,1000000,0.0004981696479527,,seconds,87.14604043960571,87.11677511408925,megabytes,594.0,594.0,94.0,92.41602067183464,0.265261056,0.265261056,0.825,0.7789042312661504,success,sgd,0.01,1000000,1e-06,0.002,0.9,0.0004981696479527,
1D-gaussian-2c-1024p,1024,1024,0.1020781100033747,1000000,0.0003382011466738,,seconds,91.1321623325348,90.96843595430256,megabytes,594.0,594.0,92.0,89.03217821782178,0.265265152,0.265265152,0.82109375,0.7769531249999994,success,sgd,0.01,1000000,1e-06,0.002,0.9,0.0003382011466738,
1D-gaussian-2c-1024p,1024,1024,0.0873235830674589,1000000,0.0003819558376203,,seconds,90.20000839233398,89.99257130548358,megabytes,594.0,594.0,92.0,89.80152671755725,0.265293824,0.265293824,0.834375,0.7742127862595412,success,sgd,0.01,1000000,1e-06,0.002,0.9,0.0003819558376203,
1D-gaussian-2c-1024p,1024,1024,0.0902062966455728,1000000,0.0003589874364597,,seconds,90.6061053276062,90.58792602829637,megabytes,594.0,594.0,92.0,89.7012658227848,0.26527744,0.26527744,0.83359375,0.7796143196202536,success,sgd,0.01,1000000,1e-06,0.002,0.9,0.0003589874364597,
1D-gaussian-2c-1024p,1024,1024,0.0105765275034953,1000000,0.0003831104767965,,seconds,87.26024746894836,87.21317273564637,megabytes,594.0,594.0,94.0,92.44473007712082,0.265330688,0.265330688,0.8203125,0.7789604755784064,success,sgd,0.01,1000000,1e-06,0.002,0.9,0.0003831104767965,
1D-gaussian-2c-1024p,1024,1024,0.016623452907273,1000000,0.0004809209677239,,seconds,91.3283553123474,91.1431260406971,megabytes,594.0,594.0,91.0,88.78125,0.265437184,0.265437184,0.82109375,0.7758037860576926,success,sgd,0.01,1000000,1e-06,0.002,0.9,0.0004809209677239,
1D-gaussian-2c-1024p,1024,1024,0.1875356742984935,1000000,0.0004033480447755,,seconds,88.81981801986694,88.72947574965656,megabytes,594.0,594.0,92.0,91.527446300716,0.265351168,0.265351168,0.821875,0.7791076223150354,success,sgd,0.01,1000000,1e-06,0.002,0.9,0.0004033480447755,
1D-gaussian-2c-1024p,1024,1024,0.0461726646974345,1000000,0.0003663283151104,,seconds,91.04759860038756,90.9319599121809,megabytes,594.0,594.0,92.0,89.4025,0.265424896,0.265424896,0.825,0.7797519531249999,success,sgd,0.01,1000000,1e-06,0.002,0.9,0.0003663283151104,
1D-gaussian-2c-1024p,1024,1024,0.0430633471761932,1000000,0.0004489268767591,,seconds,89.24593234062195,89.07982458360493,megabytes,594.0,594.0,92.0,91.15384615384616,0.265490432,0.265490432,0.83046875,0.7733735266749386,success,sgd,0.01,1000000,1e-06,0.002,0.9,0.0004489268767591,
1D-gaussian-2c-1024p,1024,1024,0.0315571003901199,1000000,0.0003922114844645,,seconds,90.9198853969574,90.79568338766694,megabytes,594.0,594.0,92.0,89.22524752475248,0.265465856,0.265465856,0.81953125,0.776649520420792,success,sgd,0.01,1000000,1e-06,0.002,0.9,0.0003922114844645,
1D-gaussian-2c-1024p,1024,1024,0.1807542238119088,1000000,0.0004296600811115,,seconds,87.14566683769226,87.14594477415085,megabytes,594.0,594.0,94.0,92.8295165394402,0.265445376,0.265445376,0.83203125,0.779216364503817,success,sgd,0.01,1000000,1e-06,0.002,0.9,0.0004296600811115,
1D-gaussian-2c-1024p,1024,1024,0.145138927097568,1000000,0.000447983972892,,seconds,90.75729894638062,90.58102911897004,megabytes,594.0,594.0,92.0,89.54054054054055,0.265555968,0.265555968,0.81953125,0.7767256603194104,success,sgd,0.01,1000000,1e-06,0.002,0.9,0.000447983972892,
1D-gaussian-2c-1024p,1024,1024,0.2036867662417174,1000000,0.0004386170019794,,seconds,89.37898421287537,89.31241470947862,megabytes,594.0,594.0,92.0,90.32273838630807,0.265494528,0.265494528,0.8421875,0.774866289731052,success,sgd,0.01,1000000,1e-06,0.002,0.9,0.0004386170019794,
1D-gaussian-2c-1024p,1024,1024,0.1329499587326712,1000000,0.0005005775691075,,seconds,90.72922801971436,90.6045383065939,megabytes,594.0,594.0,91.0,89.44417475728156,0.265555968,0.265555968,0.8359375,0.7779012439320387,success,sgd,0.01,1000000,1e-06,0.002,0.9,0.0005005775691075,
1D-gaussian-2c-1024p,1024,1024,0.2287503368572306,1000000,0.0004069517508238,,seconds,91.174414396286,91.0192495379597,megabytes,594.0,594.0,91.0,89.13399503722084,0.265551872,0.265551872,0.83046875,0.7780649038461541,success,sgd,0.01,1000000,1e-06,0.002,0.9,0.0004069517508238,
1D-gaussian-2c-1024p,1024,1024,0.0376440368401446,1000000,0.0004423190430959,,seconds,90.31293964385986,90.30440105870366,megabytes,594.0,594.0,92.0,89.8428927680798,0.265613312,0.265613312,0.82109375,0.7811311564837904,success,sgd,0.01,1000000,1e-06,0.002,0.9,0.0004423190430959,
1D-gaussian-2c-1024p,1024,1024,0.6527358451320106,1000000,0.0004250992746218,,seconds,88.02126169204712,88.00038686953485,megabytes,594.0,594.0,93.0,92.363184079602,0.265576448,0.265576448,0.8296875,0.7787449471393036,success,sgd,0.01,1000000,1e-06,0.002,0.9,0.0004250992746218,
1D-gaussian-2c-1024p,1024,1024,0.8529931290445049,1000000,0.0005066302150332,,seconds,90.29774498939514,90.12019380182028,megabytes,594.0,594.0,92.0,89.81683168316832,0.265695232,0.265695232,0.8421875,0.7778910117574258,success,sgd,0.01,1000000,1e-06,0.002,0.9,0.0005066302150332,
1D-gaussian-2c-1024p,1024,1024,0.8952286730283361,1000000,0.000489540200514,,seconds,90.55263066291808,90.36598641984163,megabytes,594.0,594.0,91.0,89.77560975609757,0.265641984,0.265641984,0.83046875,0.7786547256097565,success,sgd,0.01,1000000,1e-06,0.002,0.9,0.000489540200514,
1D-gaussian-2c-1024p,1024,1024,0.0074218207301601,1000000,0.0003740322287649,,seconds,90.51354908943176,90.3461923673749,megabytes,594.0,594.0,92.0,89.64058679706602,0.265699328,0.265699328,0.81953125,0.7791087255501224,success,sgd,0.01,1000000,1e-06,0.002,0.9,0.0003740322287649,
1D-gaussian-2c-1024p,1024,1024,0.0499144905111283,1000000,0.0004468776685985,,seconds,89.97619032859802,89.92289832048118,megabytes,594.0,594.0,92.0,90.08018867924528,0.265670656,0.265670656,0.8203125,0.7789596845518869,success,sgd,0.01,1000000,1e-06,0.002,0.9,0.0004468776685985,
1D-gaussian-2c-1024p,1024,1024,0.7500923209402038,1000000,0.0004415478866138,,seconds,91.27487444877625,91.09318896010518,megabytes,594.0,594.0,91.0,89.48387096774194,0.265752576,0.265752576,0.825,0.7769928660049619,success,sgd,0.01,1000000,1e-06,0.002,0.9,0.0004415478866138,
1D-gaussian-2c-1024p,1024,1024,0.5473811561877753,1000000,0.0004029342287718,,seconds,89.21580195426941,89.03524831682444,megabytes,594.0,594.0,92.0,91.1592039800995,0.265682944,0.265682944,0.821875,0.7770230876865669,success,sgd,0.01,1000000,1e-06,0.002,0.9,0.0004029342287718,
1D-gaussian-2c-1024p,1024,1024,0.0263628748968107,1000000,0.0003961569811612,,seconds,90.74007511138916,90.72369423508644,megabytes,594.0,594.0,92.0,89.51620947630923,0.265756672,0.265756672,0.8234375,0.7791400405236909,success,sgd,0.01,1000000,1e-06,0.002,0.9,0.0003961569811612,
1D-gaussian-2c-1024p,1024,1024,0.4107355251381498,1000000,0.00046511859011,,seconds,89.7329740524292,89.59674719907343,megabytes,594.0,594.0,92.0,90.42335766423358,0.265752576,0.265752576,0.82109375,0.7787541818734798,success,sgd,0.01,1000000,1e-06,0.002,0.9,0.00046511859011,
1D-gaussian-2c-1024p,1024,1024,0.0352727463320271,1000000,0.0004337322558323,,seconds,91.2550449371338,91.17699323035777,megabytes,594.0,594.0,92.0,88.82608695652173,0.265797632,0.265797632,0.821875,0.7776645531400967,success,sgd,0.01,1000000,1e-06,0.002,0.9,0.0004337322558323,
1D-gaussian-2c-1024p,1024,1024,0.1931837810805291,1000000,0.0004016633139472,,seconds,88.9917106628418,88.81092133373022,megabytes,594.0,594.0,92.0,91.40625,0.265805824,0.265805824,0.82109375,0.7778583233173071,success,sgd,0.01,1000000,1e-06,0.002,0.9,0.0004016633139472,
1D-gaussian-2c-2048p,2048,2048,0.0120388716105216,1000000,0.0013252736699179,,seconds,186.48654198646545,186.34984772652388,megabytes,690.0,690.0,96.0,95.62663495838288,0.266162176,0.266162176,0.82421875,0.7778193742568376,success,sgd,0.01,1000000,1e-06,0.002,0.9,0.0013252736699179,
1D-gaussian-2c-2048p,2048,2048,0.36659287953367,1000000,0.00158095748153,,seconds,186.54996752738955,186.49065557308492,megabytes,690.0,690.0,96.0,95.10735826296744,0.26621952,0.26621952,0.8203125,0.7793557750301574,success,sgd,0.01,1000000,1e-06,0.002,0.9,0.00158095748153,
1D-gaussian-2c-2048p,2048,2048,0.0132869661706238,1000000,0.0013243227302002,,seconds,187.33237862586972,187.30419441498816,megabytes,690.0,690.0,96.0,94.96428571428572,0.266186752,0.266186752,0.821875,0.7783975074404768,success,sgd,0.01,1000000,1e-06,0.002,0.9,0.0013243227302002,
1D-gaussian-2c-2048p,2048,2048,0.0125087202255671,1000000,0.0016177355292573,,seconds,186.9120020866394,186.76227236539123,megabytes,690.0,690.0,96.0,95.27602905569007,0.266186752,0.266186752,0.8421875,0.7759306900726398,success,sgd,0.01,1000000,1e-06,0.002,0.9,0.0016177355292573,
1D-gaussian-2c-2048p,2048,2048,0.4977683403568694,1000000,0.0015218992536072,,seconds,187.2369010448456,187.1677103638649,megabytes,690.0,690.0,96.0,94.90799031476998,0.266182656,0.266182656,0.8171875,0.7793252496973371,success,sgd,0.01,1000000,1e-06,0.002,0.9,0.0015218992536072,
1D-gaussian-2c-2048p,2048,2048,0.1019778883324225,1000000,0.0011062689348373,,seconds,186.78985619544983,186.63822592236104,megabytes,690.0,690.0,96.0,95.26029055690071,0.267968512,0.267968512,0.8203125,0.7788343674334148,success,sgd,0.01,1000000,1e-06,0.002,0.9,0.0011062689348373,
1D-gaussian-2c-2048p,2048,2048,0.0861525765211811,1000000,0.0012288101639755,,seconds,187.1838173866272,187.01394460350275,megabytes,690.0,690.0,96.0,95.02137767220904,0.26636288,0.26636288,0.84375,0.7784664489311159,success,sgd,0.01,1000000,1e-06,0.002,0.9,0.0012288101639755,
1D-gaussian-2c-2048p,2048,2048,0.0890512370222762,1000000,0.0011423635570764,,seconds,186.82455563545227,186.6550705712289,megabytes,690.0,690.0,96.0,95.23584905660375,0.266420224,0.266420224,0.82890625,0.7783221550707551,success,sgd,0.01,1000000,1e-06,0.002,0.9,0.0011423635570764,
1D-gaussian-2c-2048p,2048,2048,0.010472617309732,1000000,0.0012640419850948,,seconds,187.52375435829163,187.50294729694724,megabytes,690.0,690.0,96.0,94.90223792697292,0.266387456,0.266387456,0.840625,0.7789310954063604,success,sgd,0.01,1000000,1e-06,0.002,0.9,0.0012640419850948,
1D-gaussian-2c-2048p,2048,2048,0.0166905721721805,1000000,0.0015411248733209,,seconds,186.51065921783447,186.51052772812545,megabytes,690.0,690.0,96.0,95.27825030376673,0.2680832,0.2680832,0.83984375,0.7792365962940461,success,sgd,0.01,1000000,1e-06,0.002,0.9,0.0015411248733209,
1D-gaussian-2c-2048p,2048,2048,0.1852896212789242,1000000,0.0012981141889537,,seconds,187.798376083374,187.618039123714,megabytes,690.0,690.0,96.0,94.95901639344262,0.266391552,0.266391552,0.81953125,0.7798796106557383,success,sgd,0.01,1000000,1e-06,0.002,0.9,0.0012981141889537,
1D-gaussian-2c-2048p,2048,2048,0.0458046891685982,1000000,0.0011613150959496,,seconds,186.63326287269592,186.55611656792465,megabytes,690.0,690.0,96.0,95.33373493975904,0.26636288,0.26636288,0.83828125,0.7793213478915658,success,sgd,0.01,1000000,1e-06,0.002,0.9,0.0011613150959496,
1D-gaussian-2c-2048p,2048,2048,0.0427912586050628,1000000,0.001472321488393,,seconds,188.01452589035037,187.87376542016864,megabytes,690.0,690.0,96.0,94.89834515366432,0.266416128,0.266416128,0.8296875,0.7763233229905443,success,sgd,0.01,1000000,1e-06,0.002,0.9,0.001472321488393,
1D-gaussian-2c-2048p,2048,2048,0.0310530917859713,1000000,0.0012664678255584,,seconds,186.81861686706543,186.6941535267979,megabytes,690.0,690.0,96.0,95.19623971797886,0.2664448,0.2664448,0.82890625,0.7770426336662741,success,sgd,0.01,1000000,1e-06,0.002,0.9,0.0012664678255584,
1D-gaussian-2c-2048p,2048,2048,0.1778965504582249,1000000,0.0013667903470587,,seconds,187.74274253845212,187.66865076310933,megabytes,690.0,690.0,95.0,94.83636363636364,0.266440704,0.266440704,0.84609375,0.7750634469696972,success,sgd,0.01,1000000,1e-06,0.002,0.9,0.0013667903470587,
1D-gaussian-2c-2048p,2048,2048,0.1442941461067307,1000000,0.0014316056172118,,seconds,186.9726390838623,186.9779300894588,megabytes,690.0,690.0,96.0,95.53614457831326,0.26650624,0.26650624,0.82265625,0.778223832831325,success,sgd,0.01,1000000,1e-06,0.002,0.9,0.0014316056172118,
1D-gaussian-2c-2048p,2048,2048,0.2003468555633763,1000000,0.0013947948556859,,seconds,187.5888330936432,187.541611244902,megabytes,690.0,690.0,96.0,94.85956416464892,0.26648576,0.26648576,0.84375,0.7773598289951581,success,sgd,0.01,1000000,1e-06,0.002,0.9,0.0013947948556859,
1D-gaussian-2c-2048p,2048,2048,0.1303711527929077,1000000,0.001636326576984,,seconds,187.12497568130493,186.95753328315917,megabytes,690.0,690.0,96.0,95.45,0.266534912,0.266534912,0.8296875,0.7788504464285713,success,sgd,0.01,1000000,1e-06,0.002,0.9,0.001636326576984,
1D-gaussian-2c-2048p,2048,2048,0.227264109151367,1000000,0.0012737340256365,,seconds,188.01376605033877,187.8311178479344,megabytes,690.0,690.0,96.0,94.85781990521328,0.266522624,0.266522624,0.83515625,0.775759960011848,success,sgd,0.01,1000000,1e-06,0.002,0.9,0.0012737340256365,
1D-gaussian-2c-2048p,2048,2048,0.0376528385369773,1000000,0.0014705631306657,,seconds,186.7976884841919,186.7431080006063,megabytes,690.0,690.0,96.0,95.43239951278927,0.266477568,0.266477568,0.83515625,0.7780345995736913,success,sgd,0.01,1000000,1e-06,0.002,0.9,0.0014705631306657,
1D-gaussian-2c-2048p,2048,2048,0.6478021928285147,1000000,0.0012728815696445,,seconds,187.48743081092837,187.4712353181094,megabytes,690.0,690.0,96.0,94.93985849056604,0.26640384,0.26640384,0.83828125,0.7784023068985848,success,sgd,0.01,1000000,1e-06,0.002,0.9,0.0012728815696445,
1D-gaussian-2c-2048p,2048,2048,0.8403103531739371,1000000,0.0014373045971173,,seconds,187.1579852104187,187.05624828860164,megabytes,690.0,690.0,96.0,95.37964071856288,0.266563584,0.266563584,0.81796875,0.7803742514970066,success,sgd,0.01,1000000,1e-06,0.002,0.9,0.0014373045971173,
1D-gaussian-2c-2048p,2048,2048,0.8853850742423142,1000000,0.0013838960234204,,seconds,187.85108041763303,187.6963084936142,megabytes,690.0,690.0,96.0,94.872572815534,0.266600448,0.266600448,0.83671875,0.7766165427791254,success,sgd,0.01,1000000,1e-06,0.002,0.9,0.0013838960234204,
1D-gaussian-2c-2048p,2048,2048,0.0073620028499609,1000000,0.0012038010938441,,seconds,187.15474462509155,186.94873298704624,megabytes,690.0,690.0,96.0,95.31030150753767,0.2665472,0.2665472,0.840625,0.7769442917713577,success,sgd,0.01,1000000,1e-06,0.002,0.9,0.0012038010938441,
1D-gaussian-2c-2048p,2048,2048,0.0495211339340599,1000000,0.0014650301440331,,seconds,187.58790493011475,187.44547678157687,megabytes,690.0,690.0,96.0,94.94079794079794,0.268353536,0.268353536,0.83125,0.7769516167953671,success,sgd,0.01,1000000,1e-06,0.002,0.9,0.0014650301440331,
1D-gaussian-2c-2048p,2048,2048,0.7413686712784617,1000000,0.0012905914466041,,seconds,187.0012307167053,186.8317665569484,megabytes,690.0,690.0,96.0,95.29582806573956,0.268460032,0.268460032,0.84296875,0.7784588337547408,success,sgd,0.01,1000000,1e-06,0.002,0.9,0.0012905914466041,
1D-gaussian-2c-2048p,2048,2048,0.5424708998701562,1000000,0.0011756658584069,,seconds,187.6005754470825,187.43463877774772,megabytes,690.0,690.0,96.0,95.04780361757106,0.268374016,0.268374016,0.8453125,0.7742015907622743,success,sgd,0.01,1000000,1e-06,0.002,0.9,0.0011756658584069,
1D-gaussian-2c-2048p,2048,2048,0.0261028602331905,1000000,0.0013040410532317,,seconds,186.8619449138641,186.67722192034125,megabytes,690.0,690.0,96.0,95.27716727716728,0.268480512,0.268480512,0.828125,0.778349168192919,success,sgd,0.01,1000000,1e-06,0.002,0.9,0.0013040410532317,
1D-gaussian-2c-2048p,2048,2048,0.4045890736430905,1000000,0.0014054051484841,,seconds,188.0049946308136,187.8291819319129,megabytes,690.0,690.0,96.0,94.87813620071684,0.268558336,0.268558336,0.84140625,0.7785636947431303,success,sgd,0.01,1000000,1e-06,0.002,0.9,0.0014054051484841,
1D-gaussian-2c-2048p,2048,2048,0.0353182019331023,1000000,0.0014294501637178,,seconds,186.717191696167,186.7111006714404,megabytes,690.0,690.0,96.0,95.14186851211072,0.2684928,0.2684928,0.83671875,0.7790558318915798,success,sgd,0.01,1000000,1e-06,0.002,0.9,0.0014294501637178,
1D-gaussian-2c-2048p,2048,2048,0.189723351945353,1000000,0.0012199212100957,,seconds,187.4608223438263,187.30869611166415,megabytes,690.0,690.0,96.0,94.92427884615384,0.268427264,0.268427264,0.83671875,0.7783963716947127,success,sgd,0.01,1000000,1e-06,0.002,0.9,0.0012199212100957,
1D-gaussian-4c-32p,32,32,0.0993483499254471,1000000,9.78044136247541e-06,,seconds,38.62746334075928,38.48224510997534,megabytes,560.0,560.0,82.0,80.13793103448276,0.263962624,0.263962624,0.8296875,0.7738011853448279,success,sgd,0.01,1000000,1e-06,0.002,0.9,9.78044136247541e-06,
1D-gaussian-4c-32p,32,32,0.0174922204204189,1000000,2.537838917370267e-06,,seconds,38.61604022979736,38.444873474538326,megabytes,560.0,560.0,81.0,80.07954545454545,0.263933952,0.263933952,0.81953125,0.7760031960227267,success,sgd,0.01,1000000,1e-06,0.002,0.9,2.537838917370267e-06,
1D-gaussian-4c-32p,32,32,0.1115860285479017,1000000,1.8922496927993898e-05,,seconds,38.96977686882019,38.909475015476346,megabytes,560.0,560.0,81.0,79.09142857142857,0.263847936,0.263847936,0.82734375,0.7764151785714287,success,sgd,0.01,1000000,1e-06,0.002,0.9,1.8922496927993898e-05,
1D-gaussian-4c-32p,32,32,0.0186656811605515,1000000,4.046470100731568e-06,,seconds,39.20480465888977,39.11799109727144,megabytes,560.0,560.0,81.0,78.76719576719577,0.264237056,0.264237056,0.8234375,0.7762318121693123,success,sgd,0.01,1000000,1e-06,0.002,0.9,4.046470100731568e-06,
1D-gaussian-4c-32p,32,32,0.2070132774849917,1000000,9.744602668347033e-06,,seconds,40.1213583946228,39.9567706361413,megabytes,560.0,560.0,80.0,77.43333333333334,0.263868416,0.263868416,0.82734375,0.7735112847222216,success,sgd,0.01,1000000,1e-06,0.002,0.9,9.744602668347033e-06,
1D-gaussian-4c-32p,32,32,0.0408290896732763,1000000,3.589627679653185e-06,,seconds,38.240068197250366,38.15971704013646,megabytes,560.0,560.0,82.0,80.29775280898876,0.263704576,0.263704576,0.81640625,0.7771989115168536,success,sgd,0.01,1000000,1e-06,0.002,0.9,3.589627679653185e-06,
1D-gaussian-4c-32p,32,32,0.0615454959108946,1000000,1.0082370532707093e-05,,seconds,40.04798722267151,40.01825755275786,megabytes,560.0,560.0,80.0,77.42021276595744,0.264077312,0.264077312,0.81875,0.7799243683510636,success,sgd,0.01,1000000,1e-06,0.002,0.9,1.0082370532707093e-05,
1D-gaussian-4c-32p,32,32,0.0502644896342324,1000000,4.144441138659832e-06,,seconds,39.91490697860718,39.83782905526459,megabytes,560.0,560.0,81.0,77.83516483516483,0.263786496,0.263786496,0.83046875,0.7785971840659336,success,sgd,0.01,1000000,1e-06,0.002,0.9,4.144441138659832e-06,
1D-gaussian-4c-32p,32,32,0.0168414120905354,1000000,1.3528048928987927e-06,,seconds,39.53963828086853,39.54185771755874,megabytes,560.0,560.0,81.0,78.36813186813187,0.26384384,0.26384384,0.8265625,0.7809495192307694,success,sgd,0.01,1000000,1e-06,0.002,0.9,1.3528048928987927e-06,
1D-gaussian-4c-32p,32,32,0.073271455581101,1000000,1.610629349313796e-05,,seconds,39.43834662437439,39.31919411756098,megabytes,560.0,560.0,83.0,78.32620320855615,0.263958528,0.263958528,0.82265625,0.7757352941176475,success,sgd,0.01,1000000,1e-06,0.002,0.9,1.610629349313796e-05,
1D-gaussian-4c-32p,32,32,0.3981459578216188,1000000,2.156442482915724e-05,,seconds,39.79886507987976,39.67099662311375,megabytes,560.0,560.0,80.0,78.02209944751381,0.2638848,0.2638848,0.8203125,0.7747496546961322,success,sgd,0.01,1000000,1e-06,0.002,0.9,2.156442482915724e-05,
1D-gaussian-4c-32p,32,32,0.1193424145936912,1000000,7.436502722447467e-06,,seconds,39.456461668014526,39.27257840894163,megabytes,560.0,560.0,81.0,78.60109289617486,0.263995392,0.263995392,0.825,0.7769082991803279,success,sgd,0.01,1000000,1e-06,0.002,0.9,7.436502722447467e-06,
1D-gaussian-4c-32p,32,32,0.2041003236335329,1000000,1.838581743620213e-05,,seconds,39.26012492179871,39.15593834407628,megabytes,560.0,560.0,81.0,79.19101123595506,0.263757824,0.263757824,0.81953125,0.7785419592696631,success,sgd,0.01,1000000,1e-06,0.002,0.9,1.838581743620213e-05,
1D-gaussian-4c-32p,32,32,0.0749328225476174,1000000,2.7520972495192824e-06,,seconds,39.84805512428284,39.69867591559887,megabytes,560.0,560.0,81.0,77.99453551912568,0.263958528,0.263958528,0.82109375,0.7764045423497264,success,sgd,0.01,1000000,1e-06,0.002,0.9,2.7520972495192824e-06,
1D-gaussian-4c-32p,32,32,0.0141313856297139,1000000,1.2991439513873182e-06,,seconds,40.54586553573608,40.53844200447202,megabytes,560.0,560.0,79.0,76.67357512953367,0.264269824,0.264269824,0.82109375,0.7768741904145076,success,sgd,0.01,1000000,1e-06,0.002,0.9,1.2991439513873182e-06,
1D-gaussian-4c-32p,32,32,0.0416603045413365,1000000,1.6989221665235e-06,,seconds,39.2988018989563,39.133596586063504,megabytes,560.0,560.0,82.0,78.8972972972973,0.264024064,0.264024064,0.8203125,0.7744932432432435,success,sgd,0.01,1000000,1e-06,0.002,0.9,1.6989221665235e-06,
1D-gaussian-4c-32p,32,32,0.1076917255599843,1000000,1.632325560094451e-05,,seconds,39.44307041168213,39.270148845389485,megabytes,560.0,560.0,81.0,78.59016393442623,0.264040448,0.264040448,0.82109375,0.7739156420765031,success,sgd,0.01,1000000,1e-06,0.002,0.9,1.632325560094451e-05,
1D-gaussian-4c-32p,32,32,0.0214816325916122,1000000,2.703494745822043e-06,,seconds,39.01302886009216,38.97823900356889,megabytes,560.0,560.0,81.0,79.3463687150838,0.263888896,0.263888896,0.81875,0.7768374650837991,success,sgd,0.01,1000000,1e-06,0.002,0.9,2.703494745822043e-06,
1D-gaussian-4c-32p,32,32,0.0965853648498234,1000000,5.331030870522913e-06,,seconds,39.84399199485779,39.69366865977645,megabytes,560.0,560.0,80.0,78.21546961325967,0.263950336,0.263950336,0.8234375,0.7771840469613256,success,sgd,0.01,1000000,1e-06,0.002,0.9,5.331030870522913e-06,
1D-gaussian-4c-32p,32,32,0.0153288269679274,1000000,1.5979372055935382e-06,,seconds,40.29158663749695,40.120181903243065,megabytes,560.0,560.0,82.0,77.08994708994709,0.264290304,0.264290304,0.8234375,0.7754877645502641,success,sgd,0.01,1000000,1e-06,0.002,0.9,1.5979372055935382e-06,
1D-gaussian-4c-32p,32,32,0.168779225158885,1000000,3.853744215289451e-06,,seconds,38.93596148490906,38.877976182848215,megabytes,560.0,560.0,81.0,79.38586956521739,0.26411008,0.26411008,0.82421875,0.7781929347826085,success,sgd,0.01,1000000,1e-06,0.002,0.9,3.853744215289451e-06,
1D-gaussian-4c-32p,32,32,0.0436152146092456,1000000,1.917539338876801e-06,,seconds,39.44109630584717,39.29743906669319,megabytes,560.0,560.0,83.0,78.19125683060109,0.263999488,0.263999488,0.81796875,0.7746883538251366,success,sgd,0.01,1000000,1e-06,0.002,0.9,1.917539338876801e-06,
1D-gaussian-4c-32p,32,32,0.1040322050527858,1000000,2.437310571757563e-06,,seconds,38.69299793243408,38.51043288223445,megabytes,560.0,560.0,82.0,79.94219653179191,0.263827456,0.263827456,0.8203125,0.7746522760115606,success,sgd,0.01,1000000,1e-06,0.002,0.9,2.437310571757563e-06,
1D-gaussian-4c-32p,32,32,0.13348944292206,1000000,6.040566336345655e-06,,seconds,39.83214497566223,39.65721082873642,megabytes,560.0,560.0,80.0,78.14444444444445,0.26404864,0.26404864,0.82109375,0.7768272569444447,success,sgd,0.01,1000000,1e-06,0.002,0.9,6.040566336345655e-06,
1D-gaussian-4c-32p,32,32,0.0374840898975099,1000000,1.6457375509989227e-06,,seconds,39.56971263885498,39.36543584801257,megabytes,560.0,560.0,80.0,78.36813186813187,0.264163328,0.264163328,0.8234375,0.7750214629120884,success,sgd,0.01,1000000,1e-06,0.002,0.9,1.6457375509989227e-06,
1D-gaussian-4c-32p,32,32,0.0807360855603444,1000000,3.558360053502012e-06,,seconds,40.03944993019104,40.02363685332239,megabytes,560.0,560.0,80.0,77.43850267379679,0.26425344,0.26425344,0.8203125,0.7782879344919788,success,sgd,0.01,1000000,1e-06,0.002,0.9,3.558360053502012e-06,
1D-gaussian-4c-32p,32,32,0.0851077663717529,1000000,2.0811928185904e-06,,seconds,39.91168236732483,39.839904425665736,megabytes,560.0,560.0,80.0,77.5945945945946,0.264200192,0.264200192,0.82265625,0.7771199324324322,success,sgd,0.01,1000000,1e-06,0.002,0.9,2.0811928185904e-06,
1D-gaussian-4c-32p,32,32,0.0652608824525185,1000000,4.121228695055476e-06,,seconds,39.849642515182495,39.73917784355581,megabytes,560.0,560.0,81.0,77.96756756756757,0.264208384,0.264208384,0.82109375,0.7753885135135129,success,sgd,0.01,1000000,1e-06,0.002,0.9,4.121228695055476e-06,
1D-gaussian-4c-32p,32,32,0.328070047849845,1000000,3.0215697910819862e-05,,seconds,40.67617893218994,40.663914524018764,megabytes,560.0,560.0,80.0,76.19791666666667,0.26447872,0.26447872,0.8203125,0.7795125325520836,success,sgd,0.01,1000000,1e-06,0.002,0.9,3.0215697910819862e-05,
1D-gaussian-4c-32p,32,32,0.0565424678908275,1000000,4.675315820385132e-06,,seconds,39.65877413749695,39.54773532226682,megabytes,560.0,560.0,83.0,78.27272727272727,0.263995392,0.263995392,0.815625,0.7781649502840916,success,sgd,0.01,1000000,1e-06,0.002,0.9,4.675315820385132e-06,
1D-gaussian-4c-32p,32,32,0.1968269799901878,1000000,7.012570344031669e-06,,seconds,39.22989010810852,39.173514580354095,megabytes,560.0,560.0,80.0,78.61016949152543,0.264036352,0.264036352,0.82109375,0.7789106638418082,success,sgd,0.01,1000000,1e-06,0.002,0.9,7.012570344031669e-06,
1D-gaussian-4c-64p,64,64,0.0988540503940332,1000000,9.735069030689396e-06,,seconds,43.89433908462525,43.70733302086592,megabytes,562.0,562.0,83.0,81.31155778894473,0.26494976,0.26494976,0.8234375,0.7764604271356786,success,sgd,0.01,1000000,1e-06,0.002,0.9,9.735069030689396e-06,
1D-gaussian-4c-64p,64,64,0.0174904743305838,1000000,4.720823238354982e-06,,seconds,43.48242163658142,43.38383899256587,megabytes,562.0,562.0,83.0,81.97596153846153,0.265146368,0.265146368,0.821875,0.778143780048077,success,sgd,0.01,1000000,1e-06,0.002,0.9,4.720823238354982e-06,
1D-gaussian-4c-64p,64,64,0.1115666317401789,1000000,2.3099571667733778e-05,,seconds,43.78377938270569,43.77804843522608,megabytes,560.0,560.0,82.0,80.53846153846153,0.264757248,0.264757248,0.821875,0.7783733974358973,success,sgd,0.01,1000000,1e-06,0.002,0.9,2.3099571667733778e-05,
1D-gaussian-4c-64p,64,64,0.0186651493669689,1000000,1.0743580248307128e-05,,seconds,43.76601791381836,43.70955896377564,megabytes,562.0,562.0,83.0,80.735,0.264941568,0.264941568,0.8296875,0.7780898437499997,success,sgd,0.01,1000000,1e-06,0.002,0.9,1.0743580248307128e-05,
1D-gaussian-4c-64p,64,64,0.2069911974738391,1000000,9.454949833362597e-06,,seconds,44.15828847885132,43.992313515394926,megabytes,560.0,560.0,83.0,80.62886597938144,0.26476544,0.26476544,0.81484375,0.7744885631443298,success,sgd,0.01,1000000,1e-06,0.002,0.9,9.454949833362597e-06,
1D-gaussian-4c-64p,64,64,0.0407219679310322,1000000,4.062648804120094e-06,,seconds,43.29745030403137,43.208521485328674,megabytes,562.0,562.0,83.0,82.30046948356808,0.26529792,0.26529792,0.81796875,0.7785981514084509,success,sgd,0.01,1000000,1e-06,0.002,0.9,4.062648804120094e-06,
1D-gaussian-4c-64p,64,64,0.0615352973750406,1000000,1.3791197628068824e-05,,seconds,43.8040075302124,43.72089708410204,megabytes,560.0,560.0,82.0,80.73096446700508,0.264892416,0.264892416,0.83984375,0.7781051713197972,success,sgd,0.01,1000000,1e-06,0.002,0.9,1.3791197628068824e-05,
1D-gaussian-4c-64p,64,64,0.0500315692906047,1000000,9.746273168565275e-06,,seconds,43.6276535987854,43.51852783188224,megabytes,562.0,562.0,83.0,81.57560975609756,0.265162752,0.265162752,0.8234375,0.7793178353658536,success,sgd,0.01,1000000,1e-06,0.002,0.9,9.746273168565275e-06,
1D-gaussian-4c-64p,64,64,0.0168396745166175,1000000,2.554971338025028e-06,,seconds,43.49823808670044,43.45462545007467,megabytes,560.0,560.0,83.0,81.6280193236715,0.265265152,0.265265152,0.81953125,0.7775286835748796,success,sgd,0.01,1000000,1e-06,0.002,0.9,2.554971338025028e-06,
1D-gaussian-4c-64p,64,64,0.0732440717626377,1000000,1.6134526811421362e-05,,seconds,43.8074209690094,43.64367554523051,megabytes,562.0,562.0,83.0,81.50990099009901,0.265146368,0.265146368,0.8203125,0.7766630569306938,success,sgd,0.01,1000000,1e-06,0.002,0.9,1.6134526811421362e-05,
1D-gaussian-4c-64p,64,64,0.3981003428173184,1000000,2.3854873681528785e-05,,seconds,43.893651723861694,43.87651613354683,megabytes,560.0,560.0,82.0,80.0979381443299,0.264904704,0.264904704,0.81953125,0.778120972938144,success,sgd,0.01,1000000,1e-06,0.002,0.9,2.3854873681528785e-05,
1D-gaussian-4c-64p,64,64,0.1193658761226314,1000000,2.3800170489269043e-05,,seconds,43.53897356987,43.54370630718768,megabytes,562.0,562.0,82.0,80.90243902439025,0.265285632,0.265285632,0.82578125,0.7797294207317078,success,sgd,0.01,1000000,1e-06,0.002,0.9,2.3800170489269043e-05,
1D-gaussian-4c-64p,64,64,0.2040705354461586,1000000,1.992954189416068e-05,,seconds,43.76063346862793,43.61971824429929,megabytes,560.0,560.0,82.0,80.7035175879397,0.265191424,0.265191424,0.82109375,0.7783252198492461,success,sgd,0.01,1000000,1e-06,0.002,0.9,1.992954189416068e-05,
1D-gaussian-4c-64p,64,64,0.0749040579676353,1000000,1.101825633966126e-05,,seconds,43.78963708877564,43.651214487850666,megabytes,562.0,562.0,83.0,80.95049504950495,0.26525696,0.26525696,0.8203125,0.7789719987623763,success,sgd,0.01,1000000,1e-06,0.002,0.9,1.101825633966126e-05,
1D-gaussian-4c-64p,64,64,0.0141297169891991,1000000,2.988266984255633e-06,,seconds,43.613086223602295,43.57886489294469,megabytes,562.0,562.0,83.0,81.3103448275862,0.265428992,0.265428992,0.82578125,0.7801377770935961,success,sgd,0.01,1000000,1e-06,0.002,0.9,2.988266984255633e-06,
1D-gaussian-4c-64p,64,64,0.041665410988385,1000000,6.048906769588925e-06,,seconds,43.77501153945923,43.63698379322887,megabytes,562.0,562.0,83.0,81.14851485148515,0.2653184,0.2653184,0.81796875,0.7785156250000003,success,sgd,0.01,1000000,1e-06,0.002,0.9,6.048906769588925e-06,
1D-gaussian-4c-64p,64,64,0.1076698471110896,1000000,1.6893081463159104e-05,,seconds,43.75754761695862,43.58820449560881,megabytes,562.0,562.0,83.0,81.7128712871287,0.265363456,0.265363456,0.83203125,0.7743850556930689,success,sgd,0.01,1000000,1e-06,0.002,0.9,1.6893081463159104e-05,
1D-gaussian-4c-64p,64,64,0.0214766103513821,1000000,4.171858811641695e-06,,seconds,43.86684703826904,43.73653721250594,megabytes,562.0,562.0,83.0,81.33830845771145,0.26517504,0.26517504,0.81875,0.7763331778606971,success,sgd,0.01,1000000,1e-06,0.002,0.9,4.171858811641695e-06,
1D-gaussian-4c-64p,64,64,0.096570383021676,1000000,9.99321827167389e-06,,seconds,44.09005045890808,43.92425295524299,megabytes,562.0,562.0,83.0,80.83673469387755,0.265060352,0.265060352,0.81640625,0.7767897002551021,success,sgd,0.01,1000000,1e-06,0.002,0.9,9.99321827167389e-06,
1D-gaussian-4c-64p,64,64,0.0153249081907461,1000000,2.6934656402520258e-06,,seconds,43.82986879348755,43.727781699970365,megabytes,562.0,562.0,83.0,81.355,0.265211904,0.265211904,0.81796875,0.7758867187499997,success,sgd,0.01,1000000,1e-06,0.002,0.9,2.6934656402520258e-06,
1D-gaussian-4c-64p,64,64,0.1686114684148456,1000000,1.8821489444323342e-05,,seconds,43.79973888397217,43.75125222466886,megabytes,562.0,562.0,83.0,80.80102040816327,0.265101312,0.265101312,0.8296875,0.7773477359693876,success,sgd,0.01,1000000,1e-06,0.002,0.9,1.8821489444323342e-05,
1D-gaussian-4c-64p,64,64,0.0435022025976047,1000000,5.893354530359194e-06,,seconds,43.71149158477783,43.71219914406538,megabytes,562.0,562.0,82.0,80.51776649746193,0.265138176,0.265138176,0.8375,0.7807344543147207,success,sgd,0.01,1000000,1e-06,0.002,0.9,5.893354530359194e-06,
1D-gaussian-4c-64p,64,64,0.1037120835692448,1000000,1.292771892957623e-05,,seconds,43.76613759994507,43.749421406537294,megabytes,562.0,562.0,82.0,80.62626262626263,0.26519552,0.26519552,0.81484375,0.7782946654040408,success,sgd,0.01,1000000,1e-06,0.002,0.9,1.292771892957623e-05,
1D-gaussian-4c-64p,64,64,0.1322881575677728,1000000,9.226685459559016e-06,,seconds,43.75576090812683,43.75465095415712,megabytes,562.0,562.0,83.0,81.05555555555556,0.265248768,0.265248768,0.81640625,0.7808514835858585,success,sgd,0.01,1000000,1e-06,0.002,0.9,9.226685459559016e-06,
1D-gaussian-4c-64p,64,64,0.0374385027430038,1000000,2.8869568393642545e-06,,seconds,43.9713990688324,43.8806829918176,megabytes,562.0,562.0,82.0,80.50510204081633,0.265269248,0.265269248,0.81796875,0.7781927614795918,success,sgd,0.01,1000000,1e-06,0.002,0.9,2.8869568393642545e-06,
1D-gaussian-4c-64p,64,64,0.0803113310781564,1000000,7.241763452345504e-06,,seconds,43.7450053691864,43.7161447647959,megabytes,562.0,562.0,82.0,80.58291457286433,0.265293824,0.265293824,0.815625,0.7796874999999996,success,sgd,0.01,1000000,1e-06,0.002,0.9,7.241763452345504e-06,
1D-gaussian-4c-64p,64,64,0.0851742707824906,1000000,6.341021873394167e-06,,seconds,43.95098853111267,43.9262808393687,megabytes,562.0,562.0,82.0,80.36224489795919,0.265244672,0.265244672,0.82109375,0.7802853954081627,success,sgd,0.01,1000000,1e-06,0.002,0.9,6.341021873394167e-06,
1D-gaussian-4c-64p,64,64,0.0652180572594983,1000000,1.7338045327831978e-05,,seconds,43.75111961364746,43.57993691787124,megabytes,562.0,562.0,83.0,81.41176470588235,0.265510912,0.265510912,0.8328125,0.7737094056372547,success,sgd,0.01,1000000,1e-06,0.002,0.9,1.7338045327831978e-05,
1D-gaussian-4c-64p,64,64,0.3276085823752266,1000000,3.363462791753816e-05,,seconds,43.61797833442688,43.60614266991615,megabytes,562.0,562.0,83.0,81.66502463054188,0.265445376,0.265445376,0.81640625,0.7788600677339902,success,sgd,0.01,1000000,1e-06,0.002,0.9,3.363462791753816e-05,
1D-gaussian-4c-64p,64,64,0.0564972768894006,1000000,1.58206000189999e-05,,seconds,43.6781063079834,43.5675587952137,megabytes,562.0,562.0,83.0,81.52970297029702,0.265437184,0.265437184,0.81484375,0.775058013613862,success,sgd,0.01,1000000,1e-06,0.002,0.9,1.58206000189999e-05,
1D-gaussian-4c-64p,64,64,0.1965430457515897,1000000,2.298952828155727e-05,,seconds,44.03451633453369,43.86771987564862,megabytes,562.0,562.0,83.0,80.36224489795919,0.26535936,0.26535936,0.82265625,0.7771006058673469,success,sgd,0.01,1000000,1e-06,0.002,0.9,2.298952828155727e-05,
1D-gaussian-4c-128p,128,128,0.0987954690691202,1000000,2.5485925180433177e-05,,seconds,50.04647922515869,49.91234236955643,megabytes,562.0,562.0,87.0,79.94713656387665,0.266092544,0.266092544,0.8234375,0.776411068281939,success,sgd,0.01,1000000,1e-06,0.002,0.9,2.5485925180433177e-05,
1D-gaussian-4c-128p,128,128,0.0174891796748068,1000000,1.415623123689886e-05,,seconds,49.62942051887512,49.582108652219176,megabytes,562.0,562.0,85.0,80.04017857142857,0.266031104,0.266031104,0.81484375,0.7782784598214291,success,sgd,0.01,1000000,1e-06,0.002,0.9,1.415623123689886e-05,
1D-gaussian-4c-128p,128,128,0.1115345814293513,1000000,2.9205888150878216e-05,,seconds,49.99693918228149,49.942802760750055,megabytes,562.0,562.0,82.0,79.65086206896552,0.26628096,0.26628096,0.81875,0.7774212015086206,success,sgd,0.01,1000000,1e-06,0.002,0.9,2.9205888150878216e-05,
1D-gaussian-4c-128p,128,128,0.018657497048768,1000000,1.7631907166097475e-05,,seconds,49.97612953186035,49.861464159563184,megabytes,562.0,562.0,82.0,79.72489082969432,0.266223616,0.266223616,0.8375,0.7766170851528384,success,sgd,0.01,1000000,1e-06,0.002,0.9,1.7631907166097475e-05,
1D-gaussian-4c-128p,128,128,0.206945894035759,1000000,2.962449070482072e-05,,seconds,49.8850839138031,49.689219100400805,megabytes,562.0,562.0,82.0,80.19298245614036,0.266211328,0.266211328,0.81953125,0.7756133497807014,success,sgd,0.01,1000000,1e-06,0.002,0.9,2.962449070482072e-05,
1D-gaussian-4c-128p,128,128,0.0407055647730138,1000000,1.301122640265654e-05,,seconds,49.73263430595398,49.64029826596379,megabytes,562.0,562.0,82.0,79.85585585585585,0.266104832,0.266104832,0.81875,0.7772240990990986,success,sgd,0.01,1000000,1e-06,0.002,0.9,1.301122640265654e-05,
1D-gaussian-4c-128p,128,128,0.0615228055498667,1000000,2.059716677669497e-05,,seconds,49.81165647506714,49.74567433260381,megabytes,562.0,562.0,87.0,79.70222222222222,0.266203136,0.266203136,0.81640625,0.7778506944444447,success,sgd,0.01,1000000,1e-06,0.002,0.9,2.059716677669497e-05,
1D-gaussian-4c-128p,128,128,0.0500071102643132,1000000,2.5042804875958392e-05,,seconds,50.46689414978027,50.295106798410416,megabytes,562.0,562.0,86.0,79.30125523012552,0.266530816,0.266530816,0.82265625,0.7752778504184106,success,sgd,0.01,1000000,1e-06,0.002,0.9,2.5042804875958392e-05,
1D-gaussian-4c-128p,128,128,0.0168357850427335,1000000,9.29507358931139e-06,,seconds,50.03656029701233,49.894710252061486,megabytes,562.0,562.0,83.0,80.117903930131,0.266330112,0.266330112,0.82578125,0.7756891375545851,success,sgd,0.01,1000000,1e-06,0.002,0.9,9.29507358931139e-06,
1D-gaussian-4c-128p,128,128,0.0732164005322938,1000000,2.5764561858750625e-05,,seconds,49.52293968200684,49.39828413724899,megabytes,562.0,562.0,87.0,80.77981651376147,0.265981952,0.265981952,0.8203125,0.7755268061926608,success,sgd,0.01,1000000,1e-06,0.002,0.9,2.5764561858750625e-05,
1D-gaussian-4c-128p,128,128,0.3979682503497331,1000000,5.5272546324163286e-05,,seconds,49.88374090194702,49.70081138052046,megabytes,562.0,562.0,83.0,80.11842105263158,0.26640384,0.26640384,0.815625,0.7768092105263157,success,sgd,0.01,1000000,1e-06,0.002,0.9,5.5272546324163286e-05,
1D-gaussian-4c-128p,128,128,0.1193143746480725,1000000,3.252493729490787e-05,,seconds,50.515687704086304,50.37984637543559,megabytes,562.0,562.0,83.0,79.18518518518519,0.266674176,0.266674176,0.82578125,0.7774369855967077,success,sgd,0.01,1000000,1e-06,0.002,0.9,3.252493729490787e-05,
1D-gaussian-4c-128p,128,128,0.2040203976250556,1000000,3.2600781949403367e-05,,seconds,50.5128321647644,50.39308469556272,megabytes,562.0,562.0,83.0,79.09795918367347,0.266719232,0.266719232,0.82265625,0.7750988520408166,success,sgd,0.01,1000000,1e-06,0.002,0.9,3.2600781949403367e-05,
1D-gaussian-4c-128p,128,128,0.0748792078606682,1000000,2.942527894488332e-05,,seconds,50.10080409049988,49.93675784021616,megabytes,562.0,562.0,83.0,79.56410256410257,0.266498048,0.266498048,0.81953125,0.7741619925213675,success,sgd,0.01,1000000,1e-06,0.002,0.9,2.942527894488332e-05,
1D-gaussian-4c-128p,128,128,0.0141289103570854,1000000,1.08309906524491e-05,,seconds,49.74160361289978,49.65728144161403,megabytes,562.0,562.0,83.0,80.05701754385964,0.266461184,0.266461184,0.82109375,0.7761444627192978,success,sgd,0.01,1000000,1e-06,0.002,0.9,1.08309906524491e-05,
1D-gaussian-4c-128p,128,128,0.0416520068162961,1000000,1.158835161785177e-05,,seconds,49.88616704940796,49.7691201325506,megabytes,562.0,562.0,82.0,79.92207792207792,0.266518528,0.266518528,0.81953125,0.7768601190476191,success,sgd,0.01,1000000,1e-06,0.002,0.9,1.158835161785177e-05,
1D-gaussian-4c-128p,128,128,0.1076174076755944,1000000,3.3659935569899815e-05,,seconds,49.5440788269043,49.45655349269509,megabytes,562.0,562.0,83.0,80.48430493273543,0.266448896,0.266448896,0.82109375,0.7783702354260085,success,sgd,0.01,1000000,1e-06,0.002,0.9,3.3659935569899815e-05,
1D-gaussian-4c-128p,128,128,0.0214715426677914,1000000,1.1108369080286876e-05,,seconds,49.84501576423645,49.76102443598211,megabytes,562.0,562.0,85.0,79.9650655021834,0.266539008,0.266539008,0.8234375,0.7760951146288206,success,sgd,0.01,1000000,1e-06,0.002,0.9,1.1108369080286876e-05,
1D-gaussian-4c-128p,128,128,0.0965306422260833,1000000,3.0948497838891885e-05,,seconds,49.995014667510986,49.9228285998106,megabytes,562.0,562.0,83.0,80.2987012987013,0.266604544,0.266604544,0.82265625,0.7773403679653688,success,sgd,0.01,1000000,1e-06,0.002,0.9,3.0948497838891885e-05,
1D-gaussian-4c-128p,128,128,0.0153247607161919,1000000,7.506754669521481e-06,,seconds,50.01735806465149,49.93806334584952,megabytes,562.0,562.0,86.0,79.66239316239316,0.266665984,0.266665984,0.8171875,0.7779180021367521,success,sgd,0.01,1000000,1e-06,0.002,0.9,7.506754669521481e-06,
1D-gaussian-4c-128p,128,128,0.1684667292001087,1000000,2.99409636234191e-05,,seconds,50.42422842979431,50.24685595929623,megabytes,562.0,562.0,82.0,79.11715481171548,0.266891264,0.266891264,0.82890625,0.7764905857740589,success,sgd,0.01,1000000,1e-06,0.002,0.9,2.99409636234191e-05,
1D-gaussian-4c-128p,128,128,0.0435012550200161,1000000,1.3811303194542029e-05,,seconds,49.382102966308594,49.36877631954849,megabytes,562.0,562.0,83.0,80.78733031674209,0.266407936,0.266407936,0.83515625,0.7770892251131222,success,sgd,0.01,1000000,1e-06,0.002,0.9,1.3811303194542029e-05,
1D-gaussian-4c-128p,128,128,0.1037009149464588,1000000,1.963856649534908e-05,,seconds,49.97190308570862,49.84961485490203,megabytes,562.0,562.0,87.0,79.93913043478261,0.26660864,0.26660864,0.82578125,0.7774796195652172,success,sgd,0.01,1000000,1e-06,0.002,0.9,1.963856649534908e-05,
1D-gaussian-4c-128p,128,128,0.1323425871944006,1000000,1.759612781233717e-05,,seconds,49.56688737869263,49.50373014807701,megabytes,562.0,562.0,83.0,80.625,0.266510336,0.266510336,0.8234375,0.7756801060267859,success,sgd,0.01,1000000,1e-06,0.002,0.9,1.759612781233717e-05,
1D-gaussian-4c-128p,128,128,0.0374258387931405,1000000,1.0895545237925743e-05,,seconds,50.29918456077576,50.141367837786674,megabytes,562.0,562.0,83.0,79.98305084745763,0.266817536,0.266817536,0.82265625,0.7781117584745773,success,sgd,0.01,1000000,1e-06,0.002,0.9,1.0895545237925743e-05,
1D-gaussian-4c-128p,128,128,0.0802519665270038,1000000,1.3692878379656227e-05,,seconds,50.4562394618988,50.31252435594797,megabytes,562.0,562.0,83.0,79.60743801652893,0.266960896,0.266960896,0.8296875,0.7739637138429746,success,sgd,0.01,1000000,1e-06,0.002,0.9,1.3692878379656227e-05,
1D-gaussian-4c-128p,128,128,0.0851716982742813,1000000,1.4904133495658838e-05,,seconds,49.51828169822693,49.44994714856148,megabytes,562.0,562.0,86.0,80.66071428571429,0.266641408,0.266641408,0.82265625,0.7790283203124997,success,sgd,0.01,1000000,1e-06,0.002,0.9,1.4904133495658838e-05,
1D-gaussian-4c-128p,128,128,0.0651977195535867,1000000,2.6093576715001142e-05,,seconds,50.03831386566162,49.9161833524704,megabytes,562.0,562.0,84.0,80.33333333333333,0.266641408,0.266641408,0.8171875,0.7762919372294377,success,sgd,0.01,1000000,1e-06,0.002,0.9,2.6093576715001142e-05,
1D-gaussian-4c-128p,128,128,0.327428772892486,1000000,4.585148229281985e-05,,seconds,49.97779154777527,49.816167280077934,megabytes,562.0,562.0,83.0,79.75545851528385,0.266698752,0.266698752,0.8234375,0.7775552674672487,success,sgd,0.01,1000000,1e-06,0.002,0.9,4.585148229281985e-05,
1D-gaussian-4c-128p,128,128,0.0564840602425473,1000000,2.231339823894412e-05,,seconds,49.80345129966736,49.72072160616517,megabytes,562.0,562.0,83.0,80.56194690265487,0.266575872,0.266575872,0.828125,0.7768079369469022,success,sgd,0.01,1000000,1e-06,0.002,0.9,2.231339823894412e-05,
1D-gaussian-4c-128p,128,128,0.1964906380537165,1000000,3.214573138944944e-05,,seconds,49.331209659576416,49.33226105198264,megabytes,562.0,562.0,82.0,80.38990825688073,0.266457088,0.266457088,0.815625,0.7796659977064221,success,sgd,0.01,1000000,1e-06,0.002,0.9,3.214573138944944e-05,
1D-gaussian-4c-256p,256,256,0.0987294283684341,1000000,5.740404683260929e-05,,seconds,51.93516397476196,51.83247440494597,megabytes,564.0,564.0,86.0,84.90833333333333,0.267112448,0.267112448,0.85703125,0.7791178385416663,success,sgd,0.01,1000000,1e-06,0.002,0.9,5.740404683260929e-05,
1D-gaussian-4c-256p,256,256,0.0174846571501576,1000000,3.889831158707547e-05,,seconds,52.22547340393066,52.0856772698462,megabytes,564.0,564.0,86.0,84.34482758620689,0.266944512,0.266944512,0.83125,0.7779397898706908,success,sgd,0.01,1000000,1e-06,0.002,0.9,3.889831158707547e-05,
1D-gaussian-4c-256p,256,256,0.1114783607290694,1000000,4.572191159801602e-05,,seconds,52.073859453201294,51.98472195118666,megabytes,564.0,564.0,86.0,84.62553191489361,0.267124736,0.267124736,0.825,0.7773803191489361,success,sgd,0.01,1000000,1e-06,0.002,0.9,4.572191159801602e-05,
1D-gaussian-4c-256p,256,256,0.0186438648819177,1000000,4.853362668353594e-05,,seconds,52.37635803222656,52.118738589808345,megabytes,564.0,564.0,86.0,84.4396551724138,0.26710016,0.26710016,0.8140625,0.7752592941810348,success,sgd,0.01,1000000,1e-06,0.002,0.9,4.853362668353594e-05,
1D-gaussian-4c-256p,256,256,0.2068201407203565,1000000,6.144038167895806e-05,,seconds,52.11599826812744,51.96120582334697,megabytes,564.0,564.0,86.0,84.60337552742617,0.26720256,0.26720256,0.8234375,0.7772679324894515,success,sgd,0.01,1000000,1e-06,0.002,0.9,6.144038167895806e-05,
1D-gaussian-4c-256p,256,256,0.040706355776631,1000000,4.359732524966647e-05,,seconds,51.95620894432068,51.93992195650935,megabytes,564.0,564.0,86.0,84.60337552742617,0.267214848,0.267214848,0.828125,0.776747099156118,success,sgd,0.01,1000000,1e-06,0.002,0.9,4.359732524966647e-05,
1D-gaussian-4c-256p,256,256,0.0615095369731774,1000000,4.259185208050568e-05,,seconds,52.0854880809784,52.051540253683925,megabytes,564.0,564.0,86.0,84.35775862068965,0.267096064,0.267096064,0.815625,0.7793541217672414,success,sgd,0.01,1000000,1e-06,0.002,0.9,4.259185208050568e-05,
1D-gaussian-4c-256p,256,256,0.0499943376602187,1000000,4.024040861400352e-05,,seconds,51.95296478271485,51.95359914377332,megabytes,564.0,564.0,86.0,84.63598326359832,0.267292672,0.267292672,0.82578125,0.7775006537656899,success,sgd,0.01,1000000,1e-06,0.002,0.9,4.024040861400352e-05,
1D-gaussian-4c-256p,256,256,0.0168252846216926,1000000,3.204342265746074e-05,,seconds,52.167524099349976,52.01907123811543,megabytes,564.0,564.0,86.0,84.72765957446809,0.267218944,0.267218944,0.82421875,0.7788231382978719,success,sgd,0.01,1000000,1e-06,0.002,0.9,3.204342265746074e-05,
1D-gaussian-4c-256p,256,256,0.0731357811567651,1000000,5.467582807178773e-05,,seconds,51.99201440811157,51.8998239133507,megabytes,564.0,564.0,86.0,84.87551867219916,0.267300864,0.267300864,0.82265625,0.7797588174273862,success,sgd,0.01,1000000,1e-06,0.002,0.9,5.467582807178773e-05,
1D-gaussian-4c-256p,256,256,0.3976768400653521,1000000,7.843325453980126e-05,,seconds,52.20257520675659,52.01855760626495,megabytes,564.0,564.0,86.0,84.32067510548524,0.267321344,0.267321344,0.81953125,0.7788502109704645,success,sgd,0.01,1000000,1e-06,0.002,0.9,7.843325453980126e-05,
1D-gaussian-4c-256p,256,256,0.1191774539931382,1000000,7.114494801192628e-05,,seconds,52.05051898956299,51.85682034678757,megabytes,564.0,564.0,86.0,84.8298755186722,0.267370496,0.267370496,0.81875,0.7760697614107885,success,sgd,0.01,1000000,1e-06,0.002,0.9,7.114494801192628e-05,
1D-gaussian-4c-256p,256,256,0.2038777198259852,1000000,6.692511740224557e-05,,seconds,51.883869647979736,51.82083196006715,megabytes,564.0,564.0,86.0,84.7396694214876,0.267313152,0.267313152,0.846875,0.7780410640495862,success,sgd,0.01,1000000,1e-06,0.002,0.9,6.692511740224557e-05,
1D-gaussian-4c-256p,256,256,0.074820868094007,1000000,5.097948732404143e-05,,seconds,52.0220513343811,51.99482122249901,megabytes,564.0,564.0,86.0,84.45338983050847,0.267255808,0.267255808,0.828125,0.7788367319915255,success,sgd,0.01,1000000,1e-06,0.002,0.9,5.097948732404143e-05,
1D-gaussian-4c-256p,256,256,0.0141268984215876,1000000,3.472359611365093e-05,,seconds,51.79159116744995,51.6285024676472,megabytes,564.0,564.0,86.0,85.08835341365462,0.267505664,0.267505664,0.82109375,0.7773751255020083,success,sgd,0.01,1000000,1e-06,0.002,0.9,3.472359611365093e-05,
1D-gaussian-4c-256p,256,256,0.0416445903054028,1000000,3.821546995358324e-05,,seconds,52.00527882575989,51.85964823886752,megabytes,564.0,564.0,86.0,84.76348547717842,0.267337728,0.267337728,0.8234375,0.7769482624481322,success,sgd,0.01,1000000,1e-06,0.002,0.9,3.821546995358324e-05,
1D-gaussian-4c-256p,256,256,0.1074812771989792,1000000,6.154690644948775e-05,,seconds,52.130934953689575,51.99542874842882,megabytes,564.0,564.0,86.0,84.36595744680851,0.267255808,0.267255808,0.81953125,0.7753158244680854,success,sgd,0.01,1000000,1e-06,0.002,0.9,6.154690644948775e-05,
1D-gaussian-4c-256p,256,256,0.0214626188061105,1000000,3.632373238978857e-05,,seconds,52.0680456161499,52.01335236243904,megabytes,564.0,564.0,86.0,84.47679324894514,0.267460608,0.267460608,0.8234375,0.7786689082278486,success,sgd,0.01,1000000,1e-06,0.002,0.9,3.632373238978857e-05,
1D-gaussian-4c-256p,256,256,0.0964324079914496,1000000,5.093893975411543e-05,,seconds,52.07288908958435,51.89009036682546,megabytes,564.0,564.0,87.0,84.93723849372385,0.267481088,0.267481088,0.834375,0.7771672332635983,success,sgd,0.01,1000000,1e-06,0.002,0.9,5.093893975411543e-05,
1D-gaussian-4c-256p,256,256,0.0153204422546123,1000000,3.200462905079634e-05,,seconds,52.02461624145508,51.86198181286454,megabytes,564.0,564.0,86.0,84.58333333333333,0.26738688,0.26738688,0.8203125,0.7753548177083334,success,sgd,0.01,1000000,1e-06,0.002,0.9,3.200462905079634e-05,
1D-gaussian-4c-256p,256,256,0.1683904296897813,1000000,6.024757951325799e-05,,seconds,52.10843896865845,51.93705179169774,megabytes,564.0,564.0,86.0,84.28571428571429,0.26734592,0.26734592,0.81796875,0.7753610819327736,success,sgd,0.01,1000000,1e-06,0.002,0.9,6.024757951325799e-05,
1D-gaussian-4c-256p,256,256,0.0434942494583621,1000000,4.088669848396416e-05,,seconds,52.38645672798157,52.125749776139855,megabytes,564.0,564.0,85.0,83.5108225108225,0.26718208,0.26718208,0.8203125,0.7754295183982688,success,sgd,0.01,1000000,1e-06,0.002,0.9,4.088669848396416e-05,
1D-gaussian-4c-256p,256,256,0.1036930050711127,1000000,3.697883428056123e-05,,seconds,52.19397449493408,52.01036553457379,megabytes,564.0,564.0,86.0,84.45991561181435,0.267636736,0.267636736,0.821875,0.7755109440928267,success,sgd,0.01,1000000,1e-06,0.002,0.9,3.697883428056123e-05,
1D-gaussian-4c-256p,256,256,0.1323402556432083,1000000,5.215196411427099e-05,,seconds,52.01008439064026,51.99547318555415,megabytes,564.0,564.0,86.0,84.68510638297872,0.267149312,0.267149312,0.8203125,0.7812101063829792,success,sgd,0.01,1000000,1e-06,0.002,0.9,5.215196411427099e-05,
1D-gaussian-4c-256p,256,256,0.037424004331632,1000000,4.016316405938168e-05,,seconds,51.818312644958496,51.7811683434993,megabytes,564.0,564.0,86.0,84.79253112033194,0.267423744,0.267423744,0.81875,0.7793536047717843,success,sgd,0.01,1000000,1e-06,0.002,0.9,4.016316405938168e-05,
1D-gaussian-4c-256p,256,256,0.0802496378327798,1000000,4.70620181799462e-05,,seconds,51.97455000877381,51.83875589631498,megabytes,564.0,564.0,86.0,84.84583333333333,0.267411456,0.267411456,0.81875,0.7771809895833333,success,sgd,0.01,1000000,1e-06,0.002,0.9,4.70620181799462e-05,
1D-gaussian-4c-256p,256,256,0.0851671634876831,1000000,4.0456257027652966e-05,,seconds,52.19723129272461,52.017373399809,megabytes,564.0,564.0,86.0,84.55128205128206,0.26748928,0.26748928,0.81875,0.7781583867521369,success,sgd,0.01,1000000,1e-06,0.002,0.9,4.0456257027652966e-05,
1D-gaussian-4c-256p,256,256,0.0651464119797878,1000000,4.898783952009175e-05,,seconds,51.88161301612854,51.8316915910691,megabytes,564.0,564.0,86.0,84.7344398340249,0.267288576,0.267288576,0.82109375,0.7791169605809128,success,sgd,0.01,1000000,1e-06,0.002,0.9,4.898783952009175e-05,
1D-gaussian-4c-256p,256,256,0.3273006706322957,1000000,7.508507725075068e-05,,seconds,51.98801898956299,51.95489766821265,megabytes,564.0,564.0,86.0,84.64435146443515,0.267579392,0.267579392,0.81640625,0.778213258368201,success,sgd,0.01,1000000,1e-06,0.002,0.9,7.508507725075068e-05,
1D-gaussian-4c-256p,256,256,0.0564574124761827,1000000,4.742338430902037e-05,,seconds,51.8525071144104,51.716775469481945,megabytes,564.0,564.0,86.0,85.0326530612245,0.267436032,0.267436032,0.83125,0.7781186224489798,success,sgd,0.01,1000000,1e-06,0.002,0.9,4.742338430902037e-05,
1D-gaussian-4c-256p,256,256,0.1963477579138779,1000000,6.716774674974399e-05,,seconds,52.05874061584473,51.92858701944351,megabytes,564.0,564.0,86.0,84.84937238493724,0.26740736,0.26740736,0.8265625,0.7788866370292897,success,sgd,0.01,1000000,1e-06,0.002,0.9,6.716774674974399e-05,
1D-gaussian-4c-512p,512,512,0.09869529020873,1000000,0.0001719906310367,,seconds,68.62632417678833,68.45282358303666,megabytes,572.0,572.0,87.0,86.01986754966887,0.268709888,0.268709888,0.85,0.7773023592715227,success,sgd,0.01,1000000,1e-06,0.002,0.9,0.0001719906310367,
1D-gaussian-4c-512p,512,512,0.0174686474293117,1000000,0.000117004801897,,seconds,68.4649350643158,68.28259781002998,megabytes,572.0,572.0,87.0,86.17460317460318,0.269029376,0.269029376,0.8234375,0.7781522817460316,success,sgd,0.01,1000000,1e-06,0.002,0.9,0.000117004801897,
1D-gaussian-4c-512p,512,512,0.1113714663312155,1000000,0.000133245390906,,seconds,68.25357174873352,68.1088892929256,megabytes,572.0,572.0,87.0,86.42901234567901,0.269062144,0.269062144,0.82265625,0.7783154899691354,success,sgd,0.01,1000000,1e-06,0.002,0.9,0.000133245390906,
1D-gaussian-4c-512p,512,512,0.0185866695097664,1000000,0.0001518541251379,,seconds,68.54647946357727,68.4270903877914,megabytes,572.0,572.0,87.0,86.01623376623377,0.268730368,0.268730368,0.83125,0.7773513595779219,success,sgd,0.01,1000000,1e-06,0.002,0.9,0.0001518541251379,
1D-gaussian-4c-512p,512,512,0.2067471065326331,1000000,0.0001498206463836,,seconds,68.50433111190796,68.36947274953127,megabytes,572.0,572.0,87.0,85.95779220779221,0.269049856,0.269049856,0.821875,0.7788682021103895,success,sgd,0.01,1000000,1e-06,0.002,0.9,0.0001498206463836,
1D-gaussian-4c-512p,512,512,0.0407227906912513,1000000,0.0001436102376009,,seconds,68.42611026763916,68.36125450208783,megabytes,572.0,572.0,87.0,86.04545454545455,0.269058048,0.269058048,0.82109375,0.7786120129870134,success,sgd,0.01,1000000,1e-06,0.002,0.9,0.0001436102376009,
1D-gaussian-4c-512p,512,512,0.0614633699803109,1000000,0.000104238803949,,seconds,68.51345562934875,68.3595463950187,megabytes,572.0,572.0,87.0,86.10610932475885,0.269099008,0.269099008,0.81875,0.7761932274919611,success,sgd,0.01,1000000,1e-06,0.002,0.9,0.000104238803949,
1D-gaussian-4c-512p,512,512,0.0499040264523694,1000000,0.0001266967032119,,seconds,68.43320941925049,68.2983286678791,megabytes,572.0,572.0,87.0,86.15873015873017,0.269139968,0.269139968,0.821875,0.7779985119047619,success,sgd,0.01,1000000,1e-06,0.002,0.9,0.0001266967032119,
1D-gaussian-4c-512p,512,512,0.0167821719363813,1000000,0.0001444605170545,,seconds,68.16302013397217,68.13131749629974,megabytes,572.0,572.0,87.0,86.32716049382717,0.269246464,0.269246464,0.834375,0.7801601080246916,success,sgd,0.01,1000000,1e-06,0.002,0.9,0.0001444605170545,
1D-gaussian-4c-512p,512,512,0.0730151318430083,1000000,0.000134050291257,,seconds,68.46840238571167,68.36693764291704,megabytes,572.0,572.0,87.0,86.15335463258786,0.268935168,0.268935168,0.825,0.7793330670926515,success,sgd,0.01,1000000,1e-06,0.002,0.9,0.000134050291257,
1D-gaussian-4c-512p,512,512,0.397345310288385,1000000,0.0001524084624698,,seconds,68.49445986747742,68.31217463128269,megabytes,572.0,572.0,87.0,86.17142857142858,0.269053952,0.269053952,0.82265625,0.777237103174603,success,sgd,0.01,1000000,1e-06,0.002,0.9,0.0001524084624698,
1D-gaussian-4c-512p,512,512,0.1190337198211659,1000000,0.0001710256699381,,seconds,68.36013579368591,68.26895139738917,megabytes,572.0,572.0,87.0,86.26666666666667,0.26908672,0.26908672,0.84140625,0.7777728174603177,success,sgd,0.01,1000000,1e-06,0.002,0.9,0.0001710256699381,
1D-gaussian-4c-512p,512,512,0.2037329036237318,1000000,0.0001687868333578,,seconds,68.41872310638428,68.37456453032792,megabytes,572.0,572.0,87.0,86.18649517684888,0.269029376,0.269029376,0.83671875,0.7773286776527332,success,sgd,0.01,1000000,1e-06,0.002,0.9,0.0001687868333578,
1D-gaussian-4c-512p,512,512,0.0748074455737439,1000000,0.0001550631235869,,seconds,68.60325145721436,68.42803755961359,megabytes,572.0,572.0,87.0,86.05882352941177,0.26904576,0.26904576,0.81953125,0.7751455269607849,success,sgd,0.01,1000000,1e-06,0.002,0.9,0.0001550631235869,
1D-gaussian-4c-512p,512,512,0.0141205016653976,1000000,0.0001125633619439,,seconds,68.29572057723999,68.29337407834828,megabytes,572.0,572.0,87.0,86.14968152866243,0.269303808,0.269303808,0.81640625,0.7780080613057333,success,sgd,0.01,1000000,1e-06,0.002,0.9,0.0001125633619439,
1D-gaussian-4c-512p,512,512,0.0416733406646817,1000000,0.0001379468122521,,seconds,68.6172411441803,68.43771029636264,megabytes,572.0,572.0,87.0,86.05825242718447,0.269078528,0.269078528,0.81875,0.7766004247572814,success,sgd,0.01,1000000,1e-06,0.002,0.9,0.0001379468122521,
1D-gaussian-4c-512p,512,512,0.1073089723924342,1000000,0.0001818960876357,,seconds,68.61996960639954,68.46027667634189,megabytes,572.0,572.0,87.0,86.01311475409837,0.268894208,0.268894208,0.82890625,0.7771413934426232,success,sgd,0.01,1000000,1e-06,0.002,0.9,0.0001818960876357,
1D-gaussian-4c-512p,512,512,0.0214368465579282,1000000,0.0001084978719011,,seconds,68.48083829879761,68.33232262916863,megabytes,572.0,572.0,87.0,86.01916932907348,0.269287424,0.269287424,0.82109375,0.7780401357827472,success,sgd,0.01,1000000,1e-06,0.002,0.9,0.0001084978719011,
1D-gaussian-4c-512p,512,512,0.0963269545226774,1000000,0.0001261737074193,,seconds,68.48260760307312,68.38007590919733,megabytes,572.0,572.0,87.0,86.11650485436893,0.269242368,0.269242368,0.83203125,0.7784435679611649,success,sgd,0.01,1000000,1e-06,0.002,0.9,0.0001261737074193,
1D-gaussian-4c-512p,512,512,0.0153072524651761,1000000,0.0001015190066383,,seconds,68.15957021713257,68.16062275506556,megabytes,572.0,572.0,87.0,86.20253164556962,0.269406208,0.269406208,0.83671875,0.7791955102848098,success,sgd,0.01,1000000,1e-06,0.002,0.9,0.0001015190066383,
1D-gaussian-4c-512p,512,512,0.1683583399861563,1000000,0.0001527048859848,,seconds,68.45628094673157,68.42136394046247,megabytes,572.0,572.0,87.0,85.94426229508197,0.269037568,0.269037568,0.81796875,0.7796695696721312,success,sgd,0.01,1000000,1e-06,0.002,0.9,0.0001527048859848,
1D-gaussian-4c-512p,512,512,0.0434842963612817,1000000,0.000109371520758,,seconds,68.58346796035767,68.44107707776129,megabytes,572.0,572.0,87.0,86.02980132450331,0.269029376,0.269029376,0.82265625,0.779268418874172,success,sgd,0.01,1000000,1e-06,0.002,0.9,0.000109371520758,
1D-gaussian-4c-512p,512,512,0.1036607343093765,1000000,0.0001095691697259,,seconds,68.24864506721497,68.19060551188886,megabytes,572.0,572.0,87.0,86.30379746835443,0.269234176,0.269234176,0.82265625,0.7801498219936708,success,sgd,0.01,1000000,1e-06,0.002,0.9,0.0001095691697259,
1D-gaussian-4c-512p,512,512,0.1323419986931736,1000000,0.0001616724172582,,seconds,68.52953910827637,68.42665826156735,megabytes,572.0,572.0,87.0,86.09508196721312,0.26904576,0.26904576,0.83046875,0.7789062499999999,success,sgd,0.01,1000000,1e-06,0.002,0.9,0.0001616724172582,
1D-gaussian-4c-512p,512,512,0.0374561579533352,1000000,0.000146009189338,,seconds,68.42362976074219,68.25880971550941,megabytes,572.0,572.0,87.0,86.1656050955414,0.269266944,0.269266944,0.8265625,0.7760449840764333,success,sgd,0.01,1000000,1e-06,0.002,0.9,0.000146009189338,
1D-gaussian-4c-512p,512,512,0.0802630064089157,1000000,0.0001429535402682,,seconds,68.1693024635315,68.10955113172531,megabytes,572.0,572.0,87.0,86.27414330218069,0.269410304,0.269410304,0.8234375,0.7795463395638629,success,sgd,0.01,1000000,1e-06,0.002,0.9,0.0001429535402682,
1D-gaussian-4c-512p,512,512,0.0851742140108488,1000000,0.0001258513433471,,seconds,68.32993268966675,68.32488131709397,megabytes,572.0,572.0,87.0,86.08387096774193,0.26925056,0.26925056,0.8234375,0.7801386088709682,success,sgd,0.01,1000000,1e-06,0.002,0.9,0.0001258513433471,
1D-gaussian-4c-512p,512,512,0.0650326093659559,1000000,0.0001174899033454,,seconds,68.34765791893005,68.14710506051779,megabytes,572.0,572.0,87.0,86.21698113207547,0.269484032,0.269484032,0.8234375,0.776958038522013,success,sgd,0.01,1000000,1e-06,0.002,0.9,0.0001174899033454,
1D-gaussian-4c-512p,512,512,0.3271446907513067,1000000,0.0001658653005224,,seconds,67.85785102844238,67.82102617062628,megabytes,572.0,572.0,87.0,86.56838905775076,0.269611008,0.269611008,0.821875,0.7785120630699089,success,sgd,0.01,1000000,1e-06,0.002,0.9,0.0001658653005224,
1D-gaussian-4c-512p,512,512,0.0563889485514287,1000000,0.0001179439696606,,seconds,68.3049099445343,68.20200948417187,megabytes,572.0,572.0,87.0,86.34726688102894,0.269336576,0.269336576,0.82109375,0.7779692524115759,success,sgd,0.01,1000000,1e-06,0.002,0.9,0.0001179439696606,
1D-gaussian-4c-512p,512,512,0.1962235122426595,1000000,0.0001428168185388,,seconds,68.26533031463623,68.21804833039641,megabytes,572.0,572.0,87.0,86.35668789808918,0.269389824,0.269389824,0.8234375,0.7786698845541403,success,sgd,0.01,1000000,1e-06,0.002,0.9,0.0001428168185388,
1D-gaussian-4c-1024p,1024,1024,0.0986303660861933,1000000,0.0005487429182078,,seconds,90.78419923782349,90.64944833144546,megabytes,598.0,598.0,90.0,88.93596059113301,0.272560128,0.272560128,0.8203125,0.7777382235221674,success,sgd,0.01,1000000,1e-06,0.002,0.9,0.0005487429182078,
1D-gaussian-4c-1024p,1024,1024,0.0174211460467916,1000000,0.0003983426768743,,seconds,90.52205681800842,90.43966062739491,megabytes,598.0,598.0,91.0,89.56354916067146,0.271454208,0.271454208,0.834375,0.7779826139088727,success,sgd,0.01,1000000,1e-06,0.002,0.9,0.0003983426768743,
1D-gaussian-4c-1024p,1024,1024,0.1109382203974088,1000000,0.0004121788569283,,seconds,91.14955377578735,90.95214968174696,megabytes,598.0,598.0,92.0,88.95913461538461,0.271581184,0.271581184,0.8265625,0.7770282451923072,success,sgd,0.01,1000000,1e-06,0.002,0.9,0.0004121788569283,
1D-gaussian-4c-1024p,1024,1024,0.0183129536693121,1000000,0.0005105401488221,,seconds,90.91234254837036,90.74933580309153,megabytes,598.0,598.0,91.0,89.69876543209877,0.271577088,0.271577088,0.834375,0.7787480709876542,success,sgd,0.01,1000000,1e-06,0.002,0.9,0.0005105401488221,
1D-gaussian-4c-1024p,1024,1024,0.2066534062790151,1000000,0.0004657777662637,,seconds,90.72358012199402,90.54860766418278,megabytes,598.0,598.0,91.0,89.52088452088452,0.271659008,0.271659008,0.82734375,0.7781077242014748,success,sgd,0.01,1000000,1e-06,0.002,0.9,0.0004657777662637,
1D-gaussian-4c-1024p,1024,1024,0.0407965701119302,1000000,0.0004897744653361,,seconds,90.86229848861694,90.81652643345296,megabytes,598.0,598.0,91.0,89.38536585365854,0.27160576,0.27160576,0.81640625,0.7789005335365858,success,sgd,0.01,1000000,1e-06,0.002,0.9,0.0004897744653361,
1D-gaussian-4c-1024p,1024,1024,0.0613124841635344,1000000,0.0003169945562164,,seconds,90.9453511238098,90.81843932531774,megabytes,598.0,598.0,91.0,89.64194373401534,0.27170816,0.27170816,0.81953125,0.7793578164961636,success,sgd,0.01,1000000,1e-06,0.002,0.9,0.0003169945562164,
1D-gaussian-4c-1024p,1024,1024,0.0495672703945679,1000000,0.000490413497454,,seconds,90.05259704589844,89.98138457722962,megabytes,598.0,598.0,91.0,90.073417721519,0.271659008,0.271659008,0.8203125,0.7787163765822783,success,sgd,0.01,1000000,1e-06,0.002,0.9,0.000490413497454,
1D-gaussian-4c-1024p,1024,1024,0.0167654651446041,1000000,0.0005074388030875,,seconds,91.3672685623169,91.33411735668778,megabytes,598.0,598.0,92.0,88.59859154929578,0.2716672,0.2716672,0.82109375,0.7781671801643198,success,sgd,0.01,1000000,1e-06,0.002,0.9,0.0005074388030875,
1D-gaussian-4c-1024p,1024,1024,0.0727905332958965,1000000,0.0005291483408117,,seconds,90.45928478240968,90.43903228454292,megabytes,598.0,598.0,92.0,89.5295566502463,0.271679488,0.271679488,0.81875,0.7796105295566504,success,sgd,0.01,1000000,1e-06,0.002,0.9,0.0005291483408117,
1D-gaussian-4c-1024p,1024,1024,0.3961510219670468,1000000,0.0004338437317104,,seconds,90.88115930557252,90.67679346352816,megabytes,598.0,598.0,90.0,89.31111111111112,0.27179008,0.27179008,0.81953125,0.7788368055555561,success,sgd,0.01,1000000,1e-06,0.002,0.9,0.0004338437317104,
1D-gaussian-4c-1024p,1024,1024,0.1184308087025847,1000000,0.0004978154766275,,seconds,90.8250720500946,90.68721693754196,megabytes,598.0,598.0,92.0,89.62529832935562,0.271753216,0.271753216,0.821875,0.7793798478520284,success,sgd,0.01,1000000,1e-06,0.002,0.9,0.0004978154766275,
1D-gaussian-4c-1024p,1024,1024,0.2030840342443367,1000000,0.0005106525117959,,seconds,91.66811752319336,91.59490076638758,megabytes,598.0,598.0,92.0,88.51264367816091,0.27179008,0.27179008,0.8375,0.7798796695402308,success,sgd,0.01,1000000,1e-06,0.002,0.9,0.0005106525117959,
1D-gaussian-4c-1024p,1024,1024,0.0750279893021754,1000000,0.0004932358712388,,seconds,90.0337085723877,89.99538332037628,megabytes,598.0,598.0,91.0,89.7525,0.271765504,0.271765504,0.82109375,0.7793105468749998,success,sgd,0.01,1000000,1e-06,0.002,0.9,0.0004932358712388,
1D-gaussian-4c-1024p,1024,1024,0.0141001970889097,1000000,0.0003682096761669,,seconds,90.85902881622314,90.6844491455704,megabytes,598.0,598.0,92.0,89.3697270471464,0.271908864,0.271908864,0.86328125,0.775697890818859,success,sgd,0.01,1000000,1e-06,0.002,0.9,0.0003682096761669,
1D-gaussian-4c-1024p,1024,1024,0.0418353005696632,1000000,0.0004542066503261,,seconds,90.35351133346558,90.20001651719213,megabytes,598.0,598.0,93.0,89.87254901960785,0.271785984,0.271785984,0.81640625,0.7790728400735286,success,sgd,0.01,1000000,1e-06,0.002,0.9,0.0004542066503261,
1D-gaussian-4c-1024p,1024,1024,0.1065325910713786,1000000,0.000524454529661,,seconds,90.75461030006409,90.58023605681956,megabytes,598.0,598.0,91.0,89.15347721822542,0.27193344,0.27193344,0.8375,0.7770852068345322,success,sgd,0.01,1000000,1e-06,0.002,0.9,0.000524454529661,
1D-gaussian-4c-1024p,1024,1024,0.0213580030480031,1000000,0.0003568154692578,,seconds,91.0938913822174,91.08528679050504,megabytes,598.0,598.0,92.0,89.63614457831325,0.271839232,0.271839232,0.83046875,0.7796799698795178,success,sgd,0.01,1000000,1e-06,0.002,0.9,0.0003568154692578,
1D-gaussian-4c-1024p,1024,1024,0.0958859351791592,1000000,0.000376334459029,,seconds,90.4911425113678,90.41857240721583,megabytes,598.0,598.0,92.0,89.52392344497608,0.271867904,0.271867904,0.8296875,0.7780595843301429,success,sgd,0.01,1000000,1e-06,0.002,0.9,0.000376334459029,
1D-gaussian-4c-1024p,1024,1024,0.0152502888915491,1000000,0.0003218747552339,,seconds,90.91028952598572,90.75519367866218,megabytes,598.0,598.0,91.0,89.30562347188264,0.27191296,0.27191296,0.83203125,0.7786006265281171,success,sgd,0.01,1000000,1e-06,0.002,0.9,0.0003218747552339,
1D-gaussian-4c-1024p,1024,1024,0.1683942171274641,1000000,0.0004698810134076,,seconds,90.22302341461182,90.09675855189562,megabytes,598.0,598.0,91.0,89.92156862745098,0.271929344,0.271929344,0.8234375,0.777826286764705,success,sgd,0.01,1000000,1e-06,0.002,0.9,0.0004698810134076,
1D-gaussian-4c-1024p,1024,1024,0.0435833367904253,1000000,0.0003834861030616,,seconds,91.20148968696594,91.06702078692616,megabytes,598.0,598.0,92.0,89.75735294117646,0.27191296,0.27191296,0.81640625,0.7787185968137252,success,sgd,0.01,1000000,1e-06,0.002,0.9,0.0003834861030616,
1D-gaussian-4c-1024p,1024,1024,0.1037068198659116,1000000,0.0003899453023689,,seconds,90.76049470901488,90.68589214608072,megabytes,598.0,598.0,93.0,89.54590570719603,0.271986688,0.271986688,0.83671875,0.7788345223325064,success,sgd,0.01,1000000,1e-06,0.002,0.9,0.0003899453023689,
1D-gaussian-4c-1024p,1024,1024,0.1323449656998528,1000000,0.0005166203201877,,seconds,90.69471144676208,90.55109565891324,megabytes,598.0,598.0,91.0,89.62779156327544,0.272068608,0.272068608,0.83046875,0.778919820099255,success,sgd,0.01,1000000,1e-06,0.002,0.9,0.0005166203201877,
1D-gaussian-4c-1024p,1024,1024,0.0376054852776441,1000000,0.000486311091145,,seconds,90.58821606636047,90.44944358617067,megabytes,598.0,598.0,92.0,89.43276283618582,0.2720768,0.2720768,0.8328125,0.7780275825183374,success,sgd,0.01,1000000,1e-06,0.002,0.9,0.000486311091145,
1D-gaussian-4c-1024p,1024,1024,0.0803067576027485,1000000,0.0004788629375494,,seconds,90.28593182563782,90.17644258216023,megabytes,598.0,598.0,91.0,89.6857855361596,0.272084992,0.272084992,0.82265625,0.7782886533665837,success,sgd,0.01,1000000,1e-06,0.002,0.9,0.0004788629375494,
1D-gaussian-4c-1024p,1024,1024,0.0852671689625405,1000000,0.0004014245351002,,seconds,91.16994214057922,91.14728051610292,megabytes,598.0,598.0,92.0,89.27403846153847,0.272084992,0.272084992,0.821875,0.7794001652644229,success,sgd,0.01,1000000,1e-06,0.002,0.9,0.0004014245351002,
1D-gaussian-4c-1024p,1024,1024,0.0649209468144875,1000000,0.0004599816562732,,seconds,88.29868125915527,88.20882446318865,megabytes,598.0,598.0,93.0,92.22885572139305,0.27213824,0.27213824,0.83046875,0.7782357742537312,success,sgd,0.01,1000000,1e-06,0.002,0.9,0.0004599816562732,
1D-gaussian-4c-1024p,1024,1024,0.3269004551348927,1000000,0.0004962725523403,,seconds,90.89600205421448,90.73890775814652,megabytes,598.0,598.0,92.0,89.35891089108911,0.272162816,0.272162816,0.84765625,0.7776860303217821,success,sgd,0.01,1000000,1e-06,0.002,0.9,0.0004962725523403,
1D-gaussian-4c-1024p,1024,1024,0.0561618814708839,1000000,0.0003569691777064,,seconds,90.2588758468628,90.19984363205732,megabytes,598.0,598.0,92.0,89.76674937965261,0.272195584,0.272195584,0.82421875,0.7796022022332497,success,sgd,0.01,1000000,1e-06,0.002,0.9,0.0003569691777064,
1D-gaussian-4c-1024p,1024,1024,0.1957097387925268,1000000,0.0004403176954124,,seconds,91.28778791427612,91.14848301187158,megabytes,598.0,598.0,92.0,89.36038186157518,0.272175104,0.272175104,0.81953125,0.777863961813842,success,sgd,0.01,1000000,1e-06,0.002,0.9,0.0004403176954124,
1D-gaussian-4c-2048p,2048,2048,0.0986729792344754,1000000,0.00178759752717,,seconds,188.14068293571472,188.07081700488925,megabytes,694.0,694.0,96.0,95.56884057971014,0.274202624,0.274202624,0.8171875,0.7796969353864739,success,sgd,0.01,1000000,1e-06,0.002,0.9,0.00178759752717,
1D-gaussian-4c-2048p,2048,2048,0.0172313035797741,1000000,0.0013571598465922,,seconds,186.14370465278623,185.9985448345542,megabytes,694.0,694.0,96.0,95.92769607843135,0.272535552,0.272535552,0.81953125,0.7791360294117651,success,sgd,0.01,1000000,1e-06,0.002,0.9,0.0013571598465922,
1D-gaussian-4c-2048p,2048,2048,0.110234526178213,1000000,0.0014834730429807,,seconds,187.02419352531436,186.96550775691867,megabytes,694.0,694.0,96.0,95.78713450292398,0.272601088,0.272601088,0.83125,0.7792936769005845,success,sgd,0.01,1000000,1e-06,0.002,0.9,0.0014834730429807,
1D-gaussian-4c-2048p,2048,2048,0.0177419915534728,1000000,0.0018233723016671,,seconds,187.36753296852112,187.19287881068885,megabytes,694.0,694.0,96.0,95.9330900243309,0.27254784,0.27254784,0.84921875,0.7779672293187345,success,sgd,0.01,1000000,1e-06,0.002,0.9,0.0018233723016671,
1D-gaussian-4c-2048p,2048,2048,0.2068382062769977,1000000,0.0015700685958922,,seconds,187.7705743312836,187.63280183263123,megabytes,694.0,694.0,96.0,95.78345498783456,0.2725888,0.2725888,0.83984375,0.780065769464721,success,sgd,0.01,1000000,1e-06,0.002,0.9,0.0015700685958922,
1D-gaussian-4c-2048p,2048,2048,0.041036176237238,1000000,0.0016761044729389,,seconds,187.33561301231384,187.21321098320183,megabytes,694.0,694.0,96.0,95.91871921182266,0.27262976,0.27262976,0.8234375,0.7795912869458119,success,sgd,0.01,1000000,1e-06,0.002,0.9,0.0016761044729389,
1D-gaussian-4c-2048p,2048,2048,0.0606982384546059,1000000,0.0010293937802467,,seconds,187.720458984375,187.61740075051785,megabytes,694.0,694.0,96.0,95.814039408867,0.272658432,0.272658432,0.81953125,0.7790015009236454,success,sgd,0.01,1000000,1e-06,0.002,0.9,0.0010293937802467,
1D-gaussian-4c-2048p,2048,2048,0.0478173895965324,1000000,0.0017855016892403,,seconds,187.5217409133911,187.33967302925885,megabytes,694.0,694.0,96.0,95.83030303030304,0.27441152,0.27441152,0.84296875,0.7780558712121206,success,sgd,0.01,1000000,1e-06,0.002,0.9,0.0017855016892403,
1D-gaussian-4c-2048p,2048,2048,0.0169348789305355,1000000,0.0016333732994584,,seconds,187.5159103870392,187.46607899665835,megabytes,694.0,694.0,96.0,95.79222357229648,0.272662528,0.272662528,0.83203125,0.7798963396111779,success,sgd,0.01,1000000,1e-06,0.002,0.9,0.0016333732994584,
1D-gaussian-4c-2048p,2048,2048,0.0734493913961727,1000000,0.001714399860824,,seconds,187.3987767696381,187.20659731701016,megabytes,694.0,694.0,96.0,95.85261875761267,0.272687104,0.272687104,0.821875,0.7780317448233867,success,sgd,0.01,1000000,1e-06,0.002,0.9,0.001714399860824,
1D-gaussian-4c-2048p,2048,2048,0.3916440573385414,1000000,0.0013730785555275,,seconds,187.29798698425293,187.269418714568,megabytes,694.0,694.0,96.0,95.79186602870811,0.272699392,0.272699392,0.84140625,0.7796912380382777,success,sgd,0.01,1000000,1e-06,0.002,0.9,0.0013730785555275,
1D-gaussian-4c-2048p,2048,2048,0.1159494367368646,1000000,0.0015913959467464,,seconds,187.2427983283997,187.1719015724957,megabytes,694.0,694.0,96.0,95.92436974789916,0.272699392,0.272699392,0.83125,0.7791688550420163,success,sgd,0.01,1000000,1e-06,0.002,0.9,0.0015913959467464,
1D-gaussian-4c-2048p,2048,2048,0.1978414133516429,1000000,0.0016953624494795,,seconds,187.57305479049683,187.54014105163515,megabytes,694.0,694.0,96.0,95.77360774818402,0.272719872,0.272719872,0.8359375,0.7796146716101693,success,sgd,0.01,1000000,1e-06,0.002,0.9,0.0016953624494795,
1D-gaussian-4c-2048p,2048,2048,0.0770859613397665,1000000,0.0016811461176614,,seconds,187.46361565589905,187.43878104537723,megabytes,694.0,694.0,96.0,95.8810096153846,0.272678912,0.272678912,0.825,0.7792780949519232,success,sgd,0.01,1000000,1e-06,0.002,0.9,0.0016811461176614,
1D-gaussian-4c-2048p,2048,2048,0.0140543562362507,1000000,0.0012264156549511,,seconds,187.6578664779663,187.4738413076848,megabytes,694.0,694.0,96.0,95.82078853046596,0.274432,0.274432,0.81953125,0.7792870743727596,success,sgd,0.01,1000000,1e-06,0.002,0.9,0.0012264156549511,
1D-gaussian-4c-2048p,2048,2048,0.0429646277887336,1000000,0.00165959280008,,seconds,187.1961140632629,187.1464060544968,megabytes,694.0,694.0,96.0,95.88129496402878,0.272748544,0.272748544,0.834375,0.7788968824940045,success,sgd,0.01,1000000,1e-06,0.002,0.9,0.00165959280008,
1D-gaussian-4c-2048p,2048,2048,0.103219840475973,1000000,0.0017284921975932,,seconds,187.58381295204163,187.4815646465868,megabytes,694.0,694.0,96.0,95.77949940405244,0.272846848,0.272846848,0.83359375,0.7802145411203805,success,sgd,0.01,1000000,1e-06,0.002,0.9,0.0017284921975932,
1D-gaussian-4c-2048p,2048,2048,0.0207227048378199,1000000,0.0018314505642327,,seconds,187.29468369483948,187.22727819159627,megabytes,694.0,694.0,96.0,95.84096385542168,0.272871424,0.272871424,0.82265625,0.7794983057228922,success,sgd,0.01,1000000,1e-06,0.002,0.9,0.0018314505642327,
1D-gaussian-4c-2048p,2048,2048,0.0940557112368635,1000000,0.0017561515263194,,seconds,187.782190322876,187.6800285037607,megabytes,694.0,694.0,96.0,95.7139451728248,0.272867328,0.272867328,0.834375,0.7791306615017876,success,sgd,0.01,1000000,1e-06,0.002,0.9,0.0017561515263194,
1D-gaussian-4c-2048p,2048,2048,0.0150484672621013,1000000,0.0010449926064727,,seconds,187.4225504398346,187.2047069743276,megabytes,694.0,694.0,96.0,95.865127582017,0.27287552,0.27287552,0.84140625,0.778525592345079,success,sgd,0.01,1000000,1e-06,0.002,0.9,0.0010449926064727,
1D-gaussian-4c-2048p,2048,2048,0.1692943456805372,1000000,0.0014801759613452,,seconds,187.56953978538516,187.43777333199975,megabytes,694.0,694.0,96.0,95.85230024213077,0.272982016,0.272982016,0.81953125,0.7786887106537527,success,sgd,0.01,1000000,1e-06,0.002,0.9,0.0014801759613452,
1D-gaussian-4c-2048p,2048,2048,0.0453058206587556,1000000,0.0015147997247366,,seconds,187.32890939712524,187.212748831138,megabytes,694.0,694.0,96.0,95.93462469733656,0.274612224,0.274612224,0.8390625,0.7787341101694921,success,sgd,0.01,1000000,1e-06,0.002,0.9,0.0015147997247366,
1D-gaussian-4c-2048p,2048,2048,0.1041430115448536,1000000,0.001273840862468,,seconds,187.82856559753415,187.68024413846436,megabytes,694.0,694.0,96.0,95.6817640047676,0.272932864,0.272932864,0.84765625,0.7801568087008343,success,sgd,0.01,1000000,1e-06,0.002,0.9,0.001273840862468,
1D-gaussian-4c-2048p,2048,2048,0.1321551184369074,1000000,0.0016988213200265,,seconds,187.025221824646,186.9851491283625,megabytes,694.0,694.0,96.0,95.92233009708738,0.272973824,0.272973824,0.8421875,0.7796125986043677,success,sgd,0.01,1000000,1e-06,0.002,0.9,0.0016988213200265,
1D-gaussian-4c-2048p,2048,2048,0.0383119523661697,1000000,0.0016256627572126,,seconds,187.10454773902893,187.06755842268467,megabytes,694.0,694.0,96.0,95.79665071770334,0.273006592,0.273006592,0.81875,0.7792884644138769,success,sgd,0.01,1000000,1e-06,0.002,0.9,0.0016256627572126,
1D-gaussian-4c-2048p,2048,2048,0.0804493038941305,1000000,0.0016165622879223,,seconds,187.27340579032895,187.11926318332556,megabytes,694.0,694.0,96.0,95.9066193853428,0.273035264,0.273035264,0.84609375,0.7784897680260059,success,sgd,0.01,1000000,1e-06,0.002,0.9,0.0016165622879223,
1D-gaussian-4c-2048p,2048,2048,0.0856694216217143,1000000,0.001366551023052,,seconds,187.50876998901367,187.34343896619976,megabytes,694.0,694.0,96.0,95.76654632972324,0.273068032,0.273068032,0.828125,0.7782989244885676,success,sgd,0.01,1000000,1e-06,0.002,0.9,0.001366551023052,
1D-gaussian-4c-2048p,2048,2048,0.0649598537562624,1000000,0.0019588675883796,,seconds,187.2881999015808,187.1288956273347,megabytes,694.0,694.0,96.0,95.94074969770254,0.272990208,0.272990208,0.8234375,0.7785227100967353,success,sgd,0.01,1000000,1e-06,0.002,0.9,0.0019588675883796,
1D-gaussian-4c-2048p,2048,2048,0.3269990501271793,1000000,0.0016251655711664,,seconds,187.68059825897217,187.5166542455554,megabytes,694.0,694.0,96.0,95.74365175332528,0.274792448,0.274792448,0.82421875,0.7781977403264813,success,sgd,0.01,1000000,1e-06,0.002,0.9,0.0016251655711664,
1D-gaussian-4c-2048p,2048,2048,0.056534134468259,1000000,0.0017023786231429,,seconds,187.1264696121216,187.0533867869526,megabytes,694.0,694.0,96.0,95.93364928909952,0.273047552,0.273047552,0.83828125,0.7793459345379149,success,sgd,0.01,1000000,1e-06,0.002,0.9,0.0017023786231429,
1D-gaussian-4c-2048p,2048,2048,0.1938813052324632,1000000,0.0013752482829593,,seconds,187.1927528381348,187.18278677389023,megabytes,694.0,694.0,96.0,95.7421686746988,0.273063936,0.273063936,0.82265625,0.7789862575301213,success,sgd,0.01,1000000,1e-06,0.002,0.9,0.0013752482829593,
1D-gaussian-6c-32p,32,32,0.0636601874149302,1000000,6.435121204056844e-06,,seconds,39.4293384552002,39.4043354075402,megabytes,564.0,564.0,80.0,78.73626373626374,0.2690048,0.2690048,0.81953125,0.7789534684065931,success,sgd,0.01,1000000,1e-06,0.002,0.9,6.435121204056844e-06,
1D-gaussian-6c-32p,32,32,0.0110218871820489,1000000,2.6227107731142087e-06,,seconds,40.2341365814209,40.03956072591245,megabytes,564.0,564.0,80.0,77.42857142857143,0.269156352,0.269156352,0.82578125,0.77479332010582,success,sgd,0.01,1000000,1e-06,0.002,0.9,2.6227107731142087e-06,
1D-gaussian-6c-32p,32,32,0.0611567527285839,1000000,6.5250286191175495e-06,,seconds,40.02898931503296,39.93945527262986,megabytes,564.0,564.0,80.0,77.48421052631579,0.269070336,0.269070336,0.82578125,0.7811430921052633,success,sgd,0.01,1000000,1e-06,0.002,0.9,6.5250286191175495e-06,
1D-gaussian-6c-32p,32,32,0.0527739196539944,1000000,9.246065582077532e-06,,seconds,39.816492319107056,39.68954151682556,megabytes,564.0,564.0,80.0,77.81283422459893,0.2689024,0.2689024,0.82109375,0.7787349598930485,success,sgd,0.01,1000000,1e-06,0.002,0.9,9.246065582077532e-06,
1D-gaussian-6c-32p,32,32,0.03291833032501,1000000,4.79816017220653e-06,,seconds,39.607604026794434,39.4988117441535,megabytes,564.0,564.0,81.0,78.34239130434783,0.268906496,0.268906496,0.82734375,0.776456351902174,success,sgd,0.01,1000000,1e-06,0.002,0.9,4.79816017220653e-06,
1D-gaussian-6c-32p,32,32,0.043393104759983,1000000,1.3896985156780857e-05,,seconds,39.73727989196777,39.67257705703378,megabytes,564.0,564.0,80.0,78.01587301587301,0.269021184,0.269021184,0.815625,0.7785342261904757,success,sgd,0.01,1000000,1e-06,0.002,0.9,1.3896985156780857e-05,
1D-gaussian-6c-32p,32,32,0.0263837288063016,1000000,2.827649673044068e-06,,seconds,39.58163642883301,39.46035983599722,megabytes,564.0,564.0,81.0,78.69491525423729,0.268623872,0.268623872,0.82890625,0.7788797669491526,success,sgd,0.01,1000000,1e-06,0.002,0.9,2.827649673044068e-06,
1D-gaussian-6c-32p,32,32,0.0307004186078313,1000000,3.44917317387954e-06,,seconds,39.1027569770813,38.97174443677068,megabytes,564.0,564.0,82.0,79.33519553072625,0.268693504,0.268693504,0.821875,0.7780682611731846,success,sgd,0.01,1000000,1e-06,0.002,0.9,3.44917317387954e-06,
1D-gaussian-6c-32p,32,32,0.0177747511062228,1000000,1.0221484353264331e-06,,seconds,38.429296255111694,38.315918466076255,megabytes,564.0,564.0,81.0,80.24277456647398,0.268488704,0.268488704,0.81953125,0.7765625000000007,success,sgd,0.01,1000000,1e-06,0.002,0.9,1.0221484353264331e-06,
1D-gaussian-6c-32p,32,32,0.0215729956258142,1000000,2.2646312747869097e-06,,seconds,40.146421670913696,40.00815503671765,megabytes,564.0,564.0,83.0,77.43850267379679,0.269078528,0.269078528,0.82265625,0.7761238302139033,success,sgd,0.01,1000000,1e-06,0.002,0.9,2.2646312747869097e-06,
1D-gaussian-6c-32p,32,32,0.0170126757706392,1000000,4.148947234288649e-06,,seconds,39.67381024360657,39.56495112553239,megabytes,564.0,564.0,81.0,78.43243243243244,0.269008896,0.269008896,0.815625,0.7758994932432434,success,sgd,0.01,1000000,1e-06,0.002,0.9,4.148947234288649e-06,
1D-gaussian-6c-32p,32,32,0.0201475604260929,1000000,3.567759745534552e-06,,seconds,39.99141550064087,39.84224904887378,megabytes,564.0,564.0,81.0,77.89887640449439,0.26873856,0.26873856,0.821875,0.7749517205056178,success,sgd,0.01,1000000,1e-06,0.002,0.9,3.567759745534552e-06,
1D-gaussian-6c-32p,32,32,0.0121863108401004,957741,9.999999757785656e-07,,seconds,38.22888541221619,38.04469792172313,megabytes,564.0,564.0,83.0,77.75280898876404,0.268795904,0.268795904,0.82265625,0.7764703300561802,success,sgd,0.01,1000000,1e-06,0.002,0.9,9.999999757785656e-07,
1D-gaussian-6c-32p,32,32,0.0496840904863228,1000000,1.756903887144439e-06,,seconds,39.06224203109741,38.89399327896536,megabytes,564.0,564.0,83.0,79.43258426966293,0.268767232,0.268767232,0.821875,0.7770189606741572,success,sgd,0.01,1000000,1e-06,0.002,0.9,1.756903887144439e-06,
1D-gaussian-6c-32p,32,32,0.0153405122588116,1000000,3.1600459660639937e-06,,seconds,39.33385133743286,39.15071213617921,megabytes,564.0,564.0,83.0,78.7247191011236,0.268812288,0.268812288,0.8296875,0.774736657303371,success,sgd,0.01,1000000,1e-06,0.002,0.9,3.1600459660639937e-06,
1D-gaussian-6c-32p,32,32,0.0189570207086469,1000000,3.196662802579137e-06,,seconds,38.845213174819946,38.706409679725766,megabytes,564.0,564.0,81.0,79.64835164835165,0.268906496,0.268906496,0.8140625,0.7779962225274721,success,sgd,0.01,1000000,1e-06,0.002,0.9,3.196662802579137e-06,
1D-gaussian-6c-32p,32,32,0.0387590009201093,954482,9.99999934955079e-07,,seconds,37.7372887134552,37.71476488746703,megabytes,564.0,564.0,83.0,78.25882352941177,0.26851328,0.26851328,0.81484375,0.779659926470588,success,sgd,0.01,1000000,1e-06,0.002,0.9,9.99999934955079e-07,
1D-gaussian-6c-32p,32,32,0.0519016222484194,1000000,1.51413415929155e-05,,seconds,39.962241888046265,39.77661622874439,megabytes,564.0,564.0,80.0,77.83060109289617,0.268926976,0.268926976,0.8390625,0.7767204576502734,success,sgd,0.01,1000000,1e-06,0.002,0.9,1.51413415929155e-05,
1D-gaussian-6c-32p,32,32,0.0326202427928271,1000000,5.28335128450398e-06,,seconds,39.78989052772522,39.67144835181534,megabytes,564.0,564.0,80.0,77.96703296703296,0.268873728,0.268873728,0.81875,0.7754593063186814,success,sgd,0.01,1000000,1e-06,0.002,0.9,5.28335128450398e-06,
1D-gaussian-6c-32p,32,32,0.0651920057791594,1000000,5.569154888097023e-06,,seconds,38.3090181350708,38.12251199409366,megabytes,564.0,564.0,82.0,80.24705882352941,0.268562432,0.268562432,0.83515625,0.7763143382352938,success,sgd,0.01,1000000,1e-06,0.002,0.9,5.569154888097023e-06,
1D-gaussian-6c-32p,32,32,0.0690703552767736,1000000,2.7772903978528303e-06,,seconds,39.347949504852295,39.31859174929559,megabytes,564.0,564.0,81.0,78.37837837837837,0.26914816,0.26914816,0.825,0.7790582770270268,success,sgd,0.01,1000000,1e-06,0.002,0.9,2.7772903978528303e-06,
1D-gaussian-6c-32p,32,32,0.0205154688388115,1000000,1.5530993892901626e-06,,seconds,38.31610250473023,38.30905545502901,megabytes,564.0,564.0,82.0,80.13218390804597,0.2686976,0.2686976,0.825,0.7773572198275865,success,sgd,0.01,1000000,1e-06,0.002,0.9,1.5530993892901626e-06,
1D-gaussian-6c-32p,32,32,0.1376612276530674,1000000,1.5127521201588766e-05,,seconds,40.13958716392517,39.98347793333232,megabytes,564.0,564.0,80.0,77.4972972972973,0.269238272,0.269238272,0.82109375,0.7751562500000005,success,sgd,0.01,1000000,1e-06,0.002,0.9,1.5127521201588766e-05,
1D-gaussian-6c-32p,32,32,0.0103581379341434,1000000,1.2706345936963174e-06,,seconds,39.93535017967224,39.893905064091086,megabytes,564.0,564.0,80.0,77.72375690607734,0.269033472,0.269033472,0.83671875,0.7771365676795584,success,sgd,0.01,1000000,1e-06,0.002,0.9,1.2706345936963174e-06,
1D-gaussian-6c-32p,32,32,0.0877907718492872,1000000,1.2734573685128018e-05,,seconds,40.19916772842407,40.20244812034071,megabytes,564.0,564.0,82.0,77.39890710382514,0.269307904,0.269307904,0.82109375,0.7802126024590165,success,sgd,0.01,1000000,1e-06,0.002,0.9,1.2734573685128018e-05,
1D-gaussian-6c-32p,32,32,0.0306752758775651,1000000,2.6960669269065446e-06,,seconds,39.34098052978516,39.271086040884256,megabytes,564.0,564.0,83.0,78.74857142857142,0.268845056,0.268845056,0.81640625,0.7770848214285713,success,sgd,0.01,1000000,1e-06,0.002,0.9,2.6960669269065446e-06,
1D-gaussian-6c-32p,32,32,0.0290483944264726,1000000,2.519215832107255e-06,,seconds,39.846556663513184,39.72262972407043,megabytes,564.0,564.0,83.0,77.95652173913044,0.2692096,0.2692096,0.82578125,0.7747240149456518,success,sgd,0.01,1000000,1e-06,0.002,0.9,2.519215832107255e-06,
1D-gaussian-6c-32p,32,32,0.0366307887893996,1000000,3.640682784124732e-06,,seconds,40.03750872612,39.98909214884043,megabytes,564.0,564.0,80.0,77.49726775956285,0.269090816,0.269090816,0.82734375,0.777570013661202,success,sgd,0.01,1000000,1e-06,0.002,0.9,3.640682784124732e-06,
1D-gaussian-6c-32p,32,32,0.0193578353457656,1000000,1.2359847380704397e-06,,seconds,39.85627627372742,39.74344161339104,megabytes,564.0,564.0,80.0,78.16022099447514,0.269119488,0.269119488,0.82109375,0.7779178176795577,success,sgd,0.01,1000000,1e-06,0.002,0.9,1.2359847380704397e-06,
1D-gaussian-6c-32p,32,32,0.1595545141029192,1000000,7.72177903097656e-06,,seconds,40.336387157440186,40.30420702695847,megabytes,564.0,564.0,83.0,77.0427807486631,0.269348864,0.269348864,0.8171875,0.7801846590909093,success,sgd,0.01,1000000,1e-06,0.002,0.9,7.72177903097656e-06,
1D-gaussian-6c-32p,32,32,0.0080829758270499,1000000,1.0979835558789532e-06,,seconds,39.97866415977478,39.81190455891192,megabytes,564.0,564.0,82.0,77.81818181818181,0.26916864,0.26916864,0.82421875,0.7755974264705883,success,sgd,0.01,1000000,1e-06,0.002,0.9,1.0979835558789532e-06,
1D-gaussian-6c-64p,64,64,0.0637710898000643,1000000,6.842619858189524e-06,,seconds,43.89735388755798,43.73574001714587,megabytes,564.0,564.0,83.0,81.3731343283582,0.269815808,0.269815808,0.81953125,0.7756374378109454,success,sgd,0.01,1000000,1e-06,0.002,0.9,6.842619858189524e-06,
1D-gaussian-6c-64p,64,64,0.0110203819569642,1000000,6.760606350195439e-06,,seconds,43.69437742233277,43.50496596470475,megabytes,564.0,564.0,83.0,81.83732057416267,0.270180352,0.270180352,0.83046875,0.7742860346889958,success,sgd,0.01,1000000,1e-06,0.002,0.9,6.760606350195439e-06,
1D-gaussian-6c-64p,64,64,0.0609539739679497,1000000,1.0355395001303762e-05,,seconds,43.82061719894409,43.69644631072879,megabytes,564.0,564.0,83.0,81.53731343283582,0.269873152,0.269873152,0.82578125,0.7773476368159202,success,sgd,0.01,1000000,1e-06,0.002,0.9,1.0355395001303762e-05,
1D-gaussian-6c-64p,64,64,0.0527178291001804,1000000,1.0404792755412968e-05,,seconds,43.79743695259094,43.70747113227844,megabytes,564.0,564.0,82.0,80.65196078431373,0.270020608,0.270020608,0.8140625,0.7771714154411767,success,sgd,0.01,1000000,1e-06,0.002,0.9,1.0404792755412968e-05,
1D-gaussian-6c-64p,64,64,0.0329106706451509,1000000,1.2480196082547044e-05,,seconds,43.87437176704407,43.70245582424104,megabytes,564.0,564.0,83.0,81.31862745098039,0.270118912,0.270118912,0.83359375,0.7768420649509802,success,sgd,0.01,1000000,1e-06,0.002,0.9,1.2480196082547044e-05,
1D-gaussian-6c-64p,64,64,0.0436370803927011,1000000,1.3444679802141867e-05,,seconds,43.79388737678528,43.63826498389244,megabytes,564.0,564.0,83.0,81.38536585365854,0.27019264,0.27019264,0.81640625,0.7768978658536585,success,sgd,0.01,1000000,1e-06,0.002,0.9,1.3444679802141867e-05,
1D-gaussian-6c-64p,64,64,0.0263861924307306,1000000,4.696992857714802e-06,,seconds,43.87888622283936,43.77041029371321,megabytes,564.0,564.0,83.0,81.52970297029702,0.269963264,0.269963264,0.81875,0.7771232982673264,success,sgd,0.01,1000000,1e-06,0.002,0.9,4.696992857714802e-06,
1D-gaussian-6c-64p,64,64,0.030569475039184,1000000,4.277256893330944e-06,,seconds,43.75566458702088,43.58964014798403,megabytes,564.0,564.0,83.0,81.44878048780488,0.27011072,0.27011072,0.815625,0.7767606707317075,success,sgd,0.01,1000000,1e-06,0.002,0.9,4.277256893330944e-06,
1D-gaussian-6c-64p,64,64,0.017789909084629,1000000,1.3157396145659735e-06,,seconds,43.63932776451111,43.51852960884571,megabytes,564.0,564.0,82.0,80.96116504854369,0.270086144,0.270086144,0.8203125,0.776171875,success,sgd,0.01,1000000,1e-06,0.002,0.9,1.3157396145659735e-06,
1D-gaussian-6c-64p,64,64,0.0215721852319493,1000000,4.491495666357896e-06,,seconds,44.005698680877686,43.84857587516308,megabytes,564.0,564.0,83.0,80.74871794871795,0.26980352,0.26980352,0.8296875,0.7750560897435892,success,sgd,0.01,1000000,1e-06,0.002,0.9,4.491495666357896e-06,
1D-gaussian-6c-64p,64,64,0.0170171987784079,1000000,5.249251395504243e-06,,seconds,43.7623016834259,43.74780120328069,megabytes,564.0,564.0,82.0,80.44723618090453,0.269930496,0.269930496,0.81953125,0.7793459484924624,success,sgd,0.01,1000000,1e-06,0.002,0.9,5.249251395504243e-06,
1D-gaussian-6c-64p,64,64,0.0201387619916687,1000000,4.728542091335053e-06,,seconds,43.95659756660461,43.87568109668791,megabytes,564.0,564.0,83.0,81.22727272727273,0.269914112,0.269914112,0.82421875,0.7772056502525254,success,sgd,0.01,1000000,1e-06,0.002,0.9,4.728542091335053e-06,
1D-gaussian-6c-64p,64,64,0.0121765768659381,1000000,1.4700898405003262e-06,,seconds,43.965989112854,43.92857922241092,megabytes,564.0,564.0,83.0,80.93939393939394,0.2699264,0.2699264,0.81953125,0.7802635732323236,success,sgd,0.01,1000000,1e-06,0.002,0.9,1.4700898405003262e-06,
1D-gaussian-6c-64p,64,64,0.0496730709013103,1000000,1.2074619344236028e-05,,seconds,44.04028534889221,43.84568681754172,megabytes,564.0,564.0,83.0,80.70149253731343,0.27000832,0.27000832,0.83046875,0.7759056281094528,success,sgd,0.01,1000000,1e-06,0.002,0.9,1.2074619344236028e-05,
1D-gaussian-6c-64p,64,64,0.0153394049380924,1000000,6.961269199019293e-06,,seconds,43.922794818878174,43.74998939409852,megabytes,564.0,564.0,83.0,81.01492537313433,0.270004224,0.270004224,0.82265625,0.7746074315920403,success,sgd,0.01,1000000,1e-06,0.002,0.9,6.961269199019293e-06,
1D-gaussian-6c-64p,64,64,0.0189552960800994,1000000,4.854826076811192e-06,,seconds,43.77590084075928,43.69868784584105,megabytes,564.0,564.0,82.0,80.70792079207921,0.270323712,0.270323712,0.85,0.7787128712871285,success,sgd,0.01,1000000,1e-06,0.002,0.9,4.854826076811192e-06,
1D-gaussian-6c-64p,64,64,0.0387712256325453,1000000,4.7722400051876415e-06,,seconds,44.00604295730591,43.8352170009166,megabytes,564.0,564.0,83.0,80.89949748743719,0.270024704,0.270024704,0.82109375,0.776111023869347,success,sgd,0.01,1000000,1e-06,0.002,0.9,4.7722400051876415e-06,
1D-gaussian-6c-64p,64,64,0.0518901556487036,1000000,1.5132019257720385e-05,,seconds,43.95154929161072,43.78300713934004,megabytes,564.0,564.0,83.0,80.93467336683418,0.270118912,0.270118912,0.8328125,0.7775361180904528,success,sgd,0.01,1000000,1e-06,0.002,0.9,1.5132019257720385e-05,
1D-gaussian-6c-64p,64,64,0.0325114991123399,1000000,5.444299860535607e-06,,seconds,44.01101088523865,43.84247520007193,megabytes,564.0,564.0,83.0,80.81218274111676,0.27006976,0.27006976,0.81484375,0.7777760152284268,success,sgd,0.01,1000000,1e-06,0.002,0.9,5.444299860535607e-06,
1D-gaussian-6c-64p,64,64,0.0652753260057796,1000000,7.469880798966351e-06,,seconds,43.85056805610657,43.79632212407887,megabytes,564.0,564.0,82.0,80.695,0.270118912,0.270118912,0.83203125,0.7776562500000002,success,sgd,0.01,1000000,1e-06,0.002,0.9,7.469880798966351e-06,
1D-gaussian-6c-64p,64,64,0.0691136970684422,1000000,1.425059590096954e-05,,seconds,43.80209159851074,43.79899218119681,megabytes,564.0,564.0,83.0,80.9748743718593,0.270176256,0.270176256,0.81796875,0.7769825690954775,success,sgd,0.01,1000000,1e-06,0.002,0.9,1.425059590096954e-05,
1D-gaussian-6c-64p,64,64,0.020613023982626,1000000,5.2952326184378e-06,,seconds,43.91639280319214,43.76713519357145,megabytes,564.0,564.0,83.0,81.16161616161617,0.270041088,0.270041088,0.821875,0.7768268623737371,success,sgd,0.01,1000000,1e-06,0.002,0.9,5.2952326184378e-06,
1D-gaussian-6c-64p,64,64,0.1376413722312364,1000000,1.6687364535854134e-05,,seconds,43.69905781745911,43.61726579628885,megabytes,564.0,564.0,83.0,81.37254901960785,0.270299136,0.270299136,0.82265625,0.775769761029412,success,sgd,0.01,1000000,1e-06,0.002,0.9,1.6687364535854134e-05,
1D-gaussian-6c-64p,64,64,0.010357348023173,1000000,2.486489660213872e-06,,seconds,43.89128613471985,43.79514542035759,megabytes,564.0,564.0,83.0,81.07179487179488,0.26988544,0.26988544,0.82890625,0.7780568910256412,success,sgd,0.01,1000000,1e-06,0.002,0.9,2.486489660213872e-06,
1D-gaussian-6c-64p,64,64,0.0877768045808137,1000000,1.3072492511340018e-05,,seconds,43.73838710784912,43.6385659724474,megabytes,564.0,564.0,82.0,80.6078431372549,0.270237696,0.270237696,0.834375,0.7770833333333333,success,sgd,0.01,1000000,1e-06,0.002,0.9,1.3072492511340018e-05,
1D-gaussian-6c-64p,64,64,0.030665831694015,1000000,1.093085391414787e-05,,seconds,43.75674200057984,43.59043078124523,megabytes,564.0,564.0,83.0,81.4375,0.270446592,0.270446592,0.81953125,0.7748535156250003,success,sgd,0.01,1000000,1e-06,0.002,0.9,1.093085391414787e-05,
1D-gaussian-6c-64p,64,64,0.0290577838762168,1000000,3.698591263646937e-06,,seconds,43.732138872146606,43.70378106459975,megabytes,564.0,564.0,83.0,81.3529411764706,0.270434304,0.270434304,0.82265625,0.7795955882352936,success,sgd,0.01,1000000,1e-06,0.002,0.9,3.698591263646937e-06,
1D-gaussian-6c-64p,64,64,0.0366850333504235,1000000,6.335740903506751e-06,,seconds,43.84541630744934,43.65681132115424,megabytes,564.0,564.0,82.0,80.84313725490196,0.270467072,0.270467072,0.82109375,0.7753331801470589,success,sgd,0.01,1000000,1e-06,0.002,0.9,6.335740903506751e-06,
1D-gaussian-6c-64p,64,64,0.0193640299234046,1000000,2.26711214361301e-06,,seconds,43.40172982215881,43.3098504524678,megabytes,564.0,564.0,82.0,81.15492957746478,0.270667776,0.270667776,0.821875,0.7760746772300467,success,sgd,0.01,1000000,1e-06,0.002,0.9,2.26711214361301e-06,
1D-gaussian-6c-64p,64,64,0.1595100266076993,1000000,2.0025759236052743e-05,,seconds,43.81743454933167,43.70091958716512,megabytes,564.0,564.0,82.0,80.585,0.270774272,0.270774272,0.81796875,0.7767304687500003,success,sgd,0.01,1000000,1e-06,0.002,0.9,2.0025759236052743e-05,
1D-gaussian-6c-64p,64,64,0.0080830591328331,1000000,3.952125925805673e-06,,seconds,43.83710741996765,43.66346368379891,megabytes,564.0,564.0,82.0,80.81372549019608,0.27049984,0.27049984,0.82109375,0.774774050245098,success,sgd,0.01,1000000,1e-06,0.002,0.9,3.952125925805673e-06,
1D-gaussian-6c-128p,128,128,0.0637556948509956,1000000,1.9586017918147152e-05,,seconds,50.10078859329224,50.10248756036162,megabytes,564.0,564.0,83.0,79.957805907173,0.27181056,0.27181056,0.825,0.7816126054852326,success,sgd,0.01,1000000,1e-06,0.002,0.9,1.9586017918147152e-05,
1D-gaussian-6c-128p,128,128,0.0110183871590626,1000000,1.0288647444200829e-05,,seconds,49.973036766052246,49.78384946472943,megabytes,564.0,564.0,83.0,80.44588744588745,0.27131904,0.27131904,0.81953125,0.7776920995670995,success,sgd,0.01,1000000,1e-06,0.002,0.9,1.0288647444200829e-05,
1D-gaussian-6c-128p,128,128,0.060939327726038,1000000,1.21803401887931e-05,,seconds,49.46768879890442,49.30479538999498,megabytes,564.0,564.0,87.0,79.9237668161435,0.271142912,0.271142912,0.834375,0.7772911995515696,success,sgd,0.01,1000000,1e-06,0.002,0.9,1.21803401887931e-05,
1D-gaussian-6c-128p,128,128,0.0527017161758627,1000000,1.7948020953940194e-05,,seconds,49.8731849193573,49.75330490060151,megabytes,564.0,564.0,84.0,79.91703056768559,0.27172864,0.27172864,0.85390625,0.7749010644104801,success,sgd,0.01,1000000,1e-06,0.002,0.9,1.7948020953940194e-05,
1D-gaussian-6c-128p,128,128,0.032897152314869,1000000,1.8982842251726173e-05,,seconds,49.98250126838684,49.8872048985213,megabytes,564.0,564.0,87.0,79.26086956521739,0.271552512,0.271552512,0.8203125,0.7783933423913045,success,sgd,0.01,1000000,1e-06,0.002,0.9,1.8982842251726173e-05,
1D-gaussian-6c-128p,128,128,0.0436236916618495,1000000,1.8678615540418268e-05,,seconds,49.73846244812012,49.68290448747575,megabytes,564.0,564.0,83.0,80.45814977973568,0.27158528,0.27158528,0.82265625,0.7781112334801763,success,sgd,0.01,1000000,1e-06,0.002,0.9,1.8678615540418268e-05,
1D-gaussian-6c-128p,128,128,0.0263815024941341,1000000,1.0819508680591248e-05,,seconds,49.50644278526306,49.421072103083134,megabytes,564.0,564.0,82.0,80.25550660792952,0.27179008,0.27179008,0.8390625,0.7782833149779734,success,sgd,0.01,1000000,1e-06,0.002,0.9,1.0819508680591248e-05,
1D-gaussian-6c-128p,128,128,0.0305673589231227,1000000,1.2399037743607968e-05,,seconds,50.1036581993103,49.97370684891939,megabytes,564.0,564.0,84.0,79.64655172413794,0.271867904,0.271867904,0.81796875,0.7783708243534485,success,sgd,0.01,1000000,1e-06,0.002,0.9,1.2399037743607968e-05,
1D-gaussian-6c-128p,128,128,0.0177892889638999,1000000,9.564675902740315e-06,,seconds,50.70735383033752,50.54348864406347,megabytes,564.0,564.0,82.0,78.77459016393442,0.272510976,0.272510976,0.82265625,0.7761174436475409,success,sgd,0.01,1000000,1e-06,0.002,0.9,9.564675902740315e-06,
1D-gaussian-6c-128p,128,128,0.0215687011391564,1000000,1.1012210160385545e-05,,seconds,50.50124764442444,50.36398771777749,megabytes,564.0,564.0,83.0,80.0126050420168,0.27203584,0.27203584,0.81796875,0.7772025997899162,success,sgd,0.01,1000000,1e-06,0.002,0.9,1.1012210160385545e-05,
1D-gaussian-6c-128p,128,128,0.0170105187550944,1000000,1.2175376113410793e-05,,seconds,50.15717554092407,49.92235763929784,megabytes,564.0,564.0,83.0,80.01298701298701,0.272072704,0.272072704,0.8234375,0.7754430465367965,success,sgd,0.01,1000000,1e-06,0.002,0.9,1.2175376113410793e-05,
1D-gaussian-6c-128p,128,128,0.0201358820104115,1000000,1.1777335856273942e-05,,seconds,50.17902588844299,50.07005645893514,megabytes,564.0,564.0,86.0,80.00858369098712,0.271859712,0.271859712,0.825,0.7772498658798283,success,sgd,0.01,1000000,1e-06,0.002,0.9,1.1777335856273942e-05,
1D-gaussian-6c-128p,128,128,0.0121758401169688,1000000,9.96333420686771e-06,,seconds,50.085288524627686,49.94030407257378,megabytes,564.0,564.0,83.0,80.37391304347825,0.271695872,0.271695872,0.815625,0.7743138586956517,success,sgd,0.01,1000000,1e-06,0.002,0.9,9.96333420686771e-06,
1D-gaussian-6c-128p,128,128,0.0496662383577654,1000000,1.291071812411998e-05,,seconds,49.6296067237854,49.603225437924266,megabytes,564.0,564.0,83.0,80.78571428571429,0.271446016,0.271446016,0.8234375,0.7790806361607138,success,sgd,0.01,1000000,1e-06,0.002,0.9,1.291071812411998e-05,
1D-gaussian-6c-128p,128,128,0.0153380306972438,1000000,1.5058540820640049e-05,,seconds,50.31179070472717,50.31317321397364,megabytes,564.0,564.0,83.0,79.82426778242677,0.2719744,0.2719744,0.8203125,0.7803053085774065,success,sgd,0.01,1000000,1e-06,0.002,0.9,1.5058540820640049e-05,
1D-gaussian-6c-128p,128,128,0.0189508841000178,1000000,1.6712489349619835e-05,,seconds,50.02158856391907,49.95295529998839,megabytes,564.0,564.0,86.0,80.55844155844156,0.271740928,0.271740928,0.8234375,0.7763291396103897,success,sgd,0.01,1000000,1e-06,0.002,0.9,1.6712489349619835e-05,
1D-gaussian-6c-128p,128,128,0.0387618058630845,1000000,1.804685272308652e-05,,seconds,50.54483985900879,50.3791287522763,megabytes,564.0,564.0,83.0,79.70370370370371,0.27213824,0.27213824,0.81796875,0.7768872170781896,success,sgd,0.01,1000000,1e-06,0.002,0.9,1.804685272308652e-05,
1D-gaussian-6c-128p,128,128,0.0518668837804244,1000000,2.109133869902208e-05,,seconds,49.52998399734497,49.46900689601898,megabytes,564.0,564.0,83.0,81.14285714285714,0.271609856,0.271609856,0.81875,0.7787527901785714,success,sgd,0.01,1000000,1e-06,0.002,0.9,2.109133869902208e-05,
1D-gaussian-6c-128p,128,128,0.0325046903825737,1000000,1.3763973285657525e-05,,seconds,50.70746684074402,50.55884289555252,megabytes,564.0,564.0,83.0,79.60816326530612,0.27222016,0.27222016,0.828125,0.7765401785714283,success,sgd,0.01,1000000,1e-06,0.002,0.9,1.3763973285657525e-05,
1D-gaussian-6c-128p,128,128,0.0652773212579479,1000000,1.612379245838922e-05,,seconds,50.25869631767273,50.15381238423288,megabytes,564.0,564.0,85.0,80.28813559322033,0.271896576,0.271896576,0.81875,0.7779760328389831,success,sgd,0.01,1000000,1e-06,0.002,0.9,1.612379245838922e-05,
1D-gaussian-6c-128p,128,128,0.069101611837639,1000000,2.0970965094195096e-05,,seconds,50.20343518257141,49.97459282539785,megabytes,564.0,564.0,83.0,80.1948051948052,0.271884288,0.271884288,0.821875,0.7765624999999997,success,sgd,0.01,1000000,1e-06,0.002,0.9,2.0970965094195096e-05,
1D-gaussian-6c-128p,128,128,0.0206100779089596,1000000,1.5481207323992284e-05,,seconds,50.3370041847229,50.1718368511647,megabytes,564.0,564.0,83.0,79.86864406779661,0.271937536,0.271937536,0.82265625,0.7778998940677968,success,sgd,0.01,1000000,1e-06,0.002,0.9,1.5481207323992284e-05,
1D-gaussian-6c-128p,128,128,0.137588538670376,1000000,2.7677896855768192e-05,,seconds,49.74316310882568,49.69963465072215,megabytes,564.0,564.0,85.0,80.85964912280701,0.271806464,0.271806464,0.8203125,0.7762918037280705,success,sgd,0.01,1000000,1e-06,0.002,0.9,2.7677896855768192e-05,
1D-gaussian-6c-128p,128,128,0.010355684033907,1000000,1.1509515052201007e-05,,seconds,50.04769039154053,49.90127838589251,megabytes,564.0,564.0,88.0,80.27391304347826,0.271753216,0.271753216,0.81953125,0.7760360054347827,success,sgd,0.01,1000000,1e-06,0.002,0.9,1.1509515052201007e-05,
1D-gaussian-6c-128p,128,128,0.0877476595938741,1000000,2.0160794020932585e-05,,seconds,49.867597579956055,49.69183901883662,megabytes,564.0,564.0,83.0,80.41592920353982,0.27183104,0.27183104,0.82265625,0.7767699115044244,success,sgd,0.01,1000000,1e-06,0.002,0.9,2.0160794020932585e-05,
1D-gaussian-6c-128p,128,128,0.0306556240152166,1000000,1.6951497218714966e-05,,seconds,50.00684118270874,49.76371453888714,megabytes,564.0,564.0,83.0,80.31168831168831,0.271863808,0.271863808,0.840625,0.7751217532467527,success,sgd,0.01,1000000,1e-06,0.002,0.9,1.6951497218714966e-05,
1D-gaussian-6c-128p,128,128,0.0290522156637936,1000000,1.1501019360628605e-05,,seconds,49.653735399246216,49.62340087257326,megabytes,564.0,564.0,83.0,80.8125,0.271765504,0.271765504,0.821875,0.7775111607142856,success,sgd,0.01,1000000,1e-06,0.002,0.9,1.1501019360628605e-05,
1D-gaussian-6c-128p,128,128,0.0366767183108969,1000000,1.703514442175193e-05,,seconds,50.136497259140015,50.05060922913253,megabytes,564.0,564.0,86.0,80.08119658119658,0.272113664,0.272113664,0.81875,0.7770699786324792,success,sgd,0.01,1000000,1e-06,0.002,0.9,1.703514442175193e-05,
1D-gaussian-6c-128p,128,128,0.0193628231680531,1000000,9.738328718339184e-06,,seconds,49.69268488883972,49.61769328638911,megabytes,564.0,564.0,83.0,80.70796460176992,0.271822848,0.271822848,0.821875,0.778826742256637,success,sgd,0.01,1000000,1e-06,0.002,0.9,9.738328718339184e-06,
1D-gaussian-6c-128p,128,128,0.159456609917519,1000000,2.791864107037509e-05,,seconds,50.2325279712677,50.09513089060784,megabytes,564.0,564.0,83.0,80.01694915254237,0.272175104,0.272175104,0.81640625,0.778542108050847,success,sgd,0.01,1000000,1e-06,0.002,0.9,2.791864107037509e-05,
1D-gaussian-6c-128p,128,128,0.0080817521236426,1000000,9.756368374992165e-06,,seconds,49.78433132171631,49.61499647051096,megabytes,564.0,564.0,85.0,80.9298245614035,0.271835136,0.271835136,0.8203125,0.7759971217105266,success,sgd,0.01,1000000,1e-06,0.002,0.9,9.756368374992165e-06,
1D-gaussian-6c-256p,256,256,0.0637193780863552,1000000,4.7480485908356994e-05,,seconds,51.85093903541565,51.84976453706622,megabytes,566.0,566.0,86.0,84.49586776859505,0.272314368,0.272314368,0.8203125,0.7809691373966944,success,sgd,0.01,1000000,1e-06,0.002,0.9,4.7480485908356994e-05,
1D-gaussian-6c-256p,256,256,0.0110119586992575,1000000,3.7519885669784586e-05,,seconds,52.1072199344635,52.00883540324867,megabytes,566.0,566.0,86.0,84.54661016949153,0.27224064,0.27224064,0.83125,0.7783931408898299,success,sgd,0.01,1000000,1e-06,0.002,0.9,3.7519885669784586e-05,
1D-gaussian-6c-256p,256,256,0.0609344458358423,1000000,4.438744383058086e-05,,seconds,51.927769899368286,51.91278179548681,megabytes,566.0,566.0,86.0,84.67364016736401,0.272318464,0.272318464,0.82265625,0.7816128399581593,success,sgd,0.01,1000000,1e-06,0.002,0.9,4.438744383058086e-05,
1D-gaussian-6c-256p,256,256,0.0526937025308473,1000000,4.102180648393646e-05,,seconds,51.92341947555542,51.877521647140384,megabytes,566.0,566.0,86.0,84.51452282157676,0.272338944,0.272338944,0.825,0.7769547458506219,success,sgd,0.01,1000000,1e-06,0.002,0.9,4.102180648393646e-05,
1D-gaussian-6c-256p,256,256,0.0328820186835651,1000000,4.425565766064191e-05,,seconds,51.883896589279175,51.85288774035871,megabytes,566.0,566.0,86.0,84.74074074074075,0.272883712,0.272883712,0.8265625,0.7797485853909467,success,sgd,0.01,1000000,1e-06,0.002,0.9,4.425565766064191e-05,
1D-gaussian-6c-256p,256,256,0.0435941095934035,1000000,4.828411854675111e-05,,seconds,52.17735433578491,52.00126362219453,megabytes,566.0,566.0,86.0,84.40756302521008,0.272560128,0.272560128,0.81796875,0.7764213497899154,success,sgd,0.01,1000000,1e-06,0.002,0.9,4.828411854675111e-05,
1D-gaussian-6c-256p,256,256,0.0263751378022414,1000000,3.731538243805057e-05,,seconds,51.84723663330078,51.76660885848105,megabytes,566.0,566.0,86.0,84.85655737704919,0.272637952,0.272637952,0.83203125,0.7745677510245905,success,sgd,0.01,1000000,1e-06,0.002,0.9,3.731538243805057e-05,
1D-gaussian-6c-256p,256,256,0.0305611298445145,1000000,3.560711005024954e-05,,seconds,51.73102855682373,51.59959314391017,megabytes,566.0,566.0,86.0,85.18326693227091,0.272777216,0.272777216,0.82421875,0.7787070468127489,success,sgd,0.01,1000000,1e-06,0.002,0.9,3.560711005024954e-05,
1D-gaussian-6c-256p,256,256,0.0177874960736467,1000000,3.403319894551309e-05,,seconds,51.91331076622009,51.82418063282967,megabytes,566.0,566.0,86.0,84.80912863070539,0.272859136,0.272859136,0.8171875,0.7780536825726138,success,sgd,0.01,1000000,1e-06,0.002,0.9,3.403319894551309e-05,
1D-gaussian-6c-256p,256,256,0.021562086682285,1000000,3.720402164730752e-05,,seconds,52.03180313110352,51.9245245885104,megabytes,566.0,566.0,85.0,83.9789029535865,0.27275264,0.27275264,0.8265625,0.7790479957805906,success,sgd,0.01,1000000,1e-06,0.002,0.9,3.720402164730752e-05,
1D-gaussian-6c-256p,256,256,0.0170029743717449,1000000,3.8039490958447805e-05,,seconds,51.84120726585388,51.78713759407401,megabytes,566.0,566.0,86.0,84.95020746887967,0.27273216,0.27273216,0.8328125,0.7802256224066391,success,sgd,0.01,1000000,1e-06,0.002,0.9,3.8039490958447805e-05,
1D-gaussian-6c-256p,256,256,0.0201313072170182,1000000,3.209014906619663e-05,,seconds,51.750975370407104,51.72962514124811,megabytes,566.0,566.0,85.0,84.1900826446281,0.27316224,0.27316224,0.8234375,0.7786770402892562,success,sgd,0.01,1000000,1e-06,0.002,0.9,3.209014906619663e-05,
1D-gaussian-6c-256p,256,256,0.0121747788608935,1000000,3.330123151681768e-05,,seconds,52.006444692611694,51.88192199170589,megabytes,566.0,566.0,86.0,84.6804979253112,0.272928768,0.272928768,0.8234375,0.7761799792531126,success,sgd,0.01,1000000,1e-06,0.002,0.9,3.330123151681768e-05,
1D-gaussian-6c-256p,256,256,0.0496503170043733,1000000,3.514282185920604e-05,,seconds,52.04908657073975,51.86671246215701,megabytes,566.0,566.0,85.0,84.18106995884774,0.273068032,0.273068032,0.8328125,0.7753054269547326,success,sgd,0.01,1000000,1e-06,0.002,0.9,3.514282185920604e-05,
1D-gaussian-6c-256p,256,256,0.0153340292399432,1000000,3.445466322114196e-05,,seconds,52.03049373626709,51.97924491390586,megabytes,566.0,566.0,86.0,84.08119658119658,0.272883712,0.272883712,0.821875,0.7785690438034188,success,sgd,0.01,1000000,1e-06,0.002,0.9,3.445466322114196e-05,
1D-gaussian-6c-256p,256,256,0.0189453937162274,1000000,4.278678429415556e-05,,seconds,51.87067651748657,51.750684736296535,megabytes,566.0,566.0,85.0,84.02448979591837,0.273027072,0.273027072,0.82421875,0.7750255102040816,success,sgd,0.01,1000000,1e-06,0.002,0.9,4.278678429415556e-05,
1D-gaussian-6c-256p,256,256,0.0387483259923411,1000000,4.055274083449528e-05,,seconds,51.93100881576538,51.837767623364925,megabytes,566.0,566.0,86.0,84.78099173553719,0.272658432,0.272658432,0.8234375,0.7788675103305781,success,sgd,0.01,1000000,1e-06,0.002,0.9,4.055274083449528e-05,
1D-gaussian-6c-256p,256,256,0.0518395871585988,1000000,4.579200314803423e-05,,seconds,52.062954902648926,52.047740794718266,megabytes,566.0,566.0,85.0,83.57446808510639,0.272928768,0.272928768,0.8203125,0.7781249999999997,success,sgd,0.01,1000000,1e-06,0.002,0.9,4.579200314803423e-05,
1D-gaussian-6c-256p,256,256,0.0324947688233561,1000000,4.099441538932631e-05,,seconds,51.97295641899109,51.93168006278575,megabytes,566.0,566.0,86.0,84.39330543933055,0.273022976,0.273022976,0.8140625,0.7783832374476984,success,sgd,0.01,1000000,1e-06,0.002,0.9,4.099441538932631e-05,
1D-gaussian-6c-256p,256,256,0.0652796866513064,1000000,4.22523937548369e-05,,seconds,51.626609802246094,51.59495466016233,megabytes,566.0,566.0,85.0,84.344,0.273186816,0.273186816,0.8234375,0.7784906250000005,success,sgd,0.01,1000000,1e-06,0.002,0.9,4.22523937548369e-05,
1D-gaussian-6c-256p,256,256,0.0690670195152463,1000000,4.287854766627966e-05,,seconds,51.92434239387512,51.78464845381677,megabytes,566.0,566.0,86.0,84.66122448979591,0.273350656,0.273350656,0.821875,0.7780739795918367,success,sgd,0.01,1000000,1e-06,0.002,0.9,4.287854766627966e-05,
1D-gaussian-6c-256p,256,256,0.020605139428957,1000000,3.522620609344762e-05,,seconds,52.00907492637634,51.84851487353444,megabytes,566.0,566.0,85.0,83.95061728395062,0.273457152,0.273457152,0.82109375,0.7743891460905352,success,sgd,0.01,1000000,1e-06,0.002,0.9,3.522620609344762e-05,
1D-gaussian-6c-256p,256,256,0.1374403016315401,1000000,6.033979092972833e-05,,seconds,52.01440572738648,51.91327570006251,megabytes,566.0,566.0,86.0,84.44628099173553,0.273526784,0.273526784,0.83828125,0.7782993285123964,success,sgd,0.01,1000000,1e-06,0.002,0.9,6.033979092972833e-05,
1D-gaussian-6c-256p,256,256,0.0103525357958561,1000000,3.469614381831018e-05,,seconds,51.81315207481384,51.6736686937511,megabytes,566.0,566.0,85.0,84.11290322580645,0.273403904,0.273403904,0.825,0.7781186995967746,success,sgd,0.01,1000000,1e-06,0.002,0.9,3.469614381831018e-05,
1D-gaussian-6c-256p,256,256,0.087683655499483,1000000,4.829129129592631e-05,,seconds,51.93910431861877,51.79866081662476,megabytes,566.0,566.0,86.0,84.68979591836735,0.273383424,0.273383424,0.821875,0.7784948979591831,success,sgd,0.01,1000000,1e-06,0.002,0.9,4.829129129592631e-05,
1D-gaussian-6c-256p,256,256,0.0306457562357798,1000000,4.391747525134831e-05,,seconds,51.7802574634552,51.75357187539339,megabytes,566.0,566.0,85.0,83.99180327868852,0.273416192,0.273416192,0.8203125,0.7790567366803286,success,sgd,0.01,1000000,1e-06,0.002,0.9,4.391747525134831e-05,
1D-gaussian-6c-256p,256,256,0.0290436515450064,1000000,4.23206741265598e-05,,seconds,51.99316835403442,51.90607177466154,megabytes,566.0,566.0,85.0,84.17872340425532,0.273027072,0.273027072,0.82265625,0.7784807180851065,success,sgd,0.01,1000000,1e-06,0.002,0.9,4.23206741265598e-05,
1D-gaussian-6c-256p,256,256,0.0366716473746106,1000000,4.265427340737094e-05,,seconds,52.07205629348755,52.0291762650013,megabytes,566.0,566.0,86.0,84.11111111111111,0.272699392,0.272699392,0.8296875,0.7789596688034182,success,sgd,0.01,1000000,1e-06,0.002,0.9,4.265427340737094e-05,
1D-gaussian-6c-256p,256,256,0.0193588879218878,1000000,3.358189409642953e-05,,seconds,51.61909484863281,51.58296063728631,megabytes,566.0,566.0,86.0,85.05179282868527,0.273596416,0.273596416,0.821875,0.7775087151394419,success,sgd,0.01,1000000,1e-06,0.002,0.9,3.358189409642953e-05,
1D-gaussian-6c-256p,256,256,0.1593155148323325,1000000,5.658307251748791e-05,,seconds,51.87509369850159,51.67971231043339,megabytes,566.0,566.0,85.0,83.83132530120481,0.273580032,0.273580032,0.83828125,0.7764087600401604,success,sgd,0.01,1000000,1e-06,0.002,0.9,5.658307251748791e-05,
1D-gaussian-6c-256p,256,256,0.0080798063125712,1000000,3.491837108430703e-05,,seconds,51.96852827072144,51.84988874569535,megabytes,566.0,566.0,85.0,84.16528925619835,0.2731008,0.2731008,0.81796875,0.7774438274793393,success,sgd,0.01,1000000,1e-06,0.002,0.9,3.491837108430703e-05,
1D-gaussian-6c-512p,512,512,0.0636882767530784,1000000,0.0001324316647044,,seconds,68.29977655410767,68.17392293550074,megabytes,574.0,574.0,87.0,86.32704402515724,0.274919424,0.274919424,0.8328125,0.7778989779874211,success,sgd,0.01,1000000,1e-06,0.002,0.9,0.0001324316647044,
1D-gaussian-6c-512p,512,512,0.0110040499965697,1000000,0.0001477700418749,,seconds,68.5497682094574,68.36108351312578,megabytes,574.0,574.0,87.0,86.18506493506493,0.275136512,0.275136512,0.81875,0.7770824878246758,success,sgd,0.01,1000000,1e-06,0.002,0.9,0.0001477700418749,
1D-gaussian-6c-512p,512,512,0.060933268547433,1000000,0.0001336470165186,,seconds,68.46685528755188,68.35404053330421,megabytes,574.0,574.0,87.0,85.93247588424437,0.274866176,0.274866176,0.82265625,0.7762560289389069,success,sgd,0.01,1000000,1e-06,0.002,0.9,0.0001336470165186,
1D-gaussian-6c-512p,512,512,0.0526410856633747,1000000,0.000115396009995,,seconds,68.38230800628662,68.17695779912174,megabytes,574.0,574.0,87.0,86.16614420062696,0.275062784,0.275062784,0.834375,0.7774049764890282,success,sgd,0.01,1000000,1e-06,0.002,0.9,0.000115396009995,
1D-gaussian-6c-512p,512,512,0.0328144900703975,1000000,0.0001186252732684,,seconds,68.17477250099182,68.15808676928282,megabytes,574.0,574.0,87.0,86.17241379310344,0.275009536,0.275009536,0.8234375,0.7797389302507836,success,sgd,0.01,1000000,1e-06,0.002,0.9,0.0001186252732684,
1D-gaussian-6c-512p,512,512,0.0435346402791123,1000000,0.0001283491406906,,seconds,68.22911190986633,68.08900439552963,megabytes,574.0,574.0,87.0,86.41176470588235,0.275337216,0.275337216,0.82421875,0.7778613583591332,success,sgd,0.01,1000000,1e-06,0.002,0.9,0.0001283491406906,
1D-gaussian-6c-512p,512,512,0.0263557780311919,1000000,0.0001138327954446,,seconds,68.13558268547058,68.13603318482637,megabytes,574.0,574.0,87.0,86.32915360501568,0.275185664,0.275185664,0.8234375,0.7786490987460817,success,sgd,0.01,1000000,1e-06,0.002,0.9,0.0001138327954446,
1D-gaussian-6c-512p,512,512,0.0305998698002159,1000000,0.0001517527451324,,seconds,68.33442497253418,68.16914131119847,megabytes,574.0,574.0,87.0,86.32389937106919,0.27467776,0.27467776,0.825,0.7777196344339623,success,sgd,0.01,1000000,1e-06,0.002,0.9,0.0001517527451324,
1D-gaussian-6c-512p,512,512,0.0177799267574661,1000000,0.000110828635577,,seconds,68.24156641960144,68.21395378746092,megabytes,574.0,574.0,87.0,86.32807570977918,0.274669568,0.274669568,0.8296875,0.7800744282334386,success,sgd,0.01,1000000,1e-06,0.002,0.9,0.000110828635577,
1D-gaussian-6c-512p,512,512,0.0215490719464748,1000000,0.0001183890978325,,seconds,68.39802193641663,68.39173093624413,megabytes,574.0,574.0,87.0,86.0516129032258,0.275017728,0.275017728,0.821875,0.779798387096774,success,sgd,0.01,1000000,1e-06,0.002,0.9,0.0001183890978325,
1D-gaussian-6c-512p,512,512,0.0169604646375081,1000000,0.0001183145906473,,seconds,68.07162809371948,67.92736135609448,megabytes,574.0,574.0,87.0,86.4390243902439,0.275177472,0.275177472,0.82109375,0.7789681783536582,success,sgd,0.01,1000000,1e-06,0.002,0.9,0.0001183145906473,
1D-gaussian-6c-512p,512,512,0.0201141086510929,1000000,0.0001076347777714,,seconds,68.49576807022095,68.43525081314147,megabytes,574.0,574.0,87.0,86.0944625407166,0.27449344,0.27449344,0.81953125,0.7784710912052123,success,sgd,0.01,1000000,1e-06,0.002,0.9,0.0001076347777714,
1D-gaussian-6c-512p,512,512,0.012187562145635,1000000,0.0001358240586678,,seconds,68.45794796943665,68.29751108400524,megabytes,574.0,574.0,87.0,86.07643312101911,0.274771968,0.274771968,0.82421875,0.7773760947452232,success,sgd,0.01,1000000,1e-06,0.002,0.9,0.0001358240586678,
1D-gaussian-6c-512p,512,512,0.0496147564977341,1000000,0.0001140558430472,,seconds,68.44714450836182,68.30715006403625,megabytes,574.0,574.0,87.0,86.20253164556962,0.274968576,0.274968576,0.82109375,0.7771336036392406,success,sgd,0.01,1000000,1e-06,0.002,0.9,0.0001140558430472,
1D-gaussian-6c-512p,512,512,0.015324312858658,1000000,0.0001141524708721,,seconds,68.54812407493591,68.36650492623448,megabytes,574.0,574.0,87.0,85.93949044585987,0.275296256,0.275296256,0.815625,0.7762738853503185,success,sgd,0.01,1000000,1e-06,0.002,0.9,0.0001141524708721,
1D-gaussian-6c-512p,512,512,0.0189278302634831,1000000,0.000115327013967,,seconds,68.24329352378845,68.1729132477194,megabytes,574.0,574.0,87.0,86.30721003134796,0.27527168,0.27527168,0.81796875,0.7774025274294676,success,sgd,0.01,1000000,1e-06,0.002,0.9,0.000115327013967,
1D-gaussian-6c-512p,512,512,0.0387126896497437,1000000,0.000124059978341,,seconds,68.211674451828,68.08529824391007,megabytes,574.0,574.0,87.0,86.27554179566563,0.275460096,0.275460096,0.8171875,0.7766108746130032,success,sgd,0.01,1000000,1e-06,0.002,0.9,0.000124059978341,
1D-gaussian-6c-512p,512,512,0.0517321925697707,1000000,0.0001282026650742,,seconds,68.53120422363281,68.35805551707745,megabytes,574.0,574.0,87.0,86.16398713826366,0.275202048,0.275202048,0.8203125,0.7770222065916396,success,sgd,0.01,1000000,1e-06,0.002,0.9,0.0001282026650742,
1D-gaussian-6c-512p,512,512,0.0324663804714308,1000000,0.000126142036388,,seconds,68.12605571746826,68.0493180193007,megabytes,574.0,574.0,87.0,86.5,0.275566592,0.275566592,0.821875,0.7788747088509312,success,sgd,0.01,1000000,1e-06,0.002,0.9,0.000126142036388,
1D-gaussian-6c-512p,512,512,0.0653217164581359,1000000,0.0001433805027928,,seconds,68.26877546310425,68.21017701923847,megabytes,574.0,574.0,87.0,86.15654952076677,0.275214336,0.275214336,0.8375,0.7806235023961661,success,sgd,0.01,1000000,1e-06,0.002,0.9,0.0001433805027928,
1D-gaussian-6c-512p,512,512,0.0690029498731961,1000000,0.0001176095506898,,seconds,68.29238104820251,68.14504213444889,megabytes,574.0,574.0,87.0,86.24844720496894,0.275779584,0.275779584,0.8203125,0.7779818517080747,success,sgd,0.01,1000000,1e-06,0.002,0.9,0.0001176095506898,
1D-gaussian-6c-512p,512,512,0.0205806439064742,1000000,0.000110220388996,,seconds,68.48938775062561,68.38625201769173,megabytes,574.0,574.0,87.0,85.83881578947368,0.275406848,0.275406848,0.8265625,0.7775236430921053,success,sgd,0.01,1000000,1e-06,0.002,0.9,0.000110220388996,
1D-gaussian-6c-512p,512,512,0.1373052912834588,1000000,0.0001319263724968,,seconds,68.49475955963135,68.29537704028189,megabytes,574.0,574.0,87.0,86.07073954983923,0.27564032,0.27564032,0.840625,0.7758942926045016,success,sgd,0.01,1000000,1e-06,0.002,0.9,0.0001319263724968,
1D-gaussian-6c-512p,512,512,0.0103376833097211,1000000,0.0001073318656146,,seconds,68.54827284812927,68.3720077034086,megabytes,574.0,574.0,87.0,86.1715210355987,0.275369984,0.275369984,0.83125,0.7777988470873782,success,sgd,0.01,1000000,1e-06,0.002,0.9,0.0001073318656146,
1D-gaussian-6c-512p,512,512,0.0875665358734848,1000000,0.0001310897708024,,seconds,68.07306957244873,68.05568812973797,megabytes,574.0,574.0,87.0,86.39506172839506,0.27570176,0.27570176,0.821875,0.7806640625000004,success,sgd,0.01,1000000,1e-06,0.002,0.9,0.0001310897708024,
1D-gaussian-6c-512p,512,512,0.0306005170827899,1000000,0.0001163004841992,,seconds,68.17247796058655,68.17000130191445,megabytes,574.0,574.0,87.0,86.13793103448276,0.275591168,0.275591168,0.83125,0.7785780760188082,success,sgd,0.01,1000000,1e-06,0.002,0.9,0.0001163004841992,
1D-gaussian-6c-512p,512,512,0.0290253095996144,1000000,0.0001164792336098,,seconds,68.46994423866272,68.40641695447266,megabytes,574.0,574.0,87.0,86.11147540983606,0.275378176,0.275378176,0.815625,0.7785655737704912,success,sgd,0.01,1000000,1e-06,0.002,0.9,0.0001164792336098,
1D-gaussian-6c-512p,512,512,0.0366458185083825,1000000,0.0001201189267303,,seconds,68.08482432365417,68.02438306435943,megabytes,574.0,574.0,87.0,86.41104294478528,0.275767296,0.275767296,0.8234375,0.7779668328220857,success,sgd,0.01,1000000,1e-06,0.002,0.9,0.0001201189267303,
1D-gaussian-6c-512p,512,512,0.0193448614250411,1000000,0.0001153796137212,,seconds,68.13645768165588,68.12465188093483,megabytes,574.0,574.0,87.0,86.403125,0.275582976,0.275582976,0.825,0.7800854492187503,success,sgd,0.01,1000000,1e-06,0.002,0.9,0.0001153796137212,
1D-gaussian-6c-512p,512,512,0.1591610296366695,1000000,0.0001372179197449,,seconds,68.41542530059814,68.25373066589236,megabytes,574.0,574.0,87.0,86.10126582278481,0.27559936,0.27559936,0.82109375,0.7763746044303804,success,sgd,0.01,1000000,1e-06,0.002,0.9,0.0001372179197449,
1D-gaussian-6c-512p,512,512,0.0080733956195204,1000000,0.0001118670288077,,seconds,68.14108419418335,68.11358272470534,megabytes,574.0,574.0,87.0,86.3667711598746,0.275603456,0.275603456,0.81953125,0.7800646551724136,success,sgd,0.01,1000000,1e-06,0.002,0.9,0.0001118670288077,
1D-gaussian-6c-1024p,1024,1024,0.0637552266871767,1000000,0.0004303690913118,,seconds,90.16979098320007,90.1498159840703,megabytes,600.0,600.0,91.0,89.2179176755448,0.276443136,0.276443136,0.81796875,0.7786603359564161,success,sgd,0.01,1000000,1e-06,0.002,0.9,0.0004303690913118,
1D-gaussian-6c-1024p,1024,1024,0.0109900948147551,1000000,0.0004666048436269,,seconds,90.94178342819214,90.79842939600348,megabytes,600.0,600.0,93.0,89.32142857142857,0.276463616,0.276463616,0.8296875,0.77799147002551,success,sgd,0.01,1000000,1e-06,0.002,0.9,0.0004666048436269,
1D-gaussian-6c-1024p,1024,1024,0.0609833629797142,1000000,0.000407485604755,,seconds,90.89848971366882,90.77856285497546,megabytes,600.0,600.0,92.0,89.14795918367346,0.276496384,0.276496384,0.82109375,0.7761041135204082,success,sgd,0.01,1000000,1e-06,0.002,0.9,0.000407485604755,
1D-gaussian-6c-1024p,1024,1024,0.0526155380540094,1000000,0.0004383119635294,,seconds,88.30978178977966,88.10838336870074,megabytes,600.0,600.0,93.0,92.0952380952381,0.276471808,0.276471808,0.8375,0.7782510747354492,success,sgd,0.01,1000000,1e-06,0.002,0.9,0.0004383119635294,
1D-gaussian-6c-1024p,1024,1024,0.0325727855086537,1000000,0.0003743882009678,,seconds,90.61647129058838,90.4688963983208,megabytes,600.0,600.0,91.0,88.94588235294118,0.276574208,0.276574208,0.82421875,0.7764117647058828,success,sgd,0.01,1000000,1e-06,0.002,0.9,0.0003743882009678,
1D-gaussian-6c-1024p,1024,1024,0.0433043252648717,1000000,0.0004212981321769,,seconds,90.19558119773863,90.1896383855492,megabytes,600.0,600.0,91.0,89.29339853300733,0.276578304,0.276578304,0.8296875,0.7787266962102688,success,sgd,0.01,1000000,1e-06,0.002,0.9,0.0004212981321769,
1D-gaussian-6c-1024p,1024,1024,0.0262906007614962,1000000,0.000378864725219,,seconds,90.2846336364746,90.0971749201417,megabytes,600.0,600.0,92.0,89.52463054187191,0.276656128,0.276656128,0.8265625,0.778733066502464,success,sgd,0.01,1000000,1e-06,0.002,0.9,0.000378864725219,
1D-gaussian-6c-1024p,1024,1024,0.0310557220187155,1000000,0.0005158080522553,,seconds,90.21827483177184,90.09624737873672,megabytes,600.0,600.0,91.0,89.19607843137256,0.27664384,0.27664384,0.825,0.7780101102941177,success,sgd,0.01,1000000,1e-06,0.002,0.9,0.0005158080522553,
1D-gaussian-6c-1024p,1024,1024,0.0177500228859323,1000000,0.0003784783868521,,seconds,90.95864772796632,90.90971858613192,megabytes,600.0,600.0,92.0,88.82142857142857,0.27666432,0.27666432,0.821875,0.7793712797619053,success,sgd,0.01,1000000,1e-06,0.002,0.9,0.0003784783868521,
1D-gaussian-6c-1024p,1024,1024,0.0215275441963359,1000000,0.0003977584502588,,seconds,87.98620343208313,87.83476113155484,megabytes,600.0,600.0,93.0,91.81683168316832,0.276652032,0.276652032,0.821875,0.7789681311881184,success,sgd,0.01,1000000,1e-06,0.002,0.9,0.0003977584502588,
1D-gaussian-6c-1024p,1024,1024,0.0168170728928794,1000000,0.0003793812192682,,seconds,90.95233583450316,90.84931173920631,megabytes,600.0,600.0,92.0,89.54767726161369,0.276676608,0.276676608,0.81796875,0.7778403881418102,success,sgd,0.01,1000000,1e-06,0.002,0.9,0.0003793812192682,
1D-gaussian-6c-1024p,1024,1024,0.0201250531440873,1000000,0.0005169836377159,,seconds,90.49555611610413,90.34225713089108,megabytes,600.0,600.0,91.0,89.01909307875896,0.27670528,0.27670528,0.821875,0.7785892750596657,success,sgd,0.01,1000000,1e-06,0.002,0.9,0.0005169836377159,
1D-gaussian-6c-1024p,1024,1024,0.0123079605686043,1000000,0.0004844014881853,,seconds,89.87489080429077,89.87556103803217,megabytes,600.0,600.0,92.0,89.80493827160494,0.276713472,0.276713472,0.828125,0.7799787808641974,success,sgd,0.01,1000000,1e-06,0.002,0.9,0.0004844014881853,
1D-gaussian-6c-1024p,1024,1024,0.0495364687415068,1000000,0.0003740422283462,,seconds,91.10861682891846,91.06838316470385,megabytes,600.0,600.0,93.0,88.34712643678161,0.276709376,0.276709376,0.83359375,0.77855783045977,success,sgd,0.01,1000000,1e-06,0.002,0.9,0.0003740422283462,
1D-gaussian-6c-1024p,1024,1024,0.0152894397073653,1000000,0.000379578137844,,seconds,90.70452761650084,90.60245549678802,megabytes,600.0,600.0,91.0,89.15789473684211,0.276791296,0.276791296,0.81875,0.777379261363636,success,sgd,0.01,1000000,1e-06,0.002,0.9,0.000379578137844,
1D-gaussian-6c-1024p,1024,1024,0.0188596958239882,1000000,0.0004013241307616,,seconds,87.8773181438446,87.69787732511759,megabytes,600.0,600.0,93.0,92.1170731707317,0.276811776,0.276811776,0.8296875,0.7772522865853657,success,sgd,0.01,1000000,1e-06,0.002,0.9,0.0004013241307616,
1D-gaussian-6c-1024p,1024,1024,0.0390932409203134,1000000,0.000512970115689,,seconds,90.6723051071167,90.66983054578304,megabytes,600.0,600.0,92.0,89.1265206812652,0.276803584,0.276803584,0.815625,0.7780242548661802,success,sgd,0.01,1000000,1e-06,0.002,0.9,0.000512970115689,
1D-gaussian-6c-1024p,1024,1024,0.0513748497294606,1000000,0.0004097492475918,,seconds,90.49405145645142,90.45914353616536,megabytes,600.0,600.0,91.0,89.11722488038278,0.276844544,0.276844544,0.81953125,0.7785903857655505,success,sgd,0.01,1000000,1e-06,0.002,0.9,0.0004097492475918,
1D-gaussian-6c-1024p,1024,1024,0.0324038062838642,1000000,0.0003811208923537,,seconds,90.6919219493866,90.6274090167135,megabytes,600.0,600.0,92.0,89.36579572446556,0.276852736,0.276852736,0.82265625,0.7793070813539191,success,sgd,0.01,1000000,1e-06,0.002,0.9,0.0003811208923537,
1D-gaussian-6c-1024p,1024,1024,0.0655624739369814,1000000,0.0004838087328439,,seconds,88.32309603691101,88.2210026178509,megabytes,600.0,600.0,93.0,91.321608040201,0.276832256,0.276832256,0.82109375,0.7773574905778888,success,sgd,0.01,1000000,1e-06,0.002,0.9,0.0004838087328439,
1D-gaussian-6c-1024p,1024,1024,0.0689589552572099,1000000,0.0005170320846376,,seconds,90.94233560562134,90.83929602429272,megabytes,600.0,600.0,92.0,89.04854368932038,0.276897792,0.276897792,0.85,0.779031401699029,success,sgd,0.01,1000000,1e-06,0.002,0.9,0.0005170320846376,
1D-gaussian-6c-1024p,1024,1024,0.0207628874519521,1000000,0.0005820179939686,,seconds,89.59491801261902,89.55097270384431,megabytes,600.0,600.0,92.0,90.05072463768116,0.276918272,0.276918272,0.8234375,0.7793931159420292,success,sgd,0.01,1000000,1e-06,0.002,0.9,0.0005820179939686,
1D-gaussian-6c-1024p,1024,1024,0.1366878802159649,1000000,0.000407675023156,,seconds,91.09685802459715,90.955392787233,megabytes,600.0,600.0,92.0,89.04491725768321,0.277004288,0.277004288,0.82265625,0.7788489952718678,success,sgd,0.01,1000000,1e-06,0.002,0.9,0.000407675023156,
1D-gaussian-6c-1024p,1024,1024,0.0103480050150506,1000000,0.0004823104333286,,seconds,88.0394139289856,87.96736924722791,megabytes,600.0,600.0,93.0,91.82338308457712,0.276967424,0.276967424,0.8234375,0.7776955068407957,success,sgd,0.01,1000000,1e-06,0.002,0.9,0.0004823104333286,
1D-gaussian-6c-1024p,1024,1024,0.0872596763342045,1000000,0.0004332820196332,,seconds,90.27828121185304,90.23055642470716,megabytes,600.0,600.0,92.0,89.37619047619047,0.277020672,0.277020672,0.81796875,0.7783854166666664,success,sgd,0.01,1000000,1e-06,0.002,0.9,0.0004332820196332,
1D-gaussian-6c-1024p,1024,1024,0.0304565790835466,1000000,0.0003604065456973,,seconds,90.55924987792967,90.5077231321484,megabytes,600.0,600.0,92.0,89.13882352941177,0.277065728,0.277065728,0.82265625,0.7800992647058825,success,sgd,0.01,1000000,1e-06,0.002,0.9,0.0003604065456973,
1D-gaussian-6c-1024p,1024,1024,0.0290463444488286,1000000,0.0004806898134079,,seconds,89.92678165435791,89.85733491368592,megabytes,600.0,600.0,91.0,89.74754901960785,0.277057536,0.277057536,0.8328125,0.7779143688725492,success,sgd,0.01,1000000,1e-06,0.002,0.9,0.0004806898134079,
1D-gaussian-6c-1024p,1024,1024,0.0365621924985972,1000000,0.000410085984351,,seconds,87.88395667076111,87.88630611263216,megabytes,600.0,600.0,93.0,91.67758186397984,0.277004288,0.277004288,0.8296875,0.7806773457178837,success,sgd,0.01,1000000,1e-06,0.002,0.9,0.000410085984351,
1D-gaussian-6c-1024p,1024,1024,0.0192849328230822,1000000,0.0003749307795762,,seconds,90.19945764541626,90.04213385097682,megabytes,600.0,600.0,92.0,89.45965770171149,0.277078016,0.277078016,0.821875,0.7779855592909543,success,sgd,0.01,1000000,1e-06,0.002,0.9,0.0003749307795762,
1D-gaussian-6c-1024p,1024,1024,0.1584674831620713,1000000,0.0004292198173207,,seconds,87.94902420043945,87.86576336808503,megabytes,600.0,600.0,93.0,91.82673267326732,0.277078016,0.277078016,0.821875,0.7791827815594069,success,sgd,0.01,1000000,1e-06,0.002,0.9,0.0004292198173207,
1D-gaussian-6c-1024p,1024,1024,0.0080634425104486,1000000,0.0003717186612943,,seconds,90.9486927986145,90.7873544804752,megabytes,600.0,600.0,92.0,89.14769975786925,0.277151744,0.277151744,0.83203125,0.7786622276029053,success,sgd,0.01,1000000,1e-06,0.002,0.9,0.0003717186612943,
1D-gaussian-6c-2048p,2048,2048,0.0644438673976232,1000000,0.0014563668770769,,seconds,186.85582304000852,186.70271375216544,megabytes,696.0,696.0,96.0,95.8616504854369,0.277356544,0.277356544,0.84609375,0.778625606796117,success,sgd,0.01,1000000,1e-06,0.002,0.9,0.0014563668770769,
1D-gaussian-6c-2048p,2048,2048,0.0106465023133143,1000000,0.0016142711992168,,seconds,186.33867406845093,186.24196134135127,megabytes,696.0,696.0,96.0,95.86194477791116,0.277430272,0.277430272,0.83828125,0.778313512905162,success,sgd,0.01,1000000,1e-06,0.002,0.9,0.0016142711992168,
1D-gaussian-6c-2048p,2048,2048,0.0612215370705212,1000000,0.0013382128693675,,seconds,187.0003035068512,186.8225708622485,megabytes,696.0,696.0,96.0,95.07932692307692,0.277438464,0.277438464,0.825,0.7780930739182691,success,sgd,0.01,1000000,1e-06,0.002,0.9,0.0013382128693675,
1D-gaussian-6c-2048p,2048,2048,0.052505133034975,1000000,0.0014351170407621,,seconds,186.1240260601044,185.97957377135756,megabytes,696.0,696.0,96.0,95.86658795749705,0.277467136,0.277467136,0.81875,0.7784616661747343,success,sgd,0.01,1000000,1e-06,0.002,0.9,0.0014351170407621,
1D-gaussian-6c-2048p,2048,2048,0.0316297325896083,1000000,0.0011770639398364,,seconds,186.720383644104,186.6800198405981,megabytes,696.0,696.0,96.0,95.1073985680191,0.278421504,0.278421504,0.82578125,0.7797956443914078,success,sgd,0.01,1000000,1e-06,0.002,0.9,0.0011770639398364,
1D-gaussian-6c-2048p,2048,2048,0.042375211917873,1000000,0.0019507709200381,,seconds,186.4026176929474,186.27778273262084,megabytes,696.0,696.0,96.0,95.8468899521531,0.277499904,0.277499904,0.85078125,0.7790520334928231,success,sgd,0.01,1000000,1e-06,0.002,0.9,0.0019507709200381,
1D-gaussian-6c-2048p,2048,2048,0.0259928061631372,1000000,0.0012562838248636,,seconds,186.7551181316376,186.62997813522816,megabytes,696.0,696.0,96.0,95.20235294117649,0.277475328,0.277475328,0.8390625,0.7793676470588229,success,sgd,0.01,1000000,1e-06,0.002,0.9,0.0012562838248636,
1D-gaussian-6c-2048p,2048,2048,0.0308099576444129,1000000,0.0020267560149594,,seconds,186.5030901432037,186.33558833040297,megabytes,696.0,696.0,96.0,95.81227436823104,0.27752448,0.27752448,0.83203125,0.7791384626955462,success,sgd,0.01,1000000,1e-06,0.002,0.9,0.0020267560149594,
1D-gaussian-6c-2048p,2048,2048,0.0185789415057175,1000000,0.0017726661440432,,seconds,187.2976667881012,187.153306376189,megabytes,696.0,696.0,96.0,95.08,0.277553152,0.277553152,0.85078125,0.7788612132352933,success,sgd,0.01,1000000,1e-06,0.002,0.9,0.0017726661440432,
1D-gaussian-6c-2048p,2048,2048,0.0213172015626126,1000000,0.0014924929956152,,seconds,186.9389853477478,186.7724271304905,megabytes,696.0,696.0,96.0,95.76428571428572,0.277622784,0.277622784,0.82109375,0.7785853794642859,success,sgd,0.01,1000000,1e-06,0.002,0.9,0.0014924929956152,
1D-gaussian-6c-2048p,2048,2048,0.0162464372778302,1000000,0.0018388581610479,,seconds,186.7771861553192,186.7685773447156,megabytes,696.0,696.0,96.0,95.20479041916168,0.277610496,0.277610496,0.82109375,0.7794002619760481,success,sgd,0.01,1000000,1e-06,0.002,0.9,0.0018388581610479,
1D-gaussian-6c-2048p,2048,2048,0.0202596465043349,1000000,0.0016925265416549,,seconds,186.1157305240631,186.06033079884944,megabytes,696.0,696.0,96.0,95.77338129496404,0.277651456,0.277651456,0.81875,0.7795526079136699,success,sgd,0.01,1000000,1e-06,0.002,0.9,0.0016925265416549,
1D-gaussian-6c-2048p,2048,2048,0.0128416924699726,1000000,0.0016331912680635,,seconds,186.6328411102295,186.55219797976315,megabytes,696.0,696.0,96.0,95.1251504211793,0.283172864,0.283172864,0.82890625,0.7798698856799041,success,sgd,0.01,1000000,1e-06,0.002,0.9,0.0016331912680635,
1D-gaussian-6c-2048p,2048,2048,0.0494776179891817,1000000,0.001545745063321,,seconds,186.28932690620425,186.18718599528077,megabytes,696.0,696.0,96.0,95.81654676258992,0.277684224,0.277684224,0.81953125,0.7794167790767396,success,sgd,0.01,1000000,1e-06,0.002,0.9,0.001545745063321,
1D-gaussian-6c-2048p,2048,2048,0.0150879052015785,1000000,0.0012620337365358,,seconds,186.89448165893555,186.76470406353477,megabytes,696.0,696.0,96.0,95.2345238095238,0.277671936,0.277671936,0.821875,0.778674665178571,success,sgd,0.01,1000000,1e-06,0.002,0.9,0.0012620337365358,
1D-gaussian-6c-2048p,2048,2048,0.0186014951445765,1000000,0.0013653468728156,,seconds,186.4816493988037,186.31479664333165,megabytes,696.0,696.0,96.0,95.77982779827798,0.277721088,0.277721088,0.81953125,0.7789187423124243,success,sgd,0.01,1000000,1e-06,0.002,0.9,0.0013653468728156,
1D-gaussian-6c-2048p,2048,2048,0.0419681869230281,1000000,0.0017159497807345,,seconds,186.99117732048035,186.86566686071453,megabytes,696.0,696.0,96.0,95.05693950177935,0.27774976,0.27774976,0.81953125,0.778859912514827,success,sgd,0.01,1000000,1e-06,0.002,0.9,0.0017159497807345,
1D-gaussian-6c-2048p,2048,2048,0.0503122783199825,1000000,0.0013807647481787,,seconds,186.51407170295715,186.344508651644,megabytes,696.0,696.0,96.0,95.8311377245509,0.277798912,0.277798912,0.83125,0.7779949476047898,success,sgd,0.01,1000000,1e-06,0.002,0.9,0.0013807647481787,
1D-gaussian-6c-2048p,2048,2048,0.0337710531411002,1000000,0.001737625227239,,seconds,186.8493115901947,186.6747405510396,megabytes,696.0,696.0,96.0,95.13701923076924,0.27785216,0.27785216,0.84921875,0.7787118765024037,success,sgd,0.01,1000000,1e-06,0.002,0.9,0.001737625227239,
1D-gaussian-6c-2048p,2048,2048,0.0669474421444876,1000000,0.0016541697583323,,seconds,186.32497811317444,186.1503098756075,megabytes,696.0,696.0,96.0,95.69457547169812,0.282943488,0.282943488,0.82890625,0.7783977004716982,success,sgd,0.01,1000000,1e-06,0.002,0.9,0.0016541697583323,
1D-gaussian-6c-2048p,2048,2048,0.0717490483690879,1000000,0.0017377811940545,,seconds,186.6067750453949,186.4824439715594,megabytes,696.0,696.0,96.0,95.18601895734596,0.277864448,0.277864448,0.82265625,0.7787451866113732,success,sgd,0.01,1000000,1e-06,0.002,0.9,0.0017377811940545,
1D-gaussian-6c-2048p,2048,2048,0.0216178268025513,1000000,0.0018722951882806,,seconds,186.2065632343292,186.0600991435349,megabytes,696.0,696.0,96.0,95.7738814993954,0.27789312,0.27789312,0.83515625,0.7779757406287786,success,sgd,0.01,1000000,1e-06,0.002,0.9,0.0018722951882806,
1D-gaussian-6c-2048p,2048,2048,0.1344783852605063,1000000,0.0013249792732314,,seconds,186.8757095336914,186.70666946098208,megabytes,696.0,696.0,96.0,95.0,0.277966848,0.277966848,0.8171875,0.7794979659763309,success,sgd,0.01,1000000,1e-06,0.002,0.9,0.0013249792732314,
1D-gaussian-6c-2048p,2048,2048,0.0104807305801305,1000000,0.0016512612375445,,seconds,186.4964907169342,186.35618233680725,megabytes,696.0,696.0,96.0,95.85575757575758,0.277905408,0.277905408,0.83984375,0.7793371212121212,success,sgd,0.01,1000000,1e-06,0.002,0.9,0.0016512612375445,
1D-gaussian-6c-2048p,2048,2048,0.0856647925399252,1000000,0.0017550732837085,,seconds,186.9128680229187,186.81274545751512,megabytes,696.0,696.0,96.0,95.19642857142856,0.277958656,0.277958656,0.84296875,0.7788876488095234,success,sgd,0.01,1000000,1e-06,0.002,0.9,0.0017550732837085,
1D-gaussian-6c-2048p,2048,2048,0.0299351332080763,1000000,0.0011975785443782,,seconds,186.2725772857666,186.1625694911927,megabytes,696.0,696.0,96.0,95.86771844660194,0.277946368,0.277946368,0.825,0.7786673240291261,success,sgd,0.01,1000000,1e-06,0.002,0.9,0.0011975785443782,
1D-gaussian-6c-2048p,2048,2048,0.0297614496467003,1000000,0.0017211379158746,,seconds,186.4341716766357,186.3727043215185,megabytes,696.0,696.0,96.0,95.30188679245283,0.279691264,0.279691264,0.8421875,0.7773078198702831,success,sgd,0.01,1000000,1e-06,0.002,0.9,0.0017211379158746,
1D-gaussian-6c-2048p,2048,2048,0.0357218742149023,1000000,0.0020500478583535,,seconds,186.19165229797363,186.1268112398684,megabytes,696.0,696.0,96.0,95.6390887290168,0.278007808,0.278007808,0.840625,0.7806738983812961,success,sgd,0.01,1000000,1e-06,0.002,0.9,0.0020500478583535,
1D-gaussian-6c-2048p,2048,2048,0.0186935475849473,1000000,0.0017041326934897,,seconds,186.7752635478973,186.59781208448112,megabytes,696.0,696.0,96.0,95.20500595947556,0.278069248,0.278069248,0.853125,0.7778922079856972,success,sgd,0.01,1000000,1e-06,0.002,0.9,0.0017041326934897,
1D-gaussian-6c-2048p,2048,2048,0.1558754887129898,1000000,0.0013801754081812,,seconds,186.2715361118317,186.08691393956545,megabytes,696.0,696.0,96.0,95.7760479041916,0.278134784,0.278134784,0.828125,0.7781109655688605,success,sgd,0.01,1000000,1e-06,0.002,0.9,0.0013801754081812,
1D-gaussian-6c-2048p,2048,2048,0.0081207143760004,1000000,0.0017530287656663,,seconds,186.64647579193115,186.47710500843823,megabytes,696.0,696.0,96.0,95.109375,0.278093824,0.278093824,0.8171875,0.7782001201923069,success,sgd,0.01,1000000,1e-06,0.002,0.9,0.0017530287656663,
1D-gaussian-2c-32p,32,32,0.008421563028277,1000000,2.6830317223960888e-06,,seconds,41.8982150554657,41.88851113244891,megabytes,566.0,566.0,83.0,75.21717171717172,0.27377664,0.27377664,0.834375,0.7785511363636362,success,sgd,0.001,1000000,1e-06,0.002,0.9,2.6830317223960888e-06,
1D-gaussian-2c-32p,32,32,0.3730479259708743,1000000,2.1007495171479728e-05,,seconds,41.816404819488525,41.64201017469168,megabytes,566.0,566.0,79.0,76.52307692307693,0.273707008,0.273707008,0.82109375,0.7756971153846156,success,sgd,0.001,1000000,1e-06,0.002,0.9,2.1007495171479728e-05,
1D-gaussian-2c-32p,32,32,0.0096495743143248,1000000,2.7597188720176745e-06,,seconds,41.318291664123535,41.28864476084709,megabytes,566.0,566.0,79.0,76.53439153439153,0.273281024,0.273281024,0.81953125,0.781187996031746,success,sgd,0.001,1000000,1e-06,0.002,0.9,2.7597188720176745e-06,
1D-gaussian-2c-32p,32,32,0.008968728714393,1000000,2.634279750451705e-06,,seconds,42.05789041519165,41.86857922375202,megabytes,566.0,566.0,79.0,75.335,0.273780736,0.273780736,0.82265625,0.7743671875,success,sgd,0.001,1000000,1e-06,0.002,0.9,2.634279750451705e-06,
1D-gaussian-2c-32p,32,32,0.5044241249537942,1000000,1.5360191613830938e-05,,seconds,41.84890699386597,41.75106225721538,megabytes,566.0,566.0,85.0,76.01507537688443,0.273702912,0.273702912,0.821875,0.7772377512562814,success,sgd,0.001,1000000,1e-06,0.002,0.9,1.5360191613830938e-05,
1D-gaussian-2c-32p,32,32,0.0985778139823792,1000000,9.781341766098938e-06,,seconds,41.27861952781677,41.10634680464864,megabytes,566.0,566.0,84.0,77.00537634408602,0.273281024,0.273281024,0.821875,0.7763482862903223,success,sgd,0.001,1000000,1e-06,0.002,0.9,9.781341766098938e-06,
1D-gaussian-2c-32p,32,32,0.0841725515382364,1000000,9.752314866069806e-06,,seconds,41.64060187339783,41.565665293484926,megabytes,566.0,566.0,79.0,76.14948453608247,0.273604608,0.273604608,0.821875,0.7776699420103094,success,sgd,0.001,1000000,1e-06,0.002,0.9,9.752314866069806e-06,
1D-gaussian-2c-32p,32,32,0.0866878257581565,1000000,1.0087547043630569e-05,,seconds,41.40167427062988,41.29082688502968,megabytes,566.0,566.0,84.0,76.53968253968254,0.273399808,0.273399808,0.82109375,0.775996197089947,success,sgd,0.001,1000000,1e-06,0.002,0.9,1.0087547043630569e-05,
1D-gaussian-2c-32p,32,32,0.0069318737471271,1000000,2.1306300061829907e-06,,seconds,41.59402370452881,41.48492479324341,megabytes,566.0,566.0,79.0,76.05181347150258,0.27355136,0.27355136,0.82265625,0.778545984455958,success,sgd,0.001,1000000,1e-06,0.002,0.9,2.1306300061829907e-06,
1D-gaussian-2c-32p,32,32,0.0133163490250943,1000000,5.249823440568488e-06,,seconds,42.07327198982239,41.94923532381654,megabytes,566.0,566.0,79.0,75.415,0.273752064,0.273752064,0.82421875,0.7786601562499997,success,sgd,0.001,1000000,1e-06,0.002,0.9,5.249823440568488e-06,
1D-gaussian-2c-32p,32,32,0.1845168981011362,1000000,9.101306561314738e-06,,seconds,41.51492929458618,41.49992900528014,megabytes,566.0,566.0,83.0,76.27225130890052,0.273379328,0.273379328,0.8265625,0.7774705497382197,success,sgd,0.001,1000000,1e-06,0.002,0.9,9.101306561314738e-06,
1D-gaussian-2c-32p,32,32,0.0426218941404975,1000000,4.763725595419568e-06,,seconds,42.27074408531189,42.089459605515,megabytes,566.0,566.0,80.0,74.69651741293532,0.273948672,0.273948672,0.8375,0.7781327736318411,success,sgd,0.001,1000000,1e-06,0.002,0.9,4.763725595419568e-06,
1D-gaussian-2c-32p,32,32,0.0400930856464776,1000000,5.3501614080853045e-06,,seconds,41.857335567474365,41.69150618650019,megabytes,566.0,566.0,79.0,75.64102564102564,0.273518592,0.273518592,0.8421875,0.7753645833333328,success,sgd,0.001,1000000,1e-06,0.002,0.9,5.3501614080853045e-06,
1D-gaussian-2c-32p,32,32,0.0278616957071502,1000000,6.550417721714267e-06,,seconds,41.50408291816712,41.39471744000912,megabytes,566.0,566.0,79.0,76.19576719576719,0.27318272,0.27318272,0.82421875,0.7787367724867724,success,sgd,0.001,1000000,1e-06,0.002,0.9,6.550417721714267e-06,
1D-gaussian-2c-32p,32,32,0.1779173969948064,1000000,1.4078504058959478e-05,,seconds,41.56362199783325,41.53658866323531,megabytes,566.0,566.0,85.0,76.10416666666667,0.27344896,0.27344896,0.8171875,0.7793986002604166,success,sgd,0.001,1000000,1e-06,0.002,0.9,1.4078504058959478e-05,
1D-gaussian-2c-32p,32,32,0.142515146822109,1000000,1.3557445182012516e-05,,seconds,41.5890748500824,41.527419961988926,megabytes,566.0,566.0,79.0,76.32631578947368,0.273195008,0.273195008,0.82265625,0.7766611842105261,success,sgd,0.001,1000000,1e-06,0.002,0.9,1.3557445182012516e-05,
1D-gaussian-2c-32p,32,32,0.2010495570391197,1000000,3.2653578746335694e-05,,seconds,41.97546648979187,41.97480351291597,megabytes,566.0,566.0,79.0,75.20707070707071,0.273731584,0.273731584,0.81796875,0.7796204229797981,success,sgd,0.001,1000000,1e-06,0.002,0.9,3.2653578746335694e-05,
1D-gaussian-2c-32p,32,32,0.1303303611647742,1000000,1.7666400257112315e-05,,seconds,41.646713733673096,41.58159240707755,megabytes,566.0,566.0,79.0,75.77604166666667,0.273432576,0.273432576,0.81875,0.7777099609374999,success,sgd,0.001,1000000,1e-06,0.002,0.9,1.7666400257112315e-05,
1D-gaussian-2c-32p,32,32,0.2258995543981308,1000000,1.3844223632158209e-05,,seconds,41.44457149505615,41.28368355892599,megabytes,566.0,566.0,80.0,76.37096774193549,0.273252352,0.273252352,0.8171875,0.7758148521505379,success,sgd,0.001,1000000,1e-06,0.002,0.9,1.3844223632158209e-05,
1D-gaussian-2c-32p,32,32,0.0341112818424126,1000000,5.3460260018224e-06,,seconds,41.26993465423584,41.22565081901848,megabytes,566.0,566.0,81.0,76.52941176470588,0.273137664,0.273137664,0.83046875,0.7782378008021388,success,sgd,0.001,1000000,1e-06,0.002,0.9,5.3460260018224e-06,
1D-gaussian-2c-32p,32,32,0.6508382478797424,1000000,8.812224572845595e-06,,seconds,41.47862219810486,41.44810622744262,megabytes,566.0,566.0,79.0,76.90052356020942,0.273313792,0.273313792,0.81640625,0.7781699934554978,success,sgd,0.001,1000000,1e-06,0.002,0.9,8.812224572845595e-06,
1D-gaussian-2c-32p,32,32,0.8539499357447174,1000000,3.322008294121469e-05,,seconds,41.502272605896,41.36168893240392,megabytes,566.0,566.0,85.0,77.0952380952381,0.273252352,0.273252352,0.81640625,0.7755663029100535,success,sgd,0.001,1000000,1e-06,0.002,0.9,3.322008294121469e-05,
1D-gaussian-2c-32p,32,32,0.8952965410692093,1000000,2.858203745624763e-05,,seconds,41.69057583808899,41.52762463502586,megabytes,566.0,566.0,79.0,76.41450777202073,0.273375232,0.273375232,0.83828125,0.7731258095854922,success,sgd,0.001,1000000,1e-06,0.002,0.9,2.858203745624763e-05,
1D-gaussian-2c-32p,32,32,0.003479986118388,427362,9.999834231190622e-07,,seconds,18.151893854141235,18.142855962738395,megabytes,566.0,566.0,79.0,73.92222222222222,0.268853248,0.268853248,0.83359375,0.7809027777777777,success,sgd,0.001,1000000,1e-06,0.002,0.9,9.999834231190622e-07,
1D-gaussian-2c-32p,32,32,0.046717941359896,1000000,5.777982365033762e-06,,seconds,41.6278018951416,41.538056153804064,megabytes,566.0,566.0,82.0,76.34895833333333,0.273358848,0.273358848,0.821875,0.7787516276041665,success,sgd,0.001,1000000,1e-06,0.002,0.9,5.777982365033762e-06,
1D-gaussian-2c-32p,32,32,0.7492805498603898,1000000,3.79419641810299e-05,,seconds,41.51583790779114,41.32987924106419,megabytes,566.0,566.0,79.0,76.19576719576719,0.2733056,0.2733056,0.8171875,0.7756365740740738,success,sgd,0.001,1000000,1e-06,0.002,0.9,3.79419641810299e-05,
1D-gaussian-2c-32p,32,32,0.5456741479379725,1000000,2.380111863435756e-05,,seconds,42.15392279624939,41.99760949425399,megabytes,566.0,566.0,79.0,75.32835820895522,0.274014208,0.274014208,0.8390625,0.7754158893034823,success,sgd,0.001,1000000,1e-06,0.002,0.9,2.380111863435756e-05,
1D-gaussian-2c-32p,32,32,0.0227202032402572,1000000,4.792897902595141e-06,,seconds,41.56738758087158,41.55012695863843,megabytes,566.0,566.0,81.0,76.29381443298969,0.273563648,0.273563648,0.82109375,0.777452480670103,success,sgd,0.001,1000000,1e-06,0.002,0.9,4.792897902595141e-06,
1D-gaussian-2c-32p,32,32,0.4092068412884332,1000000,2.6383093392168867e-05,,seconds,41.76170611381531,41.62007502838969,megabytes,566.0,566.0,85.0,76.54639175257732,0.273788928,0.273788928,0.82421875,0.7744120489690722,success,sgd,0.001,1000000,1e-06,0.002,0.9,2.6383093392168867e-05,
1D-gaussian-2c-32p,32,32,0.0320218415427747,1000000,4.74661117236163e-06,,seconds,41.470329999923706,41.46224094927311,megabytes,566.0,566.0,85.0,76.375,0.2735104,0.2735104,0.8203125,0.7786051432291669,success,sgd,0.001,1000000,1e-06,0.002,0.9,4.74661117236163e-06,
1D-gaussian-2c-32p,32,32,0.1906415049794655,1000000,1.5951957572043858e-05,,seconds,41.529828786849976,41.49513107351959,megabytes,566.0,566.0,80.0,77.06770833333333,0.273727488,0.273727488,0.82421875,0.779679361979167,success,sgd,0.001,1000000,1e-06,0.002,0.9,1.5951957572043858e-05,
1D-gaussian-2c-64p,64,64,0.0081832403811301,1000000,3.097173836281009e-06,,seconds,43.97076988220215,43.84577355720103,megabytes,566.0,566.0,83.0,81.46534653465346,0.27424768,0.27424768,0.815625,0.7761061262376238,success,sgd,0.001,1000000,1e-06,0.002,0.9,3.097173836281009e-06,
1D-gaussian-2c-64p,64,64,0.3727162093111935,1000000,2.4615257764648118e-05,,seconds,43.758349895477295,43.6935494504869,megabytes,566.0,566.0,83.0,81.68627450980392,0.274280448,0.274280448,0.83125,0.7762484681372551,success,sgd,0.001,1000000,1e-06,0.002,0.9,2.4615257764648118e-05,
1D-gaussian-2c-64p,64,64,0.0093524176854016,1000000,3.745857272430783e-06,,seconds,43.83077192306519,43.72523429617286,megabytes,566.0,566.0,83.0,81.45049504950495,0.274153472,0.274153472,0.81328125,0.7744005259900988,success,sgd,0.001,1000000,1e-06,0.002,0.9,3.745857272430783e-06,
1D-gaussian-2c-64p,64,64,0.0088754762135049,1000000,5.073598071887477e-06,,seconds,43.67965912818909,43.66420779004693,megabytes,566.0,566.0,83.0,81.37931034482759,0.274358272,0.274358272,0.8171875,0.781215363300493,success,sgd,0.001,1000000,1e-06,0.002,0.9,5.073598071887477e-06,
1D-gaussian-2c-64p,64,64,0.5038690200111773,1000000,4.5725251780508125e-05,,seconds,43.640355587005615,43.57770539820194,megabytes,566.0,566.0,84.0,82.71153846153847,0.274427904,0.274427904,0.81953125,0.7780423677884614,success,sgd,0.001,1000000,1e-06,0.002,0.9,4.5725251780508125e-05,
1D-gaussian-2c-64p,64,64,0.0983452476562243,1000000,8.067944592538242e-06,,seconds,43.73305130004883,43.59627951681614,megabytes,566.0,566.0,83.0,81.55825242718447,0.274345984,0.274345984,0.8265625,0.7776888652912622,success,sgd,0.001,1000000,1e-06,0.002,0.9,8.067944592538242e-06,
1D-gaussian-2c-64p,64,64,0.083994109865364,1000000,1.0909222785076516e-05,,seconds,43.643080711364746,43.60152299888432,megabytes,566.0,566.0,83.0,81.72330097087378,0.27449344,0.27449344,0.81875,0.7784435679611654,success,sgd,0.001,1000000,1e-06,0.002,0.9,1.0909222785076516e-05,
1D-gaussian-2c-64p,64,64,0.0865954915896206,1000000,9.328130292782153e-06,,seconds,43.755316734313965,43.726127821952105,megabytes,566.0,566.0,83.0,81.4384236453202,0.274259968,0.274259968,0.82265625,0.7796798029556653,success,sgd,0.001,1000000,1e-06,0.002,0.9,9.328130292782153e-06,
1D-gaussian-2c-64p,64,64,0.0065870218884234,1000000,2.087464902405661e-06,,seconds,43.73218584060669,43.63207264430821,megabytes,566.0,566.0,83.0,81.63414634146342,0.274333696,0.274333696,0.82109375,0.7762766768292679,success,sgd,0.001,1000000,1e-06,0.002,0.9,2.087464902405661e-06,
1D-gaussian-2c-64p,64,64,0.0130696178997945,1000000,1.0183402631551393e-05,,seconds,43.87237882614136,43.70825299248099,megabytes,566.0,566.0,83.0,81.55940594059406,0.274321408,0.274321408,0.834375,0.7770498143564349,success,sgd,0.001,1000000,1e-06,0.002,0.9,1.0183402631551393e-05,
1D-gaussian-2c-64p,64,64,0.1842172744031584,1000000,1.3968787025343971e-05,,seconds,43.715919971466064,43.70906721614301,megabytes,566.0,566.0,83.0,81.39603960396039,0.274235392,0.274235392,0.8234375,0.7790532178217819,success,sgd,0.001,1000000,1e-06,0.002,0.9,1.3968787025343971e-05,
1D-gaussian-2c-64p,64,64,0.0423005877037215,1000000,8.268421659423565e-06,,seconds,43.58699321746826,43.47503580711782,megabytes,566.0,566.0,83.0,81.88095238095238,0.274558976,0.274558976,0.81953125,0.7786681547619049,success,sgd,0.001,1000000,1e-06,0.002,0.9,8.268421659423565e-06,
1D-gaussian-2c-64p,64,64,0.0393799737139263,1000000,4.782218138773152e-06,,seconds,43.551146030426025,43.54529914073646,megabytes,566.0,566.0,83.0,81.62621359223301,0.274456576,0.274456576,0.8203125,0.7803739381067959,success,sgd,0.001,1000000,1e-06,0.002,0.9,4.782218138773152e-06,
1D-gaussian-2c-64p,64,64,0.0277315568562969,1000000,5.80738088399756e-06,,seconds,43.69752168655396,43.58370572514832,megabytes,566.0,566.0,83.0,81.73529411764706,0.274509824,0.274509824,0.81796875,0.7770182291666672,success,sgd,0.001,1000000,1e-06,0.002,0.9,5.80738088399756e-06,
1D-gaussian-2c-64p,64,64,0.1777318107462935,1000000,2.4284801315895965e-05,,seconds,43.79711318016052,43.656677009537816,megabytes,566.0,566.0,83.0,81.63546798029557,0.27455488,0.27455488,0.8375,0.7771359298029554,success,sgd,0.001,1000000,1e-06,0.002,0.9,2.4284801315895965e-05,
1D-gaussian-2c-64p,64,64,0.1418204479692502,1000000,1.5845530178560445e-05,,seconds,43.68743753433228,43.53331560827792,megabytes,566.0,566.0,83.0,81.79227053140097,0.274620416,0.274620416,0.82578125,0.7780004528985507,success,sgd,0.001,1000000,1e-06,0.002,0.9,1.5845530178560445e-05,
1D-gaussian-2c-64p,64,64,0.2008864672394105,1000000,3.0840365222010535e-05,,seconds,43.794031381607056,43.69980413466692,megabytes,566.0,566.0,83.0,81.6896551724138,0.274378752,0.274378752,0.82109375,0.7773360529556649,success,sgd,0.001,1000000,1e-06,0.002,0.9,3.0840365222010535e-05,
1D-gaussian-2c-64p,64,64,0.130008395938509,1000000,1.851148807426665e-05,,seconds,43.66359043121338,43.55487697571516,megabytes,566.0,566.0,83.0,81.85436893203884,0.274661376,0.274661376,0.82265625,0.7780150182038833,success,sgd,0.001,1000000,1e-06,0.002,0.9,1.851148807426665e-05,
1D-gaussian-2c-64p,64,64,0.2256491092052309,1000000,1.504526953840872e-05,,seconds,43.86465334892273,43.86090028844774,megabytes,566.0,566.0,83.0,81.13065326633166,0.274407424,0.274407424,0.8203125,0.7802646042713565,success,sgd,0.001,1000000,1e-06,0.002,0.9,1.504526953840872e-05,
1D-gaussian-2c-64p,64,64,0.0338034297056057,1000000,7.151633154537106e-06,,seconds,43.94901132583618,43.80612268298864,megabytes,566.0,566.0,83.0,81.45,0.274448384,0.274448384,0.8359375,0.7775117187500004,success,sgd,0.001,1000000,1e-06,0.002,0.9,7.151633154537106e-06,
1D-gaussian-2c-64p,64,64,0.650475275655113,1000000,4.210069123313356e-05,,seconds,43.98055410385132,43.81438598223031,megabytes,566.0,566.0,83.0,81.7,0.27435008,0.27435008,0.821875,0.7766406249999999,success,sgd,0.001,1000000,1e-06,0.002,0.9,4.210069123313356e-05,
1D-gaussian-2c-64p,64,64,0.8536967977075988,1000000,3.036701612415611e-05,,seconds,43.94258141517639,43.805603824555874,megabytes,566.0,566.0,83.0,81.65326633165829,0.274313216,0.274313216,0.8171875,0.7766842022613069,success,sgd,0.001,1000000,1e-06,0.002,0.9,3.036701612415611e-05,
1D-gaussian-2c-64p,64,64,0.8948545582525237,1000000,3.890549258700468e-05,,seconds,43.68184232711792,43.545642863959074,megabytes,566.0,566.0,83.0,81.6504854368932,0.274812928,0.274812928,0.81484375,0.7739760315533982,success,sgd,0.001,1000000,1e-06,0.002,0.9,3.890549258700468e-05,
1D-gaussian-2c-64p,64,64,0.0033297884101995,1000000,1.932488435014163e-06,,seconds,43.89314413070679,43.88845191895962,megabytes,566.0,566.0,83.0,81.0051282051282,0.274374656,0.274374656,0.8234375,0.7815224358974354,success,sgd,0.001,1000000,1e-06,0.002,0.9,1.932488435014163e-06,
1D-gaussian-2c-64p,64,64,0.0460789302919137,1000000,6.623538219425718e-06,,seconds,43.92552423477173,43.90687094628811,megabytes,566.0,566.0,83.0,81.33163265306122,0.274432,0.274432,0.8609375,0.777654655612245,success,sgd,0.001,1000000,1e-06,0.002,0.9,6.623538219425718e-06,
1D-gaussian-2c-64p,64,64,0.7492392260748112,1000000,4.21694509073386e-05,,seconds,43.890376329422,43.75204616039992,megabytes,566.0,566.0,84.0,82.20398009950249,0.274669568,0.274669568,0.825,0.779329912935323,success,sgd,0.001,1000000,1e-06,0.002,0.9,4.21694509073386e-05,
1D-gaussian-2c-64p,64,64,0.5454568703292381,1000000,1.9793077567992487e-05,,seconds,43.738715171813965,43.62030457146466,megabytes,566.0,566.0,84.0,82.48768472906404,0.274518016,0.274518016,0.8234375,0.7760198583743839,success,sgd,0.001,1000000,1e-06,0.002,0.9,1.9793077567992487e-05,
1D-gaussian-2c-64p,64,64,0.0224248946001574,1000000,6.548470656840869e-06,,seconds,43.71027421951294,43.63766816444695,megabytes,566.0,566.0,83.0,81.65841584158416,0.274624512,0.274624512,0.82421875,0.7798654084158421,success,sgd,0.001,1000000,1e-06,0.002,0.9,6.548470656840869e-06,
1D-gaussian-2c-64p,64,64,0.4088738324209115,1000000,2.5311188101623035e-05,,seconds,43.9379997253418,43.81199895590544,megabytes,566.0,566.0,83.0,81.4070351758794,0.274640896,0.274640896,0.815625,0.7771121231155781,success,sgd,0.001,1000000,1e-06,0.002,0.9,2.5311188101623035e-05,
1D-gaussian-2c-64p,64,64,0.0314439092508013,1000000,4.506974346031571e-06,,seconds,43.721030712127686,43.72266003489494,megabytes,566.0,566.0,83.0,81.44776119402985,0.274726912,0.274726912,0.815625,0.7804765236318411,success,sgd,0.001,1000000,1e-06,0.002,0.9,4.506974346031571e-06,
1D-gaussian-2c-64p,64,64,0.1903135572237778,1000000,1.8944094502722258e-05,,seconds,43.778489112854,43.63332208991051,megabytes,566.0,566.0,83.0,81.45365853658537,0.274976768,0.274976768,0.82265625,0.7756974085365855,success,sgd,0.001,1000000,1e-06,0.002,0.9,1.8944094502722258e-05,
1D-gaussian-2c-128p,128,128,0.0081806830578694,1000000,7.739369768460424e-06,,seconds,50.049556016922,49.92975230142474,megabytes,566.0,566.0,83.0,80.55319148936171,0.27609088,0.27609088,0.821875,0.7793218085106379,success,sgd,0.001,1000000,1e-06,0.002,0.9,7.739369768460424e-06,
1D-gaussian-2c-128p,128,128,0.3725978413788302,1000000,5.043134580931256e-05,,seconds,50.50040626525879,50.33619016036391,megabytes,566.0,566.0,83.0,80.18828451882845,0.276078592,0.276078592,0.83828125,0.7743723849372389,success,sgd,0.001,1000000,1e-06,0.002,0.9,5.043134580931256e-05,
1D-gaussian-2c-128p,128,128,0.009350751171209,1000000,5.985330587596558e-06,,seconds,50.13042879104614,49.95517223700881,megabytes,566.0,566.0,86.0,80.33191489361703,0.276099072,0.276099072,0.81484375,0.7742154255319145,success,sgd,0.001,1000000,1e-06,0.002,0.9,5.985330587596558e-06,
1D-gaussian-2c-128p,128,128,0.0088729839213122,1000000,7.965096347650745e-06,,seconds,50.20431637763977,50.03767749480903,megabytes,566.0,566.0,83.0,79.60337552742617,0.276107264,0.276107264,0.82890625,0.7772844145569623,success,sgd,0.001,1000000,1e-06,0.002,0.9,7.965096347650745e-06,
1D-gaussian-2c-128p,128,128,0.5035985655113203,1000000,6.01257646419369e-05,,seconds,50.15530824661255,50.059785859659314,megabytes,566.0,566.0,83.0,80.51489361702127,0.276025344,0.276025344,0.8265625,0.7787367021276592,success,sgd,0.001,1000000,1e-06,0.002,0.9,6.01257646419369e-05,
1D-gaussian-2c-128p,128,128,0.0983296560000938,1000000,1.762794840626768e-05,,seconds,49.677345752716064,49.51184777542949,megabytes,566.0,566.0,82.0,80.37610619469027,0.275505152,0.275505152,0.8203125,0.7756913716814164,success,sgd,0.001,1000000,1e-06,0.002,0.9,1.762794840626768e-05,
1D-gaussian-2c-128p,128,128,0.0839776229319638,1000000,1.577942642927687e-05,,seconds,49.9423828125,49.784758519381285,megabytes,566.0,566.0,88.0,80.54347826086956,0.275881984,0.275881984,0.84453125,0.7772384510869567,success,sgd,0.001,1000000,1e-06,0.002,0.9,1.577942642927687e-05,
1D-gaussian-2c-128p,128,128,0.0865755743045724,1000000,1.9970984977678952e-05,,seconds,50.080984592437744,50.042996391654015,megabytes,566.0,566.0,82.0,79.21097046413502,0.275976192,0.275976192,0.8265625,0.7790677742616027,success,sgd,0.001,1000000,1e-06,0.002,0.9,1.9970984977678952e-05,
1D-gaussian-2c-128p,128,128,0.0065853740336915,1000000,6.210777247337667e-06,,seconds,49.678507566452026,49.63796039298177,megabytes,566.0,566.0,87.0,80.73684210526316,0.2756608,0.2756608,0.81875,0.7787314967105264,success,sgd,0.001,1000000,1e-06,0.002,0.9,6.210777247337667e-06,
1D-gaussian-2c-128p,128,128,0.0130645076529296,1000000,1.068816554676922e-05,,seconds,49.63648223876953,49.48055595345795,megabytes,566.0,566.0,85.0,80.0748898678414,0.275775488,0.275775488,0.8203125,0.7764317180616737,success,sgd,0.001,1000000,1e-06,0.002,0.9,1.068816554676922e-05,
1D-gaussian-2c-128p,128,128,0.1841762259352837,1000000,2.909439427413088e-05,,seconds,49.995651960372925,49.99802183173597,megabytes,566.0,566.0,83.0,80.28632478632478,0.276099072,0.276099072,0.8171875,0.7783720619658121,success,sgd,0.001,1000000,1e-06,0.002,0.9,2.909439427413088e-05,
1D-gaussian-2c-128p,128,128,0.0422935474508427,1000000,1.2461255875353556e-05,,seconds,49.511290550231934,49.356674304232,megabytes,566.0,566.0,85.0,80.4035874439462,0.275746816,0.275746816,0.81953125,0.7759669282511213,success,sgd,0.001,1000000,1e-06,0.002,0.9,1.2461255875353556e-05,
1D-gaussian-2c-128p,128,128,0.039303981742281,1000000,6.800289902965829e-06,,seconds,50.04826450347901,49.877033330500126,megabytes,566.0,566.0,86.0,80.11688311688312,0.27602944,0.27602944,0.84375,0.7763189935064936,success,sgd,0.001,1000000,1e-06,0.002,0.9,6.800289902965829e-06,
1D-gaussian-2c-128p,128,128,0.0277238631555178,1000000,1.2587459125042646e-05,,seconds,50.497389793396,50.47240910865367,megabytes,566.0,566.0,82.0,78.56326530612245,0.27633664,0.27633664,0.821875,0.7783227040816322,success,sgd,0.001,1000000,1e-06,0.002,0.9,1.2587459125042646e-05,
1D-gaussian-2c-128p,128,128,0.1776747311841572,1000000,2.575344599372913e-05,,seconds,50.28064370155335,50.10868436843157,megabytes,566.0,566.0,86.0,80.44491525423729,0.276140032,0.276140032,0.8328125,0.7766585010593218,success,sgd,0.001,1000000,1e-06,0.002,0.9,2.575344599372913e-05,
1D-gaussian-2c-128p,128,128,0.1416541779561986,1000000,2.483982657372085e-05,,seconds,49.66381049156189,49.60915787704289,megabytes,566.0,566.0,85.0,79.74235807860262,0.276013056,0.276013056,0.825,0.7778827783842801,success,sgd,0.001,1000000,1e-06,0.002,0.9,2.483982657372085e-05,
1D-gaussian-2c-128p,128,128,0.2008293435294812,1000000,2.944906713277025e-05,,seconds,49.78923153877258,49.78423150256276,megabytes,566.0,566.0,83.0,80.46052631578948,0.275869696,0.275869696,0.81875,0.7798040021929822,success,sgd,0.001,1000000,1e-06,0.002,0.9,2.944906713277025e-05,
1D-gaussian-2c-128p,128,128,0.1299713263274931,1000000,2.509769749385456e-05,,seconds,50.020724058151245,49.92089454829693,megabytes,566.0,566.0,82.0,79.53813559322033,0.276344832,0.276344832,0.82265625,0.7805481991525424,success,sgd,0.001,1000000,1e-06,0.002,0.9,2.509769749385456e-05,
1D-gaussian-2c-128p,128,128,0.22565015899482,1000000,4.101236863003026e-05,,seconds,50.13227581977844,50.00666466541588,megabytes,566.0,566.0,87.0,80.32765957446809,0.276271104,0.276271104,0.84296875,0.7785605053191486,success,sgd,0.001,1000000,1e-06,0.002,0.9,4.101236863003026e-05,
1D-gaussian-2c-128p,128,128,0.0338010149256695,1000000,8.175599108546568e-06,,seconds,50.03402996063232,49.86548683233559,megabytes,566.0,566.0,86.0,79.73593073593074,0.276180992,0.276180992,0.83203125,0.7761600378787875,success,sgd,0.001,1000000,1e-06,0.002,0.9,8.175599108546568e-06,
1D-gaussian-2c-128p,128,128,0.6503568480262427,1000000,3.674472604882128e-05,,seconds,50.033337354660034,49.98386466503143,megabytes,566.0,566.0,85.0,80.42735042735043,0.276156416,0.276156416,0.8203125,0.7786792200854701,success,sgd,0.001,1000000,1e-06,0.002,0.9,3.674472604882128e-05,
1D-gaussian-2c-128p,128,128,0.853460050050818,1000000,5.886598196647163e-05,,seconds,50.01784110069275,49.84653274901211,megabytes,566.0,566.0,83.0,80.24034334763948,0.276144128,0.276144128,0.81875,0.7748658798283262,success,sgd,0.001,1000000,1e-06,0.002,0.9,5.886598196647163e-05,
1D-gaussian-2c-128p,128,128,0.8946132549022283,1000000,6.544990453164734e-05,,seconds,50.14780807495117,50.00083401240408,megabytes,566.0,566.0,86.0,80.60085836909872,0.276307968,0.276307968,0.821875,0.7754995976394844,success,sgd,0.001,1000000,1e-06,0.002,0.9,6.544990453164734e-05,
1D-gaussian-2c-128p,128,128,0.0033294340857678,1000000,5.084765032116533e-06,,seconds,49.61631345748901,49.58955863118172,megabytes,566.0,566.0,84.0,80.15555555555555,0.275898368,0.275898368,0.8203125,0.7800486111111108,success,sgd,0.001,1000000,1e-06,0.002,0.9,5.084765032116533e-06,
1D-gaussian-2c-128p,128,128,0.0460747397463362,1000000,1.165041332396249e-05,,seconds,49.92943358421326,49.88569054752588,megabytes,566.0,566.0,85.0,80.62770562770562,0.276267008,0.276267008,0.81484375,0.7759063852813854,success,sgd,0.001,1000000,1e-06,0.002,0.9,1.165041332396249e-05,
1D-gaussian-2c-128p,128,128,0.7490222509874801,1000000,6.057305877583621e-05,,seconds,50.4772310256958,50.28596601448953,megabytes,566.0,566.0,86.0,79.07407407407408,0.276508672,0.276508672,0.82109375,0.7764692644032929,success,sgd,0.001,1000000,1e-06,0.002,0.9,6.057305877583621e-05,
1D-gaussian-2c-128p,128,128,0.545358041291992,1000000,4.6490790936210966e-05,,seconds,49.47011637687683,49.36632063426077,megabytes,566.0,566.0,88.0,81.33333333333333,0.275611648,0.275611648,0.81484375,0.7787778253424655,success,sgd,0.001,1000000,1e-06,0.002,0.9,4.6490790936210966e-05,
1D-gaussian-2c-128p,128,128,0.0224167305014734,1000000,9.666648767710288e-06,,seconds,50.11074852943421,49.927076142281294,megabytes,566.0,566.0,85.0,79.59913793103448,0.276324352,0.276324352,0.8171875,0.7750303071120691,success,sgd,0.001,1000000,1e-06,0.002,0.9,9.666648767710288e-06,
1D-gaussian-2c-128p,128,128,0.4087615166912888,1000000,4.5368553299875416e-05,,seconds,49.42836856842041,49.404490016400814,megabytes,566.0,566.0,87.0,81.22831050228311,0.27564032,0.27564032,0.81953125,0.7807577054794521,success,sgd,0.001,1000000,1e-06,0.002,0.9,4.5368553299875416e-05,
1D-gaussian-2c-128p,128,128,0.0314283213586342,1000000,8.806608533141056e-06,,seconds,49.936362743377686,49.86059424467385,megabytes,566.0,566.0,82.0,79.80952380952381,0.276320256,0.276320256,0.8203125,0.7790685876623377,success,sgd,0.001,1000000,1e-06,0.002,0.9,8.806608533141056e-06,
1D-gaussian-2c-128p,128,128,0.1902557748038704,1000000,2.6350903630597662e-05,,seconds,49.93633532524109,49.850221233442426,megabytes,566.0,566.0,86.0,80.53508771929825,0.276094976,0.276094976,0.82265625,0.7781181469298246,success,sgd,0.001,1000000,1e-06,0.002,0.9,2.6350903630597662e-05,
1D-gaussian-2c-256p,256,256,0.0081797163832792,1000000,1.529203243565783e-05,,seconds,52.038907051086426,51.9872621614486,megabytes,568.0,568.0,86.0,84.38135593220339,0.276779008,0.276779008,0.82109375,0.7807170286016949,success,sgd,0.001,1000000,1e-06,0.002,0.9,1.529203243565783e-05,
1D-gaussian-2c-256p,256,256,0.3723104247532611,1000000,7.173073534327601e-05,,seconds,51.78638648986816,51.76036240532994,megabytes,568.0,568.0,86.0,85.32520325203252,0.27674624,0.27674624,0.82109375,0.7819010416666666,success,sgd,0.001,1000000,1e-06,0.002,0.9,7.173073534327601e-05,
1D-gaussian-2c-256p,256,256,0.0093493253084655,1000000,1.587442843803371e-05,,seconds,51.97177815437317,51.91256167367101,megabytes,568.0,568.0,86.0,84.87916666666666,0.276508672,0.276508672,0.825,0.7765787760416668,success,sgd,0.001,1000000,1e-06,0.002,0.9,1.587442843803371e-05,
1D-gaussian-2c-256p,256,256,0.0088691885835782,1000000,1.6602188630853712e-05,,seconds,52.06433057785034,52.03360375761986,megabytes,568.0,568.0,86.0,84.51709401709402,0.276512768,0.276512768,0.82734375,0.7794805021367521,success,sgd,0.001,1000000,1e-06,0.002,0.9,1.6602188630853712e-05,
1D-gaussian-2c-256p,256,256,0.5032906053675311,1000000,6.18908445094094e-05,,seconds,51.98662424087525,51.964456187561154,megabytes,568.0,568.0,86.0,84.4957627118644,0.27648,0.27648,0.825,0.7778667902542368,success,sgd,0.001,1000000,1e-06,0.002,0.9,6.18908445094094e-05,
1D-gaussian-2c-256p,256,256,0.0982944612264127,1000000,3.165283032189054e-05,,seconds,52.21395254135132,52.036176370456815,megabytes,568.0,568.0,85.0,83.76271186440678,0.276529152,0.276529152,0.81953125,0.7765558792372885,success,sgd,0.001,1000000,1e-06,0.002,0.9,3.165283032189054e-05,
1D-gaussian-2c-256p,256,256,0.0839452887729659,1000000,2.922421116452068e-05,,seconds,52.030572175979614,51.94678929261863,megabytes,568.0,568.0,86.0,84.51898734177215,0.276754432,0.276754432,0.81875,0.7760647415611814,success,sgd,0.001,1000000,1e-06,0.002,0.9,2.922421116452068e-05,
1D-gaussian-2c-256p,256,256,0.0865350843753527,1000000,3.301282699201963e-05,,seconds,52.05333924293518,52.02641642093658,megabytes,568.0,568.0,86.0,84.5603448275862,0.27650048,0.27650048,0.82109375,0.7794315732758622,success,sgd,0.001,1000000,1e-06,0.002,0.9,3.301282699201963e-05,
1D-gaussian-2c-256p,256,256,0.0065846570402154,1000000,1.4896704412924029e-05,,seconds,52.06863069534302,52.04449682310224,megabytes,568.0,568.0,86.0,84.33191489361703,0.276406272,0.276406272,0.83046875,0.7804986702127659,success,sgd,0.001,1000000,1e-06,0.002,0.9,1.4896704412924029e-05,
1D-gaussian-2c-256p,256,256,0.0130577510559746,1000000,2.1750399956064497e-05,,seconds,52.26812529563904,52.09954738244414,megabytes,568.0,568.0,86.0,84.43404255319149,0.27670528,0.27670528,0.82265625,0.7748869680851072,success,sgd,0.001,1000000,1e-06,0.002,0.9,2.1750399956064497e-05,
1D-gaussian-2c-256p,256,256,0.1840735664826888,1000000,4.543618240991306e-05,,seconds,52.12156867980957,51.93762629106641,megabytes,568.0,568.0,86.0,84.60669456066945,0.276733952,0.276733952,0.821875,0.7736368985355645,success,sgd,0.001,1000000,1e-06,0.002,0.9,4.543618240991306e-05,
1D-gaussian-2c-256p,256,256,0.0422849296841046,1000000,1.7007365971423137e-05,,seconds,51.85848212242127,51.85264811478555,megabytes,568.0,568.0,86.0,84.57142857142857,0.27674624,0.27674624,0.81796875,0.7815946691176472,success,sgd,0.001,1000000,1e-06,0.002,0.9,1.7007365971423137e-05,
1D-gaussian-2c-256p,256,256,0.0392897917446124,1000000,1.6356415400841597e-05,,seconds,52.03219437599182,51.91724937967956,megabytes,568.0,568.0,86.0,84.7866108786611,0.276860928,0.276860928,0.8265625,0.7791710251046027,success,sgd,0.001,1000000,1e-06,0.002,0.9,1.6356415400841597e-05,
1D-gaussian-2c-256p,256,256,0.0277077973405902,1000000,2.2237751394748177e-05,,seconds,51.81033229827881,51.73171233944595,megabytes,568.0,568.0,86.0,85.0040650406504,0.277102592,0.277102592,0.8296875,0.7795826981707312,success,sgd,0.001,1000000,1e-06,0.002,0.9,2.2237751394748177e-05,
1D-gaussian-2c-256p,256,256,0.1775553242239194,1000000,4.232629356608333e-05,,seconds,52.08259010314941,52.04211710393429,megabytes,568.0,568.0,86.0,84.24463519313305,0.27666432,0.27666432,0.81953125,0.7770889216738197,success,sgd,0.001,1000000,1e-06,0.002,0.9,4.232629356608333e-05,
1D-gaussian-2c-256p,256,256,0.141603839961507,1000000,3.595804442657276e-05,,seconds,51.90492868423462,51.83875492960215,megabytes,568.0,568.0,86.0,84.84710743801652,0.277209088,0.277209088,0.81953125,0.7799199380165286,success,sgd,0.001,1000000,1e-06,0.002,0.9,3.595804442657276e-05,
1D-gaussian-2c-256p,256,256,0.2006963740709686,1000000,5.602395269690477e-05,,seconds,51.84632349014282,51.67328557372093,megabytes,568.0,568.0,86.0,85.23360655737704,0.27731968,0.27731968,0.8203125,0.7762070952868848,success,sgd,0.001,1000000,1e-06,0.002,0.9,5.602395269690477e-05,
1D-gaussian-2c-256p,256,256,0.1298660639243178,1000000,4.373379228580057e-05,,seconds,52.080158710479736,52.01679455116391,megabytes,568.0,568.0,86.0,84.47008547008546,0.277147648,0.277147648,0.81796875,0.7763621794871797,success,sgd,0.001,1000000,1e-06,0.002,0.9,4.373379228580057e-05,
1D-gaussian-2c-256p,256,256,0.2255464041825814,1000000,5.485699002552947e-05,,seconds,52.16361808776856,52.04563280008733,megabytes,568.0,568.0,86.0,84.67796610169492,0.27736064,0.27736064,0.834375,0.7777178230932205,success,sgd,0.001,1000000,1e-06,0.002,0.9,5.485699002552947e-05,
1D-gaussian-2c-256p,256,256,0.0337917864663234,1000000,1.784627160136891e-05,,seconds,52.08547234535217,51.90745091065765,megabytes,568.0,568.0,86.0,84.50416666666666,0.277528576,0.277528576,0.81796875,0.7749414062499992,success,sgd,0.001,1000000,1e-06,0.002,0.9,1.784627160136891e-05,
1D-gaussian-2c-256p,256,256,0.65012114060594,1000000,6.833004845663133e-05,,seconds,52.14181852340698,51.99247595481575,megabytes,568.0,568.0,86.0,84.56540084388186,0.27707392,0.27707392,0.8296875,0.778125,success,sgd,0.001,1000000,1e-06,0.002,0.9,6.833004845663133e-05,
1D-gaussian-2c-256p,256,256,0.8528260810600716,1000000,9.734746147292112e-05,,seconds,52.10328888893128,51.935826413333416,megabytes,568.0,568.0,86.0,84.57261410788382,0.277143552,0.277143552,0.82265625,0.7762804719917009,success,sgd,0.001,1000000,1e-06,0.002,0.9,9.734746147292112e-05,
1D-gaussian-2c-256p,256,256,0.8941925465008024,1000000,8.216777094676766e-05,,seconds,52.011401414871216,51.892419785261154,megabytes,568.0,568.0,87.0,85.7107438016529,0.277385216,0.277385216,0.85,0.7764527376033054,success,sgd,0.001,1000000,1e-06,0.002,0.9,8.216777094676766e-05,
1D-gaussian-2c-256p,256,256,0.0033294398093066,1000000,1.1762594522736456e-05,,seconds,51.80143618583679,51.69291097857058,megabytes,568.0,568.0,86.0,85.09311740890688,0.2778112,0.2778112,0.821875,0.7771824392712549,success,sgd,0.001,1000000,1e-06,0.002,0.9,1.1762594522736456e-05,
1D-gaussian-2c-256p,256,256,0.0460615344966893,1000000,2.5031379062512192e-05,,seconds,52.06521391868591,51.936568388715386,megabytes,568.0,568.0,86.0,84.64583333333333,0.277454848,0.277454848,0.8359375,0.7770149739583336,success,sgd,0.001,1000000,1e-06,0.002,0.9,2.5031379062512192e-05,
1D-gaussian-2c-256p,256,256,0.7486158107517226,1000000,8.342396396990947e-05,,seconds,51.95963025093079,51.89019690826535,megabytes,568.0,568.0,87.0,85.3734439834025,0.27746304,0.27746304,0.825,0.7782319761410788,success,sgd,0.001,1000000,1e-06,0.002,0.9,8.342396396990947e-05,
1D-gaussian-2c-256p,256,256,0.5450923293368335,1000000,7.17543723064622e-05,,seconds,52.20212459564209,52.11141042038798,megabytes,568.0,568.0,86.0,84.30508474576271,0.277286912,0.277286912,0.8203125,0.7786149364406785,success,sgd,0.001,1000000,1e-06,0.002,0.9,7.17543723064622e-05,
1D-gaussian-2c-256p,256,256,0.0224076110011132,1000000,1.7923991139466094e-05,,seconds,51.90620851516724,51.84897278249264,megabytes,568.0,568.0,86.0,84.7344398340249,0.277389312,0.277389312,0.82734375,0.7766046421161827,success,sgd,0.001,1000000,1e-06,0.002,0.9,1.7923991139466094e-05,
1D-gaussian-2c-256p,256,256,0.40850404623298,1000000,5.85898860170018e-05,,seconds,51.988001346588135,51.8075515050441,megabytes,568.0,568.0,87.0,85.5,0.27756544,0.27756544,0.8234375,0.7772284836065573,success,sgd,0.001,1000000,1e-06,0.002,0.9,5.85898860170018e-05,
1D-gaussian-2c-256p,256,256,0.0314181757327771,1000000,2.2495568304039923e-05,,seconds,52.01567268371582,51.9316999912262,megabytes,568.0,568.0,86.0,84.80334728033473,0.277372928,0.277372928,0.82578125,0.7813153765690369,success,sgd,0.001,1000000,1e-06,0.002,0.9,2.2495568304039923e-05,
1D-gaussian-2c-256p,256,256,0.1901243837984026,1000000,4.347594847084058e-05,,seconds,51.932719230651855,51.84253537096083,megabytes,568.0,568.0,86.0,84.50207468879668,0.27901952,0.27901952,0.8265625,0.7801834802904567,success,sgd,0.001,1000000,1e-06,0.002,0.9,4.347594847084058e-05,
1D-gaussian-2c-512p,512,512,0.0081766196867085,1000000,4.022709414192916e-05,,seconds,68.17781710624695,68.13000871986151,megabytes,574.0,574.0,87.0,86.09815950920246,0.27981824,0.27981824,0.82109375,0.7798097200920245,success,sgd,0.001,1000000,1e-06,0.002,0.9,4.022709414192916e-05,
1D-gaussian-2c-512p,512,512,0.3716629492571759,1000000,0.0001163411877596,,seconds,68.37168550491333,68.33377875573933,megabytes,574.0,574.0,87.0,85.98083067092652,0.279515136,0.279515136,0.82109375,0.779103434504792,success,sgd,0.001,1000000,1e-06,0.002,0.9,0.0001163411877596,
1D-gaussian-2c-512p,512,512,0.0093456970128971,1000000,4.120900055555796e-05,,seconds,68.27169752120972,68.22011587582529,megabytes,574.0,574.0,87.0,86.07523510971787,0.279384064,0.279384064,0.82265625,0.7797805642633228,success,sgd,0.001,1000000,1e-06,0.002,0.9,4.120900055555796e-05,
1D-gaussian-2c-512p,512,512,0.0088612973403988,1000000,3.924914887407109e-05,,seconds,68.315922498703,68.2596029676497,megabytes,574.0,574.0,87.0,86.22257053291536,0.27973632,0.27973632,0.8203125,0.7788670650470221,success,sgd,0.001,1000000,1e-06,0.002,0.9,3.924914887407109e-05,
1D-gaussian-2c-512p,512,512,0.5026070821852434,1000000,0.0001171132353372,,seconds,68.43509244918823,68.33381371945143,megabytes,574.0,574.0,87.0,86.12698412698413,0.279629824,0.279629824,0.83125,0.7797048611111104,success,sgd,0.001,1000000,1e-06,0.002,0.9,0.0001171132353372,
1D-gaussian-2c-512p,512,512,0.0982345127160222,1000000,5.67672548049423e-05,,seconds,68.2722339630127,68.2071788534522,megabytes,574.0,574.0,87.0,86.2601880877743,0.2797568,0.2797568,0.83671875,0.7778066222570538,success,sgd,0.001,1000000,1e-06,0.002,0.9,5.67672548049423e-05,
1D-gaussian-2c-512p,512,512,0.0839268353036659,1000000,5.316668890828065e-05,,seconds,68.16096639633179,68.10529523529112,megabytes,574.0,574.0,87.0,86.20560747663552,0.2797568,0.2797568,0.8203125,0.7799016744548277,success,sgd,0.001,1000000,1e-06,0.002,0.9,5.316668890828065e-05,
1D-gaussian-2c-512p,512,512,0.0864487650882592,1000000,5.3577883373092434e-05,,seconds,68.35403418540955,68.28694860637188,megabytes,574.0,574.0,87.0,86.25239616613419,0.279871488,0.279871488,0.8203125,0.7791283945686895,success,sgd,0.001,1000000,1e-06,0.002,0.9,5.3577883373092434e-05,
1D-gaussian-2c-512p,512,512,0.0065833930418274,1000000,3.6283867130627066e-05,,seconds,68.4626395702362,68.31852593459189,megabytes,574.0,574.0,87.0,85.98730158730159,0.279896064,0.279896064,0.82734375,0.7789012896825399,success,sgd,0.001,1000000,1e-06,0.002,0.9,3.6283867130627066e-05,
1D-gaussian-2c-512p,512,512,0.0130511792395043,1000000,5.275451370523888e-05,,seconds,68.37573480606079,68.2760577686131,megabytes,574.0,574.0,87.0,86.14733542319749,0.279851008,0.279851008,0.8234375,0.7770057797805643,success,sgd,0.001,1000000,1e-06,0.002,0.9,5.275451370523888e-05,
1D-gaussian-2c-512p,512,512,0.183856768025462,1000000,7.455121069586458e-05,,seconds,68.38837552070618,68.21813656389713,megabytes,574.0,574.0,87.0,86.1974921630094,0.279953408,0.279953408,0.825,0.7772580329153601,success,sgd,0.001,1000000,1e-06,0.002,0.9,7.455121069586458e-05,
1D-gaussian-2c-512p,512,512,0.0422731915807297,1000000,4.471171989507936e-05,,seconds,68.52353405952454,68.39781788364053,megabytes,574.0,574.0,87.0,85.99358974358974,0.279699456,0.279699456,0.83125,0.7786934094551287,success,sgd,0.001,1000000,1e-06,0.002,0.9,4.471171989507936e-05,
1D-gaussian-2c-512p,512,512,0.0392861447394605,1000000,4.3322216679604987e-05,,seconds,68.21083498001099,68.15761505067348,megabytes,574.0,574.0,87.0,86.17924528301887,0.279957504,0.279957504,0.8234375,0.7782773191823894,success,sgd,0.001,1000000,1e-06,0.002,0.9,4.3322216679604987e-05,
1D-gaussian-2c-512p,512,512,0.0276884003838176,1000000,5.0501731143388e-05,,seconds,68.15202569961548,67.99766789935529,megabytes,574.0,574.0,87.0,86.37538461538462,0.280059904,0.280059904,0.8265625,0.7766201923076923,success,sgd,0.001,1000000,1e-06,0.002,0.9,5.0501731143388e-05,
1D-gaussian-2c-512p,512,512,0.1773200159917654,1000000,7.66884631185601e-05,,seconds,68.63985395431519,68.45966346748173,megabytes,574.0,574.0,87.0,85.93442622950819,0.280055808,0.280055808,0.8203125,0.7789830942622952,success,sgd,0.001,1000000,1e-06,0.002,0.9,7.66884631185601e-05,
1D-gaussian-2c-512p,512,512,0.1414815654549295,1000000,6.55479517522734e-05,,seconds,68.30854368209839,68.1432621832937,megabytes,574.0,574.0,87.0,86.4416403785489,0.28018688,0.28018688,0.8203125,0.7774423304416398,success,sgd,0.001,1000000,1e-06,0.002,0.9,6.55479517522734e-05,
1D-gaussian-2c-512p,512,512,0.2004211913449263,1000000,7.807932841070555e-05,,seconds,68.13060331344604,68.11665334552526,megabytes,574.0,574.0,87.0,86.27215189873418,0.280133632,0.280133632,0.8265625,0.7810621044303794,success,sgd,0.001,1000000,1e-06,0.002,0.9,7.807932841070555e-05,
1D-gaussian-2c-512p,512,512,0.1296192264533097,1000000,8.38680020906105e-05,,seconds,68.44960761070251,68.29479295015335,megabytes,574.0,574.0,87.0,86.09615384615384,0.279994368,0.279994368,0.84140625,0.7778345352564104,success,sgd,0.001,1000000,1e-06,0.002,0.9,8.38680020906105e-05,
1D-gaussian-2c-512p,512,512,0.2252914913050689,1000000,8.078909836980948e-05,,seconds,68.49148178100586,68.47783334366977,megabytes,574.0,574.0,87.0,86.09120521172639,0.279883776,0.279883776,0.8203125,0.7799190757328994,success,sgd,0.001,1000000,1e-06,0.002,0.9,8.078909836980948e-05,
1D-gaussian-2c-512p,512,512,0.0337786404475522,1000000,4.227215417965622e-05,,seconds,68.38638973236084,68.2087916303426,megabytes,574.0,574.0,87.0,86.15161290322581,0.280051712,0.280051712,0.81953125,0.7768220766129029,success,sgd,0.001,1000000,1e-06,0.002,0.9,4.227215417965622e-05,
1D-gaussian-2c-512p,512,512,0.6495720964033729,1000000,9.261355624592252e-05,,seconds,68.26472449302673,68.20150124840438,megabytes,574.0,574.0,87.0,86.10610932475885,0.27983872,0.27983872,0.83359375,0.7801723271704183,success,sgd,0.001,1000000,1e-06,0.002,0.9,9.261355624592252e-05,
1D-gaussian-2c-512p,512,512,0.8514734443917125,1000000,0.0001468387832435,,seconds,68.45698642730713,68.40917398780584,megabytes,574.0,574.0,87.0,86.00655737704918,0.2796544,0.2796544,0.8234375,0.7788550204918036,success,sgd,0.001,1000000,1e-06,0.002,0.9,0.0001468387832435,
1D-gaussian-2c-512p,512,512,0.8931155553605554,1000000,0.0001460071038133,,seconds,68.35364603996277,68.32275233231485,megabytes,574.0,574.0,87.0,86.28846153846153,0.279957504,0.279957504,0.82109375,0.7804662459935897,success,sgd,0.001,1000000,1e-06,0.002,0.9,0.0001460071038133,
1D-gaussian-2c-512p,512,512,0.0033296832178349,1000000,3.6142286117523216e-05,,seconds,68.48308897018433,68.28892428055406,megabytes,574.0,574.0,87.0,86.22611464968153,0.279834624,0.279834624,0.84296875,0.7763236464968156,success,sgd,0.001,1000000,1e-06,0.002,0.9,3.6142286117523216e-05,
1D-gaussian-2c-512p,512,512,0.0460530743811848,1000000,4.641815936906249e-05,,seconds,68.34716200828552,68.24500850215554,megabytes,574.0,574.0,87.0,86.13782051282051,0.279973888,0.279973888,0.83046875,0.7790965544871796,success,sgd,0.001,1000000,1e-06,0.002,0.9,4.641815936906249e-05,
1D-gaussian-2c-512p,512,512,0.7476683579689776,1000000,0.0001250336282872,,seconds,68.36953997612,68.30121117271483,megabytes,574.0,574.0,87.0,86.10223642172524,0.279764992,0.279764992,0.8234375,0.7765649960063903,success,sgd,0.001,1000000,1e-06,0.002,0.9,0.0001250336282872,
1D-gaussian-2c-512p,512,512,0.5444511998963545,1000000,0.0001072140374907,,seconds,68.19038486480713,68.145043509081,megabytes,574.0,574.0,87.0,86.25552050473186,0.279957504,0.279957504,0.81875,0.7777602523659302,success,sgd,0.001,1000000,1e-06,0.002,0.9,0.0001072140374907,
1D-gaussian-2c-512p,512,512,0.0223963816389696,1000000,4.3270389506713495e-05,,seconds,68.16984391212463,68.11085686460137,megabytes,574.0,574.0,87.0,86.23364485981308,0.280055808,0.280055808,0.8203125,0.7781761098130843,success,sgd,0.001,1000000,1e-06,0.002,0.9,4.3270389506713495e-05,
1D-gaussian-2c-512p,512,512,0.4078801115882233,1000000,0.0001043219988981,,seconds,68.50085544586182,68.3761668074876,megabytes,574.0,574.0,87.0,86.21753246753246,0.279883776,0.279883776,0.82109375,0.7779854910714281,success,sgd,0.001,1000000,1e-06,0.002,0.9,0.0001043219988981,
1D-gaussian-2c-512p,512,512,0.0314111087640101,1000000,4.641531229279745e-05,,seconds,68.5623893737793,68.46373827010393,megabytes,574.0,574.0,87.0,85.94117647058823,0.279883776,0.279883776,0.83125,0.7785922181372547,success,sgd,0.001,1000000,1e-06,0.002,0.9,4.641531229279745e-05,
1D-gaussian-2c-512p,512,512,0.1898168319034483,1000000,7.85166036703753e-05,,seconds,68.10964226722717,68.10188828036189,megabytes,574.0,574.0,87.0,86.31152647975078,0.280121344,0.280121344,0.825,0.7789111176012457,success,sgd,0.001,1000000,1e-06,0.002,0.9,7.85166036703753e-05,
1D-gaussian-2c-1024p,1024,1024,0.0081708306283945,1000000,0.0001185115239102,,seconds,88.04555416107178,87.87342091090977,megabytes,600.0,600.0,93.0,92.15151515151516,0.281616384,0.281616384,0.8328125,0.777531171085859,success,sgd,0.001,1000000,1e-06,0.002,0.9,0.0001185115239102,
1D-gaussian-2c-1024p,1024,1024,0.3700066754503495,1000000,0.0002345955836321,,seconds,91.26508903503418,91.21153040789068,megabytes,600.0,600.0,91.0,89.65320665083135,0.281747456,0.281747456,0.821875,0.7793219269596195,success,sgd,0.001,1000000,1e-06,0.002,0.9,0.0002345955836321,
1D-gaussian-2c-1024p,1024,1024,0.009336437499527,1000000,0.0001171865270038,,seconds,88.0121910572052,87.82660922966897,megabytes,600.0,600.0,94.0,92.18136020151134,0.28137472,0.28137472,0.83046875,0.7770505352644838,success,sgd,0.001,1000000,1e-06,0.002,0.9,0.0001171865270038,
1D-gaussian-2c-1024p,1024,1024,0.0088413328039735,1000000,0.0001624025944592,,seconds,91.08344960212708,91.11678436398506,megabytes,600.0,600.0,93.0,89.40957446808511,0.28114944,0.28114944,0.8234375,0.7806328956117037,success,sgd,0.001,1000000,1e-06,0.002,0.9,0.0001624025944592,
1D-gaussian-2c-1024p,1024,1024,0.5009676319107832,1000000,0.0002177549572272,,seconds,91.43789219856262,91.2643376737833,megabytes,600.0,600.0,91.0,89.37402597402597,0.281489408,0.281489408,0.8171875,0.7770109577922077,success,sgd,0.001,1000000,1e-06,0.002,0.9,0.0002177549572272,
1D-gaussian-2c-1024p,1024,1024,0.0981790891879788,1000000,0.0001194174177325,,seconds,91.42690014839172,91.2597050126642,megabytes,600.0,600.0,92.0,89.55288461538461,0.281808896,0.281808896,0.83359375,0.7779127854567308,success,sgd,0.001,1000000,1e-06,0.002,0.9,0.0001194174177325,
1D-gaussian-2c-1024p,1024,1024,0.083816792904746,1000000,0.0001274180947332,,seconds,91.4226303100586,91.27031242102385,megabytes,600.0,600.0,92.0,89.47867298578198,0.281792512,0.281792512,0.8359375,0.7767605894549764,success,sgd,0.001,1000000,1e-06,0.002,0.9,0.0001274180947332,
1D-gaussian-2c-1024p,1024,1024,0.0863518537680882,1000000,0.0001263068333929,,seconds,90.78507137298584,90.63149195536973,megabytes,600.0,600.0,91.0,89.83980582524272,0.281812992,0.281812992,0.82421875,0.7790901850728147,success,sgd,0.001,1000000,1e-06,0.002,0.9,0.0001263068333929,
1D-gaussian-2c-1024p,1024,1024,0.0065809012102386,1000000,0.00011235546636,,seconds,88.30724263191223,88.16506841778755,megabytes,600.0,600.0,94.0,91.98223350253808,0.281088,0.281088,0.83203125,0.7782241434010149,success,sgd,0.001,1000000,1e-06,0.002,0.9,0.00011235546636,
1D-gaussian-2c-1024p,1024,1024,0.0130340955016034,1000000,0.0001510918784615,,seconds,90.82907152175903,90.65291455574334,megabytes,600.0,600.0,92.0,89.94840294840294,0.281526272,0.281526272,0.821875,0.7777986793611792,success,sgd,0.001,1000000,1e-06,0.002,0.9,0.0001510918784615,
1D-gaussian-2c-1024p,1024,1024,0.1837064433588917,1000000,0.0001445063090833,,seconds,88.00555729866028,88.00092386640608,megabytes,600.0,600.0,94.0,92.68434343434345,0.281337856,0.281337856,0.82265625,0.7793974905303038,success,sgd,0.001,1000000,1e-06,0.002,0.9,0.0001445063090833,
1D-gaussian-2c-1024p,1024,1024,0.0422405791486095,1000000,0.0001148310258986,,seconds,90.8824291229248,90.8333325088024,megabytes,600.0,600.0,91.0,89.98044009779952,0.28350464,0.28350464,0.825,0.7792367053789735,success,sgd,0.001,1000000,1e-06,0.002,0.9,0.0001148310258986,
1D-gaussian-2c-1024p,1024,1024,0.0392740759235998,1000000,0.0001299663414198,,seconds,90.84610652923584,90.74278927221894,megabytes,600.0,600.0,91.0,89.07913669064749,0.281976832,0.281976832,0.8265625,0.7777540467625892,success,sgd,0.001,1000000,1e-06,0.002,0.9,0.0001299663414198,
1D-gaussian-2c-1024p,1024,1024,0.0276312380354404,1000000,0.0001210064462541,,seconds,90.7614324092865,90.6484949029982,megabytes,600.0,600.0,91.0,89.79802955665025,0.283590656,0.283590656,0.82421875,0.7766933497536946,success,sgd,0.001,1000000,1e-06,0.002,0.9,0.0001210064462541,
1D-gaussian-2c-1024p,1024,1024,0.1771636127209095,1000000,0.0001535192678538,,seconds,87.98458003997803,87.91999225318432,megabytes,600.0,600.0,94.0,92.77556109725684,0.281858048,0.281858048,0.8328125,0.7790075592269327,success,sgd,0.001,1000000,1e-06,0.002,0.9,0.0001535192678538,
1D-gaussian-2c-1024p,1024,1024,0.141394969740898,1000000,0.0001320226778164,,seconds,90.7844214439392,90.7170716766268,megabytes,600.0,600.0,91.0,89.66911764705883,0.28338176,0.28338176,0.82578125,0.7779258578431373,success,sgd,0.001,1000000,1e-06,0.002,0.9,0.0001320226778164,
1D-gaussian-2c-1024p,1024,1024,0.2001864425459657,1000000,0.0001583947657142,,seconds,87.94945287704468,87.77663900144398,megabytes,600.0,600.0,94.0,93.0220588235294,0.281755648,0.281755648,0.821875,0.7779679840686273,success,sgd,0.001,1000000,1e-06,0.002,0.9,0.0001583947657142,
1D-gaussian-2c-1024p,1024,1024,0.1293754452682949,1000000,0.0001838139122876,,seconds,91.02512788772584,90.83386985957624,megabytes,600.0,600.0,91.0,89.77093596059113,0.28350464,0.28350464,0.8515625,0.780189732142857,success,sgd,0.001,1000000,1e-06,0.002,0.9,0.0001838139122876,
1D-gaussian-2c-1024p,1024,1024,0.2249285816513484,1000000,0.0001764949454368,,seconds,91.0754885673523,90.96675803884864,megabytes,600.0,600.0,93.0,89.25853658536586,0.281657344,0.281657344,0.85390625,0.7779649390243893,success,sgd,0.001,1000000,1e-06,0.002,0.9,0.0001764949454368,
1D-gaussian-2c-1024p,1024,1024,0.0337582389955623,1000000,0.0001148348604106,,seconds,90.91541528701782,90.76813359186052,megabytes,600.0,600.0,92.0,89.54854368932038,0.28379136,0.28379136,0.81875,0.7782217081310683,success,sgd,0.001,1000000,1e-06,0.002,0.9,0.0001148348604106,
1D-gaussian-2c-1024p,1024,1024,0.6483979701832419,1000000,0.0001866605516913,,seconds,91.67836499214172,91.53114124201238,megabytes,600.0,600.0,91.0,89.4066193853428,0.282107904,0.282107904,0.8234375,0.7815251920803784,success,sgd,0.001,1000000,1e-06,0.002,0.9,0.0001866605516913,
1D-gaussian-2c-1024p,1024,1024,0.8483712351466997,1000000,0.000254367410229,,seconds,91.45027184486388,91.27927934750916,megabytes,600.0,600.0,92.0,88.80229885057472,0.283930624,0.283930624,0.81953125,0.778056752873563,success,sgd,0.001,1000000,1e-06,0.002,0.9,0.000254367410229,
1D-gaussian-2c-1024p,1024,1024,0.8906874848583857,1000000,0.000246482652751,,seconds,91.34529972076416,91.29853125661612,megabytes,600.0,600.0,92.0,89.3594470046083,0.282243072,0.282243072,0.853125,0.7793382776497692,success,sgd,0.001,1000000,1e-06,0.002,0.9,0.000246482652751,
1D-gaussian-2c-1024p,1024,1024,0.0033307171591817,1000000,0.0001109295754758,,seconds,91.07383131980896,91.0131586752832,megabytes,600.0,600.0,92.0,89.82968369829683,0.283529216,0.283529216,0.8171875,0.7789955900243317,success,sgd,0.001,1000000,1e-06,0.002,0.9,0.0001109295754758,
1D-gaussian-2c-1024p,1024,1024,0.0460040500989984,1000000,0.0001278203848007,,seconds,88.12119698524475,88.06345323845744,megabytes,600.0,600.0,94.0,92.3451776649746,0.281612288,0.281612288,0.821875,0.7779505076142136,success,sgd,0.001,1000000,1e-06,0.002,0.9,0.0001278203848007,
1D-gaussian-2c-1024p,1024,1024,0.7455594052800214,1000000,0.0002179837344093,,seconds,91.05926132202148,90.9215087685734,megabytes,600.0,600.0,92.0,89.86519607843137,0.283353088,0.283353088,0.8171875,0.7784352022058818,success,sgd,0.001,1000000,1e-06,0.002,0.9,0.0002179837344093,
1D-gaussian-2c-1024p,1024,1024,0.5428754785621488,1000000,0.0001834252858884,,seconds,91.57575559616087,91.42645716294646,megabytes,600.0,600.0,91.0,89.16666666666667,0.282374144,0.282374144,0.81953125,0.7779984085648147,success,sgd,0.001,1000000,1e-06,0.002,0.9,0.0001834252858884,
1D-gaussian-2c-1024p,1024,1024,0.0223636992076697,1000000,0.0001173830632122,,seconds,91.03082036972046,90.89720016531646,megabytes,600.0,600.0,92.0,89.96323529411765,0.283561984,0.283561984,0.81953125,0.7771924785539212,success,sgd,0.001,1000000,1e-06,0.002,0.9,0.0001173830632122,
1D-gaussian-2c-1024p,1024,1024,0.4067278303161446,1000000,0.0001918906786456,,seconds,91.13156819343568,90.95245655067264,megabytes,600.0,600.0,91.0,89.42067307692308,0.282284032,0.282284032,0.82265625,0.7772254356971149,success,sgd,0.001,1000000,1e-06,0.002,0.9,0.0001918906786456,
1D-gaussian-2c-1024p,1024,1024,0.0313868996565701,1000000,0.0001193690603845,,seconds,90.67738509178162,90.58865548484027,megabytes,600.0,600.0,91.0,89.54634146341463,0.283045888,0.283045888,0.86015625,0.7775495426829269,success,sgd,0.001,1000000,1e-06,0.002,0.9,0.0001193690603845,
1D-gaussian-2c-1024p,1024,1024,0.1896924762533461,1000000,0.0001513441250779,,seconds,87.95411944389343,87.93502477183938,megabytes,600.0,600.0,94.0,92.8475,0.282066944,0.282066944,0.825,0.7804199218749999,success,sgd,0.001,1000000,1e-06,0.002,0.9,0.0001513441250779,
1D-gaussian-2c-2048p,2048,2048,0.0081548782932537,1000000,0.000380684021265,,seconds,188.91510128974917,188.7489641532302,megabytes,696.0,696.0,96.0,94.99277108433736,0.284557312,0.284557312,0.8234375,0.7791349774096397,success,sgd,0.001,1000000,1e-06,0.002,0.9,0.000380684021265,
1D-gaussian-2c-2048p,2048,2048,0.367850921498455,1000000,0.0005477061607294,,seconds,188.9378800392151,188.89200347289443,megabytes,696.0,696.0,96.0,94.98679471788716,0.284577792,0.284577792,0.8421875,0.7789221938775496,success,sgd,0.001,1000000,1e-06,0.002,0.9,0.0005477061607294,
1D-gaussian-2c-2048p,2048,2048,0.0093145046444099,1000000,0.0003772906718304,,seconds,189.6649432182312,189.61713568493724,megabytes,696.0,696.0,96.0,95.13333333333334,0.284516352,0.284516352,0.8421875,0.7787025669642854,success,sgd,0.001,1000000,1e-06,0.002,0.9,0.0003772906718304,
1D-gaussian-2c-2048p,2048,2048,0.008771948011696,1000000,0.0004952138610195,,seconds,189.4435393810272,189.34132657200095,megabytes,696.0,696.0,96.0,95.4699074074074,0.284573696,0.284573696,0.84375,0.7781295211226843,success,sgd,0.001,1000000,1e-06,0.002,0.9,0.0004952138610195,
1D-gaussian-2c-2048p,2048,2048,0.4988639570990854,1000000,0.0004891516932615,,seconds,189.09369945526123,188.95633492060009,megabytes,696.0,696.0,96.0,95.12352941176472,0.284565504,0.284565504,0.83984375,0.7786930147058821,success,sgd,0.001,1000000,1e-06,0.002,0.9,0.0004891516932615,
1D-gaussian-2c-2048p,2048,2048,0.0980476384986377,1000000,0.0003230206531377,,seconds,188.65173625946045,188.61964416131377,megabytes,696.0,696.0,96.0,94.90865384615384,0.284643328,0.284643328,0.83984375,0.7789851262019217,success,sgd,0.001,1000000,1e-06,0.002,0.9,0.0003230206531377,
1D-gaussian-2c-2048p,2048,2048,0.0834539030275152,1000000,0.0003701081944142,,seconds,188.90507459640503,188.74284842424092,megabytes,696.0,696.0,96.0,94.88023952095809,0.28465152,0.28465152,0.83046875,0.7796996631736524,success,sgd,0.001,1000000,1e-06,0.002,0.9,0.0003701081944142,
1D-gaussian-2c-2048p,2048,2048,0.0859237047570733,1000000,0.0003478836585998,,seconds,188.48545050621036,188.47293030656877,megabytes,696.0,696.0,95.0,94.8886283704572,0.28606464,0.28606464,0.84296875,0.7798560228604928,success,sgd,0.001,1000000,1e-06,0.002,0.9,0.0003478836585998,
1D-gaussian-2c-2048p,2048,2048,0.0065729272805837,1000000,0.0003605952193569,,seconds,189.4321460723877,189.31310804747045,megabytes,696.0,696.0,96.0,95.00117233294256,0.284745728,0.284745728,0.8203125,0.7774930392731536,success,sgd,0.001,1000000,1e-06,0.002,0.9,0.0003605952193569,
1D-gaussian-2c-2048p,2048,2048,0.0130434818703317,1000000,0.0004538390491313,,seconds,188.34470462799072,188.1851633116603,megabytes,698.0,698.0,96.0,95.29481132075472,0.286158848,0.286158848,0.8296875,0.7771650206367924,success,sgd,0.001,1000000,1e-06,0.002,0.9,0.0004538390491313,
1D-gaussian-2c-2048p,2048,2048,0.182859420068651,1000000,0.0004000365752861,,seconds,188.8949897289276,188.77136141993105,megabytes,698.0,698.0,96.0,95.4289156626506,0.288075776,0.288075776,0.84140625,0.7788610692771089,success,sgd,0.001,1000000,1e-06,0.002,0.9,0.0004000365752861,
1D-gaussian-2c-2048p,2048,2048,0.0421386197284491,1000000,0.0003440881999112,,seconds,189.793621301651,189.69526865892112,megabytes,698.0,698.0,96.0,95.20933014354068,0.28809216,0.28809216,0.83359375,0.7793118271531112,success,sgd,0.001,1000000,1e-06,0.002,0.9,0.0003440881999112,
1D-gaussian-2c-2048p,2048,2048,0.0392269687449977,1000000,0.0004220909906125,,seconds,188.4790370464325,188.467239452526,megabytes,698.0,698.0,96.0,94.92583732057416,0.28874752,0.28874752,0.840625,0.7791109075956936,success,sgd,0.001,1000000,1e-06,0.002,0.9,0.0004220909906125,
1D-gaussian-2c-2048p,2048,2048,0.0274639306242965,1000000,0.0003674276581913,,seconds,189.83154320716855,189.67363112792373,megabytes,698.0,698.0,96.0,95.47904191616766,0.28878848,0.28878848,0.8234375,0.7793497380239519,success,sgd,0.001,1000000,1e-06,0.002,0.9,0.0003674276581913,
1D-gaussian-2c-2048p,2048,2048,0.1761373638964599,1000000,0.0004193837985369,,seconds,189.2542748451233,189.093272395432,megabytes,698.0,698.0,96.0,95.41457586618876,0.28618752,0.28618752,0.81796875,0.7795381571087214,success,sgd,0.001,1000000,1e-06,0.002,0.9,0.0004193837985369,
1D-gaussian-2c-2048p,2048,2048,0.1410557171181993,1000000,0.0004182694916919,,seconds,188.65553522109985,188.62422376312315,megabytes,698.0,698.0,96.0,95.3868263473054,0.288804864,0.288804864,0.82109375,0.7792514970059885,success,sgd,0.001,1000000,1e-06,0.002,0.9,0.0004182694916919,
1D-gaussian-2c-2048p,2048,2048,0.1989859943674854,1000000,0.0004254151754792,,seconds,188.1443407535553,188.018868515268,megabytes,698.0,698.0,96.0,95.02270011947432,0.287514624,0.287514624,0.83359375,0.7794168160095575,success,sgd,0.001,1000000,1e-06,0.002,0.9,0.0004254151754792,
1D-gaussian-2c-2048p,2048,2048,0.1283717160142109,1000000,0.0005026299924963,,seconds,188.64089632034305,188.4777217116207,megabytes,698.0,698.0,96.0,95.53892215568862,0.288874496,0.288874496,0.83828125,0.7786966691616768,success,sgd,0.001,1000000,1e-06,0.002,0.9,0.0005026299924963,
1D-gaussian-2c-2048p,2048,2048,0.2242764009676674,1000000,0.0004207035525984,,seconds,187.75755882263184,187.67463426850736,megabytes,698.0,698.0,96.0,94.92865497076023,0.28755968,0.28755968,0.8296875,0.7794883040935681,success,sgd,0.001,1000000,1e-06,0.002,0.9,0.0004207035525984,
1D-gaussian-2c-2048p,2048,2048,0.0337592127895647,1000000,0.0004394267935889,,seconds,189.3729887008667,189.20819468796253,megabytes,698.0,698.0,96.0,95.32151300236409,0.284934144,0.284934144,0.82109375,0.7783789524231667,success,sgd,0.001,1000000,1e-06,0.002,0.9,0.0004394267935889,
1D-gaussian-2c-2048p,2048,2048,0.6476063681176527,1000000,0.0004377082613558,,seconds,187.9380149841309,187.80612982437012,megabytes,698.0,698.0,96.0,94.94110718492344,0.283275264,0.283275264,0.82265625,0.7792467240871621,success,sgd,0.001,1000000,1e-06,0.002,0.9,0.0004377082613558,
1D-gaussian-2c-2048p,2048,2048,0.8456677898582468,1000000,0.0005506316622159,,seconds,188.86612939834595,188.85006091743708,megabytes,698.0,698.0,96.0,95.29296424452134,0.283295744,0.283295744,0.81875,0.7798361807958474,success,sgd,0.001,1000000,1e-06,0.002,0.9,0.0005506316622159,
1D-gaussian-2c-2048p,2048,2048,0.8887157506788477,1000000,0.0005212655708344,,seconds,188.0141606330872,187.84997687861323,megabytes,698.0,698.0,96.0,94.87990487514864,0.283353088,0.283353088,0.82578125,0.7787854860285357,success,sgd,0.001,1000000,1e-06,0.002,0.9,0.0005212655708344,
1D-gaussian-2c-2048p,2048,2048,0.0033389725997585,1000000,0.0003452282834474,,seconds,189.83070993423465,189.64578296802935,megabytes,698.0,698.0,96.0,95.22313084112147,0.283377664,0.283377664,0.84453125,0.7789172021028031,success,sgd,0.001,1000000,1e-06,0.002,0.9,0.0003452282834474,
1D-gaussian-2c-2048p,2048,2048,0.0458876054614881,1000000,0.0004113880242901,,seconds,188.70855808258057,188.6207672767341,megabytes,698.0,698.0,96.0,95.26453143534994,0.28336128,0.28336128,0.82265625,0.7778441948398582,success,sgd,0.001,1000000,1e-06,0.002,0.9,0.0004113880242901,
1D-gaussian-2c-2048p,2048,2048,0.7439724793283721,1000000,0.0004680465497749,,seconds,187.84247612953183,187.7399250715971,megabytes,698.0,698.0,96.0,95.63888888888889,0.283410432,0.283410432,0.853125,0.7779400664251215,success,sgd,0.001,1000000,1e-06,0.002,0.9,0.0004680465497749,
1D-gaussian-2c-2048p,2048,2048,0.5417380289674069,1000000,0.0004200768845874,,seconds,187.8704912662506,187.73673288710413,megabytes,698.0,698.0,96.0,94.90767386091127,0.283394048,0.283394048,0.8296875,0.7786767461031171,success,sgd,0.001,1000000,1e-06,0.002,0.9,0.0004200768845874,
1D-gaussian-2c-2048p,2048,2048,0.0222856115603576,1000000,0.0003724959859244,,seconds,189.26049709320068,189.21014673262837,megabytes,698.0,698.0,96.0,95.36427732079906,0.28514304,0.28514304,0.83671875,0.7788787088719165,success,sgd,0.001,1000000,1e-06,0.002,0.9,0.0003724959859244,
1D-gaussian-2c-2048p,2048,2048,0.4053190787977181,1000000,0.00046890245226,,seconds,188.3759729862213,188.24442999251187,megabytes,698.0,698.0,96.0,94.89655172413794,0.287858688,0.287858688,0.83046875,0.7786944485731271,success,sgd,0.001,1000000,1e-06,0.002,0.9,0.00046890245226,
1D-gaussian-2c-2048p,2048,2048,0.0313318637640404,1000000,0.0004036015645396,,seconds,189.3354856967926,189.160152701661,megabytes,698.0,698.0,96.0,95.22133027522936,0.28790784,0.28790784,0.834375,0.7789044581422008,success,sgd,0.001,1000000,1e-06,0.002,0.9,0.0004036015645396,
1D-gaussian-2c-2048p,2048,2048,0.1884671612755218,1000000,0.0003927101142313,,seconds,189.2163553237915,189.04721832834184,megabytes,698.0,698.0,96.0,95.39763313609468,0.289247232,0.289247232,0.84375,0.7791817677514797,success,sgd,0.001,1000000,1e-06,0.002,0.9,0.0003927101142313,
1D-gaussian-4c-32p,32,32,0.0960473130872116,1000000,9.733494572658992e-06,,seconds,41.717495918273926,41.685785895213485,megabytes,568.0,568.0,83.0,75.54591836734694,0.2770944,0.2770944,0.834375,0.7794084821428571,success,sgd,0.001,1000000,1e-06,0.002,0.9,9.733494572658992e-06,
1D-gaussian-4c-32p,32,32,0.0134280715232055,1000000,2.5391143198455853e-06,,seconds,41.73143672943115,41.69156755506992,megabytes,568.0,568.0,79.0,75.8061224489796,0.276811776,0.276811776,0.8390625,0.7791374362244896,success,sgd,0.001,1000000,1e-06,0.002,0.9,2.5391143198455853e-06,
1D-gaussian-4c-32p,32,32,0.1077241453655969,1000000,1.962336465005356e-05,,seconds,41.97459173202515,41.82872230187058,megabytes,568.0,568.0,79.0,75.69035532994924,0.278593536,0.278593536,0.82265625,0.7775658312182745,success,sgd,0.001,1000000,1e-06,0.002,0.9,1.962336465005356e-05,
1D-gaussian-4c-32p,32,32,0.0150639141886938,1000000,4.426685687522847e-06,,seconds,41.09431409835816,40.93408793024719,megabytes,568.0,568.0,81.0,77.80327868852459,0.276393984,0.276393984,0.8125,0.774077868852459,success,sgd,0.001,1000000,1e-06,0.002,0.9,4.426685687522847e-06,
1D-gaussian-4c-32p,32,32,0.2033353252800142,1000000,1.380159252302282e-05,,seconds,41.64574313163757,41.471787648275495,megabytes,568.0,568.0,79.0,76.0618556701031,0.277504,0.277504,0.81796875,0.7778874033505153,success,sgd,0.001,1000000,1e-06,0.002,0.9,1.380159252302282e-05,
1D-gaussian-4c-32p,32,32,0.0371313610484302,1000000,4.917390741718519e-06,,seconds,41.93064594268799,41.7535701263696,megabytes,568.0,568.0,84.0,75.6497461928934,0.277295104,0.277295104,0.8203125,0.777010628172589,success,sgd,0.001,1000000,1e-06,0.002,0.9,4.917390741718519e-06,
1D-gaussian-4c-32p,32,32,0.0578440001889606,1000000,1.0197329705640044e-05,,seconds,41.55601692199707,41.47267410904169,megabytes,568.0,568.0,79.0,76.43455497382199,0.277098496,0.277098496,0.821875,0.778693553664921,success,sgd,0.001,1000000,1e-06,0.002,0.9,1.0197329705640044e-05,
1D-gaussian-4c-32p,32,32,0.0469423504887797,1000000,8.284099128882214e-06,,seconds,41.80053520202637,41.7195325884968,megabytes,568.0,568.0,79.0,75.64102564102564,0.277049344,0.277049344,0.821875,0.7761738782051283,success,sgd,0.001,1000000,1e-06,0.002,0.9,8.284099128882214e-06,
1D-gaussian-4c-32p,32,32,0.0130325260361547,1000000,1.3193456219186365e-06,,seconds,41.92868709564209,41.89120640046895,megabytes,568.0,568.0,79.0,75.53807106598985,0.276934656,0.276934656,0.83125,0.7782677664974619,success,sgd,0.001,1000000,1e-06,0.002,0.9,1.3193456219186365e-06,
1D-gaussian-4c-32p,32,32,0.0692847432271687,1000000,1.607974817521986e-05,,seconds,41.27984809875488,41.209100579842925,megabytes,568.0,568.0,79.0,76.72340425531915,0.276570112,0.276570112,0.81953125,0.7797373670212768,success,sgd,0.001,1000000,1e-06,0.002,0.9,1.607974817521986e-05,
1D-gaussian-4c-32p,32,32,0.3942708817097874,1000000,2.1451602446518983e-05,,seconds,41.51901531219482,41.363520450890064,megabytes,568.0,568.0,83.0,77.07978723404256,0.276504576,0.276504576,0.82890625,0.7768492353723405,success,sgd,0.001,1000000,1e-06,0.002,0.9,2.1451602446518983e-05,
1D-gaussian-4c-32p,32,32,0.1158184154949359,1000000,6.9780008093782415e-06,,seconds,41.58111357688904,41.51317538507283,megabytes,568.0,568.0,79.0,75.77604166666667,0.276762624,0.276762624,0.82109375,0.7788045247395833,success,sgd,0.001,1000000,1e-06,0.002,0.9,6.9780008093782415e-06,
1D-gaussian-4c-32p,32,32,0.2004198958140709,1000000,1.830645636371911e-05,,seconds,41.54293489456177,41.41981671191752,megabytes,568.0,568.0,79.0,76.36125654450262,0.276770816,0.276770816,0.8234375,0.777580988219895,success,sgd,0.001,1000000,1e-06,0.002,0.9,1.830645636371911e-05,
1D-gaussian-4c-32p,32,32,0.0711112622687552,1000000,2.697778008782031e-06,,seconds,41.85397553443909,41.66578959301114,megabytes,568.0,568.0,80.0,75.35384615384615,0.278663168,0.278663168,0.82578125,0.7737500000000002,success,sgd,0.001,1000000,1e-06,0.002,0.9,2.697778008782031e-06,
1D-gaussian-4c-32p,32,32,0.0103894857111006,658282,9.999917936320153e-07,,seconds,27.577980995178223,27.556654209271077,megabytes,568.0,568.0,79.0,75.34615384615384,0.274116608,0.274116608,0.82578125,0.7832331730769229,success,sgd,0.001,1000000,1e-06,0.002,0.9,9.999917936320153e-07,
1D-gaussian-4c-32p,32,32,0.0382718954423806,755060,9.999937202348935e-07,,seconds,31.51633071899414,31.37509744055569,megabytes,568.0,568.0,79.0,75.98620689655172,0.274915328,0.274915328,0.81875,0.7759375000000006,success,sgd,0.001,1000000,1e-06,0.002,0.9,9.999937202348935e-07,
1D-gaussian-4c-32p,32,32,0.1039444832817085,1000000,1.6078605146362237e-05,,seconds,41.65524291992188,41.52482334524393,megabytes,568.0,568.0,79.0,75.91099476439791,0.276856832,0.276856832,0.8203125,0.776173920157068,success,sgd,0.001,1000000,1e-06,0.002,0.9,1.6078605146362237e-05,
1D-gaussian-4c-32p,32,32,0.0176350000988979,1000000,2.3355966999234613e-06,,seconds,41.93358063697815,41.91617569513619,megabytes,568.0,568.0,79.0,75.18181818181819,0.277086208,0.277086208,0.83671875,0.7803464330808078,success,sgd,0.001,1000000,1e-06,0.002,0.9,2.3355966999234613e-06,
1D-gaussian-4c-32p,32,32,0.0926816384687129,1000000,1.1259384447127287e-05,,seconds,41.73281121253967,41.57404546625912,megabytes,568.0,568.0,84.0,75.88020833333333,0.276963328,0.276963328,0.825,0.7746826171875002,success,sgd,0.001,1000000,1e-06,0.002,0.9,1.1259384447127287e-05,
1D-gaussian-4c-32p,32,32,0.0115259395080433,534669,9.999980933722796e-07,,seconds,22.4733407497406,22.450161196291447,megabytes,568.0,568.0,79.0,75.00934579439253,0.273321984,0.273321984,0.82265625,0.7776212032710282,success,sgd,0.001,1000000,1e-06,0.002,0.9,9.999980933722796e-07,
1D-gaussian-4c-32p,32,32,0.165848287812054,1000000,3.70204657111898e-06,,seconds,41.4873116016388,41.30346370115876,megabytes,568.0,568.0,80.0,76.08510638297872,0.277868544,0.277868544,0.825,0.7760679853723402,success,sgd,0.001,1000000,1e-06,0.002,0.9,3.70204657111898e-06,
1D-gaussian-4c-32p,32,32,0.0400459486725546,1000000,1.8850419325669304e-06,,seconds,41.63760733604431,41.5432041361928,megabytes,568.0,568.0,79.0,75.84974093264249,0.277028864,0.277028864,0.81953125,0.7805132772020728,success,sgd,0.001,1000000,1e-06,0.002,0.9,1.8850419325669304e-06,
1D-gaussian-4c-32p,32,32,0.1006257024989924,1000000,1.1218164192328417e-06,,seconds,41.71533226966858,41.53485539369285,megabytes,568.0,568.0,79.0,75.89005235602095,0.277065728,0.277065728,0.821875,0.7770451570680629,success,sgd,0.001,1000000,1e-06,0.002,0.9,1.1218164192328417e-06,
1D-gaussian-4c-32p,32,32,0.1306030058748458,1000000,7.59966862202264e-06,,seconds,41.79646325111389,41.78763918206096,megabytes,568.0,568.0,79.0,75.54123711340206,0.27701248,0.27701248,0.84921875,0.7791961984536081,success,sgd,0.001,1000000,1e-06,0.002,0.9,7.59966862202264e-06,
1D-gaussian-4c-32p,32,32,0.0339062302638729,1000000,3.6643787762189543e-06,,seconds,42.12109708786011,41.98088348284364,megabytes,568.0,568.0,79.0,75.11616161616162,0.27707392,0.27707392,0.81796875,0.7764362373737379,success,sgd,0.001,1000000,1e-06,0.002,0.9,3.6643787762189543e-06,
1D-gaussian-4c-32p,32,32,0.0773226013769995,1000000,3.393172139865435e-06,,seconds,41.32053661346436,41.18074795790017,megabytes,568.0,568.0,81.0,76.42702702702702,0.276819968,0.276819968,0.8203125,0.7771114864864865,success,sgd,0.001,1000000,1e-06,0.002,0.9,3.393172139865435e-06,
1D-gaussian-4c-32p,32,32,0.0817057592816918,1000000,1.9974372039130923e-06,,seconds,41.41013145446777,41.322136940434575,megabytes,568.0,568.0,80.0,76.54497354497354,0.276938752,0.276938752,0.8234375,0.7769799933862435,success,sgd,0.001,1000000,1e-06,0.002,0.9,1.9974372039130923e-06,
1D-gaussian-4c-32p,32,32,0.0617264106572604,1000000,3.941880723444522e-06,,seconds,41.61520600318909,41.58245679549873,megabytes,568.0,568.0,82.0,76.07253886010362,0.277172224,0.277172224,0.81953125,0.78121356865285,success,sgd,0.001,1000000,1e-06,0.002,0.9,3.941880723444522e-06,
1D-gaussian-4c-32p,32,32,0.3247131970369749,1000000,3.554578856121433e-05,,seconds,41.9670615196228,41.86814569309354,megabytes,568.0,568.0,80.0,75.375,0.277479424,0.277479424,0.84140625,0.7743398437499998,success,sgd,0.001,1000000,1e-06,0.002,0.9,3.554578856121433e-05,
1D-gaussian-4c-32p,32,32,0.0529661914264223,1000000,4.394744523540822e-06,,seconds,41.63800764083862,41.46561740897596,megabytes,568.0,568.0,84.0,76.203125,0.278695936,0.278695936,0.8203125,0.7739420572916672,success,sgd,0.001,1000000,1e-06,0.002,0.9,4.394744523540822e-06,
1D-gaussian-4c-32p,32,32,0.1931694884409776,1000000,6.54586436974361e-06,,seconds,41.61862325668335,41.47946070879698,megabytes,568.0,568.0,82.0,76.16145833333333,0.277147648,0.277147648,0.83671875,0.7734171549479164,success,sgd,0.001,1000000,1e-06,0.002,0.9,6.54586436974361e-06,
1D-gaussian-4c-64p,64,64,0.0953879371384089,1000000,9.627511802862546e-06,,seconds,43.76221513748169,43.60569140315056,megabytes,568.0,568.0,83.0,81.8701923076923,0.277610496,0.277610496,0.81953125,0.7772911658653847,success,sgd,0.001,1000000,1e-06,0.002,0.9,9.627511802862546e-06,
1D-gaussian-4c-64p,64,64,0.0133090744048279,1000000,3.439810210919376e-06,,seconds,43.84941792488098,43.72347778454423,megabytes,568.0,568.0,83.0,81.57352941176471,0.27766784,0.27766784,0.8203125,0.7771292892156865,success,sgd,0.001,1000000,1e-06,0.002,0.9,3.439810210919376e-06,
1D-gaussian-4c-64p,64,64,0.1074157979085993,1000000,2.337084239432993e-05,,seconds,43.84907555580139,43.76824609935284,megabytes,568.0,568.0,83.0,81.29,0.27850752,0.27850752,0.81796875,0.7788476562499995,success,sgd,0.001,1000000,1e-06,0.002,0.9,2.337084239432993e-05,
1D-gaussian-4c-64p,64,64,0.0149376566052697,1000000,1.2532267934801917e-05,,seconds,43.53083682060242,43.37984545901418,megabytes,568.0,568.0,83.0,82.11848341232228,0.277909504,0.277909504,0.82734375,0.7776769845971555,success,sgd,0.001,1000000,1e-06,0.002,0.9,1.2532267934801917e-05,
1D-gaussian-4c-64p,64,64,0.2029424816430773,1000000,1.1672018037477271e-05,,seconds,43.68796825408936,43.68438849784434,megabytes,568.0,568.0,83.0,81.34482758620689,0.278573056,0.278573056,0.82109375,0.7806534790640393,success,sgd,0.001,1000000,1e-06,0.002,0.9,1.1672018037477271e-05,
1D-gaussian-4c-64p,64,64,0.0367675754054941,1000000,4.116832687027067e-06,,seconds,43.886887550354,43.727174600586295,megabytes,568.0,568.0,83.0,81.39800995024876,0.27762688,0.27762688,0.82265625,0.775237095771144,success,sgd,0.001,1000000,1e-06,0.002,0.9,4.116832687027067e-06,
1D-gaussian-4c-64p,64,64,0.0575376551615527,1000000,1.2858816130841655e-05,,seconds,43.769994258880615,43.6636833678931,megabytes,568.0,568.0,83.0,81.64356435643565,0.27756544,0.27756544,0.815625,0.7775758044554463,success,sgd,0.001,1000000,1e-06,0.002,0.9,1.2858816130841655e-05,
1D-gaussian-4c-64p,64,64,0.0460759237556371,1000000,9.61788752160401e-06,,seconds,43.82379364967346,43.7655690126121,megabytes,568.0,568.0,83.0,81.56565656565657,0.277417984,0.277417984,0.81875,0.7778566919191912,success,sgd,0.001,1000000,1e-06,0.002,0.9,9.61788752160401e-06,
1D-gaussian-4c-64p,64,64,0.0129060494433782,1000000,2.50814221642672e-06,,seconds,43.78488898277283,43.64525076188147,megabytes,568.0,568.0,83.0,81.68780487804878,0.277741568,0.277741568,0.82734375,0.7747217987804883,success,sgd,0.001,1000000,1e-06,0.002,0.9,2.50814221642672e-06,
1D-gaussian-4c-64p,64,64,0.0691152033357527,1000000,1.603853859057049e-05,,seconds,43.86138105392456,43.84931991063058,megabytes,568.0,568.0,83.0,81.18181818181819,0.277475328,0.277475328,0.82890625,0.780393781565657,success,sgd,0.001,1000000,1e-06,0.002,0.9,1.603853859057049e-05,
1D-gaussian-4c-64p,64,64,0.3938812454369299,1000000,2.474091426254497e-05,,seconds,43.78177690505981,43.74197224155069,megabytes,568.0,568.0,84.0,81.42786069651741,0.277741568,0.277741568,0.82265625,0.7796486318407958,success,sgd,0.001,1000000,1e-06,0.002,0.9,2.474091426254497e-05,
1D-gaussian-4c-64p,64,64,0.1154411144214263,1000000,2.356494784019465e-05,,seconds,43.833372354507446,43.66807975061238,megabytes,568.0,568.0,83.0,81.6078431372549,0.27762688,0.27762688,0.825,0.7757965686274512,success,sgd,0.001,1000000,1e-06,0.002,0.9,2.356494784019465e-05,
1D-gaussian-4c-64p,64,64,0.2002156721406742,1000000,1.978194438964347e-05,,seconds,43.76867198944092,43.736485036090016,megabytes,568.0,568.0,83.0,81.68811881188118,0.277684224,0.277684224,0.81796875,0.7795366646039608,success,sgd,0.001,1000000,1e-06,0.002,0.9,1.978194438964347e-05,
1D-gaussian-4c-64p,64,64,0.0709255040614682,1000000,1.0977325338019168e-05,,seconds,43.65811324119568,43.63709301128984,megabytes,568.0,568.0,83.0,81.76847290640394,0.27764736,0.27764736,0.81875,0.7787523091133008,success,sgd,0.001,1000000,1e-06,0.002,0.9,1.0977325338019168e-05,
1D-gaussian-4c-64p,64,64,0.0100123147522528,1000000,3.0291810247075736e-06,,seconds,43.85146403312683,43.72614632546902,megabytes,568.0,568.0,83.0,81.29702970297029,0.27785216,0.27785216,0.828125,0.7779006806930684,success,sgd,0.001,1000000,1e-06,0.002,0.9,3.0291810247075736e-06,
1D-gaussian-4c-64p,64,64,0.0377867890943914,1000000,6.001076680673423e-06,,seconds,43.62161803245544,43.61866927519441,megabytes,568.0,568.0,83.0,81.68627450980392,0.277733376,0.277733376,0.8234375,0.7788066789215684,success,sgd,0.001,1000000,1e-06,0.002,0.9,6.001076680673423e-06,
1D-gaussian-4c-64p,64,64,0.1037221582486079,1000000,1.6548382396662724e-05,,seconds,43.80921173095703,43.67459310591221,megabytes,568.0,568.0,83.0,81.47029702970298,0.277753856,0.277753856,0.82109375,0.7775912747524755,success,sgd,0.001,1000000,1e-06,0.002,0.9,1.6548382396662724e-05,
1D-gaussian-4c-64p,64,64,0.0173497427581495,1000000,5.098241469765607e-06,,seconds,43.82627606391907,43.66686588153243,megabytes,568.0,568.0,83.0,81.59803921568627,0.277938176,0.277938176,0.8359375,0.7772403492647055,success,sgd,0.001,1000000,1e-06,0.002,0.9,5.098241469765607e-06,
1D-gaussian-4c-64p,64,64,0.0925249008024481,1000000,1.250056457329968e-05,,seconds,43.661720752716064,43.64473133534193,megabytes,568.0,568.0,83.0,81.82352941176471,0.277868544,0.277868544,0.8171875,0.777182904411765,success,sgd,0.001,1000000,1e-06,0.002,0.9,1.250056457329968e-05,
1D-gaussian-4c-64p,64,64,0.0113062530170736,1000000,3.038499312305672e-06,,seconds,44.01879549026489,43.87752103991807,megabytes,568.0,568.0,83.0,80.83673469387755,0.277610496,0.277610496,0.8171875,0.7764748086734697,success,sgd,0.001,1000000,1e-06,0.002,0.9,3.038499312305672e-06,
1D-gaussian-4c-64p,64,64,0.1653958933749316,1000000,1.8754630039534098e-05,,seconds,43.82531595230103,43.66195613145828,megabytes,568.0,568.0,83.0,81.45098039215686,0.278007808,0.278007808,0.821875,0.7767310049019608,success,sgd,0.001,1000000,1e-06,0.002,0.9,1.8754630039534098e-05,
1D-gaussian-4c-64p,64,64,0.0394248932173563,1000000,5.97466445162514e-06,,seconds,43.80503439903259,43.78002284280956,megabytes,568.0,568.0,83.0,81.465,0.279568384,0.279568384,0.8234375,0.7766601562500002,success,sgd,0.001,1000000,1e-06,0.002,0.9,5.97466445162514e-06,
1D-gaussian-4c-64p,64,64,0.0997795413331036,1000000,1.2898478274343086e-05,,seconds,43.435439109802246,43.400796031579375,megabytes,568.0,568.0,83.0,82.15165876777252,0.2783232,0.2783232,0.8171875,0.7780583530805689,success,sgd,0.001,1000000,1e-06,0.002,0.9,1.2898478274343086e-05,
1D-gaussian-4c-64p,64,64,0.1288250972776565,1000000,6.927596034183951e-06,,seconds,43.70984148979187,43.55149926431477,megabytes,568.0,568.0,83.0,81.73429951690821,0.278122496,0.278122496,0.82109375,0.7757699275362315,success,sgd,0.001,1000000,1e-06,0.002,0.9,6.927596034183951e-06,
1D-gaussian-4c-64p,64,64,0.0335326987996556,1000000,2.771563549198543e-06,,seconds,43.454230546951294,43.3825001064688,megabytes,568.0,568.0,83.0,82.17619047619047,0.278654976,0.278654976,0.8203125,0.7774925595238099,success,sgd,0.001,1000000,1e-06,0.002,0.9,2.771563549198543e-06,
1D-gaussian-4c-64p,64,64,0.0765155459351996,1000000,7.075116857115341e-06,,seconds,43.948079109191895,43.87196495383978,megabytes,568.0,568.0,83.0,81.08585858585859,0.277909504,0.277909504,0.821875,0.7761600378787876,success,sgd,0.001,1000000,1e-06,0.002,0.9,7.075116857115341e-06,
1D-gaussian-4c-64p,64,64,0.0814435057290467,1000000,6.150454163482267e-06,,seconds,43.88745212554932,43.72905050031841,megabytes,568.0,568.0,83.0,81.42079207920793,0.278614016,0.278614016,0.8203125,0.7776454207920794,success,sgd,0.001,1000000,1e-06,0.002,0.9,6.150454163482267e-06,
1D-gaussian-4c-64p,64,64,0.0612835542937481,1000000,1.724246410787719e-05,,seconds,43.89137554168701,43.69822733476758,megabytes,568.0,568.0,83.0,81.6504854368932,0.279191552,0.279191552,0.82578125,0.7762894417475722,success,sgd,0.001,1000000,1e-06,0.002,0.9,1.724246410787719e-05,
1D-gaussian-4c-64p,64,64,0.3239202045842254,1000000,3.354921845727638e-05,,seconds,43.788379192352295,43.64150412194431,megabytes,568.0,568.0,83.0,81.46116504854369,0.278720512,0.278720512,0.815625,0.7757584951456321,success,sgd,0.001,1000000,1e-06,0.002,0.9,3.354921845727638e-05,
1D-gaussian-4c-64p,64,64,0.052466138557287,1000000,1.5869837598625712e-05,,seconds,43.76895618438721,43.66068997979164,megabytes,568.0,568.0,83.0,81.8,0.27813888,0.27813888,0.82109375,0.7778963414634145,success,sgd,0.001,1000000,1e-06,0.002,0.9,1.5869837598625712e-05,
1D-gaussian-4c-64p,64,64,0.1925486634456604,1000000,2.268522641485053e-05,,seconds,43.874353647232056,43.78116309642792,megabytes,568.0,568.0,83.0,81.235,0.27805696,0.27805696,0.81953125,0.7785937499999995,success,sgd,0.001,1000000,1e-06,0.002,0.9,2.268522641485053e-05,
1D-gaussian-4c-128p,128,128,0.095235337580266,1000000,2.537090699328236e-05,,seconds,50.10950469970703,50.09275899641216,megabytes,568.0,568.0,82.0,79.53164556962025,0.279474176,0.279474176,0.8203125,0.7798094672995783,success,sgd,0.001,1000000,1e-06,0.002,0.9,2.537090699328236e-05,
1D-gaussian-4c-128p,128,128,0.0133058284853003,1000000,9.045565706780584e-06,,seconds,49.794445753097534,49.69478899240494,megabytes,568.0,568.0,85.0,80.56331877729258,0.279052288,0.279052288,0.83046875,0.778316048034934,success,sgd,0.001,1000000,1e-06,0.002,0.9,9.045565706780584e-06,
1D-gaussian-4c-128p,128,128,0.1073872390977417,1000000,1.9946638221983077e-05,,seconds,50.45890688896179,50.310715371742845,megabytes,568.0,568.0,83.0,80.1125,0.281116672,0.281116672,0.82109375,0.7776627604166669,success,sgd,0.001,1000000,1e-06,0.002,0.9,1.9946638221983077e-05,
1D-gaussian-4c-128p,128,128,0.0149262777304458,1000000,1.7713952575911774e-05,,seconds,49.544994831085205,49.39998374134302,megabytes,568.0,568.0,86.0,80.3141592920354,0.278962176,0.278962176,0.81796875,0.7779694413716819,success,sgd,0.001,1000000,1e-06,0.002,0.9,1.7713952575911774e-05,
1D-gaussian-4c-128p,128,128,0.202902105851805,1000000,2.9361108820540187e-05,,seconds,50.02405381202698,49.9017681106925,megabytes,568.0,568.0,85.0,80.60515021459227,0.279322624,0.279322624,0.81953125,0.7760930793991417,success,sgd,0.001,1000000,1e-06,0.002,0.9,2.9361108820540187e-05,
1D-gaussian-4c-128p,128,128,0.0366744702216223,1000000,6.768846552461742e-06,,seconds,49.58626675605774,49.48389943875373,megabytes,568.0,568.0,86.0,80.6875,0.278867968,0.278867968,0.8296875,0.778072684151786,success,sgd,0.001,1000000,1e-06,0.002,0.9,6.768846552461742e-06,
1D-gaussian-4c-128p,128,128,0.0575218057745449,1000000,1.4123235782539948e-05,,seconds,50.05628275871277,49.87150647677481,megabytes,568.0,568.0,87.0,80.91111111111111,0.27992064,0.27992064,0.81640625,0.7734305555555556,success,sgd,0.001,1000000,1e-06,0.002,0.9,1.4123235782539948e-05,
1D-gaussian-4c-128p,128,128,0.0460310122117648,1000000,1.4237000253678114e-05,,seconds,49.77011179924011,49.70980691537261,megabytes,568.0,568.0,83.0,80.3640350877193,0.278806528,0.278806528,0.81953125,0.7775459155701755,success,sgd,0.001,1000000,1e-06,0.002,0.9,1.4237000253678114e-05,
1D-gaussian-4c-128p,128,128,0.01290286272581,1000000,9.177857858629848e-06,,seconds,49.86680579185486,49.86441807448864,megabytes,568.0,568.0,83.0,80.28138528138528,0.279248896,0.279248896,0.81875,0.7791565205627701,success,sgd,0.001,1000000,1e-06,0.002,0.9,9.177857858629848e-06,
1D-gaussian-4c-128p,128,128,0.0690812865594467,1000000,2.399695718826498e-05,,seconds,49.589030265808105,49.38557408750057,megabytes,568.0,568.0,87.0,80.40723981900453,0.278843392,0.278843392,0.82265625,0.7763928167420815,success,sgd,0.001,1000000,1e-06,0.002,0.9,2.399695718826498e-05,
1D-gaussian-4c-128p,128,128,0.3937960538702652,1000000,3.759318685348287e-05,,seconds,50.099942445755005,49.935189520940185,megabytes,568.0,568.0,86.0,79.65811965811966,0.279629824,0.279629824,0.8203125,0.7777877938034189,success,sgd,0.001,1000000,1e-06,0.002,0.9,3.759318685348287e-05,
1D-gaussian-4c-128p,128,128,0.1153819913155333,1000000,3.221619686122498e-05,,seconds,50.03433656692505,49.81604898907244,megabytes,568.0,568.0,83.0,79.7,0.279822336,0.279822336,0.81875,0.7776902173913037,success,sgd,0.001,1000000,1e-06,0.002,0.9,3.221619686122498e-05,
1D-gaussian-4c-128p,128,128,0.2001745428448684,1000000,3.232764651016546e-05,,seconds,50.11298155784607,50.09360175952315,megabytes,568.0,568.0,83.0,79.55319148936171,0.280092672,0.280092672,0.82890625,0.7800797872340427,success,sgd,0.001,1000000,1e-06,0.002,0.9,3.232764651016546e-05,
1D-gaussian-4c-128p,128,128,0.0709079686988271,1000000,1.759636848676436e-05,,seconds,49.92069172859192,49.9005041886121,megabytes,568.0,568.0,83.0,79.48695652173913,0.281116672,0.281116672,0.8171875,0.7802343749999999,success,sgd,0.001,1000000,1e-06,0.002,0.9,1.759636848676436e-05,
1D-gaussian-4c-128p,128,128,0.0099979745366269,1000000,5.37116737654594e-06,,seconds,49.36625647544861,49.31290667876601,megabytes,568.0,568.0,86.0,80.71363636363637,0.27930624,0.27930624,0.853125,0.7782990056818181,success,sgd,0.001,1000000,1e-06,0.002,0.9,5.37116737654594e-06,
1D-gaussian-4c-128p,128,128,0.0376892986543847,1000000,1.0918777078349164e-05,,seconds,50.18398857116699,49.98367642425001,megabytes,568.0,568.0,83.0,79.97008547008546,0.279478272,0.279478272,0.81875,0.7774739583333332,success,sgd,0.001,1000000,1e-06,0.002,0.9,1.0918777078349164e-05,
1D-gaussian-4c-128p,128,128,0.1036483672176441,1000000,3.325762465973878e-05,,seconds,49.99908924102783,49.90397629328072,megabytes,568.0,568.0,87.0,79.96982758620689,0.279588864,0.279588864,0.82109375,0.7762796336206899,success,sgd,0.001,1000000,1e-06,0.002,0.9,3.325762465973878e-05,
1D-gaussian-4c-128p,128,128,0.0173460399602613,1000000,1.113399218780905e-05,,seconds,49.55900359153748,49.474534925073385,megabytes,568.0,568.0,82.0,80.42410714285714,0.279027712,0.279027712,0.82421875,0.7788853236607138,success,sgd,0.001,1000000,1e-06,0.002,0.9,1.113399218780905e-05,
1D-gaussian-4c-128p,128,128,0.0924963369600689,1000000,2.23409388129095e-05,,seconds,49.57778191566467,49.458171712234616,megabytes,568.0,568.0,84.0,80.8108108108108,0.278913024,0.278913024,0.81953125,0.7782552083333333,success,sgd,0.001,1000000,1e-06,0.002,0.9,2.23409388129095e-05,
1D-gaussian-4c-128p,128,128,0.0113014614960232,1000000,6.388411517598254e-06,,seconds,49.64975118637085,49.56719841249287,megabytes,568.0,568.0,86.0,80.08888888888889,0.278966272,0.278966272,0.8203125,0.779375,success,sgd,0.001,1000000,1e-06,0.002,0.9,6.388411517598254e-06,
1D-gaussian-4c-128p,128,128,0.1650703980702703,1000000,2.9819106590116897e-05,,seconds,49.92495059967041,49.877475179731846,megabytes,568.0,568.0,83.0,80.06113537117903,0.27930624,0.27930624,0.81796875,0.779411162663755,success,sgd,0.001,1000000,1e-06,0.002,0.9,2.9819106590116897e-05,
1D-gaussian-4c-128p,128,128,0.0394279413941517,1000000,1.096736028616896e-05,,seconds,49.43133401870728,49.27392451651394,megabytes,568.0,568.0,83.0,80.87272727272727,0.279076864,0.279076864,0.82109375,0.7791157670454542,success,sgd,0.001,1000000,1e-06,0.002,0.9,1.096736028616896e-05,
1D-gaussian-4c-128p,128,128,0.0997557533166362,1000000,1.1601441950425652e-05,,seconds,50.08309841156006,49.94684114679694,megabytes,568.0,568.0,85.0,79.9872340425532,0.279711744,0.279711744,0.82265625,0.7785804521276589,success,sgd,0.001,1000000,1e-06,0.002,0.9,1.1601441950425652e-05,
1D-gaussian-4c-128p,128,128,0.1287410232744909,1000000,1.605582259200295e-05,,seconds,50.067214250564575,49.96824603714049,megabytes,568.0,568.0,85.0,79.73390557939913,0.279527424,0.279527424,0.81875,0.7776052843347642,success,sgd,0.001,1000000,1e-06,0.002,0.9,1.605582259200295e-05,
1D-gaussian-4c-128p,128,128,0.0334363484923842,1000000,9.97123175433865e-06,,seconds,50.158775806427,49.98781023360789,megabytes,568.0,568.0,87.0,79.71848739495799,0.279793664,0.279793664,0.82109375,0.7745470063025202,success,sgd,0.001,1000000,1e-06,0.002,0.9,9.97123175433865e-06,
1D-gaussian-4c-128p,128,128,0.0763675869059495,1000000,1.217675964353365e-05,,seconds,49.85808038711548,49.72415424138308,megabytes,568.0,568.0,87.0,80.01739130434783,0.279658496,0.279658496,0.83046875,0.7777072010869567,success,sgd,0.001,1000000,1e-06,0.002,0.9,1.217675964353365e-05,
1D-gaussian-4c-128p,128,128,0.0814375685863553,1000000,1.395894660276281e-05,,seconds,49.80800127983093,49.70855347625911,megabytes,568.0,568.0,83.0,80.1798245614035,0.27918336,0.27918336,0.82265625,0.7775733278508777,success,sgd,0.001,1000000,1e-06,0.002,0.9,1.395894660276281e-05,
1D-gaussian-4c-128p,128,128,0.061252655470699,1000000,1.7137680790447672e-05,,seconds,50.78535008430481,50.64860322512686,megabytes,568.0,568.0,82.0,79.05284552845528,0.280752128,0.280752128,0.8265625,0.7766260162601627,success,sgd,0.001,1000000,1e-06,0.002,0.9,1.7137680790447672e-05,
1D-gaussian-4c-128p,128,128,0.323601254721393,1000000,2.7416483994117384e-05,,seconds,50.20612621307373,50.1442460604012,megabytes,568.0,568.0,82.0,79.17446808510638,0.279560192,0.279560192,0.82109375,0.7782945478723411,success,sgd,0.001,1000000,1e-06,0.002,0.9,2.7416483994117384e-05,
1D-gaussian-4c-128p,128,128,0.0524460080387365,1000000,1.318922894886109e-05,,seconds,49.511327028274536,49.35847962088883,megabytes,568.0,568.0,87.0,80.68609865470852,0.279302144,0.279302144,0.82421875,0.7785348934977571,success,sgd,0.001,1000000,1e-06,0.002,0.9,1.318922894886109e-05,
1D-gaussian-4c-128p,128,128,0.1924869918227593,1000000,3.171001538276616e-05,,seconds,50.35263180732727,50.189951315522194,megabytes,568.0,568.0,83.0,79.10041841004184,0.27998208,0.27998208,0.82578125,0.7762094665271968,success,sgd,0.001,1000000,1e-06,0.002,0.9,3.171001538276616e-05,
1D-gaussian-4c-256p,256,256,0.0951644900710658,1000000,3.260582237342168e-05,,seconds,51.86652040481568,51.83205663599074,megabytes,570.0,570.0,87.0,85.49173553719008,0.280170496,0.280170496,0.82734375,0.7782121642561985,success,sgd,0.001,1000000,1e-06,0.002,0.9,3.260582237342168e-05,
1D-gaussian-4c-256p,256,256,0.0133033184602908,1000000,2.093045340399762e-05,,seconds,51.82759523391724,51.713784666731954,megabytes,570.0,570.0,86.0,85.14516129032258,0.280367104,0.280367104,0.8234375,0.778723538306452,success,sgd,0.001,1000000,1e-06,0.002,0.9,2.093045340399762e-05,
1D-gaussian-4c-256p,256,256,0.1073278526277433,1000000,3.386935361930383e-05,,seconds,51.633431911468506,51.54229471087456,megabytes,570.0,570.0,86.0,85.21686746987952,0.280465408,0.280465408,0.8203125,0.7783760040160644,success,sgd,0.001,1000000,1e-06,0.002,0.9,3.386935361930383e-05,
1D-gaussian-4c-256p,256,256,0.0149107043498891,1000000,2.3683019229537823e-05,,seconds,52.16668748855591,52.14002736285329,megabytes,570.0,570.0,87.0,85.07112970711297,0.280088576,0.280088576,0.81875,0.7788866370292887,success,sgd,0.001,1000000,1e-06,0.002,0.9,2.3683019229537823e-05,
1D-gaussian-4c-256p,256,256,0.2028193238431118,1000000,4.374782968231199e-05,,seconds,52.24411511421204,52.222088197246194,megabytes,570.0,570.0,86.0,84.18410041841004,0.280141824,0.280141824,0.82890625,0.7780857740585777,success,sgd,0.001,1000000,1e-06,0.002,0.9,4.374782968231199e-05,
1D-gaussian-4c-256p,256,256,0.0366742350462502,1000000,2.0935290369463752e-05,,seconds,52.157928705215454,52.0116755720228,megabytes,570.0,570.0,86.0,84.73305084745763,0.280117248,0.280117248,0.82421875,0.7768240201271188,success,sgd,0.001,1000000,1e-06,0.002,0.9,2.0935290369463752e-05,
1D-gaussian-4c-256p,256,256,0.057498353338837,1000000,2.232969199884893e-05,,seconds,51.98524785041809,51.8721535820514,megabytes,570.0,570.0,86.0,84.61157024793388,0.280498176,0.280498176,0.83203125,0.7774825671487601,success,sgd,0.001,1000000,1e-06,0.002,0.9,2.232969199884893e-05,
1D-gaussian-4c-256p,256,256,0.0459883324940778,1000000,2.782215842789039e-05,,seconds,52.01276016235352,51.95193992555141,megabytes,570.0,570.0,86.0,84.72689075630252,0.280305664,0.280305664,0.82265625,0.7780888918067225,success,sgd,0.001,1000000,1e-06,0.002,0.9,2.782215842789039e-05,
1D-gaussian-4c-256p,256,256,0.0128941496682223,1000000,1.7288396069644974e-05,,seconds,52.233744621276855,52.08023031428456,megabytes,570.0,570.0,86.0,84.01282051282051,0.2808832,0.2808832,0.82734375,0.7760383279914533,success,sgd,0.001,1000000,1e-06,0.002,0.9,1.7288396069644974e-05,
1D-gaussian-4c-256p,256,256,0.0690285329416426,1000000,4.113218556014288e-05,,seconds,51.95723009109497,51.839406033977866,megabytes,570.0,570.0,86.0,85.2448132780083,0.280150016,0.280150016,0.81953125,0.7779369813278014,success,sgd,0.001,1000000,1e-06,0.002,0.9,4.113218556014288e-05,
1D-gaussian-4c-256p,256,256,0.3935623405823597,1000000,5.850542230595877e-05,,seconds,52.04828643798828,51.93779641389847,megabytes,570.0,570.0,86.0,84.69166666666666,0.280403968,0.280403968,0.8234375,0.778076171875,success,sgd,0.001,1000000,1e-06,0.002,0.9,5.850542230595877e-05,
1D-gaussian-4c-256p,256,256,0.115280209994073,1000000,5.363347795211551e-05,,seconds,52.01943683624268,51.93343319930136,megabytes,570.0,570.0,86.0,84.9875,0.280887296,0.280887296,0.8234375,0.7793587239583333,success,sgd,0.001,1000000,1e-06,0.002,0.9,5.363347795211551e-05,
1D-gaussian-4c-256p,256,256,0.2000724397061042,1000000,4.708291618309101e-05,,seconds,51.77849102020264,51.72412372380495,megabytes,570.0,570.0,86.0,84.71311475409836,0.280797184,0.280797184,0.825,0.7778624487704918,success,sgd,0.001,1000000,1e-06,0.002,0.9,4.708291618309101e-05,
1D-gaussian-4c-256p,256,256,0.0708738626376124,1000000,3.828463668558546e-05,,seconds,51.97205376625061,51.907243348658085,megabytes,570.0,570.0,86.0,85.0126050420168,0.28063744,0.28063744,0.82421875,0.7786830357142864,success,sgd,0.001,1000000,1e-06,0.002,0.9,3.828463668558546e-05,
1D-gaussian-4c-256p,256,256,0.0099969920876448,1000000,1.6440781324332285e-05,,seconds,51.90543103218079,51.86757452599704,megabytes,570.0,570.0,86.0,84.72268907563026,0.280469504,0.280469504,0.815625,0.7779608718487387,success,sgd,0.001,1000000,1e-06,0.002,0.9,1.6440781324332285e-05,
1D-gaussian-4c-256p,256,256,0.0376791709830154,1000000,1.888296901877688e-05,,seconds,51.74109435081482,51.70972119830549,megabytes,570.0,570.0,86.0,85.16872427983539,0.281726976,0.281726976,0.8171875,0.780089377572016,success,sgd,0.001,1000000,1e-06,0.002,0.9,1.888296901877688e-05,
1D-gaussian-4c-256p,256,256,0.1035564443212664,1000000,4.583550201230109e-05,,seconds,51.9553427696228,51.952663116157055,megabytes,570.0,570.0,86.0,84.42372881355932,0.280264704,0.280264704,0.81875,0.7801046080508472,success,sgd,0.001,1000000,1e-06,0.002,0.9,4.583550201230109e-05,
1D-gaussian-4c-256p,256,256,0.0173372533483481,1000000,1.800093153847879e-05,,seconds,51.92776274681091,51.884825732558966,megabytes,570.0,570.0,86.0,84.81702127659574,0.280539136,0.280539136,0.81953125,0.780565159574468,success,sgd,0.001,1000000,1e-06,0.002,0.9,1.800093153847879e-05,
1D-gaussian-4c-256p,256,256,0.0924300914108278,1000000,3.830276450842452e-05,,seconds,51.87847590446472,51.83433837816119,megabytes,570.0,570.0,86.0,84.63025210084034,0.280633344,0.280633344,0.8234375,0.7786534926470584,success,sgd,0.001,1000000,1e-06,0.002,0.9,3.830276450842452e-05,
1D-gaussian-4c-256p,256,256,0.011301080207537,1000000,1.3691587231171196e-05,,seconds,52.06672549247742,52.02213849686086,megabytes,570.0,570.0,86.0,84.65652173913044,0.280367104,0.280367104,0.81796875,0.7795991847826091,success,sgd,0.001,1000000,1e-06,0.002,0.9,1.3691587231171196e-05,
1D-gaussian-4c-256p,256,256,0.1649647183467211,1000000,4.214352762148472e-05,,seconds,51.8472638130188,51.80694429576397,megabytes,570.0,570.0,86.0,84.64853556485356,0.280662016,0.280662016,0.82265625,0.7804327928870295,success,sgd,0.001,1000000,1e-06,0.002,0.9,4.214352762148472e-05,
1D-gaussian-4c-256p,256,256,0.0394265517243411,1000000,1.906620093372033e-05,,seconds,52.13986134529114,51.98873501457274,megabytes,570.0,570.0,86.0,84.76694915254237,0.280727552,0.280727552,0.81796875,0.7750264830508476,success,sgd,0.001,1000000,1e-06,0.002,0.9,1.906620093372033e-05,
1D-gaussian-4c-256p,256,256,0.0997224160936912,1000000,3.2891696181548256e-05,,seconds,52.070290088653564,52.00882013887167,megabytes,570.0,570.0,86.0,84.46808510638297,0.280526848,0.280526848,0.81953125,0.7767353723404254,success,sgd,0.001,1000000,1e-06,0.002,0.9,3.2891696181548256e-05,
1D-gaussian-4c-256p,256,256,0.1286996884801019,1000000,2.662684372847598e-05,,seconds,51.993873596191406,51.95723449997604,megabytes,570.0,570.0,86.0,85.01271186440678,0.280784896,0.280784896,0.83828125,0.7783302436440682,success,sgd,0.001,1000000,1e-06,0.002,0.9,2.662684372847598e-05,
1D-gaussian-4c-256p,256,256,0.0334300360755601,1000000,1.717805154104014e-05,,seconds,52.03927421569824,52.0037966966629,megabytes,570.0,570.0,86.0,84.29113924050633,0.280788992,0.280788992,0.81953125,0.7804654535864978,success,sgd,0.001,1000000,1e-06,0.002,0.9,1.717805154104014e-05,
1D-gaussian-4c-256p,256,256,0.0763449904657697,1000000,2.4737390012227186e-05,,seconds,51.82069396972656,51.77924587205053,megabytes,570.0,570.0,87.0,85.50413223140495,0.280543232,0.280543232,0.82578125,0.7804364669421487,success,sgd,0.001,1000000,1e-06,0.002,0.9,2.4737390012227186e-05,
1D-gaussian-4c-256p,256,256,0.0814211877982789,1000000,2.785474049786233e-05,,seconds,52.09063696861267,51.85134562663734,megabytes,570.0,570.0,87.0,85.35416666666667,0.280772608,0.280772608,0.8203125,0.776725260416667,success,sgd,0.001,1000000,1e-06,0.002,0.9,2.785474049786233e-05,
1D-gaussian-4c-256p,256,256,0.0612122787730274,1000000,3.490540739811039e-05,,seconds,52.1487021446228,51.976270815357566,megabytes,570.0,570.0,86.0,84.25210084033614,0.280920064,0.280920064,0.825,0.7769695378151261,success,sgd,0.001,1000000,1e-06,0.002,0.9,3.490540739811039e-05,
1D-gaussian-4c-256p,256,256,0.3235256064801348,1000000,5.7415196302447847e-05,,seconds,51.95950698852539,51.85576125048101,megabytes,570.0,570.0,86.0,85.09958506224066,0.281059328,0.281059328,0.82109375,0.7782060425311207,success,sgd,0.001,1000000,1e-06,0.002,0.9,5.7415196302447847e-05,
1D-gaussian-4c-256p,256,256,0.0524228939928617,1000000,2.834528794512989e-05,,seconds,51.9454288482666,51.769059212878346,megabytes,570.0,570.0,87.0,85.40408163265306,0.280891392,0.280891392,0.840625,0.7758482142857146,success,sgd,0.001,1000000,1e-06,0.002,0.9,2.834528794512989e-05,
1D-gaussian-4c-256p,256,256,0.1923756477114675,1000000,5.19479114261274e-05,,seconds,51.70789456367493,51.70317517593503,megabytes,570.0,570.0,86.0,85.18518518518519,0.281268224,0.281268224,0.82421875,0.7788033693415636,success,sgd,0.001,1000000,1e-06,0.002,0.9,5.19479114261274e-05,
1D-gaussian-4c-512p,512,512,0.0950464292770306,1000000,6.828234231231152e-05,,seconds,68.3290274143219,68.22629142738879,megabytes,578.0,578.0,87.0,86.178125,0.283787264,0.283787264,0.825,0.7801074218749996,success,sgd,0.001,1000000,1e-06,0.002,0.9,6.828234231231152e-05,
1D-gaussian-4c-512p,512,512,0.0132969072902858,1000000,4.489314609736175e-05,,seconds,68.42962598800659,68.264359081164,megabytes,578.0,578.0,87.0,86.17554858934169,0.283930624,0.283930624,0.83046875,0.7759600313479629,success,sgd,0.001,1000000,1e-06,0.002,0.9,4.489314609736175e-05,
1D-gaussian-4c-512p,512,512,0.1072031118903367,1000000,6.577558560849712e-05,,seconds,68.56702303886414,68.44777752272785,megabytes,578.0,578.0,87.0,86.16013071895425,0.283570176,0.283570176,0.8171875,0.7768101511437902,success,sgd,0.001,1000000,1e-06,0.002,0.9,6.577558560849712e-05,
1D-gaussian-4c-512p,512,512,0.0148820922219949,1000000,5.98809715767108e-05,,seconds,68.41269707679749,68.36198456585407,megabytes,578.0,578.0,87.0,85.98402555910543,0.283734016,0.283734016,0.81953125,0.7796500599041537,success,sgd,0.001,1000000,1e-06,0.002,0.9,5.98809715767108e-05,
1D-gaussian-4c-512p,512,512,0.2026023622120265,1000000,7.160121184388337e-05,,seconds,68.5536675453186,68.4622244220227,megabytes,578.0,578.0,87.0,86.01623376623377,0.28362752,0.28362752,0.81875,0.7788149350649348,success,sgd,0.001,1000000,1e-06,0.002,0.9,7.160121184388337e-05,
1D-gaussian-4c-512p,512,512,0.036678764883611,1000000,4.890199390653586e-05,,seconds,68.4089686870575,68.23929044418037,megabytes,578.0,578.0,87.0,86.17721518987342,0.283639808,0.283639808,0.8203125,0.777415446993671,success,sgd,0.001,1000000,1e-06,0.002,0.9,4.890199390653586e-05,
1D-gaussian-4c-512p,512,512,0.0574787298394552,1000000,4.5753048775296736e-05,,seconds,68.42542886734009,68.42776183784008,megabytes,578.0,578.0,87.0,86.08169934640523,0.283471872,0.283471872,0.82578125,0.7798253676470588,success,sgd,0.001,1000000,1e-06,0.002,0.9,4.5753048775296736e-05,
1D-gaussian-4c-512p,512,512,0.0459333560571262,1000000,5.431210729272974e-05,,seconds,68.24901127815247,68.23054334148765,megabytes,578.0,578.0,87.0,86.23566878980891,0.283979776,0.283979776,0.83515625,0.7784658638535035,success,sgd,0.001,1000000,1e-06,0.002,0.9,5.431210729272974e-05,
1D-gaussian-4c-512p,512,512,0.0128752984153036,1000000,3.99958373155185e-05,,seconds,68.42489051818848,68.22316976450384,megabytes,578.0,578.0,87.0,86.20253164556962,0.283971584,0.283971584,0.821875,0.7779890229430382,success,sgd,0.001,1000000,1e-06,0.002,0.9,3.99958373155185e-05,
1D-gaussian-4c-512p,512,512,0.0688847424606208,1000000,6.727336158021063e-05,,seconds,68.53873944282532,68.40395351685584,megabytes,578.0,578.0,87.0,86.10355987055016,0.28372992,0.28372992,0.8265625,0.7790250809061492,success,sgd,0.001,1000000,1e-06,0.002,0.9,6.727336158021063e-05,
1D-gaussian-4c-512p,512,512,0.3930190398984963,1000000,9.980648556638866e-05,,seconds,68.49721360206604,68.32043280266225,megabytes,578.0,578.0,87.0,86.21153846153847,0.283734016,0.283734016,0.828125,0.7770633012820509,success,sgd,0.001,1000000,1e-06,0.002,0.9,9.980648556638866e-05,
1D-gaussian-4c-512p,512,512,0.1150466103074807,1000000,8.348767830561133e-05,,seconds,68.61803269386292,68.51560489088297,megabytes,578.0,578.0,87.0,86.06535947712419,0.283521024,0.283521024,0.81796875,0.7781301062091502,success,sgd,0.001,1000000,1e-06,0.002,0.9,8.348767830561133e-05,
1D-gaussian-4c-512p,512,512,0.1997804224329936,1000000,7.65253595420656e-05,,seconds,68.42882061004639,68.34884107857943,megabytes,578.0,578.0,87.0,86.18589743589743,0.283820032,0.283820032,0.83203125,0.7765174278846153,success,sgd,0.001,1000000,1e-06,0.002,0.9,7.65253595420656e-05,
1D-gaussian-4c-512p,512,512,0.0707692495703551,1000000,6.282064603141512e-05,,seconds,68.41090703010559,68.26329285651445,megabytes,578.0,578.0,87.0,86.13607594936708,0.283897856,0.283897856,0.84140625,0.7795490506329111,success,sgd,0.001,1000000,1e-06,0.002,0.9,6.282064603141512e-05,
1D-gaussian-4c-512p,512,512,0.0099954480313221,1000000,3.929072921396752e-05,,seconds,68.26873898506165,68.24278968200088,megabytes,578.0,578.0,87.0,86.08544303797468,0.283787264,0.283787264,0.82265625,0.7794847705696205,success,sgd,0.001,1000000,1e-06,0.002,0.9,3.929072921396752e-05,
1D-gaussian-4c-512p,512,512,0.0376673260277288,1000000,4.482091146964213e-05,,seconds,68.24323987960815,68.24661050923169,megabytes,578.0,578.0,87.0,86.19488817891374,0.283787264,0.283787264,0.8203125,0.7789187300319489,success,sgd,0.001,1000000,1e-06,0.002,0.9,4.482091146964213e-05,
1D-gaussian-4c-512p,512,512,0.1033234496148131,1000000,7.737170059613008e-05,,seconds,68.51234650611877,68.39788692630827,megabytes,578.0,578.0,87.0,85.97741935483872,0.283906048,0.283906048,0.84609375,0.7781527217741933,success,sgd,0.001,1000000,1e-06,0.002,0.9,7.737170059613008e-05,
1D-gaussian-4c-512p,512,512,0.0173256018910972,1000000,4.1148932270085646e-05,,seconds,68.50045394897461,68.42013441212475,megabytes,578.0,578.0,87.0,86.01618122977347,0.28366848,0.28366848,0.82421875,0.7808505258899676,success,sgd,0.001,1000000,1e-06,0.002,0.9,4.1148932270085646e-05,
1D-gaussian-4c-512p,512,512,0.0922495964854974,1000000,7.10557062170975e-05,,seconds,68.31100058555603,68.28643481619656,megabytes,578.0,578.0,87.0,86.1826923076923,0.284110848,0.284110848,0.82890625,0.7789187700320515,success,sgd,0.001,1000000,1e-06,0.002,0.9,7.10557062170975e-05,
1D-gaussian-4c-512p,512,512,0.0112972519889827,1000000,3.4394219438912194e-05,,seconds,68.32934093475342,68.16780685074627,megabytes,578.0,578.0,87.0,86.37931034482759,0.284151808,0.284151808,0.82109375,0.7774123236677116,success,sgd,0.001,1000000,1e-06,0.002,0.9,3.4394219438912194e-05,
1D-gaussian-4c-512p,512,512,0.1648224544870121,1000000,7.916281823946915e-05,,seconds,68.40751123428345,68.34984860755503,megabytes,578.0,578.0,87.0,86.03236245954693,0.283869184,0.283869184,0.8234375,0.7811918487055016,success,sgd,0.001,1000000,1e-06,0.002,0.9,7.916281823946915e-05,
1D-gaussian-4c-512p,512,512,0.0394168347350918,1000000,4.614998173066265e-05,,seconds,68.42045474052429,68.24925366044044,megabytes,578.0,578.0,87.0,86.21794871794872,0.285073408,0.285073408,0.8234375,0.7769055488782051,success,sgd,0.001,1000000,1e-06,0.002,0.9,4.614998173066265e-05,
1D-gaussian-4c-512p,512,512,0.0996615549667281,1000000,5.762599585283185e-05,,seconds,68.62426948547363,68.48004038631916,megabytes,578.0,578.0,87.0,85.92508143322476,0.283795456,0.283795456,0.8328125,0.7795933428338759,success,sgd,0.001,1000000,1e-06,0.002,0.9,5.762599585283185e-05,
1D-gaussian-4c-512p,512,512,0.1286666971408247,1000000,6.108552470008896e-05,,seconds,68.51625180244446,68.35820102505386,megabytes,578.0,578.0,87.0,86.26948051948052,0.283631616,0.283631616,0.8171875,0.7770596590909089,success,sgd,0.001,1000000,1e-06,0.002,0.9,6.108552470008896e-05,
1D-gaussian-4c-512p,512,512,0.0334303778170089,1000000,4.93412440112212e-05,,seconds,68.45008635520935,68.29537299461663,megabytes,578.0,578.0,87.0,86.08333333333333,0.284192768,0.284192768,0.82265625,0.7779321915064106,success,sgd,0.001,1000000,1e-06,0.002,0.9,4.93412440112212e-05,
1D-gaussian-4c-512p,512,512,0.0763298333100716,1000000,5.501661052458079e-05,,seconds,68.27624344825745,68.20377607084811,megabytes,578.0,578.0,87.0,86.3154574132492,0.284123136,0.284123136,0.82265625,0.7793843651419557,success,sgd,0.001,1000000,1e-06,0.002,0.9,5.501661052458079e-05,
1D-gaussian-4c-512p,512,512,0.0814085037708323,1000000,5.059538453722625e-05,,seconds,68.1276843547821,68.07808125577867,megabytes,578.0,578.0,87.0,86.259375,0.284332032,0.284332032,0.82421875,0.7797827148437498,success,sgd,0.001,1000000,1e-06,0.002,0.9,5.059538453722625e-05,
1D-gaussian-4c-512p,512,512,0.0611099076176321,1000000,5.941126508216961e-05,,seconds,68.3378677368164,68.32517582923174,megabytes,578.0,578.0,87.0,86.10543130990415,0.284291072,0.284291072,0.8234375,0.7780725838658147,success,sgd,0.001,1000000,1e-06,0.002,0.9,5.941126508216961e-05,
1D-gaussian-4c-512p,512,512,0.323291674707943,1000000,8.92686683545893e-05,,seconds,68.48781681060791,68.44646270386875,megabytes,578.0,578.0,87.0,85.99672131147541,0.283992064,0.283992064,0.8234375,0.7787576844262296,success,sgd,0.001,1000000,1e-06,0.002,0.9,8.92686683545893e-05,
1D-gaussian-4c-512p,512,512,0.0523658549657629,1000000,5.880593609122324e-05,,seconds,68.41930675506592,68.36495551280677,megabytes,578.0,578.0,87.0,86.10561056105611,0.28381184,0.28381184,0.8328125,0.7793755156765679,success,sgd,0.001,1000000,1e-06,0.002,0.9,5.880593609122324e-05,
1D-gaussian-4c-512p,512,512,0.192116797127204,1000000,7.972650474594985e-05,,seconds,68.10331177711487,67.9631839953363,megabytes,578.0,578.0,87.0,86.43768996960486,0.284786688,0.284786688,0.82578125,0.7771775265957445,success,sgd,0.001,1000000,1e-06,0.002,0.9,7.972650474594985e-05,
1D-gaussian-4c-1024p,1024,1024,0.0949102259267793,1000000,0.0001719534655376,,seconds,91.3832025527954,91.20335434377192,megabytes,604.0,604.0,91.0,89.37914691943128,0.2865152,0.2865152,0.8265625,0.7794505331753556,success,sgd,0.001,1000000,1e-06,0.002,0.9,0.0001719534655376,
1D-gaussian-4c-1024p,1024,1024,0.0132791633749613,1000000,0.000116505760739,,seconds,91.7404580116272,91.63828737474978,megabytes,604.0,604.0,91.0,88.77209302325582,0.28659712,0.28659712,0.82734375,0.778844476744186,success,sgd,0.001,1000000,1e-06,0.002,0.9,0.000116505760739,
1D-gaussian-4c-1024p,1024,1024,0.1070326128576699,1000000,0.000139036965958,,seconds,90.84723496437071,90.8049438316375,megabytes,604.0,604.0,91.0,89.51886792452831,0.286621696,0.286621696,0.8234375,0.7789670548349049,success,sgd,0.001,1000000,1e-06,0.002,0.9,0.000139036965958,
1D-gaussian-4c-1024p,1024,1024,0.0147832196866352,1000000,0.0001584981989783,,seconds,91.14663100242616,91.0233829598874,megabytes,604.0,604.0,92.0,89.58313253012048,0.286560256,0.286560256,0.83359375,0.7787123493975906,success,sgd,0.001,1000000,1e-06,0.002,0.9,0.0001584981989783,
1D-gaussian-4c-1024p,1024,1024,0.2023905837511365,1000000,0.0001677855837304,,seconds,90.94828462600708,90.92801070958376,megabytes,604.0,604.0,91.0,89.51581508515815,0.2863104,0.2863104,0.84140625,0.7786667427007302,success,sgd,0.001,1000000,1e-06,0.002,0.9,0.0001677855837304,
1D-gaussian-4c-1024p,1024,1024,0.0367029709100394,1000000,0.0001472014466683,,seconds,91.2277374267578,91.1635965500027,megabytes,604.0,604.0,92.0,89.68096514745308,0.287350784,0.287350784,0.8203125,0.7786674765415549,success,sgd,0.001,1000000,1e-06,0.002,0.9,0.0001472014466683,
1D-gaussian-4c-1024p,1024,1024,0.0573977042542527,1000000,0.0001118487282729,,seconds,91.0682315826416,90.9642525538802,megabytes,604.0,604.0,92.0,89.46113989637306,0.285937664,0.285937664,0.82265625,0.7796551165803107,success,sgd,0.001,1000000,1e-06,0.002,0.9,0.0001118487282729,
1D-gaussian-4c-1024p,1024,1024,0.0458295392404072,1000000,0.0001249001916513,,seconds,91.18389081954956,91.0072868950665,megabytes,604.0,604.0,91.0,89.91219512195121,0.288137216,0.288137216,0.82734375,0.7790262957317076,success,sgd,0.001,1000000,1e-06,0.002,0.9,0.0001249001916513,
1D-gaussian-4c-1024p,1024,1024,0.0127574472576871,1000000,0.000150280959098,,seconds,90.66660046577454,90.52508631907403,megabytes,604.0,604.0,91.0,89.91970802919708,0.285949952,0.285949952,0.82734375,0.7781345042579078,success,sgd,0.001,1000000,1e-06,0.002,0.9,0.000150280959098,
1D-gaussian-4c-1024p,1024,1024,0.068635909606744,1000000,0.0001423015345011,,seconds,91.30838251113892,91.11371169053018,megabytes,604.0,604.0,92.0,89.5995260663507,0.28780544,0.28780544,0.82578125,0.7786877962085305,success,sgd,0.001,1000000,1e-06,0.002,0.9,0.0001423015345011,
1D-gaussian-4c-1024p,1024,1024,0.3916833171405046,1000000,0.0001920264947509,,seconds,90.89352440834044,90.7829912584275,megabytes,604.0,604.0,93.0,89.66747572815534,0.286306304,0.286306304,0.82109375,0.7781268962378641,success,sgd,0.001,1000000,1e-06,0.002,0.9,0.0001920264947509,
1D-gaussian-4c-1024p,1024,1024,0.1147706307786496,1000000,0.0001854652411637,,seconds,91.25704836845398,91.17379533313216,megabytes,604.0,604.0,92.0,89.71764705882353,0.288305152,0.288305152,0.821875,0.7794613970588242,success,sgd,0.001,1000000,1e-06,0.002,0.9,0.0001854652411637,
1D-gaussian-4c-1024p,1024,1024,0.199249785309731,1000000,0.00018640849688,,seconds,90.4427969455719,90.37234538979828,megabytes,604.0,604.0,93.0,89.487922705314,0.286416896,0.286416896,0.82109375,0.778406174516908,success,sgd,0.001,1000000,1e-06,0.002,0.9,0.00018640849688,
1D-gaussian-4c-1024p,1024,1024,0.0707043398832033,1000000,0.0001580187459965,,seconds,91.51859831809998,91.46451188996434,megabytes,604.0,604.0,93.0,89.31786542923435,0.288063488,0.288063488,0.8203125,0.7797074390951282,success,sgd,0.001,1000000,1e-06,0.002,0.9,0.0001580187459965,
1D-gaussian-4c-1024p,1024,1024,0.0099924608210364,1000000,0.0001111395191697,,seconds,90.23778557777403,90.03943621367216,megabytes,604.0,604.0,91.0,89.68599033816425,0.286158848,0.286158848,0.81953125,0.7767342240338164,success,sgd,0.001,1000000,1e-06,0.002,0.9,0.0001111395191697,
1D-gaussian-4c-1024p,1024,1024,0.0377027147773026,1000000,0.0001348510781836,,seconds,89.99232268333435,89.80778348073363,megabytes,604.0,604.0,93.0,91.58333333333331,0.287997952,0.287997952,0.8265625,0.7779469209558824,success,sgd,0.001,1000000,1e-06,0.002,0.9,0.0001348510781836,
1D-gaussian-4c-1024p,1024,1024,0.1030048741567706,1000000,0.0001913720631417,,seconds,88.33371686935425,88.19646635465324,megabytes,604.0,604.0,93.0,91.50617283950618,0.286478336,0.286478336,0.8234375,0.779608410493827,success,sgd,0.001,1000000,1e-06,0.002,0.9,0.0001913720631417,
1D-gaussian-4c-1024p,1024,1024,0.0172917624082934,1000000,0.0001090973029069,,seconds,91.27811598777772,91.2153627164662,megabytes,604.0,604.0,92.0,89.67772511848341,0.28850176,0.28850176,0.84921875,0.7797356338862554,success,sgd,0.001,1000000,1e-06,0.002,0.9,0.0001090973029069,
1D-gaussian-4c-1024p,1024,1024,0.0920426537067576,1000000,0.000146413430529,,seconds,89.15949249267578,88.98027860559523,megabytes,604.0,604.0,92.0,90.45901639344262,0.286531584,0.286531584,0.82578125,0.7783939549180325,success,sgd,0.001,1000000,1e-06,0.002,0.9,0.000146413430529,
1D-gaussian-4c-1024p,1024,1024,0.0112829053669876,1000000,9.698785012953308e-05,,seconds,91.35567688941956,91.21105868183076,megabytes,604.0,604.0,91.0,89.52380952380952,0.288546816,0.288546816,0.821875,0.7792299107142857,success,sgd,0.001,1000000,1e-06,0.002,0.9,9.698785012953308e-05,
1D-gaussian-4c-1024p,1024,1024,0.1646182806351849,1000000,0.0001744771919634,,seconds,90.32517743110655,90.19253810495138,megabytes,604.0,604.0,92.0,89.82168674698795,0.286838784,0.286838784,0.8265625,0.7765173192771087,success,sgd,0.001,1000000,1e-06,0.002,0.9,0.0001744771919634,
1D-gaussian-4c-1024p,1024,1024,0.0394028841148782,1000000,0.0001138902824624,,seconds,91.49381518363953,91.3626257814467,megabytes,604.0,604.0,91.0,89.48717948717949,0.287911936,0.287911936,0.82109375,0.7796456148018638,success,sgd,0.001,1000000,1e-06,0.002,0.9,0.0001138902824624,
1D-gaussian-4c-1024p,1024,1024,0.0996318191203334,1000000,0.0001138221452876,,seconds,89.88180780410767,89.77664226666093,megabytes,604.0,604.0,93.0,89.91325301204819,0.2866176,0.2866176,0.8171875,0.7773399849397592,success,sgd,0.001,1000000,1e-06,0.002,0.9,0.0001138221452876,
1D-gaussian-4c-1024p,1024,1024,0.1286769756605937,1000000,0.0001613067618177,,seconds,91.17534136772156,91.00861716456711,megabytes,604.0,604.0,92.0,89.80535279805353,0.286806016,0.286806016,0.815625,0.7778132603406327,success,sgd,0.001,1000000,1e-06,0.002,0.9,0.0001613067618177,
1D-gaussian-4c-1024p,1024,1024,0.0334710840343735,1000000,0.0001476169378608,,seconds,90.00647020339966,89.99226232431829,megabytes,604.0,604.0,91.0,89.56190476190476,0.286765056,0.286765056,0.821875,0.7800334821428575,success,sgd,0.001,1000000,1e-06,0.002,0.9,0.0001476169378608,
1D-gaussian-4c-1024p,1024,1024,0.0763387756414298,1000000,0.0001517764100809,,seconds,91.62617826461792,91.48023004457356,megabytes,604.0,604.0,91.0,89.28798185941044,0.287195136,0.287195136,0.81796875,0.7760398951247163,success,sgd,0.001,1000000,1e-06,0.002,0.9,0.0001517764100809,
1D-gaussian-4c-1024p,1024,1024,0.0814180528894557,1000000,0.0001245355785632,,seconds,88.22989988327026,88.0782030057162,megabytes,604.0,604.0,92.0,91.45121951219512,0.286531584,0.286531584,0.82109375,0.7795674542682933,success,sgd,0.001,1000000,1e-06,0.002,0.9,0.0001245355785632,
1D-gaussian-4c-1024p,1024,1024,0.0609242868218712,1000000,0.0001268443942988,,seconds,91.44162249565125,91.26195508241652,megabytes,604.0,604.0,92.0,89.22273781902553,0.287051776,0.287051776,0.82265625,0.7778367894431553,success,sgd,0.001,1000000,1e-06,0.002,0.9,0.0001268443942988,
1D-gaussian-4c-1024p,1024,1024,0.322794376009836,1000000,0.0001873940396115,,seconds,88.59605240821838,88.58018767088652,megabytes,604.0,604.0,93.0,91.23891625615764,0.286724096,0.286724096,0.82109375,0.7796644088669952,success,sgd,0.001,1000000,1e-06,0.002,0.9,0.0001873940396115,
1D-gaussian-4c-1024p,1024,1024,0.052251763546312,1000000,0.0001299439778763,,seconds,90.93291664123537,90.7553363479674,megabytes,604.0,604.0,92.0,90.03448275862068,0.286683136,0.286683136,0.81328125,0.7780999846059108,success,sgd,0.001,1000000,1e-06,0.002,0.9,0.0001299439778763,
1D-gaussian-4c-1024p,1024,1024,0.1918741083272362,1000000,0.0001713649081396,,seconds,88.21257734298706,88.05541722849011,megabytes,604.0,604.0,93.0,91.665,0.28657664,0.28657664,0.815625,0.77802734375,success,sgd,0.001,1000000,1e-06,0.002,0.9,0.0001713649081396,
1D-gaussian-4c-2048p,2048,2048,0.0946654407918333,1000000,0.0005233591826051,,seconds,189.20490670204163,189.1016420852393,megabytes,700.0,700.0,96.0,95.80755608028336,0.287838208,0.287838208,0.83203125,0.7793858840023616,success,sgd,0.001,1000000,1e-06,0.002,0.9,0.0005233591826051,
1D-gaussian-4c-2048p,2048,2048,0.0132382483518271,1000000,0.0003749641570107,,seconds,189.28044867515564,189.13487056829035,megabytes,700.0,700.0,96.0,95.90647482014388,0.287821824,0.287821824,0.82109375,0.7789811900479626,success,sgd,0.001,1000000,1e-06,0.002,0.9,0.0003749641570107,
1D-gaussian-4c-2048p,2048,2048,0.1063932989692569,1000000,0.0003936407666607,,seconds,188.7191038131714,188.6262082438916,megabytes,700.0,700.0,96.0,95.34610917537746,0.287821824,0.287821824,0.821875,0.7791702961672473,success,sgd,0.001,1000000,1e-06,0.002,0.9,0.0003936407666607,
1D-gaussian-4c-2048p,2048,2048,0.014479275542914,1000000,0.0004784436854858,,seconds,189.1049337387085,188.9256649333984,megabytes,700.0,700.0,96.0,95.55072463768116,0.2879488,0.2879488,0.82421875,0.7780910326086967,success,sgd,0.001,1000000,1e-06,0.002,0.9,0.0004784436854858,
1D-gaussian-4c-2048p,2048,2048,0.202012538693232,1000000,0.0004540907864377,,seconds,188.12871193885803,188.02619834057987,megabytes,700.0,700.0,96.0,95.76241134751773,0.287883264,0.287883264,0.8359375,0.7782819887706857,success,sgd,0.001,1000000,1e-06,0.002,0.9,0.0004540907864377,
1D-gaussian-4c-2048p,2048,2048,0.0368232409722988,1000000,0.0004694005256039,,seconds,189.72438859939572,189.7112140804529,megabytes,700.0,700.0,96.0,95.494019138756,0.287920128,0.287920128,0.81875,0.7802295155502391,success,sgd,0.001,1000000,1e-06,0.002,0.9,0.0004694005256039,
1D-gaussian-4c-2048p,2048,2048,0.0571803367061871,1000000,0.0003077247479065,,seconds,188.3386013507843,188.33929214254024,megabytes,700.0,700.0,96.0,95.70560190703218,0.287940608,0.287940608,0.82109375,0.7792042237783079,success,sgd,0.001,1000000,1e-06,0.002,0.9,0.0003077247479065,
1D-gaussian-4c-2048p,2048,2048,0.0453751360507861,1000000,0.0004772175501077,,seconds,189.10444355010983,189.09106856398284,megabytes,700.0,700.0,96.0,95.6379928315412,0.287993856,0.287993856,0.8375,0.78020273297491,success,sgd,0.001,1000000,1e-06,0.002,0.9,0.0004772175501077,
1D-gaussian-4c-2048p,2048,2048,0.0128554265312165,1000000,0.0004759288352095,,seconds,189.0561385154724,188.85465917550027,megabytes,700.0,700.0,96.0,95.25983313468414,0.287997952,0.287997952,0.82109375,0.7785877905244339,success,sgd,0.001,1000000,1e-06,0.002,0.9,0.0004759288352095,
1D-gaussian-4c-2048p,2048,2048,0.0681983385960408,1000000,0.0005137521789194,,seconds,189.32949376106265,189.16719301231203,megabytes,700.0,700.0,96.0,95.53427895981088,0.288026624,0.288026624,0.81875,0.7785682624113465,success,sgd,0.001,1000000,1e-06,0.002,0.9,0.0005137521789194,
1D-gaussian-4c-2048p,2048,2048,0.3904322097524064,1000000,0.0004406281393406,,seconds,188.60987305641171,188.44521478563547,megabytes,700.0,700.0,96.0,95.58879618593564,0.2880512,0.2880512,0.8453125,0.7793513483313473,success,sgd,0.001,1000000,1e-06,0.002,0.9,0.0004406281393406,
1D-gaussian-4c-2048p,2048,2048,0.1138030508634328,1000000,0.0004902369353247,,seconds,189.49527597427368,189.4221970643848,megabytes,700.0,700.0,96.0,95.33977272727272,0.28813312,0.28813312,0.83125,0.7794193892045452,success,sgd,0.001,1000000,1e-06,0.002,0.9,0.0004902369353247,
1D-gaussian-4c-2048p,2048,2048,0.1978355109395376,1000000,0.0005084267424182,,seconds,189.4546811580658,189.42532152682543,megabytes,700.0,700.0,96.0,95.1405529953917,0.288124928,0.288124928,0.82109375,0.7799944196428562,success,sgd,0.001,1000000,1e-06,0.002,0.9,0.0005084267424182,
1D-gaussian-4c-2048p,2048,2048,0.0708729555142671,1000000,0.0004678214521258,,seconds,188.66767573356628,188.5088467318565,megabytes,700.0,700.0,96.0,95.80429594272076,0.28811264,0.28811264,0.83984375,0.7787720017899759,success,sgd,0.001,1000000,1e-06,0.002,0.9,0.0004678214521258,
1D-gaussian-4c-2048p,2048,2048,0.0099951151840018,1000000,0.0003459380976065,,seconds,189.31263995170596,189.24656621739268,megabytes,700.0,700.0,96.0,95.23140495867769,0.288124928,0.288124928,0.8296875,0.7795611348878396,success,sgd,0.001,1000000,1e-06,0.002,0.9,0.0003459380976065,
1D-gaussian-4c-2048p,2048,2048,0.0379280217647872,1000000,0.0004294741484455,,seconds,189.7787516117096,189.69319515675303,megabytes,700.0,700.0,96.0,95.30486358244366,0.288165888,0.288165888,0.8375,0.7789043965005931,success,sgd,0.001,1000000,1e-06,0.002,0.9,0.0004294741484455,
1D-gaussian-4c-2048p,2048,2048,0.101821330665277,1000000,0.0005175535320627,,seconds,188.8616006374359,188.8377356510609,megabytes,700.0,700.0,96.0,95.3671497584541,0.289869824,0.289869824,0.8390625,0.7782042572463765,success,sgd,0.001,1000000,1e-06,0.002,0.9,0.0005175535320627,
1D-gaussian-4c-2048p,2048,2048,0.0171954386063066,1000000,0.0003365514433658,,seconds,189.8466322422028,189.77766777575016,megabytes,700.0,700.0,96.0,95.1056338028169,0.292622336,0.292622336,0.82890625,0.7805797021713621,success,sgd,0.001,1000000,1e-06,0.002,0.9,0.0003365514433658,
1D-gaussian-4c-2048p,2048,2048,0.0912919054373235,1000000,0.0004933083060918,,seconds,189.63719248771667,189.4944613650441,megabytes,700.0,700.0,96.0,95.29425837320574,0.293330944,0.293330944,0.84609375,0.778950171949761,success,sgd,0.001,1000000,1e-06,0.002,0.9,0.0004933083060918,
1D-gaussian-4c-2048p,2048,2048,0.0112368986409438,1000000,0.0003025571259109,,seconds,189.64344954490664,189.4872753228992,megabytes,700.0,700.0,96.0,95.45454545454544,0.293400576,0.293400576,0.83125,0.7778020833333338,success,sgd,0.001,1000000,1e-06,0.002,0.9,0.0003025571259109,
1D-gaussian-4c-2048p,2048,2048,0.1644202768815423,1000000,0.0004613671319158,,seconds,189.0487577915192,188.9933873489499,megabytes,700.0,700.0,96.0,95.31287605294824,0.292610048,0.292610048,0.81796875,0.7794693892900125,success,sgd,0.001,1000000,1e-06,0.002,0.9,0.0004613671319158,
1D-gaussian-4c-2048p,2048,2048,0.0397037740871541,1000000,0.0004234083689393,,seconds,189.90694522857663,189.7076174132526,megabytes,700.0,700.0,96.0,95.16998827667058,0.294232064,0.294232064,0.85,0.778715745896836,success,sgd,0.001,1000000,1e-06,0.002,0.9,0.0004234083689393,
1D-gaussian-4c-2048p,2048,2048,0.0996980576905233,1000000,0.0003594459515114,,seconds,189.7130389213562,189.59097988717255,megabytes,700.0,700.0,96.0,95.19447640966628,0.292696064,0.292696064,0.8359375,0.7780117232451087,success,sgd,0.001,1000000,1e-06,0.002,0.9,0.0003594459515114,
1D-gaussian-4c-2048p,2048,2048,0.128667093823815,1000000,0.0004971635077448,,seconds,189.03458261489868,188.98439165391028,megabytes,700.0,700.0,96.0,95.63075060532688,0.293449728,0.293449728,0.8265625,0.7799192266949168,success,sgd,0.001,1000000,1e-06,0.002,0.9,0.0004971635077448,
1D-gaussian-4c-2048p,2048,2048,0.0336950148437194,1000000,0.0004616199901786,,seconds,189.19066429138184,189.13246650621292,megabytes,700.0,700.0,96.0,95.27118644067797,0.29005824,0.29005824,0.82578125,0.778246065375301,success,sgd,0.001,1000000,1e-06,0.002,0.9,0.0004616199901786,
1D-gaussian-4c-2048p,2048,2048,0.076409370216862,1000000,0.0004636173794496,,seconds,188.9364423751831,188.94162532687187,megabytes,700.0,700.0,96.0,95.7722891566265,0.293515264,0.293515264,0.8265625,0.7795096009036149,success,sgd,0.001,1000000,1e-06,0.002,0.9,0.0004636173794496,
1D-gaussian-4c-2048p,2048,2048,0.0815392847092081,1000000,0.0003835968941492,,seconds,189.5788595676422,189.39360078796744,megabytes,700.0,700.0,96.0,95.19408284023667,0.293552128,0.293552128,0.81875,0.7793038091715971,success,sgd,0.001,1000000,1e-06,0.002,0.9,0.0003835968941492,
1D-gaussian-4c-2048p,2048,2048,0.0607637804099786,1000000,0.0004499801929811,,seconds,190.151305437088,189.9916810002178,megabytes,700.0,700.0,96.0,95.2599531615925,0.29014016,0.29014016,0.846875,0.7782201405152226,success,sgd,0.001,1000000,1e-06,0.002,0.9,0.0004499801929811,
1D-gaussian-4c-2048p,2048,2048,0.3221755140479454,1000000,0.0004912007971756,,seconds,188.9919180870056,188.84464890696108,megabytes,700.0,700.0,96.0,95.46191051995164,0.290131968,0.290131968,0.8171875,0.7782015190447403,success,sgd,0.001,1000000,1e-06,0.002,0.9,0.0004912007971756,
1D-gaussian-4c-2048p,2048,2048,0.051906992356541,1000000,0.0003364038402676,,seconds,189.1639642715454,189.1661058384925,megabytes,700.0,700.0,96.0,95.39716312056736,0.290193408,0.290193408,0.83359375,0.7792645537825056,success,sgd,0.001,1000000,1e-06,0.002,0.9,0.0003364038402676,
1D-gaussian-4c-2048p,2048,2048,0.1910199214981038,1000000,0.0004205166867335,,seconds,189.0242931842804,188.9247393850237,megabytes,700.0,700.0,96.0,95.2129963898917,0.290168832,0.290168832,0.8359375,0.7790905159446454,success,sgd,0.001,1000000,1e-06,0.002,0.9,0.0004205166867335,
1D-gaussian-6c-32p,32,32,0.0601491532245652,1000000,6.375454089032965e-06,,seconds,41.40614366531372,41.25513704493642,megabytes,570.0,570.0,82.0,76.62162162162163,0.279678976,0.279678976,0.8234375,0.7748733108108107,success,sgd,0.001,1000000,1e-06,0.002,0.9,6.375454089032965e-06,
1D-gaussian-6c-32p,32,32,0.0069946547142085,1000000,2.422926899917073e-06,,seconds,41.51168394088745,41.43853886052966,megabytes,570.0,570.0,80.0,76.79255319148936,0.279621632,0.279621632,0.8328125,0.7715176196808512,success,sgd,0.001,1000000,1e-06,0.002,0.9,2.422926899917073e-06,
1D-gaussian-6c-32p,32,32,0.0576758199583343,1000000,6.4805461150375165e-06,,seconds,41.40468907356262,41.3333236053586,megabytes,570.0,570.0,80.0,76.77837837837838,0.279433216,0.279433216,0.82265625,0.775574324324325,success,sgd,0.001,1000000,1e-06,0.002,0.9,6.4805461150375165e-06,
1D-gaussian-6c-32p,32,32,0.049254423869355,1000000,9.188602800687756e-06,,seconds,41.905463218688965,41.7761440500617,megabytes,570.0,570.0,79.0,75.57435897435897,0.2797568,0.2797568,0.8171875,0.7780488782051278,success,sgd,0.001,1000000,1e-06,0.002,0.9,9.188602800687756e-06,
1D-gaussian-6c-32p,32,32,0.0288237629945811,1000000,4.503074170246729e-06,,seconds,41.19018054008484,41.09772962331772,megabytes,570.0,570.0,85.0,77.00546448087432,0.279363584,0.279363584,0.8171875,0.7766009221311476,success,sgd,0.001,1000000,1e-06,0.002,0.9,4.503074170246729e-06,
1D-gaussian-6c-32p,32,32,0.0399433745161559,1000000,1.3870426140047953e-05,,seconds,41.26707315444946,41.25080765597522,megabytes,570.0,570.0,81.0,76.19786096256685,0.279334912,0.279334912,0.81875,0.7800259024064169,success,sgd,0.001,1000000,1e-06,0.002,0.9,1.3870426140047953e-05,
1D-gaussian-6c-32p,32,32,0.0224482215853168,1000000,5.49331087379021e-06,,seconds,41.80514597892761,41.68901650235057,megabytes,570.0,570.0,79.0,76.51030927835052,0.279740416,0.279740416,0.83125,0.7766108247422683,success,sgd,0.001,1000000,1e-06,0.002,0.9,5.49331087379021e-06,
1D-gaussian-6c-32p,32,32,0.0271210578399573,1000000,3.4281887618718026e-06,,seconds,41.93379497528076,41.8145814742893,megabytes,570.0,570.0,82.0,75.53571428571429,0.279764992,0.279764992,0.82109375,0.7758729272959181,success,sgd,0.001,1000000,1e-06,0.002,0.9,3.4281887618718026e-06,
1D-gaussian-6c-32p,32,32,0.0140617396385757,881450,9.999970543909066e-07,,seconds,36.7571976184845,36.69855266809464,megabytes,570.0,570.0,83.0,75.73684210526316,0.278781952,0.278781952,0.83046875,0.7784996345029236,success,sgd,0.001,1000000,1e-06,0.002,0.9,9.999970543909066e-07,
1D-gaussian-6c-32p,32,32,0.0175441107853872,1000000,2.172104379622234e-06,,seconds,42.477972984313965,42.45589009672403,megabytes,570.0,570.0,81.0,74.4375,0.280170496,0.280170496,0.82578125,0.7793156550480771,success,sgd,0.001,1000000,1e-06,0.002,0.9,2.172104379622234e-06,
1D-gaussian-6c-32p,32,32,0.0131243794401413,1000000,3.941957092522085e-06,,seconds,41.63444542884827,41.578876277431846,megabytes,570.0,570.0,83.0,75.62303664921465,0.279580672,0.279580672,0.82578125,0.7765829515706804,success,sgd,0.001,1000000,1e-06,0.002,0.9,3.941957092522085e-06,
1D-gaussian-6c-32p,32,32,0.0163720886855258,1000000,5.238933276909534e-06,,seconds,41.46435928344727,41.42031619511545,megabytes,570.0,570.0,80.0,76.71957671957672,0.279621632,0.279621632,0.81171875,0.7770461309523806,success,sgd,0.001,1000000,1e-06,0.002,0.9,5.238933276909534e-06,
1D-gaussian-6c-32p,32,32,0.0084472477843202,645005,9.999996221789851e-07,,seconds,27.025119066238403,26.886666988953948,megabytes,570.0,570.0,79.0,75.736,0.276594688,0.276594688,0.81953125,0.7748875,success,sgd,0.001,1000000,1e-06,0.002,0.9,9.999996221789851e-07,
1D-gaussian-6c-32p,32,32,0.0458802813476981,1000000,1.4296429100304138e-06,,seconds,41.428234338760376,41.40491974540055,megabytes,570.0,570.0,80.0,76.41798941798942,0.279547904,0.279547904,0.825,0.7782738095238094,success,sgd,0.001,1000000,1e-06,0.002,0.9,1.4296429100304138e-06,
1D-gaussian-6c-32p,32,32,0.0114591158702438,1000000,5.149690221788963e-06,,seconds,41.83482027053833,41.71816636435688,megabytes,570.0,570.0,83.0,75.94329896907216,0.279580672,0.279580672,0.81953125,0.7769853414948454,success,sgd,0.001,1000000,1e-06,0.002,0.9,5.149690221788963e-06,
1D-gaussian-6c-32p,32,32,0.0149056920257359,1000000,3.1441756416113074e-06,,seconds,41.77648448944092,41.77239501662552,megabytes,570.0,570.0,81.0,75.58461538461539,0.27987968,0.27987968,0.82109375,0.7809815705128206,success,sgd,0.001,1000000,1e-06,0.002,0.9,3.1441756416113074e-06,
1D-gaussian-6c-32p,32,32,0.0350068749574972,965187,9.999990785034486e-07,,seconds,40.331627368927,40.2409797962755,megabytes,570.0,570.0,85.0,76.22459893048128,0.279584768,0.279584768,0.81796875,0.7790691844919784,success,sgd,0.001,1000000,1e-06,0.002,0.9,9.999990785034486e-07,
1D-gaussian-6c-32p,32,32,0.0479719516810651,1000000,1.5661712624578225e-05,,seconds,42.22670388221741,42.04164289869368,megabytes,570.0,570.0,79.0,75.065,0.279969792,0.279969792,0.82265625,0.77525390625,success,sgd,0.001,1000000,1e-06,0.002,0.9,1.5661712624578225e-05,
1D-gaussian-6c-32p,32,32,0.0290399655003633,1000000,6.723462834453494e-06,,seconds,41.52466797828674,41.46102787554264,megabytes,570.0,570.0,79.0,76.2,0.279609344,0.279609344,0.82578125,0.779490131578947,success,sgd,0.001,1000000,1e-06,0.002,0.9,6.723462834453494e-06,
1D-gaussian-6c-32p,32,32,0.0615835409394313,1000000,6.257703044131572e-06,,seconds,41.810322999954224,41.6704126726836,megabytes,570.0,570.0,83.0,75.62886597938144,0.28000256,0.28000256,0.8171875,0.7780686211340204,success,sgd,0.001,1000000,1e-06,0.002,0.9,6.257703044131572e-06,
1D-gaussian-6c-32p,32,32,0.0653760781986241,1000000,2.709516429295588e-06,,seconds,42.00699019432068,41.83198151551187,megabytes,570.0,570.0,84.0,75.43076923076923,0.279830528,0.279830528,0.81640625,0.7759535256410264,success,sgd,0.001,1000000,1e-06,0.002,0.9,2.709516429295588e-06,
1D-gaussian-6c-32p,32,32,0.0167444120606105,1000000,4.418593837121858e-06,,seconds,41.14537382125855,41.0824019331485,megabytes,570.0,570.0,83.0,77.51933701657458,0.279318528,0.279318528,0.8328125,0.7794026243093918,success,sgd,0.001,1000000,1e-06,0.002,0.9,4.418593837121858e-06,
1D-gaussian-6c-32p,32,32,0.133710574567495,1000000,1.4917668661942035e-05,,seconds,41.67133688926697,41.56911199167371,megabytes,570.0,570.0,79.0,75.70833333333333,0.279707648,0.279707648,0.81796875,0.7776123046875,success,sgd,0.001,1000000,1e-06,0.002,0.9,1.4917668661942035e-05,
1D-gaussian-6c-32p,32,32,0.0065251731716444,1000000,3.1978500310239617e-06,,seconds,41.75796175003052,41.66728075966239,megabytes,570.0,570.0,79.0,75.90721649484536,0.28000256,0.28000256,0.8203125,0.7792082796391753,success,sgd,0.001,1000000,1e-06,0.002,0.9,3.1978500310239617e-06,
1D-gaussian-6c-32p,32,32,0.0840115786344004,1000000,1.2618292194263024e-05,,seconds,41.58283472061157,41.491388810798526,megabytes,570.0,570.0,82.0,75.82198952879581,0.279773184,0.279773184,0.83359375,0.7773846531413615,success,sgd,0.001,1000000,1e-06,0.002,0.9,1.2618292194263024e-05,
1D-gaussian-6c-32p,32,32,0.0267685009892947,1000000,2.71495818944223e-06,,seconds,41.44010376930237,41.43075160123408,megabytes,570.0,570.0,79.0,76.63541666666667,0.279937024,0.279937024,0.82109375,0.7782918294270834,success,sgd,0.001,1000000,1e-06,0.002,0.9,2.71495818944223e-06,
1D-gaussian-6c-32p,32,32,0.0252745659341373,1000000,2.4727072158399243e-06,,seconds,41.85488438606262,41.748214174062014,megabytes,570.0,570.0,83.0,75.78061224489795,0.279744512,0.279744512,0.82109375,0.7774912308673471,success,sgd,0.001,1000000,1e-06,0.002,0.9,2.4727072158399243e-06,
1D-gaussian-6c-32p,32,32,0.0328337701960956,1000000,5.863426141976791e-06,,seconds,41.66897320747376,41.51062461361289,megabytes,570.0,570.0,79.0,76.05208333333333,0.28004352,0.28004352,0.81796875,0.7772094726562507,success,sgd,0.001,1000000,1e-06,0.002,0.9,5.863426141976791e-06,
1D-gaussian-6c-32p,32,32,0.0154449379799795,1000000,1.859169062760593e-06,,seconds,41.62774062156677,41.539531575515866,megabytes,570.0,570.0,80.0,76.07731958762886,0.280100864,0.280100864,0.8203125,0.777895457474227,success,sgd,0.001,1000000,1e-06,0.002,0.9,1.859169062760593e-06,
1D-gaussian-6c-32p,32,32,0.1558417936519472,1000000,1.1577754190344883e-05,,seconds,41.94815468788147,41.79800463095307,megabytes,570.0,570.0,81.0,75.8030303030303,0.280109056,0.280109056,0.83203125,0.7748895202020201,success,sgd,0.001,1000000,1e-06,0.002,0.9,1.1577754190344883e-05,
1D-gaussian-6c-32p,32,32,0.0041976060266501,1000000,2.979290521777706e-06,,seconds,41.30194664001465,41.17817987501621,megabytes,570.0,570.0,79.0,77.08510638297872,0.279666688,0.279666688,0.846875,0.775062333776596,success,sgd,0.001,1000000,1e-06,0.002,0.9,2.979290521777706e-06,
1D-gaussian-6c-64p,64,64,0.0598110880087539,1000000,6.690299596169283e-06,,seconds,43.80953025817871,43.80175175331533,megabytes,570.0,570.0,83.0,81.05445544554455,0.280543232,0.280543232,0.81875,0.7808632425742575,success,sgd,0.001,1000000,1e-06,0.002,0.9,6.690299596169283e-06,
1D-gaussian-6c-64p,64,64,0.0069381012661844,1000000,6.8841213753374935e-06,,seconds,43.438353538513184,43.39091232791543,megabytes,570.0,570.0,83.0,81.95238095238095,0.281001984,0.281001984,0.82109375,0.7794717261904762,success,sgd,0.001,1000000,1e-06,0.002,0.9,6.8841213753374935e-06,
1D-gaussian-6c-64p,64,64,0.0571143770227341,1000000,1.029801191225554e-05,,seconds,43.775978088378906,43.74115795083344,megabytes,570.0,570.0,83.0,81.49009900990099,0.280682496,0.280682496,0.821875,0.7805190284653467,success,sgd,0.001,1000000,1e-06,0.002,0.9,1.029801191225554e-05,
1D-gaussian-6c-64p,64,64,0.0487205182860149,1000000,1.0290954899414254e-05,,seconds,43.41142654418945,43.304698161780834,megabytes,570.0,570.0,83.0,82.32863849765258,0.280948736,0.280948736,0.8203125,0.7774794600938966,success,sgd,0.001,1000000,1e-06,0.002,0.9,1.0290954899414254e-05,
1D-gaussian-6c-64p,64,64,0.0286766528190322,1000000,7.294580566304326e-06,,seconds,43.73801302909851,43.71028960309923,megabytes,570.0,570.0,83.0,81.40298507462687,0.28065792,0.28065792,0.82265625,0.7807330534825865,success,sgd,0.001,1000000,1e-06,0.002,0.9,7.294580566304326e-06,
1D-gaussian-6c-64p,64,64,0.0396394954871456,1000000,1.3339369514612356e-05,,seconds,43.94022035598755,43.798041040077806,megabytes,570.0,570.0,83.0,81.38,0.280539136,0.280539136,0.825,0.7751679687499997,success,sgd,0.001,1000000,1e-06,0.002,0.9,1.3339369514612356e-05,
1D-gaussian-6c-64p,64,64,0.0221979919060473,1000000,5.1358483267429e-06,,seconds,43.69529843330383,43.69510620087385,megabytes,570.0,570.0,83.0,81.60396039603961,0.28045312,0.28045312,0.82421875,0.7802482982673267,success,sgd,0.001,1000000,1e-06,0.002,0.9,5.1358483267429e-06,
1D-gaussian-6c-64p,64,64,0.0266810780005811,1000000,4.185662558877244e-06,,seconds,43.84275722503662,43.844508396461606,megabytes,570.0,570.0,83.0,81.28643216080403,0.280559616,0.280559616,0.82109375,0.7797620917085426,success,sgd,0.001,1000000,1e-06,0.002,0.9,4.185662558877244e-06,
1D-gaussian-6c-64p,64,64,0.0136920240376779,1000000,1.4643619984744548e-06,,seconds,44.04464149475098,43.8828154001385,megabytes,570.0,570.0,83.0,81.3989898989899,0.28028928,0.28028928,0.8203125,0.7762941919191922,success,sgd,0.001,1000000,1e-06,0.002,0.9,1.4643619984744548e-06,
1D-gaussian-6c-64p,64,64,0.0175343855719492,1000000,4.73204511734387e-06,,seconds,43.70655632019043,43.65881724096835,megabytes,570.0,570.0,83.0,81.60487804878049,0.280723456,0.280723456,0.8203125,0.7781974085365854,success,sgd,0.001,1000000,1e-06,0.002,0.9,4.73204511734387e-06,
1D-gaussian-6c-64p,64,64,0.01280794758426,1000000,5.09177606234465e-06,,seconds,43.64329695701599,43.5809010323137,megabytes,570.0,570.0,83.0,81.88942307692308,0.28114944,0.28114944,0.81875,0.777204777644231,success,sgd,0.001,1000000,1e-06,0.002,0.9,5.09177606234465e-06,
1D-gaussian-6c-64p,64,64,0.0160510310616532,1000000,4.947862662171297e-06,,seconds,43.97373008728027,43.77900810725987,megabytes,570.0,570.0,83.0,81.4,0.280674304,0.280674304,0.81640625,0.7741210937500003,success,sgd,0.001,1000000,1e-06,0.002,0.9,4.947862662171297e-06,
1D-gaussian-6c-64p,64,64,0.0081088301672839,1000000,1.4916274386571536e-06,,seconds,43.95781660079956,43.75632415525615,megabytes,570.0,570.0,83.0,81.38916256157636,0.280956928,0.280956928,0.8375,0.7766163793103453,success,sgd,0.001,1000000,1e-06,0.002,0.9,1.4916274386571536e-06,
1D-gaussian-6c-64p,64,64,0.0455012723192915,1000000,1.2048341203526044e-05,,seconds,43.65130233764648,43.6525984313339,megabytes,570.0,570.0,83.0,81.53233830845771,0.280715264,0.280715264,0.8234375,0.7794231965174128,success,sgd,0.001,1000000,1e-06,0.002,0.9,1.2048341203526044e-05,
1D-gaussian-6c-64p,64,64,0.0111487066204739,1000000,6.484082858153229e-06,,seconds,43.96888184547424,43.80694653093815,megabytes,570.0,570.0,83.0,81.10552763819095,0.280645632,0.280645632,0.81796875,0.7776342650753767,success,sgd,0.001,1000000,1e-06,0.002,0.9,6.484082858153229e-06,
1D-gaussian-6c-64p,64,64,0.0147342336906617,1000000,5.08620629650962e-06,,seconds,43.74894857406616,43.66075284220278,megabytes,570.0,570.0,83.0,81.78109452736318,0.280879104,0.280879104,0.81796875,0.7776857898009955,success,sgd,0.001,1000000,1e-06,0.002,0.9,5.08620629650962e-06,
1D-gaussian-6c-64p,64,64,0.0346372131927151,1000000,3.779681709051696e-06,,seconds,43.67374086380005,43.55547973327339,megabytes,570.0,570.0,83.0,81.86341463414634,0.28110848,0.28110848,0.8203125,0.7794702743902439,success,sgd,0.001,1000000,1e-06,0.002,0.9,3.779681709051696e-06,
1D-gaussian-6c-64p,64,64,0.0476692418852625,1000000,1.4941952426421928e-05,,seconds,43.61179876327515,43.57851071842015,megabytes,570.0,570.0,83.0,81.83091787439614,0.281198592,0.281198592,0.82421875,0.7790232487922701,success,sgd,0.001,1000000,1e-06,0.002,0.9,1.4941952426421928e-05,
1D-gaussian-6c-64p,64,64,0.0284330133465252,1000000,6.227326510659706e-06,,seconds,43.77012085914612,43.6951461546123,megabytes,570.0,570.0,83.0,81.57425742574257,0.28100608,0.28100608,0.82265625,0.7782178217821786,success,sgd,0.001,1000000,1e-06,0.002,0.9,6.227326510659706e-06,
1D-gaussian-6c-64p,64,64,0.0611745632246742,1000000,7.495361181987011e-06,,seconds,43.84422469139099,43.65483272634447,megabytes,570.0,570.0,83.0,81.61274509803921,0.281542656,0.281542656,0.825,0.7772097120098045,success,sgd,0.001,1000000,1e-06,0.002,0.9,7.495361181987011e-06,
1D-gaussian-6c-64p,64,64,0.064959701557653,1000000,1.466155270871492e-05,,seconds,43.81569528579712,43.65524618886411,megabytes,570.0,570.0,83.0,81.66502463054188,0.28157952,0.28157952,0.84921875,0.773714593596059,success,sgd,0.001,1000000,1e-06,0.002,0.9,1.466155270871492e-05,
1D-gaussian-6c-64p,64,64,0.0167066887102201,1000000,4.3287718868899545e-06,,seconds,43.67358160018921,43.62882107682526,megabytes,570.0,570.0,83.0,81.65196078431373,0.281305088,0.281305088,0.821875,0.778791360294118,success,sgd,0.001,1000000,1e-06,0.002,0.9,4.3287718868899545e-06,
1D-gaussian-6c-64p,64,64,0.1334155610082886,1000000,1.631819642127549e-05,,seconds,43.769859075546265,43.69696843251586,megabytes,570.0,570.0,83.0,81.375,0.281362432,0.281362432,0.8234375,0.7777343750000004,success,sgd,0.001,1000000,1e-06,0.002,0.9,1.631819642127549e-05,
1D-gaussian-6c-64p,64,64,0.0062362646857544,1000000,3.545160123147028e-06,,seconds,43.86921691894531,43.7107055503875,megabytes,570.0,570.0,83.0,81.51256281407035,0.28116992,0.28116992,0.82265625,0.777689227386935,success,sgd,0.001,1000000,1e-06,0.002,0.9,3.545160123147028e-06,
1D-gaussian-6c-64p,64,64,0.0837854541395581,1000000,1.2834277174577896e-05,,seconds,43.889917612075806,43.74721083603799,megabytes,570.0,570.0,83.0,81.655,0.28121088,0.28121088,0.8484375,0.7757968749999996,success,sgd,0.001,1000000,1e-06,0.002,0.9,1.2834277174577896e-05,
1D-gaussian-6c-64p,64,64,0.0264165578817546,1000000,1.0851276517715125e-05,,seconds,43.9532630443573,43.79947665147483,megabytes,570.0,570.0,83.0,81.61,0.281493504,0.281493504,0.82265625,0.7758710937500005,success,sgd,0.001,1000000,1e-06,0.002,0.9,1.0851276517715125e-05,
1D-gaussian-6c-64p,64,64,0.0248996014812134,1000000,4.661116831262811e-06,,seconds,43.88591122627258,43.864878518506885,megabytes,570.0,570.0,83.0,80.89795918367346,0.2811904,0.2811904,0.821875,0.7770208864795918,success,sgd,0.001,1000000,1e-06,0.002,0.9,4.661116831262811e-06,
1D-gaussian-6c-64p,64,64,0.0326471434936336,1000000,6.478143912238191e-06,,seconds,43.7310962677002,43.578914968296885,megabytes,570.0,570.0,83.0,81.58910891089108,0.281419776,0.281419776,0.8203125,0.7764348700495046,success,sgd,0.001,1000000,1e-06,0.002,0.9,6.478143912238191e-06,
1D-gaussian-6c-64p,64,64,0.0152449458092753,1000000,2.1445445414563327e-06,,seconds,43.92596673965454,43.740073680877686,megabytes,570.0,570.0,83.0,81.39,0.281812992,0.281812992,0.83203125,0.7762343750000008,success,sgd,0.001,1000000,1e-06,0.002,0.9,2.1445445414563327e-06,
1D-gaussian-6c-64p,64,64,0.1553016755823744,1000000,2.1202004859961274e-05,,seconds,43.9628963470459,43.82052410021424,megabytes,570.0,570.0,83.0,81.34343434343434,0.281554944,0.281554944,0.81484375,0.7771622474747475,success,sgd,0.001,1000000,1e-06,0.002,0.9,2.1202004859961274e-05,
1D-gaussian-6c-64p,64,64,0.0040172399093736,1000000,4.932267159568791e-06,,seconds,43.64095163345337,43.57803409174085,megabytes,570.0,570.0,83.0,81.82352941176471,0.281464832,0.281464832,0.82421875,0.7781288296568631,success,sgd,0.001,1000000,1e-06,0.002,0.9,4.932267159568791e-06,
1D-gaussian-6c-128p,128,128,0.05978742307114,1000000,1.993847549688181e-05,,seconds,50.098647594451904,50.09980544820428,megabytes,570.0,570.0,88.0,80.23376623376623,0.28274688,0.28274688,0.81796875,0.78065137987013,success,sgd,0.001,1000000,1e-06,0.002,0.9,1.993847549688181e-05,
1D-gaussian-6c-128p,128,128,0.0069350444121653,1000000,1.0433511225882758e-05,,seconds,50.08396935462952,49.98433496430516,megabytes,570.0,570.0,85.0,80.6103896103896,0.282402816,0.282402816,0.82421875,0.7776210768398268,success,sgd,0.001,1000000,1e-06,0.002,0.9,1.0433511225882758e-05,
1D-gaussian-6c-128p,128,128,0.0570316636403573,1000000,1.0101836786307694e-05,,seconds,50.16697764396668,49.96786012127996,megabytes,570.0,570.0,86.0,80.14782608695653,0.282578944,0.282578944,0.82734375,0.7754721467391308,success,sgd,0.001,1000000,1e-06,0.002,0.9,1.0101836786307694e-05,
1D-gaussian-6c-128p,128,128,0.0486389694919078,1000000,1.7822072377238215e-05,,seconds,49.80947756767273,49.649623818695545,megabytes,570.0,570.0,84.0,80.36607142857143,0.282390528,0.282390528,0.81328125,0.7765415736607137,success,sgd,0.001,1000000,1e-06,0.002,0.9,1.7822072377238215e-05,
1D-gaussian-6c-128p,128,128,0.0286647307608106,1000000,1.4382428377082923e-05,,seconds,49.92491912841797,49.711039915680885,megabytes,570.0,570.0,83.0,80.51754385964912,0.282595328,0.282595328,0.81953125,0.7764562774122808,success,sgd,0.001,1000000,1e-06,0.002,0.9,1.4382428377082923e-05,
1D-gaussian-6c-128p,128,128,0.0396210733883019,1000000,1.8488916001963357e-05,,seconds,50.19479441642761,49.94476586766541,megabytes,570.0,570.0,83.0,80.08733624454149,0.282595328,0.282595328,0.81796875,0.7731372816593888,success,sgd,0.001,1000000,1e-06,0.002,0.9,1.8488916001963357e-05,
1D-gaussian-6c-128p,128,128,0.0221903406989047,1000000,1.0607573648842196e-05,,seconds,49.28012990951538,49.26530781574547,megabytes,570.0,570.0,87.0,81.38139534883722,0.281714688,0.281714688,0.83671875,0.7796039244186046,success,sgd,0.001,1000000,1e-06,0.002,0.9,1.0607573648842196e-05,
1D-gaussian-6c-128p,128,128,0.0266845590878169,1000000,8.002698646833898e-06,,seconds,50.30755710601807,50.21631753630936,megabytes,570.0,570.0,83.0,79.78448275862068,0.282783744,0.282783744,0.815625,0.776350350215518,success,sgd,0.001,1000000,1e-06,0.002,0.9,8.002698646833898e-06,
1D-gaussian-6c-128p,128,128,0.0136590918811547,1000000,4.891303182049538e-06,,seconds,50.80002164840698,50.622814413160086,megabytes,570.0,570.0,83.0,79.51028806584362,0.28286976,0.28286976,0.8234375,0.7755915637860072,success,sgd,0.001,1000000,1e-06,0.002,0.9,4.891303182049538e-06,
1D-gaussian-6c-128p,128,128,0.0175282039805525,1000000,1.1069734163553485e-05,,seconds,49.96290135383606,49.86368717998266,megabytes,570.0,570.0,83.0,80.60964912280701,0.282660864,0.282660864,0.82421875,0.7790364583333331,success,sgd,0.001,1000000,1e-06,0.002,0.9,1.1069734163553485e-05,
1D-gaussian-6c-128p,128,128,0.0128024494700021,1000000,1.1285393294944133e-05,,seconds,49.80135202407837,49.79512110166252,megabytes,570.0,570.0,83.0,80.30837004405286,0.282587136,0.282587136,0.8296875,0.780227835903084,success,sgd,0.001,1000000,1e-06,0.002,0.9,1.1285393294944133e-05,
1D-gaussian-6c-128p,128,128,0.016049269203058,1000000,8.533181294522115e-06,,seconds,49.97615194320679,49.905075427144766,megabytes,570.0,570.0,82.0,80.4088888888889,0.282365952,0.282365952,0.828125,0.7769131944444441,success,sgd,0.001,1000000,1e-06,0.002,0.9,8.533181294522115e-06,
1D-gaussian-6c-128p,128,128,0.008104945630565,1000000,4.002747816941595e-06,,seconds,50.08665323257446,49.86390790529549,megabytes,570.0,570.0,86.0,79.99563318777292,0.282701824,0.282701824,0.8296875,0.7754810316593885,success,sgd,0.001,1000000,1e-06,0.002,0.9,4.002747816941595e-06,
1D-gaussian-6c-128p,128,128,0.0454715568504101,1000000,1.0496695797906336e-05,,seconds,50.337613344192505,50.17494783736765,megabytes,570.0,570.0,83.0,80.03829787234042,0.283004928,0.283004928,0.8328125,0.7782945478723409,success,sgd,0.001,1000000,1e-06,0.002,0.9,1.0496695797906336e-05,
1D-gaussian-6c-128p,128,128,0.0111412658278193,1000000,6.917817578843932e-06,,seconds,49.64574885368347,49.53066033497453,megabytes,570.0,570.0,86.0,80.90990990990991,0.282349568,0.282349568,0.815625,0.7781742680180177,success,sgd,0.001,1000000,1e-06,0.002,0.9,6.917817578843932e-06,
1D-gaussian-6c-128p,128,128,0.0147311317056575,1000000,1.1281322676112542e-05,,seconds,49.88741850852966,49.76148774288595,megabytes,570.0,570.0,84.0,80.45814977973568,0.282533888,0.282533888,0.82109375,0.7768137389867842,success,sgd,0.001,1000000,1e-06,0.002,0.9,1.1281322676112542e-05,
1D-gaussian-6c-128p,128,128,0.0346142733884369,1000000,1.3284187914070664e-05,,seconds,50.09853076934815,49.95017781853676,megabytes,570.0,570.0,86.0,80.08658008658008,0.282750976,0.282750976,0.821875,0.7779491341991344,success,sgd,0.001,1000000,1e-06,0.002,0.9,1.3284187914070664e-05,
1D-gaussian-6c-128p,128,128,0.0476429851055183,1000000,2.0677703468889845e-05,,seconds,49.72339868545532,49.68133954145014,megabytes,570.0,570.0,83.0,80.96875,0.282447872,0.282447872,0.81796875,0.7773332868303579,success,sgd,0.001,1000000,1e-06,0.002,0.9,2.0677703468889845e-05,
1D-gaussian-6c-128p,128,128,0.0284172269304686,1000000,1.350065138245946e-05,,seconds,49.95334076881409,49.79536202922464,megabytes,570.0,570.0,83.0,80.66519823788546,0.282546176,0.282546176,0.81875,0.7760083975770924,success,sgd,0.001,1000000,1e-06,0.002,0.9,1.350065138245946e-05,
1D-gaussian-6c-128p,128,128,0.0611738948753719,1000000,7.420506954682908e-06,,seconds,49.84497332572937,49.75098454020917,megabytes,570.0,570.0,83.0,80.83185840707965,0.28246016,0.28246016,0.81640625,0.7774163440265484,success,sgd,0.001,1000000,1e-06,0.002,0.9,7.420506954682908e-06,
1D-gaussian-6c-128p,128,128,0.0649481927660206,1000000,1.5079701499440157e-05,,seconds,49.86763882637024,49.78629956766963,megabytes,570.0,570.0,86.0,80.66519823788546,0.282832896,0.282832896,0.8359375,0.7768997797356824,success,sgd,0.001,1000000,1e-06,0.002,0.9,1.5079701499440157e-05,
1D-gaussian-6c-128p,128,128,0.0167091463601729,1000000,8.071470681134909e-06,,seconds,49.9976282119751,49.94148227199912,megabytes,570.0,570.0,87.0,80.41048034934498,0.282615808,0.282615808,0.8390625,0.7780977074235812,success,sgd,0.001,1000000,1e-06,0.002,0.9,8.071470681134909e-06,
1D-gaussian-6c-128p,128,128,0.1333564202694161,1000000,2.7295733542157296e-05,,seconds,49.53166031837464,49.37694779224694,megabytes,570.0,570.0,87.0,81.25,0.28246016,0.28246016,0.82421875,0.7759403935185188,success,sgd,0.001,1000000,1e-06,0.002,0.9,2.7295733542157296e-05,
1D-gaussian-6c-128p,128,128,0.0062346569084934,1000000,5.916814718487624e-06,,seconds,49.582788705825806,49.38628099672496,megabytes,570.0,570.0,85.0,81.05022831050228,0.282488832,0.282488832,0.8234375,0.7774935787671233,success,sgd,0.001,1000000,1e-06,0.002,0.9,5.916814718487624e-06,
1D-gaussian-6c-128p,128,128,0.0837625105583181,1000000,1.964078355229957e-05,,seconds,50.11053323745728,49.960389614105225,megabytes,570.0,570.0,87.0,80.3056768558952,0.282988544,0.282988544,0.82890625,0.778063591703057,success,sgd,0.001,1000000,1e-06,0.002,0.9,1.964078355229957e-05,
1D-gaussian-6c-128p,128,128,0.0264019217952223,1000000,1.642373501587836e-05,,seconds,50.09355473518372,49.88112249784172,megabytes,570.0,570.0,83.0,80.64473684210526,0.282959872,0.282959872,0.81875,0.7754523026315789,success,sgd,0.001,1000000,1e-06,0.002,0.9,1.642373501587836e-05,
1D-gaussian-6c-128p,128,128,0.0248782803501522,1000000,1.003678852823498e-05,,seconds,50.09778690338135,50.03890931047499,megabytes,570.0,570.0,85.0,80.15948275862068,0.283099136,0.283099136,0.8234375,0.7765490301724142,success,sgd,0.001,1000000,1e-06,0.002,0.9,1.003678852823498e-05,
1D-gaussian-6c-128p,128,128,0.0326320031450205,1000000,1.1452436805062562e-05,,seconds,49.978344678878784,49.91500063613057,megabytes,570.0,570.0,88.0,80.35652173913043,0.283045888,0.283045888,0.821875,0.7805332880434783,success,sgd,0.001,1000000,1e-06,0.002,0.9,1.1452436805062562e-05,
1D-gaussian-6c-128p,128,128,0.0152284843211196,1000000,5.172341606845498e-06,,seconds,50.30772852897644,50.17360304668546,megabytes,570.0,570.0,83.0,80.01282051282051,0.28319744,0.28319744,0.81953125,0.778792735042735,success,sgd,0.001,1000000,1e-06,0.002,0.9,5.172341606845498e-06,
1D-gaussian-6c-128p,128,128,0.1552770342354636,1000000,2.710733752963996e-05,,seconds,49.97237539291382,49.87295521236956,megabytes,570.0,570.0,83.0,80.53097345132744,0.282976256,0.282976256,0.825,0.7781664823008849,success,sgd,0.001,1000000,1e-06,0.002,0.9,2.710733752963996e-05,
1D-gaussian-6c-128p,128,128,0.0040165070952938,1000000,4.56747839099363e-06,,seconds,50.03291869163513,49.87254589237273,megabytes,570.0,570.0,83.0,80.26200873362446,0.283103232,0.283103232,0.81796875,0.7774597434497812,success,sgd,0.001,1000000,1e-06,0.002,0.9,4.56747839099363e-06,
1D-gaussian-6c-256p,256,256,0.0597511500088321,1000000,2.6215169457807066e-05,,seconds,51.96306848526001,51.86061529442668,megabytes,572.0,572.0,86.0,84.87341772151899,0.283594752,0.283594752,0.821875,0.7757186181434594,success,sgd,0.001,1000000,1e-06,0.002,0.9,2.6215169457807066e-05,
1D-gaussian-6c-256p,256,256,0.0069313691888517,1000000,1.4465314579415016e-05,,seconds,51.8382670879364,51.83699421212077,megabytes,572.0,572.0,86.0,84.90041493775934,0.283516928,0.283516928,0.83125,0.7791720695020747,success,sgd,0.001,1000000,1e-06,0.002,0.9,1.4465314579415016e-05,
1D-gaussian-6c-256p,256,256,0.0570158316456052,1000000,2.245656903127651e-05,,seconds,52.16463708877564,51.98490878008306,megabytes,572.0,572.0,86.0,84.47457627118644,0.283389952,0.283389952,0.8203125,0.776019597457627,success,sgd,0.001,1000000,1e-06,0.002,0.9,2.245656903127651e-05,
1D-gaussian-6c-256p,256,256,0.0486190193316949,1000000,2.730107224854712e-05,,seconds,52.256229400634766,52.0850045606494,megabytes,572.0,572.0,86.0,84.34615384615384,0.28319744,0.28319744,0.8234375,0.7774873130341872,success,sgd,0.001,1000000,1e-06,0.002,0.9,2.730107224854712e-05,
1D-gaussian-6c-256p,256,256,0.0286401625861642,1000000,2.4927081202199336e-05,,seconds,52.09058594703674,52.04256686009467,megabytes,572.0,572.0,86.0,84.51063829787235,0.283373568,0.283373568,0.81953125,0.7791888297872337,success,sgd,0.001,1000000,1e-06,0.002,0.9,2.4927081202199336e-05,
1D-gaussian-6c-256p,256,256,0.0395876638107732,1000000,3.069363865823145e-05,,seconds,51.65135717391968,51.58942089602351,megabytes,572.0,572.0,86.0,85.2289156626506,0.283844608,0.283844608,0.821875,0.776829191767068,success,sgd,0.001,1000000,1e-06,0.002,0.9,3.069363865823145e-05,
1D-gaussian-6c-256p,256,256,0.0221805840612715,1000000,1.7181048539287546e-05,,seconds,52.067946434021,51.989536764100194,megabytes,572.0,572.0,86.0,84.7,0.284299264,0.284299264,0.81640625,0.7771093749999997,success,sgd,0.001,1000000,1e-06,0.002,0.9,1.7181048539287546e-05,
1D-gaussian-6c-256p,256,256,0.0266808708060203,1000000,1.846216632132025e-05,,seconds,52.10681080818176,51.96657039411366,megabytes,572.0,572.0,86.0,84.69294605809128,0.284381184,0.284381184,0.8203125,0.7771654564315355,success,sgd,0.001,1000000,1e-06,0.002,0.9,1.846216632132025e-05,
1D-gaussian-6c-256p,256,256,0.0136594814640842,1000000,1.2526643428119383e-05,,seconds,52.02806282043457,51.914193730801344,megabytes,572.0,572.0,86.0,84.75720164609054,0.28368896,0.28368896,0.82265625,0.7792920524691361,success,sgd,0.001,1000000,1e-06,0.002,0.9,1.2526643428119383e-05,
1D-gaussian-6c-256p,256,256,0.0175221228455991,1000000,1.7661801357869252e-05,,seconds,51.81693482398987,51.78831428661943,megabytes,572.0,572.0,86.0,84.98780487804878,0.284082176,0.284082176,0.8359375,0.7796843241869916,success,sgd,0.001,1000000,1e-06,0.002,0.9,1.7661801357869252e-05,
1D-gaussian-6c-256p,256,256,0.0127909640395333,1000000,1.977192775544209e-05,,seconds,51.73321771621704,51.55560619570315,megabytes,572.0,572.0,86.0,85.11904761904762,0.284299264,0.284299264,0.85234375,0.7773189484126982,success,sgd,0.001,1000000,1e-06,0.002,0.9,1.977192775544209e-05,
1D-gaussian-6c-256p,256,256,0.0160449701445999,1000000,1.824556809724744e-05,,seconds,51.84625315666199,51.83982194587588,megabytes,572.0,572.0,86.0,84.88163265306123,0.284340224,0.284340224,0.82421875,0.7797002551020417,success,sgd,0.001,1000000,1e-06,0.002,0.9,1.824556809724744e-05,
1D-gaussian-6c-256p,256,256,0.0081050526252065,1000000,1.2786306663347672e-05,,seconds,52.160557985305786,51.92488905787468,megabytes,572.0,572.0,86.0,84.41078838174273,0.284307456,0.284307456,0.8203125,0.7759498184647309,success,sgd,0.001,1000000,1e-06,0.002,0.9,1.2786306663347672e-05,
1D-gaussian-6c-256p,256,256,0.0454565685590207,1000000,1.8801895547513305e-05,,seconds,52.35031056404114,52.19868736900389,megabytes,572.0,572.0,86.0,83.97008547008546,0.285810688,0.285810688,0.8546875,0.7757612179487177,success,sgd,0.001,1000000,1e-06,0.002,0.9,1.8801895547513305e-05,
1D-gaussian-6c-256p,256,256,0.0111389945664951,1000000,1.9515840121172816e-05,,seconds,52.02837347984314,51.86291256733239,megabytes,572.0,572.0,86.0,84.72540983606558,0.284069888,0.284069888,0.8453125,0.7775614754098367,success,sgd,0.001,1000000,1e-06,0.002,0.9,1.9515840121172816e-05,
1D-gaussian-6c-256p,256,256,0.0147239287200867,1000000,2.3328917653287912e-05,,seconds,52.176114082336426,51.998315408825874,megabytes,572.0,572.0,86.0,84.55042016806723,0.284123136,0.284123136,0.81953125,0.77687762605042,success,sgd,0.001,1000000,1e-06,0.002,0.9,2.3328917653287912e-05,
1D-gaussian-6c-256p,256,256,0.0346022832942939,1000000,2.2945850881029607e-05,,seconds,51.96893882751465,51.8276820089668,megabytes,572.0,572.0,86.0,84.74285714285715,0.28397568,0.28397568,0.821875,0.7749936224489797,success,sgd,0.001,1000000,1e-06,0.002,0.9,2.2945850881029607e-05,
1D-gaussian-6c-256p,256,256,0.04759842759256,1000000,3.459839310436624e-05,,seconds,52.19857382774353,52.04288992099464,megabytes,572.0,572.0,86.0,84.40585774058577,0.284041216,0.284041216,0.81953125,0.778582635983264,success,sgd,0.001,1000000,1e-06,0.002,0.9,3.459839310436624e-05,
1D-gaussian-6c-256p,256,256,0.028403485030138,1000000,2.297129343564504e-05,,seconds,52.24675917625427,52.09827246889472,megabytes,572.0,572.0,86.0,84.35470085470085,0.284663808,0.284663808,0.81875,0.7767995459401708,success,sgd,0.001,1000000,1e-06,0.002,0.9,2.297129343564504e-05,
1D-gaussian-6c-256p,256,256,0.0611690814001521,1000000,1.7497723649687562e-05,,seconds,51.96585536003113,51.92856707423925,megabytes,572.0,572.0,86.0,84.79916317991632,0.284442624,0.284442624,0.81953125,0.7796678870292891,success,sgd,0.001,1000000,1e-06,0.002,0.9,1.7497723649687562e-05,
1D-gaussian-6c-256p,256,256,0.0649240215496565,1000000,2.676113780660316e-05,,seconds,52.07404136657715,51.96378993988037,megabytes,572.0,572.0,86.0,84.74688796680498,0.284291072,0.284291072,0.82578125,0.7788122406639006,success,sgd,0.001,1000000,1e-06,0.002,0.9,2.676113780660316e-05,
1D-gaussian-6c-256p,256,256,0.0167047991568127,1000000,1.6902987573359372e-05,,seconds,51.85960149765015,51.72523410245776,megabytes,572.0,572.0,86.0,84.8991935483871,0.284504064,0.284504064,0.82265625,0.7796370967741937,success,sgd,0.001,1000000,1e-06,0.002,0.9,1.6902987573359372e-05,
1D-gaussian-6c-256p,256,256,0.1332610092004457,1000000,4.465097148200854e-05,,seconds,51.98052978515625,51.97195541486144,megabytes,572.0,572.0,86.0,84.70416666666667,0.28442624,0.28442624,0.81953125,0.7782356770833324,success,sgd,0.001,1000000,1e-06,0.002,0.9,4.465097148200854e-05,
1D-gaussian-6c-256p,256,256,0.0062327389632471,1000000,1.7234516624970063e-05,,seconds,52.02424740791321,51.87415050528944,megabytes,572.0,572.0,86.0,84.81404958677686,0.284504064,0.284504064,0.82578125,0.7761169938016531,success,sgd,0.001,1000000,1e-06,0.002,0.9,1.7234516624970063e-05,
1D-gaussian-6c-256p,256,256,0.0837114796851786,1000000,3.609469631678267e-05,,seconds,52.01879715919495,51.98168773576617,megabytes,572.0,572.0,86.0,84.5672268907563,0.284332032,0.284332032,0.82578125,0.7803177521008409,success,sgd,0.001,1000000,1e-06,0.002,0.9,3.609469631678267e-05,
1D-gaussian-6c-256p,256,256,0.0263849201858006,1000000,2.2998198681905457e-05,,seconds,52.05257821083069,51.91215883009136,megabytes,572.0,572.0,86.0,84.525,0.284135424,0.284135424,0.8203125,0.7781022135416662,success,sgd,0.001,1000000,1e-06,0.002,0.9,2.2998198681905457e-05,
1D-gaussian-6c-256p,256,256,0.0248689731208234,1000000,2.067685421870502e-05,,seconds,51.77140688896179,51.68443660065532,megabytes,572.0,572.0,86.0,85.11244979919678,0.284745728,0.284745728,0.821875,0.7786897590361437,success,sgd,0.001,1000000,1e-06,0.002,0.9,2.067685421870502e-05,
1D-gaussian-6c-256p,256,256,0.0326186377885145,1000000,2.82396806182837e-05,,seconds,51.99787759780884,51.84755943715573,megabytes,572.0,572.0,86.0,84.8724279835391,0.28612608,0.28612608,0.8234375,0.7778774434156375,success,sgd,0.001,1000000,1e-06,0.002,0.9,2.82396806182837e-05,
1D-gaussian-6c-256p,256,256,0.0152267195433926,1000000,1.3249695807430307e-05,,seconds,51.84924101829529,51.7577986177057,megabytes,572.0,572.0,86.0,84.91020408163266,0.284614656,0.284614656,0.821875,0.7767602040816326,success,sgd,0.001,1000000,1e-06,0.002,0.9,1.3249695807430307e-05,
1D-gaussian-6c-256p,256,256,0.1551737502918752,1000000,4.37924180928197e-05,,seconds,52.00645041465759,51.87777424044907,megabytes,572.0,572.0,86.0,84.65271966527196,0.284585984,0.284585984,0.8234375,0.7778308054393313,success,sgd,0.001,1000000,1e-06,0.002,0.9,4.37924180928197e-05,
1D-gaussian-6c-256p,256,256,0.0040144765620044,1000000,1.5080919873306304e-05,,seconds,51.9792537689209,51.81596028059721,megabytes,572.0,572.0,86.0,84.92561983471074,0.284868608,0.284868608,0.82421875,0.7798198605371899,success,sgd,0.001,1000000,1e-06,0.002,0.9,1.5080919873306304e-05,
1D-gaussian-6c-512p,512,512,0.0596746896693867,1000000,5.88139573846182e-05,,seconds,68.31004929542542,68.22626926004887,megabytes,578.0,578.0,87.0,86.32288401253919,0.287940608,0.287940608,0.825,0.7774906935736677,success,sgd,0.001,1000000,1e-06,0.002,0.9,5.88139573846182e-05,
1D-gaussian-6c-512p,512,512,0.006923574863769,1000000,3.7736204426987815e-05,,seconds,68.02455878257751,67.98742920905352,megabytes,578.0,578.0,87.0,86.57055214723927,0.2876416,0.2876416,0.81875,0.7792082055214723,success,sgd,0.001,1000000,1e-06,0.002,0.9,3.7736204426987815e-05,
1D-gaussian-6c-512p,512,512,0.057004378896337,1000000,5.281014130655143e-05,,seconds,68.42990922927856,68.25752165168524,megabytes,578.0,578.0,87.0,86.22929936305732,0.289140736,0.289140736,0.815625,0.7774731289808919,success,sgd,0.001,1000000,1e-06,0.002,0.9,5.281014130655143e-05,
1D-gaussian-6c-512p,512,512,0.0485986832363961,1000000,5.6090311574621294e-05,,seconds,68.12599325180054,68.02277485653758,megabytes,578.0,578.0,87.0,86.44171779141104,0.287686656,0.287686656,0.85703125,0.7795964340490799,success,sgd,0.001,1000000,1e-06,0.002,0.9,5.6090311574621294e-05,
1D-gaussian-6c-512p,512,512,0.0286180616366311,1000000,4.858585297268166e-05,,seconds,68.5953574180603,68.43285077996552,megabytes,578.0,578.0,87.0,86.09324758842443,0.286855168,0.286855168,0.81875,0.776529843247588,success,sgd,0.001,1000000,1e-06,0.002,0.9,4.858585297268166e-05,
1D-gaussian-6c-512p,512,512,0.0395204222029896,1000000,6.164288531597703e-05,,seconds,68.33737564086914,68.19410576857626,megabytes,578.0,578.0,87.0,86.21003134796238,0.288251904,0.288251904,0.81875,0.7780735697492156,success,sgd,0.001,1000000,1e-06,0.002,0.9,6.164288531597703e-05,
1D-gaussian-6c-512p,512,512,0.0221725151341554,1000000,4.269117639831994e-05,,seconds,68.35214424133301,68.30031858943403,megabytes,578.0,578.0,87.0,86.19108280254777,0.286748672,0.286748672,0.821875,0.7790455812101911,success,sgd,0.001,1000000,1e-06,0.002,0.9,4.269117639831994e-05,
1D-gaussian-6c-512p,512,512,0.026669984378845,1000000,3.965315852802754e-05,,seconds,68.33098888397217,68.31127994321287,megabytes,578.0,578.0,87.0,86.13548387096775,0.286941184,0.286941184,0.8234375,0.7807913306451609,success,sgd,0.001,1000000,1e-06,0.002,0.9,3.965315852802754e-05,
1D-gaussian-6c-512p,512,512,0.0136586376932075,1000000,3.639409216564452e-05,,seconds,68.38850808143616,68.34547071158886,megabytes,578.0,578.0,87.0,86.18327974276528,0.286560256,0.286560256,0.81875,0.7769141881028946,success,sgd,0.001,1000000,1e-06,0.002,0.9,3.639409216564452e-05,
1D-gaussian-6c-512p,512,512,0.0175129006968188,1000000,4.645951007990336e-05,,seconds,68.33780789375305,68.27925547771156,megabytes,578.0,578.0,87.0,86.25632911392405,0.287207424,0.287207424,0.86171875,0.7768047863924054,success,sgd,0.001,1000000,1e-06,0.002,0.9,4.645951007990336e-05,
1D-gaussian-6c-512p,512,512,0.0127759582174917,1000000,4.475247920887757e-05,,seconds,68.21902799606323,68.05547912791371,megabytes,578.0,578.0,87.0,86.41692789968653,0.288329728,0.288329728,0.821875,0.7784727664576799,success,sgd,0.001,1000000,1e-06,0.002,0.9,4.475247920887757e-05,
1D-gaussian-6c-512p,512,512,0.0160366938034538,1000000,3.619729947268739e-05,,seconds,68.32705354690552,68.28635524399579,megabytes,578.0,578.0,87.0,86.15064102564102,0.287080448,0.287080448,0.8296875,0.779061498397436,success,sgd,0.001,1000000,1e-06,0.002,0.9,3.619729947268739e-05,
1D-gaussian-6c-512p,512,512,0.0081048080277559,1000000,3.5115423871182286e-05,,seconds,68.42557716369629,68.39635019004345,megabytes,578.0,578.0,88.0,86.3257328990228,0.28674048,0.28674048,0.83203125,0.7785321661237783,success,sgd,0.001,1000000,1e-06,0.002,0.9,3.5115423871182286e-05,
1D-gaussian-6c-512p,512,512,0.0454291633488553,1000000,4.626961627641374e-05,,seconds,68.21188068389893,68.17684399150312,megabytes,578.0,578.0,87.0,86.11635220125787,0.28858368,0.28858368,0.81640625,0.7806800314465409,success,sgd,0.001,1000000,1e-06,0.002,0.9,4.626961627641374e-05,
1D-gaussian-6c-512p,512,512,0.0111341514035721,1000000,4.179200579645672e-05,,seconds,68.33277702331543,68.29760440438986,megabytes,578.0,578.0,87.0,86.06410256410257,0.287326208,0.287326208,0.81953125,0.779962940705128,success,sgd,0.001,1000000,1e-06,0.002,0.9,4.179200579645672e-05,
1D-gaussian-6c-512p,512,512,0.014716629429206,1000000,4.918475480887644e-05,,seconds,68.52684164047241,68.4385737720877,megabytes,578.0,578.0,87.0,85.83168316831683,0.286957568,0.286957568,0.84140625,0.7801980198019807,success,sgd,0.001,1000000,1e-06,0.002,0.9,4.918475480887644e-05,
1D-gaussian-6c-512p,512,512,0.0345714871796413,1000000,4.733519612725216e-05,,seconds,68.21367502212524,68.12707425281405,megabytes,578.0,578.0,88.0,86.82866043613707,0.287453184,0.287453184,0.82265625,0.7775457554517138,success,sgd,0.001,1000000,1e-06,0.002,0.9,4.733519612725216e-05,
1D-gaussian-6c-512p,512,512,0.0475173984037322,1000000,5.9404326123970754e-05,,seconds,68.2274899482727,68.17499863542616,megabytes,578.0,578.0,87.0,86.39622641509433,0.287342592,0.287342592,0.82265625,0.7779653105345912,success,sgd,0.001,1000000,1e-06,0.002,0.9,5.9404326123970754e-05,
1D-gaussian-6c-512p,512,512,0.0283828919089482,1000000,4.7856992541892944e-05,,seconds,68.43008399009705,68.37869617342949,megabytes,578.0,578.0,88.0,86.14193548387097,0.287145984,0.287145984,0.81640625,0.7792086693548392,success,sgd,0.001,1000000,1e-06,0.002,0.9,4.7856992541892944e-05,
1D-gaussian-6c-512p,512,512,0.0611699099487602,1000000,4.759750183763059e-05,,seconds,68.32107925415039,68.20057097822428,megabytes,578.0,578.0,87.0,86.12225705329153,0.287645696,0.287645696,0.82109375,0.7787837970219438,success,sgd,0.001,1000000,1e-06,0.002,0.9,4.759750183763059e-05,
1D-gaussian-6c-512p,512,512,0.0648646532178442,1000000,5.276019083713426e-05,,seconds,68.19694375991821,68.05000178702176,megabytes,578.0,578.0,87.0,86.343653250774,0.28770304,0.28770304,0.82109375,0.7779677825077398,success,sgd,0.001,1000000,1e-06,0.002,0.9,5.276019083713426e-05,
1D-gaussian-6c-512p,512,512,0.0166940097618548,1000000,4.097784822188024e-05,,seconds,68.57981157302856,68.44184406846762,megabytes,578.0,578.0,87.0,85.91883116883118,0.288817152,0.288817152,0.82265625,0.7771763392857138,success,sgd,0.001,1000000,1e-06,0.002,0.9,4.097784822188024e-05,
1D-gaussian-6c-512p,512,512,0.133014724256777,1000000,7.184150379272266e-05,,seconds,68.5125777721405,68.36861960031092,megabytes,578.0,578.0,88.0,86.39413680781759,0.287240192,0.287240192,0.82109375,0.7786441368078169,success,sgd,0.001,1000000,1e-06,0.002,0.9,7.184150379272266e-05,
1D-gaussian-6c-512p,512,512,0.0062287009565117,1000000,3.890800907387648e-05,,seconds,68.4533040523529,68.34008219838142,megabytes,578.0,578.0,87.0,86.03536977491962,0.287543296,0.287543296,0.82265625,0.7792880827974273,success,sgd,0.001,1000000,1e-06,0.002,0.9,3.890800907387648e-05,
1D-gaussian-6c-512p,512,512,0.0835864638177973,1000000,6.989783598382725e-05,,seconds,68.4895691871643,68.35336320847273,megabytes,578.0,578.0,87.0,86.2347266881029,0.28915712,0.28915712,0.8203125,0.7773311897106113,success,sgd,0.001,1000000,1e-06,0.002,0.9,6.989783598382725e-05,
1D-gaussian-6c-512p,512,512,0.0263669855088741,1000000,5.345686662346594e-05,,seconds,68.3828284740448,68.28073112666607,megabytes,578.0,578.0,87.0,86.14012738853503,0.287780864,0.287780864,0.82734375,0.7777244227707011,success,sgd,0.001,1000000,1e-06,0.002,0.9,5.345686662346594e-05,
1D-gaussian-6c-512p,512,512,0.0248568162485515,1000000,4.72534730749025e-05,,seconds,68.64985847473145,68.49485228396952,megabytes,578.0,578.0,88.0,86.00983606557377,0.287449088,0.287449088,0.84375,0.7751178278688523,success,sgd,0.001,1000000,1e-06,0.002,0.9,4.72534730749025e-05,
1D-gaussian-6c-512p,512,512,0.0326082117145432,1000000,5.2735906419154905e-05,,seconds,68.47537612915039,68.293197626248,megabytes,578.0,578.0,87.0,86.171974522293,0.288022528,0.288022528,0.83046875,0.7767665207006372,success,sgd,0.001,1000000,1e-06,0.002,0.9,5.2735906419154905e-05,
1D-gaussian-6c-512p,512,512,0.015222040776501,1000000,3.954049598861235e-05,,seconds,68.41381192207336,68.32112211175263,megabytes,578.0,578.0,87.0,86.27564102564102,0.287739904,0.287739904,0.81328125,0.7776342147435902,success,sgd,0.001,1000000,1e-06,0.002,0.9,3.954049598861235e-05,
1D-gaussian-6c-512p,512,512,0.1549192942455755,1000000,7.503536840646736e-05,,seconds,68.25558519363403,68.10608765669167,megabytes,578.0,578.0,88.0,86.41304347826087,0.288862208,0.288862208,0.83828125,0.7773170613354035,success,sgd,0.001,1000000,1e-06,0.002,0.9,7.503536840646736e-05,
1D-gaussian-6c-512p,512,512,0.0040117183045521,1000000,3.774354388240373e-05,,seconds,68.39267444610596,68.26798854954541,megabytes,578.0,578.0,87.0,86.11428571428571,0.287772672,0.287772672,0.8234375,0.7782614087301591,success,sgd,0.001,1000000,1e-06,0.002,0.9,3.774354388240373e-05,
1D-gaussian-6c-1024p,1024,1024,0.0596146316430965,1000000,0.0001371902736062,,seconds,91.7133355140686,91.69994451105596,megabytes,604.0,604.0,92.0,89.18620689655172,0.290893824,0.290893824,0.82734375,0.7787033045977011,success,sgd,0.001,1000000,1e-06,0.002,0.9,0.0001371902736062,
1D-gaussian-6c-1024p,1024,1024,0.0069210540403742,1000000,0.0001445481328462,,seconds,89.50840091705322,89.37126074917614,megabytes,604.0,604.0,92.0,90.0962962962963,0.290615296,0.290615296,0.81875,0.7776350308641979,success,sgd,0.001,1000000,1e-06,0.002,0.9,0.0001445481328462,
1D-gaussian-6c-1024p,1024,1024,0.0570074123833955,1000000,0.0001311949829869,,seconds,88.14275240898132,88.13390435278416,megabytes,604.0,604.0,94.0,93.10275689223056,0.289841152,0.289841152,0.82109375,0.7805294486215538,success,sgd,0.001,1000000,1e-06,0.002,0.9,0.0001311949829869,
1D-gaussian-6c-1024p,1024,1024,0.0485262371015568,1000000,0.000119532950887,,seconds,87.56170916557312,87.55314369685948,megabytes,604.0,604.0,93.0,91.94206549118388,0.289849344,0.289849344,0.82734375,0.7800417191435773,success,sgd,0.001,1000000,1e-06,0.002,0.9,0.000119532950887,
1D-gaussian-6c-1024p,1024,1024,0.0285161154432606,1000000,0.0001218676791181,,seconds,89.91109466552734,89.71357410401106,megabytes,604.0,604.0,92.0,91.14778325123152,0.290390016,0.290390016,0.8234375,0.7785772013546792,success,sgd,0.001,1000000,1e-06,0.002,0.9,0.0001218676791181,
1D-gaussian-6c-1024p,1024,1024,0.0394364985462751,1000000,0.0001327787401432,,seconds,90.37769174575806,90.35763407312334,megabytes,604.0,604.0,91.0,89.75121951219512,0.29231104,0.29231104,0.81875,0.780449695121951,success,sgd,0.001,1000000,1e-06,0.002,0.9,0.0001327787401432,
1D-gaussian-6c-1024p,1024,1024,0.0221444438626339,1000000,0.0001111655462122,,seconds,91.73288702964784,91.6304530594498,megabytes,604.0,604.0,91.0,89.39529411764705,0.290562048,0.290562048,0.81875,0.7793805147058821,success,sgd,0.001,1000000,1e-06,0.002,0.9,0.0001111655462122,
1D-gaussian-6c-1024p,1024,1024,0.0267218185552449,1000000,0.000146387751157,,seconds,91.0563144683838,90.89328539185226,megabytes,604.0,604.0,93.0,89.43028846153847,0.292241408,0.292241408,0.82890625,0.7795635516826926,success,sgd,0.001,1000000,1e-06,0.002,0.9,0.000146387751157,
1D-gaussian-6c-1024p,1024,1024,0.0136561683119635,1000000,0.00011292201804,,seconds,91.16878914833067,91.11067881435156,megabytes,604.0,604.0,92.0,89.62168674698795,0.290320384,0.290320384,0.83046875,0.7787048192771087,success,sgd,0.001,1000000,1e-06,0.002,0.9,0.00011292201804,
1D-gaussian-6c-1024p,1024,1024,0.0174955695133317,1000000,0.0001135162142721,,seconds,90.47419929504396,90.33910154365005,megabytes,604.0,604.0,92.0,89.73529411764706,0.291803136,0.291803136,0.81953125,0.7782801011029411,success,sgd,0.001,1000000,1e-06,0.002,0.9,0.0001135162142721,
1D-gaussian-6c-1024p,1024,1024,0.0127246671261139,1000000,0.0001177826320886,,seconds,91.53975987434389,91.3942169174552,megabytes,604.0,604.0,92.0,89.58233890214797,0.290787328,0.290787328,0.821875,0.778333830548926,success,sgd,0.001,1000000,1e-06,0.002,0.9,0.0001177826320886,
1D-gaussian-6c-1024p,1024,1024,0.0160181948959946,1000000,0.0001079797590761,,seconds,90.05072021484375,89.9132606703788,megabytes,604.0,604.0,92.0,89.69607843137256,0.291741696,0.291741696,0.81953125,0.7778971354166663,success,sgd,0.001,1000000,1e-06,0.002,0.9,0.0001079797590761,
1D-gaussian-6c-1024p,1024,1024,0.008137753615503,1000000,0.0001403933174386,,seconds,87.3450071811676,87.33713160827756,megabytes,604.0,604.0,94.0,93.17293233082708,0.289906688,0.289906688,0.82578125,0.7810874843358396,success,sgd,0.001,1000000,1e-06,0.002,0.9,0.0001403933174386,
1D-gaussian-6c-1024p,1024,1024,0.0453726563353738,1000000,0.0001132695206122,,seconds,90.63682866096497,90.58102402836084,megabytes,604.0,604.0,91.0,89.32541567695962,0.290582528,0.290582528,0.81875,0.7777983966745845,success,sgd,0.001,1000000,1e-06,0.002,0.9,0.0001132695206122,
1D-gaussian-6c-1024p,1024,1024,0.0111251789380054,1000000,0.0001064011492546,,seconds,91.39487099647522,91.30532521009444,megabytes,604.0,604.0,93.0,89.71186440677967,0.290742272,0.290742272,0.81796875,0.7780531174334137,success,sgd,0.001,1000000,1e-06,0.002,0.9,0.0001064011492546,
1D-gaussian-6c-1024p,1024,1024,0.0146924884420389,1000000,0.0001197748989878,,seconds,88.98685097694397,88.81594128906727,megabytes,604.0,604.0,92.0,91.04038004750592,0.2925568,0.2925568,0.8296875,0.7796837885985749,success,sgd,0.001,1000000,1e-06,0.002,0.9,0.0001197748989878,
1D-gaussian-6c-1024p,1024,1024,0.0345080971903624,1000000,0.000125583858226,,seconds,91.33633065223694,91.24392283894122,megabytes,604.0,604.0,92.0,89.65165876777252,0.29046784,0.29046784,0.8234375,0.7784138033175358,success,sgd,0.001,1000000,1e-06,0.002,0.9,0.000125583858226,
1D-gaussian-6c-1024p,1024,1024,0.0473807568553102,1000000,0.00013192564078,,seconds,89.94321656227112,89.79783605784178,megabytes,604.0,604.0,92.0,89.94656488549619,0.291524608,0.291524608,0.8453125,0.7780017493638678,success,sgd,0.001,1000000,1e-06,0.002,0.9,0.00013192564078,
1D-gaussian-6c-1024p,1024,1024,0.0283337164925223,1000000,0.0001240624313766,,seconds,91.54972887039185,91.37239337526262,megabytes,604.0,604.0,91.0,88.83371824480369,0.290816,0.290816,0.821875,0.7778236864896073,success,sgd,0.001,1000000,1e-06,0.002,0.9,0.0001240624313766,
1D-gaussian-6c-1024p,1024,1024,0.0612227829380796,1000000,0.0001448893077433,,seconds,88.92602038383484,88.77862352877855,megabytes,604.0,604.0,93.0,90.77638190954774,0.291483648,0.291483648,0.81796875,0.7786706972361805,success,sgd,0.001,1000000,1e-06,0.002,0.9,0.0001448893077433,
1D-gaussian-6c-1024p,1024,1024,0.0647345988359909,1000000,0.0001220011510956,,seconds,91.2495470046997,91.1802629288286,megabytes,604.0,604.0,91.0,89.66028708133972,0.290717696,0.290717696,0.8296875,0.7793791118421051,success,sgd,0.001,1000000,1e-06,0.002,0.9,0.0001220011510956,
1D-gaussian-6c-1024p,1024,1024,0.0166625428709848,1000000,0.000107713616022,,seconds,89.62407970428467,89.62092532217503,megabytes,604.0,604.0,91.0,90.04622871046229,0.292020224,0.292020224,0.85,0.7784614507299269,success,sgd,0.001,1000000,1e-06,0.002,0.9,0.000107713616022,
1D-gaussian-6c-1024p,1024,1024,0.1327328476285553,1000000,0.0001475742380023,,seconds,91.08755230903624,90.92379171401262,megabytes,606.0,606.0,92.0,89.31435643564356,0.29087744,0.29087744,0.82890625,0.7769028465346531,success,sgd,0.001,1000000,1e-06,0.002,0.9,0.0001475742380023,
1D-gaussian-6c-1024p,1024,1024,0.0062150601733398,1000000,0.0001076806405908,,seconds,89.52125144004822,89.43345844000578,megabytes,606.0,606.0,91.0,90.22,0.290623488,0.290623488,0.84140625,0.7791757812500005,success,sgd,0.001,1000000,1e-06,0.002,0.9,0.0001076806405908,
1D-gaussian-6c-1024p,1024,1024,0.0834028036476468,1000000,0.0001397610157002,,seconds,91.50648760795592,91.39401552081108,megabytes,606.0,606.0,92.0,88.94638694638695,0.291434496,0.291434496,0.82578125,0.7792285839160841,success,sgd,0.001,1000000,1e-06,0.002,0.9,0.0001397610157002,
1D-gaussian-6c-1024p,1024,1024,0.0262985080123773,1000000,0.0001229211509162,,seconds,91.21363615989684,91.06192555837332,megabytes,606.0,606.0,93.0,89.04634146341463,0.290504704,0.290504704,0.825,0.7778925304878052,success,sgd,0.001,1000000,1e-06,0.002,0.9,0.0001229211509162,
1D-gaussian-6c-1024p,1024,1024,0.024822741932054,1000000,0.0001245472499684,,seconds,91.48914623260498,91.38689009286465,megabytes,606.0,606.0,91.0,89.37708830548927,0.290930688,0.290930688,0.8171875,0.7796091885441527,success,sgd,0.001,1000000,1e-06,0.002,0.9,0.0001245472499684,
1D-gaussian-6c-1024p,1024,1024,0.0325724074769397,1000000,0.0001166260632198,,seconds,91.2701451778412,91.24399396032096,megabytes,606.0,606.0,91.0,88.84285714285714,0.291049472,0.291049472,0.8234375,0.7772209821428567,success,sgd,0.001,1000000,1e-06,0.002,0.9,0.0001166260632198,
1D-gaussian-6c-1024p,1024,1024,0.015204796344956,1000000,0.000114481815305,,seconds,91.80372428894044,91.68960268609226,megabytes,606.0,606.0,91.0,89.10681818181818,0.291282944,0.291282944,0.82109375,0.7774378551136363,success,sgd,0.001,1000000,1e-06,0.002,0.9,0.000114481815305,
1D-gaussian-6c-1024p,1024,1024,0.1546478933268447,1000000,0.0001548866782786,,seconds,91.64606022834778,91.60767959989607,megabytes,606.0,606.0,90.0,89.4739336492891,0.291115008,0.291115008,0.8296875,0.7793838862559237,success,sgd,0.001,1000000,1e-06,0.002,0.9,0.0001548866782786,
1D-gaussian-6c-1024p,1024,1024,0.0040076485508477,1000000,0.0001096011390224,,seconds,91.39095759391785,91.320481011644,megabytes,606.0,606.0,93.0,89.10817307692308,0.291233792,0.291233792,0.83671875,0.7796349158653846,success,sgd,0.001,1000000,1e-06,0.002,0.9,0.0001096011390224,
1D-gaussian-6c-2048p,2048,2048,0.0596255730962893,1000000,0.0004103049863724,,seconds,189.3737044334412,189.3362950515002,megabytes,702.0,702.0,96.0,95.44924154025672,0.292855808,0.292855808,0.8171875,0.780047586056009,success,sgd,0.001,1000000,1e-06,0.002,0.9,0.0004103049863724,
1D-gaussian-6c-2048p,2048,2048,0.0069315979758519,1000000,0.0004436365109629,,seconds,188.4638140201569,188.35707464069128,megabytes,702.0,702.0,96.0,95.82254196642684,0.292921344,0.292921344,0.8296875,0.7796762589928055,success,sgd,0.001,1000000,1e-06,0.002,0.9,0.0004436365109629,
1D-gaussian-6c-2048p,2048,2048,0.0570683695216594,1000000,0.0003928302816035,,seconds,188.76680397987369,188.6637780983001,megabytes,702.0,702.0,96.0,94.932384341637,0.292937728,0.292937728,0.8390625,0.7787681642941875,success,sgd,0.001,1000000,1e-06,0.002,0.9,0.0003928302816035,
1D-gaussian-6c-2048p,2048,2048,0.0484958130102574,1000000,0.0004265235034499,,seconds,189.6569497585297,189.55500788986683,megabytes,702.0,702.0,95.0,94.91428571428573,0.292970496,0.292970496,0.83125,0.7786309523809533,success,sgd,0.001,1000000,1e-06,0.002,0.9,0.0004265235034499,
1D-gaussian-6c-2048p,2048,2048,0.0281981557647246,1000000,0.0003558546514468,,seconds,188.43680787086487,188.35425942204893,megabytes,702.0,702.0,96.0,94.8622754491018,0.292954112,0.292954112,0.81796875,0.7788248502994017,success,sgd,0.001,1000000,1e-06,0.002,0.9,0.0003558546514468,
1D-gaussian-6c-2048p,2048,2048,0.0391449949262068,1000000,0.0005501947817588,,seconds,189.9014794826508,189.79819152876732,megabytes,702.0,702.0,96.0,94.84248210023868,0.293019648,0.293019648,0.82421875,0.7793621345465388,success,sgd,0.001,1000000,1e-06,0.002,0.9,0.0005501947817588,
1D-gaussian-6c-2048p,2048,2048,0.0220710586944112,1000000,0.0003577334710346,,seconds,189.3339614868164,189.16295369714496,megabytes,702.0,702.0,96.0,95.17619047619048,0.294813696,0.294813696,0.81796875,0.7784291294642856,success,sgd,0.001,1000000,1e-06,0.002,0.9,0.0003577334710346,
1D-gaussian-6c-2048p,2048,2048,0.0272561205735227,1000000,0.0004840691344362,,seconds,190.1464991569519,189.95990354008973,megabytes,702.0,702.0,96.0,94.91863207547168,0.294879232,0.294879232,0.81953125,0.7794700766509427,success,sgd,0.001,1000000,1e-06,0.002,0.9,0.0004840691344362,
1D-gaussian-6c-2048p,2048,2048,0.0136420332299652,1000000,0.0003608336769094,,seconds,189.3082020282745,189.23802867531776,megabytes,702.0,702.0,96.0,95.12529832935562,0.294780928,0.294780928,0.8421875,0.7802953460620526,success,sgd,0.001,1000000,1e-06,0.002,0.9,0.0003608336769094,
1D-gaussian-6c-2048p,2048,2048,0.0174732776438954,1000000,0.0003650054652032,,seconds,189.93738842010495,189.74681273661557,megabytes,702.0,702.0,95.0,94.93380614657212,0.294862848,0.294862848,0.81953125,0.7788905511229316,success,sgd,0.001,1000000,1e-06,0.002,0.9,0.0003650054652032,
1D-gaussian-6c-2048p,2048,2048,0.0125438919489111,1000000,0.0003575980401053,,seconds,189.2383759021759,189.15248712338507,megabytes,702.0,702.0,96.0,94.91971664698936,0.294842368,0.294842368,0.83203125,0.7790077110389605,success,sgd,0.001,1000000,1e-06,0.002,0.9,0.0003575980401053,
1D-gaussian-6c-2048p,2048,2048,0.0160716426929274,1000000,0.0004906092082561,,seconds,189.65022110939023,189.52340549975636,megabytes,702.0,702.0,95.0,94.89374262101536,0.294866944,0.294866944,0.828125,0.7785428350059025,success,sgd,0.001,1000000,1e-06,0.002,0.9,0.0004906092082561,
1D-gaussian-6c-2048p,2048,2048,0.0083343372329612,1000000,0.0004572914503062,,seconds,189.0210008621216,188.85364622995257,megabytes,702.0,702.0,96.0,94.90119047619048,0.294899712,0.294899712,0.8453125,0.7783891369047613,success,sgd,0.001,1000000,1e-06,0.002,0.9,0.0004572914503062,
1D-gaussian-6c-2048p,2048,2048,0.0452424398908573,1000000,0.0003559885827341,,seconds,189.43264412879944,189.3297163266689,megabytes,702.0,702.0,95.0,94.9337278106509,0.294899712,0.294899712,0.82578125,0.7797309541420124,success,sgd,0.001,1000000,1e-06,0.002,0.9,0.0003559885827341,
1D-gaussian-6c-2048p,2048,2048,0.0111016324416441,1000000,0.0003570586068878,,seconds,189.2966945171356,189.2365867625922,megabytes,702.0,702.0,96.0,95.03939008894535,0.294875136,0.294875136,0.81640625,0.7791911531130881,success,sgd,0.001,1000000,1e-06,0.002,0.9,0.0003570586068878,
1D-gaussian-6c-2048p,2048,2048,0.0146244847272838,1000000,0.0003706136429869,,seconds,189.9152562618256,189.8292894102633,megabytes,702.0,702.0,95.0,94.84567901234568,0.30132224,0.30132224,0.840625,0.7796614583333333,success,sgd,0.001,1000000,1e-06,0.002,0.9,0.0003706136429869,
1D-gaussian-6c-2048p,2048,2048,0.0351056959387081,1000000,0.0004735526204733,,seconds,188.66683769226077,188.6136963404715,megabytes,702.0,702.0,96.0,94.90272835112692,0.301318144,0.301318144,0.81875,0.7789878039739028,success,sgd,0.001,1000000,1e-06,0.002,0.9,0.0004735526204733,
1D-gaussian-6c-2048p,2048,2048,0.0468552958376126,1000000,0.0003922076315325,,seconds,188.9515721797943,188.86971422843635,megabytes,702.0,702.0,96.0,94.92172897196262,0.301449216,0.301449216,0.82109375,0.7791207286799063,success,sgd,0.001,1000000,1e-06,0.002,0.9,0.0003922076315325,
1D-gaussian-6c-2048p,2048,2048,0.0282316082461842,1000000,0.000371268478055,,seconds,188.62126064300537,188.551523571834,megabytes,702.0,702.0,96.0,94.93942992874108,0.300417024,0.300417024,0.82421875,0.7788320219714963,success,sgd,0.001,1000000,1e-06,0.002,0.9,0.000371268478055,
1D-gaussian-6c-2048p,2048,2048,0.0615502978191769,1000000,0.0004593083151326,,seconds,189.4773576259613,189.3078511506319,megabytes,702.0,702.0,96.0,94.89646772228988,0.297558016,0.297558016,0.83671875,0.7784180876979293,success,sgd,0.001,1000000,1e-06,0.002,0.9,0.0004593083151326,
1D-gaussian-6c-2048p,2048,2048,0.064640682500796,1000000,0.0004938686478533,,seconds,189.0113928318024,188.9400799237192,megabytes,702.0,702.0,96.0,94.9530516431925,0.294510592,0.294510592,0.82890625,0.7805916226525806,success,sgd,0.001,1000000,1e-06,0.002,0.9,0.0004938686478533,
1D-gaussian-6c-2048p,2048,2048,0.0169972175215767,1000000,0.0005410303525212,,seconds,189.67611503601077,189.50787588395175,megabytes,702.0,702.0,95.0,94.92865497076023,0.294559744,0.294559744,0.840625,0.7795394736842087,success,sgd,0.001,1000000,1e-06,0.002,0.9,0.0005410303525212,
1D-gaussian-6c-2048p,2048,2048,0.1317428664500604,1000000,0.0003885829719117,,seconds,189.2209243774414,189.2014795728028,megabytes,702.0,702.0,96.0,95.15492957746478,0.294580224,0.294580224,0.84375,0.7794133289319249,success,sgd,0.001,1000000,1e-06,0.002,0.9,0.0003885829719117,
1D-gaussian-6c-2048p,2048,2048,0.0062845282136548,1000000,0.0004686270270647,,seconds,189.7923150062561,189.77435746230185,megabytes,702.0,702.0,95.0,94.913813459268,0.294612992,0.294612992,0.8265625,0.7801173258559615,success,sgd,0.001,1000000,1e-06,0.002,0.9,0.0004686270270647,
1D-gaussian-6c-2048p,2048,2048,0.0829358829732783,1000000,0.0004269154420252,,seconds,189.4782783985138,189.3229871597141,megabytes,702.0,702.0,96.0,94.8270588235294,0.296312832,0.296312832,0.83203125,0.7754319852941173,success,sgd,0.001,1000000,1e-06,0.002,0.9,0.0004269154420252,
1D-gaussian-6c-2048p,2048,2048,0.0260978795060814,1000000,0.000332457154018,,seconds,190.1949920654297,189.9635394886136,megabytes,702.0,702.0,96.0,94.96140350877192,0.299040768,0.299040768,0.83515625,0.7770659722222225,success,sgd,0.001,1000000,1e-06,0.002,0.9,0.000332457154018,
1D-gaussian-6c-2048p,2048,2048,0.0249298313911884,1000000,0.000473139385521,,seconds,189.25001430511475,189.1755360774696,megabytes,702.0,702.0,96.0,95.05128205128206,0.294670336,0.294670336,0.8171875,0.779757612179488,success,sgd,0.001,1000000,1e-06,0.002,0.9,0.000473139385521,
1D-gaussian-6c-2048p,2048,2048,0.0324696287279091,1000000,0.0003785080995107,,seconds,189.91086554527283,189.8528148680925,megabytes,702.0,702.0,96.0,94.9519343493552,0.294744064,0.294744064,0.8578125,0.7804476846424384,success,sgd,0.001,1000000,1e-06,0.002,0.9,0.0003785080995107,
1D-gaussian-6c-2048p,2048,2048,0.0151410682696711,1000000,0.000354874527062,,seconds,188.9205183982849,188.8952853549272,megabytes,702.0,702.0,96.0,95.05311778290994,0.294756352,0.294756352,0.83203125,0.7788241556004615,success,sgd,0.001,1000000,1e-06,0.002,0.9,0.000354874527062,
1D-gaussian-6c-2048p,2048,2048,0.1535138292934452,1000000,0.0004229903707984,,seconds,190.1013095378876,189.9991495460272,megabytes,702.0,702.0,96.0,94.98941176470588,0.294780928,0.294780928,0.83984375,0.7783538602941167,success,sgd,0.001,1000000,1e-06,0.002,0.9,0.0004229903707984,
1D-gaussian-6c-2048p,2048,2048,0.0040189366749349,1000000,0.0003503946486935,,seconds,189.03797793388367,188.91754700429735,megabytes,702.0,702.0,96.0,94.90625,0.294834176,0.294834176,0.84921875,0.7781982421874996,success,sgd,0.001,1000000,1e-06,0.002,0.9,0.0003503946486935,
