dataset,mu_size,nu_size,cost,iterations,error,cost_rerr,time_unit,time,time_counter,gpu_mem_unit,peak_gpu_mem,combined_peak_gpu_ram,peak_gpu_util_pct,mean_gpu_util_pct,peak_ram_MiB,combined_peak_ram_MiB,max_cpu_util_pct,mean_cpu_util_pct,status,name,reg,maxiter,tol,learning_rate,momentum,residual_l2,exception
1D-gaussian-1c-32p,32,32,0.5419811850046627,1000000,0.0002157559643019,,seconds,61.54876351356506,61.47356150299311,megabytes,544.0,544.0,99.0,89.1444866920152,0.235454464,0.235454464,0.84765625,0.7782586739543723,success,sgd,1.0,1000000,1e-06,0.002,0.9,0.0002157559643019,
1D-gaussian-1c-32p,32,32,0.0859699988929151,1000000,0.0002148768266521,,seconds,74.22278118133545,74.18554714135826,megabytes,544.0,544.0,99.0,91.82692307692308,0.23549952,0.23549952,0.821875,0.7799779647435894,success,sgd,1.0,1000000,1e-06,0.002,0.9,0.0002148768266521,
1D-gaussian-1c-32p,32,32,1.2614355176261918,1000000,0.0002165314585395,,seconds,38.03029775619507,38.04789382778108,megabytes,544.0,544.0,82.0,81.45098039215686,0.235429888,0.235429888,0.82109375,0.7800704656862749,success,sgd,1.0,1000000,1e-06,0.002,0.9,0.0002165314585395,
1D-gaussian-1c-32p,32,32,0.3219983132761996,1000000,0.0002143891119364,,seconds,38.56615686416626,38.49061917327344,megabytes,544.0,544.0,82.0,80.2125,0.235360256,0.235360256,0.82109375,0.7771337890625002,success,sgd,1.0,1000000,1e-06,0.002,0.9,0.0002143891119364,
1D-gaussian-1c-32p,32,32,0.0452892138917528,1000000,0.0002136854941367,,seconds,37.86613416671753,37.693503411486745,megabytes,544.0,544.0,83.0,81.59872611464968,0.235401216,0.235401216,0.81015625,0.7737758757961785,success,sgd,1.0,1000000,1e-06,0.002,0.9,0.0002136854941367,
1D-gaussian-1c-32p,32,32,0.3886141005245459,1000000,0.0002153614749879,,seconds,37.34194016456604,37.233665166422725,megabytes,544.0,544.0,84.0,82.82389937106919,0.23535616,0.23535616,0.81875,0.7771717767295596,success,sgd,1.0,1000000,1e-06,0.002,0.9,0.0002153614749879,
1D-gaussian-1c-32p,32,32,0.0841808367150928,1000000,0.0002126860773235,,seconds,72.66189956665039,72.60889452137053,megabytes,544.0,544.0,99.0,91.23717948717947,0.235433984,0.235433984,0.83125,0.779910356570513,success,sgd,1.0,1000000,1e-06,0.002,0.9,0.0002126860773235,
1D-gaussian-1c-32p,32,32,0.102369828884867,1000000,0.0002123896299726,,seconds,80.8366711139679,80.68217090517282,megabytes,544.0,544.0,99.0,91.86416184971098,0.235462656,0.235462656,0.8453125,0.7770908598265895,success,sgd,1.0,1000000,1e-06,0.002,0.9,0.0002123896299726,
1D-gaussian-1c-32p,32,32,0.1013836117290884,1000000,0.0002126817155283,,seconds,37.310389280319214,37.31450528092682,megabytes,544.0,544.0,84.0,82.57792207792208,0.235384832,0.235384832,0.81953125,0.7792613636363632,success,sgd,1.0,1000000,1e-06,0.002,0.9,0.0002126817155283,
1D-gaussian-1c-32p,32,32,0.093016214223001,1000000,0.000212122410821,,seconds,38.424575090408325,38.35317806340754,megabytes,544.0,544.0,82.0,80.23780487804878,0.235425792,0.235425792,0.81484375,0.7779344512195127,success,sgd,1.0,1000000,1e-06,0.002,0.9,0.000212122410821,
1D-gaussian-1c-32p,32,32,0.0699392406789037,1000000,0.0002145940553701,,seconds,78.19490385055542,78.03705558739603,megabytes,544.0,544.0,99.0,91.85714285714286,0.23533568,0.23533568,0.81796875,0.7773318768996964,success,sgd,1.0,1000000,1e-06,0.002,0.9,0.0002145940553701,
1D-gaussian-1c-32p,32,32,0.0316256577274275,1000000,0.0002149558508056,,seconds,37.20758867263794,37.13237562030554,megabytes,544.0,544.0,84.0,83.04605263157895,0.235384832,0.235384832,0.815625,0.776845189144737,success,sgd,1.0,1000000,1e-06,0.002,0.9,0.0002149558508056,
1D-gaussian-1c-32p,32,32,0.1430705235848352,1000000,0.0002139155586377,,seconds,37.295623540878296,37.13473300077021,megabytes,544.0,544.0,84.0,83.11949685534591,0.23537664,0.23537664,0.82109375,0.7745283018867921,success,sgd,1.0,1000000,1e-06,0.002,0.9,0.0002139155586377,
1D-gaussian-1c-32p,32,32,0.2503216374474322,1000000,0.0002152469803371,,seconds,37.879318714141846,37.76179822348058,megabytes,544.0,544.0,83.0,81.99350649350649,0.23537664,0.23537664,0.81875,0.775857345779221,success,sgd,1.0,1000000,1e-06,0.002,0.9,0.0002152469803371,
1D-gaussian-1c-32p,32,32,0.0734126978719072,1000000,0.0002132865667258,,seconds,38.232303619384766,38.06520892865956,megabytes,544.0,544.0,83.0,80.82389937106919,0.23545856,0.23545856,0.81328125,0.7742384040880504,success,sgd,1.0,1000000,1e-06,0.002,0.9,0.0002132865667258,
1D-gaussian-1c-32p,32,32,0.0318063495715596,1000000,0.0002145812344102,,seconds,37.21253991127014,37.12135149911046,megabytes,544.0,544.0,84.0,83.2258064516129,0.23556096,0.23556096,0.8296875,0.7773387096774195,success,sgd,1.0,1000000,1e-06,0.002,0.9,0.0002145812344102,
1D-gaussian-1c-32p,32,32,0.1820779780766778,1000000,0.0002131733090748,,seconds,71.50206327438354,71.50833915919065,megabytes,544.0,544.0,99.0,91.29431438127092,0.23543808,0.23543808,0.81953125,0.7786266722408028,success,sgd,1.0,1000000,1e-06,0.002,0.9,0.0002131733090748,
1D-gaussian-1c-32p,32,32,0.2669255717210217,1000000,0.0002147891768013,,seconds,43.046974420547485,42.893108224496245,megabytes,544.0,544.0,99.0,84.75,0.23539712,0.23539712,0.8265625,0.777505817819149,success,sgd,1.0,1000000,1e-06,0.002,0.9,0.0002147891768013,
1D-gaussian-1c-32p,32,32,0.0380257211119774,1000000,0.0002136202664844,,seconds,37.93490648269653,37.78431780077517,megabytes,544.0,544.0,83.0,81.55421686746988,0.235401216,0.235401216,0.8171875,0.7785156250000004,success,sgd,1.0,1000000,1e-06,0.002,0.9,0.0002136202664844,
1D-gaussian-1c-32p,32,32,0.5129605684805345,1000000,0.0002152827025745,,seconds,37.5287504196167,37.509953470900655,megabytes,544.0,544.0,83.0,82.10493827160494,0.2354176,0.2354176,0.81953125,0.7792679398148147,success,sgd,1.0,1000000,1e-06,0.002,0.9,0.0002152827025745,
1D-gaussian-1c-32p,32,32,0.021006845663047,1000000,0.0002128034453208,,seconds,38.26030516624451,38.1011562589556,megabytes,544.0,544.0,83.0,80.95731707317073,0.235532288,0.235532288,0.81953125,0.7768769054878049,success,sgd,1.0,1000000,1e-06,0.002,0.9,0.0002128034453208,
1D-gaussian-1c-32p,32,32,0.0296172365144237,1000000,0.0002142238307597,,seconds,37.05863666534424,37.044017259031534,megabytes,544.0,544.0,84.0,83.51592356687898,0.235552768,0.235552768,0.81640625,0.7757862261146494,success,sgd,1.0,1000000,1e-06,0.002,0.9,0.0002142238307597,
1D-gaussian-1c-32p,32,32,0.0903208918876428,1000000,0.0002120757346445,,seconds,37.37713980674744,37.28462200053036,megabytes,544.0,544.0,90.0,82.97419354838709,0.2354176,0.2354176,0.8171875,0.7797278225806453,success,sgd,1.0,1000000,1e-06,0.002,0.9,0.0002120757346445,
1D-gaussian-1c-32p,32,32,0.0213472746186061,1000000,0.0002149725171365,,seconds,38.3015558719635,38.20920665375888,megabytes,544.0,544.0,89.0,81.33939393939394,0.235421696,0.235421696,0.81796875,0.7765009469696968,success,sgd,1.0,1000000,1e-06,0.002,0.9,0.0002149725171365,
1D-gaussian-1c-32p,32,32,0.1050295109127924,1000000,0.0002135216163115,,seconds,37.99000597000122,37.95011813938618,megabytes,544.0,544.0,83.0,81.06410256410257,0.235606016,0.235606016,0.81640625,0.7772235576923074,success,sgd,1.0,1000000,1e-06,0.002,0.9,0.0002135216163115,
1D-gaussian-1c-32p,32,32,0.4850840341811369,1000000,0.0002155882455665,,seconds,41.24891781806946,41.19288855046034,megabytes,544.0,544.0,99.0,84.80813953488372,0.235585536,0.235585536,0.81796875,0.7780296148255812,success,sgd,1.0,1000000,1e-06,0.002,0.9,0.0002155882455665,
1D-gaussian-1c-32p,32,32,0.2909924546283163,1000000,0.0002154575755252,,seconds,92.66563367843628,92.61953832022846,megabytes,544.0,544.0,99.0,94.12090680100756,0.23549952,0.23549952,0.82265625,0.7786110673803522,success,sgd,1.0,1000000,1e-06,0.002,0.9,0.0002154575755252,
1D-gaussian-1c-32p,32,32,0.0315533179729425,1000000,0.0002141967987063,,seconds,37.521788120269775,37.43324216082692,megabytes,544.0,544.0,84.0,82.49044585987261,0.235446272,0.235446272,0.81875,0.7764928343949049,success,sgd,1.0,1000000,1e-06,0.002,0.9,0.0002141967987063,
1D-gaussian-1c-32p,32,32,0.5020305439029202,1000000,0.0002151266110168,,seconds,37.21425342559815,37.09593980014324,megabytes,544.0,544.0,84.0,83.17682926829268,0.235708416,0.235708416,0.840625,0.7780344893292686,success,sgd,1.0,1000000,1e-06,0.002,0.9,0.0002151266110168,
1D-gaussian-1c-32p,32,32,0.8251811997065583,1000000,0.0002160288494643,,seconds,51.42177414894104,51.341957004740834,megabytes,544.0,544.0,99.0,86.03056768558952,0.23558144,0.23558144,0.846875,0.776688728165939,success,sgd,1.0,1000000,1e-06,0.002,0.9,0.0002160288494643,
1D-gaussian-1c-64p,64,64,0.5421801102244076,1000000,0.000306536828969,,seconds,44.8308687210083,44.67850581929088,megabytes,544.0,544.0,82.0,79.37948717948719,0.258613248,0.258613248,0.8203125,0.7715384615384615,success,sgd,1.0,1000000,1e-06,0.002,0.9,0.000306536828969,
1D-gaussian-1c-64p,64,64,0.0868576529210252,1000000,0.000304681225149,,seconds,51.29182004928589,51.30239002965391,megabytes,544.0,544.0,99.0,82.83944954128441,0.23717888,0.23717888,0.82265625,0.7795298165137617,success,sgd,1.0,1000000,1e-06,0.002,0.9,0.000304681225149,
1D-gaussian-1c-64p,64,64,1.260606965265511,1000000,0.000308973499197,,seconds,52.91500306129456,52.865243304520845,megabytes,544.0,544.0,99.0,83.79910714285714,0.237195264,0.237195264,0.83984375,0.7792619977678573,success,sgd,1.0,1000000,1e-06,0.002,0.9,0.000308973499197,
1D-gaussian-1c-64p,64,64,0.3227519146028051,1000000,0.0003035845070801,,seconds,51.417142152786255,51.30847052112222,megabytes,544.0,544.0,99.0,82.65116279069767,0.237056,0.237056,0.82578125,0.7778488372093019,success,sgd,1.0,1000000,1e-06,0.002,0.9,0.0003035845070801,
1D-gaussian-1c-64p,64,64,0.0464466040895833,1000000,0.0003019588527272,,seconds,44.18902134895325,44.15380079112947,megabytes,544.0,544.0,81.0,80.13684210526316,0.23721984,0.23721984,0.85234375,0.7789226973684211,success,sgd,1.0,1000000,1e-06,0.002,0.9,0.0003019588527272,
1D-gaussian-1c-64p,64,64,0.3890598935085528,1000000,0.0003058002531214,,seconds,44.65921068191528,44.52634985744953,megabytes,544.0,544.0,81.0,79.46808510638297,0.237056,0.237056,0.81953125,0.7761053856382978,success,sgd,1.0,1000000,1e-06,0.002,0.9,0.0003058002531214,
1D-gaussian-1c-64p,64,64,0.0854389575248741,1000000,0.000299944016239,,seconds,44.41126894950867,44.22454571165144,megabytes,544.0,544.0,81.0,79.93085106382979,0.2371584,0.2371584,0.834375,0.7759599401595745,success,sgd,1.0,1000000,1e-06,0.002,0.9,0.000299944016239,
1D-gaussian-1c-64p,64,64,0.1036632177280066,1000000,0.0002993431268268,,seconds,44.50909113883972,44.440154707059264,megabytes,544.0,544.0,81.0,79.42934782608695,0.237162496,0.237162496,0.84140625,0.7776961616847828,success,sgd,1.0,1000000,1e-06,0.002,0.9,0.0002993431268268,
1D-gaussian-1c-64p,64,64,0.1026197972637513,1000000,0.0003000368877636,,seconds,44.33100914955139,44.29531286284328,megabytes,544.0,544.0,81.0,79.69189189189188,0.237023232,0.237023232,0.81640625,0.7778082770270267,success,sgd,1.0,1000000,1e-06,0.002,0.9,0.0003000368877636,
1D-gaussian-1c-64p,64,64,0.0942927074211723,1000000,0.0002996004405089,,seconds,44.555848360061646,44.45568677596748,megabytes,544.0,544.0,81.0,79.66842105263157,0.237174784,0.237174784,0.81640625,0.779703947368421,success,sgd,1.0,1000000,1e-06,0.002,0.9,0.0002996004405089,
1D-gaussian-1c-64p,64,64,0.0709013986395697,1000000,0.0003040578816535,,seconds,44.24110460281372,44.19958466105163,megabytes,544.0,544.0,81.0,80.07329842931937,0.23699456,0.23699456,0.81796875,0.7781086387434554,success,sgd,1.0,1000000,1e-06,0.002,0.9,0.0003040578816535,
1D-gaussian-1c-64p,64,64,0.0325704773019511,1000000,0.0003047135029967,,seconds,44.40239453315735,44.25183570571244,megabytes,544.0,544.0,81.0,80.26666666666667,0.236978176,0.236978176,0.82421875,0.7764102564102566,success,sgd,1.0,1000000,1e-06,0.002,0.9,0.0003047135029967,
1D-gaussian-1c-64p,64,64,0.1440671476368751,1000000,0.0003026644590599,,seconds,44.76125454902649,44.5548288654536,megabytes,544.0,544.0,81.0,79.2445652173913,0.23699456,0.23699456,0.82421875,0.7742994225543474,success,sgd,1.0,1000000,1e-06,0.002,0.9,0.0003026644590599,
1D-gaussian-1c-64p,64,64,0.2509456509657282,1000000,0.0003055509097412,,seconds,44.4562726020813,44.42990882694721,megabytes,544.0,544.0,81.0,79.29891304347827,0.236961792,0.236961792,0.81796875,0.7804177989130432,success,sgd,1.0,1000000,1e-06,0.002,0.9,0.0003055509097412,
1D-gaussian-1c-64p,64,64,0.0745896375440007,1000000,0.0003012773820106,,seconds,44.47973680496216,44.28169370815158,megabytes,544.0,544.0,81.0,79.66310160427807,0.237133824,0.237133824,0.81875,0.7745780414438503,success,sgd,1.0,1000000,1e-06,0.002,0.9,0.0003012773820106,
1D-gaussian-1c-64p,64,64,0.0328240370328198,1000000,0.0003038933950473,,seconds,44.42320370674133,44.23835534416139,megabytes,544.0,544.0,81.0,79.86979166666667,0.23701504,0.23701504,0.82421875,0.7746500651041671,success,sgd,1.0,1000000,1e-06,0.002,0.9,0.0003038933950473,
1D-gaussian-1c-64p,64,64,0.1831098489805447,1000000,0.0003017744474556,,seconds,44.41363716125488,44.3905700724572,megabytes,544.0,544.0,81.0,79.97368421052632,0.237150208,0.237150208,0.81484375,0.7794284539473685,success,sgd,1.0,1000000,1e-06,0.002,0.9,0.0003017744474556,
1D-gaussian-1c-64p,64,64,0.2676336697913643,1000000,0.0003044829131366,,seconds,44.650439977645874,44.46842270903289,megabytes,544.0,544.0,81.0,79.71875,0.237211648,0.237211648,0.81171875,0.7759236653645832,success,sgd,1.0,1000000,1e-06,0.002,0.9,0.0003044829131366,
1D-gaussian-1c-64p,64,64,0.0392152617695341,1000000,0.0003016177545931,,seconds,44.30854177474976,44.13969339430332,megabytes,544.0,544.0,81.0,80.56716417910448,0.236937216,0.236937216,0.81640625,0.7762087997512436,success,sgd,1.0,1000000,1e-06,0.002,0.9,0.0003016177545931,
1D-gaussian-1c-64p,64,64,0.5132016906400281,1000000,0.0003064696193218,,seconds,44.07054567337036,44.07817238010466,megabytes,544.0,544.0,81.0,80.48717948717949,0.23701504,0.23701504,0.8203125,0.778910256410256,success,sgd,1.0,1000000,1e-06,0.002,0.9,0.0003064696193218,
1D-gaussian-1c-64p,64,64,0.0223010539461063,1000000,0.0003003705317762,,seconds,44.42711687088013,44.239594012498856,megabytes,544.0,544.0,81.0,79.67724867724868,0.23703552,0.23703552,0.81796875,0.7757068452380952,success,sgd,1.0,1000000,1e-06,0.002,0.9,0.0003003705317762,
1D-gaussian-1c-64p,64,64,0.0306885921002073,1000000,0.0003032748529178,,seconds,44.305705308914185,44.15780258923769,megabytes,544.0,544.0,81.0,80.32065217391305,0.237256704,0.237256704,0.81953125,0.778286345108696,success,sgd,1.0,1000000,1e-06,0.002,0.9,0.0003032748529178,
1D-gaussian-1c-64p,64,64,0.0916045848514591,1000000,0.0002995299303401,,seconds,51.53344130516052,51.42671410553157,megabytes,544.0,544.0,99.0,82.68544600938966,0.237072384,0.237072384,0.8125,0.7776665199530516,success,sgd,1.0,1000000,1e-06,0.002,0.9,0.0002995299303401,
1D-gaussian-1c-64p,64,64,0.0222979006185402,1000000,0.0003047737698418,,seconds,44.58880162239075,44.41700274497271,megabytes,544.0,544.0,81.0,79.63684210526316,0.237187072,0.237187072,0.82421875,0.775250822368421,success,sgd,1.0,1000000,1e-06,0.002,0.9,0.0003047737698418,
1D-gaussian-1c-64p,64,64,0.1061213759229883,1000000,0.0003019654275185,,seconds,44.50293397903442,44.43565811216831,megabytes,544.0,544.0,81.0,80.0,0.23703552,0.23703552,0.8265625,0.7804645944148934,success,sgd,1.0,1000000,1e-06,0.002,0.9,0.0003019654275185,
1D-gaussian-1c-64p,64,64,0.4853668762932505,1000000,0.0003063690017565,,seconds,44.359904527664185,44.34752789326012,megabytes,544.0,544.0,81.0,80.09574468085107,0.237142016,0.237142016,0.815625,0.779849567819149,success,sgd,1.0,1000000,1e-06,0.002,0.9,0.0003063690017565,
1D-gaussian-1c-64p,64,64,0.2915481995022339,1000000,0.000305750954348,,seconds,51.0046706199646,50.930916510522366,megabytes,544.0,544.0,99.0,83.16888888888889,0.23728128,0.23728128,0.82734375,0.7772083333333333,success,sgd,1.0,1000000,1e-06,0.002,0.9,0.000305750954348,
1D-gaussian-1c-64p,64,64,0.0326372781332615,1000000,0.0003031006379328,,seconds,44.05066728591919,43.97081823460758,megabytes,544.0,544.0,81.0,80.1948717948718,0.237330432,0.237330432,0.82265625,0.7783814102564103,success,sgd,1.0,1000000,1e-06,0.002,0.9,0.0003031006379328,
1D-gaussian-1c-64p,64,64,0.5024514904597732,1000000,0.0003055427983323,,seconds,44.595696449279785,44.49086143262684,megabytes,544.0,544.0,81.0,79.13333333333334,0.237232128,0.237232128,0.83125,0.7778428819444444,success,sgd,1.0,1000000,1e-06,0.002,0.9,0.0003055427983323,
1D-gaussian-1c-64p,64,64,0.8249735368084771,1000000,0.0003074497022005,,seconds,44.67655110359192,44.49860000237823,megabytes,544.0,544.0,81.0,79.69398907103825,0.237334528,0.237334528,0.82265625,0.7769509904371584,success,sgd,1.0,1000000,1e-06,0.002,0.9,0.0003074497022005,
1D-gaussian-1c-128p,128,128,0.5426026100517358,1000000,0.0004363833343561,,seconds,51.79055190086365,51.71847024001181,megabytes,544.0,544.0,81.0,77.00881057268722,0.260554752,0.260554752,0.8328125,0.7755506607929515,success,sgd,1.0,1000000,1e-06,0.002,0.9,0.0004363833343561,
1D-gaussian-1c-128p,128,128,0.0886157985715131,1000000,0.0004320742738782,,seconds,62.43219685554504,62.28917035274208,megabytes,544.0,544.0,99.0,85.9,0.238862336,0.238862336,0.821875,0.7761053240740737,success,sgd,1.0,1000000,1e-06,0.002,0.9,0.0004320742738782,
1D-gaussian-1c-128p,128,128,1.259010979588692,1000000,0.0004418946154194,,seconds,50.83410882949829,50.67847564443946,megabytes,544.0,544.0,81.0,78.87962962962963,0.238739456,0.238739456,0.81796875,0.7768627025462962,success,sgd,1.0,1000000,1e-06,0.002,0.9,0.0004418946154194,
1D-gaussian-1c-128p,128,128,0.3242153262782249,1000000,0.0004296238045099,,seconds,47.97382187843323,47.92666082829237,megabytes,544.0,544.0,84.0,81.9423076923077,0.238628864,0.238628864,0.8203125,0.7765474759615387,success,sgd,1.0,1000000,1e-06,0.002,0.9,0.0004296238045099,
1D-gaussian-1c-128p,128,128,0.0486931652448936,1000000,0.0004263084504332,,seconds,57.67367815971375,57.5187169443816,megabytes,544.0,544.0,99.0,82.01204819277109,0.23863296,0.23863296,0.821875,0.7778739959839358,success,sgd,1.0,1000000,1e-06,0.002,0.9,0.0004263084504332,
1D-gaussian-1c-128p,128,128,0.3899587174652436,1000000,0.0004346983013696,,seconds,54.194905281066895,54.06088352389634,megabytes,544.0,544.0,99.0,84.66956521739131,0.23844864,0.23844864,0.8171875,0.7786243206521739,success,sgd,1.0,1000000,1e-06,0.002,0.9,0.0004346983013696,
1D-gaussian-1c-128p,128,128,0.0878469518759259,1000000,0.0004222410731108,,seconds,64.36460614204407,64.23844868130982,megabytes,544.0,544.0,99.0,84.15217391304348,0.238555136,0.238555136,0.81796875,0.7765257019927533,success,sgd,1.0,1000000,1e-06,0.002,0.9,0.0004222410731108,
1D-gaussian-1c-128p,128,128,0.106123862283574,1000000,0.0004208385412832,,seconds,47.85342860221863,47.76351969316602,megabytes,544.0,544.0,85.0,82.52475247524752,0.238477312,0.238477312,0.81640625,0.7781714108910889,success,sgd,1.0,1000000,1e-06,0.002,0.9,0.0004208385412832,
1D-gaussian-1c-128p,128,128,0.1049845237081125,1000000,0.0004224141033613,,seconds,50.3459095954895,50.21619567275047,megabytes,544.0,544.0,83.0,79.34862385321101,0.238592,0.238592,0.8203125,0.7768850344036692,success,sgd,1.0,1000000,1e-06,0.002,0.9,0.0004224141033613,
1D-gaussian-1c-128p,128,128,0.0967261400069484,1000000,0.0004215090551617,,seconds,47.80940651893616,47.88780591823161,megabytes,544.0,544.0,84.0,82.46766169154229,0.238436352,0.238436352,0.83671875,0.7810828669154227,success,sgd,1.0,1000000,1e-06,0.002,0.9,0.0004215090551617,
1D-gaussian-1c-128p,128,128,0.0727955066737947,1000000,0.0004307284382107,,seconds,50.57988286018372,50.39720216579735,megabytes,544.0,544.0,82.0,78.9041095890411,0.23846912,0.23846912,0.81953125,0.7760095605022826,success,sgd,1.0,1000000,1e-06,0.002,0.9,0.0004307284382107,
1D-gaussian-1c-128p,128,128,0.0344426550811042,1000000,0.0004321008704737,,seconds,47.45575904846192,47.42212800867856,megabytes,544.0,544.0,85.0,83.08163265306122,0.238440448,0.238440448,0.821875,0.7779775191326535,success,sgd,1.0,1000000,1e-06,0.002,0.9,0.0004321008704737,
1D-gaussian-1c-128p,128,128,0.1460068299838718,1000000,0.0004278686803453,,seconds,50.78563570976257,50.68082869239152,megabytes,544.0,544.0,82.0,78.61160714285714,0.238436352,0.238436352,0.82421875,0.7781215122767859,success,sgd,1.0,1000000,1e-06,0.002,0.9,0.0004278686803453,
1D-gaussian-1c-128p,128,128,0.2521909641122287,1000000,0.0004340574537458,,seconds,47.94690561294556,47.89874718897045,megabytes,544.0,544.0,85.0,82.37688442211055,0.238444544,0.238444544,0.81640625,0.7775518216080405,success,sgd,1.0,1000000,1e-06,0.002,0.9,0.0004340574537458,
1D-gaussian-1c-128p,128,128,0.0768619925599996,1000000,0.0004249417909773,,seconds,50.31847834587097,50.19108535349369,megabytes,544.0,544.0,82.0,79.31603773584905,0.238542848,0.238542848,0.84296875,0.7769531249999997,success,sgd,1.0,1000000,1e-06,0.002,0.9,0.0004249417909773,
1D-gaussian-1c-128p,128,128,0.0348270310675067,1000000,0.0004303395350072,,seconds,54.87659764289856,54.80121856555343,megabytes,544.0,544.0,99.0,84.66233766233766,0.238481408,0.238481408,0.82421875,0.777269345238095,success,sgd,1.0,1000000,1e-06,0.002,0.9,0.0004303395350072,
1D-gaussian-1c-128p,128,128,0.1850954005197596,1000000,0.0004259881136302,,seconds,56.27325487136841,56.164765717461705,megabytes,544.0,544.0,99.0,83.27272727272727,0.238477312,0.238477312,0.83984375,0.776153273809524,success,sgd,1.0,1000000,1e-06,0.002,0.9,0.0004259881136302,
1D-gaussian-1c-128p,128,128,0.2690290296760123,1000000,0.0004317905558974,,seconds,47.86132574081421,47.87275435216725,megabytes,544.0,544.0,84.0,82.50746268656717,0.238481408,0.238481408,0.8203125,0.7803210509950244,success,sgd,1.0,1000000,1e-06,0.002,0.9,0.0004317905558974,
1D-gaussian-1c-128p,128,128,0.0415212791753991,1000000,0.0004255931956594,,seconds,50.63320422172546,50.59103807248175,megabytes,544.0,544.0,82.0,79.18055555555556,0.238575616,0.238575616,0.81953125,0.7789098668981477,success,sgd,1.0,1000000,1e-06,0.002,0.9,0.0004255931956594,
1D-gaussian-1c-128p,128,128,0.5136984176376111,1000000,0.0004362137696996,,seconds,47.23731088638306,47.229246750473976,megabytes,544.0,544.0,85.0,83.22222222222223,0.238555136,0.238555136,0.81953125,0.7791708002645505,success,sgd,1.0,1000000,1e-06,0.002,0.9,0.0004362137696996,
1D-gaussian-1c-128p,128,128,0.0247907382032041,1000000,0.0004230221886361,,seconds,49.9343855381012,49.94757189787924,megabytes,544.0,544.0,83.0,79.68115942028986,0.238686208,0.238686208,0.828125,0.780548007246377,success,sgd,1.0,1000000,1e-06,0.002,0.9,0.0004230221886361,
1D-gaussian-1c-128p,128,128,0.0327881937044349,1000000,0.0004290316071983,,seconds,48.45876479148865,48.24820085242391,megabytes,544.0,544.0,84.0,81.82870370370371,0.238587904,0.238587904,0.82890625,0.7757595486111102,success,sgd,1.0,1000000,1e-06,0.002,0.9,0.0004290316071983,
1D-gaussian-1c-128p,128,128,0.0940511112807464,1000000,0.0004213669887431,,seconds,50.23708891868591,50.13323930464685,megabytes,544.0,544.0,82.0,79.02358490566037,0.238518272,0.238518272,0.82265625,0.7797538325471701,success,sgd,1.0,1000000,1e-06,0.002,0.9,0.0004213669887431,
1D-gaussian-1c-128p,128,128,0.0241826914656795,1000000,0.0004322199957097,,seconds,47.81544351577759,47.62474981509149,megabytes,544.0,544.0,84.0,82.66489361702128,0.238501888,0.238501888,0.83671875,0.7770777925531915,success,sgd,1.0,1000000,1e-06,0.002,0.9,0.0004322199957097,
1D-gaussian-1c-128p,128,128,0.1082376955004477,1000000,0.0004263898170833,,seconds,64.09989309310913,63.942075956612825,megabytes,544.0,544.0,99.0,84.45878136200717,0.238669824,0.238669824,0.82109375,0.7782902105734771,success,sgd,1.0,1000000,1e-06,0.002,0.9,0.0004263898170833,
1D-gaussian-1c-128p,128,128,0.4859451631028314,1000000,0.0004359797078667,,seconds,61.41507983207703,61.4172347728163,megabytes,544.0,544.0,99.0,86.90697674418605,0.23853056,0.23853056,0.82890625,0.7810501453488373,success,sgd,1.0,1000000,1e-06,0.002,0.9,0.0004359797078667,
1D-gaussian-1c-128p,128,128,0.2926662385650724,1000000,0.0004345103130604,,seconds,56.71044921875,56.64221694506705,megabytes,544.0,544.0,99.0,82.52586206896552,0.23865344,0.23865344,0.81875,0.7778960129310342,success,sgd,1.0,1000000,1e-06,0.002,0.9,0.0004345103130604,
1D-gaussian-1c-128p,128,128,0.0347580625889845,1000000,0.000428663979071,,seconds,47.36198973655701,47.24592301249504,megabytes,544.0,544.0,85.0,83.3678756476684,0.238546944,0.238546944,0.8125,0.7782059585492228,success,sgd,1.0,1000000,1e-06,0.002,0.9,0.000428663979071,
1D-gaussian-1c-128p,128,128,0.5032812434549565,1000000,0.0004334357754299,,seconds,49.73981690406799,49.65666947886348,megabytes,544.0,544.0,83.0,80.21951219512195,0.238608384,0.238608384,0.8234375,0.7798894817073176,success,sgd,1.0,1000000,1e-06,0.002,0.9,0.0004334357754299,
1D-gaussian-1c-128p,128,128,0.8245975665448289,1000000,0.0004385411146076,,seconds,47.863516092300415,47.81758334673941,megabytes,544.0,544.0,84.0,82.42,0.23855104,0.23855104,0.821875,0.7794648437499997,success,sgd,1.0,1000000,1e-06,0.002,0.9,0.0004385411146076,
1D-gaussian-1c-256p,256,256,0.5434485349548028,1000000,0.000619413378998,,seconds,53.43971037864685,53.35644070617855,megabytes,546.0,546.0,85.0,82.7965367965368,0.262979584,0.262979584,0.84375,0.7724059794372292,success,sgd,1.0,1000000,1e-06,0.002,0.9,0.000619413378998,
1D-gaussian-1c-256p,256,256,0.0920418653163062,1000000,0.0006098209572664,,seconds,52.74829721450806,52.55994968675077,megabytes,546.0,546.0,85.0,83.68493150684931,0.240451584,0.240451584,0.82578125,0.7758847031963474,success,sgd,1.0,1000000,1e-06,0.002,0.9,0.0006098209572664,
1D-gaussian-1c-256p,256,256,1.2559311614168456,1000000,0.0006315412407372,,seconds,52.879801511764526,52.7877113558352,megabytes,546.0,546.0,85.0,83.38990825688073,0.24029184,0.24029184,0.82265625,0.7797914277522938,success,sgd,1.0,1000000,1e-06,0.002,0.9,0.0006315412407372,
1D-gaussian-1c-256p,256,256,0.3269681469604533,1000000,0.0006048383670861,,seconds,52.80465078353882,52.69814467988908,megabytes,546.0,546.0,85.0,83.28378378378379,0.240218112,0.240218112,0.8375,0.7805461711711709,success,sgd,1.0,1000000,1e-06,0.002,0.9,0.0006048383670861,
1D-gaussian-1c-256p,256,256,0.0529541271869383,1000000,0.0005980758391996,,seconds,52.64910864830017,52.58741148561239,megabytes,546.0,546.0,85.0,83.92640692640693,0.2400256,0.2400256,0.8234375,0.77872362012987,success,sgd,1.0,1000000,1e-06,0.002,0.9,0.0005980758391996,
1D-gaussian-1c-256p,256,256,0.3917193934230754,1000000,0.0006156937545897,,seconds,52.835262298583984,52.666135389357805,megabytes,546.0,546.0,84.0,82.83636363636364,0.2400256,0.2400256,0.8203125,0.7775568181818183,success,sgd,1.0,1000000,1e-06,0.002,0.9,0.0006156937545897,
1D-gaussian-1c-256p,256,256,0.092324784071113,1000000,0.0005902554243822,,seconds,52.77486801147461,52.57769757136703,megabytes,544.0,544.0,85.0,83.49333333333334,0.240070656,0.240070656,0.8171875,0.7755243055555551,success,sgd,1.0,1000000,1e-06,0.002,0.9,0.0005902554243822,
1D-gaussian-1c-256p,256,256,0.1106640721264037,1000000,0.0005873715053769,,seconds,52.63717341423035,52.66435925103724,megabytes,546.0,546.0,84.0,82.96846846846847,0.240029696,0.240029696,0.82421875,0.7799197635135129,success,sgd,1.0,1000000,1e-06,0.002,0.9,0.0005873715053769,
1D-gaussian-1c-256p,256,256,0.1093776657163461,1000000,0.0005905912512727,,seconds,52.56174945831299,52.45476965419948,megabytes,546.0,546.0,85.0,83.83771929824562,0.240201728,0.240201728,0.83828125,0.779869106359649,success,sgd,1.0,1000000,1e-06,0.002,0.9,0.0005905912512727,
1D-gaussian-1c-256p,256,256,0.1012341549828652,1000000,0.0005888201237258,,seconds,52.70682334899902,52.58983828313649,megabytes,546.0,546.0,85.0,83.91111111111111,0.239980544,0.239980544,0.82421875,0.7776909722222225,success,sgd,1.0,1000000,1e-06,0.002,0.9,0.0005888201237258,
1D-gaussian-1c-256p,256,256,0.0764606056198209,1000000,0.000607020285023,,seconds,52.764305114746094,52.629961332306266,megabytes,546.0,546.0,85.0,83.80088495575221,0.239960064,0.239960064,0.81640625,0.7773575774336282,success,sgd,1.0,1000000,1e-06,0.002,0.9,0.000607020285023,
1D-gaussian-1c-256p,256,256,0.0380999557145968,1000000,0.0006097970969089,,seconds,52.67924237251282,52.57893997058272,megabytes,546.0,546.0,85.0,83.76651982378854,0.240152576,0.240152576,0.82109375,0.7759911894273128,success,sgd,1.0,1000000,1e-06,0.002,0.9,0.0006097970969089,
1D-gaussian-1c-256p,256,256,0.1496862934136334,1000000,0.0006013809704347,,seconds,53.07911562919617,52.86923502013087,megabytes,546.0,546.0,85.0,83.3411214953271,0.239935488,0.239935488,0.84609375,0.7747663551401875,success,sgd,1.0,1000000,1e-06,0.002,0.9,0.0006013809704347,
1D-gaussian-1c-256p,256,256,0.2546345600103942,1000000,0.0006141763371085,,seconds,53.03383278846741,52.85282973758876,megabytes,546.0,546.0,85.0,83.36936936936937,0.240140288,0.240140288,0.81640625,0.775876266891892,success,sgd,1.0,1000000,1e-06,0.002,0.9,0.0006141763371085,
1D-gaussian-1c-256p,256,256,0.0811378666536619,1000000,0.0005954628312006,,seconds,59.96171689033508,59.81403114460409,megabytes,546.0,546.0,99.0,85.852,0.239927296,0.239927296,0.82578125,0.7767562500000004,success,sgd,1.0,1000000,1e-06,0.002,0.9,0.0005954628312006,
1D-gaussian-1c-256p,256,256,0.0387025351765608,1000000,0.0006061574320885,,seconds,52.69951415061951,52.578847726807,megabytes,546.0,546.0,85.0,83.5,0.239837184,0.239837184,0.81875,0.7753138950892856,success,sgd,1.0,1000000,1e-06,0.002,0.9,0.0006061574320885,
1D-gaussian-1c-256p,256,256,0.1888134926429937,1000000,0.0005976486806483,,seconds,59.572978258132935,59.560223983600736,megabytes,546.0,546.0,99.0,86.0,0.240041984,0.240041984,0.81953125,0.777670567729084,success,sgd,1.0,1000000,1e-06,0.002,0.9,0.0005976486806483,
1D-gaussian-1c-256p,256,256,0.2717130996429089,1000000,0.0006095107511705,,seconds,59.66289949417114,59.6305731292814,megabytes,546.0,546.0,99.0,85.62040816326531,0.24020992,0.24020992,0.83203125,0.7801881377551021,success,sgd,1.0,1000000,1e-06,0.002,0.9,0.0006095107511705,
1D-gaussian-1c-256p,256,256,0.0458839287542384,1000000,0.0005966478614596,,seconds,59.715261936187744,59.58076047338545,megabytes,546.0,546.0,99.0,86.02734375,0.24008704,0.24008704,0.83671875,0.7771636962890629,success,sgd,1.0,1000000,1e-06,0.002,0.9,0.0005966478614596,
1D-gaussian-1c-256p,256,256,0.5146901714805197,1000000,0.0006190218218837,,seconds,52.92204260826111,52.87467936426401,megabytes,546.0,546.0,85.0,83.26923076923077,0.240062464,0.240062464,0.8125,0.7782639723557693,success,sgd,1.0,1000000,1e-06,0.002,0.9,0.0006190218218837,
1D-gaussian-1c-256p,256,256,0.0294597193275928,1000000,0.0005915807170749,,seconds,52.86086773872376,52.74253972060978,megabytes,546.0,546.0,84.0,83.04608294930875,0.240156672,0.240156672,0.815625,0.777170938940092,success,sgd,1.0,1000000,1e-06,0.002,0.9,0.0005915807170749,
1D-gaussian-1c-256p,256,256,0.0368246354126827,1000000,0.0006034878022781,,seconds,52.71967935562134,52.65656504407525,megabytes,546.0,546.0,85.0,83.98666666666666,0.239939584,0.239939584,0.81875,0.7808124999999999,success,sgd,1.0,1000000,1e-06,0.002,0.9,0.0006034878022781,
1D-gaussian-1c-256p,256,256,0.0985821297419487,1000000,0.0005885469043815,,seconds,52.73308038711548,52.70086217857897,megabytes,546.0,546.0,84.0,83.01818181818182,0.23994368,0.23994368,0.8359375,0.7803799715909092,success,sgd,1.0,1000000,1e-06,0.002,0.9,0.0005885469043815,
1D-gaussian-1c-256p,256,256,0.0278686847064878,1000000,0.000610030495608,,seconds,52.67411971092224,52.63782101497054,megabytes,546.0,546.0,85.0,83.49773755656109,0.24008704,0.24008704,0.8171875,0.7771811368778277,success,sgd,1.0,1000000,1e-06,0.002,0.9,0.000610030495608,
1D-gaussian-1c-256p,256,256,0.1122355660878406,1000000,0.0005983740382325,,seconds,52.74034667015076,52.65845228359103,megabytes,546.0,546.0,85.0,83.67111111111112,0.239910912,0.239910912,0.8328125,0.7794097222222225,success,sgd,1.0,1000000,1e-06,0.002,0.9,0.0005983740382325,
1D-gaussian-1c-256p,256,256,0.4870949278249452,1000000,0.0006184974885511,,seconds,52.88123393058777,52.70834452658892,megabytes,546.0,546.0,85.0,83.57466063348416,0.2400256,0.2400256,0.81640625,0.7783158936651581,success,sgd,1.0,1000000,1e-06,0.002,0.9,0.0006184974885511,
1D-gaussian-1c-256p,256,256,0.2948657438104413,1000000,0.0006151744633259,,seconds,52.68857789039612,52.535539139062166,megabytes,546.0,546.0,85.0,83.6140350877193,0.240295936,0.240295936,0.8171875,0.774376370614035,success,sgd,1.0,1000000,1e-06,0.002,0.9,0.0006151744633259,
1D-gaussian-1c-256p,256,256,0.0388275253614418,1000000,0.0006027484281943,,seconds,52.78496956825256,52.61249463073909,megabytes,546.0,546.0,85.0,83.84304932735427,0.24000512,0.24000512,0.82421875,0.7788992432735427,success,sgd,1.0,1000000,1e-06,0.002,0.9,0.0006027484281943,
1D-gaussian-1c-256p,256,256,0.5048462798876897,1000000,0.0006123156508555,,seconds,52.74910974502564,52.619577230885625,megabytes,546.0,546.0,85.0,83.71232876712328,0.241594368,0.241594368,0.821875,0.7779930079908676,success,sgd,1.0,1000000,1e-06,0.002,0.9,0.0006123156508555,
1D-gaussian-1c-256p,256,256,0.8238920078512278,1000000,0.0006242786353677,,seconds,52.384441614151,52.366168739274144,megabytes,546.0,546.0,85.0,83.64377682403433,0.240226304,0.240226304,0.82265625,0.778963251072962,success,sgd,1.0,1000000,1e-06,0.002,0.9,0.0006242786353677,
1D-gaussian-1c-512p,512,512,0.5452458603788681,1000000,0.0008366642977313,,seconds,70.10543394088745,70.00800799578428,megabytes,554.0,554.0,87.0,84.50344827586207,0.269221888,0.269221888,0.81796875,0.7780792025862072,success,sgd,1.0,1000000,1e-06,0.002,0.9,0.0008366642977313,
1D-gaussian-1c-512p,512,512,0.0983142533046047,1000000,0.0008207561126519,,seconds,69.09459924697876,69.06720742024481,megabytes,554.0,554.0,86.0,85.47098976109216,0.24150016,0.24150016,0.82421875,0.7797194965870314,success,sgd,1.0,1000000,1e-06,0.002,0.9,0.0008207561126519,
1D-gaussian-1c-512p,512,512,1.250599179479532,1000000,0.000854843782112,,seconds,69.3089771270752,69.15582706779242,megabytes,554.0,554.0,87.0,85.95904436860069,0.241422336,0.241422336,0.821875,0.7778583617747438,success,sgd,1.0,1000000,1e-06,0.002,0.9,0.000854843782112,
1D-gaussian-1c-512p,512,512,0.3315814214845537,1000000,0.0008000356652837,,seconds,69.27502989768982,69.20653670094907,megabytes,554.0,554.0,86.0,85.42611683848797,0.241545216,0.241545216,0.85625,0.777878006872852,success,sgd,1.0,1000000,1e-06,0.002,0.9,0.0008000356652837,
1D-gaussian-1c-512p,512,512,0.0602381029133893,1000000,0.000786475806296,,seconds,69.36113858222961,69.36346442066133,megabytes,554.0,554.0,87.0,85.36879432624113,0.24139776,0.24139776,0.821875,0.7786153590425535,success,sgd,1.0,1000000,1e-06,0.002,0.9,0.000786475806296,
1D-gaussian-1c-512p,512,512,0.3950812344661722,1000000,0.0008300118692385,,seconds,69.37854480743408,69.28659593686461,megabytes,554.0,554.0,86.0,85.13888888888889,0.24143872,0.24143872,0.81796875,0.7806477864583337,success,sgd,1.0,1000000,1e-06,0.002,0.9,0.0008300118692385,
1D-gaussian-1c-512p,512,512,0.099615631158361,1000000,0.0007636216224773,,seconds,69.30194664001465,69.11676584556699,megabytes,554.0,554.0,87.0,85.65762711864407,0.241635328,0.241635328,0.8171875,0.7774073093220342,success,sgd,1.0,1000000,1e-06,0.002,0.9,0.0007636216224773,
1D-gaussian-1c-512p,512,512,0.1179092959491464,1000000,0.0007548940089207,,seconds,69.27993392944336,69.24260050803423,megabytes,554.0,554.0,86.0,85.10175438596491,0.241303552,0.241303552,0.82109375,0.7785416666666668,success,sgd,1.0,1000000,1e-06,0.002,0.9,0.0007548940089207,
1D-gaussian-1c-512p,512,512,0.116509647505805,1000000,0.000764235380151,,seconds,69.15509080886841,69.1793589387089,megabytes,554.0,554.0,86.0,85.26736111111111,0.241496064,0.241496064,0.82109375,0.7782470703124998,success,sgd,1.0,1000000,1e-06,0.002,0.9,0.000764235380151,
1D-gaussian-1c-512p,512,512,0.1085037024886656,1000000,0.0007594069040888,,seconds,69.07034468650818,69.06098835170269,megabytes,554.0,554.0,86.0,85.43243243243244,0.24147968,0.24147968,0.815625,0.7772038640202702,success,sgd,1.0,1000000,1e-06,0.002,0.9,0.0007594069040888,
1D-gaussian-1c-512p,512,512,0.0830462998376001,1000000,0.0008126165039726,,seconds,69.33406519889832,69.272137850523,megabytes,554.0,554.0,86.0,85.36491228070176,0.241364992,0.241364992,0.81875,0.779361293859649,success,sgd,1.0,1000000,1e-06,0.002,0.9,0.0008126165039726,
1D-gaussian-1c-512p,512,512,0.0448150128585426,1000000,0.0008223349047998,,seconds,69.36253952980042,69.28487700410187,megabytes,554.0,554.0,86.0,85.34982332155477,0.24147968,0.24147968,0.8265625,0.7799607994699648,success,sgd,1.0,1000000,1e-06,0.002,0.9,0.0008223349047998,
1D-gaussian-1c-512p,512,512,0.1559829556462697,1000000,0.0007942056566097,,seconds,69.12738013267517,69.01152195595205,megabytes,554.0,554.0,87.0,86.00335570469798,0.24143872,0.24143872,0.81953125,0.7776662122483222,success,sgd,1.0,1000000,1e-06,0.002,0.9,0.0007942056566097,
1D-gaussian-1c-512p,512,512,0.2592515237880621,1000000,0.0008290955738398,,seconds,69.44082474708557,69.26029089652002,megabytes,554.0,554.0,86.0,85.15714285714286,0.241250304,0.241250304,0.81953125,0.7782226562500001,success,sgd,1.0,1000000,1e-06,0.002,0.9,0.0008290955738398,
1D-gaussian-1c-512p,512,512,0.0883066979998451,1000000,0.0007784632466889,,seconds,69.29224967956543,69.18996775522828,megabytes,554.0,554.0,87.0,85.78620689655172,0.241221632,0.241221632,0.81796875,0.7775727370689658,success,sgd,1.0,1000000,1e-06,0.002,0.9,0.0007784632466889,
1D-gaussian-1c-512p,512,512,0.0456534259529959,1000000,0.0008109671137824,,seconds,69.26004576683044,69.23582310043275,megabytes,554.0,554.0,86.0,85.22996515679442,0.241491968,0.241491968,0.81796875,0.7804823606271775,success,sgd,1.0,1000000,1e-06,0.002,0.9,0.0008109671137824,
1D-gaussian-1c-512p,512,512,0.1949633376406676,1000000,0.0007826766887408,,seconds,69.35292673110962,69.19772704318166,megabytes,554.0,554.0,87.0,85.7147766323024,0.241209344,0.241209344,0.81484375,0.778417633161512,success,sgd,1.0,1000000,1e-06,0.002,0.9,0.0007826766887408,
1D-gaussian-1c-512p,512,512,0.2765072050710783,1000000,0.0008151458334678,,seconds,69.18047976493835,69.08537707291543,megabytes,554.0,554.0,86.0,85.46232876712328,0.241164288,0.241164288,0.8234375,0.778638698630137,success,sgd,1.0,1000000,1e-06,0.002,0.9,0.0008151458334678,
1D-gaussian-1c-512p,512,512,0.0532963879584745,1000000,0.0007824576341059,,seconds,69.15522813796997,69.12968254461884,megabytes,554.0,554.0,87.0,85.46048109965636,0.241258496,0.241258496,0.825,0.777091387457045,success,sgd,1.0,1000000,1e-06,0.002,0.9,0.0007824576341059,
1D-gaussian-1c-512p,512,512,0.5167569804793618,1000000,0.0008360789772874,,seconds,68.95106768608093,68.92794552631676,megabytes,554.0,554.0,86.0,85.54697986577182,0.241446912,0.241446912,0.8359375,0.7795170931208052,success,sgd,1.0,1000000,1e-06,0.002,0.9,0.0008360789772874,
1D-gaussian-1c-512p,512,512,0.0372302886436652,1000000,0.0007682386755336,,seconds,69.45970630645752,69.29840284585953,megabytes,554.0,554.0,87.0,85.34859154929578,0.241270784,0.241270784,0.81640625,0.7768183318661968,success,sgd,1.0,1000000,1e-06,0.002,0.9,0.0007682386755336,
1D-gaussian-1c-512p,512,512,0.0439520176963167,1000000,0.0008028544156678,,seconds,69.03425121307373,69.03384902700782,megabytes,554.0,554.0,86.0,85.5959595959596,0.241270784,0.241270784,0.8171875,0.7800189393939392,success,sgd,1.0,1000000,1e-06,0.002,0.9,0.0008028544156678,
1D-gaussian-1c-512p,512,512,0.1058844502499748,1000000,0.0007586983598985,,seconds,69.10240006446838,69.0440622959286,megabytes,554.0,554.0,86.0,85.59060402684564,0.241164288,0.241164288,0.82265625,0.7780306208053688,success,sgd,1.0,1000000,1e-06,0.002,0.9,0.0007586983598985,
1D-gaussian-1c-512p,512,512,0.0346501093309331,1000000,0.0008233916782527,,seconds,69.15762972831726,69.16705580055714,megabytes,554.0,554.0,86.0,85.23024054982818,0.241352704,0.241352704,0.81875,0.7791720360824738,success,sgd,1.0,1000000,1e-06,0.002,0.9,0.0008233916782527,
1D-gaussian-1c-512p,512,512,0.119002776438356,1000000,0.0007862511772463,,seconds,69.22605633735657,69.19664350710809,megabytes,554.0,554.0,86.0,85.42906574394463,0.241430528,0.241430528,0.8171875,0.7799956747404843,success,sgd,1.0,1000000,1e-06,0.002,0.9,0.0007862511772463,
1D-gaussian-1c-512p,512,512,0.4894382055645233,1000000,0.0008353896559676,,seconds,69.15677499771118,69.12128264643252,megabytes,554.0,554.0,86.0,85.2076124567474,0.241270784,0.241270784,0.821875,0.7803579152249137,success,sgd,1.0,1000000,1e-06,0.002,0.9,0.0008353896559676,
1D-gaussian-1c-512p,512,512,0.2990704023933868,1000000,0.0008307617646424,,seconds,69.28312301635742,69.26796481013298,megabytes,554.0,554.0,86.0,85.46020761245674,0.241311744,0.241311744,0.83828125,0.7785277897923875,success,sgd,1.0,1000000,1e-06,0.002,0.9,0.0008307617646424,
1D-gaussian-1c-512p,512,512,0.0459809962429835,1000000,0.0008005796906267,,seconds,69.100754737854,69.04355468787253,megabytes,554.0,554.0,86.0,85.39,0.241545216,0.241545216,0.83125,0.7775937499999999,success,sgd,1.0,1000000,1e-06,0.002,0.9,0.0008005796906267,
1D-gaussian-1c-512p,512,512,0.507520247297058,1000000,0.0008167146873692,,seconds,69.20711207389832,69.26198912411928,megabytes,554.0,554.0,87.0,85.56842105263158,0.241332224,0.241332224,0.8578125,0.7799287280701759,success,sgd,1.0,1000000,1e-06,0.002,0.9,0.0008167146873692,
1D-gaussian-1c-512p,512,512,0.8229066488160603,1000000,0.0008438054613642,,seconds,69.23246264457703,69.07662109844387,megabytes,554.0,554.0,86.0,85.3841059602649,0.241483776,0.241483776,0.828125,0.77709023178808,success,sgd,1.0,1000000,1e-06,0.002,0.9,0.0008438054613642,
1D-gaussian-1c-1024p,1024,1024,0.5384337538070703,1000000,0.0012066729358766,,seconds,93.47529125213624,93.47518233582376,megabytes,580.0,580.0,90.0,87.38461538461539,0.26597376,0.26597376,0.82109375,0.7765256668734495,success,sgd,1.0,1000000,1e-06,0.002,0.9,0.0012066729358766,
1D-gaussian-1c-1024p,1024,1024,0.0875134961420864,1000000,0.0013053883496626,,seconds,91.9221532344818,91.85552272759378,megabytes,580.0,580.0,90.0,88.7911227154047,0.243552256,0.243552256,0.81953125,0.7782616677545691,success,sgd,1.0,1000000,1e-06,0.002,0.9,0.0013053883496626,
1D-gaussian-1c-1024p,1024,1024,1.250239350771925,1000000,0.0010445266515106,,seconds,91.60196924209596,91.48398689180613,megabytes,580.0,580.0,90.0,88.61702127659575,0.24344576,0.24344576,0.828125,0.7789748171542552,success,sgd,1.0,1000000,1e-06,0.002,0.9,0.0010445266515106,
1D-gaussian-1c-1024p,1024,1024,0.3207084809431104,1000000,0.001197603669411,,seconds,91.46207046508788,91.32542778365314,megabytes,580.0,580.0,90.0,88.60362694300518,0.2434048,0.2434048,0.82109375,0.777863908678757,success,sgd,1.0,1000000,1e-06,0.002,0.9,0.001197603669411,
1D-gaussian-1c-1024p,1024,1024,0.0466027791534379,1000000,0.0011998979086751,,seconds,91.95081901550292,91.88800378330052,megabytes,580.0,580.0,90.0,88.73157894736842,0.243421184,0.243421184,0.8171875,0.7790193256578949,success,sgd,1.0,1000000,1e-06,0.002,0.9,0.0011998979086751,
1D-gaussian-1c-1024p,1024,1024,0.3867468237773265,1000000,0.0012468722954045,,seconds,91.90036869049072,91.80430266074836,megabytes,580.0,580.0,92.0,88.76439790575917,0.243351552,0.243351552,0.82265625,0.7786444698952886,success,sgd,1.0,1000000,1e-06,0.002,0.9,0.0012468722954045,
1D-gaussian-1c-1024p,1024,1024,0.0846974407271298,1000000,0.0011241345827842,,seconds,91.597975730896,91.56823744997382,megabytes,580.0,580.0,90.0,88.53580901856763,0.243388416,0.243388416,0.81640625,0.7791342009283817,success,sgd,1.0,1000000,1e-06,0.002,0.9,0.0011241345827842,
1D-gaussian-1c-1024p,1024,1024,0.1025848228954257,1000000,0.0010967319790415,,seconds,92.2139949798584,92.11202370934188,megabytes,580.0,580.0,90.0,88.65803108808291,0.243441664,0.243441664,0.81875,0.777944867227979,success,sgd,1.0,1000000,1e-06,0.002,0.9,0.0010967319790415,
1D-gaussian-1c-1024p,1024,1024,0.101756485138025,1000000,0.0011250866360157,,seconds,92.28578996658324,92.2502737827599,megabytes,580.0,580.0,91.0,88.54871794871795,0.243277824,0.243277824,0.825,0.7805568910256415,success,sgd,1.0,1000000,1e-06,0.002,0.9,0.0011250866360157,
1D-gaussian-1c-1024p,1024,1024,0.0933863506557895,1000000,0.0011107938100532,,seconds,91.8833339214325,91.74819727614522,megabytes,580.0,580.0,90.0,88.28496042216359,0.243294208,0.243294208,0.82421875,0.7779889511873356,success,sgd,1.0,1000000,1e-06,0.002,0.9,0.0011107938100532,
1D-gaussian-1c-1024p,1024,1024,0.0715074488171012,1000000,0.0012840964645959,,seconds,91.9964475631714,91.82060820236802,megabytes,580.0,580.0,90.0,88.28534031413612,0.243277824,0.243277824,0.82578125,0.7786915085078528,success,sgd,1.0,1000000,1e-06,0.002,0.9,0.0012840964645959,
1D-gaussian-1c-1024p,1024,1024,0.0338842851894917,1000000,0.0013240308953569,,seconds,91.89800000190736,91.7962119691074,megabytes,580.0,580.0,91.0,88.7313829787234,0.243257344,0.243257344,0.84296875,0.7797789228723405,success,sgd,1.0,1000000,1e-06,0.002,0.9,0.0013240308953569,
1D-gaussian-1c-1024p,1024,1024,0.1435000836927237,1000000,0.0012126791596992,,seconds,92.16119956970216,91.99196694605052,megabytes,580.0,580.0,91.0,88.56122448979592,0.24326144,0.24326144,0.83046875,0.7768853635204078,success,sgd,1.0,1000000,1e-06,0.002,0.9,0.0012126791596992,
1D-gaussian-1c-1024p,1024,1024,0.2500340405696382,1000000,0.0012769345340113,,seconds,91.9538869857788,91.77742489613593,megabytes,580.0,580.0,92.0,88.717277486911,0.243298304,0.243298304,0.82109375,0.7787467277486909,success,sgd,1.0,1000000,1e-06,0.002,0.9,0.0012769345340113,
1D-gaussian-1c-1024p,1024,1024,0.0742871784812655,1000000,0.001171815123555,,seconds,91.31735920906068,91.13351269997656,megabytes,580.0,580.0,90.0,88.62404092071611,0.243470336,0.243470336,0.8359375,0.7782009271099748,success,sgd,1.0,1000000,1e-06,0.002,0.9,0.001171815123555,
1D-gaussian-1c-1024p,1024,1024,0.0337974673753316,1000000,0.0012850289290168,,seconds,91.64766573905943,91.6507057286799,megabytes,580.0,580.0,90.0,88.54381443298969,0.24334336,0.24334336,0.834375,0.7798787854381445,success,sgd,1.0,1000000,1e-06,0.002,0.9,0.0012850289290168,
1D-gaussian-1c-1024p,1024,1024,0.1819733459166386,1000000,0.0011719334837766,,seconds,92.64987421035768,92.50226455926897,megabytes,580.0,580.0,92.0,88.21534653465346,0.243474432,0.243474432,0.82109375,0.7776589573019806,success,sgd,1.0,1000000,1e-06,0.002,0.9,0.0011719334837766,
1D-gaussian-1c-1024p,1024,1024,0.2662966201715522,1000000,0.0012476488648834,,seconds,92.3221161365509,92.16505009867252,megabytes,580.0,580.0,91.0,88.66921119592875,0.24342528,0.24342528,0.8234375,0.7777850667938926,success,sgd,1.0,1000000,1e-06,0.002,0.9,0.0012476488648834,
1D-gaussian-1c-1024p,1024,1024,0.0393340993456148,1000000,0.0011862623167016,,seconds,92.07951498031616,91.95700684189796,megabytes,580.0,580.0,90.0,87.96039603960396,0.243253248,0.243253248,0.82265625,0.7788733756188121,success,sgd,1.0,1000000,1e-06,0.002,0.9,0.0011862623167016,
1D-gaussian-1c-1024p,1024,1024,0.5097330795150776,1000000,0.0012049167599027,,seconds,91.97888708114624,91.79862051829696,megabytes,580.0,580.0,91.0,88.7565445026178,0.2435072,0.2435072,0.81875,0.7780902323298431,success,sgd,1.0,1000000,1e-06,0.002,0.9,0.0012049167599027,
1D-gaussian-1c-1024p,1024,1024,0.0222063045000969,1000000,0.0011307953782505,,seconds,90.96009659767152,90.80098821595313,megabytes,580.0,580.0,90.0,88.88113695090439,0.24346624,0.24346624,0.8234375,0.7779695574935396,success,sgd,1.0,1000000,1e-06,0.002,0.9,0.0011307953782505,
1D-gaussian-1c-1024p,1024,1024,0.0314521574198294,1000000,0.0012566307265885,,seconds,90.69773888587952,90.55370531603694,megabytes,580.0,580.0,90.0,89.20316622691293,0.244637696,0.244637696,0.82421875,0.7773128298153037,success,sgd,1.0,1000000,1e-06,0.002,0.9,0.0012566307265885,
1D-gaussian-1c-1024p,1024,1024,0.0907029268407251,1000000,0.0011087462194262,,seconds,92.02705335617064,92.0281096212566,megabytes,580.0,580.0,90.0,88.73560209424083,0.246427648,0.246427648,0.81953125,0.779732493455497,success,sgd,1.0,1000000,1e-06,0.002,0.9,0.0011087462194262,
1D-gaussian-1c-1024p,1024,1024,0.0237635622592601,1000000,0.0013297507193885,,seconds,92.2338399887085,92.1488385759294,megabytes,580.0,580.0,90.0,88.55820105820106,0.246509568,0.246509568,0.82421875,0.7778294477513225,success,sgd,1.0,1000000,1e-06,0.002,0.9,0.0013297507193885,
1D-gaussian-1c-1024p,1024,1024,0.1057225862639067,1000000,0.0011934827039867,,seconds,91.63307523727416,91.53075234405696,megabytes,580.0,580.0,91.0,88.42307692307692,0.246505472,0.246505472,0.82109375,0.7778986378205127,success,sgd,1.0,1000000,1e-06,0.002,0.9,0.0011934827039867,
1D-gaussian-1c-1024p,1024,1024,0.4821630799207252,1000000,0.0012177388451676,,seconds,92.58006286621094,92.4090541023761,megabytes,580.0,580.0,90.0,88.33250620347394,0.246276096,0.246276096,0.82421875,0.7778380893300246,success,sgd,1.0,1000000,1e-06,0.002,0.9,0.0012177388451676,
1D-gaussian-1c-1024p,1024,1024,0.2902473117087729,1000000,0.0012612775514543,,seconds,91.69003558158876,91.53746338002384,megabytes,580.0,580.0,91.0,88.44730077120822,0.243580928,0.243580928,0.821875,0.7770545469151666,success,sgd,1.0,1000000,1e-06,0.002,0.9,0.0012612775514543,
1D-gaussian-1c-1024p,1024,1024,0.0333156949718941,1000000,0.0012486645556506,,seconds,92.1746425628662,92.1072450876236,megabytes,580.0,580.0,91.0,88.2948717948718,0.24326144,0.24326144,0.83046875,0.7780188301282048,success,sgd,1.0,1000000,1e-06,0.002,0.9,0.0012486645556506,
1D-gaussian-1c-1024p,1024,1024,0.4990092590846194,1000000,0.0012028057837443,,seconds,90.03577303886414,89.89235201664269,megabytes,580.0,580.0,91.0,89.47425474254743,0.243453952,0.243453952,0.8203125,0.7780890074525738,success,sgd,1.0,1000000,1e-06,0.002,0.9,0.0012028057837443,
1D-gaussian-1c-1024p,1024,1024,0.8185966062284333,1000000,0.0011359791966176,,seconds,88.82698488235474,88.74559211358428,megabytes,580.0,580.0,92.0,90.38069705093834,0.243482624,0.243482624,0.8234375,0.7779050770777488,success,sgd,1.0,1000000,1e-06,0.002,0.9,0.0011359791966176,
1D-gaussian-1c-2048p,2048,2048,0.480120491742151,1000000,0.0077446164334084,,seconds,188.3494098186493,188.2031887359917,megabytes,676.0,676.0,96.0,94.29274611398964,0.269611008,0.269611008,0.82734375,0.7766505424222799,success,sgd,1.0,1000000,1e-06,0.002,0.9,0.0077446164334084,
1D-gaussian-1c-2048p,2048,2048,0.0684328988680541,1000000,0.0082922900163243,,seconds,186.1954939365387,186.17806806787848,megabytes,676.0,676.0,96.0,95.31691078561916,0.247857152,0.247857152,0.83359375,0.778934337549934,success,sgd,1.0,1000000,1e-06,0.002,0.9,0.0082922900163243,
1D-gaussian-1c-2048p,2048,2048,1.145672450256482,1000000,0.0068395822696228,,seconds,188.0394277572632,187.89872455783188,megabytes,676.0,676.0,95.0,94.89290495314592,0.248745984,0.248745984,0.8234375,0.7794595046854086,success,sgd,1.0,1000000,1e-06,0.002,0.9,0.0068395822696228,
1D-gaussian-1c-2048p,2048,2048,0.2828332305550339,1000000,0.0075538424513554,,seconds,188.46293592453003,188.3839767035097,megabytes,676.0,676.0,95.0,94.93866666666666,0.248725504,0.248725504,0.81796875,0.7784322916666667,success,sgd,1.0,1000000,1e-06,0.002,0.9,0.0075538424513554,
1D-gaussian-1c-2048p,2048,2048,0.0324559320534732,1000000,0.0078315338614142,,seconds,187.917950630188,187.7781746797264,megabytes,676.0,676.0,95.0,94.9737876802097,0.248569856,0.248569856,0.8328125,0.779165301441677,success,sgd,1.0,1000000,1e-06,0.002,0.9,0.0078315338614142,
1D-gaussian-1c-2048p,2048,2048,0.3409913740998062,1000000,0.0079055604303008,,seconds,188.7368519306183,188.5827557500452,megabytes,676.0,676.0,95.0,94.91623036649214,0.247754752,0.247754752,0.81953125,0.7793388007198941,success,sgd,1.0,1000000,1e-06,0.002,0.9,0.0079055604303008,
1D-gaussian-1c-2048p,2048,2048,0.0679933789360148,1000000,0.0074111367987139,,seconds,187.82829880714417,187.708847951144,megabytes,676.0,676.0,95.0,94.8903743315508,0.248643584,0.248643584,0.8484375,0.7786336480614968,success,sgd,1.0,1000000,1e-06,0.002,0.9,0.0074111367987139,
1D-gaussian-1c-2048p,2048,2048,0.0847298346145827,1000000,0.0072453562374706,,seconds,188.1577820777893,188.0219337120652,megabytes,676.0,676.0,96.0,94.87350199733687,0.248643584,0.248643584,0.81953125,0.7789561834221037,success,sgd,1.0,1000000,1e-06,0.002,0.9,0.0072453562374706,
1D-gaussian-1c-2048p,2048,2048,0.0836077863771127,1000000,0.0073904626774403,,seconds,187.54680800437927,187.38253563083708,megabytes,676.0,676.0,95.0,94.93691275167784,0.24854528,0.24854528,0.8390625,0.7786776426174501,success,sgd,1.0,1000000,1e-06,0.002,0.9,0.0073904626774403,
1D-gaussian-1c-2048p,2048,2048,0.0761127486775651,1000000,0.0073310561988828,,seconds,188.36100149154663,188.30630583129823,megabytes,676.0,676.0,95.0,94.92156862745098,0.24848384,0.24848384,0.8359375,0.7796088643790848,success,sgd,1.0,1000000,1e-06,0.002,0.9,0.0073310561988828,
1D-gaussian-1c-2048p,2048,2048,0.0542309808321806,1000000,0.0081939936440384,,seconds,188.16547012329104,188.052190547809,megabytes,676.0,676.0,96.0,94.87335092348285,0.247558144,0.247558144,0.8171875,0.779731818931399,success,sgd,1.0,1000000,1e-06,0.002,0.9,0.0081939936440384,
1D-gaussian-1c-2048p,2048,2048,0.0198513636430818,1000000,0.0084135596498545,,seconds,188.32296299934387,188.3119052965194,megabytes,676.0,676.0,95.0,94.96491228070175,0.244670464,0.244670464,0.815625,0.7796073717948719,success,sgd,1.0,1000000,1e-06,0.002,0.9,0.0084135596498545,
1D-gaussian-1c-2048p,2048,2048,0.1205483898669455,1000000,0.0077783380379384,,seconds,187.63664507865903,187.5921165626496,megabytes,676.0,676.0,95.0,94.87265415549598,0.244801536,0.244801536,0.83984375,0.7789072972520112,success,sgd,1.0,1000000,1e-06,0.002,0.9,0.0077783380379384,
1D-gaussian-1c-2048p,2048,2048,0.2157890343320906,1000000,0.0081315498128769,,seconds,188.75765705108645,188.6009025387466,megabytes,676.0,676.0,95.0,94.86225165562914,0.244809728,0.244809728,0.8171875,0.7790387003311263,success,sgd,1.0,1000000,1e-06,0.002,0.9,0.0081315498128769,
1D-gaussian-1c-2048p,2048,2048,0.057955062942703,1000000,0.0076582925875379,,seconds,187.71897315979004,187.549616323784,megabytes,676.0,676.0,95.0,94.83266932270917,0.244768768,0.244768768,0.821875,0.7796293990703852,success,sgd,1.0,1000000,1e-06,0.002,0.9,0.0076582925875379,
1D-gaussian-1c-2048p,2048,2048,0.0201082967287028,1000000,0.0082359532423721,,seconds,187.75755310058597,187.78967735916376,megabytes,676.0,676.0,96.0,94.87433155080214,0.244883456,0.244883456,0.82734375,0.779767922794118,success,sgd,1.0,1000000,1e-06,0.002,0.9,0.0082359532423721,
1D-gaussian-1c-2048p,2048,2048,0.1563607013207875,1000000,0.0075316364465306,,seconds,187.55723690986636,187.38255554251373,megabytes,676.0,676.0,96.0,94.95150720838794,0.247857152,0.247857152,0.8328125,0.779013761467889,success,sgd,1.0,1000000,1e-06,0.002,0.9,0.0075316364465306,
1D-gaussian-1c-2048p,2048,2048,0.2316955534533024,1000000,0.0078853683729444,,seconds,185.93471217155457,185.91641463525596,megabytes,676.0,676.0,96.0,95.43506493506491,0.248582144,0.248582144,0.84296875,0.7807995129870134,success,sgd,1.0,1000000,1e-06,0.002,0.9,0.0078853683729444,
1D-gaussian-1c-2048p,2048,2048,0.0259535411807744,1000000,0.0077819262542551,,seconds,188.09350085258484,187.9618044625968,megabytes,676.0,676.0,96.0,94.93050193050192,0.24844288,0.24844288,0.81953125,0.7786971122908631,success,sgd,1.0,1000000,1e-06,0.002,0.9,0.0077819262542551,
1D-gaussian-1c-2048p,2048,2048,0.453612195172714,1000000,0.007783566934192,,seconds,186.88037037849423,186.72224656678736,megabytes,678.0,678.0,96.0,95.27651006711407,0.248541184,0.248541184,0.83515625,0.7790855704697989,success,sgd,1.0,1000000,1e-06,0.002,0.9,0.007783566934192,
1D-gaussian-1c-2048p,2048,2048,0.0107110261695753,1000000,0.0075885588936984,,seconds,187.6535189151764,187.5910242088139,megabytes,678.0,678.0,96.0,95.13929040735874,0.248549376,0.248549376,0.81953125,0.7788169349540076,success,sgd,1.0,1000000,1e-06,0.002,0.9,0.0075885588936984,
1D-gaussian-1c-2048p,2048,2048,0.0182143236704897,1000000,0.0081133814673766,,seconds,187.41060972213745,187.3117714636028,megabytes,678.0,678.0,96.0,95.04483695652172,0.247742464,0.247742464,0.8140625,0.7785495923913041,success,sgd,1.0,1000000,1e-06,0.002,0.9,0.0081133814673766,
1D-gaussian-1c-2048p,2048,2048,0.0736768889645029,1000000,0.0073249028978164,,seconds,187.48379731178284,187.3265453353524,megabytes,678.0,678.0,96.0,95.40682414698163,0.248541184,0.248541184,0.8234375,0.7786612122703401,success,sgd,1.0,1000000,1e-06,0.002,0.9,0.0073249028978164,
1D-gaussian-1c-2048p,2048,2048,0.0106815807705874,1000000,0.0084482674387687,,seconds,187.5117211341858,187.44688321650028,megabytes,678.0,678.0,96.0,95.15322580645162,0.2485248,0.2485248,0.8359375,0.7786510836693549,success,sgd,1.0,1000000,1e-06,0.002,0.9,0.0084482674387687,
1D-gaussian-1c-2048p,2048,2048,0.0863768340897142,1000000,0.0077226994806803,,seconds,187.5262928009033,187.4975944403559,megabytes,678.0,678.0,96.0,95.43667546174144,0.247574528,0.247574528,0.8390625,0.7795071322559373,success,sgd,1.0,1000000,1e-06,0.002,0.9,0.0077226994806803,
1D-gaussian-1c-2048p,2048,2048,0.4282608115953608,1000000,0.0078217087127188,,seconds,187.75956106185916,187.65726672858,megabytes,678.0,678.0,96.0,95.06924101198402,0.248651776,0.248651776,0.8203125,0.7785972869507327,success,sgd,1.0,1000000,1e-06,0.002,0.9,0.0078217087127188,
1D-gaussian-1c-2048p,2048,2048,0.2523797165345024,1000000,0.0080851727634396,,seconds,187.66229605674744,187.51923567987976,megabytes,678.0,678.0,96.0,95.4296675191816,0.24864768,0.24864768,0.82890625,0.7799632352941178,success,sgd,1.0,1000000,1e-06,0.002,0.9,0.0080851727634396,
1D-gaussian-1c-2048p,2048,2048,0.0199690502377129,1000000,0.0080745918056624,,seconds,187.8696105480194,187.6972940899432,megabytes,678.0,678.0,96.0,95.0249343832021,0.247595008,0.247595008,0.8203125,0.7781711368110233,success,sgd,1.0,1000000,1e-06,0.002,0.9,0.0080745918056624,
1D-gaussian-1c-2048p,2048,2048,0.4460942542361868,1000000,0.0075010840881588,,seconds,187.25528383255005,187.2128244768828,megabytes,678.0,678.0,96.0,95.50895140664962,0.248684544,0.248684544,0.8203125,0.7793338395140671,success,sgd,1.0,1000000,1e-06,0.002,0.9,0.0075010840881588,
1D-gaussian-1c-2048p,2048,2048,0.7398906260243057,1000000,0.0073780315532463,,seconds,187.5573127269745,187.3918418791145,megabytes,678.0,678.0,96.0,95.04685408299866,0.2485248,0.2485248,0.82578125,0.7780904869477909,success,sgd,1.0,1000000,1e-06,0.002,0.9,0.0073780315532463,
1D-gaussian-1c-32p,32,32,0.5382007143772574,1000000,1.947284147551781e-05,,seconds,38.29219889640808,38.27273569814861,megabytes,548.0,548.0,81.0,80.38323353293413,0.248082432,0.248082432,0.83828125,0.7802208083832332,success,sgd,0.1,1000000,1e-06,0.002,0.9,1.947284147551781e-05,
1D-gaussian-1c-32p,32,32,0.0815779252970278,1000000,1.68014633801901e-05,,seconds,37.96566295623779,37.97462014108896,megabytes,548.0,548.0,83.0,80.92993630573248,0.24788992,0.24788992,0.8171875,0.7785678742038217,success,sgd,0.1,1000000,1e-06,0.002,0.9,1.68014633801901e-05,
1D-gaussian-1c-32p,32,32,1.258579882830118,1000000,2.9911219518984688e-05,,seconds,37.56034111976624,37.39722689986229,megabytes,548.0,548.0,85.0,82.03205128205128,0.244928512,0.244928512,0.8375,0.7750901442307694,success,sgd,0.1,1000000,1e-06,0.002,0.9,2.9911219518984688e-05,
1D-gaussian-1c-32p,32,32,0.3176847359028821,1000000,1.8347335535182008e-05,,seconds,37.239272356033325,37.18428882025182,megabytes,548.0,548.0,84.0,82.48765432098766,0.244813824,0.244813824,0.8234375,0.7778211805555553,success,sgd,0.1,1000000,1e-06,0.002,0.9,1.8347335535182008e-05,
1D-gaussian-1c-32p,32,32,0.0406082622868554,1000000,1.6259036842802194e-05,,seconds,37.54027056694031,37.42698127031326,megabytes,548.0,548.0,84.0,81.89308176100629,0.244809728,0.244809728,0.8171875,0.7760760613207549,success,sgd,0.1,1000000,1e-06,0.002,0.9,1.6259036842802194e-05,
1D-gaussian-1c-32p,32,32,0.384609209675659,1000000,1.882771152773937e-05,,seconds,38.048452377319336,37.92578659579158,megabytes,548.0,548.0,83.0,81.03105590062111,0.245047296,0.245047296,0.81953125,0.7754124611801243,success,sgd,0.1,1000000,1e-06,0.002,0.9,1.882771152773937e-05,
1D-gaussian-1c-32p,32,32,0.079369536311139,1000000,1.6037874335286296e-05,,seconds,37.65455174446106,37.49658613093197,megabytes,548.0,548.0,83.0,82.12422360248448,0.244903936,0.244903936,0.834375,0.7757327251552792,success,sgd,0.1,1000000,1e-06,0.002,0.9,1.6037874335286296e-05,
1D-gaussian-1c-32p,32,32,0.0975113423015015,1000000,1.6147266607038255e-05,,seconds,38.13021421432495,37.93657893128693,megabytes,548.0,548.0,83.0,81.25748502994011,0.244887552,0.244887552,0.8234375,0.7766186377245509,success,sgd,0.1,1000000,1e-06,0.002,0.9,1.6147266607038255e-05,
1D-gaussian-1c-32p,32,32,0.0965922868487106,1000000,1.6059469466900132e-05,,seconds,37.55520272254944,37.37074851244688,megabytes,548.0,548.0,83.0,82.375,0.244834304,0.244834304,0.82265625,0.7761439732142856,success,sgd,0.1,1000000,1e-06,0.002,0.9,1.6059469466900132e-05,
1D-gaussian-1c-32p,32,32,0.0881836339620621,1000000,1.5893803211911436e-05,,seconds,37.49421977996826,37.33620933815837,megabytes,548.0,548.0,84.0,82.34131736526946,0.245030912,0.245030912,0.81796875,0.7774139221556888,success,sgd,0.1,1000000,1e-06,0.002,0.9,1.5893803211911436e-05,
1D-gaussian-1c-32p,32,32,0.0654719976186994,1000000,1.656716531199097e-05,,seconds,37.40763688087464,37.229688165709376,megabytes,548.0,548.0,84.0,82.70625,0.244924416,0.244924416,0.83125,0.7767138671875002,success,sgd,0.1,1000000,1e-06,0.002,0.9,1.656716531199097e-05,
1D-gaussian-1c-32p,32,32,0.0271885424703418,1000000,1.6264012231246742e-05,,seconds,37.20921587944031,37.13432759232819,megabytes,548.0,548.0,84.0,82.6923076923077,0.244875264,0.244875264,0.8125,0.7774939903846151,success,sgd,0.1,1000000,1e-06,0.002,0.9,1.6264012231246742e-05,
1D-gaussian-1c-32p,32,32,0.1385386193975883,1000000,1.7048203825922523e-05,,seconds,38.00199627876282,37.86974440328777,megabytes,548.0,548.0,83.0,81.23125,0.244908032,0.244908032,0.81796875,0.7755908203125004,success,sgd,0.1,1000000,1e-06,0.002,0.9,1.7048203825922523e-05,
1D-gaussian-1c-32p,32,32,0.2461675158261761,1000000,1.776654688394206e-05,,seconds,37.160828828811646,37.13264606893063,megabytes,548.0,548.0,84.0,82.4551282051282,0.244801536,0.244801536,0.821875,0.780709134615385,success,sgd,0.1,1000000,1e-06,0.002,0.9,1.776654688394206e-05,
1D-gaussian-1c-32p,32,32,0.0686995326777748,1000000,1.6315298716612168e-05,,seconds,37.4504771232605,37.38416920416057,megabytes,548.0,548.0,84.0,81.88125,0.244842496,0.244842496,0.8421875,0.7795898437500003,success,sgd,0.1,1000000,1e-06,0.002,0.9,1.6315298716612168e-05,
1D-gaussian-1c-32p,32,32,0.0272887506459998,1000000,1.619683279390374e-05,,seconds,37.926188230514526,37.82660919241607,megabytes,548.0,548.0,83.0,81.13461538461539,0.2448384,0.2448384,0.8203125,0.775841346153846,success,sgd,0.1,1000000,1e-06,0.002,0.9,1.619683279390374e-05,
1D-gaussian-1c-32p,32,32,0.1774987772192059,1000000,1.707335028519689e-05,,seconds,37.17563581466675,36.99903180077672,megabytes,548.0,548.0,85.0,82.9939024390244,0.24485888,0.24485888,0.81796875,0.775705030487805,success,sgd,0.1,1000000,1e-06,0.002,0.9,1.707335028519689e-05,
1D-gaussian-1c-32p,32,32,0.2626765310096831,1000000,1.8041973058532613e-05,,seconds,37.18785738945007,37.08766210079193,megabytes,548.0,548.0,84.0,83.22981366459628,0.244850688,0.244850688,0.8171875,0.7787994953416153,success,sgd,0.1,1000000,1e-06,0.002,0.9,1.8041973058532613e-05,
1D-gaussian-1c-32p,32,32,0.033308520190003,1000000,1.6054623277705535e-05,,seconds,38.773444175720215,38.75883382000029,megabytes,548.0,548.0,82.0,79.33532934131736,0.24481792,0.24481792,0.82265625,0.7803284056886225,success,sgd,0.1,1000000,1e-06,0.002,0.9,1.6054623277705535e-05,
1D-gaussian-1c-32p,32,32,0.5091442557845468,1000000,2.0203291763785444e-05,,seconds,36.97144746780396,36.87924800999463,megabytes,548.0,548.0,85.0,83.09554140127389,0.244813824,0.244813824,0.82109375,0.7730145302547772,success,sgd,0.1,1000000,1e-06,0.002,0.9,2.0203291763785444e-05,
1D-gaussian-1c-32p,32,32,0.0161764464416442,1000000,1.5228630265505088e-05,,seconds,37.67568302154541,37.49569748342037,megabytes,548.0,548.0,83.0,81.44311377245509,0.24700928,0.24700928,0.81875,0.7737088323353292,success,sgd,0.1,1000000,1e-06,0.002,0.9,1.5228630265505088e-05,
1D-gaussian-1c-32p,32,32,0.025039523125001,1000000,1.6172314419675856e-05,,seconds,37.54563570022583,37.371834022924304,megabytes,548.0,548.0,84.0,82.14102564102564,0.247861248,0.247861248,0.81796875,0.7751051682692309,success,sgd,0.1,1000000,1e-06,0.002,0.9,1.6172314419675856e-05,
1D-gaussian-1c-32p,32,32,0.0854808302463755,1000000,1.5854939876990073e-05,,seconds,37.73844122886658,37.560504933819175,megabytes,548.0,548.0,83.0,81.50931677018633,0.247943168,0.247943168,0.8265625,0.7754706909937891,success,sgd,0.1,1000000,1e-06,0.002,0.9,1.5854939876990073e-05,
1D-gaussian-1c-32p,32,32,0.0169069347103822,1000000,1.6117736999028156e-05,,seconds,37.26807641983032,37.14313664659858,megabytes,548.0,548.0,85.0,82.6923076923077,0.248868864,0.248868864,0.8140625,0.7760566907051283,success,sgd,0.1,1000000,1e-06,0.002,0.9,1.6117736999028156e-05,
1D-gaussian-1c-32p,32,32,0.1004024359824787,1000000,1.6677195940278908e-05,,seconds,37.17397141456604,37.15086165070534,megabytes,548.0,548.0,84.0,82.68831168831169,0.24784896,0.24784896,0.81171875,0.7797382305194808,success,sgd,0.1,1000000,1e-06,0.002,0.9,1.6677195940278908e-05,
1D-gaussian-1c-32p,32,32,0.4812302399765002,1000000,2.0241682442961067e-05,,seconds,37.90589666366577,37.85560608096421,megabytes,548.0,548.0,83.0,81.01863354037268,0.24782848,0.24782848,0.8296875,0.7777707686335401,success,sgd,0.1,1000000,1e-06,0.002,0.9,2.0241682442961067e-05,
1D-gaussian-1c-32p,32,32,0.2868952512981091,1000000,1.796064545259787e-05,,seconds,37.655773878097534,37.46001078002155,megabytes,548.0,548.0,84.0,81.83333333333333,0.247042048,0.247042048,0.83984375,0.776707732371795,success,sgd,0.1,1000000,1e-06,0.002,0.9,1.796064545259787e-05,
1D-gaussian-1c-32p,32,32,0.0269614117762593,1000000,1.6118000990912587e-05,,seconds,37.71822190284729,37.7121770363301,megabytes,548.0,548.0,83.0,81.39375,0.248987648,0.248987648,0.859375,0.7799951171875,success,sgd,0.1,1000000,1e-06,0.002,0.9,1.6118000990912587e-05,
1D-gaussian-1c-32p,32,32,0.4980287063995752,1000000,1.9112228341343147e-05,,seconds,36.93148899078369,36.79984584823251,megabytes,548.0,548.0,85.0,82.99397590361446,0.24797184,0.24797184,0.81796875,0.7750235316265061,success,sgd,0.1,1000000,1e-06,0.002,0.9,1.9112228341343147e-05,
1D-gaussian-1c-32p,32,32,0.8217593513880466,1000000,2.7216966437308895e-05,,seconds,37.69626545906067,37.66569675691426,megabytes,548.0,548.0,83.0,81.54140127388536,0.247906304,0.247906304,0.81953125,0.780254777070064,success,sgd,0.1,1000000,1e-06,0.002,0.9,2.7216966437308895e-05,
1D-gaussian-1c-64p,64,64,0.5381018722696077,1000000,2.9975293986223888e-05,,seconds,44.16979598999024,44.07056817598641,megabytes,548.0,548.0,81.0,80.48484848484848,0.248111104,0.248111104,0.825,0.778669507575757,success,sgd,0.1,1000000,1e-06,0.002,0.9,2.9975293986223888e-05,
1D-gaussian-1c-64p,64,64,0.0815869742395528,1000000,2.3583574870943347e-05,,seconds,44.73048758506775,44.636166505515575,megabytes,548.0,548.0,81.0,79.07821229050279,0.247115776,0.247115776,0.81796875,0.7765319483240228,success,sgd,0.1,1000000,1e-06,0.002,0.9,2.3583574870943347e-05,
1D-gaussian-1c-64p,64,64,1.2583350956531736,1000000,4.862718438485372e-05,,seconds,44.40689992904663,44.34840682707727,megabytes,548.0,548.0,81.0,79.79581151832461,0.247984128,0.247984128,0.821875,0.7776546138743458,success,sgd,0.1,1000000,1e-06,0.002,0.9,4.862718438485372e-05,
1D-gaussian-1c-64p,64,64,0.3176469896396661,1000000,2.6224663843219187e-05,,seconds,44.55552792549133,44.37964503094554,megabytes,548.0,548.0,81.0,80.03703703703704,0.248078336,0.248078336,0.81875,0.7742352843915347,success,sgd,0.1,1000000,1e-06,0.002,0.9,2.6224663843219187e-05,
1D-gaussian-1c-64p,64,64,0.0406232818850085,1000000,2.2712738790207327e-05,,seconds,44.20537304878235,44.11545236222446,megabytes,548.0,548.0,81.0,79.32642487046633,0.247988224,0.247988224,0.82421875,0.7786552784974096,success,sgd,0.1,1000000,1e-06,0.002,0.9,2.2712738790207327e-05,
1D-gaussian-1c-64p,64,64,0.3845500078138333,1000000,2.7402776616369568e-05,,seconds,44.11535024642944,44.12122279405594,megabytes,548.0,548.0,81.0,80.03626943005182,0.248008704,0.248008704,0.8296875,0.7775947215025906,success,sgd,0.1,1000000,1e-06,0.002,0.9,2.7402776616369568e-05,
1D-gaussian-1c-64p,64,64,0.0793754833885999,1000000,2.260181011240117e-05,,seconds,44.53320837020874,44.42269884608686,megabytes,548.0,548.0,81.0,79.5,0.248008704,0.248008704,0.83125,0.7777004076086954,success,sgd,0.1,1000000,1e-06,0.002,0.9,2.260181011240117e-05,
1D-gaussian-1c-64p,64,64,0.0975133185987228,1000000,2.27763035966854e-05,,seconds,44.60345196723938,44.49154307320714,megabytes,548.0,548.0,81.0,79.46195652173913,0.248029184,0.248029184,0.8171875,0.7783500339673912,success,sgd,0.1,1000000,1e-06,0.002,0.9,2.27763035966854e-05,
1D-gaussian-1c-64p,64,64,0.0965952168044809,1000000,2.288002236467267e-05,,seconds,44.54576897621155,44.375022841617465,megabytes,548.0,548.0,81.0,79.65425531914893,0.248086528,0.248086528,0.82421875,0.7736203457446812,success,sgd,0.1,1000000,1e-06,0.002,0.9,2.288002236467267e-05,
1D-gaussian-1c-64p,64,64,0.0881878245610725,1000000,2.2642058011303983e-05,,seconds,44.35611343383789,44.33024208061397,megabytes,548.0,548.0,81.0,79.70491803278688,0.248020992,0.248020992,0.8171875,0.7780908469945358,success,sgd,0.1,1000000,1e-06,0.002,0.9,2.2642058011303983e-05,
1D-gaussian-1c-64p,64,64,0.0654845116963808,1000000,2.339236354316316e-05,,seconds,44.56554579734802,44.463692581281066,megabytes,548.0,548.0,81.0,79.52486187845304,0.248111104,0.248111104,0.825,0.7769250690607733,success,sgd,0.1,1000000,1e-06,0.002,0.9,2.339236354316316e-05,
1D-gaussian-1c-64p,64,64,0.0272094415378199,1000000,2.2584373237244445e-05,,seconds,44.3870325088501,44.345710368826985,megabytes,548.0,548.0,81.0,79.96938775510205,0.248139776,0.248139776,0.8203125,0.7790696747448977,success,sgd,0.1,1000000,1e-06,0.002,0.9,2.2584373237244445e-05,
1D-gaussian-1c-64p,64,64,0.1385356331543328,1000000,2.4165917989974485e-05,,seconds,44.381680488586426,44.38233373686671,megabytes,548.0,548.0,81.0,79.32085561497327,0.248147968,0.248147968,0.81953125,0.778041443850267,success,sgd,0.1,1000000,1e-06,0.002,0.9,2.4165917989974485e-05,
1D-gaussian-1c-64p,64,64,0.2461385697362904,1000000,2.549596426560212e-05,,seconds,44.35625219345093,44.20064838416874,megabytes,548.0,548.0,81.0,79.73404255319149,0.248172544,0.248172544,0.82421875,0.7764627659574468,success,sgd,0.1,1000000,1e-06,0.002,0.9,2.549596426560212e-05,
1D-gaussian-1c-64p,64,64,0.0687085127022986,1000000,2.29203167551561e-05,,seconds,44.1709361076355,43.97345155477524,megabytes,548.0,548.0,81.0,80.22680412371135,0.248225792,0.248225792,0.82578125,0.7777504832474228,success,sgd,0.1,1000000,1e-06,0.002,0.9,2.29203167551561e-05,
1D-gaussian-1c-64p,64,64,0.0273091087751894,1000000,2.2733497277824425e-05,,seconds,44.39473366737366,44.24757703021169,megabytes,548.0,548.0,81.0,79.4375,0.24823808,0.24823808,0.81875,0.7779663085937499,success,sgd,0.1,1000000,1e-06,0.002,0.9,2.2733497277824425e-05,
1D-gaussian-1c-64p,64,64,0.1774886528251114,1000000,2.437980128476843e-05,,seconds,44.07286047935486,44.01016836240888,megabytes,548.0,548.0,81.0,79.91534391534391,0.248242176,0.248242176,0.82109375,0.7787781084656084,success,sgd,0.1,1000000,1e-06,0.002,0.9,2.437980128476843e-05,
1D-gaussian-1c-64p,64,64,0.262647346015949,1000000,2.5793510863140296e-05,,seconds,44.78517270088196,44.642146684229374,megabytes,548.0,548.0,81.0,79.23655913978494,0.248160256,0.248160256,0.83671875,0.7751428091397846,success,sgd,0.1,1000000,1e-06,0.002,0.9,2.5793510863140296e-05,
1D-gaussian-1c-64p,64,64,0.0333244002168723,1000000,2.246235519572337e-05,,seconds,44.528226137161255,44.35685156285763,megabytes,548.0,548.0,81.0,79.65957446808511,0.248221696,0.248221696,0.8203125,0.7768367686170214,success,sgd,0.1,1000000,1e-06,0.002,0.9,2.246235519572337e-05,
1D-gaussian-1c-64p,64,64,0.5090598952541018,1000000,2.959402999862045e-05,,seconds,44.17412090301514,44.08397707156837,megabytes,548.0,548.0,81.0,80.13089005235602,0.248201216,0.248201216,0.8171875,0.7779654777486904,success,sgd,0.1,1000000,1e-06,0.002,0.9,2.959402999862045e-05,
1D-gaussian-1c-64p,64,64,0.0161937834800586,1000000,2.1358936690958536e-05,,seconds,44.31848001480103,44.22075205668807,megabytes,548.0,548.0,81.0,79.92708333333333,0.248188928,0.248188928,0.81953125,0.7771402994791665,success,sgd,0.1,1000000,1e-06,0.002,0.9,2.1358936690958536e-05,
1D-gaussian-1c-64p,64,64,0.0250594593372943,1000000,2.2681039996014637e-05,,seconds,44.61983251571655,44.522655164822936,megabytes,548.0,548.0,80.0,79.20855614973262,0.248246272,0.248246272,0.81953125,0.7768131684491977,success,sgd,0.1,1000000,1e-06,0.002,0.9,2.2681039996014637e-05,
1D-gaussian-1c-64p,64,64,0.0854853956119088,1000000,2.2579294673397677e-05,,seconds,44.53745412826538,44.55887780152261,megabytes,548.0,548.0,81.0,78.98895027624309,0.248254464,0.248254464,0.815625,0.7802486187845302,success,sgd,0.1,1000000,1e-06,0.002,0.9,2.2579294673397677e-05,
1D-gaussian-1c-64p,64,64,0.0169299406543783,1000000,2.234739494845639e-05,,seconds,44.37719130516052,44.19308765605092,megabytes,548.0,548.0,81.0,79.17277486910994,0.248262656,0.248262656,0.821875,0.7753231348167543,success,sgd,0.1,1000000,1e-06,0.002,0.9,2.234739494845639e-05,
1D-gaussian-1c-64p,64,64,0.1004062007490568,1000000,2.354557487326115e-05,,seconds,44.47316217422485,44.46298355981708,megabytes,548.0,548.0,81.0,79.24725274725274,0.248262656,0.248262656,0.81953125,0.7772063873626379,success,sgd,0.1,1000000,1e-06,0.002,0.9,2.354557487326115e-05,
1D-gaussian-1c-64p,64,64,0.4811531411711526,1000000,2.8491991612832382e-05,,seconds,44.22114586830139,44.23080940358341,megabytes,548.0,548.0,81.0,79.73298429319372,0.248262656,0.248262656,0.828125,0.7799370091623036,success,sgd,0.1,1000000,1e-06,0.002,0.9,2.8491991612832382e-05,
1D-gaussian-1c-64p,64,64,0.2868560479352419,1000000,2.5853620304709776e-05,,seconds,44.48300504684448,44.38637899234891,megabytes,548.0,548.0,81.0,79.59016393442623,0.248262656,0.248262656,0.8203125,0.7783384562841528,success,sgd,0.1,1000000,1e-06,0.002,0.9,2.5853620304709776e-05,
1D-gaussian-1c-64p,64,64,0.0269807915152414,1000000,2.270829542124919e-05,,seconds,44.50642967224121,44.48252112977207,megabytes,548.0,548.0,81.0,79.44973544973546,0.248434688,0.248434688,0.821875,0.7791377314814818,success,sgd,0.1,1000000,1e-06,0.002,0.9,2.270829542124919e-05,
1D-gaussian-1c-64p,64,64,0.4979538457991967,1000000,2.780365621247189e-05,,seconds,44.41822028160095,44.27177004516125,megabytes,548.0,548.0,81.0,79.43243243243244,0.248451072,0.248451072,0.815625,0.7782432432432438,success,sgd,0.1,1000000,1e-06,0.002,0.9,2.780365621247189e-05,
1D-gaussian-1c-64p,64,64,0.8215990221839016,1000000,3.72196967049229e-05,,seconds,44.553065061569214,44.37368782795966,megabytes,548.0,548.0,81.0,79.0,0.248459264,0.248459264,0.821875,0.7760092905405402,success,sgd,0.1,1000000,1e-06,0.002,0.9,3.72196967049229e-05,
1D-gaussian-1c-128p,128,128,0.5378935357921895,1000000,4.674721461595441e-05,,seconds,49.087181091308594,49.07062977552414,megabytes,548.0,548.0,86.0,80.51415094339623,0.252796928,0.252796928,0.82109375,0.7795069280660376,success,sgd,0.1,1000000,1e-06,0.002,0.9,4.674721461595441e-05,
1D-gaussian-1c-128p,128,128,0.0815905926215136,1000000,3.212893121280078e-05,,seconds,50.6545729637146,50.52560272812843,megabytes,548.0,548.0,82.0,78.68899521531101,0.24430592,0.24430592,0.8234375,0.7752392344497611,success,sgd,0.1,1000000,1e-06,0.002,0.9,3.212893121280078e-05,
1D-gaussian-1c-128p,128,128,1.2578242338136132,1000000,6.328360970059917e-05,,seconds,49.99559116363525,49.84080724790692,megabytes,548.0,548.0,82.0,79.73170731707317,0.244350976,0.244350976,0.8359375,0.7771379573170732,success,sgd,0.1,1000000,1e-06,0.002,0.9,6.328360970059917e-05,
1D-gaussian-1c-128p,128,128,0.3175572130810967,1000000,3.734946374419234e-05,,seconds,50.58652806282044,50.496114920824766,megabytes,548.0,548.0,82.0,79.16744186046512,0.244350976,0.244350976,0.81953125,0.7780014534883725,success,sgd,0.1,1000000,1e-06,0.002,0.9,3.734946374419234e-05,
1D-gaussian-1c-128p,128,128,0.0406437267823954,1000000,3.002839476253841e-05,,seconds,50.41753482818604,50.303791753947735,megabytes,548.0,548.0,83.0,79.22857142857143,0.244342784,0.244342784,0.81640625,0.7778459821428566,success,sgd,0.1,1000000,1e-06,0.002,0.9,3.002839476253841e-05,
1D-gaussian-1c-128p,128,128,0.3844104586654857,1000000,4.151691509200841e-05,,seconds,50.57025146484375,50.64159269630909,megabytes,548.0,548.0,84.0,78.57870370370371,0.244350976,0.244350976,0.81328125,0.7807436342592594,success,sgd,0.1,1000000,1e-06,0.002,0.9,4.151691509200841e-05,
1D-gaussian-1c-128p,128,128,0.0793774953327838,1000000,3.0151015054446316e-05,,seconds,50.81700539588928,50.68320385925472,megabytes,548.0,548.0,81.0,78.66359447004608,0.247369728,0.247369728,0.81328125,0.7776893721198155,success,sgd,0.1,1000000,1e-06,0.002,0.9,3.0151015054446316e-05,
1D-gaussian-1c-128p,128,128,0.0975075787235433,1000000,3.0394980405813612e-05,,seconds,50.61615061759949,50.516484681516886,megabytes,548.0,548.0,85.0,78.67567567567568,0.247332864,0.247332864,0.821875,0.7769108952702705,success,sgd,0.1,1000000,1e-06,0.002,0.9,3.0394980405813612e-05,
1D-gaussian-1c-128p,128,128,0.0965910511149405,1000000,3.068556080243496e-05,,seconds,49.69052457809448,49.68323059380055,megabytes,548.0,548.0,82.0,79.95327102803738,0.2465792,0.2465792,0.82578125,0.7788186331775702,success,sgd,0.1,1000000,1e-06,0.002,0.9,3.068556080243496e-05,
1D-gaussian-1c-128p,128,128,0.0881860997404234,1000000,3.02215738566092e-05,,seconds,49.2364616394043,49.294670371338725,megabytes,548.0,548.0,86.0,80.52558139534884,0.247414784,0.247414784,0.82734375,0.7816206395348836,success,sgd,0.1,1000000,1e-06,0.002,0.9,3.02215738566092e-05,
1D-gaussian-1c-128p,128,128,0.065496338249193,1000000,3.13941836611905e-05,,seconds,49.361817598342896,49.20598600432277,megabytes,548.0,548.0,83.0,80.46728971962617,0.247427072,0.247427072,0.82578125,0.7764018691588787,success,sgd,0.1,1000000,1e-06,0.002,0.9,3.13941836611905e-05,
1D-gaussian-1c-128p,128,128,0.0272389234455251,1000000,2.957705016733853e-05,,seconds,49.40507483482361,49.37862706743181,megabytes,548.0,548.0,83.0,80.07582938388626,0.247422976,0.247422976,0.82578125,0.7808316054502369,success,sgd,0.1,1000000,1e-06,0.002,0.9,2.957705016733853e-05,
1D-gaussian-1c-128p,128,128,0.1385174367625886,1000000,3.317426952400571e-05,,seconds,49.52233147621155,49.48891209997237,megabytes,548.0,548.0,85.0,80.48309178743962,0.247463936,0.247463936,0.81953125,0.7800384963768119,success,sgd,0.1,1000000,1e-06,0.002,0.9,3.317426952400571e-05,
1D-gaussian-1c-128p,128,128,0.2460597622935806,1000000,3.770197591811872e-05,,seconds,49.38765859603882,49.24351663514972,megabytes,548.0,548.0,82.0,80.37914691943128,0.247435264,0.247435264,0.8328125,0.7768179798578196,success,sgd,0.1,1000000,1e-06,0.002,0.9,3.770197591811872e-05,
1D-gaussian-1c-128p,128,128,0.0687165705459089,1000000,3.061615618610517e-05,,seconds,49.53761148452759,49.51133705116808,megabytes,548.0,548.0,83.0,80.11004784688996,0.24741888,0.24741888,0.81875,0.7785623504784687,success,sgd,0.1,1000000,1e-06,0.002,0.9,3.061615618610517e-05,
1D-gaussian-1c-128p,128,128,0.0273385136018374,1000000,2.9771202743789425e-05,,seconds,49.03603339195252,48.969343764707446,megabytes,548.0,548.0,83.0,80.47196261682242,0.2473984,0.2473984,0.81953125,0.7777416764018691,success,sgd,0.1,1000000,1e-06,0.002,0.9,2.9771202743789425e-05,
1D-gaussian-1c-128p,128,128,0.1774560362288849,1000000,3.359457442130877e-05,,seconds,49.676307678222656,49.65170447528362,megabytes,548.0,548.0,85.0,80.10280373831776,0.24743936,0.24743936,0.81875,0.7805673189252336,success,sgd,0.1,1000000,1e-06,0.002,0.9,3.359457442130877e-05,
1D-gaussian-1c-128p,128,128,0.2625708445361763,1000000,3.723989047636103e-05,,seconds,49.37764954566956,49.36325779184699,megabytes,548.0,548.0,85.0,80.45192307692308,0.247422976,0.247422976,0.821875,0.7784329927884615,success,sgd,0.1,1000000,1e-06,0.002,0.9,3.723989047636103e-05,
1D-gaussian-1c-128p,128,128,0.0333470459643269,1000000,2.9575263617211648e-05,,seconds,49.029900312423706,48.962141148746014,megabytes,548.0,548.0,83.0,80.81951219512194,0.247431168,0.247431168,0.81171875,0.7795731707317071,success,sgd,0.1,1000000,1e-06,0.002,0.9,2.9575263617211648e-05,
1D-gaussian-1c-128p,128,128,0.5088627149655733,1000000,4.578334318870984e-05,,seconds,50.02307558059693,49.896535348147154,megabytes,548.0,548.0,84.0,79.48847926267281,0.246587392,0.246587392,0.82421875,0.7781574020737331,success,sgd,0.1,1000000,1e-06,0.002,0.9,4.578334318870984e-05,
1D-gaussian-1c-128p,128,128,0.0162203079852967,1000000,2.761926108400849e-05,,seconds,49.510419845581055,49.404072154313326,megabytes,548.0,548.0,83.0,80.22790697674418,0.244506624,0.244506624,0.8296875,0.7792659883720932,success,sgd,0.1,1000000,1e-06,0.002,0.9,2.761926108400849e-05,
1D-gaussian-1c-128p,128,128,0.0250891819747847,1000000,2.9697597769635596e-05,,seconds,49.65215444564819,49.52543608471751,megabytes,548.0,548.0,83.0,79.83561643835617,0.24451072,0.24451072,0.821875,0.7762450057077621,success,sgd,0.1,1000000,1e-06,0.002,0.9,2.9697597769635596e-05,
1D-gaussian-1c-128p,128,128,0.0854845494142242,1000000,3.010549953238138e-05,,seconds,49.236732959747314,49.06221951730549,megabytes,548.0,548.0,85.0,80.5774647887324,0.2445312,0.2445312,0.825,0.7741747359154927,success,sgd,0.1,1000000,1e-06,0.002,0.9,3.010549953238138e-05,
1D-gaussian-1c-128p,128,128,0.0169639491212288,1000000,2.9009266991433742e-05,,seconds,49.72050070762634,49.61716874875128,megabytes,548.0,548.0,82.0,80.12264150943396,0.244502528,0.244502528,0.82265625,0.7783534787735852,success,sgd,0.1,1000000,1e-06,0.002,0.9,2.9009266991433742e-05,
1D-gaussian-1c-128p,128,128,0.1004028909744709,1000000,3.185468676727619e-05,,seconds,49.90451097488403,49.82206392288208,megabytes,548.0,548.0,83.0,79.95774647887323,0.244527104,0.244527104,0.81640625,0.7778352406103287,success,sgd,0.1,1000000,1e-06,0.002,0.9,3.185468676727619e-05,
1D-gaussian-1c-128p,128,128,0.4809665888685203,1000000,4.481983582776336e-05,,seconds,48.950852394104,48.80036440677941,megabytes,548.0,548.0,83.0,81.05882352941177,0.244580352,0.244580352,0.8328125,0.7763288909313721,success,sgd,0.1,1000000,1e-06,0.002,0.9,4.481983582776336e-05,
1D-gaussian-1c-128p,128,128,0.2867573851475927,1000000,3.895388857833498e-05,,seconds,50.03265547752381,49.98433132097125,megabytes,548.0,548.0,82.0,79.10526315789474,0.244609024,0.244609024,0.82109375,0.7796840734649124,success,sgd,0.1,1000000,1e-06,0.002,0.9,3.895388857833498e-05,
1D-gaussian-1c-128p,128,128,0.0270093560068869,1000000,2.977764053284029e-05,,seconds,49.7618567943573,49.727773224934936,megabytes,548.0,548.0,86.0,79.76303317535545,0.244576256,0.244576256,0.82265625,0.7788173874407588,success,sgd,0.1,1000000,1e-06,0.002,0.9,2.977764053284029e-05,
1D-gaussian-1c-128p,128,128,0.4977825810679783,1000000,4.399069723562796e-05,,seconds,49.62772583961487,49.49526383727789,megabytes,548.0,548.0,82.0,80.32038834951456,0.24461312,0.24461312,0.83125,0.7778898665048548,success,sgd,0.1,1000000,1e-06,0.002,0.9,4.399069723562796e-05,
1D-gaussian-1c-128p,128,128,0.8212801725530973,1000000,5.399576543681258e-05,,seconds,48.971195459365845,48.928853154182434,megabytes,548.0,548.0,83.0,80.74285714285715,0.244563968,0.244563968,0.81875,0.7772805059523806,success,sgd,0.1,1000000,1e-06,0.002,0.9,5.399576543681258e-05,
1D-gaussian-1c-256p,256,256,0.53741062345202,1000000,9.032907889959344e-05,,seconds,52.734907388687134,52.655214708298445,megabytes,550.0,550.0,84.0,83.06607929515418,0.244793344,0.244793344,0.821875,0.77837968061674,success,sgd,0.1,1000000,1e-06,0.002,0.9,9.032907889959344e-05,
1D-gaussian-1c-256p,256,256,0.0815023286275222,1000000,4.688153722446224e-05,,seconds,52.85708498954773,52.7492916546762,megabytes,550.0,550.0,85.0,83.16818181818182,0.244609024,0.244609024,0.83828125,0.7786363636363638,success,sgd,0.1,1000000,1e-06,0.002,0.9,4.688153722446224e-05,
1D-gaussian-1c-256p,256,256,1.2566200344185423,1000000,0.0001155519223923,,seconds,52.86862301826477,52.86422401480377,megabytes,550.0,550.0,84.0,83.01382488479263,0.244649984,0.244649984,0.846875,0.7781213997695859,success,sgd,0.1,1000000,1e-06,0.002,0.9,0.0001155519223923,
1D-gaussian-1c-256p,256,256,0.3174100202658615,1000000,7.418387127217092e-05,,seconds,52.75628209114075,52.64225519448519,megabytes,550.0,550.0,85.0,83.36283185840708,0.244641792,0.244641792,0.8234375,0.7774820243362831,success,sgd,0.1,1000000,1e-06,0.002,0.9,7.418387127217092e-05,
1D-gaussian-1c-256p,256,256,0.0405702589305578,1000000,4.1922110490392974e-05,,seconds,52.672128200531006,52.54141811467707,megabytes,550.0,550.0,84.0,83.36480686695279,0.24475648,0.24475648,0.84375,0.7775616952789703,success,sgd,0.1,1000000,1e-06,0.002,0.9,4.1922110490392974e-05,
1D-gaussian-1c-256p,256,256,0.3841254793374151,1000000,8.022571878408973e-05,,seconds,52.71913957595825,52.67411270365119,megabytes,550.0,550.0,84.0,83.37885462555066,0.244641792,0.244641792,0.8234375,0.7793364537444939,success,sgd,0.1,1000000,1e-06,0.002,0.9,8.022571878408973e-05,
1D-gaussian-1c-256p,256,256,0.079318134460453,1000000,4.787967699022321e-05,,seconds,52.89352560043335,52.70240746065974,megabytes,550.0,550.0,84.0,83.26339285714286,0.244736,0.244736,0.81796875,0.7783377511160711,success,sgd,0.1,1000000,1e-06,0.002,0.9,4.787967699022321e-05,
1D-gaussian-1c-256p,256,256,0.0974498942444498,1000000,4.981234105655303e-05,,seconds,52.62488484382629,52.540270905941725,megabytes,550.0,550.0,84.0,83.21304347826087,0.244670464,0.244670464,0.82265625,0.7783322010869566,success,sgd,0.1,1000000,1e-06,0.002,0.9,4.981234105655303e-05,
1D-gaussian-1c-256p,256,256,0.0965306437226511,1000000,5.026456790418272e-05,,seconds,52.53657555580139,52.63100441358984,megabytes,550.0,550.0,84.0,83.31555555555556,0.244600832,0.244600832,0.821875,0.7802638888888892,success,sgd,0.1,1000000,1e-06,0.002,0.9,5.026456790418272e-05,
1D-gaussian-1c-256p,256,256,0.0881279414560327,1000000,4.887971871899727e-05,,seconds,52.78983926773071,52.72700746357441,megabytes,550.0,550.0,84.0,83.20270270270271,0.244686848,0.244686848,0.821875,0.7792581644144148,success,sgd,0.1,1000000,1e-06,0.002,0.9,4.887971871899727e-05,
1D-gaussian-1c-256p,256,256,0.0654069620316483,1000000,4.558501356589689e-05,,seconds,52.9615843296051,52.83740205876529,megabytes,550.0,550.0,84.0,82.80184331797236,0.245850112,0.245850112,0.81640625,0.7763608870967741,success,sgd,0.1,1000000,1e-06,0.002,0.9,4.558501356589689e-05,
1D-gaussian-1c-256p,256,256,0.0271346766836353,1000000,3.803045552182819e-05,,seconds,52.81656241416931,52.77857502922416,megabytes,550.0,550.0,85.0,83.42600896860986,0.245854208,0.245854208,0.81640625,0.7781320067264575,success,sgd,0.1,1000000,1e-06,0.002,0.9,3.803045552182819e-05,
1D-gaussian-1c-256p,256,256,0.138432709231625,1000000,5.64565491793075e-05,,seconds,52.91613841056824,52.79115727543831,megabytes,550.0,550.0,84.0,83.09865470852019,0.244666368,0.244666368,0.8296875,0.7777045964125562,success,sgd,0.1,1000000,1e-06,0.002,0.9,5.64565491793075e-05,
1D-gaussian-1c-256p,256,256,0.2459199013405021,1000000,6.528761186184902e-05,,seconds,52.874146461486816,52.69676470011473,megabytes,550.0,550.0,85.0,83.77292576419214,0.246837248,0.246837248,0.82265625,0.7757471342794758,success,sgd,0.1,1000000,1e-06,0.002,0.9,6.528761186184902e-05,
1D-gaussian-1c-256p,256,256,0.0686485274409001,1000000,4.689269559143344e-05,,seconds,52.81571817398071,52.67792339250445,megabytes,550.0,550.0,84.0,83.20524017467248,0.247635968,0.247635968,0.8234375,0.7776746724890834,success,sgd,0.1,1000000,1e-06,0.002,0.9,4.689269559143344e-05,
1D-gaussian-1c-256p,256,256,0.0272434784016657,1000000,3.858119238917709e-05,,seconds,53.08830046653748,52.923125052824616,megabytes,550.0,550.0,85.0,83.01401869158879,0.247693312,0.247693312,0.8265625,0.7753431658878503,success,sgd,0.1,1000000,1e-06,0.002,0.9,3.858119238917709e-05,
1D-gaussian-1c-256p,256,256,0.1773758538082555,1000000,6.035048025146244e-05,,seconds,52.54628968238831,52.522197280079126,megabytes,550.0,550.0,84.0,83.21491228070175,0.2477056,0.2477056,0.82109375,0.7783511513157889,success,sgd,0.1,1000000,1e-06,0.002,0.9,6.035048025146244e-05,
1D-gaussian-1c-256p,256,256,0.2624332284484566,1000000,6.951649908214516e-05,,seconds,52.83060812950134,52.72231442853808,megabytes,550.0,550.0,85.0,83.25454545454545,0.245866496,0.245866496,0.81796875,0.7789026988636362,success,sgd,0.1,1000000,1e-06,0.002,0.9,6.951649908214516e-05,
1D-gaussian-1c-256p,256,256,0.0332767863593707,1000000,4.0159423594835e-05,,seconds,52.53230667114258,52.50791441090405,megabytes,550.0,550.0,84.0,83.32188841201717,0.245919744,0.245919744,0.840625,0.7809281115879826,success,sgd,0.1,1000000,1e-06,0.002,0.9,4.0159423594835e-05,
1D-gaussian-1c-256p,256,256,0.5084121695499517,1000000,8.632416935123419e-05,,seconds,52.88908362388611,52.80918278358877,megabytes,550.0,550.0,85.0,83.4375,0.245829632,0.245829632,0.81953125,0.7763846261160714,success,sgd,0.1,1000000,1e-06,0.002,0.9,8.632416935123419e-05,
1D-gaussian-1c-256p,256,256,0.0161596382768513,1000000,3.135196457178095e-05,,seconds,52.76886820793152,52.64603924378753,megabytes,550.0,550.0,84.0,83.1762114537445,0.245911552,0.245911552,0.825,0.7763319107929516,success,sgd,0.1,1000000,1e-06,0.002,0.9,3.135196457178095e-05,
1D-gaussian-1c-256p,256,256,0.02500091168274,1000000,3.818077403135349e-05,,seconds,52.658764362335205,52.60991787724197,megabytes,550.0,550.0,85.0,84.22173913043478,0.246829056,0.246829056,0.82578125,0.7799830163043477,success,sgd,0.1,1000000,1e-06,0.002,0.9,3.818077403135349e-05,
1D-gaussian-1c-256p,256,256,0.0854267356172255,1000000,4.8513680921215023e-05,,seconds,52.85204005241394,52.734583938494325,megabytes,550.0,550.0,84.0,83.05381165919283,0.247738368,0.247738368,0.8234375,0.7787556053811662,success,sgd,0.1,1000000,1e-06,0.002,0.9,4.8513680921215023e-05,
1D-gaussian-1c-256p,256,256,0.0168548161138003,1000000,3.63657584575748e-05,,seconds,52.573896408081055,52.411942983046174,megabytes,550.0,550.0,85.0,83.62608695652175,0.2477056,0.2477056,0.82265625,0.7797214673913048,success,sgd,0.1,1000000,1e-06,0.002,0.9,3.63657584575748e-05,
1D-gaussian-1c-256p,256,256,0.1003275199860019,1000000,5.161581198373314e-05,,seconds,52.67755746841431,52.51491314731538,megabytes,550.0,550.0,84.0,83.13973799126637,0.247742464,0.247742464,0.821875,0.7761633460698691,success,sgd,0.1,1000000,1e-06,0.002,0.9,5.161581198373314e-05,
1D-gaussian-1c-256p,256,256,0.48055112098307,1000000,8.608471800567828e-05,,seconds,53.07032036781311,52.893892258405685,megabytes,550.0,550.0,84.0,82.94642857142857,0.246837248,0.246837248,0.82421875,0.7761160714285718,success,sgd,0.1,1000000,1e-06,0.002,0.9,8.608471800567828e-05,
1D-gaussian-1c-256p,256,256,0.2865761589394429,1000000,6.800114268960331e-05,,seconds,52.80854487419128,52.81943263486028,megabytes,550.0,550.0,84.0,83.04205607476635,0.247640064,0.247640064,0.82421875,0.7794063960280373,success,sgd,0.1,1000000,1e-06,0.002,0.9,6.800114268960331e-05,
1D-gaussian-1c-256p,256,256,0.0269234434694341,1000000,3.870536702264753e-05,,seconds,52.79027080535889,52.707822842523456,megabytes,550.0,550.0,84.0,83.16157205240175,0.247742464,0.247742464,0.81484375,0.776941184497817,success,sgd,0.1,1000000,1e-06,0.002,0.9,3.870536702264753e-05,
1D-gaussian-1c-256p,256,256,0.4974273395801529,1000000,9.042721231687446e-05,,seconds,52.843830585479736,52.66266106814146,megabytes,550.0,550.0,84.0,83.1762114537445,0.247832576,0.247832576,0.81484375,0.7760669052863434,success,sgd,0.1,1000000,1e-06,0.002,0.9,9.042721231687446e-05,
1D-gaussian-1c-256p,256,256,0.820487825959805,1000000,0.0001027607654271,,seconds,52.66903972625733,52.6458312869072,megabytes,550.0,550.0,85.0,83.28193832599119,0.247771136,0.247771136,0.81953125,0.7806890143171804,success,sgd,0.1,1000000,1e-06,0.002,0.9,0.0001027607654271,
1D-gaussian-1c-512p,512,512,0.5368955387210934,1000000,0.0002983081750927,,seconds,69.27163767814636,69.27792816236615,megabytes,556.0,556.0,86.0,85.19377162629758,0.2480128,0.2480128,0.81953125,0.7801903114186854,success,sgd,0.1,1000000,1e-06,0.002,0.9,0.0002983081750927,
1D-gaussian-1c-512p,512,512,0.0811921404274766,1000000,0.0002719567047203,,seconds,69.19385361671448,69.04291290044785,megabytes,556.0,556.0,86.0,85.43288590604027,0.247779328,0.247779328,0.82265625,0.7798185822147652,success,sgd,0.1,1000000,1e-06,0.002,0.9,0.0002719567047203,
1D-gaussian-1c-512p,512,512,1.2555825256177655,1000000,0.000306933989874,,seconds,69.32822704315186,69.18195085972548,megabytes,556.0,556.0,86.0,85.15878378378379,0.24772608,0.24772608,0.84140625,0.7792388091216215,success,sgd,0.1,1000000,1e-06,0.002,0.9,0.000306933989874,
1D-gaussian-1c-512p,512,512,0.31698669608537,1000000,0.0002781599121645,,seconds,69.05673003196716,69.0242732129991,megabytes,556.0,556.0,86.0,85.32107023411372,0.247779328,0.247779328,0.82109375,0.7790447324414714,success,sgd,0.1,1000000,1e-06,0.002,0.9,0.0002781599121645,
1D-gaussian-1c-512p,512,512,0.040322581885591,1000000,0.0002619705134456,,seconds,69.23511552810669,69.19923596270382,megabytes,556.0,556.0,86.0,85.25170068027211,0.247734272,0.247734272,0.84609375,0.7778592687074827,success,sgd,0.1,1000000,1e-06,0.002,0.9,0.0002619705134456,
1D-gaussian-1c-512p,512,512,0.3836380573034308,1000000,0.0002931462699874,,seconds,69.05198860168457,69.0222634319216,megabytes,556.0,556.0,86.0,85.46864686468646,0.247783424,0.247783424,0.82265625,0.7802083333333338,success,sgd,0.1,1000000,1e-06,0.002,0.9,0.0002931462699874,
1D-gaussian-1c-512p,512,512,0.0790604169416938,1000000,0.0002560098536445,,seconds,69.39086413383484,69.21712397411466,megabytes,556.0,556.0,86.0,85.18088737201366,0.247803904,0.247803904,0.81640625,0.776517171501706,success,sgd,0.1,1000000,1e-06,0.002,0.9,0.0002560098536445,
1D-gaussian-1c-512p,512,512,0.097200173137104,1000000,0.0002523224743077,,seconds,69.01114439964294,68.98748390376568,megabytes,556.0,556.0,86.0,85.36303630363037,0.247824384,0.247824384,0.8234375,0.778509179042904,success,sgd,0.1,1000000,1e-06,0.002,0.9,0.0002523224743077,
1D-gaussian-1c-512p,512,512,0.0962638963421367,1000000,0.000257109404337,,seconds,69.025710105896,68.98870726302266,megabytes,556.0,556.0,86.0,85.2751677852349,0.247738368,0.247738368,0.82421875,0.7778392407718119,success,sgd,0.1,1000000,1e-06,0.002,0.9,0.000257109404337,
1D-gaussian-1c-512p,512,512,0.0878727189529394,1000000,0.0002543575154204,,seconds,69.32754492759705,69.16392910666764,megabytes,556.0,556.0,86.0,85.04827586206896,0.247840768,0.247840768,0.828125,0.777535021551724,success,sgd,0.1,1000000,1e-06,0.002,0.9,0.0002543575154204,
1D-gaussian-1c-512p,512,512,0.065122911316365,1000000,0.0002695707956686,,seconds,69.34031987190247,69.1936536449939,megabytes,556.0,556.0,86.0,85.14137931034483,0.244781056,0.244781056,0.82265625,0.778696120689655,success,sgd,0.1,1000000,1e-06,0.002,0.9,0.0002695707956686,
1D-gaussian-1c-512p,512,512,0.0269076211964978,1000000,0.0002673337665261,,seconds,69.1239161491394,68.95156102627516,megabytes,556.0,556.0,86.0,85.17627118644067,0.244936704,0.244936704,0.8234375,0.7761705508474577,success,sgd,0.1,1000000,1e-06,0.002,0.9,0.0002673337665261,
1D-gaussian-1c-512p,512,512,0.1380968084200015,1000000,0.0002702167266064,,seconds,69.15846657752991,69.1318198479712,megabytes,556.0,556.0,86.0,85.40677966101696,0.2448384,0.2448384,0.8203125,0.7792584745762714,success,sgd,0.1,1000000,1e-06,0.002,0.9,0.0002702167266064,
1D-gaussian-1c-512p,512,512,0.2454529678894424,1000000,0.0002834244187879,,seconds,69.15751457214355,69.01313690841198,megabytes,556.0,556.0,86.0,85.40604026845638,0.244895744,0.244895744,0.82578125,0.7774984270134226,success,sgd,0.1,1000000,1e-06,0.002,0.9,0.0002834244187879,
1D-gaussian-1c-512p,512,512,0.0683818170408493,1000000,0.0002616329620226,,seconds,69.1336579322815,69.14718004874885,megabytes,556.0,556.0,86.0,85.3489932885906,0.244854784,0.244854784,0.81875,0.7787777894295302,success,sgd,0.1,1000000,1e-06,0.002,0.9,0.0002616329620226,
1D-gaussian-1c-512p,512,512,0.0270110658582954,1000000,0.0002660695697335,,seconds,69.43140888214111,69.28404036164284,megabytes,556.0,556.0,86.0,84.90243902439025,0.244928512,0.244928512,0.8171875,0.7794343423344946,success,sgd,0.1,1000000,1e-06,0.002,0.9,0.0002660695697335,
1D-gaussian-1c-512p,512,512,0.1770377491801065,1000000,0.0002673353567328,,seconds,69.42579913139343,69.23479140177369,megabytes,556.0,556.0,86.0,85.21088435374149,0.244908032,0.244908032,0.83515625,0.7784837372448979,success,sgd,0.1,1000000,1e-06,0.002,0.9,0.0002673353567328,
1D-gaussian-1c-512p,512,512,0.2619856325452219,1000000,0.0002823650279443,,seconds,69.40027093887329,69.30137271992862,megabytes,556.0,556.0,86.0,85.19931271477664,0.245018624,0.245018624,0.8171875,0.7778162585910648,success,sgd,0.1,1000000,1e-06,0.002,0.9,0.0002823650279443,
1D-gaussian-1c-512p,512,512,0.0330368998478163,1000000,0.0002599761061525,,seconds,69.31282258033752,69.24547836370766,megabytes,556.0,556.0,86.0,85.28965517241379,0.244985856,0.244985856,0.81796875,0.7783917025862075,success,sgd,0.1,1000000,1e-06,0.002,0.9,0.0002599761061525,
1D-gaussian-1c-512p,512,512,0.5079013471649607,1000000,0.0002947272472475,,seconds,69.1829092502594,69.05006584525108,megabytes,556.0,556.0,86.0,85.2751677852349,0.245059584,0.245059584,0.81640625,0.7764025796979862,success,sgd,0.1,1000000,1e-06,0.002,0.9,0.0002947272472475,
1D-gaussian-1c-512p,512,512,0.015937699363933,1000000,0.0002495949331226,,seconds,69.39374256134033,69.36325805820525,megabytes,556.0,556.0,86.0,85.04561403508772,0.246198272,0.246198272,0.815625,0.7797258771929821,success,sgd,0.1,1000000,1e-06,0.002,0.9,0.0002495949331226,
1D-gaussian-1c-512p,512,512,0.0247693328449734,1000000,0.0002645425363194,,seconds,69.29650926589966,69.22502993606031,megabytes,556.0,556.0,86.0,84.95862068965518,0.246247424,0.246247424,0.8328125,0.7794396551724136,success,sgd,0.1,1000000,1e-06,0.002,0.9,0.0002645425363194,
1D-gaussian-1c-512p,512,512,0.0851737126446915,1000000,0.0002538605879132,,seconds,69.11137676239014,69.1619689296931,megabytes,556.0,556.0,86.0,85.3287197231834,0.24621056,0.24621056,0.825,0.7785413062283743,success,sgd,0.1,1000000,1e-06,0.002,0.9,0.0002538605879132,
1D-gaussian-1c-512p,512,512,0.0166460515397726,1000000,0.0002665848956866,,seconds,69.51225090026855,69.33283321000636,megabytes,556.0,556.0,86.0,85.03846153846153,0.246358016,0.246358016,0.81796875,0.7770050262237763,success,sgd,0.1,1000000,1e-06,0.002,0.9,0.0002665848956866,
1D-gaussian-1c-512p,512,512,0.1000298666253468,1000000,0.0002660652178993,,seconds,69.11086082458496,69.11534140259027,megabytes,556.0,556.0,86.0,85.39189189189189,0.246259712,0.246259712,0.825,0.7793866131756755,success,sgd,0.1,1000000,1e-06,0.002,0.9,0.0002660652178993,
1D-gaussian-1c-512p,512,512,0.4800452043928591,1000000,0.0002954451571989,,seconds,69.15154457092285,69.16260258294642,megabytes,556.0,556.0,86.0,85.23986486486487,0.24725504,0.24725504,0.84921875,0.7786106418918917,success,sgd,0.1,1000000,1e-06,0.002,0.9,0.0002954451571989,
1D-gaussian-1c-512p,512,512,0.286095506209099,1000000,0.0002844178802425,,seconds,68.98963761329651,68.97906886413693,megabytes,556.0,556.0,86.0,85.52786885245902,0.246317056,0.246317056,0.81875,0.7780327868852461,success,sgd,0.1,1000000,1e-06,0.002,0.9,0.0002844178802425,
1D-gaussian-1c-512p,512,512,0.0266890167823758,1000000,0.0002643441375411,,seconds,69.28292155265808,69.10543951392174,megabytes,556.0,556.0,86.0,85.21621621621621,0.247386112,0.247386112,0.825,0.7757522170608103,success,sgd,0.1,1000000,1e-06,0.002,0.9,0.0002643441375411,
1D-gaussian-1c-512p,512,512,0.4969868477750819,1000000,0.0002926346138316,,seconds,69.22035717964172,69.10708085820079,megabytes,556.0,556.0,86.0,85.3037542662116,0.247296,0.247296,0.828125,0.7785036262798632,success,sgd,0.1,1000000,1e-06,0.002,0.9,0.0002926346138316,
1D-gaussian-1c-512p,512,512,0.8198286244927031,1000000,0.0003045156065293,,seconds,69.29579424858093,69.13468536362052,megabytes,556.0,556.0,86.0,84.9448275862069,0.247369728,0.247369728,0.81640625,0.777564655172414,success,sgd,0.1,1000000,1e-06,0.002,0.9,0.0003045156065293,
1D-gaussian-1c-1024p,1024,1024,0.5322613189921472,1000000,0.0010757289274388,,seconds,92.46351289749146,92.28010750934482,megabytes,582.0,582.0,90.0,88.52525252525253,0.24850432,0.24850432,0.83515625,0.7774700126262625,success,sgd,0.1,1000000,1e-06,0.002,0.9,0.0010757289274388,
1D-gaussian-1c-1024p,1024,1024,0.079941570688112,1000000,0.001044829899869,,seconds,87.5940146446228,87.53614253550768,megabytes,582.0,582.0,93.0,92.40106951871658,0.248356864,0.248356864,0.821875,0.7790169618983955,success,sgd,0.1,1000000,1e-06,0.002,0.9,0.001044829899869,
1D-gaussian-1c-1024p,1024,1024,1.2470689893524949,1000000,0.0010454521458381,,seconds,87.62328743934631,87.5242691449821,megabytes,582.0,582.0,93.0,92.43048128342248,0.24827904,0.24827904,0.8359375,0.7797042112299459,success,sgd,0.1,1000000,1e-06,0.002,0.9,0.0010454521458381,
1D-gaussian-1c-1024p,1024,1024,0.3143436084129603,1000000,0.0010356205232594,,seconds,89.55539751052856,89.62107223272324,megabytes,582.0,582.0,91.0,89.55645161290323,0.24840192,0.24840192,0.82109375,0.7794102822580649,success,sgd,0.1,1000000,1e-06,0.002,0.9,0.0010356205232594,
1D-gaussian-1c-1024p,1024,1024,0.0394022222208632,1000000,0.0010277040617479,,seconds,89.74047493934631,89.72314441390336,megabytes,582.0,582.0,91.0,89.86827956989248,0.248385536,0.248385536,0.82109375,0.7774235551075261,success,sgd,0.1,1000000,1e-06,0.002,0.9,0.0010277040617479,
1D-gaussian-1c-1024p,1024,1024,0.3801566969841413,1000000,0.0010698742228429,,seconds,89.88352417945862,89.8263414632529,megabytes,582.0,582.0,91.0,89.38560411311055,0.245465088,0.245465088,0.83203125,0.7781511086118248,success,sgd,0.1,1000000,1e-06,0.002,0.9,0.0010698742228429,
1D-gaussian-1c-1024p,1024,1024,0.0779487203445288,1000000,0.0010095529674856,,seconds,89.42818713188171,89.41000822931528,megabytes,582.0,582.0,91.0,90.05221932114883,0.245456896,0.245456896,0.82265625,0.779426403394256,success,sgd,0.1,1000000,1e-06,0.002,0.9,0.0010095529674856,
1D-gaussian-1c-1024p,1024,1024,0.0960259100555556,1000000,0.0009972828765346,,seconds,87.90495586395264,87.80754393339157,megabytes,582.0,582.0,92.0,91.19946091644204,0.245489664,0.245489664,0.82109375,0.777912314690027,success,sgd,0.1,1000000,1e-06,0.002,0.9,0.0009972828765346,
1D-gaussian-1c-1024p,1024,1024,0.0950570392465936,1000000,0.0010091511485476,,seconds,88.52408456802368,88.48128819838166,megabytes,582.0,582.0,92.0,90.7961956521739,0.245506048,0.245506048,0.8234375,0.7784837805706527,success,sgd,0.1,1000000,1e-06,0.002,0.9,0.0010091511485476,
1D-gaussian-1c-1024p,1024,1024,0.0867278704667648,1000000,0.001004017643171,,seconds,90.0943055152893,89.94295675493777,megabytes,582.0,582.0,92.0,89.64285714285714,0.245583872,0.245583872,0.83203125,0.7783998842592594,success,sgd,0.1,1000000,1e-06,0.002,0.9,0.001004017643171,
1D-gaussian-1c-1024p,1024,1024,0.0640002104305681,1000000,0.0010411239724103,,seconds,89.59745860099792,89.43036027438939,megabytes,582.0,582.0,91.0,90.02099737532808,0.245633024,0.245633024,0.81875,0.7771797080052487,success,sgd,0.1,1000000,1e-06,0.002,0.9,0.0010411239724103,
1D-gaussian-1c-1024p,1024,1024,0.0260638511416229,1000000,0.0010390204882718,,seconds,90.19363737106325,90.0395238995552,megabytes,582.0,582.0,91.0,89.33422459893048,0.245583872,0.245583872,0.8203125,0.7782607787433153,success,sgd,0.1,1000000,1e-06,0.002,0.9,0.0010390204882718,
1D-gaussian-1c-1024p,1024,1024,0.1365214030127843,1000000,0.0010359220896297,,seconds,88.1726541519165,88.11523538455367,megabytes,582.0,582.0,92.0,91.02374670184696,0.245641216,0.245641216,0.81953125,0.7780693436675464,success,sgd,0.1,1000000,1e-06,0.002,0.9,0.0010359220896297,
1D-gaussian-1c-1024p,1024,1024,0.2429571868299816,1000000,0.0010602029960466,,seconds,90.89647006988524,90.79336309805512,megabytes,582.0,582.0,91.0,88.76708860759494,0.24563712,0.24563712,0.82421875,0.7793987341772158,success,sgd,0.1,1000000,1e-06,0.002,0.9,0.0010602029960466,
1D-gaussian-1c-1024p,1024,1024,0.0672928822563733,1000000,0.001023482040654,,seconds,87.7188560962677,87.70309340208769,megabytes,582.0,582.0,93.0,92.4375,0.245665792,0.245665792,0.83984375,0.7791440217391307,success,sgd,0.1,1000000,1e-06,0.002,0.9,0.001023482040654,
1D-gaussian-1c-1024p,1024,1024,0.0261693070238529,1000000,0.0010368062191936,,seconds,90.08101987838744,90.0766071435064,megabytes,582.0,582.0,91.0,89.35356200527704,0.246857728,0.246857728,0.8453125,0.779324703166227,success,sgd,0.1,1000000,1e-06,0.002,0.9,0.0010368062191936,
1D-gaussian-1c-1024p,1024,1024,0.1752997311737323,1000000,0.0010237009447979,,seconds,90.79685735702516,90.63236455619337,megabytes,582.0,582.0,91.0,89.02597402597402,0.246890496,0.246890496,0.8171875,0.7782284902597395,success,sgd,0.1,1000000,1e-06,0.002,0.9,0.0010237009447979,
1D-gaussian-1c-1024p,1024,1024,0.2594847361714118,1000000,0.0010537902104665,,seconds,90.5648307800293,90.53170818835495,megabytes,582.0,582.0,90.0,88.88541666666667,0.247832576,0.247832576,0.81875,0.7791707356770824,success,sgd,0.1,1000000,1e-06,0.002,0.9,0.0010537902104665,
1D-gaussian-1c-1024p,1024,1024,0.032169018455009,1000000,0.0010245429389727,,seconds,91.46240496635436,91.38740739040075,megabytes,582.0,582.0,90.0,88.6243654822335,0.247877632,0.247877632,0.81796875,0.7787932265228424,success,sgd,0.1,1000000,1e-06,0.002,0.9,0.0010245429389727,
1D-gaussian-1c-1024p,1024,1024,0.5034601319621457,1000000,0.0010701951997867,,seconds,89.69610929489136,89.53756653517485,megabytes,582.0,582.0,91.0,89.38992042440319,0.246984704,0.246984704,0.82265625,0.7778058687002649,success,sgd,0.1,1000000,1e-06,0.002,0.9,0.0010701951997867,
1D-gaussian-1c-1024p,1024,1024,0.0151903968780245,1000000,0.0010052231071258,,seconds,91.27367568016052,91.26448641344903,megabytes,582.0,582.0,92.0,88.71465968586388,0.247885824,0.247885824,0.825,0.7811845549738219,success,sgd,0.1,1000000,1e-06,0.002,0.9,0.0010052231071258,
1D-gaussian-1c-1024p,1024,1024,0.023946625835368,1000000,0.0010338174011936,,seconds,90.30301094055176,90.19048519060016,megabytes,582.0,582.0,90.0,89.17989417989418,0.247914496,0.247914496,0.83515625,0.7775400958994709,success,sgd,0.1,1000000,1e-06,0.002,0.9,0.0010338174011936,
1D-gaussian-1c-1024p,1024,1024,0.0840453752650376,1000000,0.0010035547111534,,seconds,89.85972094535828,89.8726900499314,megabytes,582.0,582.0,91.0,89.50265957446808,0.248885248,0.248885248,0.8421875,0.7799222905585109,success,sgd,0.1,1000000,1e-06,0.002,0.9,0.0010035547111534,
1D-gaussian-1c-1024p,1024,1024,0.0158797069096629,1000000,0.00103791050294,,seconds,90.77398538589478,90.65776469558476,megabytes,582.0,582.0,90.0,88.7295918367347,0.248856576,0.248856576,0.821875,0.7785853794642852,success,sgd,0.1,1000000,1e-06,0.002,0.9,0.00103791050294,
1D-gaussian-1c-1024p,1024,1024,0.0987227960657919,1000000,0.001029841117777,,seconds,91.26367282867432,91.10555872693658,megabytes,582.0,582.0,91.0,88.55163727959697,0.248881152,0.248881152,0.828125,0.7771568010075569,success,sgd,0.1,1000000,1e-06,0.002,0.9,0.001029841117777,
1D-gaussian-1c-1024p,1024,1024,0.4758085250464434,1000000,0.0010727619564252,,seconds,90.05183506011963,90.0676578823477,megabytes,582.0,582.0,92.0,89.37467018469657,0.248905728,0.248905728,0.83046875,0.7790113786279679,success,sgd,0.1,1000000,1e-06,0.002,0.9,0.0010727619564252,
1D-gaussian-1c-1024p,1024,1024,0.2832868860022922,1000000,0.0010605097408615,,seconds,90.9194769859314,90.82730961218476,megabytes,582.0,582.0,90.0,88.73969072164948,0.24889344,0.24889344,0.82578125,0.7794378221649482,success,sgd,0.1,1000000,1e-06,0.002,0.9,0.0010605097408615,
1D-gaussian-1c-1024p,1024,1024,0.0258533759167522,1000000,0.0010331627091005,,seconds,91.2336699962616,91.288120303303,megabytes,582.0,582.0,90.0,88.33333333333333,0.248950784,0.248950784,0.825,0.779851017441861,success,sgd,0.1,1000000,1e-06,0.002,0.9,0.0010331627091005,
1D-gaussian-1c-1024p,1024,1024,0.4931565395658991,1000000,0.0010502087674385,,seconds,91.57108426094057,91.38573119975626,megabytes,582.0,582.0,91.0,88.78036175710594,0.24897536,0.24897536,0.8234375,0.7778625645994822,success,sgd,0.1,1000000,1e-06,0.002,0.9,0.0010502087674385,
1D-gaussian-1c-1024p,1024,1024,0.8133705772828748,1000000,0.0010716697303172,,seconds,90.45074081420898,90.42080062069,megabytes,582.0,582.0,90.0,88.94559585492227,0.248971264,0.248971264,0.821875,0.7793677137305701,success,sgd,0.1,1000000,1e-06,0.002,0.9,0.0010716697303172,
1D-gaussian-1c-2048p,2048,2048,0.509573715574728,1000000,0.0036850619116315,,seconds,187.71103978157043,187.67220284603536,megabytes,678.0,678.0,96.0,95.30628272251307,0.251056128,0.251056128,0.83046875,0.7789880562827234,success,sgd,0.1,1000000,1e-06,0.002,0.9,0.0036850619116315,
1D-gaussian-1c-2048p,2048,2048,0.0747509774265585,1000000,0.0036405700525298,,seconds,188.1372606754303,187.973157428205,megabytes,678.0,678.0,96.0,95.02979274611398,0.251097088,0.251097088,0.81796875,0.7778446810233164,success,sgd,0.1,1000000,1e-06,0.002,0.9,0.0036405700525298,
1D-gaussian-1c-2048p,2048,2048,1.200225804577428,1000000,0.0035660149361128,,seconds,187.7653992176056,187.6632732283324,megabytes,678.0,678.0,96.0,95.49431099873578,0.245870592,0.245870592,0.82890625,0.779203539823009,success,sgd,0.1,1000000,1e-06,0.002,0.9,0.0035660149361128,
1D-gaussian-1c-2048p,2048,2048,0.3011698280493472,1000000,0.0035866518531587,,seconds,188.15917038917544,187.97090484760704,megabytes,678.0,678.0,96.0,94.97022332506204,0.245948416,0.245948416,0.83828125,0.7791631125930528,success,sgd,0.1,1000000,1e-06,0.002,0.9,0.0035866518531587,
1D-gaussian-1c-2048p,2048,2048,0.0358297965444853,1000000,0.0036106009050267,,seconds,187.88987231254575,187.76396940276027,megabytes,678.0,678.0,96.0,95.32987012987012,0.245899264,0.245899264,0.81484375,0.7789833603896101,success,sgd,0.1,1000000,1e-06,0.002,0.9,0.0036106009050267,
1D-gaussian-1c-2048p,2048,2048,0.363415319094429,1000000,0.0036761388297892,,seconds,187.91138291358948,187.7451612893492,megabytes,678.0,678.0,96.0,94.98684210526316,0.2459648,0.2459648,0.82734375,0.778328536184211,success,sgd,0.1,1000000,1e-06,0.002,0.9,0.0036761388297892,
1D-gaussian-1c-2048p,2048,2048,0.0731469931819052,1000000,0.003562316437694,,seconds,187.895614862442,187.81154601089656,megabytes,678.0,678.0,96.0,95.15179760319576,0.245940224,0.245940224,0.821875,0.7794482356857512,success,sgd,0.1,1000000,1e-06,0.002,0.9,0.003562316437694,
1D-gaussian-1c-2048p,2048,2048,0.0907451609271141,1000000,0.0035278371283811,,seconds,187.96594095230105,187.8627272620797,megabytes,678.0,678.0,96.0,95.0126422250316,0.248930304,0.248930304,0.83515625,0.7794366308470292,success,sgd,0.1,1000000,1e-06,0.002,0.9,0.0035278371283811,
1D-gaussian-1c-2048p,2048,2048,0.0896919457763838,1000000,0.0035570955834353,,seconds,187.5298049449921,187.5151354279369,megabytes,678.0,678.0,96.0,95.33942558746736,0.251219968,0.251219968,0.83515625,0.7801393195169721,success,sgd,0.1,1000000,1e-06,0.002,0.9,0.0035570955834353,
1D-gaussian-1c-2048p,2048,2048,0.0816838948422143,1000000,0.0035468783161925,,seconds,187.62342834472656,187.61575687862933,megabytes,678.0,678.0,96.0,95.212987012987,0.25124864,0.25124864,0.83984375,0.7793577516233756,success,sgd,0.1,1000000,1e-06,0.002,0.9,0.0035468783161925,
1D-gaussian-1c-2048p,2048,2048,0.0594407861931593,1000000,0.0036347086417378,,seconds,187.63758754730225,187.57945444993675,megabytes,678.0,678.0,96.0,95.27296587926509,0.251281408,0.251281408,0.83515625,0.7789728920603678,success,sgd,0.1,1000000,1e-06,0.002,0.9,0.0036347086417378,
1D-gaussian-1c-2048p,2048,2048,0.0229591377052356,1000000,0.0036321028200256,,seconds,188.03420615196228,187.82874699682,megabytes,678.0,678.0,96.0,94.93438320209974,0.246104064,0.246104064,0.8328125,0.7784653871391074,success,sgd,0.1,1000000,1e-06,0.002,0.9,0.0036321028200256,
1D-gaussian-1c-2048p,2048,2048,0.1293925378295823,1000000,0.0036148081101256,,seconds,187.90786862373352,187.79465620964768,megabytes,678.0,678.0,96.0,95.3003901170351,0.246013952,0.246013952,0.83359375,0.7805388491547458,success,sgd,0.1,1000000,1e-06,0.002,0.9,0.0036148081101256,
1D-gaussian-1c-2048p,2048,2048,0.2314119804809292,1000000,0.0036650180776061,,seconds,188.0355331897736,187.88507408462465,megabytes,678.0,678.0,96.0,95.0051282051282,0.24610816,0.24610816,0.8328125,0.7780859374999997,success,sgd,0.1,1000000,1e-06,0.002,0.9,0.0036650180776061,
1D-gaussian-1c-2048p,2048,2048,0.0627453956641955,1000000,0.0035972068664794,,seconds,188.20504927635196,188.0319354403764,megabytes,680.0,680.0,96.0,94.8804780876494,0.2491392,0.2491392,0.82421875,0.77762180444887,success,sgd,0.1,1000000,1e-06,0.002,0.9,0.0035972068664794,
1D-gaussian-1c-2048p,2048,2048,0.0230649926765766,1000000,0.0036284854080906,,seconds,187.6003611087799,187.5954901110381,megabytes,680.0,680.0,95.0,94.8944658944659,0.251420672,0.251420672,0.8484375,0.7800384089446583,success,sgd,0.1,1000000,1e-06,0.002,0.9,0.0036284854080906,
1D-gaussian-1c-2048p,2048,2048,0.1670521585300405,1000000,0.003577706865292,,seconds,188.0298366546631,187.9149238485843,megabytes,680.0,680.0,95.0,94.8472775564409,0.25141248,0.25141248,0.81953125,0.7802072958167335,success,sgd,0.1,1000000,1e-06,0.002,0.9,0.003577706865292,
1D-gaussian-1c-2048p,2048,2048,0.2476111245191309,1000000,0.0036451542024609,,seconds,187.1462473869324,187.0361871626228,megabytes,680.0,680.0,96.0,94.94208494208496,0.251457536,0.251457536,0.82734375,0.7788459218146722,success,sgd,0.1,1000000,1e-06,0.002,0.9,0.0036451542024609,
1D-gaussian-1c-2048p,2048,2048,0.0288710934189019,1000000,0.0036051430363491,,seconds,187.97158002853396,187.81719078309837,megabytes,680.0,680.0,95.0,94.87922077922076,0.2514944,0.2514944,0.81796875,0.77917106331169,success,sgd,0.1,1000000,1e-06,0.002,0.9,0.0036051430363491,
1D-gaussian-1c-2048p,2048,2048,0.4818286907189293,1000000,0.0036779405831944,,seconds,187.24846148490903,187.193870767951,megabytes,680.0,680.0,96.0,94.87935323383084,0.251478016,0.251478016,0.8375,0.7795990749378114,success,sgd,0.1,1000000,1e-06,0.002,0.9,0.0036779405831944,
1D-gaussian-1c-2048p,2048,2048,0.0125290395506045,1000000,0.003571661465289,,seconds,188.1680972576141,188.10256424173716,megabytes,680.0,680.0,95.0,94.96740547588006,0.251510784,0.251510784,0.81875,0.7791629318774447,success,sgd,0.1,1000000,1e-06,0.002,0.9,0.003571661465289,
1D-gaussian-1c-2048p,2048,2048,0.0209322763615509,1000000,0.0036236021849865,,seconds,187.82252192497253,187.7729270774871,megabytes,680.0,680.0,95.0,94.9359477124183,0.25157632,0.25157632,0.821875,0.7784844771241826,success,sgd,0.1,1000000,1e-06,0.002,0.9,0.0036236021849865,
1D-gaussian-1c-2048p,2048,2048,0.0790945295226698,1000000,0.0035460100863353,,seconds,188.6682541370392,188.56631544418636,megabytes,680.0,680.0,95.0,94.92115637319316,0.251613184,0.251613184,0.81953125,0.7795951051248348,success,sgd,0.1,1000000,1e-06,0.002,0.9,0.0035460100863353,
1D-gaussian-1c-2048p,2048,2048,0.0131700043562478,1000000,0.0036302876803337,,seconds,187.81972980499268,187.83109084144235,megabytes,680.0,680.0,95.0,94.84981226533166,0.25161728,0.25161728,0.8171875,0.7809468867334177,success,sgd,0.1,1000000,1e-06,0.002,0.9,0.0036302876803337,
1D-gaussian-1c-2048p,2048,2048,0.0930104456565268,1000000,0.0036060791410269,,seconds,187.91169118881223,187.8611538168043,megabytes,680.0,680.0,95.0,94.9,0.25165824,0.25165824,0.81796875,0.7804636101973672,success,sgd,0.1,1000000,1e-06,0.002,0.9,0.0036060791410269,
1D-gaussian-1c-2048p,2048,2048,0.455249521853755,1000000,0.0036824155146567,,seconds,187.6013505458832,187.5755406524986,megabytes,680.0,680.0,95.0,94.89615384615384,0.251666432,0.251666432,0.82421875,0.7797025240384615,success,sgd,0.1,1000000,1e-06,0.002,0.9,0.0036824155146567,
1D-gaussian-1c-2048p,2048,2048,0.2701557562825669,1000000,0.0036665934085579,,seconds,188.3956632614136,188.2532601635903,megabytes,680.0,680.0,95.0,94.8541935483871,0.251682816,0.251682816,0.8390625,0.7779546370967746,success,sgd,0.1,1000000,1e-06,0.002,0.9,0.0036665934085579,
1D-gaussian-1c-2048p,2048,2048,0.0227680009858043,1000000,0.0036224480955634,,seconds,187.58744025230408,187.48558183200657,megabytes,680.0,680.0,95.0,94.92075471698114,0.251731968,0.251731968,0.8171875,0.779121462264151,success,sgd,0.1,1000000,1e-06,0.002,0.9,0.0036224480955634,
1D-gaussian-1c-2048p,2048,2048,0.4735752213714176,1000000,0.0036022599202863,,seconds,187.99243927001956,187.93507596105337,megabytes,680.0,680.0,95.0,94.89605263157895,0.251736064,0.251736064,0.83515625,0.7792845394736848,success,sgd,0.1,1000000,1e-06,0.002,0.9,0.0036022599202863,
1D-gaussian-1c-2048p,2048,2048,0.7803347307265139,1000000,0.0036643658683034,,seconds,187.89375281333923,187.7936977725476,megabytes,680.0,680.0,95.0,94.97368421052632,0.251772928,0.251772928,0.83046875,0.7795347744360911,success,sgd,0.1,1000000,1e-06,0.002,0.9,0.0036643658683034,
1D-gaussian-1c-32p,32,32,0.526427879485716,1000000,1.7380858975195527e-05,,seconds,38.2197425365448,38.17394213564694,megabytes,550.0,550.0,82.0,81.14906832298136,0.246505472,0.246505472,0.81171875,0.7761985636645965,success,sgd,0.01,1000000,1e-06,0.002,0.9,1.7380858975195527e-05,
1D-gaussian-1c-32p,32,32,0.0697933540511776,1000000,6.2820738246024745e-06,,seconds,38.38584852218628,38.19894325733185,megabytes,550.0,550.0,82.0,80.83333333333333,0.246935552,0.246935552,0.83125,0.7771267361111114,success,sgd,0.01,1000000,1e-06,0.002,0.9,6.2820738246024745e-06,
1D-gaussian-1c-32p,32,32,1.2469189064011137,1000000,2.195994327739929e-05,,seconds,37.821481466293335,37.73112357035279,megabytes,550.0,550.0,84.0,81.73333333333333,0.24649728,0.24649728,0.82265625,0.7772774621212124,success,sgd,0.01,1000000,1e-06,0.002,0.9,2.195994327739929e-05,
1D-gaussian-1c-32p,32,32,0.3059159501742145,1000000,1.6966920576516916e-05,,seconds,37.50767230987549,37.3790553919971,megabytes,550.0,550.0,84.0,82.68627450980392,0.246808576,0.246808576,0.834375,0.7757301879084965,success,sgd,0.01,1000000,1e-06,0.002,0.9,1.6966920576516916e-05,
1D-gaussian-1c-32p,32,32,0.0288239428594052,1000000,3.916341224513037e-06,,seconds,37.786166191101074,37.66839540936053,megabytes,550.0,550.0,84.0,81.88095238095238,0.24655872,0.24655872,0.8234375,0.7755161830357147,success,sgd,0.01,1000000,1e-06,0.002,0.9,3.916341224513037e-06,
1D-gaussian-1c-32p,32,32,0.3728457182694222,1000000,1.5122187993172907e-05,,seconds,37.92138743400574,37.81545332632959,megabytes,550.0,550.0,84.0,81.54166666666667,0.246747136,0.246747136,0.82265625,0.7772972470238095,success,sgd,0.01,1000000,1e-06,0.002,0.9,1.5122187993172907e-05,
1D-gaussian-1c-32p,32,32,0.0675916876800453,1000000,6.240197134268283e-06,,seconds,38.29287838935852,38.27020069770515,megabytes,550.0,550.0,83.0,80.44117647058823,0.246542336,0.246542336,0.8234375,0.7797748161764705,success,sgd,0.01,1000000,1e-06,0.002,0.9,6.240197134268283e-06,
1D-gaussian-1c-32p,32,32,0.0857372637043748,1000000,7.425542796384317e-06,,seconds,39.46206378936768,39.37226991355419,megabytes,550.0,550.0,80.0,78.30813953488372,0.246775808,0.246775808,0.82421875,0.7799872819767448,success,sgd,0.01,1000000,1e-06,0.002,0.9,7.425542796384317e-06,
1D-gaussian-1c-32p,32,32,0.0848157756334013,1000000,8.416754495766488e-06,,seconds,39.21513867378235,39.2126216199249,megabytes,550.0,550.0,81.0,78.56024096385542,0.247730176,0.247730176,0.81328125,0.778995670180723,success,sgd,0.01,1000000,1e-06,0.002,0.9,8.416754495766488e-06,
1D-gaussian-1c-32p,32,32,0.0764057630420658,1000000,1.139339165613476e-05,,seconds,37.271968126297,37.14563751593232,megabytes,550.0,550.0,84.0,82.87037037037037,0.250765312,0.250765312,0.82109375,0.7755401234567902,success,sgd,0.01,1000000,1e-06,0.002,0.9,1.139339165613476e-05,
1D-gaussian-1c-32p,32,32,0.0536860029411582,1000000,5.199105179947802e-06,,seconds,38.86502695083618,38.7079945076257,megabytes,550.0,550.0,82.0,79.36842105263158,0.249602048,0.249602048,0.81875,0.776580774853801,success,sgd,0.01,1000000,1e-06,0.002,0.9,5.199105179947802e-06,
1D-gaussian-1c-32p,32,32,0.0153981618284517,1000000,2.8479250049144385e-06,,seconds,38.06059527397156,38.00261968933046,megabytes,550.0,550.0,83.0,80.99375,0.249622528,0.249622528,0.81953125,0.7792968750000002,success,sgd,0.01,1000000,1e-06,0.002,0.9,2.8479250049144385e-06,
1D-gaussian-1c-32p,32,32,0.1267636612813901,1000000,6.680226979964357e-06,,seconds,37.38760256767273,37.289057245478034,megabytes,550.0,550.0,84.0,82.55089820359281,0.24664064,0.24664064,0.82421875,0.7750795284431133,success,sgd,0.01,1000000,1e-06,0.002,0.9,6.680226979964357e-06,
1D-gaussian-1c-32p,32,32,0.2343986744676574,1000000,1.4848990462618144e-05,,seconds,37.82165837287903,37.63129716925323,megabytes,550.0,550.0,83.0,81.67682926829268,0.246738944,0.246738944,0.815625,0.7750333460365851,success,sgd,0.01,1000000,1e-06,0.002,0.9,1.4848990462618144e-05,
1D-gaussian-1c-32p,32,32,0.05691907410213,1000000,7.194779413586512e-06,,seconds,37.54693388938904,37.36624993570149,megabytes,550.0,550.0,84.0,82.64197530864197,0.246718464,0.246718464,0.83125,0.7767071759259258,success,sgd,0.01,1000000,1e-06,0.002,0.9,7.194779413586512e-06,
1D-gaussian-1c-32p,32,32,0.0154993413839055,1000000,2.756032183733183e-06,,seconds,39.09681224822998,38.88243682868779,megabytes,550.0,550.0,82.0,79.1775147928994,0.246788096,0.246788096,0.8234375,0.7776812130177514,success,sgd,0.01,1000000,1e-06,0.002,0.9,2.756032183733183e-06,
1D-gaussian-1c-32p,32,32,0.1657279440478324,1000000,1.2575368340575167e-05,,seconds,38.49440622329712,38.34729793295264,megabytes,550.0,550.0,82.0,80.32075471698113,0.246734848,0.246734848,0.81484375,0.7754962657232707,success,sgd,0.01,1000000,1e-06,0.002,0.9,1.2575368340575167e-05,
1D-gaussian-1c-32p,32,32,0.2509121974430904,1000000,1.459189266916066e-05,,seconds,39.16801071166992,39.10029185004532,megabytes,550.0,550.0,81.0,78.81437125748504,0.24676352,0.24676352,0.82421875,0.7772034056886229,success,sgd,0.01,1000000,1e-06,0.002,0.9,1.459189266916066e-05,
1D-gaussian-1c-32p,32,32,0.0215241835012177,1000000,2.9574952993234137e-06,,seconds,38.0216965675354,38.005565488711,megabytes,550.0,550.0,84.0,80.92727272727272,0.246784,0.246784,0.8203125,0.7785842803030307,success,sgd,0.01,1000000,1e-06,0.002,0.9,2.9574952993234137e-06,
1D-gaussian-1c-32p,32,32,0.4974192099737777,1000000,1.0509077819946448e-05,,seconds,38.04094767570496,37.975128799676895,megabytes,550.0,550.0,83.0,81.125,0.246788096,0.246788096,0.8140625,0.7764462425595237,success,sgd,0.01,1000000,1e-06,0.002,0.9,1.0509077819946448e-05,
1D-gaussian-1c-32p,32,32,0.0043924008320172,995963,9.999990390669414e-07,,seconds,38.97380566596985,38.78417640738189,megabytes,550.0,550.0,82.0,78.80701754385964,0.246874112,0.246874112,0.825,0.7764711257309935,success,sgd,0.01,1000000,1e-06,0.002,0.9,9.999990390669414e-07,
1D-gaussian-1c-32p,32,32,0.0132507622251694,1000000,3.00734539786768e-06,,seconds,37.84160399436951,37.77186499722302,megabytes,550.0,550.0,84.0,81.65625,0.246874112,0.246874112,0.81796875,0.7764062499999999,success,sgd,0.01,1000000,1e-06,0.002,0.9,3.00734539786768e-06,
1D-gaussian-1c-32p,32,32,0.0737031098542052,1000000,1.0919979941360106e-05,,seconds,37.57959747314453,37.44569867476821,megabytes,550.0,550.0,83.0,82.04968944099379,0.246890496,0.246890496,0.82265625,0.7782899844720491,success,sgd,0.01,1000000,1e-06,0.002,0.9,1.0919979941360106e-05,
1D-gaussian-1c-32p,32,32,0.0051152090763559,1000000,1.1551439581618616e-06,,seconds,38.32632851600647,38.21168926730752,megabytes,550.0,550.0,82.0,80.6375,0.246931456,0.246931456,0.83828125,0.7758984375000002,success,sgd,0.01,1000000,1e-06,0.002,0.9,1.1551439581618616e-06,
1D-gaussian-1c-32p,32,32,0.0886248825169954,1000000,5.115495630737825e-06,,seconds,38.40805220603943,38.236960645765066,megabytes,550.0,550.0,82.0,80.26114649681529,0.24696832,0.24696832,0.8125,0.7735967356687901,success,sgd,0.01,1000000,1e-06,0.002,0.9,5.115495630737825e-06,
1D-gaussian-1c-32p,32,32,0.4694884228028299,1000000,2.707739237329433e-05,,seconds,37.75014233589173,37.6634454280138,megabytes,550.0,550.0,84.0,81.84516129032258,0.246882304,0.246882304,0.8171875,0.7764768145161288,success,sgd,0.01,1000000,1e-06,0.002,0.9,2.707739237329433e-05,
1D-gaussian-1c-32p,32,32,0.2751216889307038,1000000,1.2292222447868252e-05,,seconds,38.25074243545532,38.153838554397225,megabytes,550.0,550.0,83.0,80.7235294117647,0.24696832,0.24696832,0.82109375,0.7779917279411769,success,sgd,0.01,1000000,1e-06,0.002,0.9,1.2292222447868252e-05,
1D-gaussian-1c-32p,32,32,0.0151734188450858,1000000,3.0748965763151817e-06,,seconds,38.14674282073975,38.07054705545306,megabytes,550.0,550.0,82.0,80.33962264150944,0.24696832,0.24696832,0.8171875,0.7794369103773586,success,sgd,0.01,1000000,1e-06,0.002,0.9,3.0748965763151817e-06,
1D-gaussian-1c-32p,32,32,0.4862928689129865,1000000,1.2017818139360775e-05,,seconds,38.41654229164124,38.24343389086425,megabytes,550.0,550.0,82.0,80.50909090909092,0.247001088,0.247001088,0.825,0.7760274621212123,success,sgd,0.01,1000000,1e-06,0.002,0.9,1.2017818139360775e-05,
1D-gaussian-1c-32p,32,32,0.8100178401932354,1000000,2.8935704180471163e-05,,seconds,37.674230337142944,37.66535669378936,megabytes,550.0,550.0,84.0,81.71069182389937,0.247017472,0.247017472,0.8125,0.7766656839622641,success,sgd,0.01,1000000,1e-06,0.002,0.9,2.8935704180471163e-05,
1D-gaussian-1c-64p,64,64,0.5263841917935606,1000000,3.082673815247705e-05,,seconds,44.515785932540894,44.33307235315442,megabytes,550.0,550.0,81.0,79.83068783068784,0.24715264,0.24715264,0.81015625,0.7747023809523804,success,sgd,0.01,1000000,1e-06,0.002,0.9,3.082673815247705e-05,
1D-gaussian-1c-64p,64,64,0.0697862757033459,1000000,1.0853551271163585e-05,,seconds,44.32766962051392,44.31744794361293,megabytes,550.0,550.0,81.0,79.79473684210527,0.24715264,0.24715264,0.81875,0.7787006578947365,success,sgd,0.01,1000000,1e-06,0.002,0.9,1.0853551271163585e-05,
1D-gaussian-1c-64p,64,64,1.2466785295157303,1000000,7.409905945314118e-05,,seconds,44.445273876190186,44.33151565492153,megabytes,550.0,550.0,81.0,79.72486772486772,0.24715264,0.24715264,0.8359375,0.7785590277777775,success,sgd,0.01,1000000,1e-06,0.002,0.9,7.409905945314118e-05,
1D-gaussian-1c-64p,64,64,0.3058881158067674,1000000,1.9741702329948545e-05,,seconds,44.28049087524414,44.28776728734374,megabytes,550.0,550.0,81.0,79.60621761658031,0.247205888,0.247205888,0.825,0.7777606865284975,success,sgd,0.01,1000000,1e-06,0.002,0.9,1.9741702329948545e-05,
1D-gaussian-1c-64p,64,64,0.0288214495977626,1000000,5.987135672411003e-06,,seconds,44.22196173667908,44.161883598193526,megabytes,550.0,550.0,81.0,79.890625,0.247205888,0.247205888,0.8203125,0.7779825846354161,success,sgd,0.01,1000000,1e-06,0.002,0.9,5.987135672411003e-06,
1D-gaussian-1c-64p,64,64,0.3728029504631017,1000000,2.279651023731487e-05,,seconds,44.41414785385132,44.31606679596007,megabytes,550.0,550.0,81.0,79.65079365079364,0.247222272,0.247222272,0.81875,0.7778811177248683,success,sgd,0.01,1000000,1e-06,0.002,0.9,2.279651023731487e-05,
1D-gaussian-1c-64p,64,64,0.0675868120768789,1000000,8.785546359847272e-06,,seconds,43.974167346954346,43.89943294413388,megabytes,550.0,550.0,81.0,79.95360824742268,0.247226368,0.247226368,0.8203125,0.7811291881443299,success,sgd,0.01,1000000,1e-06,0.002,0.9,8.785546359847272e-06,
1D-gaussian-1c-64p,64,64,0.0857279997385014,1000000,1.2907173769155552e-05,,seconds,44.271488428115845,44.12478570453823,megabytes,550.0,550.0,81.0,79.9438775510204,0.247283712,0.247283712,0.825,0.7789779974489798,success,sgd,0.01,1000000,1e-06,0.002,0.9,1.2907173769155552e-05,
1D-gaussian-1c-64p,64,64,0.0848072413231902,1000000,1.371632146962627e-05,,seconds,44.47073006629944,44.3986127525568,megabytes,550.0,550.0,81.0,79.51336898395722,0.247279616,0.247279616,0.82578125,0.7774147727272732,success,sgd,0.01,1000000,1e-06,0.002,0.9,1.371632146962627e-05,
1D-gaussian-1c-64p,64,64,0.0764022646356963,1000000,7.701181374175866e-06,,seconds,44.67771816253662,44.4734670817852,megabytes,550.0,550.0,81.0,79.58510638297872,0.247353344,0.247353344,0.82109375,0.7753906250000003,success,sgd,0.01,1000000,1e-06,0.002,0.9,7.701181374175866e-06,
1D-gaussian-1c-64p,64,64,0.0536810144083685,1000000,1.0875127327894373e-05,,seconds,44.33958911895752,44.3448130376637,megabytes,550.0,550.0,81.0,79.50267379679144,0.247324672,0.247324672,0.83515625,0.7823905414438501,success,sgd,0.01,1000000,1e-06,0.002,0.9,1.0875127327894373e-05,
1D-gaussian-1c-64p,64,64,0.015396992294764,1000000,5.006671982993809e-06,,seconds,44.63638305664063,44.47120125964284,megabytes,550.0,550.0,81.0,79.26086956521739,0.24737792,0.24737792,0.81796875,0.7761548913043476,success,sgd,0.01,1000000,1e-06,0.002,0.9,5.006671982993809e-06,
1D-gaussian-1c-64p,64,64,0.1267498860354063,1000000,1.2263172327023332e-05,,seconds,44.4578115940094,44.26953869685531,megabytes,550.0,550.0,81.0,79.89285714285714,0.24737792,0.24737792,0.8171875,0.775733418367347,success,sgd,0.01,1000000,1e-06,0.002,0.9,1.2263172327023332e-05,
1D-gaussian-1c-64p,64,64,0.2343714916801231,1000000,2.0017916546613743e-05,,seconds,43.83442950248718,43.76907624490559,megabytes,550.0,550.0,81.0,80.30102040816327,0.247406592,0.247406592,0.81484375,0.776395089285714,success,sgd,0.01,1000000,1e-06,0.002,0.9,2.0017916546613743e-05,
1D-gaussian-1c-64p,64,64,0.0569140825388233,1000000,9.395715254773953e-06,,seconds,44.22568583488464,44.196266232058406,megabytes,550.0,550.0,81.0,80.03243243243243,0.24741888,0.24741888,0.82265625,0.7783826013513517,success,sgd,0.01,1000000,1e-06,0.002,0.9,9.395715254773953e-06,
1D-gaussian-1c-64p,64,64,0.0154981223051991,1000000,5.264829448046518e-06,,seconds,44.14253854751587,44.11591539718211,megabytes,550.0,550.0,81.0,79.75916230366492,0.247455744,0.247455744,0.81171875,0.7773110274869106,success,sgd,0.01,1000000,1e-06,0.002,0.9,5.264829448046518e-06,
1D-gaussian-1c-64p,64,64,0.1657088742130298,1000000,2.2695371365257653e-05,,seconds,44.34566330909729,44.20678345300257,megabytes,550.0,550.0,81.0,79.74468085106383,0.247443456,0.247443456,0.8109375,0.7765791223404258,success,sgd,0.01,1000000,1e-06,0.002,0.9,2.2695371365257653e-05,
1D-gaussian-1c-64p,64,64,0.2508766231741525,1000000,2.427971425225693e-05,,seconds,44.32273316383362,44.33936154097319,megabytes,550.0,550.0,81.0,79.6304347826087,0.247463936,0.247463936,0.81796875,0.779878566576087,success,sgd,0.01,1000000,1e-06,0.002,0.9,2.427971425225693e-05,
1D-gaussian-1c-64p,64,64,0.0215224709503727,1000000,5.6529328385304735e-06,,seconds,44.51247453689575,44.35964693315327,megabytes,550.0,550.0,82.0,79.37837837837837,0.247513088,0.247513088,0.81953125,0.7778209459459456,success,sgd,0.01,1000000,1e-06,0.002,0.9,5.6529328385304735e-06,
1D-gaussian-1c-64p,64,64,0.4973339420157879,1000000,2.1404252417240417e-05,,seconds,44.096923828125,43.94819153100252,megabytes,550.0,550.0,81.0,80.26767676767676,0.24754176,0.24754176,0.82421875,0.7770241477272729,success,sgd,0.01,1000000,1e-06,0.002,0.9,2.1404252417240417e-05,
1D-gaussian-1c-64p,64,64,0.0043923368907557,1000000,1.141460624764455e-06,,seconds,44.60636210441589,44.45535814389586,megabytes,550.0,550.0,81.0,79.48913043478261,0.247558144,0.247558144,0.81796875,0.7766686480978258,success,sgd,0.01,1000000,1e-06,0.002,0.9,1.141460624764455e-06,
1D-gaussian-1c-64p,64,64,0.0132499797176406,1000000,4.852930341633424e-06,,seconds,44.12924861907959,44.02813849598169,megabytes,550.0,550.0,81.0,80.10714285714286,0.247611392,0.247611392,0.82421875,0.7781927614795924,success,sgd,0.01,1000000,1e-06,0.002,0.9,4.852930341633424e-06,
1D-gaussian-1c-64p,64,64,0.0736991048823023,1000000,7.41362864690905e-06,,seconds,44.497966051101685,44.3171072229743,megabytes,550.0,550.0,81.0,79.4869109947644,0.247627776,0.247627776,0.82265625,0.7764929646596854,success,sgd,0.01,1000000,1e-06,0.002,0.9,7.41362864690905e-06,
1D-gaussian-1c-64p,64,64,0.0051150694502362,1000000,1.9029046771910057e-06,,seconds,44.53904819488525,44.39093687199056,megabytes,550.0,550.0,81.0,79.43478260869566,0.2476032,0.2476032,0.83359375,0.7799252717391301,success,sgd,0.01,1000000,1e-06,0.002,0.9,1.9029046771910057e-06,
1D-gaussian-1c-64p,64,64,0.0886159098983475,1000000,1.0885313527528738e-05,,seconds,44.50277304649353,44.499623050913215,megabytes,550.0,550.0,81.0,79.35978835978835,0.247672832,0.247672832,0.82578125,0.7798941798941798,success,sgd,0.01,1000000,1e-06,0.002,0.9,1.0885313527528738e-05,
1D-gaussian-1c-64p,64,64,0.4694242902364087,1000000,3.297441874668911e-05,,seconds,44.65423226356506,44.496327675879,megabytes,550.0,550.0,81.0,79.4918918918919,0.247697408,0.247697408,0.82578125,0.77738597972973,success,sgd,0.01,1000000,1e-06,0.002,0.9,3.297441874668911e-05,
1D-gaussian-1c-64p,64,64,0.2750968252449897,1000000,2.331768149828992e-05,,seconds,44.48199772834778,44.34683133289218,megabytes,550.0,550.0,81.0,79.85185185185185,0.24772608,0.24772608,0.81953125,0.7769055886243382,success,sgd,0.01,1000000,1e-06,0.002,0.9,2.331768149828992e-05,
1D-gaussian-1c-64p,64,64,0.0151722811745295,1000000,5.134959947892384e-06,,seconds,44.30017828941345,44.1401898432523,megabytes,550.0,550.0,81.0,79.98947368421052,0.247734272,0.247734272,0.81640625,0.7763527960526311,success,sgd,0.01,1000000,1e-06,0.002,0.9,5.134959947892384e-06,
1D-gaussian-1c-64p,64,64,0.4862168414673593,1000000,3.89762054926114e-05,,seconds,44.16110873222351,44.15533412434161,megabytes,550.0,550.0,81.0,79.63541666666667,0.247750656,0.247750656,0.82265625,0.7788818359375006,success,sgd,0.01,1000000,1e-06,0.002,0.9,3.89762054926114e-05,
1D-gaussian-1c-64p,64,64,0.8099281677046883,1000000,3.705476717404148e-05,,seconds,44.37023305892944,44.24870806373656,megabytes,550.0,550.0,81.0,79.89784946236558,0.247803904,0.247803904,0.825,0.7784442204301074,success,sgd,0.01,1000000,1e-06,0.002,0.9,3.705476717404148e-05,
1D-gaussian-1c-128p,128,128,0.5262272590556081,1000000,5.552983620256796e-05,,seconds,50.736687660217285,50.56352652236819,megabytes,550.0,550.0,82.0,79.13761467889908,0.247918592,0.247918592,0.81796875,0.774745556192661,success,sgd,0.01,1000000,1e-06,0.002,0.9,5.552983620256796e-05,
1D-gaussian-1c-128p,128,128,0.069770943577407,1000000,1.975396306205836e-05,,seconds,46.59329319000244,46.60754805058241,megabytes,550.0,550.0,86.0,84.02970297029702,0.247844864,0.247844864,0.81484375,0.7806427908415844,success,sgd,0.01,1000000,1e-06,0.002,0.9,1.975396306205836e-05,
1D-gaussian-1c-128p,128,128,1.2462839944535489,1000000,7.757947455096677e-05,,seconds,51.23637104034424,51.079114347696304,megabytes,550.0,550.0,82.0,78.49115044247787,0.247943168,0.247943168,0.81640625,0.776486449115044,success,sgd,0.01,1000000,1e-06,0.002,0.9,7.757947455096677e-05,
1D-gaussian-1c-128p,128,128,0.3058143910135493,1000000,3.726387157777047e-05,,seconds,46.65994572639465,46.52322489768267,megabytes,550.0,550.0,85.0,84.43718592964824,0.247873536,0.247873536,0.82421875,0.7762248743718596,success,sgd,0.01,1000000,1e-06,0.002,0.9,3.726387157777047e-05,
1D-gaussian-1c-128p,128,128,0.0288179434492114,1000000,1.477808885588082e-05,,seconds,51.08746862411499,51.06099480763078,megabytes,550.0,550.0,82.0,78.10267857142857,0.247967744,0.247967744,0.82265625,0.7797921316964287,success,sgd,0.01,1000000,1e-06,0.002,0.9,1.477808885588082e-05,
1D-gaussian-1c-128p,128,128,0.3727001927911302,1000000,4.3558293078777405e-05,,seconds,46.772809982299805,46.7223107367754,megabytes,550.0,550.0,85.0,84.2,0.247963648,0.247963648,0.81875,0.77927734375,success,sgd,0.01,1000000,1e-06,0.002,0.9,4.3558293078777405e-05,
1D-gaussian-1c-128p,128,128,0.0675735727763478,1000000,1.8205884011286457e-05,,seconds,50.93563508987427,50.76596665754914,megabytes,550.0,550.0,82.0,78.68778280542986,0.248107008,0.248107008,0.8421875,0.7762690893665158,success,sgd,0.01,1000000,1e-06,0.002,0.9,1.8205884011286457e-05,
1D-gaussian-1c-128p,128,128,0.0857143397408128,1000000,1.938120514795925e-05,,seconds,46.49117636680603,46.485511146485806,megabytes,550.0,550.0,85.0,84.50251256281408,0.24799232,0.24799232,0.82421875,0.7806571922110553,success,sgd,0.01,1000000,1e-06,0.002,0.9,1.938120514795925e-05,
1D-gaussian-1c-128p,128,128,0.0847931937415873,1000000,1.780463062699009e-05,,seconds,50.81560826301575,50.631038369610906,megabytes,550.0,550.0,82.0,78.80555555555556,0.248102912,0.248102912,0.815625,0.7769205729166665,success,sgd,0.01,1000000,1e-06,0.002,0.9,1.780463062699009e-05,
1D-gaussian-1c-128p,128,128,0.0763878717762524,1000000,1.4242149435054366e-05,,seconds,47.14133024215698,47.0339081697166,megabytes,550.0,550.0,85.0,83.04761904761905,0.248082432,0.248082432,0.81953125,0.7781175595238091,success,sgd,0.01,1000000,1e-06,0.002,0.9,1.4242149435054366e-05,
1D-gaussian-1c-128p,128,128,0.0536700147532573,1000000,1.795065867198106e-05,,seconds,51.01770091056824,50.8581667561084,megabytes,550.0,550.0,85.0,78.51121076233184,0.248188928,0.248188928,0.8234375,0.7758653307174886,success,sgd,0.01,1000000,1e-06,0.002,0.9,1.795065867198106e-05,
1D-gaussian-1c-128p,128,128,0.0153959316344056,1000000,1.1217991658248316e-05,,seconds,46.2285795211792,46.15693967230618,megabytes,550.0,550.0,86.0,84.69950738916256,0.248139776,0.248139776,0.834375,0.7777940270935961,success,sgd,0.01,1000000,1e-06,0.002,0.9,1.1217991658248316e-05,
1D-gaussian-1c-128p,128,128,0.1267219905703211,1000000,2.346637520026571e-05,,seconds,51.21552062034607,51.16825897060335,megabytes,550.0,550.0,84.0,77.76548672566372,0.248274944,0.248274944,0.81953125,0.7790652654867257,success,sgd,0.01,1000000,1e-06,0.002,0.9,2.346637520026571e-05,
1D-gaussian-1c-128p,128,128,0.2343052472255017,1000000,3.593995619287279e-05,,seconds,46.36773300170898,46.350175784900784,megabytes,550.0,550.0,86.0,84.55665024630542,0.248193024,0.248193024,0.821875,0.7791833435960593,success,sgd,0.01,1000000,1e-06,0.002,0.9,3.593995619287279e-05,
1D-gaussian-1c-128p,128,128,0.0569035031453252,1000000,1.5246533396206306e-05,,seconds,50.387627601623535,50.36212941631675,megabytes,550.0,550.0,81.0,79.34597156398104,0.248242176,0.248242176,0.82421875,0.7796430687203794,success,sgd,0.01,1000000,1e-06,0.002,0.9,1.5246533396206306e-05,
1D-gaussian-1c-128p,128,128,0.0154969174633149,1000000,1.188148939539744e-05,,seconds,47.34226107597351,47.208661856129766,megabytes,550.0,550.0,85.0,83.09767441860465,0.248250368,0.248250368,0.83125,0.7761300872093019,success,sgd,0.01,1000000,1e-06,0.002,0.9,1.188148939539744e-05,
1D-gaussian-1c-128p,128,128,0.1656769688621996,1000000,2.5388200637400653e-05,,seconds,50.883193254470825,50.87937571853399,megabytes,550.0,550.0,82.0,78.65315315315316,0.248324096,0.248324096,0.83125,0.7826259853603603,success,sgd,0.01,1000000,1e-06,0.002,0.9,2.5388200637400653e-05,
1D-gaussian-1c-128p,128,128,0.2508131110585156,1000000,3.441722921098726e-05,,seconds,46.64548969268799,46.61648778803647,megabytes,550.0,550.0,85.0,84.11940298507463,0.248242176,0.248242176,0.825,0.7771649564676615,success,sgd,0.01,1000000,1e-06,0.002,0.9,3.441722921098726e-05,
1D-gaussian-1c-128p,128,128,0.0215211734074445,1000000,1.0095900326058676e-05,,seconds,50.78661608695984,50.615647261962295,megabytes,550.0,550.0,82.0,79.04608294930875,0.24836096,0.24836096,0.8265625,0.7767425115207371,success,sgd,0.01,1000000,1e-06,0.002,0.9,1.0095900326058676e-05,
1D-gaussian-1c-128p,128,128,0.4971911121071333,1000000,4.977612286568832e-05,,seconds,46.051788568496704,46.05861884355545,megabytes,550.0,550.0,86.0,85.01960784313725,0.248332288,0.248332288,0.8203125,0.7794998468137257,success,sgd,0.01,1000000,1e-06,0.002,0.9,4.977612286568832e-05,
1D-gaussian-1c-128p,128,128,0.0043920008202849,1000000,8.248655054911604e-06,,seconds,50.74431276321411,50.61876994930208,megabytes,550.0,550.0,82.0,78.94954128440367,0.24840192,0.24840192,0.81875,0.7759210149082572,success,sgd,0.01,1000000,1e-06,0.002,0.9,8.248655054911604e-06,
1D-gaussian-1c-128p,128,128,0.0132493614454053,1000000,9.682540812987788e-06,,seconds,46.40156126022339,46.337838841602206,megabytes,550.0,550.0,86.0,84.36363636363636,0.248373248,0.248373248,0.81953125,0.7786931818181823,success,sgd,0.01,1000000,1e-06,0.002,0.9,9.682540812987788e-06,
1D-gaussian-1c-128p,128,128,0.0736841132694307,1000000,1.9913322357978432e-05,,seconds,50.83469295501709,50.68475697375834,megabytes,550.0,550.0,85.0,78.6574074074074,0.24844288,0.24844288,0.81953125,0.7770724826388891,success,sgd,0.01,1000000,1e-06,0.002,0.9,1.9913322357978432e-05,
1D-gaussian-1c-128p,128,128,0.0051147214265724,1000000,8.367613747932398e-06,,seconds,46.76732921600342,46.623789113014936,megabytes,550.0,550.0,85.0,84.34328358208955,0.248397824,0.248397824,0.81953125,0.7774720149253734,success,sgd,0.01,1000000,1e-06,0.002,0.9,8.367613747932398e-06,
1D-gaussian-1c-128p,128,128,0.0885965895205128,1000000,2.055970319558508e-05,,seconds,50.96784520149231,50.8059662617743,megabytes,550.0,550.0,82.0,78.72197309417041,0.24850432,0.24850432,0.82109375,0.7774488508968611,success,sgd,0.01,1000000,1e-06,0.002,0.9,2.055970319558508e-05,
1D-gaussian-1c-128p,128,128,0.4692880085126325,1000000,4.490004883591685e-05,,seconds,46.064780712127686,46.01204096339643,megabytes,550.0,550.0,86.0,84.8274111675127,0.248430592,0.248430592,0.8234375,0.7794138642131978,success,sgd,0.01,1000000,1e-06,0.002,0.9,4.490004883591685e-05,
1D-gaussian-1c-128p,128,128,0.2750187219565423,1000000,3.055660299270089e-05,,seconds,50.98669695854187,50.90508170612157,megabytes,550.0,550.0,86.0,78.55357142857143,0.248528896,0.248528896,0.8421875,0.777430943080357,success,sgd,0.01,1000000,1e-06,0.002,0.9,3.055660299270089e-05,
1D-gaussian-1c-128p,128,128,0.0151712102999771,1000000,1.1254220454666249e-05,,seconds,46.75466656684876,46.61815942823887,megabytes,550.0,550.0,85.0,84.0439024390244,0.248512512,0.248512512,0.81875,0.7780716463414635,success,sgd,0.01,1000000,1e-06,0.002,0.9,1.1254220454666249e-05,
1D-gaussian-1c-128p,128,128,0.4860917148344746,1000000,4.333291891321597e-05,,seconds,50.9131281375885,50.73395252972841,megabytes,550.0,550.0,82.0,78.91743119266054,0.248610816,0.248610816,0.86171875,0.775784833715596,success,sgd,0.01,1000000,1e-06,0.002,0.9,4.333291891321597e-05,
1D-gaussian-1c-128p,128,128,0.8096748845920791,1000000,6.720521578689347e-05,,seconds,46.55268788337708,46.3876210488379,megabytes,550.0,550.0,86.0,84.33830845771145,0.248549376,0.248549376,0.82578125,0.7756452114427858,success,sgd,0.01,1000000,1e-06,0.002,0.9,6.720521578689347e-05,
1D-gaussian-1c-256p,256,256,0.5258720033338689,1000000,8.136963185905665e-05,,seconds,52.62075877189636,52.506992960348725,megabytes,552.0,552.0,85.0,84.02183406113537,0.248680448,0.248680448,0.8203125,0.7770674126637552,success,sgd,0.01,1000000,1e-06,0.002,0.9,8.136963185905665e-05,
1D-gaussian-1c-256p,256,256,0.0697660097354175,1000000,3.890203510104908e-05,,seconds,52.85371279716492,52.6726912073791,megabytes,552.0,552.0,85.0,83.20264317180617,0.248786944,0.248786944,0.81796875,0.7779838931718058,success,sgd,0.01,1000000,1e-06,0.002,0.9,3.890203510104908e-05,
1D-gaussian-1c-256p,256,256,1.2453737646025085,1000000,0.0001151868807306,,seconds,52.83524179458618,52.69158676639199,megabytes,552.0,552.0,85.0,83.28828828828829,0.248692736,0.248692736,0.81796875,0.7774141328828822,success,sgd,0.01,1000000,1e-06,0.002,0.9,0.0001151868807306,
1D-gaussian-1c-256p,256,256,0.3056622498651701,1000000,5.584109482602772e-05,,seconds,52.66747689247131,52.53976245038211,megabytes,552.0,552.0,84.0,83.02202643171806,0.248786944,0.248786944,0.83203125,0.777237059471366,success,sgd,0.01,1000000,1e-06,0.002,0.9,5.584109482602772e-05,
1D-gaussian-1c-256p,256,256,0.0288115715865663,1000000,3.3693753264224695e-05,,seconds,52.855334520339966,52.7504575420171,megabytes,552.0,552.0,84.0,83.2152466367713,0.248766464,0.248766464,0.821875,0.7772211322869955,success,sgd,0.01,1000000,1e-06,0.002,0.9,3.3693753264224695e-05,
1D-gaussian-1c-256p,256,256,0.372453867594976,1000000,7.039063549748341e-05,,seconds,52.96816444396973,52.79163533449173,megabytes,552.0,552.0,85.0,83.38116591928251,0.248827904,0.248827904,0.82109375,0.7758302970852013,success,sgd,0.01,1000000,1e-06,0.002,0.9,7.039063549748341e-05,
1D-gaussian-1c-256p,256,256,0.0675646227768401,1000000,3.6462216432233874e-05,,seconds,52.846550941467285,52.71585179679096,megabytes,552.0,552.0,84.0,83.11353711790393,0.24885248,0.24885248,0.8171875,0.7772652838427948,success,sgd,0.01,1000000,1e-06,0.002,0.9,3.6462216432233874e-05,
1D-gaussian-1c-256p,256,256,0.0857020209468718,1000000,3.783208894158511e-05,,seconds,52.51908493041992,52.38344695046544,megabytes,552.0,552.0,85.0,83.34188034188034,0.248881152,0.248881152,0.8234375,0.7743623130341879,success,sgd,0.01,1000000,1e-06,0.002,0.9,3.783208894158511e-05,
1D-gaussian-1c-256p,256,256,0.0847775937561409,1000000,4.520670986907792e-05,,seconds,52.48707556724548,52.50651929527521,megabytes,552.0,552.0,85.0,83.50660792951543,0.24889344,0.24889344,0.82421875,0.7794156112334805,success,sgd,0.01,1000000,1e-06,0.002,0.9,4.520670986907792e-05,
1D-gaussian-1c-256p,256,256,0.0763773437433791,1000000,3.721570907425146e-05,,seconds,52.64628481864929,52.66368122771382,megabytes,552.0,552.0,85.0,83.26244343891403,0.248897536,0.248897536,0.81640625,0.7803520927601812,success,sgd,0.01,1000000,1e-06,0.002,0.9,3.721570907425146e-05,
1D-gaussian-1c-256p,256,256,0.0536648565219964,1000000,3.880050860025392e-05,,seconds,52.75492072105408,52.71715483628213,megabytes,552.0,552.0,84.0,82.847533632287,0.248963072,0.248963072,0.8203125,0.7787696188340802,success,sgd,0.01,1000000,1e-06,0.002,0.9,3.880050860025392e-05,
1D-gaussian-1c-256p,256,256,0.0153913559315175,1000000,3.591442936889644e-05,,seconds,52.20668768882752,52.19041982293129,megabytes,552.0,552.0,84.0,83.46218487394958,0.248991744,0.248991744,0.8234375,0.7787979254201676,success,sgd,0.01,1000000,1e-06,0.002,0.9,3.591442936889644e-05,
1D-gaussian-1c-256p,256,256,0.1267046409928629,1000000,4.566884695683675e-05,,seconds,52.848782777786255,52.643012238666415,megabytes,552.0,552.0,84.0,83.03111111111112,0.249028608,0.249028608,0.82109375,0.7747430555555561,success,sgd,0.01,1000000,1e-06,0.002,0.9,4.566884695683675e-05,
1D-gaussian-1c-256p,256,256,0.2341885205742876,1000000,6.060967357731643e-05,,seconds,52.592408180236816,52.56654459796846,megabytes,552.0,552.0,84.0,83.38427947598254,0.249049088,0.249049088,0.8203125,0.7781829967248906,success,sgd,0.01,1000000,1e-06,0.002,0.9,6.060967357731643e-05,
1D-gaussian-1c-256p,256,256,0.0568921160414256,1000000,4.051875124188233e-05,,seconds,52.9255735874176,52.79354676790536,megabytes,552.0,552.0,84.0,82.71100917431193,0.249032704,0.249032704,0.834375,0.7768312786697247,success,sgd,0.01,1000000,1e-06,0.002,0.9,4.051875124188233e-05,
1D-gaussian-1c-256p,256,256,0.0154927289791331,1000000,3.3543332560982605e-05,,seconds,52.63613486289978,52.592392917722464,megabytes,552.0,552.0,84.0,83.28508771929825,0.24907776,0.24907776,0.821875,0.7778954221491229,success,sgd,0.01,1000000,1e-06,0.002,0.9,3.3543332560982605e-05,
1D-gaussian-1c-256p,256,256,0.1656405952861012,1000000,4.8660879671059965e-05,,seconds,52.695878982543945,52.54628078825772,megabytes,552.0,552.0,84.0,82.95652173913044,0.249102336,0.249102336,0.828125,0.776582880434783,success,sgd,0.01,1000000,1e-06,0.002,0.9,4.8660879671059965e-05,
1D-gaussian-1c-256p,256,256,0.2506924692930011,1000000,6.199867938065049e-05,,seconds,52.6037540435791,52.56775889918208,megabytes,552.0,552.0,84.0,83.17543859649123,0.249106432,0.249106432,0.8203125,0.7801466557017552,success,sgd,0.01,1000000,1e-06,0.002,0.9,6.199867938065049e-05,
1D-gaussian-1c-256p,256,256,0.0215145491025676,1000000,3.733853190087848e-05,,seconds,52.74783110618591,52.62147427164018,megabytes,552.0,552.0,84.0,83.28070175438596,0.249151488,0.249151488,0.825,0.7784368146929821,success,sgd,0.01,1000000,1e-06,0.002,0.9,3.733853190087848e-05,
1D-gaussian-1c-256p,256,256,0.4968542666168573,1000000,7.236981860031145e-05,,seconds,52.76683902740479,52.5979412086308,megabytes,552.0,552.0,85.0,83.21621621621621,0.24918016,0.24918016,0.821875,0.7767278997747749,success,sgd,0.01,1000000,1e-06,0.002,0.9,7.236981860031145e-05,
1D-gaussian-1c-256p,256,256,0.0043905519944879,1000000,3.4188654478020206e-05,,seconds,52.71811246871948,52.528199687600136,megabytes,552.0,552.0,84.0,82.78733031674209,0.249192448,0.249192448,0.82265625,0.7786446549773754,success,sgd,0.01,1000000,1e-06,0.002,0.9,3.4188654478020206e-05,
1D-gaussian-1c-256p,256,256,0.0132455599512408,1000000,3.548468981299293e-05,,seconds,52.44099307060242,52.44956132769585,megabytes,552.0,552.0,85.0,83.26406926406926,0.249208832,0.249208832,0.821875,0.7792478354978356,success,sgd,0.01,1000000,1e-06,0.002,0.9,3.548468981299293e-05,
1D-gaussian-1c-256p,256,256,0.0736735205245714,1000000,4.186833268233614e-05,,seconds,52.75471591949463,52.627042377367616,megabytes,552.0,552.0,84.0,82.9372197309417,0.249237504,0.249237504,0.84609375,0.779789097533632,success,sgd,0.01,1000000,1e-06,0.002,0.9,4.186833268233614e-05,
1D-gaussian-1c-256p,256,256,0.005112933080062,1000000,3.432492087233288e-05,,seconds,52.616580963134766,52.50410046055913,megabytes,552.0,552.0,84.0,83.3175965665236,0.249266176,0.249266176,0.81953125,0.7782892972102999,success,sgd,0.01,1000000,1e-06,0.002,0.9,3.432492087233288e-05,
1D-gaussian-1c-256p,256,256,0.0885856284648442,1000000,4.0911522618696985e-05,,seconds,52.69237780570984,52.55505499988794,megabytes,552.0,552.0,84.0,83.04366812227074,0.249319424,0.249319424,0.82578125,0.7778486626637554,success,sgd,0.01,1000000,1e-06,0.002,0.9,4.0911522618696985e-05,
1D-gaussian-1c-256p,256,256,0.4689670394133695,1000000,7.794077526990799e-05,,seconds,52.58354187011719,52.52074081636965,megabytes,552.0,552.0,84.0,83.52401746724891,0.24930304,0.24930304,0.8203125,0.7784252183406115,success,sgd,0.01,1000000,1e-06,0.002,0.9,7.794077526990799e-05,
1D-gaussian-1c-256p,256,256,0.2748493225960634,1000000,6.053384835485142e-05,,seconds,52.62471032142639,52.459744431078434,megabytes,552.0,552.0,84.0,83.17543859649123,0.249335808,0.249335808,0.81953125,0.7769599780701758,success,sgd,0.01,1000000,1e-06,0.002,0.9,6.053384835485142e-05,
1D-gaussian-1c-256p,256,256,0.0151671028002239,1000000,3.563892160559673e-05,,seconds,52.66098666191101,52.45940587855876,megabytes,552.0,552.0,84.0,83.18297872340426,0.249430016,0.249430016,0.821875,0.7767985372340424,success,sgd,0.01,1000000,1e-06,0.002,0.9,3.563892160559673e-05,
1D-gaussian-1c-256p,256,256,0.4857847240236859,1000000,7.27136820864906e-05,,seconds,52.67349934577942,52.489952959120274,megabytes,552.0,552.0,84.0,83.0174672489083,0.249499648,0.249499648,0.82109375,0.7762042849344982,success,sgd,0.01,1000000,1e-06,0.002,0.9,7.27136820864906e-05,
1D-gaussian-1c-256p,256,256,0.8091044579000086,1000000,9.80121044520084e-05,,seconds,52.679819107055664,52.651202499866486,megabytes,552.0,552.0,85.0,83.11504424778761,0.24942592,0.24942592,0.821875,0.777388689159292,success,sgd,0.01,1000000,1e-06,0.002,0.9,9.80121044520084e-05,
1D-gaussian-1c-512p,512,512,0.5256806118035176,1000000,0.0001611812820367,,seconds,69.20457124710083,69.0112303365022,megabytes,558.0,558.0,86.0,85.31893687707641,0.249806848,0.249806848,0.82109375,0.7768298380398674,success,sgd,0.01,1000000,1e-06,0.002,0.9,0.0001611812820367,
1D-gaussian-1c-512p,512,512,0.0697061118493924,1000000,0.0001169383087114,,seconds,69.00074934959412,69.00352132506669,megabytes,558.0,558.0,87.0,85.5940594059406,0.249790464,0.249790464,0.82109375,0.7790196988448848,success,sgd,0.01,1000000,1e-06,0.002,0.9,0.0001169383087114,
1D-gaussian-1c-512p,512,512,1.2433433458236685,1000000,0.0002273167787985,,seconds,69.08291816711426,69.06185412034392,megabytes,558.0,558.0,86.0,85.26190476190476,0.249786368,0.249786368,0.81796875,0.7787016369047627,success,sgd,0.01,1000000,1e-06,0.002,0.9,0.0002273167787985,
1D-gaussian-1c-512p,512,512,0.3055247849958037,1000000,0.0001438270189866,,seconds,68.75071907043457,68.73319341614842,megabytes,558.0,558.0,87.0,86.28753993610223,0.249851904,0.249851904,0.82578125,0.7781424720447288,success,sgd,0.01,1000000,1e-06,0.002,0.9,0.0001438270189866,
1D-gaussian-1c-512p,512,512,0.0287865774837485,1000000,0.0001128955476592,,seconds,68.96766114234924,68.89966353960335,megabytes,558.0,558.0,86.0,85.41554054054055,0.249839616,0.249839616,0.825,0.7789986275337831,success,sgd,0.01,1000000,1e-06,0.002,0.9,0.0001128955476592,
1D-gaussian-1c-512p,512,512,0.3723612864782747,1000000,0.0001505158573177,,seconds,69.04462337493896,68.97496876493096,megabytes,558.0,558.0,87.0,85.6742671009772,0.249864192,0.249864192,0.821875,0.7789189739413677,success,sgd,0.01,1000000,1e-06,0.002,0.9,0.0001505158573177,
1D-gaussian-1c-512p,512,512,0.067508358147715,1000000,0.0001196408860512,,seconds,69.18369269371033,69.0998694319278,megabytes,558.0,558.0,86.0,85.3843537414966,0.249888768,0.249888768,0.81953125,0.7792171556122452,success,sgd,0.01,1000000,1e-06,0.002,0.9,0.0001196408860512,
1D-gaussian-1c-512p,512,512,0.0856318029309922,1000000,0.0001203034462444,,seconds,69.03598237037659,69.05846587195992,megabytes,558.0,558.0,87.0,85.51877133105802,0.249925632,0.249925632,0.83515625,0.7811033489761099,success,sgd,0.01,1000000,1e-06,0.002,0.9,0.0001203034462444,
1D-gaussian-1c-512p,512,512,0.0847117574939744,1000000,0.0001170649045094,,seconds,69.14768481254578,69.15884786471725,megabytes,558.0,558.0,86.0,85.12413793103448,0.249909248,0.249909248,0.815625,0.7797548491379309,success,sgd,0.01,1000000,1e-06,0.002,0.9,0.0001170649045094,
1D-gaussian-1c-512p,512,512,0.0763145255861324,1000000,0.0001187841673144,,seconds,69.26803994178772,69.17765367217362,megabytes,558.0,558.0,87.0,85.91065292096219,0.249950208,0.249950208,0.82578125,0.7774753006872851,success,sgd,0.01,1000000,1e-06,0.002,0.9,0.0001187841673144,
1D-gaussian-1c-512p,512,512,0.0536173809913404,1000000,0.0001178658868188,,seconds,69.19014477729797,69.05167402885854,megabytes,558.0,558.0,86.0,85.19127516778524,0.249946112,0.249946112,0.825,0.7773830746644291,success,sgd,0.01,1000000,1e-06,0.002,0.9,0.0001178658868188,
1D-gaussian-1c-512p,512,512,0.0153749076543755,1000000,0.0001120065767304,,seconds,69.07170557975769,68.96414468437433,megabytes,558.0,558.0,87.0,86.10847457627119,0.249987072,0.249987072,0.8140625,0.7781912076271187,success,sgd,0.01,1000000,1e-06,0.002,0.9,0.0001120065767304,
1D-gaussian-1c-512p,512,512,0.1266072281767165,1000000,0.0001211024966551,,seconds,68.9681625366211,68.97907259315252,megabytes,558.0,558.0,86.0,85.30536912751678,0.249954304,0.249954304,0.82265625,0.7781695679530203,success,sgd,0.01,1000000,1e-06,0.002,0.9,0.0001211024966551,
1D-gaussian-1c-512p,512,512,0.2341083199386361,1000000,0.0001315356971949,,seconds,69.3451726436615,69.35619522072375,megabytes,558.0,558.0,87.0,85.5191637630662,0.250011648,0.250011648,0.81796875,0.77948606271777,success,sgd,0.01,1000000,1e-06,0.002,0.9,0.0001315356971949,
1D-gaussian-1c-512p,512,512,0.056843618332781,1000000,0.0001183965890143,,seconds,69.10069131851196,69.09749316051602,megabytes,558.0,558.0,86.0,85.31292517006803,0.249991168,0.249991168,0.81875,0.7795891794217679,success,sgd,0.01,1000000,1e-06,0.002,0.9,0.0001183965890143,
1D-gaussian-1c-512p,512,512,0.0154784091921556,1000000,0.0001114805758201,,seconds,69.22813844680786,69.06556887552142,megabytes,558.0,558.0,87.0,85.4778156996587,0.250048512,0.250048512,0.81953125,0.7764078498293515,success,sgd,0.01,1000000,1e-06,0.002,0.9,0.0001114805758201,
1D-gaussian-1c-512p,512,512,0.165516667430531,1000000,0.0001302048976168,,seconds,68.93590569496155,68.92297737114131,megabytes,558.0,558.0,86.0,85.38486842105263,0.250064896,0.250064896,0.8265625,0.7804815995065784,success,sgd,0.01,1000000,1e-06,0.002,0.9,0.0001302048976168,
1D-gaussian-1c-512p,512,512,0.2505875099119906,1000000,0.0001371830892715,,seconds,69.39138054847717,69.24817370995879,megabytes,558.0,558.0,87.0,85.78424657534246,0.250109952,0.250109952,0.8234375,0.7785771618150683,success,sgd,0.01,1000000,1e-06,0.002,0.9,0.0001371830892715,
1D-gaussian-1c-512p,512,512,0.0214958102127411,1000000,0.000112376874279,,seconds,69.16560196876526,69.1487335562706,megabytes,558.0,558.0,86.0,85.31186440677966,0.250138624,0.250138624,0.81484375,0.7793193855932204,success,sgd,0.01,1000000,1e-06,0.002,0.9,0.000112376874279,
1D-gaussian-1c-512p,512,512,0.4966839751756993,1000000,0.0001628893403393,,seconds,68.80727410316467,68.74648254923522,megabytes,558.0,558.0,87.0,86.25,0.250150912,0.250150912,0.83359375,0.7779605263157897,success,sgd,0.01,1000000,1e-06,0.002,0.9,0.0001628893403393,
1D-gaussian-1c-512p,512,512,0.0043843286687167,1000000,0.0001104871709468,,seconds,69.46325874328613,69.26006488874555,megabytes,558.0,558.0,86.0,85.17301038062284,0.250159104,0.250159104,0.82109375,0.7757623269896193,success,sgd,0.01,1000000,1e-06,0.002,0.9,0.0001104871709468,
1D-gaussian-1c-512p,512,512,0.0132314467127887,1000000,0.0001116934597045,,seconds,69.32339096069336,69.16895435191691,megabytes,558.0,558.0,87.0,85.3551724137931,0.250167296,0.250167296,0.81875,0.7781276939655172,success,sgd,0.01,1000000,1e-06,0.002,0.9,0.0001116934597045,
1D-gaussian-1c-512p,512,512,0.0736159845789649,1000000,0.0001201439720211,,seconds,69.05070352554321,68.94821944460273,megabytes,558.0,558.0,86.0,85.3672131147541,0.250195968,0.250195968,0.82421875,0.778624487704918,success,sgd,0.01,1000000,1e-06,0.002,0.9,0.0001201439720211,
1D-gaussian-1c-512p,512,512,0.0051063577556605,1000000,0.0001105794712007,,seconds,68.85529375076294,68.73776619322598,megabytes,558.0,558.0,87.0,86.24503311258277,0.250261504,0.250261504,0.81953125,0.7781431084437083,success,sgd,0.01,1000000,1e-06,0.002,0.9,0.0001105794712007,
1D-gaussian-1c-512p,512,512,0.0885120624667366,1000000,0.0001192461413117,,seconds,69.2095274925232,69.20132266543806,megabytes,558.0,558.0,86.0,85.36610169491526,0.250228736,0.250228736,0.8390625,0.7803336864406782,success,sgd,0.01,1000000,1e-06,0.002,0.9,0.0001192461413117,
1D-gaussian-1c-512p,512,512,0.4688310207758724,1000000,0.0001497038592209,,seconds,69.05127334594727,68.91118073835969,megabytes,558.0,558.0,87.0,86.09150326797386,0.250269696,0.250269696,0.821875,0.778094362745098,success,sgd,0.01,1000000,1e-06,0.002,0.9,0.0001497038592209,
1D-gaussian-1c-512p,512,512,0.274781907975011,1000000,0.0001409485775188,,seconds,69.14422583580017,68.96087938547134,megabytes,558.0,558.0,86.0,85.46511627906976,0.250355712,0.250355712,0.8328125,0.7772451204318932,success,sgd,0.01,1000000,1e-06,0.002,0.9,0.0001409485775188,
1D-gaussian-1c-512p,512,512,0.0151537335681963,1000000,0.0001103639026121,,seconds,69.0031201839447,69.01091600395739,megabytes,558.0,558.0,87.0,85.64686468646865,0.250363904,0.250363904,0.8375,0.7796849216171616,success,sgd,0.01,1000000,1e-06,0.002,0.9,0.0001103639026121,
1D-gaussian-1c-512p,512,512,0.4856114041784293,1000000,0.0001623710222288,,seconds,69.38694167137146,69.23640280030668,megabytes,558.0,558.0,86.0,85.05479452054794,0.250331136,0.250331136,0.82109375,0.7786279965753431,success,sgd,0.01,1000000,1e-06,0.002,0.9,0.0001623710222288,
1D-gaussian-1c-512p,512,512,0.8080239628142348,1000000,0.0001912487398499,,seconds,69.1326642036438,68.93246920965612,megabytes,558.0,558.0,86.0,85.37293729372938,0.250380288,0.250380288,0.82109375,0.7765341377887789,success,sgd,0.01,1000000,1e-06,0.002,0.9,0.0001912487398499,
1D-gaussian-1c-1024p,1024,1024,0.5241881440667282,1000000,0.0004169731176034,,seconds,91.8217248916626,91.8348994422704,megabytes,584.0,584.0,90.0,88.76395939086295,0.250454016,0.250454016,0.83046875,0.778763483502538,success,sgd,0.01,1000000,1e-06,0.002,0.9,0.0004169731176034,
1D-gaussian-1c-1024p,1024,1024,0.0695059307435346,1000000,0.0003607930141317,,seconds,89.69228935241699,89.5693617593497,megabytes,584.0,584.0,91.0,89.84408602150538,0.250437632,0.250437632,0.81953125,0.7778036794354836,success,sgd,0.01,1000000,1e-06,0.002,0.9,0.0003607930141317,
1D-gaussian-1c-1024p,1024,1024,1.240624282975883,1000000,0.0005000386960256,,seconds,89.73810362815857,89.55474656447768,megabytes,584.0,584.0,91.0,90.27948717948718,0.250601472,0.250601472,0.821875,0.7769431089743593,success,sgd,0.01,1000000,1e-06,0.002,0.9,0.0005000386960256,
1D-gaussian-1c-1024p,1024,1024,0.304691903073135,1000000,0.0003873804687356,,seconds,89.00554156303406,88.9247696120292,megabytes,584.0,584.0,93.0,90.36772486772487,0.250523648,0.250523648,0.82578125,0.7787243716931216,success,sgd,0.01,1000000,1e-06,0.002,0.9,0.0003873804687356,
1D-gaussian-1c-1024p,1024,1024,0.0286967282033364,1000000,0.0003512357760842,,seconds,89.85179996490479,89.6935153696686,megabytes,584.0,584.0,91.0,90.16137566137566,0.250621952,0.250621952,0.82265625,0.7787057705026463,success,sgd,0.01,1000000,1e-06,0.002,0.9,0.0003512357760842,
1D-gaussian-1c-1024p,1024,1024,0.3712806506726437,1000000,0.0003939060756233,,seconds,92.29821753501892,92.14657204411924,megabytes,584.0,584.0,90.0,88.72750642673522,0.250568704,0.250568704,0.825,0.7773839170951158,success,sgd,0.01,1000000,1e-06,0.002,0.9,0.0003939060756233,
1D-gaussian-1c-1024p,1024,1024,0.067308254449164,1000000,0.0003570102921912,,seconds,89.50787949562073,89.4955916274339,megabytes,584.0,584.0,91.0,90.24871794871795,0.25065472,0.25065472,0.821875,0.7796594551282056,success,sgd,0.01,1000000,1e-06,0.002,0.9,0.0003570102921912,
1D-gaussian-1c-1024p,1024,1024,0.0853957057617571,1000000,0.0003596865111531,,seconds,90.8714714050293,90.86743553169072,megabytes,584.0,584.0,91.0,88.87301587301587,0.250642432,0.250642432,0.82578125,0.778571428571429,success,sgd,0.01,1000000,1e-06,0.002,0.9,0.0003596865111531,
1D-gaussian-1c-1024p,1024,1024,0.0844705415487161,1000000,0.0003607364786357,,seconds,88.65939831733704,88.49194979853928,megabytes,584.0,584.0,92.0,91.37007874015748,0.250679296,0.250679296,0.81875,0.7778912401574807,success,sgd,0.01,1000000,1e-06,0.002,0.9,0.0003607364786357,
1D-gaussian-1c-1024p,1024,1024,0.0761026786018265,1000000,0.0003576510587488,,seconds,90.74789357185364,90.69210511632264,megabytes,584.0,584.0,90.0,88.87823834196891,0.250703872,0.250703872,0.82265625,0.7783294203367873,success,sgd,0.01,1000000,1e-06,0.002,0.9,0.0003576510587488,
1D-gaussian-1c-1024p,1024,1024,0.0534626578340207,1000000,0.0003518833514898,,seconds,89.69694638252258,89.62770235352218,megabytes,584.0,584.0,91.0,90.15363881401618,0.250699776,0.250699776,0.8203125,0.7796748652291106,success,sgd,0.01,1000000,1e-06,0.002,0.9,0.0003518833514898,
1D-gaussian-1c-1024p,1024,1024,0.0153221019484043,1000000,0.0003513194613294,,seconds,92.1464569568634,92.0866059437394,megabytes,584.0,584.0,90.0,89.02356020942409,0.250732544,0.250732544,0.825,0.7797488547120418,success,sgd,0.01,1000000,1e-06,0.002,0.9,0.0003513194613294,
1D-gaussian-1c-1024p,1024,1024,0.1262431672854945,1000000,0.0003654893789512,,seconds,89.70169854164124,89.5672027207911,megabytes,584.0,584.0,91.0,90.26178010471205,0.250789888,0.250789888,0.8359375,0.7790391852094236,success,sgd,0.01,1000000,1e-06,0.002,0.9,0.0003654893789512,
1D-gaussian-1c-1024p,1024,1024,0.2334389083532867,1000000,0.0003789930262741,,seconds,92.169513463974,92.14067754521966,megabytes,584.0,584.0,91.0,88.89627659574468,0.2507776,0.2507776,0.82109375,0.7789727393617026,success,sgd,0.01,1000000,1e-06,0.002,0.9,0.0003789930262741,
1D-gaussian-1c-1024p,1024,1024,0.056675427617856,1000000,0.0003582626567669,,seconds,89.84669971466064,89.70188537426293,megabytes,584.0,584.0,91.0,90.3042328042328,0.250830848,0.250830848,0.8390625,0.7781952711640207,success,sgd,0.01,1000000,1e-06,0.002,0.9,0.0003582626567669,
1D-gaussian-1c-1024p,1024,1024,0.0154220513131013,1000000,0.0003542825929211,,seconds,90.40269947052002,90.39646404236557,megabytes,584.0,584.0,91.0,89.2845953002611,0.250847232,0.250847232,0.8234375,0.77960182767624,success,sgd,0.01,1000000,1e-06,0.002,0.9,0.0003542825929211,
1D-gaussian-1c-1024p,1024,1024,0.1650543778081157,1000000,0.0003725693106908,,seconds,88.7027587890625,88.59795486554503,megabytes,584.0,584.0,92.0,91.4429347826087,0.25083904,0.25083904,0.81640625,0.7789784307065218,success,sgd,0.01,1000000,1e-06,0.002,0.9,0.0003725693106908,
1D-gaussian-1c-1024p,1024,1024,0.2498704301475186,1000000,0.0003816531578134,,seconds,90.78814172744752,90.6764731630683,megabytes,584.0,584.0,91.0,88.9295039164491,0.250863616,0.250863616,0.8203125,0.7776843994778073,success,sgd,0.01,1000000,1e-06,0.002,0.9,0.0003816531578134,
1D-gaussian-1c-1024p,1024,1024,0.0214240361921021,1000000,0.0003554984913824,,seconds,89.66182899475098,89.58104358799756,megabytes,584.0,584.0,91.0,90.348167539267,0.250888192,0.250888192,0.825,0.7788469404450262,success,sgd,0.01,1000000,1e-06,0.002,0.9,0.0003554984913824,
1D-gaussian-1c-1024p,1024,1024,0.495296456742882,1000000,0.0004110059605988,,seconds,91.9258553981781,91.84327779710291,megabytes,584.0,584.0,90.0,88.5012853470437,0.250949632,0.250949632,0.825,0.7777936214652967,success,sgd,0.01,1000000,1e-06,0.002,0.9,0.0004110059605988,
1D-gaussian-1c-1024p,1024,1024,0.0043588195151208,1000000,0.0003518046116733,,seconds,88.72444891929626,88.58002694323659,megabytes,584.0,584.0,92.0,91.10666666666668,0.250957824,0.250957824,0.821875,0.7778729166666664,success,sgd,0.01,1000000,1e-06,0.002,0.9,0.0003518046116733,
1D-gaussian-1c-1024p,1024,1024,0.0131834535822016,1000000,0.0003485359569356,,seconds,91.4263081550598,91.27034102194013,megabytes,584.0,584.0,90.0,88.60052219321149,0.250953728,0.250953728,0.8265625,0.7785125652741509,success,sgd,0.01,1000000,1e-06,0.002,0.9,0.0003485359569356,
1D-gaussian-1c-1024p,1024,1024,0.0734022993922799,1000000,0.0003571394523558,,seconds,90.25008130073547,90.09873310104012,megabytes,584.0,584.0,92.0,89.5142118863049,0.2509824,0.2509824,0.84375,0.7797965116279069,success,sgd,0.01,1000000,1e-06,0.002,0.9,0.0003571394523558,
1D-gaussian-1c-1024p,1024,1024,0.0050792690012248,1000000,0.0003484873685758,,seconds,92.43679451942444,92.2865449115634,megabytes,584.0,584.0,91.0,88.66750629722922,0.250970112,0.250970112,0.8234375,0.7791935610831235,success,sgd,0.01,1000000,1e-06,0.002,0.9,0.0003484873685758,
1D-gaussian-1c-1024p,1024,1024,0.0882574169373374,1000000,0.0003604716277578,,seconds,88.64503049850464,88.51744030788541,megabytes,584.0,584.0,93.0,92.13297872340424,0.250998784,0.250998784,0.8234375,0.7786402925531913,success,sgd,0.01,1000000,1e-06,0.002,0.9,0.0003604716277578,
1D-gaussian-1c-1024p,1024,1024,0.4674655467195419,1000000,0.0004083164728842,,seconds,89.10343647003174,89.09271689504385,megabytes,584.0,584.0,91.0,90.21236559139786,0.251027456,0.251027456,0.82109375,0.7800088205645161,success,sgd,0.01,1000000,1e-06,0.002,0.9,0.0004083164728842,
1D-gaussian-1c-1024p,1024,1024,0.2739964441627587,1000000,0.0003833298848753,,seconds,89.74842405319214,89.52302888408303,megabytes,584.0,584.0,91.0,90.54712041884817,0.25112576,0.25112576,0.84609375,0.778229303010471,success,sgd,0.01,1000000,1e-06,0.002,0.9,0.0003833298848753,
1D-gaussian-1c-1024p,1024,1024,0.0150976812537689,1000000,0.0003511586702667,,seconds,91.41510653495789,91.2633049916476,megabytes,584.0,584.0,92.0,88.44757033248082,0.251068416,0.251068416,0.83125,0.7774616368286443,success,sgd,0.01,1000000,1e-06,0.002,0.9,0.0003511586702667,
1D-gaussian-1c-1024p,1024,1024,0.4842931993723672,1000000,0.0004080615700499,,seconds,87.30745959281921,87.31031929142773,megabytes,584.0,584.0,93.0,91.8563535911602,0.251068416,0.251068416,0.83359375,0.7799248964088398,success,sgd,0.01,1000000,1e-06,0.002,0.9,0.0004080615700499,
1D-gaussian-1c-1024p,1024,1024,0.8063814155436186,1000000,0.0004522447877173,,seconds,90.62277698516846,90.47739134728909,megabytes,584.0,584.0,92.0,89.23232323232324,0.25114624,0.25114624,0.8234375,0.7767775410353533,success,sgd,0.01,1000000,1e-06,0.002,0.9,0.0004522447877173,
1D-gaussian-1c-2048p,2048,2048,0.517991411085503,1000000,0.0011963956606154,,seconds,187.6626174449921,187.5750081129372,megabytes,680.0,680.0,96.0,94.967277486911,0.251052032,0.251052032,0.82109375,0.7791772333115179,success,sgd,0.01,1000000,1e-06,0.002,0.9,0.0011963956606154,
1D-gaussian-1c-2048p,2048,2048,0.0686651751885912,1000000,0.0011112491992893,,seconds,187.50425934791565,187.31794355809689,megabytes,680.0,680.0,96.0,94.90932982917214,0.251092992,0.251092992,0.83828125,0.7783662532851512,success,sgd,0.01,1000000,1e-06,0.002,0.9,0.0011112491992893,
1D-gaussian-1c-2048p,2048,2048,1.2251454875853054,1000000,0.0013179103934997,,seconds,188.23973178863525,188.24581409431997,megabytes,680.0,680.0,95.0,94.90272373540856,0.251117568,0.251117568,0.83359375,0.7797847762645906,success,sgd,0.01,1000000,1e-06,0.002,0.9,0.0013179103934997,
1D-gaussian-1c-2048p,2048,2048,0.301098784227645,1000000,0.0011583160386686,,seconds,187.00020217895508,186.862062651664,megabytes,680.0,680.0,96.0,94.88031914893617,0.251158528,0.251158528,0.82421875,0.7794111535904261,success,sgd,0.01,1000000,1e-06,0.002,0.9,0.0011583160386686,
1D-gaussian-1c-2048p,2048,2048,0.0283163253052108,1000000,0.0011094402334037,,seconds,187.9434766769409,187.96575227193532,megabytes,680.0,680.0,95.0,94.88304862023654,0.251138048,0.251138048,0.81953125,0.7792552973061759,success,sgd,0.01,1000000,1e-06,0.002,0.9,0.0011094402334037,
1D-gaussian-1c-2048p,2048,2048,0.3669722157860103,1000000,0.0011632589683973,,seconds,187.43554830551147,187.3378934524953,megabytes,680.0,680.0,96.0,94.87483355525966,0.25120768,0.25120768,0.8359375,0.7802482107190414,success,sgd,0.01,1000000,1e-06,0.002,0.9,0.0011632589683973,
1D-gaussian-1c-2048p,2048,2048,0.066505265267638,1000000,0.0011127001105204,,seconds,188.06245017051697,188.02321994677183,megabytes,680.0,680.0,96.0,94.88502673796792,0.251240448,0.251240448,0.83125,0.7792394301470582,success,sgd,0.01,1000000,1e-06,0.002,0.9,0.0011127001105204,
1D-gaussian-1c-2048p,2048,2048,0.0843819462339749,1000000,0.0011139547675678,,seconds,187.42005586624143,187.4289705827832,megabytes,680.0,680.0,96.0,94.92367399741268,0.25124864,0.25124864,0.81875,0.7785676746442437,success,sgd,0.01,1000000,1e-06,0.002,0.9,0.0011139547675678,
1D-gaussian-1c-2048p,2048,2048,0.0834667378020188,1000000,0.0011138546944738,,seconds,188.45534324646,188.27433736249804,megabytes,682.0,682.0,95.0,94.8919631093544,0.251236352,0.251236352,0.8234375,0.7788002305665349,success,sgd,0.01,1000000,1e-06,0.002,0.9,0.0011138546944738,
1D-gaussian-1c-2048p,2048,2048,0.0751925767912454,1000000,0.001113009572989,,seconds,187.9751462936401,187.81806655228135,megabytes,682.0,682.0,95.0,94.92227979274612,0.251277312,0.251277312,0.82734375,0.778844519106218,success,sgd,0.01,1000000,1e-06,0.002,0.9,0.001113009572989,
1D-gaussian-1c-2048p,2048,2048,0.0528035373715603,1000000,0.0011107847391139,,seconds,188.29659128189087,188.23917386494577,megabytes,682.0,682.0,95.0,94.8780487804878,0.251273216,0.251273216,0.8203125,0.7792773186777927,success,sgd,0.01,1000000,1e-06,0.002,0.9,0.0011107847391139,
1D-gaussian-1c-2048p,2048,2048,0.0150936399561091,1000000,0.0011068085989934,,seconds,187.9462466239929,187.75399054586887,megabytes,682.0,682.0,96.0,94.83597883597884,0.251367424,0.251367424,0.83125,0.7803282076719582,success,sgd,0.01,1000000,1e-06,0.002,0.9,0.0011068085989934,
1D-gaussian-1c-2048p,2048,2048,0.1247565318986455,1000000,0.0011269388224266,,seconds,188.04442954063416,187.90442685596645,megabytes,682.0,682.0,95.0,94.88051948051948,0.25372672,0.25372672,0.834375,0.7792593344155833,success,sgd,0.01,1000000,1e-06,0.002,0.9,0.0011269388224266,
1D-gaussian-1c-2048p,2048,2048,0.2307302265075489,1000000,0.001145058038035,,seconds,187.93139839172363,187.91358177363875,megabytes,682.0,682.0,95.0,94.94342105263158,0.256606208,0.256606208,0.8296875,0.7791581003289478,success,sgd,0.01,1000000,1e-06,0.002,0.9,0.001145058038035,
1D-gaussian-1c-2048p,2048,2048,0.0559900445442394,1000000,0.0011076635486733,,seconds,188.36004519462583,188.23717893660069,megabytes,682.0,682.0,95.0,94.9379042690815,0.252317696,0.252317696,0.8234375,0.7786768272962479,success,sgd,0.01,1000000,1e-06,0.002,0.9,0.0011076635486733,
1D-gaussian-1c-2048p,2048,2048,0.0151954600874773,1000000,0.0011063001992977,,seconds,187.78549003601077,187.7965810392052,megabytes,682.0,682.0,95.0,94.92635658914728,0.252358656,0.252358656,0.825,0.7795088420542626,success,sgd,0.01,1000000,1e-06,0.002,0.9,0.0011063001992977,
1D-gaussian-1c-2048p,2048,2048,0.1631235107515234,1000000,0.0011294926001234,,seconds,188.12916803359985,188.1286910846829,megabytes,682.0,682.0,96.0,94.89139072847682,0.252370944,0.252370944,0.8171875,0.7793004966887411,success,sgd,0.01,1000000,1e-06,0.002,0.9,0.0011294926001234,
1D-gaussian-1c-2048p,2048,2048,0.2469901793574696,1000000,0.001145138771552,,seconds,187.96775245666504,187.8655424490571,megabytes,682.0,682.0,95.0,94.90343074968234,0.252379136,0.252379136,0.82109375,0.7791047887547666,success,sgd,0.01,1000000,1e-06,0.002,0.9,0.001145138771552,
1D-gaussian-1c-2048p,2048,2048,0.021131841841795,1000000,0.0011058663491564,,seconds,187.90446066856384,187.7427096106112,megabytes,682.0,682.0,95.0,94.84224250325946,0.252399616,0.252399616,0.8203125,0.7789612532594515,success,sgd,0.01,1000000,1e-06,0.002,0.9,0.0011058663491564,
1D-gaussian-1c-2048p,2048,2048,0.4893918512593143,1000000,0.0011926161439893,,seconds,187.80459332466123,187.7093831319362,megabytes,682.0,682.0,95.0,94.88067444876783,0.25243648,0.25243648,0.8265625,0.7788525453955906,success,sgd,0.01,1000000,1e-06,0.002,0.9,0.0011926161439893,
1D-gaussian-1c-2048p,2048,2048,0.0042532849884659,1000000,0.0011038095934216,,seconds,188.0180509090424,188.0119467061013,megabytes,682.0,682.0,95.0,94.94668400520156,0.252465152,0.252465152,0.82265625,0.7803387109882968,success,sgd,0.01,1000000,1e-06,0.002,0.9,0.0011038095934216,
1D-gaussian-1c-2048p,2048,2048,0.0129812243641499,1000000,0.0011004912359295,,seconds,188.0701971054077,188.07265268452463,megabytes,682.0,682.0,96.0,94.88829787234044,0.252485632,0.252485632,0.81953125,0.7794682928856397,success,sgd,0.01,1000000,1e-06,0.002,0.9,0.0011004912359295,
1D-gaussian-1c-2048p,2048,2048,0.0725224170735822,1000000,0.0011130347405182,,seconds,188.4047100543976,188.25159955210984,megabytes,682.0,682.0,95.0,94.90178571428572,0.252489728,0.252489728,0.81953125,0.7780652104591836,success,sgd,0.01,1000000,1e-06,0.002,0.9,0.0011130347405182,
1D-gaussian-1c-2048p,2048,2048,0.0049659092037823,1000000,0.0010987438521878,,seconds,188.1945924758911,188.0915167909116,megabytes,682.0,682.0,96.0,94.88761174968072,0.252542976,0.252542976,0.8453125,0.7802093310983407,success,sgd,0.01,1000000,1e-06,0.002,0.9,0.0010987438521878,
1D-gaussian-1c-2048p,2048,2048,0.0872091843767738,1000000,0.001117418884882,,seconds,187.88117003440857,187.87088955566287,megabytes,682.0,682.0,95.0,94.84915474642392,0.255553536,0.255553536,0.82265625,0.7789753332249685,success,sgd,0.01,1000000,1e-06,0.002,0.9,0.001117418884882,
1D-gaussian-1c-2048p,2048,2048,0.4619612297603338,1000000,0.0011846139785228,,seconds,187.42417669296265,187.2472940441221,megabytes,682.0,682.0,95.0,94.8611859838275,0.252604416,0.252604416,0.8515625,0.7788767688679253,success,sgd,0.01,1000000,1e-06,0.002,0.9,0.0011846139785228,
1D-gaussian-1c-2048p,2048,2048,0.270794633517921,1000000,0.0011501203135423,,seconds,187.6591908931732,187.4904599748552,megabytes,682.0,682.0,95.0,94.91622340425532,0.25257984,0.25257984,0.81953125,0.7792002576462761,success,sgd,0.01,1000000,1e-06,0.002,0.9,0.0011501203135423,
1D-gaussian-1c-2048p,2048,2048,0.0148712890813288,1000000,0.001107151031452,,seconds,187.92165422439572,187.71095548942685,megabytes,682.0,682.0,95.0,94.93725490196078,0.252674048,0.252674048,0.8203125,0.7792647058823533,success,sgd,0.01,1000000,1e-06,0.002,0.9,0.001107151031452,
1D-gaussian-1c-2048p,2048,2048,0.4785516437652881,1000000,0.0011838157938848,,seconds,187.7460193634033,187.746601305902,megabytes,682.0,682.0,95.0,94.93693693693692,0.255619072,0.255619072,0.8203125,0.7797387789575287,success,sgd,0.01,1000000,1e-06,0.002,0.9,0.0011838157938848,
1D-gaussian-1c-2048p,2048,2048,0.7965178268416102,1000000,0.0012453203051174,,seconds,187.83495163917544,187.79949143528935,megabytes,682.0,682.0,95.0,94.9294274300932,0.252674048,0.252674048,0.8171875,0.779186085219706,success,sgd,0.01,1000000,1e-06,0.002,0.9,0.0012453203051174,
1D-gaussian-1c-32p,32,32,0.5227053271800324,1000000,2.0626519710496815e-05,,seconds,41.04526996612549,41.05217564105988,megabytes,552.0,552.0,81.0,76.61581920903954,0.252362752,0.252362752,0.815625,0.7789856991525422,success,sgd,0.001,1000000,1e-06,0.002,0.9,2.0626519710496815e-05,
1D-gaussian-1c-32p,32,32,0.0655928095771491,1000000,8.460773328937149e-06,,seconds,41.34262228012085,41.19285295717418,megabytes,552.0,552.0,79.0,76.03804347826087,0.252432384,0.252432384,0.82109375,0.7768469769021734,success,sgd,0.001,1000000,1e-06,0.002,0.9,8.460773328937149e-06,
1D-gaussian-1c-32p,32,32,1.2434214296923698,1000000,2.065664983269017e-05,,seconds,42.46219611167908,42.45620003528893,megabytes,552.0,552.0,78.0,74.5027027027027,0.252399616,0.252399616,0.8203125,0.7810937500000006,success,sgd,0.001,1000000,1e-06,0.002,0.9,2.065664983269017e-05,
1D-gaussian-1c-32p,32,32,0.3025780272621543,1000000,1.940046127904119e-05,,seconds,40.784679651260376,40.79625505954027,megabytes,552.0,552.0,82.0,77.10555555555555,0.252407808,0.252407808,0.82578125,0.7795920138888889,success,sgd,0.001,1000000,1e-06,0.002,0.9,1.940046127904119e-05,
1D-gaussian-1c-32p,32,32,0.0254580944755924,1000000,4.01209946923045e-06,,seconds,41.05837535858154,40.91251405142248,megabytes,552.0,552.0,79.0,76.96470588235294,0.252416,0.252416,0.81328125,0.7763005514705884,success,sgd,0.001,1000000,1e-06,0.002,0.9,4.01209946923045e-06,
1D-gaussian-1c-32p,32,32,0.369472917238534,1000000,1.6332802027835833e-05,,seconds,41.12014722824097,40.98554985970259,megabytes,552.0,552.0,79.0,76.86549707602339,0.252411904,0.252411904,0.8109375,0.7776452850877194,success,sgd,0.001,1000000,1e-06,0.002,0.9,1.6332802027835833e-05,
1D-gaussian-1c-32p,32,32,0.0636056933999937,1000000,7.57290135772154e-06,,seconds,41.06168460845947,40.9156836848706,megabytes,552.0,552.0,81.0,76.73863636363636,0.252461056,0.252461056,0.82421875,0.7770862926136366,success,sgd,0.001,1000000,1e-06,0.002,0.9,7.57290135772154e-06,
1D-gaussian-1c-32p,32,32,0.0823714974960024,1000000,5.996853472522264e-06,,seconds,41.0986807346344,40.9203908611089,megabytes,552.0,552.0,79.0,76.93103448275862,0.25247744,0.25247744,0.81875,0.7775682471264369,success,sgd,0.001,1000000,1e-06,0.002,0.9,5.996853472522264e-06,
1D-gaussian-1c-32p,32,32,0.0814297653140475,1000000,8.022802986498907e-06,,seconds,41.34490513801575,41.18588471785188,megabytes,552.0,552.0,79.0,76.54696132596685,0.252473344,0.252473344,0.8140625,0.7754100483425411,success,sgd,0.001,1000000,1e-06,0.002,0.9,8.022802986498907e-06,
1D-gaussian-1c-32p,32,32,0.0725891707045967,1000000,1.1589950752818832e-05,,seconds,40.26956272125244,40.1793234013021,megabytes,552.0,552.0,82.0,78.02873563218391,0.25253888,0.25253888,0.82421875,0.7766029094827585,success,sgd,0.001,1000000,1e-06,0.002,0.9,1.1589950752818832e-05,
1D-gaussian-1c-32p,32,32,0.0503306605103961,1000000,5.309781260865212e-06,,seconds,39.8942506313324,39.75664190761745,megabytes,552.0,552.0,80.0,78.10344827586206,0.252530688,0.252530688,0.81953125,0.7758755387931034,success,sgd,0.001,1000000,1e-06,0.002,0.9,5.309781260865212e-06,
1D-gaussian-1c-32p,32,32,0.0119901566883624,1000000,2.2185592502806385e-06,,seconds,39.63363003730774,39.482825964689255,megabytes,552.0,552.0,81.0,79.02923976608187,0.252547072,0.252547072,0.82890625,0.7732182017543854,success,sgd,0.001,1000000,1e-06,0.002,0.9,2.2185592502806385e-06,
1D-gaussian-1c-32p,32,32,0.1234008022689721,1000000,5.393916115973212e-06,,seconds,40.84069275856018,40.62633339129388,megabytes,552.0,552.0,82.0,77.1638418079096,0.25260032,0.25260032,0.825,0.7750926906779658,success,sgd,0.001,1000000,1e-06,0.002,0.9,5.393916115973212e-06,
1D-gaussian-1c-32p,32,32,0.231042654777706,1000000,1.500457597324064e-05,,seconds,41.31963610649109,41.3207411468029,megabytes,552.0,552.0,80.0,76.11797752808988,0.252592128,0.252592128,0.81640625,0.7793670997191006,success,sgd,0.001,1000000,1e-06,0.002,0.9,1.500457597324064e-05,
1D-gaussian-1c-32p,32,32,0.0535669029487189,1000000,7.38743029698816e-06,,seconds,40.79754424095154,40.57948564365506,megabytes,552.0,552.0,82.0,77.28323699421965,0.252674048,0.252674048,0.8203125,0.7749277456647401,success,sgd,0.001,1000000,1e-06,0.002,0.9,7.38743029698816e-06,
1D-gaussian-1c-32p,32,32,0.0120833406696463,1000000,2.060170844238224e-06,,seconds,41.125179052352905,40.97243166342378,megabytes,552.0,552.0,79.0,76.90055248618785,0.25266176,0.25266176,0.8234375,0.7762948895027628,success,sgd,0.001,1000000,1e-06,0.002,0.9,2.060170844238224e-06,
1D-gaussian-1c-32p,32,32,0.1620805868011483,1000000,1.325684474462e-05,,seconds,39.80398225784302,39.649062825366855,megabytes,552.0,552.0,81.0,78.64804469273743,0.25266176,0.25266176,0.81875,0.7773437499999999,success,sgd,0.001,1000000,1e-06,0.002,0.9,1.325684474462e-05,
1D-gaussian-1c-32p,32,32,0.2474158065629733,1000000,1.40765164339149e-05,,seconds,41.60500717163086,41.481707856059074,megabytes,552.0,552.0,79.0,75.73033707865169,0.252698624,0.252698624,0.81953125,0.7776070926966294,success,sgd,0.001,1000000,1e-06,0.002,0.9,1.40765164339149e-05,
1D-gaussian-1c-32p,32,32,0.0173063769366442,1000000,2.3950880006422007e-06,,seconds,41.778700828552246,41.5803930554539,megabytes,552.0,552.0,79.0,76.01657458563535,0.252768256,0.252768256,0.81875,0.7750129488950274,success,sgd,0.001,1000000,1e-06,0.002,0.9,2.3950880006422007e-06,
1D-gaussian-1c-32p,32,32,0.493494978696912,1000000,9.28055589237086e-06,,seconds,41.74015188217163,41.66977806203067,megabytes,552.0,552.0,82.0,75.98857142857143,0.252760064,0.252760064,0.81640625,0.7784999999999999,success,sgd,0.001,1000000,1e-06,0.002,0.9,9.28055589237086e-06,
1D-gaussian-1c-32p,32,32,0.0002156169534031,768054,9.999993506248968e-07,,seconds,32.360214948654175,32.26607526279986,megabytes,552.0,552.0,82.0,75.39416058394161,0.252751872,0.252751872,0.8203125,0.7764370437956204,success,sgd,0.001,1000000,1e-06,0.002,0.9,9.999993506248968e-07,
1D-gaussian-1c-32p,32,32,0.0099019668228773,1000000,4.19950997171042e-06,,seconds,41.657705783844,41.45521005615592,megabytes,552.0,552.0,79.0,75.84745762711864,0.252858368,0.252858368,0.81796875,0.7740598516949155,success,sgd,0.001,1000000,1e-06,0.002,0.9,4.19950997171042e-06,
1D-gaussian-1c-32p,32,32,0.0696481239061424,1000000,1.098783616745692e-05,,seconds,42.090914487838745,41.9657748490572,megabytes,552.0,552.0,79.0,74.95698924731182,0.252850176,0.252850176,0.82265625,0.7794648857526884,success,sgd,0.001,1000000,1e-06,0.002,0.9,1.098783616745692e-05,
1D-gaussian-1c-32p,32,32,0.0017459791960865,1000000,1.011245373738229e-06,,seconds,41.00814127922058,40.913702715188265,megabytes,552.0,552.0,79.0,76.72988505747126,0.25286656,0.25286656,0.8171875,0.7788613505747131,success,sgd,0.001,1000000,1e-06,0.002,0.9,1.011245373738229e-06,
1D-gaussian-1c-32p,32,32,0.0852854840812387,1000000,4.680576471752471e-06,,seconds,39.99961185455322,39.80741913244128,megabytes,552.0,552.0,80.0,78.51497005988024,0.255000576,0.255000576,0.82421875,0.7770069236526945,success,sgd,0.001,1000000,1e-06,0.002,0.9,4.680576471752471e-06,
1D-gaussian-1c-32p,32,32,0.4661366507953033,1000000,2.6912327660263995e-05,,seconds,41.4409613609314,41.3101748675108,megabytes,552.0,552.0,81.0,76.29378531073446,0.25288704,0.25288704,0.81953125,0.7779396186440674,success,sgd,0.001,1000000,1e-06,0.002,0.9,2.6912327660263995e-05,
1D-gaussian-1c-32p,32,32,0.2710035249498206,1000000,1.5550582033056115e-05,,seconds,40.85750937461853,40.84206519089639,megabytes,552.0,552.0,79.0,77.05202312138728,0.252923904,0.252923904,0.82109375,0.7806132586705201,success,sgd,0.001,1000000,1e-06,0.002,0.9,1.5550582033056115e-05,
1D-gaussian-1c-32p,32,32,0.011781474013159,1000000,3.0009960060618324e-06,,seconds,41.24839782714844,41.10777141898871,megabytes,552.0,552.0,79.0,76.69411764705882,0.252903424,0.252903424,0.8109375,0.7754273897058825,success,sgd,0.001,1000000,1e-06,0.002,0.9,3.0009960060618324e-06,
1D-gaussian-1c-32p,32,32,0.4826895311901556,1000000,1.041244596381338e-05,,seconds,41.28457665443421,41.25418942980468,megabytes,552.0,552.0,79.0,76.61714285714285,0.252973056,0.252973056,0.81875,0.7775580357142862,success,sgd,0.001,1000000,1e-06,0.002,0.9,1.041244596381338e-05,
1D-gaussian-1c-32p,32,32,0.805989861338251,1000000,2.919661706642069e-05,,seconds,42.33315682411194,42.229382833465934,megabytes,552.0,552.0,82.0,75.06043956043956,0.255995904,0.255995904,0.82265625,0.7780777815934066,success,sgd,0.001,1000000,1e-06,0.002,0.9,2.919661706642069e-05,
1D-gaussian-1c-64p,64,64,0.5225081663645467,1000000,3.140483965948777e-05,,seconds,44.57902050018311,44.37670665793121,megabytes,552.0,552.0,82.0,80.33155080213903,0.253169664,0.253169664,0.815625,0.7757812500000001,success,sgd,0.001,1000000,1e-06,0.002,0.9,3.140483965948777e-05,
1D-gaussian-1c-64p,64,64,0.0658970306055008,1000000,1.0573849936205433e-05,,seconds,44.299497842788696,44.14892533421517,megabytes,552.0,552.0,82.0,80.58288770053476,0.253116416,0.253116416,0.828125,0.7758021390374334,success,sgd,0.001,1000000,1e-06,0.002,0.9,1.0573849936205433e-05,
1D-gaussian-1c-64p,64,64,1.2427942567064234,1000000,7.441676816750713e-05,,seconds,44.21623134613037,44.22251224704087,megabytes,552.0,552.0,82.0,80.95854922279793,0.253124608,0.253124608,0.81953125,0.7815131152849742,success,sgd,0.001,1000000,1e-06,0.002,0.9,7.441676816750713e-05,
1D-gaussian-1c-64p,64,64,0.3020032996038995,1000000,2.023759024636416e-05,,seconds,44.45491075515747,44.26962941326201,megabytes,552.0,552.0,82.0,80.39690721649484,0.256176128,0.256176128,0.81015625,0.7753825708762885,success,sgd,0.001,1000000,1e-06,0.002,0.9,2.023759024636416e-05,
1D-gaussian-1c-64p,64,64,0.0249312828174653,1000000,5.535982881555527e-06,,seconds,44.33964347839356,44.29820659942925,megabytes,552.0,552.0,82.0,80.61458333333333,0.253177856,0.253177856,0.840625,0.7784708658854166,success,sgd,0.001,1000000,1e-06,0.002,0.9,5.535982881555527e-06,
1D-gaussian-1c-64p,64,64,0.3689064009343665,1000000,2.285846076093944e-05,,seconds,44.26946902275085,44.26271767728031,megabytes,552.0,552.0,82.0,80.7696335078534,0.253202432,0.253202432,0.82109375,0.7812663612565447,success,sgd,0.001,1000000,1e-06,0.002,0.9,2.285846076093944e-05,
1D-gaussian-1c-64p,64,64,0.063696385738367,1000000,9.096083809162415e-06,,seconds,44.20753645896912,44.20854068920016,megabytes,552.0,552.0,82.0,80.58510638297872,0.25321472,0.25321472,0.81796875,0.7808344414893614,success,sgd,0.001,1000000,1e-06,0.002,0.9,9.096083809162415e-06,
1D-gaussian-1c-64p,64,64,0.0818396854745009,1000000,1.4393163815432144e-05,,seconds,44.39230298995972,44.30343080870807,megabytes,552.0,552.0,81.0,80.01595744680851,0.255320064,0.255320064,0.81640625,0.7761261635638298,success,sgd,0.001,1000000,1e-06,0.002,0.9,1.4393163815432144e-05,
1D-gaussian-1c-64p,64,64,0.0809183515777006,1000000,1.5471101033736968e-05,,seconds,44.28546690940857,44.18967231921852,megabytes,552.0,552.0,82.0,80.24083769633508,0.253284352,0.253284352,0.8234375,0.7786526505235603,success,sgd,0.001,1000000,1e-06,0.002,0.9,1.5471101033736968e-05,
1D-gaussian-1c-64p,64,64,0.0725142938464458,1000000,7.026838375999661e-06,,seconds,44.54673361778259,44.548577297478914,megabytes,552.0,552.0,82.0,80.00546448087432,0.253284352,0.253284352,0.8109375,0.7796618852459017,success,sgd,0.001,1000000,1e-06,0.002,0.9,7.026838375999661e-06,
1D-gaussian-1c-64p,64,64,0.049790907635891,1000000,1.103614189942854e-05,,seconds,44.393672943115234,44.3716240786016,megabytes,552.0,552.0,82.0,80.17801047120419,0.25327616,0.25327616,0.825,0.7811763743455493,success,sgd,0.001,1000000,1e-06,0.002,0.9,1.103614189942854e-05,
1D-gaussian-1c-64p,64,64,0.0115072910513783,1000000,4.757339265599761e-06,,seconds,44.51830267906189,44.46586070582271,megabytes,552.0,552.0,82.0,80.33870967741936,0.254509056,0.254509056,0.82578125,0.7777553763440861,success,sgd,0.001,1000000,1e-06,0.002,0.9,4.757339265599761e-06,
1D-gaussian-1c-64p,64,64,0.1228673324993134,1000000,1.224960971078878e-05,,seconds,44.37002420425415,44.2188321929425,megabytes,552.0,552.0,82.0,80.05820105820106,0.253349888,0.253349888,0.8171875,0.7760830026455025,success,sgd,0.001,1000000,1e-06,0.002,0.9,1.224960971078878e-05,
1D-gaussian-1c-64p,64,64,0.2304870192121385,1000000,2.024434351523499e-05,,seconds,44.06940484046936,43.89113900065422,megabytes,552.0,552.0,82.0,81.085,0.253390848,0.253390848,0.825,0.7780156249999997,success,sgd,0.001,1000000,1e-06,0.002,0.9,2.024434351523499e-05,
1D-gaussian-1c-64p,64,64,0.0530257878580502,1000000,8.997126571731502e-06,,seconds,44.31029725074768,44.26879484951496,megabytes,552.0,552.0,81.0,80.10362694300518,0.253423616,0.253423616,0.8234375,0.778740284974093,success,sgd,0.001,1000000,1e-06,0.002,0.9,8.997126571731502e-06,
1D-gaussian-1c-64p,64,64,0.0116084065551253,1000000,3.862564608798813e-06,,seconds,44.12444734573364,44.14347556978464,megabytes,552.0,552.0,82.0,80.39896373056995,0.254611456,0.254611456,0.8234375,0.7793515220207254,success,sgd,0.001,1000000,1e-06,0.002,0.9,3.862564608798813e-06,
1D-gaussian-1c-64p,64,64,0.1618301689978673,1000000,2.2699130217792015e-05,,seconds,44.39862775802612,44.283850671723485,megabytes,552.0,552.0,82.0,80.44559585492227,0.253448192,0.253448192,0.82109375,0.777133257772021,success,sgd,0.001,1000000,1e-06,0.002,0.9,2.2699130217792015e-05,
1D-gaussian-1c-64p,64,64,0.2469826071159708,1000000,2.576619225909084e-05,,seconds,44.42517685890198,44.26575954444706,megabytes,552.0,552.0,82.0,80.24226804123711,0.253497344,0.253497344,0.84140625,0.7747301868556694,success,sgd,0.001,1000000,1e-06,0.002,0.9,2.576619225909084e-05,
1D-gaussian-1c-64p,64,64,0.0176314872826838,1000000,5.766085965442128e-06,,seconds,44.408960580825806,44.35176984593272,megabytes,552.0,552.0,82.0,80.53367875647669,0.253464576,0.253464576,0.815625,0.77990204015544,success,sgd,0.001,1000000,1e-06,0.002,0.9,5.766085965442128e-06,
1D-gaussian-1c-64p,64,64,0.4934527340251687,1000000,2.094048242543889e-05,,seconds,44.6378858089447,44.47464649565518,megabytes,552.0,552.0,82.0,80.25414364640883,0.253534208,0.253534208,0.81484375,0.7735022444751383,success,sgd,0.001,1000000,1e-06,0.002,0.9,2.094048242543889e-05,
1D-gaussian-1c-64p,64,64,0.0005006265359565,1000000,1.309393018982308e-06,,seconds,43.985347032547,43.86594989337027,megabytes,552.0,552.0,82.0,81.02577319587628,0.256536576,0.256536576,0.815625,0.7771343427835055,success,sgd,0.001,1000000,1e-06,0.002,0.9,1.309393018982308e-06,
1D-gaussian-1c-64p,64,64,0.0093583202508745,1000000,4.944287089044158e-06,,seconds,44.54315495491028,44.39153491519392,megabytes,552.0,552.0,82.0,80.16304347826087,0.253534208,0.253534208,0.8328125,0.7773564877717393,success,sgd,0.001,1000000,1e-06,0.002,0.9,4.944287089044158e-06,
1D-gaussian-1c-64p,64,64,0.0698109901038315,1000000,6.856306811572558e-06,,seconds,44.38017797470093,44.25422022864223,megabytes,552.0,552.0,82.0,80.54891304347827,0.253566976,0.253566976,0.834375,0.7775602921195653,success,sgd,0.001,1000000,1e-06,0.002,0.9,6.856306811572558e-06,
1D-gaussian-1c-64p,64,64,0.0012236930376805,1000000,2.009371883390585e-06,,seconds,44.540650367736816,44.34984643943608,megabytes,552.0,552.0,82.0,80.45652173913044,0.253677568,0.253677568,0.82578125,0.7745074728260875,success,sgd,0.001,1000000,1e-06,0.002,0.9,2.009371883390585e-06,
1D-gaussian-1c-64p,64,64,0.0847275906565653,1000000,1.08779451311092e-05,,seconds,43.97095942497253,43.8087620921433,megabytes,552.0,552.0,82.0,81.195,0.256679936,0.256679936,0.82578125,0.7770546875000002,success,sgd,0.001,1000000,1e-06,0.002,0.9,1.08779451311092e-05,
1D-gaussian-1c-64p,64,64,0.4655667014071153,1000000,3.2495907605654715e-05,,seconds,44.18665838241577,44.19476939551532,megabytes,552.0,552.0,82.0,80.5130890052356,0.253648896,0.253648896,0.828125,0.7772619437172772,success,sgd,0.001,1000000,1e-06,0.002,0.9,3.2495907605654715e-05,
1D-gaussian-1c-64p,64,64,0.2712116602194943,1000000,2.417084282946922e-05,,seconds,44.51456427574158,44.494478810578585,megabytes,552.0,552.0,82.0,79.92349726775956,0.253648896,0.253648896,0.82421875,0.7783555327868851,success,sgd,0.001,1000000,1e-06,0.002,0.9,2.417084282946922e-05,
1D-gaussian-1c-64p,64,64,0.011282284395347,1000000,5.069004598125172e-06,,seconds,44.41997790336609,44.40247962810099,megabytes,552.0,552.0,82.0,80.25945945945946,0.253669376,0.253669376,0.8296875,0.7802956081081082,success,sgd,0.001,1000000,1e-06,0.002,0.9,5.069004598125172e-06,
1D-gaussian-1c-64p,64,64,0.4823444978147253,1000000,3.880424633949086e-05,,seconds,44.36317825317383,44.2035893779248,megabytes,552.0,552.0,82.0,80.71354166666667,0.25581568,0.25581568,0.83984375,0.7751546223958329,success,sgd,0.001,1000000,1e-06,0.002,0.9,3.880424633949086e-05,
1D-gaussian-1c-64p,64,64,0.8060245059530241,1000000,3.946223303274247e-05,,seconds,44.5860321521759,44.39418000914157,megabytes,552.0,552.0,82.0,80.6236559139785,0.2537472,0.2537472,0.840625,0.776747311827957,success,sgd,0.001,1000000,1e-06,0.002,0.9,3.946223303274247e-05,
1D-gaussian-1c-128p,128,128,0.5223554928720525,1000000,3.797453040594456e-05,,seconds,50.37131333351135,50.24003087170422,megabytes,552.0,552.0,83.0,79.02666666666667,0.253804544,0.253804544,0.82265625,0.7788958333333331,success,sgd,0.001,1000000,1e-06,0.002,0.9,3.797453040594456e-05,
1D-gaussian-1c-128p,128,128,0.0658839617129151,1000000,1.2647022385777664e-05,,seconds,49.40323305130005,49.26049060001969,megabytes,552.0,552.0,83.0,80.47867298578198,0.253812736,0.253812736,0.8265625,0.7772141587677729,success,sgd,0.001,1000000,1e-06,0.002,0.9,1.2647022385777664e-05,
1D-gaussian-1c-128p,128,128,1.24245188345407,1000000,7.703159465430304e-05,,seconds,50.99036526679993,50.849862745031714,megabytes,552.0,552.0,83.0,79.29596412556054,0.256884736,0.256884736,0.82109375,0.7762542040358745,success,sgd,0.001,1000000,1e-06,0.002,0.9,7.703159465430304e-05,
1D-gaussian-1c-128p,128,128,0.3019255891994859,1000000,3.746148581891847e-05,,seconds,50.059935569763184,49.98174291662872,megabytes,552.0,552.0,82.0,79.23474178403755,0.253906944,0.253906944,0.83828125,0.7792070129107981,success,sgd,0.001,1000000,1e-06,0.002,0.9,3.746148581891847e-05,
1D-gaussian-1c-128p,128,128,0.0249276557595274,1000000,9.90359002756954e-06,,seconds,50.91007828712464,50.84663995541632,megabytes,552.0,552.0,82.0,78.43243243243244,0.253980672,0.253980672,0.821875,0.7788992117117116,success,sgd,0.001,1000000,1e-06,0.002,0.9,9.90359002756954e-06,
1D-gaussian-1c-128p,128,128,0.3688354800472059,1000000,4.2518593042407664e-05,,seconds,50.44079566001892,50.40008416026831,megabytes,552.0,552.0,83.0,78.71238938053098,0.253947904,0.253947904,0.8234375,0.78035121681416,success,sgd,0.001,1000000,1e-06,0.002,0.9,4.2518593042407664e-05,
1D-gaussian-1c-128p,128,128,0.0636867143260888,1000000,1.6770937451854713e-05,,seconds,50.655271768569946,50.551250874996185,megabytes,552.0,552.0,81.0,78.94954128440367,0.256970752,0.256970752,0.82265625,0.7779529816513764,success,sgd,0.001,1000000,1e-06,0.002,0.9,1.6770937451854713e-05,
1D-gaussian-1c-128p,128,128,0.0818277806647351,1000000,1.735841653138677e-05,,seconds,49.19939279556274,49.0483891107142,megabytes,552.0,552.0,83.0,80.33488372093024,0.253968384,0.253968384,0.81796875,0.7761482558139531,success,sgd,0.001,1000000,1e-06,0.002,0.9,1.735841653138677e-05,
1D-gaussian-1c-128p,128,128,0.0809081887471926,1000000,1.8140761577318555e-05,,seconds,48.83109188079834,48.76452988944948,megabytes,552.0,552.0,84.0,81.16981132075472,0.253968384,0.253968384,0.8390625,0.7795032429245281,success,sgd,0.001,1000000,1e-06,0.002,0.9,1.8140761577318555e-05,
1D-gaussian-1c-128p,128,128,0.0725014239168527,1000000,1.4191062665958716e-05,,seconds,49.93266701698303,49.83450074866414,megabytes,552.0,552.0,86.0,79.58904109589041,0.255213568,0.255213568,0.82265625,0.7783354737442926,success,sgd,0.001,1000000,1e-06,0.002,0.9,1.4191062665958716e-05,
1D-gaussian-1c-128p,128,128,0.0497825285773429,1000000,1.1034356803749794e-05,,seconds,49.171653509140015,49.17206319607794,megabytes,552.0,552.0,83.0,80.31308411214954,0.25407488,0.25407488,0.82265625,0.7810309579439254,success,sgd,0.001,1000000,1e-06,0.002,0.9,1.1034356803749794e-05,
1D-gaussian-1c-128p,128,128,0.0115051034759579,1000000,8.569614827355552e-06,,seconds,48.899178981781006,48.8178744520992,megabytes,552.0,552.0,83.0,81.16587677725119,0.254119936,0.254119936,0.82734375,0.7802762144549764,success,sgd,0.001,1000000,1e-06,0.002,0.9,8.569614827355552e-06,
1D-gaussian-1c-128p,128,128,0.1228365355453852,1000000,2.3221687194121855e-05,,seconds,50.27868366241455,50.181622637435794,megabytes,552.0,552.0,82.0,79.12053571428571,0.254124032,0.254124032,0.8296875,0.7785749162946428,success,sgd,0.001,1000000,1e-06,0.002,0.9,2.3221687194121855e-05,
1D-gaussian-1c-128p,128,128,0.2304253017921023,1000000,2.536366892702312e-05,,seconds,49.44110679626465,49.34722918644548,megabytes,552.0,552.0,83.0,80.30555555555556,0.256229376,0.256229376,0.8265625,0.7779622395833334,success,sgd,0.001,1000000,1e-06,0.002,0.9,2.536366892702312e-05,
1D-gaussian-1c-128p,128,128,0.0530156812300174,1000000,1.510730309938238e-05,,seconds,50.551735162734985,50.43314601480961,megabytes,552.0,552.0,86.0,78.80454545454545,0.2541568,0.2541568,0.834375,0.7783700284090915,success,sgd,0.001,1000000,1e-06,0.002,0.9,1.510730309938238e-05,
1D-gaussian-1c-128p,128,128,0.0116062399217432,1000000,6.492936258510604e-06,,seconds,48.499154806137085,48.44312335550785,megabytes,552.0,552.0,84.0,81.50243902439024,0.254185472,0.254185472,0.81875,0.7790015243902443,success,sgd,0.001,1000000,1e-06,0.002,0.9,6.492936258510604e-06,
1D-gaussian-1c-128p,128,128,0.1617908462045807,1000000,2.5267390759258037e-05,,seconds,50.51097679138184,50.487083468586206,megabytes,552.0,552.0,82.0,78.85321100917432,0.254214144,0.254214144,0.8234375,0.7803827408256883,success,sgd,0.001,1000000,1e-06,0.002,0.9,2.5267390759258037e-05,
1D-gaussian-1c-128p,128,128,0.2469510059978526,1000000,2.690393718473412e-05,,seconds,48.536785364151,48.50514291599393,megabytes,552.0,552.0,85.0,81.4368932038835,0.257220608,0.257220608,0.8171875,0.7806128640776698,success,sgd,0.001,1000000,1e-06,0.002,0.9,2.690393718473412e-05,
1D-gaussian-1c-128p,128,128,0.0176294317520466,1000000,9.4427474131334e-06,,seconds,49.76103472709656,49.64762069284916,megabytes,552.0,552.0,82.0,79.70833333333333,0.2542592,0.2542592,0.82109375,0.7767252604166666,success,sgd,0.001,1000000,1e-06,0.002,0.9,9.4427474131334e-06,
1D-gaussian-1c-128p,128,128,0.4933253867134511,1000000,4.88510105418438e-05,,seconds,50.61603879928589,50.53575208969414,megabytes,552.0,552.0,82.0,78.80269058295964,0.254287872,0.254287872,0.821875,0.7779988789237663,success,sgd,0.001,1000000,1e-06,0.002,0.9,4.88510105418438e-05,
1D-gaussian-1c-128p,128,128,0.0005016441038071,1000000,3.023889674919376e-06,,seconds,49.800899267196655,49.78755626268685,megabytes,552.0,552.0,82.0,79.72549019607843,0.254275584,0.254275584,0.8203125,0.7790517769607845,success,sgd,0.001,1000000,1e-06,0.002,0.9,3.023889674919376e-06,
1D-gaussian-1c-128p,128,128,0.0093582887825992,1000000,8.032254041925329e-06,,seconds,48.42119336128235,48.42854134738445,megabytes,552.0,552.0,85.0,81.44878048780488,0.25729024,0.25729024,0.83125,0.7818597560975611,success,sgd,0.001,1000000,1e-06,0.002,0.9,8.032254041925329e-06,
1D-gaussian-1c-128p,128,128,0.0697987399401599,1000000,1.217340750358999e-05,,seconds,49.6027569770813,49.42581134103239,megabytes,552.0,552.0,83.0,80.26470588235294,0.254373888,0.254373888,0.81796875,0.7742493872549019,success,sgd,0.001,1000000,1e-06,0.002,0.9,1.217340750358999e-05,
1D-gaussian-1c-128p,128,128,0.0012243160013032,1000000,4.635786573383764e-06,,seconds,48.76291990280152,48.674119574949145,megabytes,552.0,552.0,83.0,80.89140271493213,0.25438208,0.25438208,0.81796875,0.7784113404977379,success,sgd,0.001,1000000,1e-06,0.002,0.9,4.635786573383764e-06,
1D-gaussian-1c-128p,128,128,0.0847117953320682,1000000,2.0424525070034204e-05,,seconds,49.74479627609253,49.59097713790834,megabytes,552.0,552.0,82.0,80.18867924528301,0.255553536,0.255553536,0.81875,0.7751732016509434,success,sgd,0.001,1000000,1e-06,0.002,0.9,2.0424525070034204e-05,
1D-gaussian-1c-128p,128,128,0.4654253451759491,1000000,4.397949365325463e-05,,seconds,50.66653847694397,50.462032083421946,megabytes,552.0,552.0,82.0,78.86283185840708,0.254529536,0.254529536,0.821875,0.7773230088495574,success,sgd,0.001,1000000,1e-06,0.002,0.9,4.397949365325463e-05,
1D-gaussian-1c-128p,128,128,0.2711470148610811,1000000,2.9845340482116608e-05,,seconds,50.78633689880371,50.685575598850846,megabytes,552.0,552.0,82.0,78.5906976744186,0.254472192,0.254472192,0.83828125,0.7789462209302336,success,sgd,0.001,1000000,1e-06,0.002,0.9,2.9845340482116608e-05,
1D-gaussian-1c-128p,128,128,0.0112804352863169,1000000,6.093541356698931e-06,,seconds,48.9567015171051,48.85670978203416,megabytes,552.0,552.0,85.0,81.0952380952381,0.254488576,0.254488576,0.825,0.777049851190476,success,sgd,0.001,1000000,1e-06,0.002,0.9,6.093541356698931e-06,
1D-gaussian-1c-128p,128,128,0.4822265230630226,1000000,4.235697046148527e-05,,seconds,50.64338135719299,50.49073186703026,megabytes,552.0,552.0,85.0,79.1563981042654,0.256577536,0.256577536,0.82265625,0.7772585900473934,success,sgd,0.001,1000000,1e-06,0.002,0.9,4.235697046148527e-05,
1D-gaussian-1c-128p,128,128,0.8058240749505253,1000000,5.796274660085151e-05,,seconds,49.76366448402405,49.65440125204623,megabytes,552.0,552.0,82.0,79.7803738317757,0.25452544,0.25452544,0.84296875,0.7787857768691587,success,sgd,0.001,1000000,1e-06,0.002,0.9,5.796274660085151e-05,
1D-gaussian-1c-256p,256,256,0.5220861744253305,1000000,6.246537048406098e-05,,seconds,52.78433918952942,52.663601690903306,megabytes,554.0,554.0,85.0,83.98237885462555,0.25460736,0.25460736,0.82265625,0.778025192731277,success,sgd,0.001,1000000,1e-06,0.002,0.9,6.246537048406098e-05,
1D-gaussian-1c-256p,256,256,0.0658623531614475,1000000,2.169756091748258e-05,,seconds,52.758819341659546,52.71573116257787,megabytes,554.0,554.0,84.0,83.17272727272727,0.254603264,0.254603264,0.81875,0.7778373579545451,success,sgd,0.001,1000000,1e-06,0.002,0.9,2.169756091748258e-05,
1D-gaussian-1c-256p,256,256,1.2416829884952718,1000000,0.0001132955766451,,seconds,52.80635952949524,52.76908502541482,megabytes,554.0,554.0,85.0,83.51363636363637,0.257662976,0.257662976,0.8203125,0.7767542613636362,success,sgd,0.001,1000000,1e-06,0.002,0.9,0.0001132955766451,
1D-gaussian-1c-256p,256,256,0.3018011373060993,1000000,5.517566181268279e-05,,seconds,52.28889226913452,52.24407817237079,megabytes,554.0,554.0,85.0,84.44588744588745,0.2546688,0.2546688,0.81953125,0.7785139339826836,success,sgd,0.001,1000000,1e-06,0.002,0.9,5.517566181268279e-05,
1D-gaussian-1c-256p,256,256,0.0249235851614138,1000000,1.5315587161947523e-05,,seconds,52.71520471572876,52.66466142609716,megabytes,554.0,554.0,85.0,83.57077625570776,0.254754816,0.254754816,0.82109375,0.7796268550228308,success,sgd,0.001,1000000,1e-06,0.002,0.9,1.5315587161947523e-05,
1D-gaussian-1c-256p,256,256,0.3686395696213596,1000000,5.35549060030302e-05,,seconds,52.81239438056946,52.71305933222175,megabytes,554.0,554.0,85.0,83.33333333333333,0.256831488,0.256831488,0.825,0.7771518640350876,success,sgd,0.001,1000000,1e-06,0.002,0.9,5.35549060030302e-05,
1D-gaussian-1c-256p,256,256,0.0636651930583313,1000000,2.5075726397725092e-05,,seconds,52.80826544761658,52.64840612746775,megabytes,554.0,554.0,85.0,83.77092511013215,0.2547712,0.2547712,0.8265625,0.776497109030837,success,sgd,0.001,1000000,1e-06,0.002,0.9,2.5075726397725092e-05,
1D-gaussian-1c-256p,256,256,0.0818000091631221,1000000,2.6543538950117567e-05,,seconds,52.78200149536133,52.59527303464711,megabytes,554.0,554.0,84.0,83.27753303964758,0.25483264,0.25483264,0.821875,0.7776879129955947,success,sgd,0.001,1000000,1e-06,0.002,0.9,2.6543538950117567e-05,
1D-gaussian-1c-256p,256,256,0.080879010156783,1000000,2.7078596463265952e-05,,seconds,52.62247371673584,52.49725504592061,megabytes,554.0,554.0,85.0,84.11255411255411,0.254799872,0.254799872,0.8234375,0.7774722673160174,success,sgd,0.001,1000000,1e-06,0.002,0.9,2.7078596463265952e-05,
1D-gaussian-1c-256p,256,256,0.072475849316757,1000000,2.6134850029789935e-05,,seconds,52.54596996307373,52.45473546348512,megabytes,554.0,554.0,85.0,83.70614035087719,0.257748992,0.257748992,0.825,0.7771587171052629,success,sgd,0.001,1000000,1e-06,0.002,0.9,2.6134850029789935e-05,
1D-gaussian-1c-256p,256,256,0.0497667497761669,1000000,2.0703684176030867e-05,,seconds,52.69521594047546,52.677184419706464,megabytes,554.0,554.0,85.0,83.5111111111111,0.254857216,0.254857216,0.821875,0.7804409722222221,success,sgd,0.001,1000000,1e-06,0.002,0.9,2.0703684176030867e-05,
1D-gaussian-1c-256p,256,256,0.0115033106213799,1000000,1.5149848860998052e-05,,seconds,52.69200038909912,52.516446294263005,megabytes,554.0,554.0,85.0,83.9353448275862,0.25485312,0.25485312,0.821875,0.7756970635775865,success,sgd,0.001,1000000,1e-06,0.002,0.9,1.5149848860998052e-05,
1D-gaussian-1c-256p,256,256,0.1227910267224014,1000000,3.457317982264807e-05,,seconds,52.780517578125,52.72420842759311,megabytes,554.0,554.0,85.0,83.25339366515837,0.256036864,0.256036864,0.82578125,0.7799102092760183,success,sgd,0.001,1000000,1e-06,0.002,0.9,3.457317982264807e-05,
1D-gaussian-1c-256p,256,256,0.2303153183897551,1000000,4.082932373403837e-05,,seconds,52.64090347290039,52.58881737291813,megabytes,554.0,554.0,85.0,83.4424778761062,0.254844928,0.254844928,0.82421875,0.7801576327433626,success,sgd,0.001,1000000,1e-06,0.002,0.9,4.082932373403837e-05,
1D-gaussian-1c-256p,256,256,0.0529975665742726,1000000,2.32829168962788e-05,,seconds,52.86327528953552,52.68980078585446,megabytes,554.0,554.0,85.0,83.81858407079646,0.254922752,0.254922752,0.83125,0.7770049778761059,success,sgd,0.001,1000000,1e-06,0.002,0.9,2.32829168962788e-05,
1D-gaussian-1c-256p,256,256,0.0116044186813909,1000000,1.4895485330056245e-05,,seconds,52.46965932846069,52.30484969541431,megabytes,554.0,554.0,85.0,83.9704641350211,0.254906368,0.254906368,0.83984375,0.7771492616033754,success,sgd,0.001,1000000,1e-06,0.002,0.9,1.4895485330056245e-05,
1D-gaussian-1c-256p,256,256,0.1617308417220921,1000000,3.7652678460691306e-05,,seconds,52.66043496131897,52.65853539481759,megabytes,554.0,554.0,85.0,83.61904761904762,0.257970176,0.257970176,0.83125,0.7794609036796535,success,sgd,0.001,1000000,1e-06,0.002,0.9,3.7652678460691306e-05,
1D-gaussian-1c-256p,256,256,0.2468258337365744,1000000,4.037258923710318e-05,,seconds,52.7213408946991,52.56724187172949,megabytes,554.0,554.0,85.0,84.02183406113537,0.25495552,0.25495552,0.8234375,0.7754946779475981,success,sgd,0.001,1000000,1e-06,0.002,0.9,4.037258923710318e-05,
1D-gaussian-1c-256p,256,256,0.017626299076261,1000000,1.6170198959102878e-05,,seconds,52.58250617980957,52.54836061224341,megabytes,554.0,554.0,85.0,83.99568965517241,0.255045632,0.255045632,0.821875,0.7797986260775858,success,sgd,0.001,1000000,1e-06,0.002,0.9,1.6170198959102878e-05,
1D-gaussian-1c-256p,256,256,0.4930683857426788,1000000,6.645064845736749e-05,,seconds,52.76956915855408,52.73114486038685,megabytes,554.0,554.0,85.0,83.12727272727273,0.254992384,0.254992384,0.8171875,0.7787677556818179,success,sgd,0.001,1000000,1e-06,0.002,0.9,6.645064845736749e-05,
1D-gaussian-1c-256p,256,256,0.000501620250202,1000000,1.1499629626539612e-05,,seconds,52.37494611740112,52.3397172242403,megabytes,554.0,554.0,85.0,84.27896995708154,0.2550784,0.2550784,0.82578125,0.7790236051502141,success,sgd,0.001,1000000,1e-06,0.002,0.9,1.1499629626539612e-05,
1D-gaussian-1c-256p,256,256,0.0093565398291101,1000000,1.5269318575658044e-05,,seconds,52.62938904762268,52.50721218623221,megabytes,554.0,554.0,85.0,83.50869565217391,0.255041536,0.255041536,0.8203125,0.7773913043478263,success,sgd,0.001,1000000,1e-06,0.002,0.9,1.5269318575658044e-05,
1D-gaussian-1c-256p,256,256,0.0697749056163896,1000000,2.4936355761550868e-05,,seconds,52.825620889663696,52.74091256223619,megabytes,554.0,554.0,85.0,83.28181818181818,0.255082496,0.255082496,0.825,0.7769921875000002,success,sgd,0.001,1000000,1e-06,0.002,0.9,2.4936355761550868e-05,
1D-gaussian-1c-256p,256,256,0.0012241224766444,1000000,1.222232081285173e-05,,seconds,52.69647240638733,52.62951084971428,megabytes,554.0,554.0,85.0,83.42035398230088,0.255070208,0.255070208,0.821875,0.7786953816371684,success,sgd,0.001,1000000,1e-06,0.002,0.9,1.222232081285173e-05,
1D-gaussian-1c-256p,256,256,0.084680941702742,1000000,2.333586451241256e-05,,seconds,52.6564371585846,52.55975081399083,megabytes,554.0,554.0,85.0,83.4892703862661,0.255197184,0.255197184,0.821875,0.778990075107296,success,sgd,0.001,1000000,1e-06,0.002,0.9,2.333586451241256e-05,
1D-gaussian-1c-256p,256,256,0.4651753240828783,1000000,6.311006806951241e-05,,seconds,52.63775324821472,52.61972702108324,megabytes,554.0,554.0,85.0,84.09009009009009,0.255148032,0.255148032,0.8203125,0.7797191722972984,success,sgd,0.001,1000000,1e-06,0.002,0.9,6.311006806951241e-05,
1D-gaussian-1c-256p,256,256,0.2710082603243909,1000000,4.587222067928514e-05,,seconds,52.82920622825623,52.754469215869904,megabytes,554.0,554.0,85.0,83.20270270270271,0.25522176,0.25522176,0.82421875,0.7768545889639634,success,sgd,0.001,1000000,1e-06,0.002,0.9,4.587222067928514e-05,
1D-gaussian-1c-256p,256,256,0.0112778878370283,1000000,1.5869345558673886e-05,,seconds,52.529459953308105,52.60647342912853,megabytes,554.0,554.0,85.0,83.60176991150442,0.25520128,0.25520128,0.821875,0.7775407909292038,success,sgd,0.001,1000000,1e-06,0.002,0.9,1.5869345558673886e-05,
1D-gaussian-1c-256p,256,256,0.4819727282582424,1000000,6.505047382518058e-05,,seconds,52.51529335975647,52.36795364320278,megabytes,554.0,554.0,85.0,84.32188841201717,0.255291392,0.255291392,0.82578125,0.7777394045064375,success,sgd,0.001,1000000,1e-06,0.002,0.9,6.505047382518058e-05,
1D-gaussian-1c-256p,256,256,0.8053609252104637,1000000,8.268001085372891e-05,,seconds,52.75328850746155,52.580058099702,megabytes,554.0,554.0,85.0,83.57333333333334,0.2553856,0.2553856,0.8265625,0.774857638888889,success,sgd,0.001,1000000,1e-06,0.002,0.9,8.268001085372891e-05,
1D-gaussian-1c-512p,512,512,0.5214365563592179,1000000,0.0001061637739748,,seconds,69.31664848327637,69.16538332030177,megabytes,562.0,562.0,86.0,85.26530612244898,0.255676416,0.255676416,0.81796875,0.7780612244897959,success,sgd,0.001,1000000,1e-06,0.002,0.9,0.0001061637739748,
1D-gaussian-1c-512p,512,512,0.0658423185745728,1000000,4.931580068051759e-05,,seconds,69.31361985206604,69.27323004603386,megabytes,562.0,562.0,87.0,85.11071428571428,0.25567232,0.25567232,0.81875,0.7806501116071427,success,sgd,0.001,1000000,1e-06,0.002,0.9,4.931580068051759e-05,
1D-gaussian-1c-512p,512,512,1.2399246896456997,1000000,0.0001685712473763,,seconds,68.95679998397827,68.91652529872954,megabytes,562.0,562.0,86.0,85.59868421052632,0.255709184,0.255709184,0.83125,0.7776778371710523,success,sgd,0.001,1000000,1e-06,0.002,0.9,0.0001685712473763,
1D-gaussian-1c-512p,512,512,0.3015100741815225,1000000,7.645575118167281e-05,,seconds,69.33417081832886,69.16479237377644,megabytes,562.0,562.0,86.0,85.43243243243244,0.25577472,0.25577472,0.84765625,0.7749445734797298,success,sgd,0.001,1000000,1e-06,0.002,0.9,7.645575118167281e-05,
1D-gaussian-1c-512p,512,512,0.0249113689113991,1000000,4.133986716359849e-05,,seconds,69.1488847732544,69.06722832471132,megabytes,562.0,562.0,86.0,85.44932432432432,0.255799296,0.255799296,0.81796875,0.7781513935810811,success,sgd,0.001,1000000,1e-06,0.002,0.9,4.133986716359849e-05,
1D-gaussian-1c-512p,512,512,0.3682011630509462,1000000,8.728946009092177e-05,,seconds,69.16210842132568,69.16652655228972,megabytes,562.0,562.0,86.0,85.2804054054054,0.25790464,0.25790464,0.82890625,0.7787188555743241,success,sgd,0.001,1000000,1e-06,0.002,0.9,8.728946009092177e-05,
1D-gaussian-1c-512p,512,512,0.0636456785813716,1000000,4.718846942958424e-05,,seconds,69.11077189445496,69.00052163936198,megabytes,562.0,562.0,86.0,85.25,0.25581568,0.25581568,0.82421875,0.7778742609797294,success,sgd,0.001,1000000,1e-06,0.002,0.9,4.718846942958424e-05,
1D-gaussian-1c-512p,512,512,0.0817738778660811,1000000,4.870231823152719e-05,,seconds,69.1887948513031,69.19466261938214,megabytes,562.0,562.0,86.0,85.30240549828179,0.2557952,0.2557952,0.815625,0.7788176546391754,success,sgd,0.001,1000000,1e-06,0.002,0.9,4.870231823152719e-05,
1D-gaussian-1c-512p,512,512,0.0808516705635148,1000000,5.007518578995616e-05,,seconds,69.18954420089722,69.11583117768168,megabytes,562.0,562.0,86.0,85.1919191919192,0.258842624,0.258842624,0.821875,0.778101325757576,success,sgd,0.001,1000000,1e-06,0.002,0.9,5.007518578995616e-05,
1D-gaussian-1c-512p,512,512,0.0724531125148985,1000000,4.734231050481745e-05,,seconds,69.08835077285767,69.07583370804787,megabytes,562.0,562.0,86.0,85.42068965517241,0.255860736,0.255860736,0.82421875,0.7803098060344825,success,sgd,0.001,1000000,1e-06,0.002,0.9,4.734231050481745e-05,
1D-gaussian-1c-512p,512,512,0.0497524423314262,1000000,4.53486705710738e-05,,seconds,69.32054114341736,69.17000992409885,megabytes,562.0,562.0,86.0,85.33098591549296,0.255913984,0.255913984,0.82265625,0.7769696302816901,success,sgd,0.001,1000000,1e-06,0.002,0.9,4.53486705710738e-05,
1D-gaussian-1c-512p,512,512,0.0114980809300809,1000000,3.716716716205649e-05,,seconds,69.26113939285278,69.1830903030932,megabytes,562.0,562.0,86.0,85.397212543554,0.258912256,0.258912256,0.8234375,0.7785850391986063,success,sgd,0.001,1000000,1e-06,0.002,0.9,3.716716716205649e-05,
1D-gaussian-1c-512p,512,512,0.1227139692957582,1000000,5.367891235731152e-05,,seconds,68.989999294281,68.9503429774195,megabytes,562.0,562.0,86.0,85.36963696369637,0.258961408,0.258961408,0.815625,0.7785942656765674,success,sgd,0.001,1000000,1e-06,0.002,0.9,5.367891235731152e-05,
1D-gaussian-1c-512p,512,512,0.2300744741664807,1000000,7.036572604165518e-05,,seconds,69.14465546607971,69.08244142495096,megabytes,562.0,562.0,86.0,85.40955631399318,0.258940928,0.258940928,0.825,0.7799114761092149,success,sgd,0.001,1000000,1e-06,0.002,0.9,7.036572604165518e-05,
1D-gaussian-1c-512p,512,512,0.0529832472608679,1000000,4.447500052927522e-05,,seconds,69.20507073402405,69.03699324838817,megabytes,562.0,562.0,86.0,85.35451505016722,0.259002368,0.259002368,0.825,0.7776572951505017,success,sgd,0.001,1000000,1e-06,0.002,0.9,4.447500052927522e-05,
1D-gaussian-1c-512p,512,512,0.0115990654134382,1000000,3.827414567239639e-05,,seconds,69.08416604995728,69.0633162278682,megabytes,562.0,562.0,86.0,85.31788079470199,0.25899008,0.25899008,0.83515625,0.7803264693708608,success,sgd,0.001,1000000,1e-06,0.002,0.9,3.827414567239639e-05,
1D-gaussian-1c-512p,512,512,0.1615998309814635,1000000,5.907970311493773e-05,,seconds,69.16002678871155,69.02900134585798,megabytes,562.0,562.0,86.0,85.26190476190476,0.259014656,0.259014656,0.8234375,0.7778592687074836,success,sgd,0.001,1000000,1e-06,0.002,0.9,5.907970311493773e-05,
1D-gaussian-1c-512p,512,512,0.2465814507307118,1000000,7.233702508201665e-05,,seconds,69.27772831916809,69.10587078519166,megabytes,562.0,562.0,87.0,85.55369127516778,0.25911296,0.25911296,0.83828125,0.7783635696308717,success,sgd,0.001,1000000,1e-06,0.002,0.9,7.233702508201665e-05,
1D-gaussian-1c-512p,512,512,0.0176178935234624,1000000,3.907826332269571e-05,,seconds,69.11059737205505,68.98729941248894,megabytes,562.0,562.0,86.0,85.38983050847457,0.256090112,0.256090112,0.8296875,0.7784427966101701,success,sgd,0.001,1000000,1e-06,0.002,0.9,3.907826332269571e-05,
1D-gaussian-1c-512p,512,512,0.4924540838666139,1000000,0.0001009179711267,,seconds,69.24329233169556,69.05724940821528,megabytes,562.0,562.0,87.0,85.71428571428571,0.25616384,0.25616384,0.8234375,0.7776007059800671,success,sgd,0.001,1000000,1e-06,0.002,0.9,0.0001009179711267,
1D-gaussian-1c-512p,512,512,0.000501509033284,1000000,3.70941476371499e-05,,seconds,69.14952349662781,69.07543234340847,megabytes,562.0,562.0,86.0,85.41077441077441,0.256098304,0.256098304,0.81953125,0.7788562710437708,success,sgd,0.001,1000000,1e-06,0.002,0.9,3.70941476371499e-05,
1D-gaussian-1c-512p,512,512,0.0093522448763833,1000000,3.898252392273126e-05,,seconds,69.17987895011902,69.06896954588592,megabytes,562.0,562.0,87.0,85.4949494949495,0.256155648,0.256155648,0.81953125,0.778364372895623,success,sgd,0.001,1000000,1e-06,0.002,0.9,3.898252392273126e-05,
1D-gaussian-1c-512p,512,512,0.0697530345841119,1000000,4.6095768739167095e-05,,seconds,69.10323596000671,69.10849023237824,megabytes,562.0,562.0,86.0,85.24652777777777,0.256147456,0.256147456,0.8203125,0.7801622178819442,success,sgd,0.001,1000000,1e-06,0.002,0.9,4.6095768739167095e-05,
1D-gaussian-1c-512p,512,512,0.0012236865983459,1000000,3.729056089314814e-05,,seconds,69.03025364875793,68.98014802858233,megabytes,562.0,562.0,86.0,85.40728476821192,0.256200704,0.256200704,0.81953125,0.7781870860927151,success,sgd,0.001,1000000,1e-06,0.002,0.9,3.729056089314814e-05,
1D-gaussian-1c-512p,512,512,0.0846567372271067,1000000,5.037364290316494e-05,,seconds,69.2462739944458,69.07639973424375,megabytes,562.0,562.0,86.0,85.33898305084746,0.256192512,0.256192512,0.82109375,0.7770762711864407,success,sgd,0.001,1000000,1e-06,0.002,0.9,5.037364290316494e-05,
1D-gaussian-1c-512p,512,512,0.4646023543681136,1000000,9.683455332794754e-05,,seconds,69.23212170600891,69.15546622127295,megabytes,562.0,562.0,87.0,85.57482993197279,0.256176128,0.256176128,0.82109375,0.7792889030612247,success,sgd,0.001,1000000,1e-06,0.002,0.9,9.683455332794754e-05,
1D-gaussian-1c-512p,512,512,0.2706925123942075,1000000,7.542646080120612e-05,,seconds,69.01086974143982,69.06397837400436,megabytes,562.0,562.0,86.0,85.35254237288136,0.25622528,0.25622528,0.83125,0.7803310381355935,success,sgd,0.001,1000000,1e-06,0.002,0.9,7.542646080120612e-05,
1D-gaussian-1c-512p,512,512,0.0112731078253873,1000000,3.9243727599818256e-05,,seconds,69.28250622749329,69.13336893171072,megabytes,562.0,562.0,87.0,85.62162162162163,0.25624576,0.25624576,0.8171875,0.777224978885135,success,sgd,0.001,1000000,1e-06,0.002,0.9,3.9243727599818256e-05,
1D-gaussian-1c-512p,512,512,0.4814070752878946,1000000,0.0001013399538702,,seconds,69.08647680282593,69.01499864086509,megabytes,562.0,562.0,86.0,85.41528239202658,0.256241664,0.256241664,0.82578125,0.7793993978405316,success,sgd,0.001,1000000,1e-06,0.002,0.9,0.0001013399538702,
1D-gaussian-1c-512p,512,512,0.804312560712142,1000000,0.0001288400975523,,seconds,69.18327140808105,69.13050804287195,megabytes,562.0,562.0,87.0,85.45666666666666,0.256249856,0.256249856,0.81953125,0.7804010416666668,success,sgd,0.001,1000000,1e-06,0.002,0.9,0.0001288400975523,
1D-gaussian-1c-1024p,1024,1024,0.5202232838865664,1000000,0.0001849448121386,,seconds,92.73454809188844,92.67376233451068,megabytes,588.0,588.0,90.0,89.23907455012854,0.256344064,0.256344064,0.83203125,0.7783499357326471,success,sgd,0.001,1000000,1e-06,0.002,0.9,0.0001849448121386,
1D-gaussian-1c-1024p,1024,1024,0.065763361470637,1000000,0.0001215334034193,,seconds,92.33002924919128,92.19032693095504,megabytes,588.0,588.0,91.0,89.1994884910486,0.256401408,0.256401408,0.81640625,0.778254875319693,success,sgd,0.001,1000000,1e-06,0.002,0.9,0.0001215334034193,
1D-gaussian-1c-1024p,1024,1024,1.236017586835484,1000000,0.0002738688233669,,seconds,92.36252498626708,92.1894595976919,megabytes,588.0,588.0,91.0,89.37958115183245,0.259411968,0.259411968,0.82578125,0.7774460078534035,success,sgd,0.001,1000000,1e-06,0.002,0.9,0.0002738688233669,
1D-gaussian-1c-1024p,1024,1024,0.3013289352156951,1000000,0.0001583807768472,,seconds,91.20161938667296,91.19381901435554,megabytes,588.0,588.0,92.0,90.64450127877238,0.259391488,0.259391488,0.8203125,0.7794257512787724,success,sgd,0.001,1000000,1e-06,0.002,0.9,0.0001583807768472,
1D-gaussian-1c-1024p,1024,1024,0.0248811330282563,1000000,0.0001129412445112,,seconds,92.14163708686829,92.1252799872309,megabytes,588.0,588.0,91.0,89.41116751269035,0.25939968,0.25939968,0.82421875,0.7789716846446699,success,sgd,0.001,1000000,1e-06,0.002,0.9,0.0001129412445112,
1D-gaussian-1c-1024p,1024,1024,0.3680791002871836,1000000,0.0001667326601885,,seconds,91.31325960159302,91.27223113738,megabytes,588.0,588.0,91.0,90.22997416020672,0.259391488,0.259391488,0.8234375,0.778395510335917,success,sgd,0.001,1000000,1e-06,0.002,0.9,0.0001667326601885,
1D-gaussian-1c-1024p,1024,1024,0.0635673922246273,1000000,0.0001170941240621,,seconds,92.10753631591795,92.11434129998088,megabytes,588.0,588.0,91.0,88.67602040816327,0.259436544,0.259436544,0.81953125,0.7808733258928571,success,sgd,0.001,1000000,1e-06,0.002,0.9,0.0001170941240621,
1D-gaussian-1c-1024p,1024,1024,0.0816734478746118,1000000,0.0001196939899414,,seconds,92.60910844802856,92.461172349751,megabytes,588.0,588.0,92.0,88.45853658536585,0.2594816,0.2594816,0.81953125,0.7785823170731705,success,sgd,0.001,1000000,1e-06,0.002,0.9,0.0001196939899414,
1D-gaussian-1c-1024p,1024,1024,0.080755223001821,1000000,0.0001207184450932,,seconds,92.3091778755188,92.21333503909408,megabytes,588.0,588.0,92.0,89.2449494949495,0.259506176,0.259506176,0.81796875,0.7780026830808084,success,sgd,0.001,1000000,1e-06,0.002,0.9,0.0001207184450932,
1D-gaussian-1c-1024p,1024,1024,0.0723624406398391,1000000,0.0001189243932227,,seconds,92.43321394920348,92.3310387916863,megabytes,588.0,588.0,90.0,89.2239185750636,0.259534848,0.259534848,0.82734375,0.7797212945292621,success,sgd,0.001,1000000,1e-06,0.002,0.9,0.0001189243932227,
1D-gaussian-1c-1024p,1024,1024,0.0496905249810419,1000000,0.000119263540788,,seconds,89.85612893104553,89.80465970188379,megabytes,588.0,588.0,92.0,91.24202127659576,0.259510272,0.259510272,0.81796875,0.7789810505319151,success,sgd,0.001,1000000,1e-06,0.002,0.9,0.000119263540788,
1D-gaussian-1c-1024p,1024,1024,0.0114832628370706,1000000,0.0001122939008658,,seconds,91.2189507484436,91.08686604723334,megabytes,588.0,588.0,91.0,90.30922693266832,0.259567616,0.259567616,0.82890625,0.7789802836658356,success,sgd,0.001,1000000,1e-06,0.002,0.9,0.0001122939008658,
1D-gaussian-1c-1024p,1024,1024,0.1226056220802305,1000000,0.0001307790806795,,seconds,89.85348057746887,89.67422602698207,megabytes,588.0,588.0,92.0,91.13720316622693,0.259567616,0.259567616,0.82421875,0.778984581134565,success,sgd,0.001,1000000,1e-06,0.002,0.9,0.0001307790806795,
1D-gaussian-1c-1024p,1024,1024,0.2299953042235978,1000000,0.0001471221606538,,seconds,92.33165574073792,92.30452234111726,megabytes,588.0,588.0,91.0,89.23333333333333,0.259584,0.259584,0.82265625,0.7799318910256411,success,sgd,0.001,1000000,1e-06,0.002,0.9,0.0001471221606538,
1D-gaussian-1c-1024p,1024,1024,0.0529171168328024,1000000,0.0001165599949421,,seconds,92.36022448539734,92.16745797172187,megabytes,588.0,588.0,91.0,89.40885416666667,0.259649536,0.259649536,0.821875,0.7774536132812501,success,sgd,0.001,1000000,1e-06,0.002,0.9,0.0001165599949421,
1D-gaussian-1c-1024p,1024,1024,0.0115846241756839,1000000,0.0001102773189073,,seconds,91.503600358963,91.3974366672337,megabytes,588.0,588.0,91.0,90.03234501347708,0.259608576,0.259608576,0.83046875,0.7787967486522919,success,sgd,0.001,1000000,1e-06,0.002,0.9,0.0001102773189073,
1D-gaussian-1c-1024p,1024,1024,0.1614860993764865,1000000,0.0001339922743915,,seconds,92.6105751991272,92.51540875248612,megabytes,588.0,588.0,90.0,89.1985111662531,0.259633152,0.259633152,0.8203125,0.7780048076923084,success,sgd,0.001,1000000,1e-06,0.002,0.9,0.0001339922743915,
1D-gaussian-1c-1024p,1024,1024,0.2464679084153467,1000000,0.0001481583817339,,seconds,91.25334286689758,91.21123762056231,megabytes,588.0,588.0,91.0,90.07387862796834,0.25964544,0.25964544,0.82109375,0.7790855870712401,success,sgd,0.001,1000000,1e-06,0.002,0.9,0.0001481583817339,
1D-gaussian-1c-1024p,1024,1024,0.0175969544337568,1000000,0.0001116322271953,,seconds,92.08170437812804,91.99543809890748,megabytes,588.0,588.0,91.0,88.98461538461538,0.258818048,0.258818048,0.81953125,0.7788361378205124,success,sgd,0.001,1000000,1e-06,0.002,0.9,0.0001116322271953,
1D-gaussian-1c-1024p,1024,1024,0.4913995893942438,1000000,0.0001842298915833,,seconds,92.5689697265625,92.4444265794009,megabytes,588.0,588.0,90.0,88.41871921182266,0.258879488,0.258879488,0.81875,0.7796990455665024,success,sgd,0.001,1000000,1e-06,0.002,0.9,0.0001842298915833,
1D-gaussian-1c-1024p,1024,1024,0.0005010605555304,1000000,0.0001086617792918,,seconds,92.19619250297546,92.20138023793696,megabytes,588.0,588.0,90.0,89.15113350125945,0.259756032,0.259756032,0.8359375,0.7801755352644834,success,sgd,0.001,1000000,1e-06,0.002,0.9,0.0001086617792918,
1D-gaussian-1c-1024p,1024,1024,0.0093415947871945,1000000,0.0001094271616141,,seconds,92.03938579559326,91.86067561246456,megabytes,588.0,588.0,93.0,88.96344647519582,0.259833856,0.259833856,0.82109375,0.7773029536553522,success,sgd,0.001,1000000,1e-06,0.002,0.9,0.0001094271616141,
1D-gaussian-1c-1024p,1024,1024,0.0696652122969068,1000000,0.0001221048302209,,seconds,92.0835165977478,92.1130032557994,megabytes,588.0,588.0,92.0,89.30927835051547,0.259792896,0.259792896,0.81484375,0.7779498228092786,success,sgd,0.001,1000000,1e-06,0.002,0.9,0.0001221048302209,
1D-gaussian-1c-1024p,1024,1024,0.0012222909720803,1000000,0.0001092970275112,,seconds,91.12958979606628,91.05704350396992,megabytes,588.0,588.0,91.0,90.28643216080404,0.25980928,0.25980928,0.828125,0.7788944723618091,success,sgd,0.001,1000000,1e-06,0.002,0.9,0.0001092970275112,
1D-gaussian-1c-1024p,1024,1024,0.0845529780046364,1000000,0.0001238239496455,,seconds,92.32659769058228,92.12800572253764,megabytes,588.0,588.0,91.0,89.40310077519379,0.259878912,0.259878912,0.834375,0.7771862887596906,success,sgd,0.001,1000000,1e-06,0.002,0.9,0.0001238239496455,
1D-gaussian-1c-1024p,1024,1024,0.4637527978818204,1000000,0.0001778155216713,,seconds,92.49182605743408,92.3678492307663,megabytes,588.0,588.0,91.0,89.2005076142132,0.25899008,0.25899008,0.8203125,0.7796002538071064,success,sgd,0.001,1000000,1e-06,0.002,0.9,0.0001778155216713,
1D-gaussian-1c-1024p,1024,1024,0.2706446758085247,1000000,0.0001473591137973,,seconds,92.00802326202393,91.91986923478544,megabytes,588.0,588.0,92.0,89.25647668393782,0.25894912,0.25894912,0.8359375,0.7784083549222793,success,sgd,0.001,1000000,1e-06,0.002,0.9,0.0001473591137973,
1D-gaussian-1c-1024p,1024,1024,0.0112594795436769,1000000,0.0001110304925749,,seconds,90.6894736289978,90.57228809408844,megabytes,588.0,588.0,91.0,90.12820512820512,0.259899392,0.259899392,0.82578125,0.7778966346153855,success,sgd,0.001,1000000,1e-06,0.002,0.9,0.0001110304925749,
1D-gaussian-1c-1024p,1024,1024,0.4805852321420172,1000000,0.000183799023425,,seconds,92.41147589683531,92.40822864882648,megabytes,588.0,588.0,91.0,89.175,0.259936256,0.259936256,0.84296875,0.779154296875,success,sgd,0.001,1000000,1e-06,0.002,0.9,0.000183799023425,
1D-gaussian-1c-1024p,1024,1024,0.802020167932493,1000000,0.0002278141857599,,seconds,91.3297634124756,91.32332140766084,megabytes,588.0,588.0,91.0,90.20052083333331,0.259960832,0.259960832,0.81875,0.77945556640625,success,sgd,0.001,1000000,1e-06,0.002,0.9,0.0002278141857599,
1D-gaussian-1c-2048p,2048,2048,0.5190264384118024,1000000,0.0004263562563528,,seconds,190.70489239692688,190.6849966496229,megabytes,684.0,684.0,95.0,94.926735218509,0.262475776,0.262475776,0.8265625,0.7790207262210794,success,sgd,0.001,1000000,1e-06,0.002,0.9,0.0004263562563528,
1D-gaussian-1c-2048p,2048,2048,0.065505426394513,1000000,0.0003452231101992,,seconds,190.87442898750305,190.8288594353944,megabytes,684.0,684.0,95.0,94.9466327827192,0.262598656,0.262598656,0.8203125,0.7783165898983477,success,sgd,0.001,1000000,1e-06,0.002,0.9,0.0003452231101992,
1D-gaussian-1c-2048p,2048,2048,1.22947513264764,1000000,0.0005555299570634,,seconds,190.4434187412262,190.3409102279693,megabytes,684.0,684.0,95.0,94.94823232323232,0.262598656,0.262598656,0.825,0.77914397885101,success,sgd,0.001,1000000,1e-06,0.002,0.9,0.0005555299570634,
1D-gaussian-1c-2048p,2048,2048,0.3001036667086405,1000000,0.0003850485884369,,seconds,190.54837942123413,190.3476443216205,megabytes,684.0,684.0,95.0,94.84005037783376,0.26261504,0.26261504,0.825,0.7777914436397997,success,sgd,0.001,1000000,1e-06,0.002,0.9,0.0003850485884369,
1D-gaussian-1c-2048p,2048,2048,0.0247829336842292,1000000,0.0003369552837966,,seconds,191.54225063323972,191.41939737275243,megabytes,684.0,684.0,95.0,94.87974683544304,0.257032192,0.257032192,0.82421875,0.7788469145569626,success,sgd,0.001,1000000,1e-06,0.002,0.9,0.0003369552837966,
1D-gaussian-1c-2048p,2048,2048,0.3665763482530964,1000000,0.0003940463586867,,seconds,191.1256878376007,191.09087571315467,megabytes,684.0,684.0,95.0,94.84458598726114,0.257040384,0.257040384,0.84296875,0.7800537420382169,success,sgd,0.001,1000000,1e-06,0.002,0.9,0.0003940463586867,
1D-gaussian-1c-2048p,2048,2048,0.0633143635628372,1000000,0.0003449415563693,,seconds,191.4521768093109,191.27740636095405,megabytes,684.0,684.0,95.0,94.84867591424968,0.257089536,0.257089536,0.834375,0.7780540668348045,success,sgd,0.001,1000000,1e-06,0.002,0.9,0.0003449415563693,
1D-gaussian-1c-2048p,2048,2048,0.0813472420391916,1000000,0.0003468962119696,,seconds,190.483820438385,190.46512034721675,megabytes,684.0,684.0,95.0,94.8849104859335,0.259178496,0.259178496,0.8265625,0.7794457320971868,success,sgd,0.001,1000000,1e-06,0.002,0.9,0.0003468962119696,
1D-gaussian-1c-2048p,2048,2048,0.0804259388357265,1000000,0.0003471106494047,,seconds,190.82672238349917,190.78443627245724,megabytes,684.0,684.0,95.0,94.91761723700888,0.258285568,0.258285568,0.81796875,0.7797528517110268,success,sgd,0.001,1000000,1e-06,0.002,0.9,0.0003471106494047,
1D-gaussian-1c-2048p,2048,2048,0.0720713949719945,1000000,0.0003461803422352,,seconds,190.69035005569455,190.4670119956136,megabytes,684.0,684.0,95.0,94.85820895522389,0.259280896,0.259280896,0.82265625,0.778600163246269,success,sgd,0.001,1000000,1e-06,0.002,0.9,0.0003461803422352,
1D-gaussian-1c-2048p,2048,2048,0.0494984642067589,1000000,0.0003387419411951,,seconds,190.7682707309723,190.7569789867848,megabytes,684.0,684.0,95.0,94.87234042553192,0.259289088,0.259289088,0.83046875,0.7783156680225287,success,sgd,0.001,1000000,1e-06,0.002,0.9,0.0003387419411951,
1D-gaussian-1c-2048p,2048,2048,0.0114388076194083,1000000,0.0003351974636,,seconds,191.00282788276672,191.00446183234453,megabytes,684.0,684.0,95.0,94.8375959079284,0.259284992,0.259284992,0.846875,0.7793887867647057,success,sgd,0.001,1000000,1e-06,0.002,0.9,0.0003351974636,
1D-gaussian-1c-2048p,2048,2048,0.1221234992027755,1000000,0.0003501919907903,,seconds,190.64080095291135,190.4821615274996,megabytes,684.0,684.0,95.0,94.91965389369592,0.259342336,0.259342336,0.8328125,0.7791863025339928,success,sgd,0.001,1000000,1e-06,0.002,0.9,0.0003501919907903,
1D-gaussian-1c-2048p,2048,2048,0.2290578497497697,1000000,0.000374972901021,,seconds,191.43294167518616,191.3644618801773,megabytes,684.0,684.0,95.0,94.8796992481203,0.260243456,0.260243456,0.82734375,0.7798960291353381,success,sgd,0.001,1000000,1e-06,0.002,0.9,0.000374972901021,
1D-gaussian-1c-2048p,2048,2048,0.0527105554545191,1000000,0.0003390378678585,,seconds,190.28481483459475,190.10993167571723,megabytes,684.0,684.0,95.0,94.90281329923272,0.259342336,0.259342336,0.8203125,0.7800021978900259,success,sgd,0.001,1000000,1e-06,0.002,0.9,0.0003390378678585,
1D-gaussian-1c-2048p,2048,2048,0.0115398290241545,1000000,0.0003308497742375,,seconds,191.34652423858645,191.2820544950664,megabytes,684.0,684.0,95.0,94.9188846641318,0.260255744,0.260255744,0.83828125,0.7798449382129263,success,sgd,0.001,1000000,1e-06,0.002,0.9,0.0003308497742375,
1D-gaussian-1c-2048p,2048,2048,0.16083498387701,1000000,0.0003630233048613,,seconds,190.68121361732483,190.55924546346068,megabytes,684.0,684.0,95.0,94.96640826873384,0.2603008,0.2603008,0.82890625,0.7791484980620164,success,sgd,0.001,1000000,1e-06,0.002,0.9,0.0003630233048613,
1D-gaussian-1c-2048p,2048,2048,0.2454507053626233,1000000,0.0003785447121862,,seconds,190.63953280448916,190.62969253584745,megabytes,684.0,684.0,95.0,94.86259541984732,0.260345856,0.260345856,0.84375,0.779158715012723,success,sgd,0.001,1000000,1e-06,0.002,0.9,0.0003785447121862,
1D-gaussian-1c-2048p,2048,2048,0.0175267778603251,1000000,0.0003358845235361,,seconds,191.32331132888797,191.2917250785977,megabytes,684.0,684.0,95.0,94.89236545682104,0.260395008,0.260395008,0.83671875,0.7791340738423033,success,sgd,0.001,1000000,1e-06,0.002,0.9,0.0003358845235361,
1D-gaussian-1c-2048p,2048,2048,0.4902116415657227,1000000,0.0004193184271549,,seconds,191.2239010334015,191.16831024177367,megabytes,684.0,684.0,95.0,94.88888888888889,0.25747456,0.25747456,0.8234375,0.7785951154806494,success,sgd,0.001,1000000,1e-06,0.002,0.9,0.0004193184271549,
1D-gaussian-1c-2048p,2048,2048,0.0004990602944021,1000000,0.0003297437222096,,seconds,191.40874862670896,191.3851799890399,megabytes,684.0,684.0,95.0,94.9438902743142,0.257384448,0.257384448,0.821875,0.7799310317955117,success,sgd,0.001,1000000,1e-06,0.002,0.9,0.0003297437222096,
1D-gaussian-1c-2048p,2048,2048,0.0093048875935746,1000000,0.0003305823733291,,seconds,191.44379782676697,191.2896151021123,megabytes,684.0,684.0,95.0,94.9276073619632,0.257429504,0.257429504,0.825,0.7787193251533739,success,sgd,0.001,1000000,1e-06,0.002,0.9,0.0003305823733291,
1D-gaussian-1c-2048p,2048,2048,0.069390786715216,1000000,0.0003454301845943,,seconds,191.1457977294922,191.1297097261995,megabytes,684.0,684.0,95.0,94.87531172069824,0.257441792,0.257441792,0.8421875,0.7797420511221946,success,sgd,0.001,1000000,1e-06,0.002,0.9,0.0003454301845943,
1D-gaussian-1c-2048p,2048,2048,0.0012178516986064,1000000,0.0003297507392647,,seconds,190.97488069534305,190.8718306198716,megabytes,684.0,684.0,95.0,94.8819188191882,0.257478656,0.257478656,0.81953125,0.7791503305658054,success,sgd,0.001,1000000,1e-06,0.002,0.9,0.0003297507392647,
1D-gaussian-1c-2048p,2048,2048,0.0842179551873978,1000000,0.0003457088969556,,seconds,190.38593244552607,190.2734264917672,megabytes,684.0,684.0,95.0,94.87817258883248,0.260460544,0.260460544,0.82265625,0.7796676713197972,success,sgd,0.001,1000000,1e-06,0.002,0.9,0.0003457088969556,
1D-gaussian-1c-2048p,2048,2048,0.462481625620035,1000000,0.0004171264519212,,seconds,190.52938580513,190.39278191700575,megabytes,684.0,684.0,95.0,94.93640897755613,0.260489216,0.260489216,0.821875,0.7793621415211966,success,sgd,0.001,1000000,1e-06,0.002,0.9,0.0004171264519212,
1D-gaussian-1c-2048p,2048,2048,0.2695007440768598,1000000,0.0003830615588528,,seconds,191.65984964370728,191.4555229563266,megabytes,684.0,684.0,95.0,94.90458015267176,0.260558848,0.260558848,0.8265625,0.7783695133587781,success,sgd,0.001,1000000,1e-06,0.002,0.9,0.0003830615588528,
1D-gaussian-1c-2048p,2048,2048,0.0112162711219762,1000000,0.0003312699000569,,seconds,190.77185225486755,190.65705624595284,megabytes,684.0,684.0,95.0,94.93026151930262,0.26052608,0.26052608,0.81796875,0.7779722524906598,success,sgd,0.001,1000000,1e-06,0.002,0.9,0.0003312699000569,
1D-gaussian-1c-2048p,2048,2048,0.4791567833265558,1000000,0.0004211946029039,,seconds,191.51997256278992,191.4437882527709,megabytes,684.0,684.0,95.0,94.91439205955336,0.260521984,0.260521984,0.8359375,0.7802516284119105,success,sgd,0.001,1000000,1e-06,0.002,0.9,0.0004211946029039,
1D-gaussian-1c-2048p,2048,2048,0.8002044773417838,1000000,0.0004785905147274,,seconds,190.66584014892575,190.48786038532853,megabytes,684.0,684.0,95.0,94.9191270860077,0.26054656,0.26054656,0.8203125,0.7785131177792055,success,sgd,0.001,1000000,1e-06,0.002,0.9,0.0004785905147274,
