dataset,mu_size,nu_size,cost,iterations,error,cost_rerr,time_unit,time,time_counter,gpu_mem_unit,peak_gpu_mem,combined_peak_gpu_ram,peak_gpu_util_pct,mean_gpu_util_pct,peak_ram_MiB,combined_peak_ram_MiB,max_cpu_util_pct,mean_cpu_util_pct,status,name,reg,maxiter,tol,learning_rate,momentum,residual_l2,exception
1D-exp-vs-gaussian-32p,,,0.0768067766161166,1000000,0.0002483438902467,,seconds,37.52780842781067,37.41958421841264,megabytes,88270.0,88270.0,85.0,83.23664122137404,0.249946112,0.249946112,0.8109375,0.7771946564885498,success,sgd,1.0,1000000,1e-06,0.002,0.9,0.0002483438902467,
1D-exp-vs-gaussian-32p,,,0.0769600891623239,1000000,0.0002476691939998,,seconds,37.48231267929077,37.4885473176837,megabytes,88270.0,88270.0,84.0,83.075,0.250023936,0.250023936,0.8203125,0.7791601562499999,success,sgd,1.0,1000000,1e-06,0.002,0.9,0.0002476691939998,
1D-exp-vs-gaussian-32p,,,0.637655757196091,1000000,0.0002401798190933,,seconds,37.86077976226807,37.78646985441446,megabytes,88270.0,88270.0,84.0,82.36134453781513,0.250044416,0.250044416,0.80703125,0.7767463235294122,success,sgd,1.0,1000000,1e-06,0.002,0.9,0.0002401798190933,
1D-exp-vs-gaussian-32p,,,0.2147668619473983,1000000,0.0002259424173394,,seconds,37.29162240028381,37.19817620888352,megabytes,88270.0,88270.0,84.0,83.42537313432835,0.250105856,0.250105856,0.81484375,0.7767199160447762,success,sgd,1.0,1000000,1e-06,0.002,0.9,0.0002259424173394,
1D-exp-vs-gaussian-32p,,,0.5261577278222063,1000000,0.0002378194077301,,seconds,37.81418251991272,37.67896234430373,megabytes,88270.0,88270.0,85.0,82.81896551724138,0.250052608,0.250052608,0.8140625,0.7764008620689657,success,sgd,1.0,1000000,1e-06,0.002,0.9,0.0002378194077301,
1D-exp-vs-gaussian-32p,,,0.3405053434610865,1000000,0.0002406872751673,,seconds,37.68557977676392,37.55169059149921,megabytes,88270.0,88270.0,85.0,83.25396825396825,0.250126336,0.250126336,0.8140625,0.7761966765873016,success,sgd,1.0,1000000,1e-06,0.002,0.9,0.0002406872751673,
1D-exp-vs-gaussian-32p,,,0.3780400051912325,1000000,0.0002299114632496,,seconds,37.71968483924866,37.53271495178342,megabytes,88270.0,88270.0,85.0,83.87704918032787,0.250159104,0.250159104,0.8140625,0.773456711065573,success,sgd,1.0,1000000,1e-06,0.002,0.9,0.0002299114632496,
1D-exp-vs-gaussian-32p,,,0.0435273180585379,1000000,0.0002319600691011,,seconds,37.69751310348511,37.60651348344982,megabytes,88270.0,88270.0,85.0,83.14406779661017,0.250109952,0.250109952,0.81484375,0.7760858050847456,success,sgd,1.0,1000000,1e-06,0.002,0.9,0.0002319600691011,
1D-exp-vs-gaussian-32p,,,0.9494719555055676,1000000,0.0002315206077662,,seconds,37.91300797462464,37.77285423502326,megabytes,88270.0,88270.0,84.0,82.80327868852459,0.250134528,0.250134528,0.834375,0.7727651127049182,success,sgd,1.0,1000000,1e-06,0.002,0.9,0.0002315206077662,
1D-exp-vs-gaussian-32p,,,0.0863296858300713,1000000,0.0002165096803456,,seconds,37.39756345748901,37.454844722524285,megabytes,88270.0,88270.0,84.0,83.39682539682539,0.250191872,0.250191872,0.8109375,0.7788628472222227,success,sgd,1.0,1000000,1e-06,0.002,0.9,0.0002165096803456,
1D-exp-vs-gaussian-32p,,,0.1085237635682907,1000000,0.0002429767539768,,seconds,37.81036853790283,37.703790452331305,megabytes,88270.0,88270.0,84.0,82.66956521739131,0.250253312,0.250253312,0.809375,0.7773913043478267,success,sgd,1.0,1000000,1e-06,0.002,0.9,0.0002429767539768,
1D-exp-vs-gaussian-32p,,,1.0099191314670966,1000000,0.0002435793247118,,seconds,37.524243116378784,37.376201301813126,megabytes,88270.0,88270.0,85.0,83.34920634920636,0.250216448,0.250216448,0.81015625,0.7733816964285718,success,sgd,1.0,1000000,1e-06,0.002,0.9,0.0002435793247118,
1D-exp-vs-gaussian-32p,,,0.4704727361965642,1000000,0.0002239189880432,,seconds,37.70025205612183,37.507694002240896,megabytes,88270.0,88270.0,84.0,83.390625,0.250331136,0.250331136,0.8171875,0.7749572753906246,success,sgd,1.0,1000000,1e-06,0.002,0.9,0.0002239189880432,
1D-exp-vs-gaussian-32p,,,0.0381381166369538,1000000,0.0002240395668349,,seconds,37.61623001098633,37.55060882866383,megabytes,88270.0,88270.0,84.0,82.82203389830508,0.250400768,0.250400768,0.8203125,0.776012976694915,success,sgd,1.0,1000000,1e-06,0.002,0.9,0.0002240395668349,
1D-exp-vs-gaussian-32p,,,1.0281786416626784,1000000,0.0002334973249659,,seconds,37.83511567115784,37.75351261533797,megabytes,88270.0,88270.0,84.0,82.36065573770492,0.250400768,0.250400768,0.815625,0.7773565573770493,success,sgd,1.0,1000000,1e-06,0.002,0.9,0.0002334973249659,
1D-exp-vs-gaussian-32p,,,0.3242421707517433,1000000,0.0002348866260288,,seconds,37.79349112510681,37.62641888670623,megabytes,88270.0,88270.0,84.0,82.73728813559322,0.250400768,0.250400768,0.81484375,0.7752846927966104,success,sgd,1.0,1000000,1e-06,0.002,0.9,0.0002348866260288,
1D-exp-vs-gaussian-32p,,,0.4459633785995353,1000000,0.0002375152376413,,seconds,37.41899609565735,37.47151194140315,megabytes,88270.0,88270.0,84.0,82.55645161290323,0.250417152,0.250417152,0.81640625,0.7779863911290322,success,sgd,1.0,1000000,1e-06,0.002,0.9,0.0002375152376413,
1D-exp-vs-gaussian-32p,,,0.1118021614136048,1000000,0.000213474833078,,seconds,37.54703497886658,37.37976626306772,megabytes,88270.0,88270.0,84.0,83.41221374045801,0.26017792,0.26017792,0.815625,0.7745288645038169,success,sgd,1.0,1000000,1e-06,0.002,0.9,0.000213474833078,
1D-exp-vs-gaussian-32p,,,0.9337333555303768,1000000,0.0002504323026449,,seconds,37.69648027420044,37.72755527496338,megabytes,88270.0,88270.0,84.0,82.77678571428571,0.260173824,0.260173824,0.8078125,0.7800641741071426,success,sgd,1.0,1000000,1e-06,0.002,0.9,0.0002504323026449,
1D-exp-vs-gaussian-32p,,,0.2281275687016825,1000000,0.0002511403989935,,seconds,37.536242723464966,37.50237479433417,megabytes,88270.0,88270.0,85.0,83.38095238095238,0.26021888,0.26021888,0.81640625,0.7793526785714288,success,sgd,1.0,1000000,1e-06,0.002,0.9,0.0002511403989935,
1D-exp-vs-gaussian-32p,,,0.0601514645563608,1000000,0.000250943194769,,seconds,37.609477043151855,37.45821212977171,megabytes,88270.0,88270.0,84.0,82.71538461538462,0.260222976,0.260222976,0.815625,0.7771394230769226,success,sgd,1.0,1000000,1e-06,0.002,0.9,0.000250943194769,
1D-exp-vs-gaussian-32p,,,0.9879862294237164,1000000,0.0002514306713004,,seconds,37.48461031913757,37.40243580378592,megabytes,88270.0,88270.0,84.0,83.3409090909091,0.260128768,0.260128768,0.815625,0.7762428977272727,success,sgd,1.0,1000000,1e-06,0.002,0.9,0.0002514306713004,
1D-exp-vs-gaussian-32p,,,0.2587556080527347,1000000,0.0002497906078046,,seconds,37.92774939537048,37.74213214032352,megabytes,88270.0,88270.0,84.0,82.11023622047244,0.260222976,0.260222976,0.81171875,0.7728715551181105,success,sgd,1.0,1000000,1e-06,0.002,0.9,0.0002497906078046,
1D-exp-vs-gaussian-32p,,,0.0462053272346542,1000000,0.0002439172784412,,seconds,37.30606913566589,37.23089789785445,megabytes,88270.0,88270.0,84.0,83.35,0.260169728,0.260169728,0.8203125,0.7761197916666667,success,sgd,1.0,1000000,1e-06,0.002,0.9,0.0002439172784412,
1D-exp-vs-gaussian-32p,,,0.0328720669954747,1000000,0.0002319587284276,,seconds,37.76663160324097,37.80548295378685,megabytes,88270.0,88270.0,84.0,82.2781954887218,0.260153344,0.260153344,0.81875,0.779834351503759,success,sgd,1.0,1000000,1e-06,0.002,0.9,0.0002319587284276,
1D-exp-vs-gaussian-32p,,,0.6521405055211421,1000000,0.0002516442843054,,seconds,37.535988092422485,37.46078869327903,megabytes,88270.0,88270.0,85.0,83.256,0.260182016,0.260182016,0.81796875,0.7762374999999997,success,sgd,1.0,1000000,1e-06,0.002,0.9,0.0002516442843054,
1D-exp-vs-gaussian-32p,,,0.1808217024873761,1000000,0.0002504631688002,,seconds,37.41350817680359,37.26371032930911,megabytes,88270.0,88270.0,84.0,83.22047244094489,0.260169728,0.260169728,0.81875,0.7764025590551176,success,sgd,1.0,1000000,1e-06,0.002,0.9,0.0002504631688002,
1D-exp-vs-gaussian-32p,,,0.1175092084356697,1000000,0.0002187870317475,,seconds,37.56034421920776,37.45981850847602,megabytes,88270.0,88270.0,84.0,83.12698412698413,0.260190208,0.260190208,0.81875,0.7758370535714285,success,sgd,1.0,1000000,1e-06,0.002,0.9,0.0002187870317475,
1D-exp-vs-gaussian-32p,,,0.0627522503209433,1000000,0.0002136272362896,,seconds,37.68014550209045,37.54574915021658,megabytes,88270.0,88270.0,84.0,82.70866141732283,0.260169728,0.260169728,0.81875,0.7751537893700787,success,sgd,1.0,1000000,1e-06,0.002,0.9,0.0002136272362896,
1D-exp-vs-gaussian-32p,,,0.883720527327107,1000000,0.0002460892774581,,seconds,37.5907244682312,37.479987777769566,megabytes,88270.0,88270.0,84.0,83.11023622047244,0.26021888,0.26021888,0.8140625,0.776273375984252,success,sgd,1.0,1000000,1e-06,0.002,0.9,0.0002460892774581,
1D-exp-vs-gaussian-32p,,,0.0224427456905144,1000000,0.0002507407593628,,seconds,37.64858865737915,37.51034908369184,megabytes,88270.0,88270.0,84.0,82.65116279069767,0.260169728,0.260169728,0.815625,0.7744912790697678,success,sgd,1.0,1000000,1e-06,0.002,0.9,0.0002507407593628,
1D-exp-vs-gaussian-64p,,,0.0690974502575337,1000000,0.0003454553461607,,seconds,46.30730056762695,46.11644284054637,megabytes,88270.0,88270.0,78.0,76.64,0.270921728,0.270921728,0.81171875,0.771239583333333,success,sgd,1.0,1000000,1e-06,0.002,0.9,0.0003454553461607,
1D-exp-vs-gaussian-64p,,,0.0777197380766446,1000000,0.0003463854092739,,seconds,45.54246759414673,45.49708282016218,megabytes,88270.0,88270.0,78.0,77.45859872611464,0.26109952,0.26109952,0.8140625,0.7785479697452227,success,sgd,1.0,1000000,1e-06,0.002,0.9,0.0003463854092739,
1D-exp-vs-gaussian-64p,,,0.5898847069335404,1000000,0.0003380961310586,,seconds,45.41896367073059,45.46210546605289,megabytes,88270.0,88270.0,79.0,77.52564102564102,0.261087232,0.261087232,0.81328125,0.7799729567307693,success,sgd,1.0,1000000,1e-06,0.002,0.9,0.0003380961310586,
1D-exp-vs-gaussian-64p,,,0.1912654575675538,1000000,0.0003193567465304,,seconds,45.80075359344482,45.803827146068215,megabytes,88270.0,88270.0,79.0,77.9261744966443,0.261103616,0.261103616,0.81015625,0.7805054530201339,success,sgd,1.0,1000000,1e-06,0.002,0.9,0.0003193567465304,
1D-exp-vs-gaussian-64p,,,0.4848377626483229,1000000,0.0003356294485615,,seconds,45.48138880729675,45.45886281691492,megabytes,88270.0,88270.0,79.0,78.01948051948052,0.261197824,0.261197824,0.81796875,0.7805955762987019,success,sgd,1.0,1000000,1e-06,0.002,0.9,0.0003356294485615,
1D-exp-vs-gaussian-64p,,,0.3730685220031197,1000000,0.0003418827210075,,seconds,45.51127028465271,45.35409090295434,megabytes,88270.0,88270.0,78.0,77.16981132075472,0.261210112,0.261210112,0.81328125,0.776252948113208,success,sgd,1.0,1000000,1e-06,0.002,0.9,0.0003418827210075,
1D-exp-vs-gaussian-64p,,,0.4120291645992811,1000000,0.0003284457833452,,seconds,45.62558102607727,45.55749721080065,megabytes,88270.0,88270.0,79.0,78.05263157894737,0.261255168,0.261255168,0.81875,0.7798057154605263,success,sgd,1.0,1000000,1e-06,0.002,0.9,0.0003284457833452,
1D-exp-vs-gaussian-64p,,,0.047389088102048,1000000,0.000327557636636,,seconds,45.9229633808136,45.766083888709545,megabytes,88270.0,88270.0,79.0,77.75838926174497,0.261234688,0.261234688,0.81875,0.7742659395973159,success,sgd,1.0,1000000,1e-06,0.002,0.9,0.000327557636636,
1D-exp-vs-gaussian-64p,,,0.896245407838488,1000000,0.0003274332683252,,seconds,45.53125309944153,45.48342306166887,megabytes,88270.0,88270.0,79.0,77.94805194805195,0.261218304,0.261218304,0.81796875,0.7779880275974022,success,sgd,1.0,1000000,1e-06,0.002,0.9,0.0003274332683252,
1D-exp-vs-gaussian-64p,,,0.0883460074289154,1000000,0.0003044977481414,,seconds,45.558571577072144,45.6652808599174,megabytes,88270.0,88270.0,78.0,77.06,0.261251072,0.261251072,0.8125,0.7773020833333331,success,sgd,1.0,1000000,1e-06,0.002,0.9,0.0003044977481414,
1D-exp-vs-gaussian-64p,,,0.1095312101845928,1000000,0.0003417783386973,,seconds,45.81385898590088,45.64106876961887,megabytes,88270.0,88270.0,79.0,77.39473684210526,0.261287936,0.261287936,0.81953125,0.7742033305921051,success,sgd,1.0,1000000,1e-06,0.002,0.9,0.0003417783386973,
1D-exp-vs-gaussian-64p,,,1.0079904270685682,1000000,0.0003441717992077,,seconds,45.78729176521301,45.63414981029928,megabytes,88270.0,88270.0,78.0,76.99358974358974,0.26120192,0.26120192,0.81484375,0.7749649439102563,success,sgd,1.0,1000000,1e-06,0.002,0.9,0.0003441717992077,
1D-exp-vs-gaussian-64p,,,0.5101091274315767,1000000,0.0003201404241842,,seconds,45.64398646354675,45.46810523979366,megabytes,88270.0,88270.0,79.0,77.35625,0.261214208,0.261214208,0.821875,0.7745751953124997,success,sgd,1.0,1000000,1e-06,0.002,0.9,0.0003201404241842,
1D-exp-vs-gaussian-64p,,,0.0380743070319003,1000000,0.0003188934641574,,seconds,45.57766771316528,45.48560129106045,megabytes,88270.0,88270.0,78.0,77.40123456790124,0.261185536,0.261185536,0.815625,0.7755304783950616,success,sgd,1.0,1000000,1e-06,0.002,0.9,0.0003188934641574,
1D-exp-vs-gaussian-64p,,,1.0259210750720764,1000000,0.0003317465434387,,seconds,45.75426316261292,45.6767047252506,megabytes,88270.0,88270.0,79.0,78.12258064516129,0.261214208,0.261214208,0.83359375,0.7787348790322584,success,sgd,1.0,1000000,1e-06,0.002,0.9,0.0003317465434387,
1D-exp-vs-gaussian-64p,,,0.3235752646918212,1000000,0.0003322007654511,,seconds,45.58446407318115,45.6238664444536,megabytes,88270.0,88270.0,78.0,77.13461538461539,0.261255168,0.261255168,0.81640625,0.779707532051282,success,sgd,1.0,1000000,1e-06,0.002,0.9,0.0003322007654511,
1D-exp-vs-gaussian-64p,,,0.4451469575563709,1000000,0.0003333677135752,,seconds,45.39454889297485,45.50068412721157,megabytes,88270.0,88270.0,78.0,77.31210191082802,0.261206016,0.261206016,0.85,0.7781797372611463,success,sgd,1.0,1000000,1e-06,0.002,0.9,0.0003333677135752,
1D-exp-vs-gaussian-64p,,,0.1317319085987339,1000000,0.0002986642312655,,seconds,45.52112412452698,45.5211664699018,megabytes,88270.0,88270.0,78.0,77.56410256410257,0.261287936,0.261287936,0.8125,0.7775991586538461,success,sgd,1.0,1000000,1e-06,0.002,0.9,0.0002986642312655,
1D-exp-vs-gaussian-64p,,,0.931212700535208,1000000,0.0003573526611638,,seconds,45.57003164291382,45.48272460512817,megabytes,88270.0,88270.0,78.0,77.36842105263158,0.26124288,0.26124288,0.83046875,0.7780581825657893,success,sgd,1.0,1000000,1e-06,0.002,0.9,0.0003573526611638,
1D-exp-vs-gaussian-64p,,,0.1973517944352246,1000000,0.0003569925379894,,seconds,45.62996983528137,45.4612793289125,megabytes,88270.0,88270.0,79.0,78.3641975308642,0.2613248,0.2613248,0.8140625,0.7738377700617282,success,sgd,1.0,1000000,1e-06,0.002,0.9,0.0003569925379894,
1D-exp-vs-gaussian-64p,,,0.0615021633324204,1000000,0.0003497561190396,,seconds,45.64816117286682,45.540212884545326,megabytes,88270.0,88270.0,79.0,77.78378378378379,0.261341184,0.261341184,0.82265625,0.7737436655405411,success,sgd,1.0,1000000,1e-06,0.002,0.9,0.0003497561190396,
1D-exp-vs-gaussian-64p,,,0.9855158514381166,1000000,0.0003578093471657,,seconds,45.773520708084106,45.74836608581245,megabytes,88270.0,88270.0,79.0,77.5,0.261353472,0.261353472,0.83125,0.7782864583333332,success,sgd,1.0,1000000,1e-06,0.002,0.9,0.0003578093471657,
1D-exp-vs-gaussian-64p,,,0.2335253663965749,1000000,0.0003501839972687,,seconds,45.57102370262146,45.51091772317886,megabytes,88270.0,88270.0,79.0,77.52941176470588,0.26136576,0.26136576,0.81640625,0.7773233251633983,success,sgd,1.0,1000000,1e-06,0.002,0.9,0.0003501839972687,
1D-exp-vs-gaussian-64p,,,0.0468755355999453,1000000,0.0003427013131657,,seconds,45.72137665748596,45.73466613702476,megabytes,88270.0,88270.0,78.0,76.83221476510067,0.261435392,0.261435392,0.8171875,0.7814911912751679,success,sgd,1.0,1000000,1e-06,0.002,0.9,0.0003427013131657,
1D-exp-vs-gaussian-64p,,,0.0345567921760849,1000000,0.0003262682668378,,seconds,45.62535238265991,45.45478882826865,megabytes,88270.0,88270.0,79.0,77.92903225806451,0.261443584,0.261443584,0.84375,0.7761895161290323,success,sgd,1.0,1000000,1e-06,0.002,0.9,0.0003262682668378,
1D-exp-vs-gaussian-64p,,,0.6513797126628528,1000000,0.0003561063652891,,seconds,45.50500345230103,45.56212040968239,megabytes,88270.0,88270.0,79.0,78.16666666666667,0.261476352,0.261476352,0.81953125,0.7812449919871796,success,sgd,1.0,1000000,1e-06,0.002,0.9,0.0003561063652891,
1D-exp-vs-gaussian-64p,,,0.2059557007713897,1000000,0.0003526238812372,,seconds,45.94935750961304,45.74700761400163,megabytes,88270.0,88270.0,79.0,77.58108108108108,0.26161152,0.26161152,0.81171875,0.7742081925675675,success,sgd,1.0,1000000,1e-06,0.002,0.9,0.0003526238812372,
1D-exp-vs-gaussian-64p,,,0.1325872889764437,1000000,0.0003122792882917,,seconds,45.90872979164124,45.84581771865487,megabytes,88270.0,88270.0,78.0,77.11764705882354,0.261533696,0.261533696,0.8203125,0.7782935049019604,success,sgd,1.0,1000000,1e-06,0.002,0.9,0.0003122792882917,
1D-exp-vs-gaussian-64p,,,0.0705726705204139,1000000,0.0003049441355826,,seconds,45.73553013801575,45.53367238864303,megabytes,88270.0,88270.0,79.0,77.9342105263158,0.261562368,0.261562368,0.815625,0.7760639391447368,success,sgd,1.0,1000000,1e-06,0.002,0.9,0.0003049441355826,
1D-exp-vs-gaussian-64p,,,0.8327460501819801,1000000,0.0003458178143226,,seconds,45.59728169441223,45.57529911585152,megabytes,88270.0,88270.0,78.0,77.10191082802548,0.261443584,0.261443584,0.81484375,0.7794088375796181,success,sgd,1.0,1000000,1e-06,0.002,0.9,0.0003458178143226,
1D-exp-vs-gaussian-64p,,,0.0157427263132183,1000000,0.0003533160974846,,seconds,45.62996363639832,45.554709531366825,megabytes,88270.0,88270.0,79.0,78.0,0.261369856,0.261369856,0.81328125,0.7758979301948055,success,sgd,1.0,1000000,1e-06,0.002,0.9,0.0003533160974846,
1D-exp-vs-gaussian-128p,,,0.0762736664526744,1000000,0.0004815067157824,,seconds,46.34082174301148,46.31823443993926,megabytes,88270.0,88270.0,88.0,85.65771812080537,0.272654336,0.272654336,0.81328125,0.7775692114093958,success,sgd,1.0,1000000,1e-06,0.002,0.9,0.0004815067157824,
1D-exp-vs-gaussian-128p,,,0.0798375858280144,1000000,0.0004844733968876,,seconds,47.53517556190491,47.37259869836271,megabytes,88270.0,88270.0,85.0,84.45398773006134,0.262688768,0.262688768,0.8359375,0.7767302530674846,success,sgd,1.0,1000000,1e-06,0.002,0.9,0.0004844733968876,
1D-exp-vs-gaussian-128p,,,0.5891552170090317,1000000,0.0004780186219798,,seconds,45.85961294174194,45.87479219026864,megabytes,88270.0,88270.0,88.0,86.42567567567568,0.262672384,0.262672384,0.82421875,0.7798933699324325,success,sgd,1.0,1000000,1e-06,0.002,0.9,0.0004780186219798,
1D-exp-vs-gaussian-128p,,,0.2071145733865391,1000000,0.0004436783115287,,seconds,46.798338651657104,46.78661383502185,megabytes,88270.0,88270.0,86.0,85.01290322580645,0.262643712,0.262643712,0.81640625,0.7801864919354842,success,sgd,1.0,1000000,1e-06,0.002,0.9,0.0004436783115287,
1D-exp-vs-gaussian-128p,,,0.5045063362895343,1000000,0.0004755957927851,,seconds,46.53759789466858,46.38063705898821,megabytes,88270.0,88270.0,87.0,85.94771241830065,0.262672384,0.262672384,0.8328125,0.7770731209150326,success,sgd,1.0,1000000,1e-06,0.002,0.9,0.0004755957927851,
1D-exp-vs-gaussian-128p,,,0.3733519031370324,1000000,0.0004822583861627,,seconds,47.207114458084106,47.053082754835486,megabytes,88270.0,88270.0,86.0,85.11920529801324,0.262705152,0.262705152,0.81953125,0.7747723509933776,success,sgd,1.0,1000000,1e-06,0.002,0.9,0.0004822583861627,
1D-exp-vs-gaussian-128p,,,0.4120275007095912,1000000,0.0004648465360759,,seconds,46.20002007484436,46.29687908664346,megabytes,88270.0,88270.0,87.0,85.97333333333333,0.262750208,0.262750208,0.81328125,0.7806614583333333,success,sgd,1.0,1000000,1e-06,0.002,0.9,0.0004648465360759,
1D-exp-vs-gaussian-128p,,,0.0495997171959155,1000000,0.0004590346313625,,seconds,46.998440980911255,47.03461723215878,megabytes,88270.0,88270.0,86.0,84.9874213836478,0.262811648,0.262811648,0.81171875,0.7803803066037734,success,sgd,1.0,1000000,1e-06,0.002,0.9,0.0004590346313625,
1D-exp-vs-gaussian-128p,,,0.8947521914765093,1000000,0.0004654182833752,,seconds,46.35077786445618,46.24216516315937,megabytes,88270.0,88270.0,87.0,86.0909090909091,0.262828032,0.262828032,0.8453125,0.777171266233766,success,sgd,1.0,1000000,1e-06,0.002,0.9,0.0004654182833752,
1D-exp-vs-gaussian-128p,,,0.0847813451267191,1000000,0.0004264234881606,,seconds,47.21132683753967,47.12989009730518,megabytes,88270.0,88270.0,86.0,85.01298701298701,0.262823936,0.262823936,0.8125,0.7779423701298701,success,sgd,1.0,1000000,1e-06,0.002,0.9,0.0004264234881606,
1D-exp-vs-gaussian-128p,,,0.1056033917552148,1000000,0.0004768444931478,,seconds,46.26960372924805,46.06549907848239,megabytes,88270.0,88270.0,87.0,86.4113924050633,0.263028736,0.263028736,0.821875,0.774307753164557,success,sgd,1.0,1000000,1e-06,0.002,0.9,0.0004768444931478,
1D-exp-vs-gaussian-128p,,,1.006577930327884,1000000,0.0004878169240346,,seconds,46.51908755302429,46.351500084623694,megabytes,88270.0,88270.0,87.0,85.47826086956522,0.26290176,0.26290176,0.81640625,0.7738499611801243,success,sgd,1.0,1000000,1e-06,0.002,0.9,0.0004878169240346,
1D-exp-vs-gaussian-128p,,,0.5097406400246719,1000000,0.0004562966836146,,seconds,46.23478889465332,46.28152049332857,megabytes,88270.0,88270.0,87.0,86.57055214723927,0.262897664,0.262897664,0.8203125,0.7805406441717794,success,sgd,1.0,1000000,1e-06,0.002,0.9,0.0004562966836146,
1D-exp-vs-gaussian-128p,,,0.040232902646527,1000000,0.0004476315512569,,seconds,46.76445937156677,46.70185984112322,megabytes,88270.0,88270.0,86.0,85.30065359477125,0.26300416,0.26300416,0.81796875,0.7787939133986927,success,sgd,1.0,1000000,1e-06,0.002,0.9,0.0004476315512569,
1D-exp-vs-gaussian-128p,,,1.0246386127236584,1000000,0.0004712304687991,,seconds,46.26603436470032,46.24605900980532,megabytes,88270.0,88270.0,87.0,85.75333333333333,0.262914048,0.262914048,0.825,0.7810468750000001,success,sgd,1.0,1000000,1e-06,0.002,0.9,0.0004712304687991,
1D-exp-vs-gaussian-128p,,,0.3244862354838903,1000000,0.0004683137635734,,seconds,46.95822930335999,47.047065779566765,megabytes,88270.0,88270.0,86.0,84.66225165562913,0.262873088,0.262873088,0.81328125,0.7793822433774832,success,sgd,1.0,1000000,1e-06,0.002,0.9,0.0004683137635734,
1D-exp-vs-gaussian-128p,,,0.446056258316494,1000000,0.0004682484507957,,seconds,46.70433974266052,46.541670029982924,megabytes,88270.0,88270.0,87.0,85.96052631578948,0.262926336,0.262926336,0.8171875,0.7743009868421051,success,sgd,1.0,1000000,1e-06,0.002,0.9,0.0004682484507957,
1D-exp-vs-gaussian-128p,,,0.1251944082824545,1000000,0.0004194781453982,,seconds,47.13644742965698,47.08444102667272,megabytes,88270.0,88270.0,86.0,84.8076923076923,0.262897664,0.262897664,0.81796875,0.7788711939102564,success,sgd,1.0,1000000,1e-06,0.002,0.9,0.0004194781453982,
1D-exp-vs-gaussian-128p,,,0.9032329535492968,1000000,0.0005035184731996,,seconds,46.3939859867096,46.29010200314224,megabytes,88270.0,88270.0,87.0,85.96753246753246,0.26292224,0.26292224,0.8171875,0.7767451298701302,success,sgd,1.0,1000000,1e-06,0.002,0.9,0.0005035184731996,
1D-exp-vs-gaussian-128p,,,0.2119150852717748,1000000,0.0005030890873006,,seconds,46.921210289001465,46.908882446587086,megabytes,88270.0,88270.0,86.0,84.77018633540372,0.262893568,0.262893568,0.81484375,0.781381017080745,success,sgd,1.0,1000000,1e-06,0.002,0.9,0.0005030890873006,
1D-exp-vs-gaussian-128p,,,0.0641619145706847,1000000,0.0004869669970438,,seconds,46.14835047721863,45.97314903140068,megabytes,88270.0,88270.0,87.0,86.59615384615384,0.262955008,0.262955008,0.8171875,0.7736528445512826,success,sgd,1.0,1000000,1e-06,0.002,0.9,0.0004869669970438,
1D-exp-vs-gaussian-128p,,,0.9844753289382808,1000000,0.0005057125499324,,seconds,46.55107617378235,46.5768279209733,megabytes,88270.0,88270.0,86.0,85.16875,0.262950912,0.262950912,0.81796875,0.7788525390624996,success,sgd,1.0,1000000,1e-06,0.002,0.9,0.0005057125499324,
1D-exp-vs-gaussian-128p,,,0.2350726668022512,1000000,0.0004913584363779,,seconds,46.36599946022034,46.174100736156106,megabytes,88270.0,88270.0,87.0,85.9620253164557,0.262995968,0.262995968,0.821875,0.7786095727848097,success,sgd,1.0,1000000,1e-06,0.002,0.9,0.0004913584363779,
1D-exp-vs-gaussian-128p,,,0.0488233375918902,1000000,0.0004806091013169,,seconds,47.29210376739502,47.13653521984816,megabytes,88270.0,88270.0,86.0,84.77401129943503,0.262979584,0.262979584,0.81171875,0.7771936793785315,success,sgd,1.0,1000000,1e-06,0.002,0.9,0.0004806091013169,
1D-exp-vs-gaussian-128p,,,0.037446138645157,1000000,0.000454898795434,,seconds,45.84970784187317,45.95733711495996,megabytes,88270.0,88270.0,87.0,86.78195488721805,0.262959104,0.262959104,0.81953125,0.7786125469924812,success,sgd,1.0,1000000,1e-06,0.002,0.9,0.000454898795434,
1D-exp-vs-gaussian-128p,,,0.6719950107653081,1000000,0.0005025384085596,,seconds,46.99793601036072,46.77851384691894,megabytes,88270.0,88270.0,86.0,85.37735849056604,0.263041024,0.263041024,0.81171875,0.7698776533018867,success,sgd,1.0,1000000,1e-06,0.002,0.9,0.0005025384085596,
1D-exp-vs-gaussian-128p,,,0.2071777220424112,1000000,0.0004945500675998,,seconds,45.954256772995,45.97682791389525,megabytes,88270.0,88270.0,87.0,86.60504201680672,0.262987776,0.262987776,0.8125,0.7816701680672269,success,sgd,1.0,1000000,1e-06,0.002,0.9,0.0004945500675998,
1D-exp-vs-gaussian-128p,,,0.1338844171375109,1000000,0.0004408225035395,,seconds,47.375431537628174,47.1710185110569,megabytes,88270.0,88270.0,86.0,84.63709677419355,0.263159808,0.263159808,0.81953125,0.7753276209677418,success,sgd,1.0,1000000,1e-06,0.002,0.9,0.0004408225035395,
1D-exp-vs-gaussian-128p,,,0.0684072025448406,1000000,0.0004287912126809,,seconds,46.48756313323975,46.36153607256711,megabytes,88270.0,88270.0,87.0,86.28125,0.263041024,0.263041024,0.83046875,0.7763916015625001,success,sgd,1.0,1000000,1e-06,0.002,0.9,0.0004287912126809,
1D-exp-vs-gaussian-128p,,,0.8560404080848957,1000000,0.000490787152468,,seconds,46.63552737236023,46.44079458899796,megabytes,88270.0,88270.0,87.0,85.83225806451613,0.263258112,0.263258112,0.81796875,0.7745614919354845,success,sgd,1.0,1000000,1e-06,0.002,0.9,0.000490787152468,
1D-exp-vs-gaussian-128p,,,0.0176116928101449,1000000,0.0004982858063066,,seconds,46.07246971130371,45.96734285913408,megabytes,88270.0,88270.0,87.0,86.45,0.263090176,0.263090176,0.8171875,0.7766552734374998,success,sgd,1.0,1000000,1e-06,0.002,0.9,0.0004982858063066,
1D-exp-vs-gaussian-256p,,,0.0790699024113592,1000000,0.0006638649928555,,seconds,54.4622163772583,54.35351846925914,megabytes,88270.0,88270.0,82.0,80.30967741935484,0.27426816,0.27426816,0.81171875,0.7748286290322579,success,sgd,1.0,1000000,1e-06,0.002,0.9,0.0006638649928555,
1D-exp-vs-gaussian-256p,,,0.0838475126222909,1000000,0.0006721504360187,,seconds,54.00370955467224,53.96231772378087,megabytes,88270.0,88270.0,82.0,81.36805555555556,0.263839744,0.263839744,0.81171875,0.7800672743055553,success,sgd,1.0,1000000,1e-06,0.002,0.9,0.0006721504360187,
1D-exp-vs-gaussian-256p,,,0.5885861139935491,1000000,0.0006732398637883,,seconds,53.969846963882446,53.81873104907572,megabytes,88270.0,88270.0,83.0,82.03428571428572,0.263839744,0.263839744,0.8140625,0.775424107142857,success,sgd,1.0,1000000,1e-06,0.002,0.9,0.0006732398637883,
1D-exp-vs-gaussian-256p,,,0.2050870309415328,1000000,0.0006155097815271,,seconds,53.94958734512329,53.892029367387295,megabytes,88270.0,88270.0,82.0,81.4225352112676,0.26380288,0.26380288,0.8375,0.7799240757042253,success,sgd,1.0,1000000,1e-06,0.002,0.9,0.0006155097815271,
1D-exp-vs-gaussian-256p,,,0.5050294252243914,1000000,0.0006694311523403,,seconds,53.81639099121094,53.675021136179566,megabytes,88270.0,88270.0,83.0,81.84172661870504,0.263868416,0.263868416,0.82734375,0.7772706834532374,success,sgd,1.0,1000000,1e-06,0.002,0.9,0.0006694311523403,
1D-exp-vs-gaussian-256p,,,0.3744264750841788,1000000,0.0006771332520949,,seconds,54.06858515739441,53.91195314750075,megabytes,88270.0,88270.0,82.0,80.89915966386555,0.263835648,0.263835648,0.81171875,0.775636817226891,success,sgd,1.0,1000000,1e-06,0.002,0.9,0.0006771332520949,
1D-exp-vs-gaussian-256p,,,0.4125385625544842,1000000,0.0006551043146343,,seconds,53.96580362319946,53.7882264405489,megabytes,88270.0,88270.0,82.0,81.62913907284768,0.263970816,0.263970816,0.8109375,0.7743946605960266,success,sgd,1.0,1000000,1e-06,0.002,0.9,0.0006551043146343,
1D-exp-vs-gaussian-256p,,,0.0537159264994003,1000000,0.0006378670329952,,seconds,54.238070249557495,54.041917487978935,megabytes,88270.0,88270.0,83.0,82.15827338129496,0.264163328,0.264163328,0.8109375,0.7755901528776977,success,sgd,1.0,1000000,1e-06,0.002,0.9,0.0006378670329952,
1D-exp-vs-gaussian-256p,,,0.9050274503044105,1000000,0.0006611833945004,,seconds,54.06599426269531,53.92714300006628,megabytes,88270.0,88270.0,82.0,81.144,0.263970816,0.263970816,0.82734375,0.7756750000000001,success,sgd,1.0,1000000,1e-06,0.002,0.9,0.0006611833945004,
1D-exp-vs-gaussian-256p,,,0.0927792969149008,1000000,0.0005888802564991,,seconds,53.66914176940918,53.82005218416453,megabytes,88270.0,88270.0,83.0,81.70796460176992,0.263938048,0.263938048,0.81640625,0.779224280973452,success,sgd,1.0,1000000,1e-06,0.002,0.9,0.0005888802564991,
1D-exp-vs-gaussian-256p,,,0.1130971947201745,1000000,0.0006609886635898,,seconds,54.027223110198975,53.92570981942117,megabytes,88270.0,88270.0,83.0,82.2551724137931,0.26390528,0.26390528,0.81015625,0.7770797413793106,success,sgd,1.0,1000000,1e-06,0.002,0.9,0.0006609886635898,
1D-exp-vs-gaussian-256p,,,1.004336190005925,1000000,0.0006897708193162,,seconds,53.42247414588928,53.71639324165881,megabytes,88270.0,88270.0,83.0,82.44067796610169,0.263888896,0.263888896,0.8109375,0.7789327330508473,success,sgd,1.0,1000000,1e-06,0.002,0.9,0.0006897708193162,
1D-exp-vs-gaussian-256p,,,0.4999498116839769,1000000,0.0006459369311946,,seconds,53.957666873931885,53.80321976728737,megabytes,88270.0,88270.0,83.0,82.23913043478261,0.263901184,0.263901184,0.81171875,0.7729449728260868,success,sgd,1.0,1000000,1e-06,0.002,0.9,0.0006459369311946,
1D-exp-vs-gaussian-256p,,,0.044227615502674,1000000,0.0006228921554717,,seconds,53.95253491401672,53.91195027716458,megabytes,88270.0,88270.0,82.0,81.34591194968553,0.26390528,0.26390528,0.809375,0.7764937106918239,success,sgd,1.0,1000000,1e-06,0.002,0.9,0.0006228921554717,
1D-exp-vs-gaussian-256p,,,1.0228308518568436,1000000,0.0006673895037559,,seconds,53.72767281532288,53.67749314568937,megabytes,88270.0,88270.0,82.0,81.39884393063583,0.26390528,0.26390528,0.81015625,0.7795881502890172,success,sgd,1.0,1000000,1e-06,0.002,0.9,0.0006673895037559,
1D-exp-vs-gaussian-256p,,,0.3266887052834707,1000000,0.0006561395314817,,seconds,53.90160059928894,53.8229008410126,megabytes,88270.0,88270.0,83.0,81.4234693877551,0.263954432,0.263954432,0.81640625,0.7756816007653058,success,sgd,1.0,1000000,1e-06,0.002,0.9,0.0006561395314817,
1D-exp-vs-gaussian-256p,,,0.4482682390543521,1000000,0.0006556735885065,,seconds,53.732768058776855,53.81096676364541,megabytes,88270.0,88270.0,83.0,81.77070063694268,0.263921664,0.263921664,0.83046875,0.7819665605095543,success,sgd,1.0,1000000,1e-06,0.002,0.9,0.0006556735885065,
1D-exp-vs-gaussian-256p,,,0.1341312696400018,1000000,0.0005797599759513,,seconds,53.89136099815369,53.99837332963944,megabytes,88270.0,88270.0,82.0,81.47297297297297,0.26400768,0.26400768,0.81875,0.777243454391892,success,sgd,1.0,1000000,1e-06,0.002,0.9,0.0005797599759513,
1D-exp-vs-gaussian-256p,,,0.9017387144834524,1000000,0.0007096647447996,,seconds,53.82063364982605,53.62613655626774,megabytes,88270.0,88270.0,82.0,81.54838709677419,0.26406912,0.26406912,0.8171875,0.776572580645161,success,sgd,1.0,1000000,1e-06,0.002,0.9,0.0007096647447996,
1D-exp-vs-gaussian-256p,,,0.2147996212321991,1000000,0.0007039141408761,,seconds,53.90585088729858,53.802517184987664,megabytes,88270.0,88270.0,83.0,82.21678321678321,0.264052736,0.264052736,0.8140625,0.776950393356644,success,sgd,1.0,1000000,1e-06,0.002,0.9,0.0007039141408761,
1D-exp-vs-gaussian-256p,,,0.0670052191290178,1000000,0.0006718206263334,,seconds,53.67894554138184,53.78459634818137,megabytes,88270.0,88270.0,82.0,81.41420118343196,0.264024064,0.264024064,0.815625,0.7792668269230774,success,sgd,1.0,1000000,1e-06,0.002,0.9,0.0006718206263334,
1D-exp-vs-gaussian-256p,,,0.99618509481566,1000000,0.0007125906479608,,seconds,53.80677366256714,53.907886538654566,megabytes,88270.0,88270.0,83.0,82.26086956521739,0.264065024,0.264065024,0.8328125,0.7783967391304348,success,sgd,1.0,1000000,1e-06,0.002,0.9,0.0007125906479608,
1D-exp-vs-gaussian-256p,,,0.2382781106759351,1000000,0.0006837019522617,,seconds,53.91532015800476,53.9197168443352,megabytes,88270.0,88270.0,83.0,82.12820512820512,0.26411008,0.26411008,0.8125,0.7804787660256406,success,sgd,1.0,1000000,1e-06,0.002,0.9,0.0006837019522617,
1D-exp-vs-gaussian-256p,,,0.0501764764677119,1000000,0.0006661518851516,,seconds,53.81808805465698,54.04861801862717,megabytes,88270.0,88270.0,83.0,81.37593984962406,0.264159232,0.264159232,0.834375,0.779605263157895,success,sgd,1.0,1000000,1e-06,0.002,0.9,0.0006661518851516,
1D-exp-vs-gaussian-256p,,,0.0426342618392016,1000000,0.0006280930742719,,seconds,53.6812903881073,53.65371082536876,megabytes,88270.0,88270.0,82.0,81.67910447761194,0.26413056,0.26413056,0.81015625,0.777227145522388,success,sgd,1.0,1000000,1e-06,0.002,0.9,0.0006280930742719,
1D-exp-vs-gaussian-256p,,,0.6619566027887789,1000000,0.0007044660086031,,seconds,53.91621375083923,53.838165959343314,megabytes,88270.0,88270.0,83.0,82.13669064748201,0.264163328,0.264163328,0.8140625,0.7779395233812952,success,sgd,1.0,1000000,1e-06,0.002,0.9,0.0007044660086031,
1D-exp-vs-gaussian-256p,,,0.2104438745678153,1000000,0.0006868447957988,,seconds,53.60006880760193,53.65273449756205,megabytes,88270.0,88270.0,83.0,82.00757575757575,0.264163328,0.264163328,0.81328125,0.7804805871212115,success,sgd,1.0,1000000,1e-06,0.002,0.9,0.0006868447957988,
1D-exp-vs-gaussian-256p,,,0.132699267567627,1000000,0.0006175335006708,,seconds,54.10505390167236,53.787299854680896,megabytes,88270.0,88270.0,82.0,81.41666666666667,0.264155136,0.264155136,0.83359375,0.7754448784722219,success,sgd,1.0,1000000,1e-06,0.002,0.9,0.0006175335006708,
1D-exp-vs-gaussian-256p,,,0.0714289215407159,1000000,0.0006009634988,,seconds,53.75744009017944,53.80785274133086,megabytes,88270.0,88270.0,83.0,82.21014492753623,0.264192,0.264192,0.83515625,0.7789402173913044,success,sgd,1.0,1000000,1e-06,0.002,0.9,0.0006009634988,
1D-exp-vs-gaussian-256p,,,0.854531542539754,1000000,0.0006926920643305,,seconds,53.86396360397339,53.83360803686082,megabytes,88270.0,88270.0,82.0,81.40495867768595,0.26425344,0.26425344,0.8109375,0.7772985537190086,success,sgd,1.0,1000000,1e-06,0.002,0.9,0.0006926920643305,
1D-exp-vs-gaussian-256p,,,0.0214582476391883,1000000,0.0006977146685429,,seconds,53.95145750045776,53.813617216423154,megabytes,88270.0,88270.0,82.0,81.42384105960265,0.264257536,0.264257536,0.81484375,0.7756415562913909,success,sgd,1.0,1000000,1e-06,0.002,0.9,0.0006977146685429,
1D-exp-vs-gaussian-512p,,,0.0877182081662991,1000000,0.0008300310316572,,seconds,70.04510140419006,70.07301699742675,megabytes,88272.0,88272.0,86.0,84.5,0.275615744,0.275615744,0.8109375,0.7737292921686746,success,sgd,1.0,1000000,1e-06,0.002,0.9,0.0008300310316572,
1D-exp-vs-gaussian-512p,,,0.0890219135968911,1000000,0.0008528167344218,,seconds,69.5078501701355,69.6669138148427,megabytes,88272.0,88272.0,85.0,84.97802197802197,0.265035776,0.265035776,0.8109375,0.7794041895604396,success,sgd,1.0,1000000,1e-06,0.002,0.9,0.0008528167344218,
1D-exp-vs-gaussian-512p,,,0.5938410796779657,1000000,0.0008858624600666,,seconds,69.27617383003235,69.38767409138381,megabytes,88272.0,88272.0,86.0,85.19354838709677,0.265035776,0.265035776,0.821875,0.7782888104838708,success,sgd,1.0,1000000,1e-06,0.002,0.9,0.0008858624600666,
1D-exp-vs-gaussian-512p,,,0.2155292516109586,1000000,0.0007815695513506,,seconds,69.87171745300293,69.72117199003696,megabytes,88272.0,88272.0,86.0,85.0,0.265682944,0.265682944,0.815625,0.77725158005618,success,sgd,1.0,1000000,1e-06,0.002,0.9,0.0007815695513506,
1D-exp-vs-gaussian-512p,,,0.5011386543229831,1000000,0.0008813616715065,,seconds,69.76244235038757,69.60233858600259,megabytes,88272.0,88272.0,86.0,84.89142857142858,0.265080832,0.265080832,0.83359375,0.7769687500000004,success,sgd,1.0,1000000,1e-06,0.002,0.9,0.0008813616715065,
1D-exp-vs-gaussian-512p,,,0.3722282330993691,1000000,0.0008860770407581,,seconds,69.67236661911011,69.71779252961278,megabytes,88272.0,88272.0,85.0,84.9951690821256,0.265170944,0.265170944,0.82109375,0.7796497584541058,success,sgd,1.0,1000000,1e-06,0.002,0.9,0.0008860770407581,
1D-exp-vs-gaussian-512p,,,0.4092655802901395,1000000,0.0008646720472737,,seconds,69.56711292266846,69.4517370108515,megabytes,88272.0,88272.0,86.0,85.02702702702703,0.2651136,0.2651136,0.8078125,0.7779096283783787,success,sgd,1.0,1000000,1e-06,0.002,0.9,0.0008646720472737,
1D-exp-vs-gaussian-512p,,,0.0605215734698282,1000000,0.000813735602401,,seconds,69.86663103103638,69.71788003854454,megabytes,88272.0,88272.0,85.0,84.97206703910615,0.26505216,0.26505216,0.81171875,0.7781948324022345,success,sgd,1.0,1000000,1e-06,0.002,0.9,0.000813735602401,
1D-exp-vs-gaussian-512p,,,0.9009974077794634,1000000,0.0008816964212405,,seconds,69.51343607902527,69.58663219772279,megabytes,88272.0,88272.0,86.0,84.84905660377359,0.265121792,0.265121792,0.8125,0.7788878242924532,success,sgd,1.0,1000000,1e-06,0.002,0.9,0.0008816964212405,
1D-exp-vs-gaussian-512p,,,0.0990070705834251,1000000,0.0007335923862154,,seconds,69.76079869270325,69.68836248293519,megabytes,88272.0,88272.0,85.0,85.0,0.26517504,0.26517504,0.83203125,0.7786913029100525,success,sgd,1.0,1000000,1e-06,0.002,0.9,0.0007335923862154,
1D-exp-vs-gaussian-512p,,,0.1198648282671346,1000000,0.0008362226758282,,seconds,69.48662495613098,69.58222964406013,megabytes,88272.0,88272.0,86.0,84.97422680412372,0.265158656,0.265158656,0.8203125,0.7775209407216491,success,sgd,1.0,1000000,1e-06,0.002,0.9,0.0008362226758282,
1D-exp-vs-gaussian-512p,,,0.9942247220137704,1000000,0.0009135249839104,,seconds,69.70659637451172,69.86195187456906,megabytes,88272.0,88272.0,85.0,84.98136645962732,0.265187328,0.265187328,0.81796875,0.7801776009316778,success,sgd,1.0,1000000,1e-06,0.002,0.9,0.0009135249839104,
1D-exp-vs-gaussian-512p,,,0.5024118697803722,1000000,0.0008597652531333,,seconds,69.61830854415894,69.55211247503757,megabytes,88272.0,88272.0,86.0,85.00520833333333,0.26513408,0.26513408,0.83125,0.7790893554687504,success,sgd,1.0,1000000,1e-06,0.002,0.9,0.0008597652531333,
1D-exp-vs-gaussian-512p,,,0.0510121662862033,1000000,0.000796880815381,,seconds,69.85661911964417,69.75543602369726,megabytes,88272.0,88272.0,85.0,85.0,0.26517504,0.26517504,0.81640625,0.7770271381578944,success,sgd,1.0,1000000,1e-06,0.002,0.9,0.000796880815381,
1D-exp-vs-gaussian-512p,,,1.0259393549230371,1000000,0.0008895379746836,,seconds,69.66679954528809,69.51340339332819,megabytes,88272.0,88272.0,86.0,84.92462311557789,0.265203712,0.265203712,0.83359375,0.777198492462312,success,sgd,1.0,1000000,1e-06,0.002,0.9,0.0008895379746836,
1D-exp-vs-gaussian-512p,,,0.3265449091692974,1000000,0.0008551981507129,,seconds,69.98532748222351,69.79009941592813,megabytes,88272.0,88272.0,85.0,84.96825396825396,0.265408512,0.265408512,0.81640625,0.776479828042328,success,sgd,1.0,1000000,1e-06,0.002,0.9,0.0008551981507129,
1D-exp-vs-gaussian-512p,,,0.4517290437432861,1000000,0.0008538879109082,,seconds,69.59772992134094,69.4919693544507,megabytes,88272.0,88272.0,86.0,85.10191082802548,0.26523648,0.26523648,0.81484375,0.7779209792993629,success,sgd,1.0,1000000,1e-06,0.002,0.9,0.0008538879109082,
1D-exp-vs-gaussian-512p,,,0.1413827474247058,1000000,0.0007244285096706,,seconds,69.71163749694824,69.76011953316629,megabytes,88272.0,88272.0,85.0,84.98,0.265248768,0.265248768,0.815625,0.7824960937500006,success,sgd,1.0,1000000,1e-06,0.002,0.9,0.0007244285096706,
1D-exp-vs-gaussian-512p,,,0.905859364282548,1000000,0.0009347222706798,,seconds,69.77468276023865,69.57096797600389,megabytes,88272.0,88272.0,86.0,84.93367346938776,0.265404416,0.265404416,0.81328125,0.77386399872449,success,sgd,1.0,1000000,1e-06,0.002,0.9,0.0009347222706798,
1D-exp-vs-gaussian-512p,,,0.2202987225066507,1000000,0.0009141428836355,,seconds,69.62954783439636,69.74366999790072,megabytes,88272.0,88272.0,85.0,84.97674418604652,0.26537984,0.26537984,0.81328125,0.7817151162790696,success,sgd,1.0,1000000,1e-06,0.002,0.9,0.0009141428836355,
1D-exp-vs-gaussian-512p,,,0.0744305597152055,1000000,0.0008412890875571,,seconds,69.6429431438446,69.52231314592063,megabytes,88272.0,88272.0,86.0,85.12041884816755,0.265371648,0.265371648,0.82578125,0.777020615183246,success,sgd,1.0,1000000,1e-06,0.002,0.9,0.0008412890875571,
1D-exp-vs-gaussian-512p,,,0.987464341820915,1000000,0.0009374791889147,,seconds,69.60874652862549,69.6210598051548,megabytes,88272.0,88272.0,85.0,84.97647058823529,0.265342976,0.265342976,0.8375,0.7799724264705883,success,sgd,1.0,1000000,1e-06,0.002,0.9,0.0009374791889147,
1D-exp-vs-gaussian-512p,,,0.2464062220761076,1000000,0.0008765143940476,,seconds,69.6877965927124,69.5409784168005,megabytes,88272.0,88272.0,86.0,84.99404761904762,0.265453568,0.265453568,0.83515625,0.7759300595238097,success,sgd,1.0,1000000,1e-06,0.002,0.9,0.0008765143940476,
1D-exp-vs-gaussian-512p,,,0.0568121324334931,1000000,0.0008480636504526,,seconds,69.78189253807068,69.65261914208531,megabytes,88272.0,88272.0,85.0,84.97894736842105,0.265445376,0.265445376,0.815625,0.7771833881578943,success,sgd,1.0,1000000,1e-06,0.002,0.9,0.0008480636504526,
1D-exp-vs-gaussian-512p,,,0.050638351792328,1000000,0.0007839922294291,,seconds,69.74647355079651,69.55069395527244,megabytes,88272.0,88272.0,86.0,84.62711864406779,0.26566656,0.26566656,0.8109375,0.7755164194915257,success,sgd,1.0,1000000,1e-06,0.002,0.9,0.0007839922294291,
1D-exp-vs-gaussian-512p,,,0.6624236582910603,1000000,0.000920023766804,,seconds,69.71097922325134,69.71236624009907,megabytes,88272.0,88272.0,85.0,84.96470588235294,0.265519104,0.265519104,0.8125,0.7806847426470587,success,sgd,1.0,1000000,1e-06,0.002,0.9,0.000920023766804,
1D-exp-vs-gaussian-512p,,,0.2160255198135393,1000000,0.0008767723319533,,seconds,69.56913185119629,69.46419467777014,megabytes,88272.0,88272.0,86.0,84.95544554455445,0.265572352,0.265572352,0.83203125,0.778136602722772,success,sgd,1.0,1000000,1e-06,0.002,0.9,0.0008767723319533,
1D-exp-vs-gaussian-512p,,,0.1373007580694367,1000000,0.0008099607352445,,seconds,69.63887906074524,69.6933519653976,megabytes,88272.0,88272.0,85.0,84.99397590361446,0.26560512,0.26560512,0.81171875,0.7800216490963853,success,sgd,1.0,1000000,1e-06,0.002,0.9,0.0008099607352445,
1D-exp-vs-gaussian-512p,,,0.0768061007455156,1000000,0.0007859197557383,,seconds,69.66691827774048,69.57164877466857,megabytes,88272.0,88272.0,86.0,84.75401069518716,0.17985536,0.17985536,0.821875,0.7779119318181822,success,sgd,1.0,1000000,1e-06,0.002,0.9,0.0007859197557383,
1D-exp-vs-gaussian-512p,,,0.8519939907494112,1000000,0.0009146632028179,,seconds,69.7487723827362,69.64181334152818,megabytes,88272.0,88272.0,85.0,84.96938775510205,0.179748864,0.179748864,0.81640625,0.7780731823979594,success,sgd,1.0,1000000,1e-06,0.002,0.9,0.0009146632028179,
1D-exp-vs-gaussian-512p,,,0.0284458693424408,1000000,0.0009116679364023,,seconds,69.79659724235535,69.59863709285855,megabytes,88272.0,88272.0,86.0,84.50259067357513,0.184168448,0.184168448,0.81953125,0.7750971502590676,success,sgd,1.0,1000000,1e-06,0.002,0.9,0.0009116679364023,
1D-exp-vs-gaussian-1024p,,,0.0721093218931519,1000000,0.0009122605137339,,seconds,91.28004693984984,91.26518764533104,megabytes,88272.0,88272.0,91.0,89.74733096085409,0.279498752,0.279498752,0.8078125,0.778797820284698,success,sgd,1.0,1000000,1e-06,0.002,0.9,0.0009122605137339,
1D-exp-vs-gaussian-1024p,,,0.07774976851234,1000000,0.0010562650231594,,seconds,92.11810326576231,92.05862740054728,megabytes,88272.0,88272.0,89.0,88.44761904761904,0.266067968,0.266067968,0.8171875,0.7798437500000001,success,sgd,1.0,1000000,1e-06,0.002,0.9,0.0010562650231594,
1D-exp-vs-gaussian-1024p,,,0.5796919339312405,1000000,0.000959456115128,,seconds,92.21776342391968,92.289038464427,megabytes,88272.0,88272.0,90.0,89.15,0.26605568,0.26605568,0.8140625,0.7806640625000001,success,sgd,1.0,1000000,1e-06,0.002,0.9,0.000959456115128,
1D-exp-vs-gaussian-1024p,,,0.2037223929000465,1000000,0.0009657739071151,,seconds,91.401389837265,91.2666856944561,megabytes,88272.0,88272.0,90.0,88.59745762711864,0.266010624,0.266010624,0.82421875,0.7774298199152546,success,sgd,1.0,1000000,1e-06,0.002,0.9,0.0009657739071151,
1D-exp-vs-gaussian-1024p,,,0.4958626618636383,1000000,0.0012074331107211,,seconds,93.17556858062744,93.04468258470295,megabytes,88272.0,88272.0,89.0,88.66923076923077,0.266022912,0.266022912,0.81796875,0.7792698317307689,success,sgd,1.0,1000000,1e-06,0.002,0.9,0.0012074331107211,
1D-exp-vs-gaussian-1024p,,,0.3626930485422064,1000000,0.0011892603818672,,seconds,91.93245768547058,91.95904127508402,megabytes,88272.0,88272.0,89.0,88.64864864864865,0.266129408,0.266129408,0.82734375,0.7800193050193052,success,sgd,1.0,1000000,1e-06,0.002,0.9,0.0011892603818672,
1D-exp-vs-gaussian-1024p,,,0.4019273939348514,1000000,0.0013028259905768,,seconds,93.24919652938844,93.12241253443062,megabytes,88272.0,88272.0,89.0,88.20717131474103,0.266186752,0.266186752,0.8140625,0.7785949950199202,success,sgd,1.0,1000000,1e-06,0.002,0.9,0.0013028259905768,
1D-exp-vs-gaussian-1024p,,,0.0484007802170182,1000000,0.0012396962325292,,seconds,91.9821298122406,91.83774832449852,megabytes,88272.0,88272.0,89.0,88.64782608695653,0.266166272,0.266166272,0.8109375,0.7770652173913042,success,sgd,1.0,1000000,1e-06,0.002,0.9,0.0012396962325292,
1D-exp-vs-gaussian-1024p,,,0.892452248524083,1000000,0.0011762711405232,,seconds,91.56916689872742,91.56714205816388,megabytes,88272.0,88272.0,91.0,90.7116104868914,0.266182656,0.266182656,0.8203125,0.7813933754681653,success,sgd,1.0,1000000,1e-06,0.002,0.9,0.0011762711405232,
1D-exp-vs-gaussian-1024p,,,0.0845460970599932,1000000,0.0011208534222852,,seconds,91.4898955821991,91.33067831024528,megabytes,88272.0,88272.0,90.0,89.16342412451363,0.266227712,0.266227712,0.8140625,0.7776781371595327,success,sgd,1.0,1000000,1e-06,0.002,0.9,0.0011208534222852,
1D-exp-vs-gaussian-1024p,,,0.1060678518235301,1000000,0.0010470867876509,,seconds,92.77975249290466,93.01471463404596,megabytes,88272.0,88272.0,89.0,88.67164179104478,0.266272768,0.266272768,0.81328125,0.7797535758706472,success,sgd,1.0,1000000,1e-06,0.002,0.9,0.0010470867876509,
1D-exp-vs-gaussian-1024p,,,0.9897416313187336,1000000,0.0010696278731667,,seconds,90.9665219783783,91.1509339082986,megabytes,88272.0,88272.0,89.0,88.70149253731343,0.26615808,0.26615808,0.8125,0.7795786691542286,success,sgd,1.0,1000000,1e-06,0.002,0.9,0.0010696278731667,
1D-exp-vs-gaussian-1024p,,,0.4875399537941428,1000000,0.0012477715870653,,seconds,92.94999098777772,93.03471177071332,megabytes,88272.0,88272.0,89.0,88.69565217391305,0.26626048,0.26626048,0.81875,0.7820176630434785,success,sgd,1.0,1000000,1e-06,0.002,0.9,0.0012477715870653,
1D-exp-vs-gaussian-1024p,,,0.0390828273844504,1000000,0.0012998140293202,,seconds,91.3343403339386,91.36393089964986,megabytes,88272.0,88272.0,90.0,88.95366795366796,0.266223616,0.266223616,0.809375,0.7802002895752895,success,sgd,1.0,1000000,1e-06,0.002,0.9,0.0012998140293202,
1D-exp-vs-gaussian-1024p,,,1.0251115502352397,1000000,0.001090505186275,,seconds,93.20064640045166,93.17543967068195,megabytes,88272.0,88272.0,89.0,88.36212624584718,0.266227712,0.266227712,0.81015625,0.7793578696013291,success,sgd,1.0,1000000,1e-06,0.002,0.9,0.001090505186275,
1D-exp-vs-gaussian-1024p,,,0.3169946986519483,1000000,0.0011818152872208,,seconds,91.2961118221283,91.34707120619714,megabytes,88272.0,88272.0,90.0,89.024,0.266248192,0.266248192,0.81171875,0.7793281249999998,success,sgd,1.0,1000000,1e-06,0.002,0.9,0.0011818152872208,
1D-exp-vs-gaussian-1024p,,,0.4408715584869352,1000000,0.0010896315338684,,seconds,91.15801525115968,91.16418360173702,megabytes,88272.0,88272.0,91.0,90.48947368421052,0.18040832,0.18040832,0.8140625,0.778174342105263,success,sgd,1.0,1000000,1e-06,0.002,0.9,0.0010896315338684,
1D-exp-vs-gaussian-1024p,,,0.1289574997835276,1000000,0.0011914160494339,,seconds,92.78865885734558,92.62012427859008,megabytes,88272.0,88272.0,88.0,87.67117117117117,0.266297344,0.266297344,0.8109375,0.7768932995495492,success,sgd,1.0,1000000,1e-06,0.002,0.9,0.0011914160494339,
1D-exp-vs-gaussian-1024p,,,0.8995292537104133,1000000,0.0009247678376187,,seconds,91.88278865814208,92.03110365383328,megabytes,88272.0,88272.0,91.0,90.21399176954732,0.266338304,0.266338304,0.80703125,0.7796039094650203,success,sgd,1.0,1000000,1e-06,0.002,0.9,0.0009247678376187,
1D-exp-vs-gaussian-1024p,,,0.2083475001955051,1000000,0.0008437359914472,,seconds,91.94158840179443,91.89864459633829,megabytes,88272.0,88272.0,89.0,88.55263157894737,0.266395648,0.266395648,0.81484375,0.7786125469924811,success,sgd,1.0,1000000,1e-06,0.002,0.9,0.0008437359914472,
1D-exp-vs-gaussian-1024p,,,0.0614323236535008,1000000,0.0009142746777425,,seconds,92.30037784576416,92.17620435357094,megabytes,88272.0,88272.0,90.0,89.1263940520446,0.266416128,0.266416128,0.8359375,0.7788365473977696,success,sgd,1.0,1000000,1e-06,0.002,0.9,0.0009142746777425,
1D-exp-vs-gaussian-1024p,,,0.9836747274149804,1000000,0.0009529904584322,,seconds,90.9787619113922,90.99629208259284,megabytes,88272.0,88272.0,89.0,88.68695652173913,0.266407936,0.266407936,0.815625,0.7803566576086958,success,sgd,1.0,1000000,1e-06,0.002,0.9,0.0009529904584322,
1D-exp-vs-gaussian-1024p,,,0.2350168325547602,1000000,0.0010380060727837,,seconds,92.96020364761353,93.09168195351958,megabytes,88272.0,88272.0,89.0,88.68807339449542,0.266457088,0.266457088,0.825,0.780794868119266,success,sgd,1.0,1000000,1e-06,0.002,0.9,0.0010380060727837,
1D-exp-vs-gaussian-1024p,,,0.0450505939190248,1000000,0.0010547376560277,,seconds,92.59897208213806,92.59033349528907,megabytes,88272.0,88272.0,88.0,87.6392694063927,0.266469376,0.266469376,0.809375,0.7811964897260276,success,sgd,1.0,1000000,1e-06,0.002,0.9,0.0010547376560277,
1D-exp-vs-gaussian-1024p,,,0.0345341748133226,1000000,0.0009990074255879,,seconds,92.12914538383484,92.17561227828264,megabytes,88272.0,88272.0,90.0,89.26027397260275,0.266555392,0.266555392,0.81484375,0.7806685216894976,success,sgd,1.0,1000000,1e-06,0.002,0.9,0.0009990074255879,
1D-exp-vs-gaussian-1024p,,,0.6555783813400855,1000000,0.0010299994386864,,seconds,91.75773453712463,91.78562517091632,megabytes,88272.0,88272.0,89.0,88.39114391143912,0.266493952,0.266493952,0.82265625,0.7809905442804425,success,sgd,1.0,1000000,1e-06,0.002,0.9,0.0010299994386864,
1D-exp-vs-gaussian-1024p,,,0.2041491569642081,1000000,0.0009096490813835,,seconds,91.2851173877716,91.1996475495398,megabytes,88272.0,88272.0,90.0,89.70353982300885,0.266571776,0.266571776,0.825,0.7767180586283187,success,sgd,1.0,1000000,1e-06,0.002,0.9,0.0009096490813835,
1D-exp-vs-gaussian-1024p,,,0.1270909795138527,1000000,0.0014806350888239,,seconds,91.37369799613953,91.3493613898754,megabytes,88272.0,88272.0,89.0,88.47302904564316,0.266514432,0.266514432,0.8125,0.7794605809128632,success,sgd,1.0,1000000,1e-06,0.002,0.9,0.0014806350888239,
1D-exp-vs-gaussian-1024p,,,0.0657046140457196,1000000,0.0015166628328869,,seconds,91.45688128471376,91.4812384378165,megabytes,88272.0,88272.0,91.0,90.6017316017316,0.266428416,0.266428416,0.809375,0.7789535984848484,success,sgd,1.0,1000000,1e-06,0.002,0.9,0.0015166628328869,
1D-exp-vs-gaussian-1024p,,,0.8456744978793074,1000000,0.0010563167658414,,seconds,91.25717568397522,91.32079186476768,megabytes,88272.0,88272.0,90.0,88.94488188976378,0.266469376,0.266469376,0.81171875,0.7789800688976375,success,sgd,1.0,1000000,1e-06,0.002,0.9,0.0010563167658414,
1D-exp-vs-gaussian-1024p,,,0.0189077665909074,1000000,0.0009204443075397,,seconds,91.34875798225404,91.33835881762208,megabytes,88272.0,88272.0,91.0,90.7991452991453,0.266432512,0.266432512,0.81640625,0.7788628472222225,success,sgd,1.0,1000000,1e-06,0.002,0.9,0.0009204443075397,
1D-exp-vs-gaussian-2048p,,,0.0631047276821206,1000000,0.0061202054280458,,seconds,187.48801636695865,187.5092709735036,megabytes,88272.0,88272.0,95.0,94.57395143487858,0.279003136,0.279003136,0.83984375,0.777873206401766,success,sgd,1.0,1000000,1e-06,0.002,0.9,0.0061202054280458,
1D-exp-vs-gaussian-2048p,,,0.0675681356748914,1000000,0.0065147838822935,,seconds,186.5539124011993,186.53587548434732,megabytes,88272.0,88272.0,95.0,94.8987854251012,0.267759616,0.267759616,0.821875,0.7808182565789473,success,sgd,1.0,1000000,1e-06,0.002,0.9,0.0065147838822935,
1D-exp-vs-gaussian-2048p,,,0.5271511738884925,1000000,0.0063136108794668,,seconds,186.34402084350583,186.63958921283484,megabytes,88272.0,88272.0,95.0,94.73560767590618,0.267657216,0.267657216,0.81875,0.7788162979744135,success,sgd,1.0,1000000,1e-06,0.002,0.9,0.0063136108794668,
1D-exp-vs-gaussian-2048p,,,0.197941802420453,1000000,0.0067764453973399,,seconds,187.01189541816711,186.9657967686653,megabytes,88272.0,88272.0,95.0,94.98556701030928,0.267718656,0.267718656,0.81484375,0.7805766752577327,success,sgd,1.0,1000000,1e-06,0.002,0.9,0.0067764453973399,
1D-exp-vs-gaussian-2048p,,,0.4068628836929451,1000000,0.0078125061621487,,seconds,186.6092290878296,186.70690037310123,megabytes,88272.0,88272.0,95.0,94.78936170212766,0.267616256,0.267616256,0.81640625,0.7788115026595743,success,sgd,1.0,1000000,1e-06,0.002,0.9,0.0078125061621487,
1D-exp-vs-gaussian-2048p,,,0.3131802501284523,1000000,0.0074969382619385,,seconds,187.06046152114868,186.8550290092826,megabytes,88272.0,88272.0,95.0,94.80281690140843,0.267907072,0.267907072,0.8265625,0.7776282696177065,success,sgd,1.0,1000000,1e-06,0.002,0.9,0.0074969382619385,
1D-exp-vs-gaussian-2048p,,,0.3099858217270979,1000000,0.0084446320875459,,seconds,186.36736679077148,186.5076617486775,megabytes,88272.0,88272.0,95.0,94.52685950413225,0.267689984,0.267689984,0.81640625,0.7793194731404953,success,sgd,1.0,1000000,1e-06,0.002,0.9,0.0084446320875459,
1D-exp-vs-gaussian-2048p,,,0.0336475462614383,1000000,0.008223732701258,,seconds,187.00166511535645,186.91832071729004,megabytes,88272.0,88272.0,95.0,94.9673076923077,0.267771904,0.267771904,0.8125,0.7782647235576925,success,sgd,1.0,1000000,1e-06,0.002,0.9,0.008223732701258,
1D-exp-vs-gaussian-2048p,,,0.7787162497361787,1000000,0.0083291971081322,,seconds,186.66465306282043,186.630772985518,megabytes,88272.0,88272.0,95.0,94.74501992031873,0.26773504,0.26773504,0.83125,0.7783880104581669,success,sgd,1.0,1000000,1e-06,0.002,0.9,0.0083291971081322,
1D-exp-vs-gaussian-2048p,,,0.0739538264208507,1000000,0.0086714536627893,,seconds,187.0716071128845,186.93066147714853,megabytes,88272.0,88272.0,95.0,94.98938053097343,0.267870208,0.267870208,0.81640625,0.7781374446902651,success,sgd,1.0,1000000,1e-06,0.002,0.9,0.0086714536627893,
1D-exp-vs-gaussian-2048p,,,0.0925992226123384,1000000,0.0069543018029734,,seconds,186.7185478210449,186.5655022598803,megabytes,88272.0,88272.0,95.0,94.74795081967213,0.26785792,0.26785792,0.834375,0.7789414702868863,success,sgd,1.0,1000000,1e-06,0.002,0.9,0.0069543018029734,
1D-exp-vs-gaussian-2048p,,,0.9242491076557594,1000000,0.0071668454878126,,seconds,186.9665126800537,186.8176874369383,megabytes,88272.0,88272.0,95.0,94.9240780911063,0.267894784,0.267894784,0.82734375,0.7782707429501091,success,sgd,1.0,1000000,1e-06,0.002,0.9,0.0071668454878126,
1D-exp-vs-gaussian-2048p,,,0.4252714473762693,1000000,0.0073203608455461,,seconds,186.6459758281708,186.74045389145613,megabytes,88272.0,88272.0,95.0,94.90128755364807,0.267923456,0.267923456,0.81328125,0.778912956008584,success,sgd,1.0,1000000,1e-06,0.002,0.9,0.0073203608455461,
1D-exp-vs-gaussian-2048p,,,0.018342277839149,1000000,0.0086547016201597,,seconds,186.7683434486389,186.66892474517223,megabytes,88272.0,88272.0,95.0,94.93493975903614,0.268009472,0.268009472,0.81796875,0.7780760542168672,success,sgd,1.0,1000000,1e-06,0.002,0.9,0.0086547016201597,
1D-exp-vs-gaussian-2048p,,,0.923429028054561,1000000,0.0076086880527272,,seconds,186.47108387947085,186.3650285899639,megabytes,88272.0,88272.0,95.0,94.78395061728396,0.267902976,0.267902976,0.8125,0.7782021604938264,success,sgd,1.0,1000000,1e-06,0.002,0.9,0.0076086880527272,
1D-exp-vs-gaussian-2048p,,,0.248906666041984,1000000,0.0077226415397186,,seconds,186.99743795394895,186.8112311810255,megabytes,88272.0,88272.0,95.0,94.92027334851936,0.267976704,0.267976704,0.8140625,0.777194262528474,success,sgd,1.0,1000000,1e-06,0.002,0.9,0.0077226415397186,
1D-exp-vs-gaussian-2048p,,,0.378783626532637,1000000,0.0071677645848314,,seconds,186.2424209117889,186.3965776320547,megabytes,88272.0,88272.0,95.0,94.5813953488372,0.26789888,0.26789888,0.82109375,0.7794182743128963,success,sgd,1.0,1000000,1e-06,0.002,0.9,0.0071677645848314,
1D-exp-vs-gaussian-2048p,,,0.1211702552477482,1000000,0.0086814342566161,,seconds,186.69957756996155,186.60006785020232,megabytes,88272.0,88272.0,95.0,94.9407894736842,0.267915264,0.267915264,0.81484375,0.779118695175439,success,sgd,1.0,1000000,1e-06,0.002,0.9,0.0086814342566161,
1D-exp-vs-gaussian-2048p,,,0.8532366847715409,1000000,0.00595828772671,,seconds,186.50396156311035,186.3741443771869,megabytes,88272.0,88272.0,95.0,94.68172043010752,0.267866112,0.267866112,0.815625,0.7782409274193549,success,sgd,1.0,1000000,1e-06,0.002,0.9,0.00595828772671,
1D-exp-vs-gaussian-2048p,,,0.1891669827901068,1000000,0.0046973672319261,,seconds,186.59303212165835,186.64184951223436,megabytes,88272.0,88272.0,95.0,94.97470817120625,0.267911168,0.267911168,0.83671875,0.7796373419260689,success,sgd,1.0,1000000,1e-06,0.002,0.9,0.0046973672319261,
1D-exp-vs-gaussian-2048p,,,0.0527062886917028,1000000,0.005890303763669,,seconds,186.4393789768219,186.453488888219,megabytes,88272.0,88272.0,95.0,94.6080808080808,0.267915264,0.267915264,0.81796875,0.7789599116161615,success,sgd,1.0,1000000,1e-06,0.002,0.9,0.005890303763669,
1D-exp-vs-gaussian-2048p,,,0.9417772608360264,1000000,0.0061256435055178,,seconds,186.85386443138125,186.90107927657664,megabytes,88272.0,88272.0,95.0,94.95973154362416,0.267943936,0.267943936,0.840625,0.7795843819910514,success,sgd,1.0,1000000,1e-06,0.002,0.9,0.0061256435055178,
1D-exp-vs-gaussian-2048p,,,0.2149730394998185,1000000,0.006563466447847,,seconds,186.40827703475952,186.4859322179109,megabytes,88272.0,88272.0,95.0,94.61522633744856,0.267968512,0.267968512,0.8171875,0.7790252057613168,success,sgd,1.0,1000000,1e-06,0.002,0.9,0.006563466447847,
1D-exp-vs-gaussian-2048p,,,0.0270298739512018,1000000,0.0066295588148417,,seconds,187.1186847686768,186.9270865172148,megabytes,88272.0,88272.0,95.0,94.98097251585624,0.268054528,0.268054528,0.81640625,0.7767507928118386,success,sgd,1.0,1000000,1e-06,0.002,0.9,0.0066295588148417,
1D-exp-vs-gaussian-2048p,,,0.0238778190394702,1000000,0.0074409232362234,,seconds,186.5941696166992,186.7116266898811,megabytes,88272.0,88272.0,95.0,94.90315315315316,0.267972608,0.267972608,0.81484375,0.7796048001126125,success,sgd,1.0,1000000,1e-06,0.002,0.9,0.0074409232362234,
1D-exp-vs-gaussian-2048p,,,0.6236271842292533,1000000,0.0063914078621882,,seconds,186.9223816394806,186.83823589794335,megabytes,88272.0,88272.0,95.0,94.96998123827392,0.267984896,0.267984896,0.81484375,0.7776163813320829,success,sgd,1.0,1000000,1e-06,0.002,0.9,0.0063914078621882,
1D-exp-vs-gaussian-2048p,,,0.1781393721445894,1000000,0.0053356164779808,,seconds,186.92183756828308,186.7311724498868,megabytes,88272.0,88272.0,95.0,94.7972166998012,0.268034048,0.268034048,0.8171875,0.7783284666998014,success,sgd,1.0,1000000,1e-06,0.002,0.9,0.0053356164779808,
1D-exp-vs-gaussian-2048p,,,0.0639597437209012,1000000,0.0099372025641714,,seconds,186.7876718044281,186.54999012313783,megabytes,88272.0,88272.0,95.0,94.93260473588344,0.2680832,0.2680832,0.8359375,0.778009733606557,success,sgd,1.0,1000000,1e-06,0.002,0.9,0.0099372025641714,
1D-exp-vs-gaussian-2048p,,,0.0180615558839663,1000000,0.0100654461937607,,seconds,185.90015769004825,186.03535777516663,megabytes,88272.0,88272.0,95.0,94.85395537525356,0.268034048,0.268034048,0.83984375,0.7792992520283976,success,sgd,1.0,1000000,1e-06,0.002,0.9,0.0100654461937607,
1D-exp-vs-gaussian-2048p,,,0.7884933310014728,1000000,0.0068905565655947,,seconds,186.4278967380524,186.46084038354456,megabytes,88272.0,88272.0,95.0,94.98942917547568,0.268091392,0.268091392,0.815625,0.7795603197674412,success,sgd,1.0,1000000,1e-06,0.002,0.9,0.0068905565655947,
1D-exp-vs-gaussian-2048p,,,0.0091769619234779,1000000,0.00522904808832,,seconds,186.2343258857727,186.21545653045175,megabytes,88272.0,88272.0,95.0,94.866,0.394551296,0.394551296,0.83515625,0.7796921875000005,success,sgd,1.0,1000000,1e-06,0.002,0.9,0.00522904808832,
1D-exp-vs-gaussian-32p,,,0.0739545653203046,1000000,1.941700689248254e-05,,seconds,36.54078388214111,36.43572741746903,megabytes,88270.0,88270.0,86.0,85.20869565217392,0.253292544,0.253292544,0.81328125,0.7731793478260867,success,sgd,0.1,1000000,1e-06,0.002,0.9,1.941700689248254e-05,
1D-exp-vs-gaussian-32p,,,0.0744593859350271,1000000,2.0148142020673773e-05,,seconds,36.685866355896,36.50058761052787,megabytes,88270.0,88270.0,86.0,84.71794871794872,0.253353984,0.253353984,0.81328125,0.775948183760684,success,sgd,0.1,1000000,1e-06,0.002,0.9,2.0148142020673773e-05,
1D-exp-vs-gaussian-32p,,,0.6365866385297801,1000000,2.302160487817259e-05,,seconds,36.522236824035645,36.40105497278273,megabytes,88270.0,88270.0,86.0,84.77477477477477,0.253341696,0.253341696,0.80625,0.7758094031531527,success,sgd,0.1,1000000,1e-06,0.002,0.9,2.302160487817259e-05,
1D-exp-vs-gaussian-32p,,,0.2118724323520469,1000000,1.7232040381569315e-05,,seconds,37.092127084732056,36.94655960425735,megabytes,88270.0,88270.0,86.0,84.02631578947368,0.253341696,0.253341696,0.80859375,0.777014802631579,success,sgd,0.1,1000000,1e-06,0.002,0.9,1.7232040381569315e-05,
1D-exp-vs-gaussian-32p,,,0.5231128014482554,1000000,2.153304320058553e-05,,seconds,36.58536911010742,36.39031691476703,megabytes,88270.0,88270.0,86.0,84.30841121495327,0.253423616,0.253423616,0.81328125,0.7712032710280372,success,sgd,0.1,1000000,1e-06,0.002,0.9,2.153304320058553e-05,
1D-exp-vs-gaussian-32p,,,0.3382453607011466,1000000,2.136424071323433e-05,,seconds,36.749380111694336,36.58010127581656,megabytes,88270.0,88270.0,86.0,84.98245614035088,0.253353984,0.253353984,0.80625,0.7743763706140353,success,sgd,0.1,1000000,1e-06,0.002,0.9,2.136424071323433e-05,
1D-exp-vs-gaussian-32p,,,0.3738061172787792,1000000,2.0874663916656705e-05,,seconds,36.80221104621887,36.61013023741543,megabytes,88270.0,88270.0,86.0,84.38888888888889,0.253415424,0.253415424,0.8078125,0.7727936921296299,success,sgd,0.1,1000000,1e-06,0.002,0.9,2.0874663916656705e-05,
1D-exp-vs-gaussian-32p,,,0.0384785620697684,1000000,1.853578452377609e-05,,seconds,36.31609416007996,36.23114822804928,megabytes,88270.0,88270.0,86.0,84.97457627118644,0.253382656,0.253382656,0.8078125,0.7776946504237291,success,sgd,0.1,1000000,1e-06,0.002,0.9,1.853578452377609e-05,
1D-exp-vs-gaussian-32p,,,0.9444229230336748,1000000,2.926318159103972e-05,,seconds,36.58186197280884,36.50563156977296,megabytes,88270.0,88270.0,86.0,84.65454545454546,0.253435904,0.253435904,0.80859375,0.7782599431818179,success,sgd,0.1,1000000,1e-06,0.002,0.9,2.926318159103972e-05,
1D-exp-vs-gaussian-32p,,,0.0759287990919549,1000000,1.592109388952285e-05,,seconds,36.62119221687317,36.510317865759134,megabytes,88270.0,88270.0,86.0,84.40869565217392,0.253456384,0.253456384,0.80234375,0.7748369565217387,success,sgd,0.1,1000000,1e-06,0.002,0.9,1.592109388952285e-05,
1D-exp-vs-gaussian-32p,,,0.1051694487938078,1000000,1.958579628008694e-05,,seconds,36.59787607192993,36.5221000071615,megabytes,88270.0,88270.0,86.0,84.22935779816514,0.253476864,0.253476864,0.83125,0.7793004587155962,success,sgd,0.1,1000000,1e-06,0.002,0.9,1.958579628008694e-05,
1D-exp-vs-gaussian-32p,,,1.0074657697379463,1000000,2.751159508084661e-05,,seconds,36.59283709526062,36.58615551143885,megabytes,88270.0,88270.0,86.0,83.81818181818181,0.253497344,0.253497344,0.8140625,0.7796235795454549,success,sgd,0.1,1000000,1e-06,0.002,0.9,2.751159508084661e-05,
1D-exp-vs-gaussian-32p,,,0.4687596111693024,1000000,4.118995573512969e-05,,seconds,36.58910489082336,36.39232176169753,megabytes,88270.0,88270.0,86.0,84.432,0.253595648,0.253595648,0.8078125,0.7735062500000001,success,sgd,0.1,1000000,1e-06,0.002,0.9,4.118995573512969e-05,
1D-exp-vs-gaussian-32p,,,0.0323900462652125,1000000,1.8032266250530757e-05,,seconds,36.174519300460815,36.12847991660237,megabytes,88270.0,88270.0,86.0,85.34579439252336,0.253566976,0.253566976,0.803125,0.7776212032710279,success,sgd,0.1,1000000,1e-06,0.002,0.9,1.8032266250530757e-05,
1D-exp-vs-gaussian-32p,,,1.0239834709490832,1000000,2.3019455570671947e-05,,seconds,36.79284477233887,36.60577902197838,megabytes,88270.0,88270.0,86.0,83.89380530973452,0.253702144,0.253702144,0.8078125,0.77298810840708,success,sgd,0.1,1000000,1e-06,0.002,0.9,2.3019455570671947e-05,
1D-exp-vs-gaussian-32p,,,0.3203491050923628,1000000,2.003446723101893e-05,,seconds,36.44079566001892,36.29163783416152,megabytes,88270.0,88270.0,86.0,84.85470085470085,0.2536448,0.2536448,0.82734375,0.7725560897435895,success,sgd,0.1,1000000,1e-06,0.002,0.9,2.003446723101893e-05,
1D-exp-vs-gaussian-32p,,,0.4422456327950076,1000000,2.003495693706494e-05,,seconds,36.82368445396423,36.57866146229208,megabytes,88270.0,88270.0,86.0,83.78703703703704,0.253894656,0.253894656,0.809375,0.7734085648148148,success,sgd,0.1,1000000,1e-06,0.002,0.9,2.003495693706494e-05,
1D-exp-vs-gaussian-32p,,,0.1022448586931926,1000000,1.614317351523647e-05,,seconds,36.91515111923218,36.72377802245319,megabytes,88270.0,88270.0,86.0,84.35779816513761,0.260608,0.260608,0.81015625,0.7728712729357794,success,sgd,0.1,1000000,1e-06,0.002,0.9,1.614317351523647e-05,
1D-exp-vs-gaussian-32p,,,0.9331509987202408,1000000,2.3139902266256225e-05,,seconds,36.10581421852112,36.02983939833939,megabytes,88270.0,88270.0,86.0,85.76859504132231,0.260476928,0.260476928,0.809375,0.7760266012396692,success,sgd,0.1,1000000,1e-06,0.002,0.9,2.3139902266256225e-05,
1D-exp-vs-gaussian-32p,,,0.2272475375064289,1000000,2.2666372115611632e-05,,seconds,36.47966361045837,36.46805934607983,megabytes,88270.0,88270.0,86.0,84.92035398230088,0.2605056,0.2605056,0.80546875,0.7826949668141593,success,sgd,0.1,1000000,1e-06,0.002,0.9,2.2666372115611632e-05,
1D-exp-vs-gaussian-32p,,,0.0576316761030875,1000000,1.974862522188459e-05,,seconds,36.78498649597168,36.58946658112109,megabytes,88270.0,88270.0,86.0,84.82456140350877,0.260694016,0.260694016,0.81015625,0.7727179276315791,success,sgd,0.1,1000000,1e-06,0.002,0.9,1.974862522188459e-05,
1D-exp-vs-gaussian-32p,,,0.9871089311989814,1000000,2.3419826668378998e-05,,seconds,37.02645397186279,36.85896142013371,megabytes,88270.0,88270.0,86.0,83.85950413223141,0.260497408,0.260497408,0.80703125,0.772520661157025,success,sgd,0.1,1000000,1e-06,0.002,0.9,2.3419826668378998e-05,
1D-exp-vs-gaussian-32p,,,0.2567101048378001,1000000,2.0903379145747333e-05,,seconds,36.67141819000244,36.50571231357753,megabytes,88270.0,88270.0,86.0,84.10344827586206,0.260476928,0.260476928,0.82734375,0.773956088362069,success,sgd,0.1,1000000,1e-06,0.002,0.9,2.0903379145747333e-05,
1D-exp-vs-gaussian-32p,,,0.0442733944299483,1000000,2.0224350544841816e-05,,seconds,36.70523881912232,36.6551146376878,megabytes,88270.0,88270.0,86.0,84.66935483870968,0.26046464,0.26046464,0.8109375,0.778263608870968,success,sgd,0.1,1000000,1e-06,0.002,0.9,2.0224350544841816e-05,
1D-exp-vs-gaussian-32p,,,0.0274950918565991,1000000,1.774715327070033e-05,,seconds,36.61290001869202,36.50958811677992,megabytes,88270.0,88270.0,86.0,85.08411214953271,0.260472832,0.260472832,0.809375,0.7783513434579438,success,sgd,0.1,1000000,1e-06,0.002,0.9,1.774715327070033e-05,
1D-exp-vs-gaussian-32p,,,0.6508249369504161,1000000,2.238199268631445e-05,,seconds,36.58479809761048,36.381792610511184,megabytes,88270.0,88270.0,86.0,84.35042735042735,0.260653056,0.260653056,0.81328125,0.7747996794871794,success,sgd,0.1,1000000,1e-06,0.002,0.9,2.238199268631445e-05,
1D-exp-vs-gaussian-32p,,,0.1794728239055602,1000000,2.103035192720587e-05,,seconds,36.71834111213684,36.727267652750015,megabytes,88270.0,88270.0,86.0,84.14035087719299,0.260517888,0.260517888,0.81328125,0.7800849780701753,success,sgd,0.1,1000000,1e-06,0.002,0.9,2.103035192720587e-05,
1D-exp-vs-gaussian-32p,,,0.1081270967227462,1000000,1.9035995713168208e-05,,seconds,36.725499868392944,36.58858389779925,megabytes,88270.0,88270.0,86.0,84.62608695652175,0.260513792,0.260513792,0.81015625,0.7735597826086957,success,sgd,0.1,1000000,1e-06,0.002,0.9,1.9035995713168208e-05,
1D-exp-vs-gaussian-32p,,,0.0524709426008773,1000000,1.81765665754155e-05,,seconds,36.414984703063965,36.24026545137167,megabytes,88270.0,88270.0,86.0,85.33898305084746,0.260612096,0.260612096,0.80703125,0.7705971927966098,success,sgd,0.1,1000000,1e-06,0.002,0.9,1.81765665754155e-05,
1D-exp-vs-gaussian-32p,,,0.8819750218123199,1000000,2.5723959223677265e-05,,seconds,36.34387683868408,36.22998444922269,megabytes,88270.0,88270.0,86.0,84.84873949579831,0.260579328,0.260579328,0.83125,0.774730829831933,success,sgd,0.1,1000000,1e-06,0.002,0.9,2.5723959223677265e-05,
1D-exp-vs-gaussian-32p,,,0.0213144084008774,1000000,2.0547569350817585e-05,,seconds,36.51444149017334,36.516550766304135,megabytes,88270.0,88270.0,86.0,84.8974358974359,0.260562944,0.260562944,0.8078125,0.780422008547008,success,sgd,0.1,1000000,1e-06,0.002,0.9,2.0547569350817585e-05,
1D-exp-vs-gaussian-64p,,,0.0646543198963565,1000000,2.719879441896653e-05,,seconds,44.74901390075684,44.76462521776557,megabytes,88270.0,88270.0,81.0,79.3082191780822,0.27181056,0.27181056,0.8171875,0.7790132705479454,success,sgd,0.1,1000000,1e-06,0.002,0.9,2.719879441896653e-05,
1D-exp-vs-gaussian-64p,,,0.0741567498121579,1000000,2.838537100271964e-05,,seconds,44.64308166503906,44.47707081772387,megabytes,88270.0,88270.0,81.0,79.94520547945206,0.261828608,0.261828608,0.81796875,0.7758080051369861,success,sgd,0.1,1000000,1e-06,0.002,0.9,2.838537100271964e-05,
1D-exp-vs-gaussian-64p,,,0.5886730858313604,1000000,3.740530312153741e-05,,seconds,44.38161325454712,44.397129360586405,megabytes,88270.0,88270.0,81.0,80.0,0.26171392,0.26171392,0.8109375,0.7820633561643837,success,sgd,0.1,1000000,1e-06,0.002,0.9,3.740530312153741e-05,
1D-exp-vs-gaussian-64p,,,0.1870572118875971,1000000,2.4087707841868342e-05,,seconds,44.84252572059631,44.64699128828943,megabytes,88270.0,88270.0,81.0,79.69014084507042,0.261828608,0.261828608,0.8109375,0.7741197183098594,success,sgd,0.1,1000000,1e-06,0.002,0.9,2.4087707841868342e-05,
1D-exp-vs-gaussian-64p,,,0.481334588864989,1000000,3.081166588133083e-05,,seconds,44.46058416366577,44.46770989708602,megabytes,88270.0,88270.0,81.0,79.86206896551724,0.261812224,0.261812224,0.8140625,0.7814655172413792,success,sgd,0.1,1000000,1e-06,0.002,0.9,3.081166588133083e-05,
1D-exp-vs-gaussian-64p,,,0.3704681249850581,1000000,3.026969334976736e-05,,seconds,44.617578983306885,44.56053171120584,megabytes,88270.0,88270.0,81.0,79.6993006993007,0.261791744,0.261791744,0.83125,0.7801955856643356,success,sgd,0.1,1000000,1e-06,0.002,0.9,3.026969334976736e-05,
1D-exp-vs-gaussian-64p,,,0.407627745705076,1000000,3.07387673932542e-05,,seconds,44.54268836975098,44.56273720040917,megabytes,88270.0,88270.0,81.0,79.90070921985816,0.261861376,0.261861376,0.80859375,0.7800864361702124,success,sgd,0.1,1000000,1e-06,0.002,0.9,3.07387673932542e-05,
1D-exp-vs-gaussian-64p,,,0.041305398976406,1000000,2.620390246640185e-05,,seconds,44.830331325531006,44.72880055382848,megabytes,88270.0,88270.0,81.0,79.66906474820144,0.26195968,0.26195968,0.8125,0.7784509892086332,success,sgd,0.1,1000000,1e-06,0.002,0.9,2.620390246640185e-05,
1D-exp-vs-gaussian-64p,,,0.8912667029922725,1000000,4.063309663040795e-05,,seconds,44.60960531234741,44.48988879844546,megabytes,88270.0,88270.0,81.0,79.63829787234043,0.261865472,0.261865472,0.803125,0.7744015957446806,success,sgd,0.1,1000000,1e-06,0.002,0.9,4.063309663040795e-05,
1D-exp-vs-gaussian-64p,,,0.076533307779363,1000000,2.242773802507068e-05,,seconds,44.68823504447937,44.63317759335041,megabytes,88270.0,88270.0,81.0,79.70212765957447,0.261967872,0.261967872,0.81015625,0.7773880762411349,success,sgd,0.1,1000000,1e-06,0.002,0.9,2.242773802507068e-05,
1D-exp-vs-gaussian-64p,,,0.1048721312186604,1000000,2.7441138975415235e-05,,seconds,44.57380986213684,44.5216482039541,megabytes,88270.0,88270.0,81.0,80.04895104895105,0.261943296,0.261943296,0.81640625,0.7778736888111887,success,sgd,0.1,1000000,1e-06,0.002,0.9,2.7441138975415235e-05,
1D-exp-vs-gaussian-64p,,,1.005906639806304,1000000,3.301451968585543e-05,,seconds,44.96153283119202,44.78768822923303,megabytes,88270.0,88270.0,81.0,79.0354609929078,0.261955584,0.261955584,0.80546875,0.7745511968085108,success,sgd,0.1,1000000,1e-06,0.002,0.9,3.301451968585543e-05,
1D-exp-vs-gaussian-64p,,,0.5079499803231049,1000000,5.799649916950908e-05,,seconds,44.76516604423523,44.80521235615015,megabytes,88270.0,88270.0,81.0,79.35,0.261906432,0.261906432,0.8109375,0.7786495535714281,success,sgd,0.1,1000000,1e-06,0.002,0.9,5.799649916950908e-05,
1D-exp-vs-gaussian-64p,,,0.0313082823101151,1000000,2.5354603111908324e-05,,seconds,44.9874267578125,44.77547839656472,megabytes,88270.0,88270.0,81.0,79.25,0.262070272,0.262070272,0.81328125,0.7734486607142856,success,sgd,0.1,1000000,1e-06,0.002,0.9,2.5354603111908324e-05,
1D-exp-vs-gaussian-64p,,,1.0219146483628276,1000000,3.61337631663669e-05,,seconds,44.8547351360321,44.84375354461372,megabytes,88270.0,88270.0,81.0,79.19014084507042,0.261865472,0.261865472,0.81015625,0.7787522007042258,success,sgd,0.1,1000000,1e-06,0.002,0.9,3.61337631663669e-05,
1D-exp-vs-gaussian-64p,,,0.318944013249857,1000000,2.826934305184742e-05,,seconds,44.63859724998474,44.56480322778225,megabytes,88270.0,88270.0,81.0,79.71140939597315,0.261840896,0.261840896,0.81171875,0.7776426174496648,success,sgd,0.1,1000000,1e-06,0.002,0.9,2.826934305184742e-05,
1D-exp-vs-gaussian-64p,,,0.4406475830165544,1000000,2.866244156368008e-05,,seconds,44.74941849708557,44.68379963748157,megabytes,88270.0,88270.0,81.0,79.4,0.26187776,0.26187776,0.81484375,0.7765193965517244,success,sgd,0.1,1000000,1e-06,0.002,0.9,2.866244156368008e-05,
1D-exp-vs-gaussian-64p,,,0.1207917969504348,1000000,2.270871526799116e-05,,seconds,44.67941617965698,44.60861434228718,megabytes,88270.0,88270.0,81.0,80.18620689655172,0.26191872,0.26191872,0.81875,0.7785668103448277,success,sgd,0.1,1000000,1e-06,0.002,0.9,2.270871526799116e-05,
1D-exp-vs-gaussian-64p,,,0.9307217441834692,1000000,3.3712704215604936e-05,,seconds,44.60935091972351,44.59321890026331,megabytes,88270.0,88270.0,81.0,80.1056338028169,0.261922816,0.261922816,0.809375,0.7772557218309861,success,sgd,0.1,1000000,1e-06,0.002,0.9,3.3712704215604936e-05,
1D-exp-vs-gaussian-64p,,,0.1956044351304166,1000000,3.2283320677948194e-05,,seconds,45.19036269187927,45.14704955369234,megabytes,88270.0,88270.0,81.0,79.07857142857142,0.261910528,0.261910528,0.8125,0.7785993303571426,success,sgd,0.1,1000000,1e-06,0.002,0.9,3.2283320677948194e-05,
1D-exp-vs-gaussian-64p,,,0.0576018641781065,1000000,2.77727589206951e-05,,seconds,44.911182165145874,44.79211968742311,megabytes,88270.0,88270.0,81.0,79.22302158273381,0.261935104,0.261935104,0.8078125,0.7762589928057553,success,sgd,0.1,1000000,1e-06,0.002,0.9,2.77727589206951e-05,
1D-exp-vs-gaussian-64p,,,0.9847388270484276,1000000,3.412644196182633e-05,,seconds,44.756967067718506,44.68977868370712,megabytes,88270.0,88270.0,81.0,79.65942028985508,0.261971968,0.261971968,0.81015625,0.7776890851449272,success,sgd,0.1,1000000,1e-06,0.002,0.9,3.412644196182633e-05,
1D-exp-vs-gaussian-64p,,,0.2304507245060622,1000000,2.9279448380212145e-05,,seconds,44.68874478340149,44.59563967399299,megabytes,88270.0,88270.0,81.0,79.66428571428571,0.261947392,0.261947392,0.81015625,0.7782087053571429,success,sgd,0.1,1000000,1e-06,0.002,0.9,2.9279448380212145e-05,
1D-exp-vs-gaussian-64p,,,0.043867062730244,1000000,2.839777511045247e-05,,seconds,44.39480519294739,44.39230421558023,megabytes,88270.0,88270.0,81.0,80.14965986394557,0.26206208,0.26206208,0.8125,0.7793367346938773,success,sgd,0.1,1000000,1e-06,0.002,0.9,2.839777511045247e-05,
1D-exp-vs-gaussian-64p,,,0.0276417579523456,1000000,2.4784940192130657e-05,,seconds,44.41546607017517,44.38911838456988,megabytes,88270.0,88270.0,81.0,80.39160839160839,0.262094848,0.262094848,0.8125,0.7797202797202797,success,sgd,0.1,1000000,1e-06,0.002,0.9,2.4784940192130657e-05,
1D-exp-vs-gaussian-64p,,,0.649787238096054,1000000,3.1974950856415844e-05,,seconds,44.72156095504761,44.59782029129565,megabytes,88270.0,88270.0,81.0,79.91489361702128,0.26210304,0.26210304,0.81328125,0.7778756648936167,success,sgd,0.1,1000000,1e-06,0.002,0.9,3.1974950856415844e-05,
1D-exp-vs-gaussian-64p,,,0.2036114187134211,1000000,2.9579172289187737e-05,,seconds,44.92980074882507,44.86906228028238,megabytes,88270.0,88270.0,81.0,79.37410071942446,0.262098944,0.262098944,0.83046875,0.7783329586330937,success,sgd,0.1,1000000,1e-06,0.002,0.9,2.9579172289187737e-05,
1D-exp-vs-gaussian-64p,,,0.1227003419295374,1000000,2.6961513706151583e-05,,seconds,44.50812220573425,44.58067859150469,megabytes,88270.0,88270.0,81.0,79.76595744680851,0.262189056,0.262189056,0.8109375,0.7772384751773049,success,sgd,0.1,1000000,1e-06,0.002,0.9,2.6961513706151583e-05,
1D-exp-vs-gaussian-64p,,,0.0596485487785913,1000000,2.583542401316213e-05,,seconds,44.82906150817871,44.60963447391987,megabytes,88270.0,88270.0,81.0,79.66666666666667,0.262234112,0.262234112,0.81015625,0.7739866394927539,success,sgd,0.1,1000000,1e-06,0.002,0.9,2.583542401316213e-05,
1D-exp-vs-gaussian-64p,,,0.8310442353601147,1000000,3.285397996377516e-05,,seconds,44.723928451538086,44.50903383269906,megabytes,88270.0,88270.0,81.0,79.7872340425532,0.262234112,0.262234112,0.809375,0.7732989804964537,success,sgd,0.1,1000000,1e-06,0.002,0.9,3.285397996377516e-05,
1D-exp-vs-gaussian-64p,,,0.0136239512253998,1000000,2.8632779920348603e-05,,seconds,44.66566753387451,44.48271855525672,megabytes,88270.0,88270.0,81.0,79.12413793103448,0.262144,0.262144,0.8140625,0.7730280172413795,success,sgd,0.1,1000000,1e-06,0.002,0.9,2.8632779920348603e-05,
1D-exp-vs-gaussian-128p,,,0.0690516482641056,1000000,3.5155030657610915e-05,,seconds,51.59730362892151,51.44712082482874,megabytes,88270.0,88270.0,84.0,78.41818181818182,0.273145856,0.273145856,0.80859375,0.7728787878787878,success,sgd,0.1,1000000,1e-06,0.002,0.9,3.5155030657610915e-05,
1D-exp-vs-gaussian-128p,,,0.0741015985264628,1000000,3.700582513769495e-05,,seconds,48.50318145751953,48.35635277442634,megabytes,88270.0,88270.0,84.0,82.05194805194805,0.263221248,0.263221248,0.80546875,0.7767096185064938,success,sgd,0.1,1000000,1e-06,0.002,0.9,3.700582513769495e-05,
1D-exp-vs-gaussian-128p,,,0.5877596951950739,1000000,5.908945105612672e-05,,seconds,49.60269594192505,49.53674168884754,megabytes,88270.0,88270.0,83.0,80.58169934640523,0.263151616,0.263151616,0.81171875,0.7805504493464048,success,sgd,0.1,1000000,1e-06,0.002,0.9,5.908945105612672e-05,
1D-exp-vs-gaussian-128p,,,0.2005729490336275,1000000,3.127606763399372e-05,,seconds,48.72410583496094,48.60045734234154,megabytes,88270.0,88270.0,85.0,81.42567567567568,0.263180288,0.263180288,0.81015625,0.7785472972972972,success,sgd,0.1,1000000,1e-06,0.002,0.9,3.127606763399372e-05,
1D-exp-vs-gaussian-128p,,,0.5005135114581185,1000000,4.692925396566119e-05,,seconds,49.3715124130249,49.16108555532992,megabytes,88270.0,88270.0,84.0,81.10526315789474,0.263528448,0.263528448,0.8109375,0.7728155838815789,success,sgd,0.1,1000000,1e-06,0.002,0.9,4.692925396566119e-05,
1D-exp-vs-gaussian-128p,,,0.3699620514100816,1000000,4.487218110954946e-05,,seconds,48.43283081054688,48.37792731821537,megabytes,88270.0,88270.0,84.0,81.77777777777777,0.263286784,0.263286784,0.8109375,0.7775704089506172,success,sgd,0.1,1000000,1e-06,0.002,0.9,4.487218110954946e-05,
1D-exp-vs-gaussian-128p,,,0.4070861795912006,1000000,4.6742389245912806e-05,,seconds,49.59885573387146,49.434730883687735,megabytes,88270.0,88270.0,84.0,80.82692307692308,0.263303168,0.263303168,0.8109375,0.7756810897435901,success,sgd,0.1,1000000,1e-06,0.002,0.9,4.6742389245912806e-05,
1D-exp-vs-gaussian-128p,,,0.0413226885336851,1000000,3.4326136449213287e-05,,seconds,48.54873371124268,48.467370284721255,megabytes,88270.0,88270.0,84.0,81.8051948051948,0.263340032,0.263340032,0.8078125,0.7775162337662339,success,sgd,0.1,1000000,1e-06,0.002,0.9,3.4326136449213287e-05,
1D-exp-vs-gaussian-128p,,,0.8904913394019067,1000000,5.768588005305314e-05,,seconds,49.52653861045837,49.518296563997865,megabytes,88270.0,88270.0,84.0,80.58064516129032,0.263360512,0.263360512,0.809375,0.7788104838709681,success,sgd,0.1,1000000,1e-06,0.002,0.9,5.768588005305314e-05,
1D-exp-vs-gaussian-128p,,,0.0704452340217231,1000000,2.890981402979094e-05,,seconds,48.43804907798767,48.25329506956041,megabytes,88270.0,88270.0,84.0,82.30263157894737,0.26341376,0.26341376,0.8125,0.7759508634868425,success,sgd,0.1,1000000,1e-06,0.002,0.9,2.890981402979094e-05,
1D-exp-vs-gaussian-128p,,,0.0984703682339759,1000000,3.5760631289276804e-05,,seconds,48.94058084487915,48.88141494244337,megabytes,88270.0,88270.0,86.0,81.39240506329114,0.26343424,0.26343424,0.81640625,0.7779519382911385,success,sgd,0.1,1000000,1e-06,0.002,0.9,3.5760631289276804e-05,
1D-exp-vs-gaussian-128p,,,1.0052009490473524,1000000,5.081105270077257e-05,,seconds,48.933839559555054,48.924359599128366,megabytes,88270.0,88270.0,84.0,81.40666666666667,0.263483392,0.263483392,0.80546875,0.7784739583333333,success,sgd,0.1,1000000,1e-06,0.002,0.9,5.081105270077257e-05,
1D-exp-vs-gaussian-128p,,,0.5065308776679577,1000000,8.639597954779859e-05,,seconds,48.871726512908936,48.66599874198437,megabytes,88270.0,88270.0,84.0,81.9261744966443,0.263692288,0.263692288,0.81328125,0.774994756711409,success,sgd,0.1,1000000,1e-06,0.002,0.9,8.639597954779859e-05,
1D-exp-vs-gaussian-128p,,,0.0313672181167435,1000000,3.325682813066881e-05,,seconds,48.0748655796051,47.970910269767046,megabytes,88270.0,88270.0,84.0,82.35135135135135,0.26349568,0.26349568,0.821875,0.7773279138513512,success,sgd,0.1,1000000,1e-06,0.002,0.9,3.325682813066881e-05,
1D-exp-vs-gaussian-128p,,,1.0210919725172374,1000000,5.7361912377456126e-05,,seconds,49.02536201477051,48.85012884251773,megabytes,88270.0,88270.0,84.0,81.32903225806452,0.26351616,0.26351616,0.81171875,0.77711189516129,success,sgd,0.1,1000000,1e-06,0.002,0.9,5.7361912377456126e-05,
1D-exp-vs-gaussian-128p,,,0.3185007499021427,1000000,4.129308018628142e-05,,seconds,49.42945766448975,49.25348629429936,megabytes,88270.0,88270.0,84.0,80.4074074074074,0.263487488,0.263487488,0.81171875,0.7751591435185183,success,sgd,0.1,1000000,1e-06,0.002,0.9,4.129308018628142e-05,
1D-exp-vs-gaussian-128p,,,0.4401450854795105,1000000,4.278918655703784e-05,,seconds,50.011651277542114,49.88099980913103,megabytes,88270.0,88270.0,84.0,79.61046511627907,0.263389184,0.263389184,0.81328125,0.7777343749999998,success,sgd,0.1,1000000,1e-06,0.002,0.9,4.278918655703784e-05,
1D-exp-vs-gaussian-128p,,,0.1119330239219268,1000000,2.975195926910356e-05,,seconds,47.87330937385559,47.74775767326355,megabytes,88270.0,88270.0,85.0,82.4421768707483,0.263401472,0.263401472,0.82734375,0.7765837585034014,success,sgd,0.1,1000000,1e-06,0.002,0.9,2.975195926910356e-05,
1D-exp-vs-gaussian-128p,,,0.9030387922330658,1000000,4.857281662154201e-05,,seconds,49.49585962295532,49.30227853171528,megabytes,88270.0,88270.0,84.0,80.70270270270271,0.263524352,0.263524352,0.81015625,0.774361275337838,success,sgd,0.1,1000000,1e-06,0.002,0.9,4.857281662154201e-05,
1D-exp-vs-gaussian-128p,,,0.2085306371356504,1000000,4.485867935239051e-05,,seconds,48.439772844314575,48.52026909403503,megabytes,88270.0,88270.0,85.0,81.65584415584415,0.263438336,0.263438336,0.81015625,0.7782771915584412,success,sgd,0.1,1000000,1e-06,0.002,0.9,4.485867935239051e-05,
1D-exp-vs-gaussian-128p,,,0.0575741146858806,1000000,3.587531269100613e-05,,seconds,48.22825813293457,48.18718191981316,megabytes,88270.0,88270.0,84.0,82.24832214765101,0.2634752,0.2634752,0.828125,0.7787122483221474,success,sgd,0.1,1000000,1e-06,0.002,0.9,3.587531269100613e-05,
1D-exp-vs-gaussian-128p,,,0.983937249007106,1000000,5.219999082684257e-05,,seconds,48.76491141319275,48.5581776779145,megabytes,88270.0,88270.0,86.0,81.62420382165605,0.263634944,0.263634944,0.8078125,0.7736664012738856,success,sgd,0.1,1000000,1e-06,0.002,0.9,5.219999082684257e-05,
1D-exp-vs-gaussian-128p,,,0.2301629492623498,1000000,3.9257878632432775e-05,,seconds,49.30671525001526,49.20572769083083,megabytes,88270.0,88270.0,84.0,81.0,0.2634752,0.2634752,0.81171875,0.7775563686708858,success,sgd,0.1,1000000,1e-06,0.002,0.9,3.9257878632432775e-05,
1D-exp-vs-gaussian-128p,,,0.0437570271604266,1000000,3.753025873922835e-05,,seconds,47.875041007995605,47.69135649688542,megabytes,88270.0,88270.0,85.0,82.8875,0.264577024,0.264577024,0.81015625,0.7753222656250001,success,sgd,0.1,1000000,1e-06,0.002,0.9,3.753025873922835e-05,
1D-exp-vs-gaussian-128p,,,0.0276935457094923,1000000,3.192861625692577e-05,,seconds,49.13885688781738,49.16140205785632,megabytes,88270.0,88270.0,84.0,80.84172661870504,0.263471104,0.263471104,0.8109375,0.7783329586330938,success,sgd,0.1,1000000,1e-06,0.002,0.9,3.192861625692577e-05,
1D-exp-vs-gaussian-128p,,,0.6699934946786263,1000000,4.689138543540934e-05,,seconds,48.260396003723145,48.096233950927854,megabytes,88270.0,88270.0,84.0,82.68316831683168,0.265408512,0.265408512,0.80390625,0.77240099009901,success,sgd,0.1,1000000,1e-06,0.002,0.9,4.689138543540934e-05,
1D-exp-vs-gaussian-128p,,,0.2029590862854104,1000000,3.997492292996049e-05,,seconds,49.58073544502258,49.36580417118967,megabytes,88270.0,88270.0,84.0,80.96774193548387,0.263729152,0.263729152,0.81484375,0.7735824092741932,success,sgd,0.1,1000000,1e-06,0.002,0.9,3.997492292996049e-05,
1D-exp-vs-gaussian-128p,,,0.1225475708496994,1000000,3.711473028038683e-05,,seconds,48.03518509864807,48.050905702635646,megabytes,88270.0,88270.0,85.0,82.78571428571429,0.263544832,0.263544832,0.803125,0.7800013950892859,success,sgd,0.1,1000000,1e-06,0.002,0.9,3.711473028038683e-05,
1D-exp-vs-gaussian-128p,,,0.0557649998358216,1000000,3.503786312880541e-05,,seconds,48.68562626838684,48.80762027204037,megabytes,88270.0,88270.0,84.0,81.78125,0.263573504,0.263573504,0.8078125,0.7770935058593751,success,sgd,0.1,1000000,1e-06,0.002,0.9,3.503786312880541e-05,
1D-exp-vs-gaussian-128p,,,0.8547811842746114,1000000,5.138516814749375e-05,,seconds,48.614988803863525,48.46550057269633,megabytes,88270.0,88270.0,84.0,81.8625,0.263589888,0.263589888,0.81328125,0.7773095703124999,success,sgd,0.1,1000000,1e-06,0.002,0.9,5.138516814749375e-05,
1D-exp-vs-gaussian-128p,,,0.0135265436225116,1000000,3.800128281976323e-05,,seconds,49.92717981338501,49.7228018194437,megabytes,88270.0,88270.0,84.0,80.00671140939598,0.263671808,0.263671808,0.83125,0.7755085989932884,success,sgd,0.1,1000000,1e-06,0.002,0.9,3.800128281976323e-05,
1D-exp-vs-gaussian-256p,,,0.0667384801584755,1000000,3.855435222109913e-05,,seconds,52.771594285964966,52.94905060902238,megabytes,88270.0,88270.0,85.0,83.73509933774834,0.274763776,0.274763776,0.81953125,0.77669184602649,success,sgd,0.1,1000000,1e-06,0.002,0.9,3.855435222109913e-05,
1D-exp-vs-gaussian-256p,,,0.0740391346726243,1000000,3.8022333593531626e-05,,seconds,52.80030035972595,52.64376906305552,megabytes,88270.0,88270.0,85.0,84.26973684210526,0.264503296,0.264503296,0.81484375,0.7759971217105266,success,sgd,0.1,1000000,1e-06,0.002,0.9,3.8022333593531626e-05,
1D-exp-vs-gaussian-256p,,,0.5866751062413331,1000000,0.0001058705847927,,seconds,52.90199041366577,52.911861488595605,megabytes,88270.0,88270.0,84.0,82.67333333333333,0.26447872,0.26447872,0.809375,0.7804687499999997,success,sgd,0.1,1000000,1e-06,0.002,0.9,0.0001058705847927,
1D-exp-vs-gaussian-256p,,,0.1940355373244543,1000000,3.117943165199748e-05,,seconds,52.960866928100586,52.79646986722946,megabytes,88270.0,88270.0,85.0,83.49285714285715,0.26443776,0.26443776,0.8421875,0.7776339285714287,success,sgd,0.1,1000000,1e-06,0.002,0.9,3.117943165199748e-05,
1D-exp-vs-gaussian-256p,,,0.5000493559148145,1000000,8.406990335231286e-05,,seconds,52.868226051330566,52.73369073309004,megabytes,88270.0,88270.0,84.0,82.7258064516129,0.264400896,0.264400896,0.809375,0.7733744959677414,success,sgd,0.1,1000000,1e-06,0.002,0.9,8.406990335231286e-05,
1D-exp-vs-gaussian-256p,,,0.369629896549297,1000000,7.350995661729813e-05,,seconds,52.85491418838501,52.80590646713972,megabytes,88270.0,88270.0,84.0,83.1574074074074,0.264507392,0.264507392,0.809375,0.7779079861111113,success,sgd,0.1,1000000,1e-06,0.002,0.9,7.350995661729813e-05,
1D-exp-vs-gaussian-256p,,,0.406614658237749,1000000,8.815122670204542e-05,,seconds,52.59913444519043,52.72465253807604,megabytes,88270.0,88270.0,85.0,83.4225352112676,0.264515584,0.264515584,0.81015625,0.7780589788732396,success,sgd,0.1,1000000,1e-06,0.002,0.9,8.815122670204542e-05,
1D-exp-vs-gaussian-256p,,,0.0412725464071317,1000000,4.545985305584684e-05,,seconds,52.8947548866272,52.707539388909936,megabytes,88270.0,88270.0,84.0,83.13533834586467,0.26462208,0.26462208,0.8171875,0.7748648966165415,success,sgd,0.1,1000000,1e-06,0.002,0.9,4.545985305584684e-05,
1D-exp-vs-gaussian-256p,,,0.9022438775746277,1000000,0.0001136570014564,,seconds,52.7290141582489,52.6516401451081,megabytes,88270.0,88270.0,85.0,83.83898305084746,0.264552448,0.264552448,0.82734375,0.7775820974576269,success,sgd,0.1,1000000,1e-06,0.002,0.9,0.0001136570014564,
1D-exp-vs-gaussian-256p,,,0.0735136859480855,1000000,2.223981523229077e-05,,seconds,52.75571131706238,52.80579144321382,megabytes,88270.0,88270.0,84.0,82.81132075471699,0.264593408,0.264593408,0.815625,0.7802918632075472,success,sgd,0.1,1000000,1e-06,0.002,0.9,2.223981523229077e-05,
1D-exp-vs-gaussian-256p,,,0.1015193715929867,1000000,4.438931541930282e-05,,seconds,52.713743925094604,52.77605039253831,megabytes,88270.0,88270.0,84.0,83.06569343065694,0.26447872,0.26447872,0.8140625,0.7792940237226275,success,sgd,0.1,1000000,1e-06,0.002,0.9,4.438931541930282e-05,
1D-exp-vs-gaussian-256p,,,1.0043370175781332,1000000,0.0001073820166682,,seconds,52.58412194252014,52.78188893944025,megabytes,88270.0,88270.0,84.0,82.94495412844037,0.264474624,0.264474624,0.80546875,0.7785192087155963,success,sgd,0.1,1000000,1e-06,0.002,0.9,0.0001073820166682,
1D-exp-vs-gaussian-256p,,,0.4945025348653372,1000000,0.0001643304622723,,seconds,52.91212487220764,52.688418082892895,megabytes,88270.0,88270.0,84.0,83.2578125,0.264687616,0.264687616,0.809375,0.7731323242187498,success,sgd,0.1,1000000,1e-06,0.002,0.9,0.0001643304622723,
1D-exp-vs-gaussian-256p,,,0.0313253459058402,1000000,4.419162680929015e-05,,seconds,52.97335457801819,52.87509225122631,megabytes,88270.0,88270.0,85.0,83.1655172413793,0.264511488,0.264511488,0.80703125,0.7776508620689656,success,sgd,0.1,1000000,1e-06,0.002,0.9,4.419162680929015e-05,
1D-exp-vs-gaussian-256p,,,1.0202447454609038,1000000,0.0001088699736585,,seconds,53.10297632217407,52.89183690212667,megabytes,88270.0,88270.0,85.0,83.08552631578948,0.264646656,0.264646656,0.80703125,0.7718801398026316,success,sgd,0.1,1000000,1e-06,0.002,0.9,0.0001088699736585,
1D-exp-vs-gaussian-256p,,,0.3182740340163889,1000000,7.004473148600081e-05,,seconds,53.39995837211609,53.21624218299985,megabytes,88270.0,88270.0,84.0,82.63372093023256,0.264568832,0.264568832,0.81484375,0.7783611918604654,success,sgd,0.1,1000000,1e-06,0.002,0.9,7.004473148600081e-05,
1D-exp-vs-gaussian-256p,,,0.4398878144594247,1000000,7.25837220587459e-05,,seconds,52.76607894897461,52.9079486373812,megabytes,88270.0,88270.0,84.0,82.44736842105263,0.26447872,0.26447872,0.8140625,0.7789011101973684,success,sgd,0.1,1000000,1e-06,0.002,0.9,7.25837220587459e-05,
1D-exp-vs-gaussian-256p,,,0.1164411106518844,1000000,2.113965742038321e-05,,seconds,52.73639464378357,52.80803997442126,megabytes,88270.0,88270.0,85.0,83.84285714285714,0.264552448,0.264552448,0.8140625,0.7771261160714285,success,sgd,0.1,1000000,1e-06,0.002,0.9,2.113965742038321e-05,
1D-exp-vs-gaussian-256p,,,0.9022589614796784,1000000,8.779170392612998e-05,,seconds,52.84442281723023,52.937985049560666,megabytes,88270.0,88270.0,85.0,83.2043795620438,0.26454016,0.26454016,0.81171875,0.7803718065693435,success,sgd,0.1,1000000,1e-06,0.002,0.9,8.779170392612998e-05,
1D-exp-vs-gaussian-256p,,,0.2081756185343218,1000000,4.990875155362464e-05,,seconds,53.07008671760559,52.917805368080735,megabytes,88270.0,88270.0,84.0,82.66666666666667,0.264605696,0.264605696,0.8109375,0.7747395833333333,success,sgd,0.1,1000000,1e-06,0.002,0.9,4.990875155362464e-05,
1D-exp-vs-gaussian-256p,,,0.0554855021873935,1000000,3.731912492557424e-05,,seconds,52.916015625,52.801333639770746,megabytes,88270.0,88270.0,84.0,83.44303797468355,0.26458112,0.26458112,0.821875,0.7771805775316454,success,sgd,0.1,1000000,1e-06,0.002,0.9,3.731912492557424e-05,
1D-exp-vs-gaussian-256p,,,0.9962776682754232,1000000,9.043320281640044e-05,,seconds,52.77487635612488,52.842874739319086,megabytes,88270.0,88270.0,85.0,83.15702479338843,0.264626176,0.264626176,0.8171875,0.7800038739669425,success,sgd,0.1,1000000,1e-06,0.002,0.9,9.043320281640044e-05,
1D-exp-vs-gaussian-256p,,,0.2300278825941644,1000000,5.091790926688003e-05,,seconds,52.74105381965637,52.6694295424968,megabytes,88270.0,88270.0,84.0,83.18064516129033,0.264626176,0.264626176,0.8125,0.7769808467741937,success,sgd,0.1,1000000,1e-06,0.002,0.9,5.091790926688003e-05,
1D-exp-vs-gaussian-256p,,,0.0411781138104031,1000000,4.146883408131739e-05,,seconds,52.663875341415405,52.61884508281946,megabytes,88270.0,88270.0,84.0,83.27941176470588,0.264720384,0.264720384,0.8140625,0.7758099724264705,success,sgd,0.1,1000000,1e-06,0.002,0.9,4.146883408131739e-05,
1D-exp-vs-gaussian-256p,,,0.0276454866380606,1000000,3.317864277845464e-05,,seconds,52.89652967453003,52.87940906174481,megabytes,88270.0,88270.0,85.0,83.6,0.264720384,0.264720384,0.81171875,0.7794986979166671,success,sgd,0.1,1000000,1e-06,0.002,0.9,3.317864277845464e-05,
1D-exp-vs-gaussian-256p,,,0.6591773481628778,1000000,7.843123253402407e-05,,seconds,52.859943151474,52.6794852707535,megabytes,88270.0,88270.0,84.0,83.44094488188976,0.264658944,0.264658944,0.81015625,0.7744771161417326,success,sgd,0.1,1000000,1e-06,0.002,0.9,7.843123253402407e-05,
1D-exp-vs-gaussian-256p,,,0.2027382107048136,1000000,4.440216617415181e-05,,seconds,52.95651412010193,52.835349064320326,megabytes,88270.0,88270.0,84.0,83.03149606299213,0.264597504,0.264597504,0.8125,0.7790661909448814,success,sgd,0.1,1000000,1e-06,0.002,0.9,4.440216617415181e-05,
1D-exp-vs-gaussian-256p,,,0.1185814631278773,1000000,6.454334657950336e-05,,seconds,52.72319030761719,52.74476037733257,megabytes,88270.0,88270.0,85.0,83.87417218543047,0.264605696,0.264605696,0.828125,0.7826107201986757,success,sgd,0.1,1000000,1e-06,0.002,0.9,6.454334657950336e-05,
1D-exp-vs-gaussian-256p,,,0.055701839289611,1000000,5.7340062063871386e-05,,seconds,52.728628158569336,52.81758802011609,megabytes,88270.0,88270.0,84.0,83.11016949152543,0.264585216,0.264585216,0.81015625,0.7803032309322032,success,sgd,0.1,1000000,1e-06,0.002,0.9,5.7340062063871386e-05,
1D-exp-vs-gaussian-256p,,,0.8540154957392188,1000000,9.992275760042002e-05,,seconds,52.6262629032135,52.74437263980508,megabytes,88270.0,88270.0,84.0,83.5275590551181,0.265039872,0.265039872,0.81171875,0.777952755905512,success,sgd,0.1,1000000,1e-06,0.002,0.9,9.992275760042002e-05,
1D-exp-vs-gaussian-256p,,,0.0133828513262917,1000000,3.3990699658120785e-05,,seconds,53.05808091163635,52.85180641897023,megabytes,88270.0,88270.0,85.0,83.75182481751825,0.26488832,0.26488832,0.825,0.7736770072992701,success,sgd,0.1,1000000,1e-06,0.002,0.9,3.3990699658120785e-05,
1D-exp-vs-gaussian-512p,,,0.0678096725817089,1000000,0.0002149069059648,,seconds,69.26109981536865,69.43009823001921,megabytes,88272.0,88272.0,86.0,85.19760479041916,0.284131328,0.284131328,0.815625,0.7770864520958087,success,sgd,0.1,1000000,1e-06,0.002,0.9,0.0002149069059648,
1D-exp-vs-gaussian-512p,,,0.0727077239508977,1000000,0.0002324380505233,,seconds,69.04613876342773,69.26738223619759,megabytes,88272.0,88272.0,86.0,85.39896373056995,0.265306112,0.265306112,0.8109375,0.7796834520725389,success,sgd,0.1,1000000,1e-06,0.002,0.9,0.0002324380505233,
1D-exp-vs-gaussian-512p,,,0.5926574804869671,1000000,0.0002927787719624,,seconds,69.34650874137878,69.18970216065645,megabytes,88272.0,88272.0,86.0,85.35195530726257,0.2653184,0.2653184,0.81328125,0.777090607541899,success,sgd,0.1,1000000,1e-06,0.002,0.9,0.0002927787719624,
1D-exp-vs-gaussian-512p,,,0.1973065893265441,1000000,0.0002491698319763,,seconds,69.0889778137207,69.18569815345109,megabytes,88272.0,88272.0,86.0,85.57471264367815,0.265412608,0.265412608,0.81171875,0.7808054956896554,success,sgd,0.1,1000000,1e-06,0.002,0.9,0.0002491698319763,
1D-exp-vs-gaussian-512p,,,0.495059965778111,1000000,0.000296214026828,,seconds,69.05681872367859,69.25064088962972,megabytes,88272.0,88272.0,86.0,85.28,0.265506816,0.265506816,0.81171875,0.7808080357142858,success,sgd,0.1,1000000,1e-06,0.002,0.9,0.000296214026828,
1D-exp-vs-gaussian-512p,,,0.3653165922164974,1000000,0.000290732734366,,seconds,69.24526119232178,69.06269880943,megabytes,88272.0,88272.0,86.0,85.54358974358975,0.265428992,0.265428992,0.81953125,0.7736017628205131,success,sgd,0.1,1000000,1e-06,0.002,0.9,0.000290732734366,
1D-exp-vs-gaussian-512p,,,0.4021200269011927,1000000,0.0003219944864998,,seconds,69.34279012680054,69.28822774067521,megabytes,88272.0,88272.0,86.0,85.36216216216216,0.265404416,0.265404416,0.81953125,0.7766976351351349,success,sgd,0.1,1000000,1e-06,0.002,0.9,0.0003219944864998,
1D-exp-vs-gaussian-512p,,,0.0412108395478046,1000000,0.0002591141536969,,seconds,69.25172162055969,69.20617812871933,megabytes,88272.0,88272.0,86.0,85.6045197740113,0.265416704,0.265416704,0.828125,0.7766640183615822,success,sgd,0.1,1000000,1e-06,0.002,0.9,0.0002591141536969,
1D-exp-vs-gaussian-512p,,,0.9021538490321775,1000000,0.0003379792374383,,seconds,69.1497859954834,69.1709936093539,megabytes,88272.0,88272.0,86.0,85.66511627906976,0.265474048,0.265474048,0.8125,0.7790079941860464,success,sgd,0.1,1000000,1e-06,0.002,0.9,0.0003379792374383,
1D-exp-vs-gaussian-512p,,,0.0719693908693364,1000000,0.0002434297125266,,seconds,69.08183336257935,69.06577646546066,megabytes,88272.0,88272.0,86.0,85.70949720670392,0.265433088,0.265433088,0.8390625,0.7794692737430168,success,sgd,0.1,1000000,1e-06,0.002,0.9,0.0002434297125266,
1D-exp-vs-gaussian-512p,,,0.1014612499404671,1000000,0.0002240115698566,,seconds,69.42873454093933,69.26309873722494,megabytes,88272.0,88272.0,86.0,85.15544041450777,0.265535488,0.265535488,0.815625,0.7757124352331608,success,sgd,0.1,1000000,1e-06,0.002,0.9,0.0002240115698566,
1D-exp-vs-gaussian-512p,,,0.998098056390935,1000000,0.0003221256554477,,seconds,69.06007266044617,69.13105661422014,megabytes,88272.0,88272.0,86.0,85.45505617977528,0.26548224,0.26548224,0.815625,0.7790510884831456,success,sgd,0.1,1000000,1e-06,0.002,0.9,0.0003221256554477,
1D-exp-vs-gaussian-512p,,,0.4928971327411255,1000000,0.0004038497250568,,seconds,69.41917610168457,69.27943408116698,megabytes,88272.0,88272.0,86.0,85.22543352601156,0.265531392,0.265531392,0.81328125,0.7778585621387282,success,sgd,0.1,1000000,1e-06,0.002,0.9,0.0004038497250568,
1D-exp-vs-gaussian-512p,,,0.0312588770897281,1000000,0.0002762265215688,,seconds,69.23244166374207,69.1998447664082,megabytes,88272.0,88272.0,86.0,85.02762430939227,0.265601024,0.265601024,0.80703125,0.7800112223756911,success,sgd,0.1,1000000,1e-06,0.002,0.9,0.0002762265215688,
1D-exp-vs-gaussian-512p,,,1.0263918715035445,1000000,0.0002994899655819,,seconds,69.31318521499634,69.27211702056229,megabytes,88272.0,88272.0,86.0,85.55555555555556,0.265555968,0.265555968,0.81484375,0.7792949879227055,success,sgd,0.1,1000000,1e-06,0.002,0.9,0.0002994899655819,
1D-exp-vs-gaussian-512p,,,0.3142978725168496,1000000,0.0002634849307185,,seconds,69.2606885433197,69.22620739229023,megabytes,88272.0,88272.0,86.0,85.48167539267016,0.265580544,0.265580544,0.815625,0.7779409358638745,success,sgd,0.1,1000000,1e-06,0.002,0.9,0.0002634849307185,
1D-exp-vs-gaussian-512p,,,0.4397125611473644,1000000,0.0002338273643494,,seconds,68.96710348129272,68.9558693151921,megabytes,88272.0,88272.0,86.0,85.71812080536913,0.26558464,0.26558464,0.81953125,0.7777369966442951,success,sgd,0.1,1000000,1e-06,0.002,0.9,0.0002338273643494,
1D-exp-vs-gaussian-512p,,,0.1164510226229266,1000000,0.0002622319578644,,seconds,69.20730066299438,69.17540284432471,megabytes,88272.0,88272.0,86.0,85.45989304812834,0.265609216,0.265609216,0.8140625,0.7796081216577534,success,sgd,0.1,1000000,1e-06,0.002,0.9,0.0002622319578644,
1D-exp-vs-gaussian-512p,,,0.90911552065643,1000000,0.0002643828136989,,seconds,69.42687392234802,69.22224520891905,megabytes,88272.0,88272.0,86.0,85.33333333333333,0.265834496,0.265834496,0.82421875,0.7752305327868853,success,sgd,0.1,1000000,1e-06,0.002,0.9,0.0002643828136989,
1D-exp-vs-gaussian-512p,,,0.2076962362554648,1000000,0.000195536430074,,seconds,69.13221645355225,69.04107621125877,megabytes,88272.0,88272.0,86.0,85.59360730593608,0.265682944,0.265682944,0.8109375,0.7778253424657527,success,sgd,0.1,1000000,1e-06,0.002,0.9,0.000195536430074,
1D-exp-vs-gaussian-512p,,,0.0554392055200795,1000000,0.0002107205131984,,seconds,69.20445561408997,69.22130069322884,megabytes,88272.0,88272.0,86.0,85.46948356807512,0.265711616,0.265711616,0.8171875,0.7822293133802823,success,sgd,0.1,1000000,1e-06,0.002,0.9,0.0002107205131984,
1D-exp-vs-gaussian-512p,,,0.9899483132349368,1000000,0.0002678901169169,,seconds,69.19045615196228,69.10481654666364,megabytes,88272.0,88272.0,86.0,85.61392405063292,0.265703424,0.265703424,0.81171875,0.7760828718354428,success,sgd,0.1,1000000,1e-06,0.002,0.9,0.0002678901169169,
1D-exp-vs-gaussian-512p,,,0.2330296503991502,1000000,0.0002259066922527,,seconds,69.16400098800659,69.11893725395203,megabytes,88272.0,88272.0,86.0,85.575,0.265756672,0.265756672,0.82578125,0.7809716796875,success,sgd,0.1,1000000,1e-06,0.002,0.9,0.0002259066922527,
1D-exp-vs-gaussian-512p,,,0.0410770248803218,1000000,0.0002252409201079,,seconds,69.4434540271759,69.25697004050016,megabytes,88272.0,88272.0,86.0,85.37931034482759,0.265822208,0.265822208,0.81640625,0.7721803160919545,success,sgd,0.1,1000000,1e-06,0.002,0.9,0.0002252409201079,
1D-exp-vs-gaussian-512p,,,0.0276089431187471,1000000,0.0002313440538269,,seconds,69.22409296035767,69.34781154245138,megabytes,88272.0,88272.0,86.0,85.23157894736842,0.265793536,0.265793536,0.8109375,0.7799218750000003,success,sgd,0.1,1000000,1e-06,0.002,0.9,0.0002313440538269,
1D-exp-vs-gaussian-512p,,,0.6592660594530586,1000000,0.0002643102990723,,seconds,68.9004020690918,68.99162762612104,megabytes,88272.0,88272.0,86.0,85.66279069767442,0.265818112,0.265818112,0.815625,0.7789062500000004,success,sgd,0.1,1000000,1e-06,0.002,0.9,0.0002643102990723,
1D-exp-vs-gaussian-512p,,,0.2025893602447125,1000000,0.0002140147355639,,seconds,69.17816948890686,69.11574165150523,megabytes,88272.0,88272.0,86.0,85.6390243902439,0.265736192,0.265736192,0.81640625,0.7789253048780489,success,sgd,0.1,1000000,1e-06,0.002,0.9,0.0002140147355639,
1D-exp-vs-gaussian-512p,,,0.1184625665426451,1000000,0.0003118680920743,,seconds,69.00347018241882,69.10956733115017,megabytes,88272.0,88272.0,86.0,85.47305389221557,0.265785344,0.265785344,0.81171875,0.7810722305389222,success,sgd,0.1,1000000,1e-06,0.002,0.9,0.0003118680920743,
1D-exp-vs-gaussian-512p,,,0.0556022242305077,1000000,0.0003159776400938,,seconds,69.12617874145508,69.10109000094235,megabytes,88272.0,88272.0,86.0,85.5505617977528,0.180211712,0.180211712,0.834375,0.7780898876404496,success,sgd,0.1,1000000,1e-06,0.002,0.9,0.0003159776400938,
1D-exp-vs-gaussian-512p,,,0.854190726057741,1000000,0.0002790865881616,,seconds,69.32464694976807,69.27564088068902,megabytes,88272.0,88272.0,86.0,85.5,0.180129792,0.180129792,0.81171875,0.7806016430412374,success,sgd,0.1,1000000,1e-06,0.002,0.9,0.0002790865881616,
1D-exp-vs-gaussian-512p,,,0.0131470425294988,1000000,0.0001862126282667,,seconds,69.0844316482544,69.10008699260652,megabytes,88272.0,88272.0,86.0,85.3891891891892,0.180150272,0.180150272,0.8140625,0.7797846283783785,success,sgd,0.1,1000000,1e-06,0.002,0.9,0.0001862126282667,
1D-exp-vs-gaussian-1024p,,,0.0669272863489573,1000000,0.000830825662941,,seconds,89.02156376838684,89.04731211438775,megabytes,88272.0,88272.0,93.0,90.97674418604652,0.277921792,0.277921792,0.8375,0.7764928536821705,success,sgd,0.1,1000000,1e-06,0.002,0.9,0.000830825662941,
1D-exp-vs-gaussian-1024p,,,0.0722268928188663,1000000,0.0008539142157797,,seconds,88.49750185012817,88.39126114547253,megabytes,88272.0,88272.0,92.0,91.29729729729728,0.266481664,0.266481664,0.8296875,0.777093890765767,success,sgd,0.1,1000000,1e-06,0.002,0.9,0.0008539142157797,
1D-exp-vs-gaussian-1024p,,,0.5845035997409367,1000000,0.0010165894130803,,seconds,87.9919843673706,87.9355075340718,megabytes,88272.0,88272.0,94.0,92.96,0.266452992,0.266452992,0.81015625,0.7782187499999997,success,sgd,0.1,1000000,1e-06,0.002,0.9,0.0010165894130803,
1D-exp-vs-gaussian-1024p,,,0.1957298264495923,1000000,0.0009945627835833,,seconds,87.8223488330841,87.82823055423796,megabytes,88272.0,88272.0,94.0,93.33482142857144,0.266436608,0.266436608,0.815625,0.7786481584821432,success,sgd,0.1,1000000,1e-06,0.002,0.9,0.0009945627835833,
1D-exp-vs-gaussian-1024p,,,0.494395034414737,1000000,0.0010709683403679,,seconds,89.71332240104675,89.5516727026552,megabytes,88272.0,88272.0,92.0,91.21212121212122,0.266452992,0.266452992,0.81171875,0.775612148268398,success,sgd,0.1,1000000,1e-06,0.002,0.9,0.0010709683403679,
1D-exp-vs-gaussian-1024p,,,0.3629032907866575,1000000,0.0010209823920355,,seconds,89.09971523284912,88.95973519049585,megabytes,88272.0,88272.0,92.0,91.444,0.266502144,0.266502144,0.81328125,0.7783531250000002,success,sgd,0.1,1000000,1e-06,0.002,0.9,0.0010209823920355,
1D-exp-vs-gaussian-1024p,,,0.4009189210088376,1000000,0.0011737364026301,,seconds,89.59209656715393,89.56728786416352,megabytes,88272.0,88272.0,92.0,90.80851063829788,0.266477568,0.266477568,0.809375,0.7792519946808513,success,sgd,0.1,1000000,1e-06,0.002,0.9,0.0011737364026301,
1D-exp-vs-gaussian-1024p,,,0.0407181369095655,1000000,0.0010498037859772,,seconds,89.06655097007751,89.01320891268551,megabytes,88272.0,88272.0,92.0,91.29918032786884,0.266579968,0.266579968,0.8078125,0.7789510758196725,success,sgd,0.1,1000000,1e-06,0.002,0.9,0.0010498037859772,
1D-exp-vs-gaussian-1024p,,,0.8933088013225137,1000000,0.0012008639853432,,seconds,87.04310417175293,87.08775301091373,megabytes,88272.0,88272.0,93.0,92.77021276595744,0.266665984,0.266665984,0.8109375,0.7797041223404253,success,sgd,0.1,1000000,1e-06,0.002,0.9,0.0012008639853432,
1D-exp-vs-gaussian-1024p,,,0.0718952163072303,1000000,0.0010862458809244,,seconds,88.85317373275757,88.87956896983087,megabytes,88272.0,88272.0,92.0,91.44398340248962,0.266653696,0.266653696,0.81171875,0.7789483921161825,success,sgd,0.1,1000000,1e-06,0.002,0.9,0.0010862458809244,
1D-exp-vs-gaussian-1024p,,,0.1009196339261886,1000000,0.0008900720746025,,seconds,87.88166642189026,87.80527707189322,megabytes,88272.0,88272.0,94.0,93.25641025641026,0.266653696,0.266653696,0.8140625,0.7788294604700857,success,sgd,0.1,1000000,1e-06,0.002,0.9,0.0008900720746025,
1D-exp-vs-gaussian-1024p,,,0.9935537690254346,1000000,0.0010644218988318,,seconds,87.37607932090759,87.61130014434457,megabytes,88272.0,88272.0,94.0,93.195530726257,0.18071552,0.18071552,0.81640625,0.7798489874301678,success,sgd,0.1,1000000,1e-06,0.002,0.9,0.0010644218988318,
1D-exp-vs-gaussian-1024p,,,0.4848336252465129,1000000,0.0012145982534168,,seconds,88.12266421318054,88.08556534536183,megabytes,88272.0,88272.0,93.0,92.04306220095694,0.2666496,0.2666496,0.81328125,0.7785511363636362,success,sgd,0.1,1000000,1e-06,0.002,0.9,0.0012145982534168,
1D-exp-vs-gaussian-1024p,,,0.0307856577973297,1000000,0.0011186799502479,,seconds,87.94937014579773,87.78651835769415,megabytes,88272.0,88272.0,94.0,92.99537037037037,0.266625024,0.266625024,0.81796875,0.7762876157407407,success,sgd,0.1,1000000,1e-06,0.002,0.9,0.0011186799502479,
1D-exp-vs-gaussian-1024p,,,1.0223564548466606,1000000,0.00103699280133,,seconds,87.42698240280151,87.45663664862514,megabytes,88272.0,88272.0,93.0,92.98846153846154,0.266686464,0.266686464,0.81953125,0.7801352163461543,success,sgd,0.1,1000000,1e-06,0.002,0.9,0.00103699280133,
1D-exp-vs-gaussian-1024p,,,0.3123450625832055,1000000,0.0010172885802384,,seconds,88.70336484909058,88.99989221803844,megabytes,88272.0,88272.0,92.0,91.3287197231834,0.266723328,0.266723328,0.81484375,0.7808418036332184,success,sgd,0.1,1000000,1e-06,0.002,0.9,0.0010172885802384,
1D-exp-vs-gaussian-1024p,,,0.4358281574111346,1000000,0.0009045265423084,,seconds,88.0140974521637,87.9416193626821,megabytes,88272.0,88272.0,94.0,93.07053941908714,0.26667008,0.26667008,0.80625,0.7790035010373442,success,sgd,0.1,1000000,1e-06,0.002,0.9,0.0009045265423084,
1D-exp-vs-gaussian-1024p,,,0.1163387720119484,1000000,0.001157586347764,,seconds,88.6261305809021,88.93945009820163,megabytes,88272.0,88272.0,92.0,90.73513513513514,0.180871168,0.180871168,0.81640625,0.7804138513513516,success,sgd,0.1,1000000,1e-06,0.002,0.9,0.001157586347764,
1D-exp-vs-gaussian-1024p,,,0.905876853003158,1000000,0.0008978681334703,,seconds,89.67043161392212,89.53578655421734,megabytes,88272.0,88272.0,92.0,90.9004739336493,0.266780672,0.266780672,0.82421875,0.7763551540284356,success,sgd,0.1,1000000,1e-06,0.002,0.9,0.0008978681334703,
1D-exp-vs-gaussian-1024p,,,0.2040047639453032,1000000,0.0007029640712559,,seconds,89.40310215950012,89.37323348969221,megabytes,88272.0,88272.0,92.0,90.50210970464136,0.266797056,0.266797056,0.8109375,0.7787776898734174,success,sgd,0.1,1000000,1e-06,0.002,0.9,0.0007029640712559,
1D-exp-vs-gaussian-1024p,,,0.0556459383951018,1000000,0.0007926360544706,,seconds,88.01833248138428,87.81927737034857,megabytes,88272.0,88272.0,94.0,92.92828685258964,0.266952704,0.266952704,0.8046875,0.7762419073705179,success,sgd,0.1,1000000,1e-06,0.002,0.9,0.0007926360544706,
1D-exp-vs-gaussian-1024p,,,0.986709435551208,1000000,0.0009005126509711,,seconds,87.66882753372192,87.79077113606036,megabytes,88272.0,88272.0,94.0,93.1937984496124,0.266825728,0.266825728,0.83984375,0.7799024951550387,success,sgd,0.1,1000000,1e-06,0.002,0.9,0.0009005126509711,
1D-exp-vs-gaussian-1024p,,,0.2320290564923302,1000000,0.0008479853244105,,seconds,89.55675196647644,89.60748081840575,megabytes,88272.0,88272.0,91.0,90.3963133640553,0.266858496,0.266858496,0.81640625,0.7794534850230419,success,sgd,0.1,1000000,1e-06,0.002,0.9,0.0008479853244105,
1D-exp-vs-gaussian-1024p,,,0.0403423268200663,1000000,0.0009420434031887,,seconds,88.67303228378296,88.52778088860214,megabytes,88272.0,88272.0,92.0,91.6214953271028,0.2668544,0.2668544,0.81953125,0.7788697429906539,success,sgd,0.1,1000000,1e-06,0.002,0.9,0.0009420434031887,
1D-exp-vs-gaussian-1024p,,,0.0273657921238419,1000000,0.000970416599439,,seconds,89.58230066299438,89.52583705447614,megabytes,88272.0,88272.0,92.0,90.8211009174312,0.266899456,0.266899456,0.815625,0.7768420298165143,success,sgd,0.1,1000000,1e-06,0.002,0.9,0.000970416599439,
1D-exp-vs-gaussian-1024p,,,0.6569394566002124,1000000,0.0009114892985314,,seconds,89.06694006919861,88.92369995079935,megabytes,88272.0,88272.0,92.0,91.15816326530611,0.181088256,0.181088256,0.81171875,0.7769491390306125,success,sgd,0.1,1000000,1e-06,0.002,0.9,0.0009114892985314,
1D-exp-vs-gaussian-1024p,,,0.2002016154285953,1000000,0.0007996610310548,,seconds,87.95484471321106,87.91602385602891,megabytes,88272.0,88272.0,94.0,93.1526717557252,0.266964992,0.266964992,0.81640625,0.7784351145038171,success,sgd,0.1,1000000,1e-06,0.002,0.9,0.0007996610310548,
1D-exp-vs-gaussian-1024p,,,0.1179035446466559,1000000,0.0012206052815049,,seconds,88.94767594337463,89.02388794720173,megabytes,88272.0,88272.0,92.0,90.61085972850678,0.266969088,0.266969088,0.8125,0.7779694570135749,success,sgd,0.1,1000000,1e-06,0.002,0.9,0.0012206052815049,
1D-exp-vs-gaussian-1024p,,,0.054966954894361,1000000,0.0012593604734503,,seconds,87.5223798751831,87.64326502755284,megabytes,88272.0,88272.0,94.0,93.40284360189574,0.266862592,0.266862592,0.8140625,0.7795579087677723,success,sgd,0.1,1000000,1e-06,0.002,0.9,0.0012593604734503,
1D-exp-vs-gaussian-1024p,,,0.8503463364218693,1000000,0.001015352999326,,seconds,88.82700800895691,88.86463776603341,megabytes,88272.0,88272.0,92.0,91.14772727272728,0.266870784,0.266870784,0.81328125,0.7797052556818183,success,sgd,0.1,1000000,1e-06,0.002,0.9,0.001015352999326,
1D-exp-vs-gaussian-1024p,,,0.0128353164475137,1000000,0.0007385527858952,,seconds,89.4615523815155,89.51554705388844,megabytes,88272.0,88272.0,92.0,90.65116279069768,0.26687488,0.26687488,0.83203125,0.7812899709302328,success,sgd,0.1,1000000,1e-06,0.002,0.9,0.0007385527858952,
1D-exp-vs-gaussian-2048p,,,0.0651041210251451,1000000,0.0030035818498912,,seconds,186.70681619644165,186.57372749224305,megabytes,88272.0,88272.0,95.0,94.40702479338844,0.279711744,0.279711744,0.83203125,0.7777827995867778,success,sgd,0.1,1000000,1e-06,0.002,0.9,0.0030035818498912,
1D-exp-vs-gaussian-2048p,,,0.069382068068787,1000000,0.0030943101112091,,seconds,184.80372548103333,184.7756829187274,megabytes,88272.0,88272.0,95.0,94.78341013824884,0.268128256,0.268128256,0.8125,0.7797901065668204,success,sgd,0.1,1000000,1e-06,0.002,0.9,0.0030943101112091,
1D-exp-vs-gaussian-2048p,,,0.5398683690977967,1000000,0.0033018531842593,,seconds,185.22055673599243,185.0244066361338,megabytes,88272.0,88272.0,95.0,94.9676113360324,0.26832896,0.26832896,0.82734375,0.7780048076923073,success,sgd,0.1,1000000,1e-06,0.002,0.9,0.0033018531842593,
1D-exp-vs-gaussian-2048p,,,0.1971114601095211,1000000,0.0033454378488553,,seconds,184.4330770969391,184.55343632772565,megabytes,88272.0,88272.0,95.0,94.98504273504274,0.268038144,0.268038144,0.8171875,0.7805822649572657,success,sgd,0.1,1000000,1e-06,0.002,0.9,0.0033454378488553,
1D-exp-vs-gaussian-2048p,,,0.4538831765487331,1000000,0.0037502796433888,,seconds,185.09611129760745,185.0059925802052,megabytes,88272.0,88272.0,95.0,94.9936974789916,0.26814464,0.26814464,0.8125,0.7796185661764706,success,sgd,0.1,1000000,1e-06,0.002,0.9,0.0037502796433888,
1D-exp-vs-gaussian-2048p,,,0.3398491806158712,1000000,0.0035233213599497,,seconds,184.84228110313416,184.7626074459404,megabytes,88272.0,88272.0,95.0,95.0,0.268136448,0.268136448,0.81484375,0.7787922478540776,success,sgd,0.1,1000000,1e-06,0.002,0.9,0.0035233213599497,
1D-exp-vs-gaussian-2048p,,,0.3497010507282438,1000000,0.0039843139940157,,seconds,185.2505688667297,185.24394900165495,megabytes,88272.0,88272.0,95.0,94.89240506329114,0.268189696,0.268189696,0.815625,0.7792276503164556,success,sgd,0.1,1000000,1e-06,0.002,0.9,0.0039843139940157,
1D-exp-vs-gaussian-2048p,,,0.0375409389936198,1000000,0.0037979357881758,,seconds,184.59264278411865,184.63009220175445,megabytes,88272.0,88272.0,95.0,95.0,0.268218368,0.268218368,0.815625,0.7798310281837164,success,sgd,0.1,1000000,1e-06,0.002,0.9,0.0037979357881758,
1D-exp-vs-gaussian-2048p,,,0.8573086765939127,1000000,0.0042373503765187,,seconds,185.06199598312375,184.9135624598712,megabytes,88272.0,88272.0,95.0,94.98428290766208,0.268234752,0.268234752,0.8109375,0.7780712794695492,success,sgd,0.1,1000000,1e-06,0.002,0.9,0.0042373503765187,
1D-exp-vs-gaussian-2048p,,,0.0708295907021465,1000000,0.0042196441151208,,seconds,184.66817498207087,184.74758482724428,megabytes,88272.0,88272.0,95.0,94.988416988417,0.268279808,0.268279808,0.8125,0.7792214647683393,success,sgd,0.1,1000000,1e-06,0.002,0.9,0.0042196441151208,
1D-exp-vs-gaussian-2048p,,,0.0973153422620135,1000000,0.0032658498587057,,seconds,185.13036918640137,185.22221202030775,megabytes,88272.0,88272.0,95.0,94.99256505576209,0.268304384,0.268304384,0.81328125,0.7787813661710045,success,sgd,0.1,1000000,1e-06,0.002,0.9,0.0032658498587057,
1D-exp-vs-gaussian-2048p,,,0.9670320262865638,1000000,0.0036492945907752,,seconds,184.74184250831604,184.70509890839455,megabytes,88272.0,88272.0,95.0,94.97516930022572,0.268374016,0.268374016,0.81484375,0.780230671557562,success,sgd,0.1,1000000,1e-06,0.002,0.9,0.0036492945907752,
1D-exp-vs-gaussian-2048p,,,0.456409238734752,1000000,0.0037581117061253,,seconds,185.17274737358093,184.97492196038365,megabytes,88272.0,88272.0,95.0,94.991452991453,0.268623872,0.268623872,0.82265625,0.778622462606837,success,sgd,0.1,1000000,1e-06,0.002,0.9,0.0037581117061253,
1D-exp-vs-gaussian-2048p,,,0.020278914555729,1000000,0.004009808324997,,seconds,184.8296012878418,184.856850778684,megabytes,88272.0,88272.0,95.0,94.94700460829492,0.26841088,0.26841088,0.8375,0.7797091013824891,success,sgd,0.1,1000000,1e-06,0.002,0.9,0.004009808324997,
1D-exp-vs-gaussian-2048p,,,0.9928020184407758,1000000,0.0037580655978482,,seconds,185.1487331390381,185.2179109733552,megabytes,88272.0,88272.0,95.0,94.98581560283688,0.268333056,0.268333056,0.8140625,0.7807808806146582,success,sgd,0.1,1000000,1e-06,0.002,0.9,0.0037580655978482,
1D-exp-vs-gaussian-2048p,,,0.2904455489484721,1000000,0.0036650491865513,,seconds,184.90115976333615,184.93486367352307,megabytes,88272.0,88272.0,95.0,94.97881355932203,0.26834944,0.26834944,0.81640625,0.7789161811440679,success,sgd,0.1,1000000,1e-06,0.002,0.9,0.0036650491865513,
1D-exp-vs-gaussian-2048p,,,0.4244688723273682,1000000,0.0033795705105835,,seconds,185.60671997070312,185.46318521350625,megabytes,88272.0,88272.0,95.0,94.90023201856148,0.26836992,0.26836992,0.828125,0.7794355423433869,success,sgd,0.1,1000000,1e-06,0.002,0.9,0.0033795705105835,
1D-exp-vs-gaussian-2048p,,,0.1175393249653055,1000000,0.004173993462845,,seconds,184.977725982666,184.80828191153705,megabytes,88272.0,88272.0,95.0,94.9505376344086,0.268345344,0.268345344,0.8109375,0.7787802419354831,success,sgd,0.1,1000000,1e-06,0.002,0.9,0.004173993462845,
1D-exp-vs-gaussian-2048p,,,0.885680715569201,1000000,0.0030897856124518,,seconds,185.2702922821045,185.3536940217018,megabytes,88272.0,88272.0,95.0,94.98915401301518,0.268312576,0.268312576,0.81484375,0.7801942109544472,success,sgd,0.1,1000000,1e-06,0.002,0.9,0.0030897856124518,
1D-exp-vs-gaussian-2048p,,,0.1971580120254338,1000000,0.0023695829356333,,seconds,184.85935497283936,184.8896813839674,megabytes,88272.0,88272.0,95.0,94.98922413793105,0.268414976,0.268414976,0.81484375,0.7799232219827584,success,sgd,0.1,1000000,1e-06,0.002,0.9,0.0023695829356333,
1D-exp-vs-gaussian-2048p,,,0.0539625235317271,1000000,0.0028593216091638,,seconds,185.42970037460327,185.39692793041468,megabytes,88272.0,88272.0,95.0,94.90118577075098,0.268476416,0.268476416,0.81875,0.7799437994071144,success,sgd,0.1,1000000,1e-06,0.002,0.9,0.0028593216091638,
1D-exp-vs-gaussian-2048p,,,0.970301289842496,1000000,0.0030907444006807,,seconds,184.6641526222229,184.8107475414872,megabytes,88272.0,88272.0,95.0,94.89439655172414,0.268443648,0.268443648,0.8328125,0.7788843615301724,success,sgd,0.1,1000000,1e-06,0.002,0.9,0.0030907444006807,
1D-exp-vs-gaussian-2048p,,,0.2262955451072339,1000000,0.0030170327893626,,seconds,185.46731090545651,185.31241597794,megabytes,88272.0,88272.0,95.0,94.89237668161437,0.268439552,0.268439552,0.81171875,0.7774541059417036,success,sgd,0.1,1000000,1e-06,0.002,0.9,0.0030170327893626,
1D-exp-vs-gaussian-2048p,,,0.0313259785603306,1000000,0.0031276554456731,,seconds,184.80627942085263,184.6546842679381,megabytes,88272.0,88272.0,95.0,94.84516129032258,0.268464128,0.268464128,0.8140625,0.7781871639784951,success,sgd,0.1,1000000,1e-06,0.002,0.9,0.0031276554456731,
1D-exp-vs-gaussian-2048p,,,0.0258396367961288,1000000,0.0036386353107884,,seconds,185.31056237220764,185.17646931484344,megabytes,88272.0,88272.0,95.0,94.9892703862661,0.268480512,0.268480512,0.8125,0.7793890826180256,success,sgd,0.1,1000000,1e-06,0.002,0.9,0.0036386353107884,
1D-exp-vs-gaussian-2048p,,,0.6454448608652552,1000000,0.0030585058961642,,seconds,184.95679926872253,184.76606248132885,megabytes,88272.0,88272.0,95.0,94.90951276102088,0.268623872,0.268623872,0.8140625,0.7768978393271466,success,sgd,0.1,1000000,1e-06,0.002,0.9,0.0030585058961642,
1D-exp-vs-gaussian-2048p,,,0.1893271413315299,1000000,0.0026364849318468,,seconds,185.3283817768097,185.1530209388584,megabytes,88272.0,88272.0,95.0,94.93371212121212,0.268582912,0.268582912,0.81796875,0.7796963778409085,success,sgd,0.1,1000000,1e-06,0.002,0.9,0.0026364849318468,
1D-exp-vs-gaussian-2048p,,,0.0905708526352649,1000000,0.004435549358465,,seconds,184.77490425109863,184.64406080171463,megabytes,88272.0,88272.0,95.0,94.83196721311477,0.268578816,0.268578816,0.81796875,0.7782226562500004,success,sgd,0.1,1000000,1e-06,0.002,0.9,0.004435549358465,
1D-exp-vs-gaussian-2048p,,,0.0306414800003494,1000000,0.0044813423099021,,seconds,185.18388772010803,184.9654461927712,megabytes,88272.0,88272.0,95.0,94.96678966789668,0.268558336,0.268558336,0.8265625,0.7785487776752774,success,sgd,0.1,1000000,1e-06,0.002,0.9,0.0044813423099021,
1D-exp-vs-gaussian-2048p,,,0.826251490060713,1000000,0.0035307522004659,,seconds,185.1923315525055,185.2431961633265,megabytes,88272.0,88272.0,95.0,94.99792960662526,0.2685952,0.2685952,0.81953125,0.7787461180124226,success,sgd,0.1,1000000,1e-06,0.002,0.9,0.0035307522004659,
1D-exp-vs-gaussian-2048p,,,0.0108684199287376,1000000,0.0024037301773658,,seconds,185.2250285148621,185.1042783576995,megabytes,88272.0,88272.0,95.0,94.99780701754386,0.268599296,0.268599296,0.81328125,0.7775801809210534,success,sgd,0.1,1000000,1e-06,0.002,0.9,0.0024037301773658,
1D-exp-vs-gaussian-32p,,,0.0677833007034812,1000000,1.6932596513339758e-06,,seconds,38.059696197509766,37.85979421250522,megabytes,88270.0,88270.0,84.0,81.45977011494253,0.424804352,0.424804352,0.80859375,0.773518318965517,success,sgd,0.01,1000000,1e-06,0.002,0.9,1.6932596513339758e-06,
1D-exp-vs-gaussian-32p,,,0.0679885138746958,1000000,1.7548650336346342e-06,,seconds,37.67069435119629,37.63620293699205,megabytes,88270.0,88270.0,83.0,81.5625,0.374120448,0.374120448,0.80625,0.7778564453124998,success,sgd,0.01,1000000,1e-06,0.002,0.9,1.7548650336346342e-06,
1D-exp-vs-gaussian-32p,,,0.6314755640527749,1000000,5.505329331576371e-06,,seconds,37.71474933624268,37.4998426027596,megabytes,88270.0,88270.0,83.0,81.92307692307692,0.2547712,0.2547712,0.82578125,0.7733774038461536,success,sgd,0.01,1000000,1e-06,0.002,0.9,5.505329331576371e-06,
1D-exp-vs-gaussian-32p,,,0.2049109540032489,1000000,1.7383099518239527e-06,,seconds,37.691818714141846,37.5148102119565,megabytes,88270.0,88270.0,83.0,82.08045977011494,0.254746624,0.254746624,0.80546875,0.7736979166666668,success,sgd,0.01,1000000,1e-06,0.002,0.9,1.7383099518239527e-06,
1D-exp-vs-gaussian-32p,,,0.513499239773179,1000000,4.197911598664503e-06,,seconds,38.16515398025513,38.02909444458783,megabytes,88270.0,88270.0,84.0,80.62820512820512,0.254660608,0.254660608,0.80546875,0.774178685897436,success,sgd,0.01,1000000,1e-06,0.002,0.9,4.197911598664503e-06,
1D-exp-vs-gaussian-32p,,,0.330645669101421,1000000,2.0929582553313527e-05,,seconds,37.4582142829895,37.50427304953337,megabytes,88270.0,88270.0,83.0,82.40963855421687,0.25468928,0.25468928,0.80625,0.7800640060240963,success,sgd,0.01,1000000,1e-06,0.002,0.9,2.0929582553313527e-05,
1D-exp-vs-gaussian-32p,,,0.3623653006940737,1000000,3.823853048314423e-06,,seconds,37.67121076583862,37.51475909166038,megabytes,88270.0,88270.0,84.0,82.20238095238095,0.254713856,0.254713856,0.80078125,0.7723493303571429,success,sgd,0.01,1000000,1e-06,0.002,0.9,3.823853048314423e-06,
1D-exp-vs-gaussian-32p,,,0.0268490494773607,1000000,1.6010637491643724e-06,,seconds,38.11812448501587,37.95777064189315,megabytes,88270.0,88270.0,84.0,81.40963855421687,0.254697472,0.254697472,0.80625,0.7767601656626508,success,sgd,0.01,1000000,1e-06,0.002,0.9,1.6010637491643724e-06,
1D-exp-vs-gaussian-32p,,,0.9307547827266188,1000000,1.902524031609497e-05,,seconds,38.05799651145935,37.906719245016575,megabytes,88270.0,88270.0,84.0,81.5625,0.254722048,0.254722048,0.81015625,0.7762207031249998,success,sgd,0.01,1000000,1e-06,0.002,0.9,1.902524031609497e-05,
1D-exp-vs-gaussian-32p,,,0.0589522120361071,1000000,1.300442485127991e-06,,seconds,37.48417210578919,37.52613570354879,megabytes,88270.0,88270.0,83.0,82.45,0.2547712,0.2547712,0.8109375,0.7834765625000002,success,sgd,0.01,1000000,1e-06,0.002,0.9,1.300442485127991e-06,
1D-exp-vs-gaussian-32p,,,0.0968092653661765,1000000,1.8112497015792853e-06,,seconds,37.77995800971985,37.63381787575781,megabytes,88270.0,88270.0,84.0,82.65555555555555,0.254820352,0.254820352,0.80703125,0.7768142361111112,success,sgd,0.01,1000000,1e-06,0.002,0.9,1.8112497015792853e-06,
1D-exp-vs-gaussian-32p,,,0.9975713769190556,1000000,3.030287428328912e-05,,seconds,37.92645478248596,37.87232287414372,megabytes,88270.0,88270.0,83.0,81.43529411764706,0.25485312,0.25485312,0.803125,0.778262867647059,success,sgd,0.01,1000000,1e-06,0.002,0.9,3.030287428328912e-05,
1D-exp-vs-gaussian-32p,,,0.4629944933590313,1000000,4.213768689231992e-05,,seconds,37.73668718338013,37.61009959317744,megabytes,88270.0,88270.0,83.0,82.05128205128206,0.254910464,0.254910464,0.803125,0.776295405982906,success,sgd,0.01,1000000,1e-06,0.002,0.9,4.213768689231992e-05,
1D-exp-vs-gaussian-32p,,,0.0199317892257061,1000000,2.0039947639769047e-06,,seconds,37.739521980285645,37.55914977379143,megabytes,88270.0,88270.0,83.0,82.25714285714285,0.254959616,0.254959616,0.8078125,0.775684523809524,success,sgd,0.01,1000000,1e-06,0.002,0.9,2.0039947639769047e-06,
1D-exp-vs-gaussian-32p,,,1.0112934229088952,1000000,2.075885781758517e-05,,seconds,38.150540828704834,37.94738463498652,megabytes,88270.0,88270.0,84.0,81.17567567567568,0.25501696,0.25501696,0.81015625,0.7722022804054054,success,sgd,0.01,1000000,1e-06,0.002,0.9,2.075885781758517e-05,
1D-exp-vs-gaussian-32p,,,0.309936285608388,1000000,8.973555929396256e-06,,seconds,37.54050898551941,37.48380334675312,megabytes,88270.0,88270.0,83.0,82.26582278481013,0.254992384,0.254992384,0.80546875,0.776948180379747,success,sgd,0.01,1000000,1e-06,0.002,0.9,8.973555929396256e-06,
1D-exp-vs-gaussian-32p,,,0.4320414628859989,1000000,1.5727084308093635e-05,,seconds,37.497934103012085,37.42152740992606,megabytes,88270.0,88270.0,84.0,82.95876288659794,0.255053824,0.255053824,0.81640625,0.7770215850515465,success,sgd,0.01,1000000,1e-06,0.002,0.9,1.5727084308093635e-05,
1D-exp-vs-gaussian-32p,,,0.0862054932720708,1000000,1.3888839853319342e-06,,seconds,38.02613162994385,37.717439437285066,megabytes,88270.0,88270.0,83.0,81.38372093023256,0.2551808,0.2551808,0.80546875,0.7729287790697675,success,sgd,0.01,1000000,1e-06,0.002,0.9,1.3888839853319342e-06,
1D-exp-vs-gaussian-32p,,,0.9285979707945982,1000000,2.326554579915978e-06,,seconds,37.2190842628479,37.30137824267149,megabytes,88270.0,88270.0,84.0,83.43283582089552,0.255107072,0.255107072,0.80234375,0.7812616604477615,success,sgd,0.01,1000000,1e-06,0.002,0.9,2.326554579915978e-06,
1D-exp-vs-gaussian-32p,,,0.226390595297916,1000000,2.127781252172189e-05,,seconds,37.661961793899536,37.660784082487226,megabytes,88270.0,88270.0,83.0,81.98765432098766,0.255082496,0.255082496,0.80390625,0.7806712962962963,success,sgd,0.01,1000000,1e-06,0.002,0.9,2.127781252172189e-05,
1D-exp-vs-gaussian-32p,,,0.0524108436120191,1000000,1.773442551333638e-06,,seconds,37.704214572906494,37.85383252240717,megabytes,88270.0,88270.0,83.0,80.95402298850574,0.255135744,0.255135744,0.80703125,0.7788344109195406,success,sgd,0.01,1000000,1e-06,0.002,0.9,1.773442551333638e-06,
1D-exp-vs-gaussian-32p,,,0.9817840092119376,1000000,2.585042144549404e-06,,seconds,37.63711643218994,37.47394251078367,megabytes,88270.0,88270.0,83.0,81.95588235294117,0.255012864,0.255012864,0.80546875,0.7730124080882353,success,sgd,0.01,1000000,1e-06,0.002,0.9,2.585042144549404e-06,
1D-exp-vs-gaussian-32p,,,0.2511377811574915,1000000,3.0283888622735867e-06,,seconds,37.59732389450073,37.54124945774674,megabytes,88270.0,88270.0,84.0,82.31818181818181,0.255062016,0.255062016,0.81953125,0.7785777698863634,success,sgd,0.01,1000000,1e-06,0.002,0.9,3.0283888622735867e-06,
1D-exp-vs-gaussian-32p,,,0.0396465752324261,1000000,1.8485988871002316e-06,,seconds,37.73420286178589,37.759683882817626,megabytes,88270.0,88270.0,83.0,81.36283185840708,0.255066112,0.255066112,0.81640625,0.7801161504424777,success,sgd,0.01,1000000,1e-06,0.002,0.9,1.8485988871002316e-06,
1D-exp-vs-gaussian-32p,,,0.0158897389784258,1000000,1.468840151814632e-06,,seconds,37.53234934806824,37.52647520229221,megabytes,88270.0,88270.0,83.0,82.06542056074767,0.255066112,0.255066112,0.8078125,0.7808922313084108,success,sgd,0.01,1000000,1e-06,0.002,0.9,1.468840151814632e-06,
1D-exp-vs-gaussian-32p,,,0.6455395908734233,1000000,6.401448940818554e-06,,seconds,37.576796531677246,37.63965559378266,megabytes,88270.0,88270.0,83.0,81.7560975609756,0.255090688,0.255090688,0.80625,0.7766863567073171,success,sgd,0.01,1000000,1e-06,0.002,0.9,6.401448940818554e-06,
1D-exp-vs-gaussian-32p,,,0.1770068239144368,1000000,4.676229814569723e-06,,seconds,37.79536986351013,37.6171049810946,megabytes,88270.0,88270.0,83.0,80.93939393939394,0.255164416,0.255164416,0.80390625,0.7726325757575755,success,sgd,0.01,1000000,1e-06,0.002,0.9,4.676229814569723e-06,
1D-exp-vs-gaussian-32p,,,0.0914653865054951,1000000,7.014204111438873e-06,,seconds,37.46969985961914,37.65607078745961,megabytes,88270.0,88270.0,83.0,81.98701298701299,0.25509888,0.25509888,0.80625,0.780377435064935,success,sgd,0.01,1000000,1e-06,0.002,0.9,7.014204111438873e-06,
1D-exp-vs-gaussian-32p,,,0.0353801882601565,1000000,4.801735535047048e-06,,seconds,37.99579668045044,37.825508097186685,megabytes,88270.0,88270.0,83.0,81.18181818181819,0.25511936,0.25511936,0.80390625,0.7737418831168831,success,sgd,0.01,1000000,1e-06,0.002,0.9,4.801735535047048e-06,
1D-exp-vs-gaussian-32p,,,0.8739324601725733,1000000,1.597969566922943e-05,,seconds,37.37692022323608,37.47355191595853,megabytes,88270.0,88270.0,83.0,82.55714285714286,0.255148032,0.255148032,0.80546875,0.7795870535714288,success,sgd,0.01,1000000,1e-06,0.002,0.9,1.597969566922943e-05,
1D-exp-vs-gaussian-32p,,,0.020044396465926,1000000,1.17569728165288e-05,,seconds,37.69493627548218,37.438442366197705,megabytes,88270.0,88270.0,83.0,82.19791666666667,0.255299584,0.255299584,0.80625,0.7720784505208335,success,sgd,0.01,1000000,1e-06,0.002,0.9,1.17569728165288e-05,
1D-exp-vs-gaussian-64p,,,0.057963072569921,1000000,3.545440657326181e-06,,seconds,46.403730392456055,46.563495909795165,megabytes,88270.0,88270.0,78.0,74.59183673469387,0.2664448,0.2664448,0.803125,0.7746492346938779,success,sgd,0.01,1000000,1e-06,0.002,0.9,3.545440657326181e-06,
1D-exp-vs-gaussian-64p,,,0.0678935102723315,1000000,3.329215990477871e-06,,seconds,45.67837691307068,45.72538490220904,megabytes,88270.0,88270.0,78.0,77.15315315315316,0.256405504,0.256405504,0.81015625,0.7817356418918923,success,sgd,0.01,1000000,1e-06,0.002,0.9,3.329215990477871e-06,
1D-exp-vs-gaussian-64p,,,0.5833155819866256,1000000,2.309881572880105e-05,,seconds,45.90325999259949,45.71419492177665,megabytes,88270.0,88270.0,78.0,77.13829787234043,0.256442368,0.256442368,0.8046875,0.7741023936170212,success,sgd,0.01,1000000,1e-06,0.002,0.9,2.309881572880105e-05,
1D-exp-vs-gaussian-64p,,,0.1800099880399349,1000000,2.753120165865054e-06,,seconds,46.08325695991516,45.81411711499095,megabytes,88270.0,88270.0,78.0,76.85046728971963,0.256442368,0.256442368,0.8078125,0.7724007009345798,success,sgd,0.01,1000000,1e-06,0.002,0.9,2.753120165865054e-06,
1D-exp-vs-gaussian-64p,,,0.47149503261264,1000000,1.0473199613360503e-05,,seconds,45.52935361862183,45.47367730922997,megabytes,88270.0,88270.0,78.0,77.84615384615384,0.2562048,0.2562048,0.82109375,0.7781078296703297,success,sgd,0.01,1000000,1e-06,0.002,0.9,1.0473199613360503e-05,
1D-exp-vs-gaussian-64p,,,0.3629723808310802,1000000,7.559697711721662e-06,,seconds,45.62656927108765,45.56105395965278,megabytes,88270.0,88270.0,78.0,77.53846153846153,0.256229376,0.256229376,0.80703125,0.7767160790598292,success,sgd,0.01,1000000,1e-06,0.002,0.9,7.559697711721662e-06,
1D-exp-vs-gaussian-64p,,,0.3963077972941481,1000000,1.7114202979506757e-05,,seconds,46.37780237197876,46.25755853950977,megabytes,88270.0,88270.0,78.0,75.72916666666667,0.256339968,0.256339968,0.8078125,0.7758870442708332,success,sgd,0.01,1000000,1e-06,0.002,0.9,1.7114202979506757e-05,
1D-exp-vs-gaussian-64p,,,0.0297904142544119,1000000,2.449550562076393e-06,,seconds,46.00334048271179,45.761196384206414,megabytes,88270.0,88270.0,78.0,77.35964912280701,0.25638912,0.25638912,0.82578125,0.7737184758771928,success,sgd,0.01,1000000,1e-06,0.002,0.9,2.449550562076393e-06,
1D-exp-vs-gaussian-64p,,,0.8774108813100575,1000000,2.6261122920436672e-05,,seconds,45.641231298446655,45.78104546107352,megabytes,88270.0,88270.0,78.0,77.21428571428571,0.256311296,0.256311296,0.8125,0.7805524553571426,success,sgd,0.01,1000000,1e-06,0.002,0.9,2.6261122920436672e-05,
1D-exp-vs-gaussian-64p,,,0.0594469631017857,1000000,1.36216652136586e-06,,seconds,45.8461754322052,45.66891287639737,megabytes,88270.0,88270.0,78.0,77.37288135593221,0.256319488,0.256319488,0.81875,0.7746888241525417,success,sgd,0.01,1000000,1e-06,0.002,0.9,1.36216652136586e-06,
1D-exp-vs-gaussian-64p,,,0.0964705131283503,1000000,1.0337563593613286e-05,,seconds,45.69253396987915,45.68125422857702,megabytes,88270.0,88270.0,78.0,77.35849056603773,0.256339968,0.256339968,0.80703125,0.7760760613207547,success,sgd,0.01,1000000,1e-06,0.002,0.9,1.0337563593613286e-05,
1D-exp-vs-gaussian-64p,,,0.9960233525943132,1000000,5.315352369368876e-05,,seconds,45.54273533821106,45.73043666779995,megabytes,88270.0,88270.0,78.0,77.1304347826087,0.256278528,0.256278528,0.809375,0.7813009510869563,success,sgd,0.01,1000000,1e-06,0.002,0.9,5.315352369368876e-05,
1D-exp-vs-gaussian-64p,,,0.5020175960298475,1000000,6.405995048877787e-05,,seconds,45.87367916107178,45.722179839387536,megabytes,88270.0,88270.0,78.0,77.43809523809524,0.256294912,0.256294912,0.8203125,0.7757217261904764,success,sgd,0.01,1000000,1e-06,0.002,0.9,6.405995048877787e-05,
1D-exp-vs-gaussian-64p,,,0.0188745638478626,1000000,4.421844493997508e-06,,seconds,45.907124280929565,45.90713973157108,megabytes,88270.0,88270.0,78.0,76.77659574468085,0.256274432,0.256274432,0.809375,0.7806599069148941,success,sgd,0.01,1000000,1e-06,0.002,0.9,4.421844493997508e-06,
1D-exp-vs-gaussian-64p,,,1.009240975505527,1000000,1.7640765427663055e-05,,seconds,46.02069592475891,45.87800497189164,megabytes,88270.0,88270.0,78.0,76.90384615384616,0.256278528,0.256278528,0.80390625,0.7753605769230768,success,sgd,0.01,1000000,1e-06,0.002,0.9,1.7640765427663055e-05,
1D-exp-vs-gaussian-64p,,,0.308440285297794,1000000,1.3006108453809266e-05,,seconds,45.75093197822571,45.68676624633372,megabytes,88270.0,88270.0,78.0,77.18867924528301,0.256339968,0.256339968,0.8015625,0.7749115566037738,success,sgd,0.01,1000000,1e-06,0.002,0.9,1.3006108453809266e-05,
1D-exp-vs-gaussian-64p,,,0.4303386287889565,1000000,2.0092692909850608e-05,,seconds,45.63439989089966,45.78330628015101,megabytes,88270.0,88270.0,78.0,76.97916666666667,0.25632768,0.25632768,0.815625,0.780192057291667,success,sgd,0.01,1000000,1e-06,0.002,0.9,2.0092692909850608e-05,
1D-exp-vs-gaussian-64p,,,0.1045309767794922,1000000,2.2742692102741912e-06,,seconds,45.73135328292847,45.53876204043627,megabytes,88270.0,88270.0,78.0,77.44565217391305,0.256372736,0.256372736,0.8046875,0.7736073369565218,success,sgd,0.01,1000000,1e-06,0.002,0.9,2.2742692102741912e-06,
1D-exp-vs-gaussian-64p,,,0.926000679963092,1000000,3.783049456413833e-05,,seconds,45.40341877937317,45.705051973462105,megabytes,88270.0,88270.0,78.0,77.32203389830508,0.256323584,0.256323584,0.80234375,0.7778734110169494,success,sgd,0.01,1000000,1e-06,0.002,0.9,3.783049456413833e-05,
1D-exp-vs-gaussian-64p,,,0.194591697263039,1000000,2.792230401489065e-05,,seconds,45.769776582717896,45.68803097680211,megabytes,88270.0,88270.0,78.0,77.25471698113208,0.256352256,0.256352256,0.81640625,0.7766804245283018,success,sgd,0.01,1000000,1e-06,0.002,0.9,2.792230401489065e-05,
1D-exp-vs-gaussian-64p,,,0.0522892808886955,1000000,2.00666349942366e-06,,seconds,45.863731145858765,45.85744794085622,megabytes,88270.0,88270.0,78.0,77.00909090909092,0.256372736,0.256372736,0.8125,0.7802769886363641,success,sgd,0.01,1000000,1e-06,0.002,0.9,2.00666349942366e-06,
1D-exp-vs-gaussian-64p,,,0.9794808132312156,1000000,3.119820717250827e-05,,seconds,45.69739484786987,45.68069598264992,megabytes,88270.0,88270.0,78.0,77.29464285714286,0.256401408,0.256401408,0.80234375,0.778466796875,success,sgd,0.01,1000000,1e-06,0.002,0.9,3.119820717250827e-05,
1D-exp-vs-gaussian-64p,,,0.2246684830157149,1000000,7.528874844902105e-06,,seconds,46.197482109069824,46.101022304967046,megabytes,88270.0,88270.0,78.0,76.7560975609756,0.256405504,0.256405504,0.80390625,0.7767784552845529,success,sgd,0.01,1000000,1e-06,0.002,0.9,7.528874844902105e-06,
1D-exp-vs-gaussian-64p,,,0.0391400429373568,1000000,7.673284014035603e-06,,seconds,45.88300085067749,45.94474839605391,megabytes,88270.0,88270.0,78.0,76.64545454545454,0.256376832,0.256376832,0.80390625,0.7809801136363637,success,sgd,0.01,1000000,1e-06,0.002,0.9,7.673284014035603e-06,
1D-exp-vs-gaussian-64p,,,0.0159407124189417,1000000,2.609066987059115e-06,,seconds,45.41740846633911,45.65807642415166,megabytes,88270.0,88270.0,78.0,77.63414634146342,0.25643008,0.25643008,0.82421875,0.7800685975609757,success,sgd,0.01,1000000,1e-06,0.002,0.9,2.609066987059115e-06,
1D-exp-vs-gaussian-64p,,,0.6441873447578919,1000000,2.1747110371903403e-05,,seconds,45.84323191642761,45.69612611271441,megabytes,88270.0,88270.0,78.0,77.39795918367346,0.256483328,0.256483328,0.8015625,0.7740593112244899,success,sgd,0.01,1000000,1e-06,0.002,0.9,2.1747110371903403e-05,
1D-exp-vs-gaussian-64p,,,0.2010885307497278,1000000,1.2720173757799488e-05,,seconds,46.09282374382019,45.85939271189272,megabytes,88270.0,88270.0,78.0,76.5,0.256585728,0.256585728,0.83359375,0.7697980182926829,success,sgd,0.01,1000000,1e-06,0.002,0.9,1.2720173757799488e-05,
1D-exp-vs-gaussian-64p,,,0.1061474340824387,1000000,9.051277474995588e-06,,seconds,45.395145416259766,45.60277646966279,megabytes,88270.0,88270.0,78.0,77.16923076923077,0.256524288,0.256524288,0.80390625,0.7796875,success,sgd,0.01,1000000,1e-06,0.002,0.9,9.051277474995588e-06,
1D-exp-vs-gaussian-64p,,,0.0425929704031428,1000000,5.038619866831446e-06,,seconds,45.813509702682495,45.90473264455795,megabytes,88270.0,88270.0,78.0,76.25714285714285,0.256454656,0.256454656,0.8,0.7804464285714287,success,sgd,0.01,1000000,1e-06,0.002,0.9,5.038619866831446e-06,
1D-exp-vs-gaussian-64p,,,0.8228651826635399,1000000,4.069933779274077e-05,,seconds,45.80644702911377,45.68479201942682,megabytes,88270.0,88270.0,78.0,77.17204301075269,0.2564096,0.2564096,0.809375,0.7784274193548387,success,sgd,0.01,1000000,1e-06,0.002,0.9,4.069933779274077e-05,
1D-exp-vs-gaussian-64p,,,0.0122785332796204,1000000,1.334504477725951e-05,,seconds,46.12329983711243,45.87381090037525,megabytes,88270.0,88270.0,78.0,76.83157894736843,0.256598016,0.256598016,0.80546875,0.7722286184210527,success,sgd,0.01,1000000,1e-06,0.002,0.9,1.334504477725951e-05,
1D-exp-vs-gaussian-128p,,,0.0625033809116862,1000000,5.734515392202967e-06,,seconds,46.916688203811646,46.68173775821924,megabytes,88270.0,88270.0,87.0,83.86842105263158,0.267931648,0.267931648,0.803125,0.7640213815789473,success,sgd,0.01,1000000,1e-06,0.002,0.9,5.734515392202967e-06,
1D-exp-vs-gaussian-128p,,,0.067831320250956,1000000,9.139363276420932e-06,,seconds,48.83049941062927,48.88793828897178,megabytes,88270.0,88270.0,85.0,82.51282051282051,0.257794048,0.257794048,0.80859375,0.780375267094017,success,sgd,0.01,1000000,1e-06,0.002,0.9,9.139363276420932e-06,
1D-exp-vs-gaussian-128p,,,0.582700040750364,1000000,3.238919748434044e-05,,seconds,47.37141251564026,47.12916484475136,megabytes,88270.0,88270.0,85.0,84.584,0.25782272,0.25782272,0.8046875,0.7739124999999997,success,sgd,0.01,1000000,1e-06,0.002,0.9,3.238919748434044e-05,
1D-exp-vs-gaussian-128p,,,0.1934891436829107,1000000,8.816028348538684e-06,,seconds,48.94134759902954,48.96056352555752,megabytes,88270.0,88270.0,85.0,82.24038461538461,0.257826816,0.257826816,0.82109375,0.7807091346153848,success,sgd,0.01,1000000,1e-06,0.002,0.9,8.816028348538684e-06,
1D-exp-vs-gaussian-128p,,,0.490875212502565,1000000,4.2563258291528586e-05,,seconds,48.43769025802612,48.26508535258472,megabytes,88270.0,88270.0,85.0,83.51515151515152,0.257970176,0.257970176,0.80625,0.7701112689393941,success,sgd,0.01,1000000,1e-06,0.002,0.9,4.2563258291528586e-05,
1D-exp-vs-gaussian-128p,,,0.3625793985625539,1000000,1.4519369843668806e-05,,seconds,48.648247957229614,48.640319330617785,megabytes,88270.0,88270.0,85.0,82.97087378640776,0.257953792,0.257953792,0.821875,0.7791565533980584,success,sgd,0.01,1000000,1e-06,0.002,0.9,1.4519369843668806e-05,
1D-exp-vs-gaussian-128p,,,0.3958860601399387,1000000,4.216864850908191e-05,,seconds,48.42941999435425,48.50350639224053,megabytes,88270.0,88270.0,84.0,82.92063492063492,0.258019328,0.258019328,0.809375,0.7796626984126984,success,sgd,0.01,1000000,1e-06,0.002,0.9,4.216864850908191e-05,
1D-exp-vs-gaussian-128p,,,0.0297845890505318,1000000,6.6745768352736886e-06,,seconds,48.65031671524048,48.7592696826905,megabytes,88270.0,88270.0,85.0,82.76595744680851,0.257990656,0.257990656,0.81015625,0.7792137632978722,success,sgd,0.01,1000000,1e-06,0.002,0.9,6.6745768352736886e-06,
1D-exp-vs-gaussian-128p,,,0.8768621186649438,1000000,5.857500348555732e-05,,seconds,47.98972463607788,47.82465996965766,megabytes,88270.0,88270.0,85.0,84.24358974358974,0.258056192,0.258056192,0.80546875,0.774058493589744,success,sgd,0.01,1000000,1e-06,0.002,0.9,5.857500348555732e-05,
1D-exp-vs-gaussian-128p,,,0.0534164818754277,1000000,3.791337895116587e-06,,seconds,48.69226670265198,48.4315587785095,megabytes,88270.0,88270.0,85.0,83.0,0.258260992,0.258260992,0.8046875,0.7739419291338584,success,sgd,0.01,1000000,1e-06,0.002,0.9,3.791337895116587e-06,
1D-exp-vs-gaussian-128p,,,0.0898896256700891,1000000,1.2315334960674864e-05,,seconds,48.392210245132446,48.30168108083308,megabytes,88270.0,88270.0,85.0,83.24107142857143,0.258093056,0.258093056,0.80703125,0.7776367187500002,success,sgd,0.01,1000000,1e-06,0.002,0.9,1.2315334960674864e-05,
1D-exp-vs-gaussian-128p,,,0.9955765623404964,1000000,6.051268965090343e-05,,seconds,48.52791881561279,48.6376734264195,megabytes,88270.0,88270.0,85.0,83.24528301886792,0.258093056,0.258093056,0.80703125,0.7812205188679243,success,sgd,0.01,1000000,1e-06,0.002,0.9,6.051268965090343e-05,
1D-exp-vs-gaussian-128p,,,0.5005921558719904,1000000,9.052745455946525e-05,,seconds,48.72705006599426,48.51145666278899,megabytes,88270.0,88270.0,85.0,82.64485981308411,0.258215936,0.258215936,0.80390625,0.77352511682243,success,sgd,0.01,1000000,1e-06,0.002,0.9,9.052745455946525e-05,
1D-exp-vs-gaussian-128p,,,0.0189016468336325,1000000,1.1170097578517426e-05,,seconds,48.91813778877258,48.92010714486241,megabytes,88270.0,88270.0,85.0,82.46902654867256,0.2581504,0.2581504,0.80859375,0.7803097345132743,success,sgd,0.01,1000000,1e-06,0.002,0.9,1.1170097578517426e-05,
1D-exp-vs-gaussian-128p,,,1.0086017692001903,1000000,5.884740138904333e-05,,seconds,48.28323245048523,48.31038331054151,megabytes,88270.0,88270.0,85.0,83.48571428571428,0.25802752,0.25802752,0.80390625,0.7815624999999999,success,sgd,0.01,1000000,1e-06,0.002,0.9,5.884740138904333e-05,
1D-exp-vs-gaussian-128p,,,0.3080339910858955,1000000,2.6581606538458204e-05,,seconds,49.61674952507019,49.44383755512536,megabytes,88270.0,88270.0,85.0,80.18095238095238,0.258064384,0.258064384,0.80703125,0.7734002976190477,success,sgd,0.01,1000000,1e-06,0.002,0.9,2.6581606538458204e-05,
1D-exp-vs-gaussian-128p,,,0.4298649759303021,1000000,3.7403274695787e-05,,seconds,48.50329566001892,48.3608850967139,megabytes,88270.0,88270.0,85.0,83.14545454545454,0.258072576,0.258072576,0.80703125,0.7755113636363636,success,sgd,0.01,1000000,1e-06,0.002,0.9,3.7403274695787e-05,
1D-exp-vs-gaussian-128p,,,0.0956766036778875,1000000,6.625299979901888e-06,,seconds,48.96148109436035,48.8580546695739,megabytes,88270.0,88270.0,85.0,82.515625,0.258076672,0.258076672,0.809375,0.7767028808593749,success,sgd,0.01,1000000,1e-06,0.002,0.9,6.625299979901888e-06,
1D-exp-vs-gaussian-128p,,,0.898473743899342,1000000,5.20779975671625e-05,,seconds,48.34411644935608,48.428689274936914,megabytes,88270.0,88270.0,85.0,82.62727272727273,0.25812992,0.25812992,0.809375,0.7802343749999999,success,sgd,0.01,1000000,1e-06,0.002,0.9,5.20779975671625e-05,
1D-exp-vs-gaussian-128p,,,0.2074749759132868,1000000,3.871558037799117e-05,,seconds,49.23784780502319,48.984260423108935,megabytes,88270.0,88270.0,85.0,82.256,0.258338816,0.258338816,0.80625,0.7750999999999997,success,sgd,0.01,1000000,1e-06,0.002,0.9,3.871558037799117e-05,
1D-exp-vs-gaussian-128p,,,0.0522404573528683,1000000,7.266024578885893e-06,,seconds,48.44700789451599,48.654872480779886,megabytes,88270.0,88270.0,85.0,82.47916666666667,0.258162688,0.258162688,0.803125,0.7789984809027777,success,sgd,0.01,1000000,1e-06,0.002,0.9,7.266024578885893e-06,
1D-exp-vs-gaussian-128p,,,0.9788772422809352,1000000,3.744160238433704e-05,,seconds,48.99727463722229,49.1263635084033,megabytes,88270.0,88270.0,85.0,82.18333333333334,0.258195456,0.258195456,0.809375,0.7813476562500002,success,sgd,0.01,1000000,1e-06,0.002,0.9,3.744160238433704e-05,
1D-exp-vs-gaussian-128p,,,0.2244048452981727,1000000,9.71306678749755e-06,,seconds,48.09334015846253,48.134876845404506,megabytes,88270.0,88270.0,85.0,83.41,0.258207744,0.258207744,0.809375,0.7783671875,success,sgd,0.01,1000000,1e-06,0.002,0.9,9.71306678749755e-06,
1D-exp-vs-gaussian-128p,,,0.039010558058608,1000000,9.673738419739163e-06,,seconds,49.21590304374695,49.02942162007093,megabytes,88270.0,88270.0,85.0,82.5625,0.258220032,0.258220032,0.80703125,0.7728881835937499,success,sgd,0.01,1000000,1e-06,0.002,0.9,9.673738419739163e-06,
1D-exp-vs-gaussian-128p,,,0.0159538451613226,1000000,6.01310801895048e-06,,seconds,47.89146876335144,47.71831177175045,megabytes,88270.0,88270.0,85.0,83.944,0.258215936,0.258215936,0.809375,0.7746249999999998,success,sgd,0.01,1000000,1e-06,0.002,0.9,6.01310801895048e-06,
1D-exp-vs-gaussian-128p,,,0.6646494569903392,1000000,2.9568342668028866e-05,,seconds,48.963844537734985,48.882567482069135,megabytes,88270.0,88270.0,85.0,82.48148148148148,0.258187264,0.258187264,0.8109375,0.7749565972222222,success,sgd,0.01,1000000,1e-06,0.002,0.9,2.9568342668028866e-05,
1D-exp-vs-gaussian-128p,,,0.2004331680283057,1000000,1.67271018206238e-05,,seconds,48.573739767074585,48.42928875423968,megabytes,88270.0,88270.0,84.0,83.02654867256638,0.2582528,0.2582528,0.80859375,0.7764518805309731,success,sgd,0.01,1000000,1e-06,0.002,0.9,1.67271018206238e-05,
1D-exp-vs-gaussian-128p,,,0.1060146279361859,1000000,1.65594655879165e-05,,seconds,48.8879930973053,48.70518703572452,megabytes,88270.0,88270.0,85.0,82.52586206896552,0.258301952,0.258301952,0.80859375,0.776953125,success,sgd,0.01,1000000,1e-06,0.002,0.9,1.65594655879165e-05,
1D-exp-vs-gaussian-128p,,,0.0386360465086901,1000000,1.3449608773436627e-05,,seconds,48.80428314208984,48.61290868744254,megabytes,88270.0,88270.0,85.0,82.625,0.258265088,0.258265088,0.80859375,0.7761343149038462,success,sgd,0.01,1000000,1e-06,0.002,0.9,1.3449608773436627e-05,
1D-exp-vs-gaussian-128p,,,0.8469579191078899,1000000,4.488281792838834e-05,,seconds,49.22101283073425,48.97177943587303,megabytes,88270.0,88270.0,85.0,82.35344827586206,0.258453504,0.258453504,0.81484375,0.7740503771551727,success,sgd,0.01,1000000,1e-06,0.002,0.9,4.488281792838834e-05,
1D-exp-vs-gaussian-128p,,,0.0121269198872767,1000000,2.2882754652906397e-05,,seconds,47.48995590209961,47.485342372208834,megabytes,88270.0,88270.0,85.0,84.09009009009009,0.258342912,0.258342912,0.80234375,0.7797367680180181,success,sgd,0.01,1000000,1e-06,0.002,0.9,2.2882754652906397e-05,
1D-exp-vs-gaussian-256p,,,0.0601607326093699,1000000,2.3987348083460383e-05,,seconds,54.5356011390686,54.47687656246126,megabytes,88270.0,88270.0,82.0,80.3515625,0.269328384,0.269328384,0.8078125,0.7759582519531253,success,sgd,0.01,1000000,1e-06,0.002,0.9,2.3987348083460383e-05,
1D-exp-vs-gaussian-256p,,,0.0678164976990518,1000000,3.0126299033676963e-05,,seconds,54.06980061531067,53.872549859806895,megabytes,88270.0,88270.0,81.0,80.73239436619718,0.258940928,0.258940928,0.80546875,0.7763149207746476,success,sgd,0.01,1000000,1e-06,0.002,0.9,3.0126299033676963e-05,
1D-exp-vs-gaussian-256p,,,0.5817933467192182,1000000,8.058069235860285e-05,,seconds,54.05086970329285,53.9135920740664,megabytes,88270.0,88270.0,82.0,81.67669172932331,0.258891776,0.258891776,0.82265625,0.7759163533834587,success,sgd,0.01,1000000,1e-06,0.002,0.9,8.058069235860285e-05,
1D-exp-vs-gaussian-256p,,,0.1869980263126858,1000000,2.787053324604692e-05,,seconds,54.21142578125,54.07880039513111,megabytes,88270.0,88270.0,81.0,80.21428571428571,0.258924544,0.258924544,0.809375,0.775422512755102,success,sgd,0.01,1000000,1e-06,0.002,0.9,2.787053324604692e-05,
1D-exp-vs-gaussian-256p,,,0.4906222461627418,1000000,5.593777715230549e-05,,seconds,54.08037734031677,54.21520213037729,megabytes,88270.0,88270.0,82.0,80.76315789473684,0.25890816,0.25890816,0.80625,0.7791598135964908,success,sgd,0.01,1000000,1e-06,0.002,0.9,5.593777715230549e-05,
1D-exp-vs-gaussian-256p,,,0.3623932461818909,1000000,4.30897850884592e-05,,seconds,53.82473421096802,54.05093042925,megabytes,88270.0,88270.0,82.0,81.15126050420169,0.258985984,0.258985984,0.80859375,0.7788209033613445,success,sgd,0.01,1000000,1e-06,0.002,0.9,4.30897850884592e-05,
1D-exp-vs-gaussian-256p,,,0.395647391135099,1000000,5.9001458073343125e-05,,seconds,54.04625344276428,54.02904517762363,megabytes,88270.0,88270.0,81.0,80.24418604651163,0.258985984,0.258985984,0.8046875,0.7786064680232561,success,sgd,0.01,1000000,1e-06,0.002,0.9,5.9001458073343125e-05,
1D-exp-vs-gaussian-256p,,,0.0297859893778843,1000000,3.287604149445966e-05,,seconds,54.36107277870178,54.1958335544914,megabytes,88270.0,88270.0,82.0,80.94915254237289,0.259035136,0.259035136,0.80546875,0.7748543432203391,success,sgd,0.01,1000000,1e-06,0.002,0.9,3.287604149445966e-05,
1D-exp-vs-gaussian-256p,,,0.889220574861482,1000000,0.0001046149980194,,seconds,54.2808005809784,54.15309004858136,megabytes,88270.0,88270.0,81.0,80.46616541353383,0.259096576,0.259096576,0.809375,0.7772145206766916,success,sgd,0.01,1000000,1e-06,0.002,0.9,0.0001046149980194,
1D-exp-vs-gaussian-256p,,,0.0564747699964451,1000000,2.5497426726749134e-05,,seconds,54.236544370651245,54.04204033873975,megabytes,88270.0,88270.0,82.0,81.15384615384616,0.259149824,0.259149824,0.80859375,0.7750075120192308,success,sgd,0.01,1000000,1e-06,0.002,0.9,2.5497426726749134e-05,
1D-exp-vs-gaussian-256p,,,0.0930726483484638,1000000,3.853316318611757e-05,,seconds,54.43905997276306,54.27840184047818,megabytes,88270.0,88270.0,82.0,80.90697674418605,0.2589696,0.2589696,0.809375,0.7767926356589147,success,sgd,0.01,1000000,1e-06,0.002,0.9,3.853316318611757e-05,
1D-exp-vs-gaussian-256p,,,0.9952513199515638,1000000,9.252774333693082e-05,,seconds,54.48803639411926,54.32362336851656,megabytes,88270.0,88270.0,82.0,80.40310077519379,0.258977792,0.258977792,0.80625,0.7745155038759688,success,sgd,0.01,1000000,1e-06,0.002,0.9,9.252774333693082e-05,
1D-exp-vs-gaussian-256p,,,0.488635932216794,1000000,0.0001421938468105,,seconds,54.076722383499146,54.09920523874462,megabytes,88270.0,88270.0,82.0,80.98630136986301,0.258981888,0.258981888,0.8109375,0.7809824486301371,success,sgd,0.01,1000000,1e-06,0.002,0.9,0.0001421938468105,
1D-exp-vs-gaussian-256p,,,0.0189128715995349,1000000,3.10384743205384e-05,,seconds,54.13906931877136,54.06880193576217,megabytes,88270.0,88270.0,81.0,80.26548672566372,0.259006464,0.259006464,0.81484375,0.7779728982300884,success,sgd,0.01,1000000,1e-06,0.002,0.9,3.10384743205384e-05,
1D-exp-vs-gaussian-256p,,,1.0081477896209008,1000000,8.95427251410016e-05,,seconds,54.13600254058838,53.98942993395031,megabytes,88270.0,88270.0,82.0,80.77272727272727,0.259014656,0.259014656,0.809375,0.7759801136363632,success,sgd,0.01,1000000,1e-06,0.002,0.9,8.95427251410016e-05,
1D-exp-vs-gaussian-256p,,,0.3078755576842672,1000000,4.835244224922831e-05,,seconds,54.24786639213562,54.00293403491378,megabytes,88270.0,88270.0,82.0,80.43650793650794,0.2591744,0.2591744,0.80390625,0.7736855158730157,success,sgd,0.01,1000000,1e-06,0.002,0.9,4.835244224922831e-05,
1D-exp-vs-gaussian-256p,,,0.4296682384787713,1000000,6.114873587572774e-05,,seconds,53.90428185462952,54.05278033204377,megabytes,88270.0,88270.0,82.0,81.43150684931507,0.259076096,0.259076096,0.8125,0.7795002140410962,success,sgd,0.01,1000000,1e-06,0.002,0.9,6.114873587572774e-05,
1D-exp-vs-gaussian-256p,,,0.1001961324951458,1000000,3.102602097498315e-05,,seconds,54.23152756690979,54.14579043537378,megabytes,88270.0,88270.0,82.0,80.92465753424658,0.259145728,0.259145728,0.80390625,0.7789116010273973,success,sgd,0.01,1000000,1e-06,0.002,0.9,3.102602097498315e-05,
1D-exp-vs-gaussian-256p,,,0.8981661694549194,1000000,6.731919380005955e-05,,seconds,53.91072130203247,53.91913647577167,megabytes,88270.0,88270.0,81.0,80.55555555555556,0.259084288,0.259084288,0.81015625,0.7817107371794874,success,sgd,0.01,1000000,1e-06,0.002,0.9,6.731919380005955e-05,
1D-exp-vs-gaussian-256p,,,0.207186459072915,1000000,6.254344033325409e-05,,seconds,54.26020503044128,54.236798360943794,megabytes,88270.0,88270.0,82.0,80.85714285714286,0.259166208,0.259166208,0.80234375,0.7786334325396823,success,sgd,0.01,1000000,1e-06,0.002,0.9,6.254344033325409e-05,
1D-exp-vs-gaussian-256p,,,0.0501473173094217,1000000,2.384472614000884e-05,,seconds,54.26423168182373,54.161458319053054,megabytes,88270.0,88270.0,81.0,80.33944954128441,0.2591744,0.2591744,0.803125,0.7755447247706422,success,sgd,0.01,1000000,1e-06,0.002,0.9,2.384472614000884e-05,
1D-exp-vs-gaussian-256p,,,0.9916531844615856,1000000,6.852346958374858e-05,,seconds,54.26202726364136,54.128013944253325,megabytes,88270.0,88270.0,82.0,81.11347517730496,0.25915392,0.25915392,0.8078125,0.7771553634751773,success,sgd,0.01,1000000,1e-06,0.002,0.9,6.852346958374858e-05,
1D-exp-vs-gaussian-256p,,,0.2243247346687064,1000000,3.899710620606527e-05,,seconds,54.51091003417969,54.5015082731843,megabytes,88270.0,88270.0,82.0,80.13559322033899,0.259178496,0.259178496,0.8046875,0.7786679025423733,success,sgd,0.01,1000000,1e-06,0.002,0.9,3.899710620606527e-05,
1D-exp-vs-gaussian-256p,,,0.0364718607895717,1000000,4.19870933995375e-05,,seconds,54.02670574188232,53.96318391524255,megabytes,88270.0,88270.0,82.0,81.51754385964912,0.259260416,0.259260416,0.80703125,0.7769394188596491,success,sgd,0.01,1000000,1e-06,0.002,0.9,4.19870933995375e-05,
1D-exp-vs-gaussian-256p,,,0.0159587721937556,1000000,2.573333968958472e-05,,seconds,54.07943630218506,54.08392854966223,megabytes,88270.0,88270.0,81.0,80.31782945736434,0.259248128,0.259248128,0.8078125,0.7808624031007754,success,sgd,0.01,1000000,1e-06,0.002,0.9,2.573333968958472e-05,
1D-exp-vs-gaussian-256p,,,0.6539869937366722,1000000,5.902072725296464e-05,,seconds,53.99622368812561,53.9346556533128,megabytes,88270.0,88270.0,82.0,81.42647058823529,0.259260416,0.259260416,0.80390625,0.7772288602941176,success,sgd,0.01,1000000,1e-06,0.002,0.9,5.902072725296464e-05,
1D-exp-vs-gaussian-256p,,,0.2002609555043725,1000000,3.2932706846339594e-05,,seconds,53.81038236618042,54.0424276497215,megabytes,88270.0,88270.0,82.0,81.4920634920635,0.259301376,0.259301376,0.80703125,0.7790488591269843,success,sgd,0.01,1000000,1e-06,0.002,0.9,3.2932706846339594e-05,
1D-exp-vs-gaussian-256p,,,0.1020442675674857,1000000,4.830906098589638e-05,,seconds,54.06282377243042,54.051857160404325,megabytes,88270.0,88270.0,82.0,80.66129032258064,0.259330048,0.259330048,0.81484375,0.7760206653225803,success,sgd,0.01,1000000,1e-06,0.002,0.9,4.830906098589638e-05,
1D-exp-vs-gaussian-256p,,,0.0386164858669881,1000000,4.465063152078855e-05,,seconds,54.35859060287476,54.21816601231694,megabytes,88270.0,88270.0,82.0,80.90441176470588,0.25929728,0.25929728,0.809375,0.7770852481617648,success,sgd,0.01,1000000,1e-06,0.002,0.9,4.465063152078855e-05,
1D-exp-vs-gaussian-256p,,,0.8466571009010841,1000000,7.838081490210241e-05,,seconds,53.70014500617981,53.95286532863975,megabytes,88270.0,88270.0,82.0,81.28378378378379,0.259354624,0.259354624,0.80546875,0.7796822212837841,success,sgd,0.01,1000000,1e-06,0.002,0.9,7.838081490210241e-05,
1D-exp-vs-gaussian-256p,,,0.0120685857508872,1000000,4.070913362271919e-05,,seconds,53.97587776184082,53.9777435362339,megabytes,88270.0,88270.0,81.0,80.60483870967742,0.259371008,0.259371008,0.80625,0.7800529233870966,success,sgd,0.01,1000000,1e-06,0.002,0.9,4.070913362271919e-05,
1D-exp-vs-gaussian-512p,,,0.0612979672040841,1000000,9.785206177595136e-05,,seconds,70.50137090682983,70.71645043604076,megabytes,88272.0,88272.0,85.0,83.648,0.270778368,0.370225152,0.80859375,0.7758687499999997,success,sgd,0.01,1000000,1e-06,0.002,0.9,9.785206177595136e-05,
1D-exp-vs-gaussian-512p,,,0.0665019128014268,1000000,8.69308432366223e-05,,seconds,70.40552735328674,70.12912096641958,megabytes,88272.0,88272.0,85.0,83.76258992805755,0.26021888,0.26021888,0.80703125,0.7745672212230211,success,sgd,0.01,1000000,1e-06,0.002,0.9,8.69308432366223e-05,
1D-exp-vs-gaussian-512p,,,0.5856412406754314,1000000,0.0001770757880832,,seconds,70.21400308609009,70.01229649223387,megabytes,88272.0,88272.0,85.0,83.90052356020942,0.25995264,0.25995264,0.82421875,0.7769388089005241,success,sgd,0.01,1000000,1e-06,0.002,0.9,0.0001770757880832,
1D-exp-vs-gaussian-512p,,,0.1903120395003572,1000000,0.0001143830574262,,seconds,69.91543579101562,70.00017189979553,megabytes,88272.0,88272.0,85.0,84.23076923076923,0.259964928,0.259964928,0.80390625,0.7792568108974357,success,sgd,0.01,1000000,1e-06,0.002,0.9,0.0001143830574262,
1D-exp-vs-gaussian-512p,,,0.4854823136296629,1000000,0.000146360155052,,seconds,69.96590566635132,70.07323629967868,megabytes,88272.0,88272.0,85.0,84.17469879518072,0.259944448,0.259944448,0.81796875,0.7804075677710841,success,sgd,0.01,1000000,1e-06,0.002,0.9,0.000146360155052,
1D-exp-vs-gaussian-512p,,,0.3580248271006677,1000000,0.0001223401726521,,seconds,70.09040641784668,70.1057348344475,megabytes,88272.0,88272.0,85.0,84.09411764705882,0.259985408,0.259985408,0.80625,0.7790808823529412,success,sgd,0.01,1000000,1e-06,0.002,0.9,0.0001223401726521,
1D-exp-vs-gaussian-512p,,,0.3909760974408472,1000000,0.0001646960286161,,seconds,69.78622841835022,69.87684305757284,megabytes,88272.0,88272.0,85.0,84.21917808219177,0.25985024,0.25985024,0.8125,0.7781785102739727,success,sgd,0.01,1000000,1e-06,0.002,0.9,0.0001646960286161,
1D-exp-vs-gaussian-512p,,,0.0297786655746098,1000000,0.0001157362537244,,seconds,70.42604756355286,70.20041622966528,megabytes,88272.0,88272.0,85.0,83.96629213483146,0.260001792,0.260001792,0.81015625,0.7749956109550563,success,sgd,0.01,1000000,1e-06,0.002,0.9,0.0001157362537244,
1D-exp-vs-gaussian-512p,,,0.8883900874913386,1000000,0.0001873403411776,,seconds,70.01862692832947,69.91379341110587,megabytes,88272.0,88272.0,86.0,84.1556886227545,0.259919872,0.259919872,0.80703125,0.7769788547904191,success,sgd,0.01,1000000,1e-06,0.002,0.9,0.0001873403411776,
1D-exp-vs-gaussian-512p,,,0.0549799172330676,1000000,0.0001081233695372,,seconds,69.88283133506775,70.08819932118058,megabytes,88272.0,88272.0,86.0,84.13157894736842,0.260001792,0.260001792,0.8078125,0.7803967927631582,success,sgd,0.01,1000000,1e-06,0.002,0.9,0.0001081233695372,
1D-exp-vs-gaussian-512p,,,0.0930484236580067,1000000,9.77800608988604e-05,,seconds,69.99221396446228,70.07506518438458,megabytes,88272.0,88272.0,85.0,84.09933774834437,0.260009984,0.260009984,0.80234375,0.7787199917218541,success,sgd,0.01,1000000,1e-06,0.002,0.9,9.77800608988604e-05,
1D-exp-vs-gaussian-512p,,,0.9883399854909476,1000000,0.0001739929558113,,seconds,70.25087356567383,70.05305499583483,megabytes,88272.0,88272.0,85.0,84.1547619047619,0.260042752,0.260042752,0.8109375,0.7777250744047616,success,sgd,0.01,1000000,1e-06,0.002,0.9,0.0001739929558113,
1D-exp-vs-gaussian-512p,,,0.4880281509206545,1000000,0.0002569956954718,,seconds,70.22527050971985,70.02964927069843,megabytes,88272.0,88272.0,85.0,84.11173184357541,0.26011648,0.26011648,0.81484375,0.7781380935754191,success,sgd,0.01,1000000,1e-06,0.002,0.9,0.0002569956954718,
1D-exp-vs-gaussian-512p,,,0.0189157844451011,1000000,0.0001129062580583,,seconds,70.08184742927551,70.12446618266404,megabytes,88272.0,88272.0,85.0,84.10843373493977,0.260067328,0.260067328,0.80703125,0.7786521084337348,success,sgd,0.01,1000000,1e-06,0.002,0.9,0.0001129062580583,
1D-exp-vs-gaussian-512p,,,1.0138362766056075,1000000,0.0001863296383475,,seconds,70.02626514434814,69.94714226387441,megabytes,88272.0,88272.0,85.0,84.15196078431373,0.260145152,0.260145152,0.80546875,0.7792126225490195,success,sgd,0.01,1000000,1e-06,0.002,0.9,0.0001863296383475,
1D-exp-vs-gaussian-512p,,,0.3039217495263062,1000000,0.0001281439255998,,seconds,70.37915205955505,70.21739825420082,megabytes,88272.0,88272.0,85.0,84.0,0.260079616,0.260079616,0.8046875,0.7764564043209877,success,sgd,0.01,1000000,1e-06,0.002,0.9,0.0001281439255998,
1D-exp-vs-gaussian-512p,,,0.4295950518685686,1000000,0.0001203172509765,,seconds,69.79020309448242,69.76152215339243,megabytes,88272.0,88272.0,86.0,84.25,0.260165632,0.260165632,0.81015625,0.7797230113636364,success,sgd,0.01,1000000,1e-06,0.002,0.9,0.0001203172509765,
1D-exp-vs-gaussian-512p,,,0.1002324767439696,1000000,0.0001120771140697,,seconds,69.95876431465149,70.10883629508317,megabytes,88272.0,88272.0,85.0,84.09493670886076,0.260165632,0.260165632,0.80390625,0.7793858781645571,success,sgd,0.01,1000000,1e-06,0.002,0.9,0.0001120771140697,
1D-exp-vs-gaussian-512p,,,0.9044205858781024,1000000,0.0001573625485591,,seconds,70.11851954460144,69.95693535730243,megabytes,88272.0,88272.0,85.0,84.08163265306122,0.260202496,0.260202496,0.80625,0.7759406887755104,success,sgd,0.01,1000000,1e-06,0.002,0.9,0.0001573625485591,
1D-exp-vs-gaussian-512p,,,0.2069344271992987,1000000,0.0001251554555884,,seconds,70.94636702537537,70.8812315966934,megabytes,88272.0,88272.0,85.0,82.97126436781609,0.26025984,0.26025984,0.80390625,0.7775682471264362,success,sgd,0.01,1000000,1e-06,0.002,0.9,0.0001251554555884,
1D-exp-vs-gaussian-512p,,,0.0501307098996208,1000000,9.077298244103512e-05,,seconds,70.30599451065063,70.04497288912535,megabytes,88272.0,88272.0,85.0,84.04022988505747,0.260448256,0.260448256,0.8078125,0.7751706178160922,success,sgd,0.01,1000000,1e-06,0.002,0.9,9.077298244103512e-05,
1D-exp-vs-gaussian-512p,,,0.9847980206381534,1000000,0.0001274464651468,,seconds,70.0717043876648,70.11482035182416,megabytes,88272.0,88272.0,85.0,84.06428571428572,0.260288512,0.260288512,0.80703125,0.7801339285714288,success,sgd,0.01,1000000,1e-06,0.002,0.9,0.0001274464651468,
1D-exp-vs-gaussian-512p,,,0.2273776005276874,1000000,9.688087560480968e-05,,seconds,70.15723419189453,70.11488327942789,megabytes,88272.0,88272.0,85.0,84.07638888888889,0.260304896,0.260304896,0.81015625,0.7782389322916669,success,sgd,0.01,1000000,1e-06,0.002,0.9,9.688087560480968e-05,
1D-exp-vs-gaussian-512p,,,0.0364405523092571,1000000,0.000107070631706,,seconds,70.29078531265259,70.11365452222526,megabytes,88272.0,88272.0,85.0,84.12209302325581,0.260333568,0.260333568,0.8078125,0.7762354651162796,success,sgd,0.01,1000000,1e-06,0.002,0.9,0.000107070631706,
1D-exp-vs-gaussian-512p,,,0.015962877661953,1000000,0.0001017687904901,,seconds,70.0000650882721,70.07716498337686,megabytes,88272.0,88272.0,85.0,84.08021390374331,0.260390912,0.260390912,0.8078125,0.779165274064171,success,sgd,0.01,1000000,1e-06,0.002,0.9,0.0001017687904901,
1D-exp-vs-gaussian-512p,,,0.6538876937225715,1000000,0.0001229257167396,,seconds,70.02371335029602,69.8793892879039,megabytes,88272.0,88272.0,85.0,84.3125,0.260354048,0.260354048,0.8078125,0.7774755859375,success,sgd,0.01,1000000,1e-06,0.002,0.9,0.0001229257167396,
1D-exp-vs-gaussian-512p,,,0.200171136533023,1000000,0.0001050933746282,,seconds,69.87439894676208,69.90971911884844,megabytes,88272.0,88272.0,85.0,84.21518987341773,0.260440064,0.260440064,0.8078125,0.7790545886075947,success,sgd,0.01,1000000,1e-06,0.002,0.9,0.0001050933746282,
1D-exp-vs-gaussian-512p,,,0.1020107900345074,1000000,0.0001325895283962,,seconds,70.16902351379395,70.10240239091218,megabytes,88272.0,88272.0,85.0,84.14388489208633,0.260493312,0.260493312,0.80703125,0.778130620503597,success,sgd,0.01,1000000,1e-06,0.002,0.9,0.0001325895283962,
1D-exp-vs-gaussian-512p,,,0.0386019668712748,1000000,0.0001300066416604,,seconds,69.96933674812317,69.95153496600688,megabytes,88272.0,88272.0,85.0,84.16265060240964,0.174710784,0.174710784,0.80703125,0.7790568524096383,success,sgd,0.01,1000000,1e-06,0.002,0.9,0.0001300066416604,
1D-exp-vs-gaussian-512p,,,0.8461725653773768,1000000,0.0001683119557787,,seconds,69.69439148902893,69.73277972638607,megabytes,88272.0,88272.0,86.0,84.46496815286625,0.174555136,0.174555136,0.8078125,0.7799363057324844,success,sgd,0.01,1000000,1e-06,0.002,0.9,0.0001683119557787,
1D-exp-vs-gaussian-512p,,,0.0119870875262458,1000000,9.664552331929256e-05,,seconds,70.32114672660828,70.07339569553733,megabytes,88272.0,88272.0,85.0,83.76243093922652,0.17494016,0.17494016,0.803125,0.7758848411602214,success,sgd,0.01,1000000,1e-06,0.002,0.9,9.664552331929256e-05,
1D-exp-vs-gaussian-1024p,,,0.0606582546201788,1000000,0.0002940205671749,,seconds,88.1422472000122,88.25679036974907,megabytes,88272.0,88272.0,93.0,91.04597701149426,0.191893504,0.225611776,0.80390625,0.7745465158045979,success,sgd,0.01,1000000,1e-06,0.002,0.9,0.0002940205671749,
1D-exp-vs-gaussian-1024p,,,0.0663828510916886,1000000,0.0003041089190224,,seconds,87.49364471435547,87.58798829652369,megabytes,88272.0,88272.0,93.0,92.39247311827955,0.17516544,0.17516544,0.80625,0.7794396841397848,success,sgd,0.01,1000000,1e-06,0.002,0.9,0.0003041089190224,
1D-exp-vs-gaussian-1024p,,,0.5773426915128108,1000000,0.0005412748410185,,seconds,87.3034360408783,87.4269502107054,megabytes,88272.0,88272.0,93.0,92.18811881188118,0.260984832,0.260984832,0.8078125,0.780201887376237,success,sgd,0.01,1000000,1e-06,0.002,0.9,0.0005412748410185,
1D-exp-vs-gaussian-1024p,,,0.188854157306958,1000000,0.0003637760498141,,seconds,87.19313883781433,87.21919244714081,megabytes,88272.0,88272.0,93.0,92.66197183098592,0.261029888,0.261029888,0.8171875,0.7807475058685446,success,sgd,0.01,1000000,1e-06,0.002,0.9,0.0003637760498141,
1D-exp-vs-gaussian-1024p,,,0.4870490890614555,1000000,0.0004266662198437,,seconds,87.3566505908966,87.23818427883089,megabytes,88272.0,88272.0,93.0,92.39512195121952,0.261025792,0.261025792,0.80859375,0.7775152439024388,success,sgd,0.01,1000000,1e-06,0.002,0.9,0.0004266662198437,
1D-exp-vs-gaussian-1024p,,,0.3572801226475591,1000000,0.0003989045791233,,seconds,88.92465829849243,88.84727964550257,megabytes,88272.0,88272.0,92.0,91.26041666666669,0.17528832,0.17528832,0.8140625,0.7788167317708337,success,sgd,0.01,1000000,1e-06,0.002,0.9,0.0003989045791233,
1D-exp-vs-gaussian-1024p,,,0.3923021183431631,1000000,0.0004496112549318,,seconds,87.53924465179443,87.37842643074691,megabytes,88272.0,88272.0,93.0,92.3073593073593,0.261095424,0.261095424,0.81015625,0.779301948051948,success,sgd,0.01,1000000,1e-06,0.002,0.9,0.0004496112549318,
1D-exp-vs-gaussian-1024p,,,0.029727851931464,1000000,0.000361614445558,,seconds,89.24801874160767,89.0552226305008,megabytes,88272.0,88272.0,92.0,91.09876543209876,0.26120192,0.26120192,0.8171875,0.7775366512345679,success,sgd,0.01,1000000,1e-06,0.002,0.9,0.000361614445558,
1D-exp-vs-gaussian-1024p,,,0.8837212322580961,1000000,0.0004986845946533,,seconds,87.39926671981812,87.35860368981957,megabytes,88272.0,88272.0,93.0,92.3248730964467,0.175198208,0.175198208,0.8203125,0.7780337880710655,success,sgd,0.01,1000000,1e-06,0.002,0.9,0.0004986845946533,
1D-exp-vs-gaussian-1024p,,,0.0550818829408279,1000000,0.0003781458636112,,seconds,87.6042742729187,87.53135604411364,megabytes,88272.0,88272.0,93.0,92.29646017699116,0.261033984,0.261033984,0.80703125,0.7794005807522122,success,sgd,0.01,1000000,1e-06,0.002,0.9,0.0003781458636112,
1D-exp-vs-gaussian-1024p,,,0.0929372042448843,1000000,0.0003184612988299,,seconds,87.1619303226471,87.24314831569791,megabytes,88272.0,88272.0,93.0,92.66666666666669,0.261062656,0.261062656,0.82890625,0.7795802696078429,success,sgd,0.01,1000000,1e-06,0.002,0.9,0.0003184612988299,
1D-exp-vs-gaussian-1024p,,,0.9871549705078824,1000000,0.0004386478680166,,seconds,87.54809474945068,87.4008178524673,megabytes,88272.0,88272.0,93.0,92.65454545454546,0.260919296,0.260919296,0.8109375,0.7761647727272729,success,sgd,0.01,1000000,1e-06,0.002,0.9,0.0004386478680166,
1D-exp-vs-gaussian-1024p,,,0.4850084064634467,1000000,0.0005398968697591,,seconds,87.62781548500061,87.67585180327296,megabytes,88272.0,88272.0,93.0,92.30208333333331,0.175149056,0.175149056,0.80703125,0.7806762695312499,success,sgd,0.01,1000000,1e-06,0.002,0.9,0.0005398968697591,
1D-exp-vs-gaussian-1024p,,,0.0189231763573044,1000000,0.0003758584500631,,seconds,89.98771047592163,90.0853285640478,megabytes,88272.0,88272.0,91.0,90.13899613899612,0.260988928,0.260988928,0.81171875,0.7804144546332046,success,sgd,0.01,1000000,1e-06,0.002,0.9,0.0003758584500631,
1D-exp-vs-gaussian-1024p,,,1.012778543336296,1000000,0.0004374764339348,,seconds,87.31827759742737,87.30760834552348,megabytes,88272.0,88272.0,93.0,92.43103448275862,0.261013504,0.261013504,0.8078125,0.7791823814655172,success,sgd,0.01,1000000,1e-06,0.002,0.9,0.0004374764339348,
1D-exp-vs-gaussian-1024p,,,0.3033731672511714,1000000,0.0003759068628246,,seconds,87.74966597557068,87.70312547497451,megabytes,88272.0,88272.0,93.0,92.14754098360656,0.261046272,0.261046272,0.80546875,0.7809746413934426,success,sgd,0.01,1000000,1e-06,0.002,0.9,0.0003759068628246,
1D-exp-vs-gaussian-1024p,,,0.4269069232431296,1000000,0.0003414401468311,,seconds,87.67147922515869,87.6920853946358,megabytes,88272.0,88272.0,93.0,92.37444933920705,0.261087232,0.261087232,0.809375,0.7780114262114532,success,sgd,0.01,1000000,1e-06,0.002,0.9,0.0003414401468311,
1D-exp-vs-gaussian-1024p,,,0.1003468571547829,1000000,0.0004036695050959,,seconds,87.64334893226624,87.54390669986606,megabytes,88272.0,88272.0,93.0,92.61739130434782,0.261074944,0.261074944,0.81171875,0.778559782608696,success,sgd,0.01,1000000,1e-06,0.002,0.9,0.0004036695050959,
1D-exp-vs-gaussian-1024p,,,0.9035071958056282,1000000,0.0003839359237484,,seconds,87.44144201278687,87.34181892871857,megabytes,88272.0,88272.0,93.0,92.17916666666666,0.26118144,0.26118144,0.8265625,0.7777246093749998,success,sgd,0.01,1000000,1e-06,0.002,0.9,0.0003839359237484,
1D-exp-vs-gaussian-1024p,,,0.2044668242250093,1000000,0.0002996180894047,,seconds,87.52064538002014,87.52833287604153,megabytes,88272.0,88272.0,93.0,92.581589958159,0.261165056,0.261165056,0.8109375,0.7798019089958165,success,sgd,0.01,1000000,1e-06,0.002,0.9,0.0002996180894047,
1D-exp-vs-gaussian-1024p,,,0.0505807199790696,1000000,0.0003002274112121,,seconds,87.4668447971344,87.31016203016043,megabytes,88272.0,88272.0,93.0,92.3103448275862,0.175333376,0.175333376,0.8078125,0.7790140086206897,success,sgd,0.01,1000000,1e-06,0.002,0.9,0.0003002274112121,
1D-exp-vs-gaussian-1024p,,,0.9839185566046807,1000000,0.0003595015689776,,seconds,88.08789777755737,87.62710130400956,megabytes,88272.0,88272.0,93.0,91.76754385964912,0.261271552,0.261271552,0.809375,0.776463130482456,success,sgd,0.01,1000000,1e-06,0.002,0.9,0.0003595015689776,
1D-exp-vs-gaussian-1024p,,,0.2270655104737372,1000000,0.0003286249582561,,seconds,87.42761945724487,87.4481032602489,megabytes,88272.0,88272.0,93.0,92.57352941176472,0.2612224,0.2612224,0.8140625,0.7794002757352946,success,sgd,0.01,1000000,1e-06,0.002,0.9,0.0003286249582561,
1D-exp-vs-gaussian-1024p,,,0.0362821617711034,1000000,0.0003422692215042,,seconds,88.7654287815094,88.91289528273046,megabytes,88272.0,88272.0,92.0,91.29145728643216,0.17534976,0.17534976,0.80703125,0.7813834798994973,success,sgd,0.01,1000000,1e-06,0.002,0.9,0.0003422692215042,
1D-exp-vs-gaussian-1024p,,,0.0159779561124728,1000000,0.0003363252205758,,seconds,87.6403820514679,87.46577787771821,megabytes,88272.0,88272.0,93.0,92.51041666666669,0.175579136,0.175579136,0.809375,0.7757771809895838,success,sgd,0.01,1000000,1e-06,0.002,0.9,0.0003363252205758,
1D-exp-vs-gaussian-1024p,,,0.6530957251498096,1000000,0.0003641475100546,,seconds,88.90475106239319,88.94978221319616,megabytes,88272.0,88272.0,92.0,91.45887445887446,0.261267456,0.261267456,0.80859375,0.7783921807359313,success,sgd,0.01,1000000,1e-06,0.002,0.9,0.0003641475100546,
1D-exp-vs-gaussian-1024p,,,0.1993107833455314,1000000,0.0003047498650112,,seconds,87.64253330230713,87.44874266907573,megabytes,88272.0,88272.0,93.0,92.08292682926827,0.261394432,0.261394432,0.81171875,0.7745617378048776,success,sgd,0.01,1000000,1e-06,0.002,0.9,0.0003047498650112,
1D-exp-vs-gaussian-1024p,,,0.1026734519544627,1000000,0.0004173051287962,,seconds,87.63849925994873,87.43455177359283,megabytes,88272.0,88272.0,93.0,92.18947368421053,0.175607808,0.175607808,0.80625,0.7758388157894738,success,sgd,0.01,1000000,1e-06,0.002,0.9,0.0004173051287962,
1D-exp-vs-gaussian-1024p,,,0.0389290788486813,1000000,0.0004185478972406,,seconds,87.15344190597534,87.41534831747413,megabytes,88272.0,88272.0,93.0,92.20657276995306,0.2612224,0.2612224,0.80703125,0.7797168427230047,success,sgd,0.01,1000000,1e-06,0.002,0.9,0.0004185478972406,
1D-exp-vs-gaussian-1024p,,,0.8452408230130706,1000000,0.0004029065026855,,seconds,89.95796585083008,89.86705905944109,megabytes,88272.0,88272.0,91.0,90.30366492146597,0.175353856,0.175353856,0.80703125,0.7771310536649216,success,sgd,0.01,1000000,1e-06,0.002,0.9,0.0004029065026855,
1D-exp-vs-gaussian-1024p,,,0.0121271856369996,1000000,0.00026260045892,,seconds,87.41581702232361,87.28032302856445,megabytes,88272.0,88272.0,93.0,92.42152466367712,0.261275648,0.261275648,0.8109375,0.7780163957399101,success,sgd,0.01,1000000,1e-06,0.002,0.9,0.00026260045892,
1D-exp-vs-gaussian-2048p,,,0.0603241554384276,1000000,0.0009569259371341,,seconds,186.6164283752441,186.6500201467425,megabytes,88272.0,88272.0,95.0,94.50717703349282,0.274112512,0.274112512,0.81015625,0.7780633223684207,success,sgd,0.01,1000000,1e-06,0.002,0.9,0.0009569259371341,
1D-exp-vs-gaussian-2048p,,,0.0657830998053736,1000000,0.0010014705383613,,seconds,186.4383442401886,186.3555090725422,megabytes,88272.0,88272.0,96.0,94.97072072072072,0.262397952,0.262397952,0.81015625,0.7793355855855857,success,sgd,0.01,1000000,1e-06,0.002,0.9,0.0010014705383613,
1D-exp-vs-gaussian-2048p,,,0.5636149551812755,1000000,0.0011301393844287,,seconds,185.97269582748413,185.8929335027933,megabytes,88272.0,88272.0,95.0,94.82608695652172,0.262336512,0.262336512,0.8296875,0.7795467779503111,success,sgd,0.01,1000000,1e-06,0.002,0.9,0.0011301393844287,
1D-exp-vs-gaussian-2048p,,,0.1900283775967556,1000000,0.0010878893650516,,seconds,186.6213357448578,186.3463089987636,megabytes,88272.0,88272.0,96.0,94.96,0.262365184,0.262365184,0.81328125,0.7788042763157889,success,sgd,0.01,1000000,1e-06,0.002,0.9,0.0010878893650516,
1D-exp-vs-gaussian-2048p,,,0.481082687366973,1000000,0.0012631272939991,,seconds,185.8007960319519,185.74557051062584,megabytes,88272.0,88272.0,95.0,94.95758928571428,0.262352896,0.262352896,0.815625,0.779666573660714,success,sgd,0.01,1000000,1e-06,0.002,0.9,0.0012631272939991,
1D-exp-vs-gaussian-2048p,,,0.3548092791456677,1000000,0.0011806063629459,,seconds,186.32222056388852,186.37905903719368,megabytes,88272.0,88272.0,96.0,94.9683257918552,0.262295552,0.262295552,0.81328125,0.7789592760180994,success,sgd,0.01,1000000,1e-06,0.002,0.9,0.0011806063629459,
1D-exp-vs-gaussian-2048p,,,0.3744649696312211,1000000,0.0013114256621238,,seconds,185.77269864082336,185.78250836394727,megabytes,88272.0,88272.0,95.0,94.99126637554583,0.262381568,0.262381568,0.815625,0.7795544486899566,success,sgd,0.01,1000000,1e-06,0.002,0.9,0.0013114256621238,
1D-exp-vs-gaussian-2048p,,,0.0292633174865733,1000000,0.0011732925832379,,seconds,186.33147311210632,186.45646865852177,megabytes,88272.0,88272.0,96.0,94.94613583138174,0.26236928,0.26236928,0.80859375,0.7801467359484774,success,sgd,0.01,1000000,1e-06,0.002,0.9,0.0011732925832379,
1D-exp-vs-gaussian-2048p,,,0.873838277537001,1000000,0.0014705577458694,,seconds,186.0197124481201,185.86901333369315,megabytes,88272.0,88272.0,95.0,94.99324324324324,0.262377472,0.262377472,0.82265625,0.7788253096846848,success,sgd,0.01,1000000,1e-06,0.002,0.9,0.0014705577458694,
1D-exp-vs-gaussian-2048p,,,0.0558718072499832,1000000,0.0013059534546022,,seconds,186.4305818080902,186.43133946694437,megabytes,88272.0,88272.0,95.0,94.95856873822976,0.262467584,0.262467584,0.81328125,0.7800906308851231,success,sgd,0.01,1000000,1e-06,0.002,0.9,0.0013059534546022,
1D-exp-vs-gaussian-2048p,,,0.0919233614420941,1000000,0.0010094880147532,,seconds,185.996474981308,185.83729095570743,megabytes,88272.0,88272.0,95.0,94.78384798099762,0.262443008,0.262443008,0.82109375,0.7800345160332546,success,sgd,0.01,1000000,1e-06,0.002,0.9,0.0010094880147532,
1D-exp-vs-gaussian-2048p,,,0.979426808475536,1000000,0.0012874134533211,,seconds,186.5655207633972,186.3877798914909,megabytes,88272.0,88272.0,96.0,94.73766816143498,0.26253312,0.26253312,0.809375,0.778517376681615,success,sgd,0.01,1000000,1e-06,0.002,0.9,0.0012874134533211,
1D-exp-vs-gaussian-2048p,,,0.4744918625593051,1000000,0.0013491724940972,,seconds,185.5339765548706,185.58815434016287,megabytes,88272.0,88272.0,95.0,94.99324324324324,0.262463488,0.262463488,0.815625,0.7794200450450443,success,sgd,0.01,1000000,1e-06,0.002,0.9,0.0013491724940972,
1D-exp-vs-gaussian-2048p,,,0.0172174949953221,1000000,0.0012304695563099,,seconds,186.17203283309937,186.2082570251077,megabytes,88272.0,88272.0,96.0,94.83297180043384,0.262524928,0.262524928,0.80859375,0.7789808161605217,success,sgd,0.01,1000000,1e-06,0.002,0.9,0.0012304695563099,
1D-exp-vs-gaussian-2048p,,,1.0038520919998235,1000000,0.0012719562310107,,seconds,185.4417085647583,185.6004659552127,megabytes,88272.0,88272.0,95.0,94.98516949152544,0.262377472,0.262377472,0.81484375,0.7794160487288136,success,sgd,0.01,1000000,1e-06,0.002,0.9,0.0012719562310107,
1D-exp-vs-gaussian-2048p,,,0.3015992432709486,1000000,0.001171678952039,,seconds,186.0670325756073,185.91801911965013,megabytes,88272.0,88272.0,95.0,94.89414414414416,0.262438912,0.262438912,0.81484375,0.7791913006756763,success,sgd,0.01,1000000,1e-06,0.002,0.9,0.001171678952039,
1D-exp-vs-gaussian-2048p,,,0.4241373107797834,1000000,0.0010897560418484,,seconds,185.79082369804385,185.6159186270088,megabytes,88272.0,88272.0,95.0,94.97189695550352,0.262426624,0.262426624,0.8125,0.7780042447306783,success,sgd,0.01,1000000,1e-06,0.002,0.9,0.0010897560418484,
1D-exp-vs-gaussian-2048p,,,0.1011450529979341,1000000,0.0013307487669717,,seconds,186.08470368385315,185.99983974173665,megabytes,88272.0,88272.0,95.0,94.87841191066998,0.262443008,0.262443008,0.81171875,0.7791505117866014,success,sgd,0.01,1000000,1e-06,0.002,0.9,0.0013307487669717,
1D-exp-vs-gaussian-2048p,,,0.8963746536064783,1000000,0.0010881310012793,,seconds,185.671448469162,185.80054214037955,megabytes,88272.0,88272.0,95.0,94.93216630196936,0.262488064,0.262488064,0.815625,0.7796276668490151,success,sgd,0.01,1000000,1e-06,0.002,0.9,0.0010881310012793,
1D-exp-vs-gaussian-2048p,,,0.2020491996516203,1000000,0.0008128368913106,,seconds,185.8739879131317,185.8877490889281,megabytes,88272.0,88272.0,95.0,94.85885167464114,0.262496256,0.262496256,0.815625,0.7792501495215313,success,sgd,0.01,1000000,1e-06,0.002,0.9,0.0008128368913106,
1D-exp-vs-gaussian-2048p,,,0.0502589569605593,1000000,0.000909649984987,,seconds,185.91440320014956,185.78762662783265,megabytes,88272.0,88272.0,95.0,94.99027237354086,0.262479872,0.262479872,0.8171875,0.7790901629377446,success,sgd,0.01,1000000,1e-06,0.002,0.9,0.000909649984987,
1D-exp-vs-gaussian-2048p,,,0.9803770128649788,1000000,0.0010579881151063,,seconds,186.29050850868225,186.19119372032583,megabytes,88272.0,88272.0,95.0,94.84462151394422,0.262529024,0.262529024,0.81328125,0.7785171812749003,success,sgd,0.01,1000000,1e-06,0.002,0.9,0.0010579881151063,
1D-exp-vs-gaussian-2048p,,,0.2256628437382667,1000000,0.0009808077466866,,seconds,185.83977580070496,185.90628299303356,megabytes,88272.0,88272.0,95.0,94.93217054263566,0.262541312,0.262541312,0.815625,0.7798994670542629,success,sgd,0.01,1000000,1e-06,0.002,0.9,0.0009808077466866,
1D-exp-vs-gaussian-2048p,,,0.0329989806645779,1000000,0.0010057662664644,,seconds,186.0617218017578,186.14455760456624,megabytes,88272.0,88272.0,95.0,94.9957264957265,0.262582272,0.262582272,0.8125,0.7789329594017094,success,sgd,0.01,1000000,1e-06,0.002,0.9,0.0010057662664644,
1D-exp-vs-gaussian-2048p,,,0.015967197055597,1000000,0.0011189802676379,,seconds,185.91199731826785,186.0168471019715,megabytes,88272.0,88272.0,95.0,94.95626242544732,0.262590464,0.262590464,0.828125,0.7787307405566599,success,sgd,0.01,1000000,1e-06,0.002,0.9,0.0011189802676379,
1D-exp-vs-gaussian-2048p,,,0.6508613272695463,1000000,0.0010398951526321,,seconds,186.14468693733212,186.14826621115208,megabytes,88272.0,88272.0,95.0,94.98850574712644,0.262598656,0.262598656,0.81171875,0.7800915948275855,success,sgd,0.01,1000000,1e-06,0.002,0.9,0.0010398951526321,
1D-exp-vs-gaussian-2048p,,,0.1950669474288793,1000000,0.0009221230082201,,seconds,185.66886162757876,185.64244589954612,megabytes,88272.0,88272.0,95.0,94.99570815450645,0.262639616,0.262639616,0.809375,0.7788475724248926,success,sgd,0.01,1000000,1e-06,0.002,0.9,0.0009221230082201,
1D-exp-vs-gaussian-2048p,,,0.1008967039518838,1000000,0.0013687455634462,,seconds,186.17319226264956,186.01710819453,megabytes,88272.0,88272.0,95.0,94.734375,0.262660096,0.262660096,0.815625,0.7784162248883925,success,sgd,0.01,1000000,1e-06,0.002,0.9,0.0013687455634462,
1D-exp-vs-gaussian-2048p,,,0.0324005377680672,1000000,0.0013725196679833,,seconds,185.9190118312836,185.68912449665368,megabytes,88272.0,88272.0,95.0,94.83373493975904,0.26281984,0.26281984,0.83203125,0.7775941265060236,success,sgd,0.01,1000000,1e-06,0.002,0.9,0.0013725196679833,
1D-exp-vs-gaussian-2048p,,,0.837489715283171,1000000,0.0011829187463503,,seconds,185.84263491630557,185.8680998198688,megabytes,88272.0,88272.0,95.0,94.88221709006928,0.262643712,0.262643712,0.81953125,0.7785724595842956,success,sgd,0.01,1000000,1e-06,0.002,0.9,0.0011829187463503,
1D-exp-vs-gaussian-2048p,,,0.0112976820813335,1000000,0.0007727803704973,,seconds,185.36789560317996,185.47272212058303,megabytes,88272.0,88272.0,95.0,94.99770642201835,0.262713344,0.262713344,0.8125,0.7793488388761465,success,sgd,0.01,1000000,1e-06,0.002,0.9,0.0007727803704973,
