dataset,mu_size,nu_size,cost,iterations,error,cost_rerr,time_unit,time,time_counter,gpu_mem_unit,peak_gpu_mem,combined_peak_gpu_ram,peak_gpu_util_pct,mean_gpu_util_pct,peak_ram_MiB,combined_peak_ram_MiB,max_cpu_util_pct,mean_cpu_util_pct,status,name,reg,maxiter,tol,learning_rate,momentum,residual_l2,exception
1D-exponential-32p,,,0.1867910208935618,1000000,0.0002243167008704,,seconds,39.55182409286499,39.371400751173496,megabytes,88268.0,88268.0,82.0,78.4311377245509,0.248365056,0.248365056,0.8171875,0.7771472679640722,success,sgd,1.0,1000000,1e-06,0.002,0.9,0.0002243167008704,
1D-exponential-32p,,,0.0704553741641987,1000000,0.0002252099854371,,seconds,39.80741906166077,39.64181188121438,megabytes,88268.0,88268.0,81.0,77.92168674698796,0.248274944,0.248274944,0.815625,0.7767554593373492,success,sgd,1.0,1000000,1e-06,0.002,0.9,0.0002252099854371,
1D-exponential-32p,,,0.0718639846780189,1000000,0.0002098242800976,,seconds,39.43699073791504,39.434734269976616,megabytes,88268.0,88268.0,81.0,78.24242424242425,0.248324096,0.248324096,0.8296875,0.7781202651515149,success,sgd,1.0,1000000,1e-06,0.002,0.9,0.0002098242800976,
1D-exponential-32p,,,0.0936592644378386,1000000,0.0002012927648937,,seconds,39.18034982681274,39.07638515904546,megabytes,88268.0,88268.0,81.0,79.17261904761905,0.248356864,0.248356864,0.8171875,0.7793387276785714,success,sgd,1.0,1000000,1e-06,0.002,0.9,0.0002012927648937,
1D-exponential-32p,,,0.056923502496934,1000000,0.0002337306162268,,seconds,39.305551290512085,39.09963713400066,megabytes,88268.0,88268.0,81.0,78.9030303030303,0.248553472,0.248553472,0.81875,0.7746874999999999,success,sgd,1.0,1000000,1e-06,0.002,0.9,0.0002337306162268,
1D-exponential-32p,,,0.1177293005008998,1000000,0.0002302054456045,,seconds,39.21352767944336,39.20719989389181,megabytes,88268.0,88268.0,81.0,78.55357142857143,0.24838144,0.24838144,0.840625,0.7796735491071428,success,sgd,1.0,1000000,1e-06,0.002,0.9,0.0002302054456045,
1D-exponential-32p,,,0.0470144705777868,1000000,0.0002187445931051,,seconds,38.45143246650696,38.31550306640565,megabytes,88268.0,88268.0,82.0,80.36526946107784,0.248369152,0.248369152,0.81796875,0.7781249999999995,success,sgd,1.0,1000000,1e-06,0.002,0.9,0.0002187445931051,
1D-exponential-32p,,,0.0565217888495822,1000000,0.0002122637903779,,seconds,38.45583128929138,38.28237295523286,megabytes,88268.0,88268.0,82.0,80.0828402366864,0.24848384,0.24848384,0.82734375,0.7762943786982245,success,sgd,1.0,1000000,1e-06,0.002,0.9,0.0002122637903779,
1D-exponential-32p,,,0.061814788828964,1000000,0.0002143138241825,,seconds,38.59846043586731,38.44077110290527,megabytes,88268.0,88268.0,82.0,80.05590062111801,0.2484224,0.2484224,0.8125,0.7768099767080746,success,sgd,1.0,1000000,1e-06,0.002,0.9,0.0002143138241825,
1D-exponential-32p,,,0.0427519679033057,1000000,0.0002223837125696,,seconds,40.03267765045166,40.02453257329762,megabytes,88268.0,88268.0,80.0,77.13690476190476,0.24846336,0.24846336,0.8171875,0.7784970238095242,success,sgd,1.0,1000000,1e-06,0.002,0.9,0.0002223837125696,
1D-exponential-32p,,,0.0446810142251406,1000000,0.0002288524778044,,seconds,39.95617985725403,39.873643044382334,megabytes,88268.0,88268.0,82.0,77.5680473372781,0.248455168,0.248455168,0.8140625,0.7765162721893497,success,sgd,1.0,1000000,1e-06,0.002,0.9,0.0002288524778044,
1D-exponential-32p,,,0.0742748847762901,1000000,0.0002281799590979,,seconds,39.00702118873596,38.83618521876633,megabytes,88268.0,88268.0,82.0,79.30952380952381,0.248553472,0.248553472,0.81640625,0.7757114955357144,success,sgd,1.0,1000000,1e-06,0.002,0.9,0.0002281799590979,
1D-exponential-32p,,,0.1395833878140339,1000000,0.0002217665926823,,seconds,38.77679443359375,38.746124187484384,megabytes,88268.0,88268.0,82.0,79.65,0.248553472,0.248553472,0.8203125,0.7786523437500004,success,sgd,1.0,1000000,1e-06,0.002,0.9,0.0002217665926823,
1D-exponential-32p,,,0.1694865935622996,1000000,0.0002254485203271,,seconds,39.472092390060425,39.31289496272802,megabytes,88268.0,88268.0,82.0,78.39880952380952,0.248414208,0.248414208,0.8125,0.7766136532738089,success,sgd,1.0,1000000,1e-06,0.002,0.9,0.0002254485203271,
1D-exponential-32p,,,0.0762968874486005,1000000,0.0002299858617037,,seconds,38.82758116722107,38.81795256584883,megabytes,88268.0,88268.0,83.0,79.44303797468355,0.248471552,0.248471552,0.81484375,0.7812747231012654,success,sgd,1.0,1000000,1e-06,0.002,0.9,0.0002299858617037,
1D-exponential-32p,,,0.0708599969020858,1000000,0.0002238420976785,,seconds,38.36245656013489,38.36104765534401,megabytes,88268.0,88268.0,82.0,79.9047619047619,0.248492032,0.248492032,0.815625,0.7810128348214281,success,sgd,1.0,1000000,1e-06,0.002,0.9,0.0002238420976785,
1D-exponential-32p,,,0.1137375896210975,1000000,0.0002323309232755,,seconds,37.62878823280335,37.62877298519015,megabytes,88268.0,88268.0,83.0,81.44375,0.248541184,0.248541184,0.84453125,0.7812207031249999,success,sgd,1.0,1000000,1e-06,0.002,0.9,0.0002323309232755,
1D-exponential-32p,,,0.0542123163996089,1000000,0.0002098971950682,,seconds,39.19501066207886,39.01922785490751,megabytes,88268.0,88268.0,81.0,78.86826347305389,0.248614912,0.248614912,0.81484375,0.7766654191616766,success,sgd,1.0,1000000,1e-06,0.002,0.9,0.0002098971950682,
1D-exponential-32p,,,0.1231561251166965,1000000,0.0002128722607521,,seconds,38.1272919178009,37.95593002438545,megabytes,88268.0,88268.0,82.0,81.01829268292683,0.248598528,0.248598528,0.8234375,0.7745712652439026,success,sgd,1.0,1000000,1e-06,0.002,0.9,0.0002128722607521,
1D-exponential-32p,,,0.0325764884829066,1000000,0.0002298105165958,,seconds,39.49691033363342,39.38320588506758,megabytes,88268.0,88268.0,83.0,78.55828220858896,0.248537088,0.248537088,0.8234375,0.7773677147239265,success,sgd,1.0,1000000,1e-06,0.002,0.9,0.0002298105165958,
1D-exponential-32p,,,0.0519134765676395,1000000,0.0002272689233043,,seconds,38.25603556632996,37.976916305720806,megabytes,88268.0,88268.0,82.0,80.66463414634147,0.248758272,0.248758272,0.81484375,0.7775009527439024,success,sgd,1.0,1000000,1e-06,0.002,0.9,0.0002272689233043,
1D-exponential-32p,,,0.1632034455322037,1000000,0.0002220219557653,,seconds,38.11395215988159,37.98401363193989,megabytes,88268.0,88268.0,82.0,80.5878787878788,0.248594432,0.248594432,0.81328125,0.7758333333333336,success,sgd,1.0,1000000,1e-06,0.002,0.9,0.0002220219557653,
1D-exponential-32p,,,0.094025761000954,1000000,0.0002268246924861,,seconds,39.625497579574585,39.52728704921901,megabytes,88268.0,88268.0,81.0,77.94642857142857,0.248635392,0.248635392,0.815625,0.7766043526785715,success,sgd,1.0,1000000,1e-06,0.002,0.9,0.0002268246924861,
1D-exponential-32p,,,0.0728756567715129,1000000,0.000225824407913,,seconds,38.49277687072754,38.33295514807105,megabytes,88268.0,88268.0,83.0,80.26114649681529,0.248619008,0.248619008,0.8078125,0.7741739649681529,success,sgd,1.0,1000000,1e-06,0.002,0.9,0.000225824407913,
1D-exponential-32p,,,0.0591336021269153,1000000,0.0002221248792751,,seconds,39.048499584198,38.89887453056872,megabytes,88268.0,88268.0,81.0,79.17261904761905,0.248672256,0.248672256,0.81484375,0.7758417038690478,success,sgd,1.0,1000000,1e-06,0.002,0.9,0.0002221248792751,
1D-exponential-32p,,,0.0627556448944154,1000000,0.0002253262707036,,seconds,38.63607668876648,38.50266047753394,megabytes,88268.0,88268.0,82.0,80.0632911392405,0.248676352,0.248676352,0.809375,0.7752175632911389,success,sgd,1.0,1000000,1e-06,0.002,0.9,0.0002253262707036,
1D-exponential-32p,,,0.0188642177184636,1000000,0.0002337521897161,,seconds,38.8088653087616,38.78706124052405,megabytes,88268.0,88268.0,82.0,79.33128834355828,0.248655872,0.248655872,0.8203125,0.7786761886503069,success,sgd,1.0,1000000,1e-06,0.002,0.9,0.0002337521897161,
1D-exponential-32p,,,0.0655254031542427,1000000,0.0002043917878157,,seconds,39.51238965988159,39.39027143828571,megabytes,88268.0,88268.0,81.0,78.41764705882353,0.252870656,0.252870656,0.8125,0.7750091911764705,success,sgd,1.0,1000000,1e-06,0.002,0.9,0.0002043917878157,
1D-exponential-32p,,,0.0976888035069625,1000000,0.0002036909170574,,seconds,39.016329288482666,38.933903781697154,megabytes,88268.0,88268.0,81.0,79.08670520231213,0.249765888,0.249765888,0.81875,0.7778811416184973,success,sgd,1.0,1000000,1e-06,0.002,0.9,0.0002036909170574,
1D-exponential-32p,,,0.1776829144478208,1000000,0.0002204276855648,,seconds,39.01369905471802,38.935760552063584,megabytes,88268.0,88268.0,82.0,78.9939024390244,0.248799232,0.248799232,0.81640625,0.7785775533536586,success,sgd,1.0,1000000,1e-06,0.002,0.9,0.0002204276855648,
1D-exponential-64p,,,0.1959075256445319,1000000,0.0003080655272238,,seconds,44.22012543678284,44.12388121522963,megabytes,88268.0,88268.0,82.0,80.10989010989012,0.25950208,0.25950208,0.83359375,0.7761375343406594,success,sgd,1.0,1000000,1e-06,0.002,0.9,0.0003080655272238,
1D-exponential-64p,,,0.0682977503862071,1000000,0.0003117544983881,,seconds,43.66401505470276,43.60342011414468,megabytes,88268.0,88268.0,82.0,81.09139784946237,0.249593856,0.249593856,0.82109375,0.7773269489247314,success,sgd,1.0,1000000,1e-06,0.002,0.9,0.0003117544983881,
1D-exponential-64p,,,0.0747505871289589,1000000,0.0002899401316849,,seconds,43.84939789772034,43.70235506258905,megabytes,88268.0,88268.0,83.0,81.14754098360656,0.249638912,0.249638912,0.8125,0.7781591530054647,success,sgd,1.0,1000000,1e-06,0.002,0.9,0.0002899401316849,
1D-exponential-64p,,,0.0789759453301007,1000000,0.0002834336320604,,seconds,43.99734950065613,43.78425595164299,megabytes,88268.0,88268.0,82.0,80.61325966850829,0.249872384,0.249872384,0.83515625,0.7758287292817682,success,sgd,1.0,1000000,1e-06,0.002,0.9,0.0002834336320604,
1D-exponential-64p,,,0.069510886633201,1000000,0.0003244277012871,,seconds,43.74802494049072,43.735844323411584,megabytes,88268.0,88268.0,82.0,80.93333333333334,0.249634816,0.249634816,0.81171875,0.7803428819444446,success,sgd,1.0,1000000,1e-06,0.002,0.9,0.0003244277012871,
1D-exponential-64p,,,0.1192798064534068,1000000,0.0003280956261595,,seconds,43.583945751190186,43.58628757670522,megabytes,88268.0,88268.0,83.0,81.46153846153847,0.249643008,0.249643008,0.82734375,0.7795501373626371,success,sgd,1.0,1000000,1e-06,0.002,0.9,0.0003280956261595,
1D-exponential-64p,,,0.0397146106046215,1000000,0.0003063985530947,,seconds,43.653632164001465,43.61090718768537,megabytes,88268.0,88268.0,83.0,81.2896174863388,0.24969216,0.24969216,0.815625,0.7795466188524585,success,sgd,1.0,1000000,1e-06,0.002,0.9,0.0003063985530947,
1D-exponential-64p,,,0.060201476606338,1000000,0.0002966575202072,,seconds,43.79222321510315,43.72593273594976,megabytes,88268.0,88268.0,82.0,80.68333333333334,0.249745408,0.249745408,0.8125,0.7788715277777781,success,sgd,1.0,1000000,1e-06,0.002,0.9,0.0002966575202072,
1D-exponential-64p,,,0.0657101009888149,1000000,0.00029633301425,,seconds,43.425760984420776,43.3386298455298,megabytes,88268.0,88268.0,82.0,81.52631578947368,0.249741312,0.249741312,0.83046875,0.7794901315789476,success,sgd,1.0,1000000,1e-06,0.002,0.9,0.00029633301425,
1D-exponential-64p,,,0.044190630203977,1000000,0.0003143539761003,,seconds,43.49323010444641,43.48128406889737,megabytes,88268.0,88268.0,83.0,81.1336898395722,0.249786368,0.249786368,0.83046875,0.778350601604278,success,sgd,1.0,1000000,1e-06,0.002,0.9,0.0003143539761003,
1D-exponential-64p,,,0.0470545140639147,1000000,0.0003189478204983,,seconds,43.629929065704346,43.47612312063575,megabytes,88268.0,88268.0,82.0,81.04301075268818,0.249860096,0.249860096,0.8125,0.7779863911290323,success,sgd,1.0,1000000,1e-06,0.002,0.9,0.0003189478204983,
1D-exponential-64p,,,0.0711058658681418,1000000,0.0003155759219423,,seconds,43.908145904541016,43.719596084207296,megabytes,88268.0,88268.0,83.0,81.22527472527473,0.249757696,0.249757696,0.84765625,0.77734375,success,sgd,1.0,1000000,1e-06,0.002,0.9,0.0003155759219423,
1D-exponential-64p,,,0.1410149656837387,1000000,0.0003166012387322,,seconds,43.76479411125183,43.567082550376654,megabytes,88268.0,88268.0,82.0,81.09189189189189,0.24993792,0.24993792,0.8140625,0.7759543918918926,success,sgd,1.0,1000000,1e-06,0.002,0.9,0.0003166012387322,
1D-exponential-64p,,,0.1315601697069081,1000000,0.0003145318094039,,seconds,43.75918388366699,43.65605434961617,megabytes,88268.0,88268.0,83.0,81.33695652173913,0.249638912,0.249638912,0.81328125,0.7780782948369568,success,sgd,1.0,1000000,1e-06,0.002,0.9,0.0003145318094039,
1D-exponential-64p,,,0.0662079628806016,1000000,0.0003209795545528,,seconds,43.87452030181885,43.70093288645148,megabytes,88268.0,88268.0,83.0,80.64285714285714,0.249683968,0.249683968,0.8140625,0.7769187843406593,success,sgd,1.0,1000000,1e-06,0.002,0.9,0.0003209795545528,
1D-exponential-64p,,,0.0726097213892564,1000000,0.0003125167285103,,seconds,43.70577597618103,43.67618457786739,megabytes,88268.0,88268.0,83.0,81.1584699453552,0.249847808,0.249847808,0.81484375,0.7782957650273221,success,sgd,1.0,1000000,1e-06,0.002,0.9,0.0003125167285103,
1D-exponential-64p,,,0.1163726948086983,1000000,0.000323116272734,,seconds,43.6167426109314,43.43286683410406,megabytes,88268.0,88268.0,82.0,81.17989417989418,0.249901056,0.249901056,0.8171875,0.775351355820106,success,sgd,1.0,1000000,1e-06,0.002,0.9,0.000323116272734,
1D-exponential-64p,,,0.0615876694293084,1000000,0.0002922648098802,,seconds,43.9571168422699,43.776523085311055,megabytes,88268.0,88268.0,83.0,81.38888888888889,0.249847808,0.249847808,0.84609375,0.7742057291666664,success,sgd,1.0,1000000,1e-06,0.002,0.9,0.0002922648098802,
1D-exponential-64p,,,0.1244880348987375,1000000,0.0002978585702367,,seconds,44.24212288856506,44.22167615965009,megabytes,88268.0,88268.0,82.0,79.96195652173913,0.249782272,0.249782272,0.83125,0.7807871942934789,success,sgd,1.0,1000000,1e-06,0.002,0.9,0.0002978585702367,
1D-exponential-64p,,,0.0278253890827421,1000000,0.000324771648195,,seconds,43.50496006011963,43.44145917147398,megabytes,88268.0,88268.0,83.0,81.57837837837837,0.249823232,0.249823232,0.815625,0.7794636824324326,success,sgd,1.0,1000000,1e-06,0.002,0.9,0.000324771648195,
1D-exponential-64p,,,0.0539903861743239,1000000,0.000316708602158,,seconds,43.86400628089905,43.65229697339237,megabytes,88268.0,88268.0,83.0,81.37912087912088,0.250073088,0.250073088,0.825,0.7752317994505491,success,sgd,1.0,1000000,1e-06,0.002,0.9,0.000316708602158,
1D-exponential-64p,,,0.1451617706905012,1000000,0.0003117809412199,,seconds,43.67381119728088,43.59360958449543,megabytes,88268.0,88268.0,83.0,81.40983606557377,0.24983552,0.24983552,0.81484375,0.7778773907103821,success,sgd,1.0,1000000,1e-06,0.002,0.9,0.0003117809412199,
1D-exponential-64p,,,0.085455984172973,1000000,0.0003142983792074,,seconds,43.69426202774048,43.481146251782775,megabytes,88268.0,88268.0,82.0,80.86243386243386,0.25004032,0.25004032,0.8140625,0.7742766203703705,success,sgd,1.0,1000000,1e-06,0.002,0.9,0.0003142983792074,
1D-exponential-64p,,,0.0670839569475157,1000000,0.0003129412310231,,seconds,44.05097007751465,43.90066246688366,megabytes,88268.0,88268.0,82.0,80.39887640449439,0.249860096,0.249860096,0.815625,0.7784278441011241,success,sgd,1.0,1000000,1e-06,0.002,0.9,0.0003129412310231,
1D-exponential-64p,,,0.0609833958668179,1000000,0.0003097424304948,,seconds,43.81967902183533,43.77070868946612,megabytes,88268.0,88268.0,82.0,80.57541899441341,0.249905152,0.249905152,0.8203125,0.778151187150838,success,sgd,1.0,1000000,1e-06,0.002,0.9,0.0003097424304948,
1D-exponential-64p,,,0.0584115727440859,1000000,0.0003150465616056,,seconds,43.67241024971008,43.59661175124347,megabytes,88268.0,88268.0,83.0,81.69565217391305,0.24991744,0.24991744,0.82265625,0.7765922214673912,success,sgd,1.0,1000000,1e-06,0.002,0.9,0.0003150465616056,
1D-exponential-64p,,,0.0200099290505064,1000000,0.0003276100064344,,seconds,43.51063013076782,43.46507073380053,megabytes,88268.0,88268.0,83.0,81.68253968253968,0.249987072,0.249987072,0.81640625,0.7776496362433859,success,sgd,1.0,1000000,1e-06,0.002,0.9,0.0003276100064344,
1D-exponential-64p,,,0.0728990168239034,1000000,0.0002904294437707,,seconds,43.52616262435913,43.446073561906815,megabytes,88268.0,88268.0,83.0,81.87234042553192,0.249962496,0.249962496,0.83984375,0.7791057180851063,success,sgd,1.0,1000000,1e-06,0.002,0.9,0.0002904294437707,
1D-exponential-64p,,,0.086232626682378,1000000,0.0002853749055512,,seconds,43.75635647773743,43.55741064250469,megabytes,88268.0,88268.0,82.0,80.84946236559139,0.250175488,0.250175488,0.8125,0.7736895161290324,success,sgd,1.0,1000000,1e-06,0.002,0.9,0.0002853749055512,
1D-exponential-64p,,,0.1411097174178645,1000000,0.0003119974194582,,seconds,43.57329392433167,43.36656606383622,megabytes,88268.0,88268.0,82.0,81.43157894736842,0.25024512,0.25024512,0.8109375,0.7769202302631579,success,sgd,1.0,1000000,1e-06,0.002,0.9,0.0003119974194582,
1D-exponential-128p,,,0.1954856993234137,1000000,0.0004331925680365,,seconds,50.54191613197327,50.38043238408864,megabytes,88268.0,88268.0,84.0,79.32242990654206,0.261210112,0.261210112,0.8234375,0.7743209696261685,success,sgd,1.0,1000000,1e-06,0.002,0.9,0.0004331925680365,
1D-exponential-128p,,,0.073109666840125,1000000,0.0004326355451312,,seconds,49.71590876579285,49.63849647901952,megabytes,88268.0,88268.0,83.0,79.625,0.25106432,0.25106432,0.8171875,0.7797438401442306,success,sgd,1.0,1000000,1e-06,0.002,0.9,0.0004326355451312,
1D-exponential-128p,,,0.0807936775641802,1000000,0.0004049026388119,,seconds,49.38954567909241,49.23694231919944,megabytes,88268.0,88268.0,85.0,80.95979899497488,0.251039744,0.251039744,0.8109375,0.7763544283919599,success,sgd,1.0,1000000,1e-06,0.002,0.9,0.0004049026388119,
1D-exponential-128p,,,0.088057545649054,1000000,0.0004004693068353,,seconds,49.93090295791626,49.79020161926746,megabytes,88268.0,88268.0,83.0,79.44761904761904,0.251035648,0.251035648,0.8296875,0.776644345238095,success,sgd,1.0,1000000,1e-06,0.002,0.9,0.0004004693068353,
1D-exponential-128p,,,0.0628039051502775,1000000,0.000447662918559,,seconds,50.52397322654724,50.378330178558826,megabytes,88268.0,88268.0,88.0,79.50909090909092,0.25104384,0.25104384,0.8140625,0.7766122159090914,success,sgd,1.0,1000000,1e-06,0.002,0.9,0.000447662918559,
1D-exponential-128p,,,0.1215354657443551,1000000,0.0004633759631133,,seconds,49.87115526199341,49.73739449866116,megabytes,88268.0,88268.0,83.0,79.85308056872037,0.251039744,0.251039744,0.815625,0.77708086492891,success,sgd,1.0,1000000,1e-06,0.002,0.9,0.0004633759631133,
1D-exponential-128p,,,0.0433805416751408,1000000,0.0004292880182997,,seconds,50.68672609329224,50.63443219102919,megabytes,88268.0,88268.0,83.0,78.85135135135135,0.251113472,0.251113472,0.8125,0.7792652027027024,success,sgd,1.0,1000000,1e-06,0.002,0.9,0.0004292880182997,
1D-exponential-128p,,,0.0608229999863869,1000000,0.0004142402511383,,seconds,50.0068302154541,49.82011009193957,megabytes,88268.0,88268.0,83.0,79.61611374407583,0.251183104,0.251183104,0.81640625,0.7760922689573458,success,sgd,1.0,1000000,1e-06,0.002,0.9,0.0004142402511383,
1D-exponential-128p,,,0.067966310403963,1000000,0.0004122048983283,,seconds,50.19880628585816,50.00623352266848,megabytes,88268.0,88268.0,84.0,80.02816901408451,0.251363328,0.251363328,0.81796875,0.7762103873239437,success,sgd,1.0,1000000,1e-06,0.002,0.9,0.0004122048983283,
1D-exponential-128p,,,0.0446963724534692,1000000,0.0004434742057774,,seconds,49.48936700820923,49.45997563377023,megabytes,88268.0,88268.0,83.0,79.98529411764706,0.251117568,0.251117568,0.81953125,0.7778875612745095,success,sgd,1.0,1000000,1e-06,0.002,0.9,0.0004434742057774,
1D-exponential-128p,,,0.0483895459114404,1000000,0.0004415361091787,,seconds,49.98228812217712,49.8665333352983,megabytes,88268.0,88268.0,84.0,80.1866028708134,0.251088896,0.251088896,0.82421875,0.7771867523923446,success,sgd,1.0,1000000,1e-06,0.002,0.9,0.0004415361091787,
1D-exponential-128p,,,0.0765448810005543,1000000,0.0004373780913082,,seconds,50.0266215801239,49.8663615565747,megabytes,88268.0,88268.0,85.0,79.46948356807512,0.251133952,0.251133952,0.84609375,0.7777508802816903,success,sgd,1.0,1000000,1e-06,0.002,0.9,0.0004373780913082,
1D-exponential-128p,,,0.1328945341020358,1000000,0.0004476550336722,,seconds,50.578123569488525,50.41261542215943,megabytes,88268.0,88268.0,84.0,79.45454545454545,0.251142144,0.251142144,0.81875,0.7765802556818184,success,sgd,1.0,1000000,1e-06,0.002,0.9,0.0004476550336722,
1D-exponential-128p,,,0.1428670286420013,1000000,0.000437558407167,,seconds,50.00655102729797,49.81620738469064,megabytes,88268.0,88268.0,85.0,79.9,0.25120768,0.25120768,0.8171875,0.7779129464285716,success,sgd,1.0,1000000,1e-06,0.002,0.9,0.000437558407167,
1D-exponential-128p,,,0.0694377718010255,1000000,0.000448175981906,,seconds,49.57552480697632,49.545457696542144,megabytes,88268.0,88268.0,84.0,80.73762376237623,0.251174912,0.251174912,0.821875,0.7790300123762377,success,sgd,1.0,1000000,1e-06,0.002,0.9,0.000448175981906,
1D-exponential-128p,,,0.0806826429591937,1000000,0.0004324014225914,,seconds,49.65619707107544,49.53306036815047,megabytes,88268.0,88268.0,84.0,79.94202898550725,0.251129856,0.251129856,0.82265625,0.7785514794685992,success,sgd,1.0,1000000,1e-06,0.002,0.9,0.0004324014225914,
1D-exponential-128p,,,0.110431873251521,1000000,0.0004462320277805,,seconds,50.56607913970947,50.40360646508634,megabytes,88268.0,88268.0,84.0,79.4862385321101,0.251154432,0.251154432,0.82578125,0.7758529243119268,success,sgd,1.0,1000000,1e-06,0.002,0.9,0.0004462320277805,
1D-exponential-128p,,,0.0603231433452766,1000000,0.0004087207327856,,seconds,50.13389778137207,50.13157581165433,megabytes,88268.0,88268.0,83.0,79.1745283018868,0.251174912,0.251174912,0.809375,0.7813716096698115,success,sgd,1.0,1000000,1e-06,0.002,0.9,0.0004087207327856,
1D-exponential-128p,,,0.1203566548478138,1000000,0.0004127078257386,,seconds,50.90923881530762,50.80026265792549,megabytes,88268.0,88268.0,87.0,79.29464285714286,0.251191296,0.251191296,0.815625,0.7798095703125,success,sgd,1.0,1000000,1e-06,0.002,0.9,0.0004127078257386,
1D-exponential-128p,,,0.0361256798600243,1000000,0.0004542676425074,,seconds,49.92731237411499,49.90970357879996,megabytes,88268.0,88268.0,84.0,79.53521126760563,0.251219968,0.251219968,0.81484375,0.7795334507042251,success,sgd,1.0,1000000,1e-06,0.002,0.9,0.0004542676425074,
1D-exponential-128p,,,0.0569755446533169,1000000,0.0004380881560639,,seconds,50.60299468040466,50.60770988091826,megabytes,88268.0,88268.0,84.0,79.39090909090909,0.251252736,0.251252736,0.8140625,0.7794247159090913,success,sgd,1.0,1000000,1e-06,0.002,0.9,0.0004380881560639,
1D-exponential-128p,,,0.1477592420844181,1000000,0.0004321578359164,,seconds,50.430763483047485,50.28020822443068,megabytes,88268.0,88268.0,83.0,78.89954337899543,0.251305984,0.251305984,0.815625,0.7762485730593603,success,sgd,1.0,1000000,1e-06,0.002,0.9,0.0004321578359164,
1D-exponential-128p,,,0.0823732814862627,1000000,0.0004361063681204,,seconds,50.15108370780945,50.10453217662871,megabytes,88268.0,88268.0,84.0,79.87735849056604,0.251318272,0.251318272,0.8125,0.7784824587264143,success,sgd,1.0,1000000,1e-06,0.002,0.9,0.0004361063681204,
1D-exponential-128p,,,0.0698775034329657,1000000,0.0004332164053064,,seconds,49.97947597503662,49.82496342249215,megabytes,88268.0,88268.0,85.0,79.71830985915493,0.251277312,0.251277312,0.81640625,0.7764524647887322,success,sgd,1.0,1000000,1e-06,0.002,0.9,0.0004332164053064,
1D-exponential-128p,,,0.0637815898318698,1000000,0.000428808652242,,seconds,50.5061674118042,50.38160312920809,megabytes,88268.0,88268.0,88.0,79.72935779816514,0.251305984,0.251305984,0.81328125,0.7769029529816518,success,sgd,1.0,1000000,1e-06,0.002,0.9,0.000428808652242,
1D-exponential-128p,,,0.0661553315498232,1000000,0.0004363288999466,,seconds,50.156654834747314,50.07069319486618,megabytes,88268.0,88268.0,83.0,79.5068493150685,0.251404288,0.251404288,0.815625,0.7756100171232874,success,sgd,1.0,1000000,1e-06,0.002,0.9,0.0004363288999466,
1D-exponential-128p,,,0.0233618358845167,1000000,0.0004532989240541,,seconds,50.25144171714783,50.21576399169862,megabytes,88268.0,88268.0,84.0,79.82242990654206,0.251445248,0.251445248,0.81484375,0.7804395443925234,success,sgd,1.0,1000000,1e-06,0.002,0.9,0.0004532989240541,
1D-exponential-128p,,,0.0748482550483472,1000000,0.0004100471060995,,seconds,49.74106574058533,49.73263335227966,megabytes,88268.0,88268.0,84.0,80.0,0.25141248,0.25141248,0.83125,0.7797433035714286,success,sgd,1.0,1000000,1e-06,0.002,0.9,0.0004100471060995,
1D-exponential-128p,,,0.0937714335246912,1000000,0.0003975526129946,,seconds,50.226232051849365,50.10540261119604,megabytes,88268.0,88268.0,84.0,80.04716981132076,0.251449344,0.251449344,0.81640625,0.7757112323113202,success,sgd,1.0,1000000,1e-06,0.002,0.9,0.0003975526129946,
1D-exponential-128p,,,0.1621337271140201,1000000,0.000443328848758,,seconds,49.82697415351868,49.67811187542975,megabytes,88268.0,88268.0,84.0,79.72115384615384,0.251465728,0.251465728,0.815625,0.7783278245192311,success,sgd,1.0,1000000,1e-06,0.002,0.9,0.000443328848758,
1D-exponential-256p,,,0.1951974296461634,1000000,0.0006064142673078,,seconds,52.31604266166687,52.138144044205546,megabytes,88268.0,88268.0,86.0,83.95515695067265,0.26279936,0.26279936,0.82421875,0.7732623318385651,success,sgd,1.0,1000000,1e-06,0.002,0.9,0.0006064142673078,
1D-exponential-256p,,,0.0771421073071097,1000000,0.0005907572174733,,seconds,51.7769935131073,51.77869737334549,megabytes,88268.0,88268.0,86.0,84.52727272727273,0.252416,0.252416,0.8140625,0.7797975852272728,success,sgd,1.0,1000000,1e-06,0.002,0.9,0.0005907572174733,
1D-exponential-256p,,,0.0842803096609962,1000000,0.000563098149743,,seconds,51.88726687431336,51.75550804845989,megabytes,88268.0,88268.0,86.0,84.52727272727273,0.252276736,0.252276736,0.81484375,0.7780859374999999,success,sgd,1.0,1000000,1e-06,0.002,0.9,0.000563098149743,
1D-exponential-256p,,,0.0873821461219771,1000000,0.0005624166531413,,seconds,51.87925457954407,51.68920259550214,megabytes,88268.0,88268.0,85.0,84.3108108108108,0.252346368,0.252346368,0.82265625,0.7742363457207202,success,sgd,1.0,1000000,1e-06,0.002,0.9,0.0005624166531413,
1D-exponential-256p,,,0.0703026450650959,1000000,0.0006124780156984,,seconds,51.76874494552612,51.751725789159536,megabytes,88268.0,88268.0,86.0,84.44144144144144,0.252256256,0.252256256,0.84296875,0.7798423423423421,success,sgd,1.0,1000000,1e-06,0.002,0.9,0.0006124780156984,
1D-exponential-256p,,,0.1248621409004708,1000000,0.0006495085985248,,seconds,52.02635622024536,51.93033533915877,megabytes,88268.0,88268.0,85.0,83.99065420560747,0.25223168,0.25223168,0.81015625,0.7754198306074769,success,sgd,1.0,1000000,1e-06,0.002,0.9,0.0006495085985248,
1D-exponential-256p,,,0.0469339190692802,1000000,0.0005962970854198,,seconds,51.85107779502869,51.77678217552602,megabytes,88268.0,88268.0,86.0,85.04545454545455,0.252297216,0.252297216,0.82421875,0.7776278409090909,success,sgd,1.0,1000000,1e-06,0.002,0.9,0.0005962970854198,
1D-exponential-256p,,,0.065540619638473,1000000,0.0005707206100903,,seconds,52.0284481048584,51.82580170407891,megabytes,88268.0,88268.0,86.0,84.06422018348624,0.25268224,0.25268224,0.8421875,0.7775372706422018,success,sgd,1.0,1000000,1e-06,0.002,0.9,0.0005707206100903,
1D-exponential-256p,,,0.0722853859905239,1000000,0.0005683558168293,,seconds,52.119038343429565,51.98495205119252,megabytes,88268.0,88268.0,86.0,84.06103286384976,0.2523136,0.2523136,0.81015625,0.7772080399061034,success,sgd,1.0,1000000,1e-06,0.002,0.9,0.0005683558168293,
1D-exponential-256p,,,0.0494719815293954,1000000,0.0006174051996345,,seconds,51.91284322738648,51.81836405582726,megabytes,88268.0,88268.0,86.0,85.10958904109589,0.252280832,0.252280832,0.8265625,0.779166666666666,success,sgd,1.0,1000000,1e-06,0.002,0.9,0.0006174051996345,
1D-exponential-256p,,,0.0561140794945642,1000000,0.000607917491185,,seconds,51.69227361679077,51.62503089569509,megabytes,88268.0,88268.0,85.0,84.38392857142857,0.25225216,0.25225216,0.82890625,0.7774204799107142,success,sgd,1.0,1000000,1e-06,0.002,0.9,0.000607917491185,
1D-exponential-256p,,,0.0805354020347832,1000000,0.0005965255154365,,seconds,51.90036177635193,51.73749966919422,megabytes,88268.0,88268.0,86.0,85.28828828828829,0.25229312,0.25229312,0.8140625,0.7769284909909911,success,sgd,1.0,1000000,1e-06,0.002,0.9,0.0005965255154365,
1D-exponential-256p,,,0.1415813597768009,1000000,0.0006290139362358,,seconds,52.07845401763916,51.87427411973477,megabytes,88268.0,88268.0,86.0,85.036866359447,0.25253888,0.25253888,0.821875,0.7760728686635939,success,sgd,1.0,1000000,1e-06,0.002,0.9,0.0006290139362358,
1D-exponential-256p,,,0.1429860635959522,1000000,0.0005985127379441,,seconds,51.98396515846253,51.83754674904048,megabytes,88268.0,88268.0,85.0,84.22935779816514,0.2523136,0.2523136,0.83046875,0.7767345183486241,success,sgd,1.0,1000000,1e-06,0.002,0.9,0.0005985127379441,
1D-exponential-256p,,,0.0747469770668787,1000000,0.0006210736116176,,seconds,52.16451668739319,51.97475207224488,megabytes,88268.0,88268.0,86.0,84.36279069767441,0.252461056,0.252461056,0.81171875,0.7764752906976742,success,sgd,1.0,1000000,1e-06,0.002,0.9,0.0006210736116176,
1D-exponential-256p,,,0.0825991213016818,1000000,0.0005930150190587,,seconds,51.96504092216492,51.94809436798096,megabytes,88268.0,88268.0,86.0,84.70560747663552,0.252411904,0.252411904,0.81484375,0.7785010221962616,success,sgd,1.0,1000000,1e-06,0.002,0.9,0.0005930150190587,
1D-exponential-256p,,,0.1200277854494902,1000000,0.0006103706219194,,seconds,51.853458881378174,51.81233330816031,megabytes,88268.0,88268.0,86.0,85.20183486238533,0.252383232,0.252383232,0.81640625,0.7783507740825688,success,sgd,1.0,1000000,1e-06,0.002,0.9,0.0006103706219194,
1D-exponential-256p,,,0.0654049182014723,1000000,0.0005637188587307,,seconds,51.88855171203613,51.80240139365196,megabytes,88268.0,88268.0,85.0,84.08256880733946,0.252411904,0.252411904,0.81484375,0.7764944094036703,success,sgd,1.0,1000000,1e-06,0.002,0.9,0.0005637188587307,
1D-exponential-256p,,,0.1207700276310092,1000000,0.0005681441062897,,seconds,51.76890206336975,51.61585606075823,megabytes,88268.0,88268.0,86.0,85.22222222222223,0.252502016,0.252502016,0.815625,0.7770243055555557,success,sgd,1.0,1000000,1e-06,0.002,0.9,0.0005681441062897,
1D-exponential-256p,,,0.0406639198518806,1000000,0.0006296750703522,,seconds,51.72035884857178,51.72696526348591,megabytes,88268.0,88268.0,86.0,85.21818181818182,0.252534784,0.252534784,0.815625,0.7806427556818192,success,sgd,1.0,1000000,1e-06,0.002,0.9,0.0006296750703522,
1D-exponential-256p,,,0.0611319868646208,1000000,0.0005981276900536,,seconds,51.4960732460022,51.43336586281657,megabytes,88268.0,88268.0,86.0,85.568281938326,0.25253888,0.25253888,0.82734375,0.77970470814978,success,sgd,1.0,1000000,1e-06,0.002,0.9,0.0005981276900536,
1D-exponential-256p,,,0.1610505954517276,1000000,0.0005919865528669,,seconds,51.80904412269592,51.60230817086995,megabytes,88268.0,88268.0,85.0,84.32,0.25286656,0.25286656,0.81640625,0.7742534722222226,success,sgd,1.0,1000000,1e-06,0.002,0.9,0.0005919865528669,
1D-exponential-256p,,,0.0901163134788042,1000000,0.0005964140505657,,seconds,51.87387228012085,51.670700430870056,megabytes,88268.0,88268.0,86.0,85.21076233183857,0.25253888,0.25253888,0.8109375,0.776807735426009,success,sgd,1.0,1000000,1e-06,0.002,0.9,0.0005964140505657,
1D-exponential-256p,,,0.0792452449177103,1000000,0.0005930624085565,,seconds,52.074180126190186,51.942353596910834,megabytes,88268.0,88268.0,86.0,84.8177570093458,0.252547072,0.252547072,0.81640625,0.7776394567757012,success,sgd,1.0,1000000,1e-06,0.002,0.9,0.0005930624085565,
1D-exponential-256p,,,0.0687083604466776,1000000,0.0005869841034805,,seconds,51.722835063934326,51.64922134578228,megabytes,88268.0,88268.0,86.0,85.26576576576576,0.25260032,0.25260032,0.81328125,0.7776534346846845,success,sgd,1.0,1000000,1e-06,0.002,0.9,0.0005869841034805,
1D-exponential-256p,,,0.0703226093072974,1000000,0.0005956467536665,,seconds,51.99985218048096,51.86626076512039,megabytes,88268.0,88268.0,86.0,84.84331797235023,0.2526208,0.2526208,0.825,0.7762564804147468,success,sgd,1.0,1000000,1e-06,0.002,0.9,0.0005956467536665,
1D-exponential-256p,,,0.0290000295621473,1000000,0.0006214799935667,,seconds,51.85847282409668,51.76649046689272,megabytes,88268.0,88268.0,86.0,85.03196347031964,0.252674048,0.252674048,0.8109375,0.7785102739726022,success,sgd,1.0,1000000,1e-06,0.002,0.9,0.0006214799935667,
1D-exponential-256p,,,0.0787024477620312,1000000,0.0005756593943717,,seconds,51.9197404384613,51.71274808049202,megabytes,88268.0,88268.0,85.0,83.98190045248869,0.252870656,0.252870656,0.81171875,0.7738369626696833,success,sgd,1.0,1000000,1e-06,0.002,0.9,0.0005756593943717,
1D-exponential-256p,,,0.0959681825358829,1000000,0.0005488537447035,,seconds,52.30907225608826,52.13952418789268,megabytes,88268.0,88268.0,86.0,83.97129186602871,0.252735488,0.252735488,0.81328125,0.7768166866028713,success,sgd,1.0,1000000,1e-06,0.002,0.9,0.0005488537447035,
1D-exponential-256p,,,0.1654737633813166,1000000,0.000623577813198,,seconds,52.11842966079712,51.91378220543265,megabytes,88268.0,88268.0,86.0,84.6589861751152,0.252956672,0.252956672,0.82734375,0.7772393433179721,success,sgd,1.0,1000000,1e-06,0.002,0.9,0.000623577813198,
1D-exponential-512p,,,0.2039086067138744,1000000,0.0007766247866295,,seconds,68.74816966056824,68.59377874620259,megabytes,88270.0,88270.0,87.0,85.74061433447099,0.264003584,0.264003584,0.82109375,0.7761572098976112,success,sgd,1.0,1000000,1e-06,0.002,0.9,0.0007766247866295,
1D-exponential-512p,,,0.0857446361954536,1000000,0.0007171870272582,,seconds,68.44532608985901,68.40504659153521,megabytes,88270.0,88270.0,88.0,86.47349823321555,0.253374464,0.253374464,0.81640625,0.7787268109540633,success,sgd,1.0,1000000,1e-06,0.002,0.9,0.0007171870272582,
1D-exponential-512p,,,0.0878842656354612,1000000,0.0007195796894974,,seconds,68.38139533996582,68.2198457363993,megabytes,88270.0,88270.0,88.0,86.5958904109589,0.25341952,0.25341952,0.821875,0.7778413955479456,success,sgd,1.0,1000000,1e-06,0.002,0.9,0.0007195796894974,
1D-exponential-512p,,,0.0938898337347726,1000000,0.000734566860908,,seconds,68.51737403869629,68.32346763648093,megabytes,88270.0,88270.0,87.0,85.9719298245614,0.253390848,0.253390848,0.81796875,0.7771765350877193,success,sgd,1.0,1000000,1e-06,0.002,0.9,0.000734566860908,
1D-exponential-512p,,,0.0796463544784494,1000000,0.0007417861238595,,seconds,68.28378319740295,68.14912679605186,megabytes,88270.0,88270.0,87.0,86.41580756013745,0.25348096,0.25348096,0.84609375,0.7787156357388317,success,sgd,1.0,1000000,1e-06,0.002,0.9,0.0007417861238595,
1D-exponential-512p,,,0.1303501820226606,1000000,0.000839177738667,,seconds,68.35856413841248,68.18315779790282,megabytes,88270.0,88270.0,87.0,86.41638225255973,0.253444096,0.253444096,0.84375,0.7787409343003407,success,sgd,1.0,1000000,1e-06,0.002,0.9,0.000839177738667,
1D-exponential-512p,,,0.054785683645292,1000000,0.0007513891053003,,seconds,68.43946814537048,68.42137767001987,megabytes,88270.0,88270.0,87.0,86.33096085409252,0.253308928,0.253308928,0.81875,0.780015569395018,success,sgd,1.0,1000000,1e-06,0.002,0.9,0.0007513891053003,
1D-exponential-512p,,,0.071684987458108,1000000,0.0007168333071502,,seconds,68.36637091636658,68.2202299516648,megabytes,88270.0,88270.0,87.0,86.2405498281787,0.253292544,0.253292544,0.82421875,0.7767665378006875,success,sgd,1.0,1000000,1e-06,0.002,0.9,0.0007168333071502,
1D-exponential-512p,,,0.0788569593714673,1000000,0.0007092833232753,,seconds,68.5111072063446,68.4582179877907,megabytes,88270.0,88270.0,87.0,86.11510791366906,0.253280256,0.253280256,0.81171875,0.7774814523381294,success,sgd,1.0,1000000,1e-06,0.002,0.9,0.0007092833232753,
1D-exponential-512p,,,0.0563665616710141,1000000,0.0007830503911765,,seconds,68.36671185493469,68.26425401493907,megabytes,88270.0,88270.0,87.0,86.27272727272727,0.253300736,0.253300736,0.81328125,0.7778327141608392,success,sgd,1.0,1000000,1e-06,0.002,0.9,0.0007830503911765,
1D-exponential-512p,,,0.0632066040305048,1000000,0.0007532847210931,,seconds,68.4235098361969,68.26982540637255,megabytes,88270.0,88270.0,87.0,86.23263888888889,0.253353984,0.253353984,0.8421875,0.7763264973958328,success,sgd,1.0,1000000,1e-06,0.002,0.9,0.0007532847210931,
1D-exponential-512p,,,0.0901358907756724,1000000,0.0007231650758154,,seconds,68.29207921028137,68.17289843223989,megabytes,88270.0,88270.0,87.0,86.13103448275862,0.25339904,0.25339904,0.8171875,0.7781734913793101,success,sgd,1.0,1000000,1e-06,0.002,0.9,0.0007231650758154,
1D-exponential-512p,,,0.149915349122324,1000000,0.0008107898594841,,seconds,68.2661759853363,68.11299585178494,megabytes,88270.0,88270.0,88.0,86.43050847457627,0.255340544,0.255340544,0.82265625,0.7779528601694917,success,sgd,1.0,1000000,1e-06,0.002,0.9,0.0008107898594841,
1D-exponential-512p,,,0.1524117642235223,1000000,0.0007321387180081,,seconds,68.4622163772583,68.2850252147764,megabytes,88270.0,88270.0,87.0,86.09059233449477,0.25352192,0.25352192,0.84453125,0.7766795513937287,success,sgd,1.0,1000000,1e-06,0.002,0.9,0.0007321387180081,
1D-exponential-512p,,,0.0851737262604674,1000000,0.0007760310084324,,seconds,68.20849561691284,68.0752196777612,megabytes,88270.0,88270.0,87.0,86.53559322033898,0.253468672,0.253468672,0.8140625,0.7778681144067796,success,sgd,1.0,1000000,1e-06,0.002,0.9,0.0007760310084324,
1D-exponential-512p,,,0.0887609313451182,1000000,0.0007234198875392,,seconds,68.2889518737793,68.13114618882537,megabytes,88270.0,88270.0,88.0,86.52380952380952,0.253456384,0.253456384,0.8265625,0.776315369897959,success,sgd,1.0,1000000,1e-06,0.002,0.9,0.0007234198875392,
1D-exponential-512p,,,0.1254238932954554,1000000,0.0007657614120329,,seconds,68.36706566810608,68.1923649739474,megabytes,88270.0,88270.0,88.0,86.6082474226804,0.253526016,0.253526016,0.8203125,0.7765222293814438,success,sgd,1.0,1000000,1e-06,0.002,0.9,0.0007657614120329,
1D-exponential-512p,,,0.070715349207418,1000000,0.0007103087704902,,seconds,68.25701475143433,68.26047946326435,megabytes,88270.0,88270.0,88.0,86.39655172413794,0.254529536,0.254529536,0.815625,0.7798733836206904,success,sgd,1.0,1000000,1e-06,0.002,0.9,0.0007103087704902,
1D-exponential-512p,,,0.1303442170846513,1000000,0.000704388231643,,seconds,68.52803874015808,68.36494796164334,megabytes,88270.0,88270.0,88.0,86.6280701754386,0.253538304,0.253538304,0.81640625,0.7769188596491228,success,sgd,1.0,1000000,1e-06,0.002,0.9,0.000704388231643,
1D-exponential-512p,,,0.0482354056552294,1000000,0.000791413860679,,seconds,68.05653643608093,67.84613547474146,megabytes,88270.0,88270.0,88.0,87.51827242524917,0.2537472,0.2537472,0.8140625,0.7764223421926906,success,sgd,1.0,1000000,1e-06,0.002,0.9,0.000791413860679,
1D-exponential-512p,,,0.0689558894437233,1000000,0.0007283573097914,,seconds,68.48890113830566,68.4299795459956,megabytes,88270.0,88270.0,88.0,86.80918727915194,0.255500288,0.255500288,0.81640625,0.7788869257950538,success,sgd,1.0,1000000,1e-06,0.002,0.9,0.0007283573097914,
1D-exponential-512p,,,0.1638200056349367,1000000,0.000722534500141,,seconds,68.40498304367065,68.30568014830351,megabytes,88270.0,88270.0,87.0,86.19031141868513,0.253648896,0.253648896,0.82109375,0.7797550821799311,success,sgd,1.0,1000000,1e-06,0.002,0.9,0.000722534500141,
1D-exponential-512p,,,0.0988616984886062,1000000,0.0007264850505948,,seconds,68.61965370178223,68.57071948237717,megabytes,88270.0,88270.0,87.0,86.20071684587813,0.2536448,0.2536448,0.81328125,0.7788082437275985,success,sgd,1.0,1000000,1e-06,0.002,0.9,0.0007264850505948,
1D-exponential-512p,,,0.0866414121059928,1000000,0.0007411511163412,,seconds,68.66960906982422,68.5038084667176,megabytes,88270.0,88270.0,88.0,86.16071428571429,0.253710336,0.253710336,0.8234375,0.7750000000000007,success,sgd,1.0,1000000,1e-06,0.002,0.9,0.0007411511163412,
1D-exponential-512p,,,0.0763012853876147,1000000,0.0007161902136378,,seconds,68.44991540908813,68.35248545184731,megabytes,88270.0,88270.0,87.0,86.07042253521126,0.253693952,0.253693952,0.834375,0.778303807218309,success,sgd,1.0,1000000,1e-06,0.002,0.9,0.0007161902136378,
1D-exponential-512p,,,0.0781495509064446,1000000,0.000723246147985,,seconds,68.31515169143677,68.11464596353471,megabytes,88270.0,88270.0,88.0,86.69520547945206,0.254898176,0.254898176,0.81796875,0.777020012842466,success,sgd,1.0,1000000,1e-06,0.002,0.9,0.000723246147985,
1D-exponential-512p,,,0.0373529595855576,1000000,0.000761906698626,,seconds,68.45377492904663,68.27713143080473,megabytes,88270.0,88270.0,87.0,86.42758620689655,0.253861888,0.253861888,0.81015625,0.7761072198275862,success,sgd,1.0,1000000,1e-06,0.002,0.9,0.000761906698626,
1D-exponential-512p,,,0.084456361104193,1000000,0.0007480957947105,,seconds,68.29134178161621,68.090187324211,megabytes,88270.0,88270.0,88.0,86.5952380952381,0.253702144,0.253702144,0.81953125,0.7772852891156466,success,sgd,1.0,1000000,1e-06,0.002,0.9,0.0007480957947105,
1D-exponential-512p,,,0.1016923940576981,1000000,0.0006963437670143,,seconds,68.55532932281494,68.39611129835248,megabytes,88270.0,88270.0,87.0,86.42957746478874,0.255606784,0.255606784,0.81171875,0.7787164392605634,success,sgd,1.0,1000000,1e-06,0.002,0.9,0.0006963437670143,
1D-exponential-512p,,,0.1681328689246873,1000000,0.0008093773902966,,seconds,68.3660147190094,68.191222127527,megabytes,88270.0,88270.0,87.0,86.46575342465754,0.253739008,0.253739008,0.84375,0.7777263484589044,success,sgd,1.0,1000000,1e-06,0.002,0.9,0.0008093773902966,
1D-exponential-1024p,,,0.1902614259327797,1000000,0.0007176464163572,,seconds,91.56609511375429,91.52322938852012,megabytes,88270.0,88270.0,91.0,88.88203753351206,0.266469376,0.298438656,0.8171875,0.7759823223860592,success,sgd,1.0,1000000,1e-06,0.002,0.9,0.0007176464163572,
1D-exponential-1024p,,,0.0700645257404061,1000000,8.142366528666932e-05,,seconds,90.08830976486206,89.99921447224915,megabytes,88270.0,88270.0,92.0,89.72654155495978,0.256544768,0.256544768,0.815625,0.7787030831099194,success,sgd,1.0,1000000,1e-06,0.002,0.9,8.142366528666932e-05,
1D-exponential-1024p,,,0.0774571033609125,1000000,0.0004514633543342,,seconds,91.1858172416687,91.18661890737712,megabytes,88270.0,88270.0,91.0,89.31592689295039,0.254529536,0.254529536,0.8296875,0.7796283453002616,success,sgd,1.0,1000000,1e-06,0.002,0.9,0.0004514633543342,
1D-exponential-1024p,,,0.0809499042189859,1000000,0.0013571598295366,,seconds,88.27804017066956,88.14510139077902,megabytes,88270.0,88270.0,93.0,92.35849056603772,0.256483328,0.256483328,0.81875,0.777116324123989,success,sgd,1.0,1000000,1e-06,0.002,0.9,0.0013571598295366,
1D-exponential-1024p,,,0.0621057418612209,1000000,0.0001103769491519,,seconds,91.5272467136383,91.49065846949816,megabytes,88270.0,88270.0,91.0,89.27390180878552,0.254500864,0.254500864,0.84609375,0.7799075419896632,success,sgd,1.0,1000000,1e-06,0.002,0.9,0.0001103769491519,
1D-exponential-1024p,,,0.1171759060138072,1000000,0.0014410691030549,,seconds,86.7302680015564,86.50901854224503,megabytes,88270.0,88270.0,93.0,92.66666666666669,0.254705664,0.254705664,0.8140625,0.7773953843390802,success,sgd,1.0,1000000,1e-06,0.002,0.9,0.0014410691030549,
1D-exponential-1024p,,,0.039646877402391,1000000,0.0009270173090657,,seconds,90.70036339759828,90.50625741668046,megabytes,88270.0,88270.0,92.0,89.57303370786516,0.254562304,0.254562304,0.82265625,0.7767270891853938,success,sgd,1.0,1000000,1e-06,0.002,0.9,0.0009270173090657,
1D-exponential-1024p,,,0.0589050788700033,1000000,0.0002698519373579,,seconds,91.59589958190918,91.55911552719772,megabytes,88270.0,88270.0,92.0,89.49579831932773,0.254558208,0.254558208,0.825,0.7789150035014013,success,sgd,1.0,1000000,1e-06,0.002,0.9,0.0002698519373579,
1D-exponential-1024p,,,0.0663555886118985,1000000,0.0001085466164426,,seconds,91.17442774772644,90.996344557032,megabytes,88270.0,88270.0,92.0,89.27170868347339,0.254500864,0.254500864,0.81875,0.7770417542016812,success,sgd,1.0,1000000,1e-06,0.002,0.9,0.0001085466164426,
1D-exponential-1024p,,,0.0429383212005693,1000000,0.0012280167820103,,seconds,91.89316844940186,91.8135448768735,megabytes,88270.0,88270.0,92.0,89.15890410958905,0.254472192,0.254472192,0.81484375,0.7798715753424655,success,sgd,1.0,1000000,1e-06,0.002,0.9,0.0012280167820103,
1D-exponential-1024p,,,0.046439745774634,1000000,0.0004251614736095,,seconds,90.1098883152008,90.10451292619108,megabytes,88270.0,88270.0,92.0,89.71030640668523,0.25450496,0.25450496,0.8375,0.7798855327298055,success,sgd,1.0,1000000,1e-06,0.002,0.9,0.0004251614736095,
1D-exponential-1024p,,,0.0741115800243382,1000000,0.0001060385256474,,seconds,91.16095900535583,91.03638898022471,megabytes,88270.0,88270.0,92.0,89.32865168539325,0.2545664,0.2545664,0.8234375,0.7773854459269658,success,sgd,1.0,1000000,1e-06,0.002,0.9,0.0001060385256474,
1D-exponential-1024p,,,0.1366479394473616,1000000,0.00117949531007,,seconds,90.49002242088318,90.28374889865518,megabytes,88270.0,88270.0,92.0,89.51404494382022,0.254693376,0.254693376,0.81953125,0.7765625000000005,success,sgd,1.0,1000000,1e-06,0.002,0.9,0.00117949531007,
1D-exponential-1024p,,,0.1405680154029827,1000000,0.0002099575241393,,seconds,89.89387512207031,89.67234443128109,megabytes,88270.0,88270.0,93.0,90.03651685393258,0.252338176,0.252338176,0.81171875,0.7760138693820227,success,sgd,1.0,1000000,1e-06,0.002,0.9,0.0002099575241393,
1D-exponential-1024p,,,0.067657224739236,1000000,0.0005734142646237,,seconds,91.41441202163696,91.3117173947394,megabytes,88270.0,88270.0,92.0,88.73333333333333,0.252133376,0.252133376,0.82109375,0.7784787326388891,success,sgd,1.0,1000000,1e-06,0.002,0.9,0.0005734142646237,
1D-exponential-1024p,,,0.0748403495141303,1000000,0.000120998338501,,seconds,88.43994092941284,88.23690009862185,megabytes,88270.0,88270.0,93.0,91.22941176470589,0.252440576,0.252440576,0.8125,0.7776309742647065,success,sgd,1.0,1000000,1e-06,0.002,0.9,0.000120998338501,
1D-exponential-1024p,,,0.1098665915277852,1000000,0.0003737705349688,,seconds,90.36633276939392,90.30266127549112,megabytes,88270.0,88270.0,92.0,89.81019830028329,0.252248064,0.252248064,0.8203125,0.7789328080736543,success,sgd,1.0,1000000,1e-06,0.002,0.9,0.0003737705349688,
1D-exponential-1024p,,,0.0575020431339687,1000000,0.0006715999244035,,seconds,91.46573972702026,91.33772636204958,megabytes,88270.0,88270.0,92.0,88.7940379403794,0.252076032,0.252076032,0.83515625,0.7793487466124661,success,sgd,1.0,1000000,1e-06,0.002,0.9,0.0006715999244035,
1D-exponential-1024p,,,0.1198319927104918,1000000,0.000177628553923,,seconds,87.85217332839966,87.81607558950782,megabytes,88270.0,88270.0,93.0,91.67908309455588,0.252104704,0.252104704,0.8140625,0.7779929262177645,success,sgd,1.0,1000000,1e-06,0.002,0.9,0.000177628553923,
1D-exponential-1024p,,,0.0340671393099872,1000000,0.0010344524617545,,seconds,89.0833249092102,88.99013839103281,megabytes,88270.0,88270.0,92.0,91.32763532763532,0.252178432,0.252178432,0.81328125,0.7775240384615381,success,sgd,1.0,1000000,1e-06,0.002,0.9,0.0010344524617545,
1D-exponential-1024p,,,0.0532996084058442,1000000,6.51750415703786e-05,,seconds,91.56000685691832,91.35574557632208,megabytes,88270.0,88270.0,91.0,89.1510989010989,0.252186624,0.252186624,0.81484375,0.7776742788461541,success,sgd,1.0,1000000,1e-06,0.002,0.9,6.51750415703786e-05,
1D-exponential-1024p,,,0.1517137299193984,1000000,0.0001748648126744,,seconds,90.56888341903688,90.55473496206103,megabytes,88270.0,88270.0,92.0,89.54469273743017,0.252186624,0.252186624,0.8125,0.7799297311452515,success,sgd,1.0,1000000,1e-06,0.002,0.9,0.0001748648126744,
1D-exponential-1024p,,,0.0843677701160009,1000000,0.0001206722946517,,seconds,90.24563002586363,90.09485839679836,megabytes,88270.0,88270.0,93.0,89.66666666666667,0.252174336,0.252174336,0.81484375,0.77763134057971,success,sgd,1.0,1000000,1e-06,0.002,0.9,0.0001206722946517,
1D-exponential-1024p,,,0.0710646691545626,1000000,0.0002684558317801,,seconds,89.08552241325378,89.04028906300664,megabytes,88270.0,88270.0,93.0,91.49444444444444,0.252178432,0.252178432,0.8171875,0.7788736979166664,success,sgd,1.0,1000000,1e-06,0.002,0.9,0.0002684558317801,
1D-exponential-1024p,,,0.0609324285619462,1000000,8.401899803842806e-05,,seconds,90.06335258483887,89.96400117315352,megabytes,88270.0,88270.0,92.0,89.91784702549575,0.25214976,0.25214976,0.82265625,0.7783662358356942,success,sgd,1.0,1000000,1e-06,0.002,0.9,8.401899803842806e-05,
1D-exponential-1024p,,,0.0621273454843316,1000000,8.92033190106514e-05,,seconds,91.50336217880248,91.46465669572352,megabytes,88270.0,88270.0,92.0,88.98614958448753,0.252186624,0.252186624,0.8359375,0.779085872576177,success,sgd,1.0,1000000,1e-06,0.002,0.9,8.92033190106514e-05,
1D-exponential-1024p,,,0.0191082479712927,1000000,0.0002239187695686,,seconds,87.74590635299683,87.6649053003639,megabytes,88270.0,88270.0,93.0,91.92795389048992,0.252239872,0.252239872,0.815625,0.778190291786743,success,sgd,1.0,1000000,1e-06,0.002,0.9,0.0002239187695686,
1D-exponential-1024p,,,0.0717735639332647,1000000,0.0013261010677217,,seconds,90.5807147026062,90.57510120421648,megabytes,88270.0,88270.0,92.0,89.475,0.25223168,0.25223168,0.81015625,0.7799500868055557,success,sgd,1.0,1000000,1e-06,0.002,0.9,0.0013261010677217,
1D-exponential-1024p,,,0.0910494037589104,1000000,0.0001375172430932,,seconds,89.38066720962524,89.22364740259945,megabytes,88270.0,88270.0,92.0,90.56508875739644,0.252186624,0.252186624,0.81640625,0.7772397374260351,success,sgd,1.0,1000000,1e-06,0.002,0.9,0.0001375172430932,
1D-exponential-1024p,,,0.1579977468984887,1000000,0.0014524516897997,,seconds,88.82324266433716,88.74159353971481,megabytes,88270.0,88270.0,93.0,90.83526011560694,0.25227264,0.25227264,0.8171875,0.7787662572254341,success,sgd,1.0,1000000,1e-06,0.002,0.9,0.0014524516897997,
1D-exponential-2048p,,,0.1729372528411772,1000000,0.009136312939388,,seconds,187.1466143131256,187.113693440333,megabytes,88270.0,88270.0,95.0,94.45441795231416,0.267091968,0.267091968,0.8125,0.777462088008415,success,sgd,1.0,1000000,1e-06,0.002,0.9,0.009136312939388,
1D-exponential-2048p,,,0.0384757305595274,1000000,0.0087915376701984,,seconds,186.01108384132385,185.78967462480068,megabytes,88270.0,88270.0,96.0,95.92917847025495,0.256602112,0.256602112,0.821875,0.7777841713881019,success,sgd,1.0,1000000,1e-06,0.002,0.9,0.0087915376701984,
1D-exponential-2048p,,,0.029542701573104,1000000,0.0104404980528883,,seconds,186.0959844589233,186.0900724977255,megabytes,88270.0,88270.0,95.0,94.90295358649789,0.256323584,0.256323584,0.8421875,0.7790798611111109,success,sgd,1.0,1000000,1e-06,0.002,0.9,0.0104404980528883,
1D-exponential-2048p,,,0.0346963972521425,1000000,0.0121545609673697,,seconds,184.62765789031985,184.5673982631415,megabytes,88270.0,88270.0,96.0,95.89901823281907,0.255422464,0.255422464,0.81953125,0.7793675490883597,success,sgd,1.0,1000000,1e-06,0.002,0.9,0.0121545609673697,
1D-exponential-2048p,,,0.0390302641829441,1000000,0.0074672367032842,,seconds,185.31434559822085,185.122443780303,megabytes,88270.0,88270.0,96.0,95.88333333333334,0.255614976,0.255614976,0.8234375,0.7780598958333338,success,sgd,1.0,1000000,1e-06,0.002,0.9,0.0074672367032842,
1D-exponential-2048p,,,0.0962979257817159,1000000,0.0085966517647996,,seconds,186.07647442817688,186.06792832538488,megabytes,88270.0,88270.0,96.0,95.94342291371994,0.256405504,0.256405504,0.83203125,0.7799792256011322,success,sgd,1.0,1000000,1e-06,0.002,0.9,0.0085966517647996,
1D-exponential-2048p,,,0.0179145925630108,1000000,0.009351087066818,,seconds,185.7860975265503,185.76155662722888,megabytes,88270.0,88270.0,96.0,95.4868238557559,0.256385024,0.256385024,0.8140625,0.7794642857142855,success,sgd,1.0,1000000,1e-06,0.002,0.9,0.009351087066818,
1D-exponential-2048p,,,0.0150668457656336,1000000,0.0108043582894305,,seconds,185.20019674301147,185.06031786464155,megabytes,88270.0,88270.0,96.0,95.8899721448468,0.255533056,0.255533056,0.81640625,0.778674486420613,success,sgd,1.0,1000000,1e-06,0.002,0.9,0.0108043582894305,
1D-exponential-2048p,,,0.0159187224514945,1000000,0.011037724213064,,seconds,185.1207799911499,185.07863990589976,megabytes,88270.0,88270.0,96.0,95.7310924369748,0.25556992,0.25556992,0.821875,0.7797236081932774,success,sgd,1.0,1000000,1e-06,0.002,0.9,0.011037724213064,
1D-exponential-2048p,,,0.0293618893057413,1000000,0.0087654684333133,,seconds,185.9004955291748,185.8279786203057,megabytes,88270.0,88270.0,96.0,95.83802816901408,0.255594496,0.255594496,0.81328125,0.7780446742957756,success,sgd,1.0,1000000,1e-06,0.002,0.9,0.0087654684333133,
1D-exponential-2048p,,,0.0356107944708044,1000000,0.0081980484783327,,seconds,185.8109645843506,185.7186291627586,megabytes,88270.0,88270.0,96.0,95.85,0.255655936,0.255655936,0.81953125,0.7801071428571426,success,sgd,1.0,1000000,1e-06,0.002,0.9,0.0081980484783327,
1D-exponential-2048p,,,0.0457919999946032,1000000,0.0076983638027171,,seconds,185.4856083393097,185.33840936422348,megabytes,88270.0,88270.0,96.0,95.73060648801128,0.255647744,0.255647744,0.84609375,0.7784181064880111,success,sgd,1.0,1000000,1e-06,0.002,0.9,0.0076983638027171,
1D-exponential-2048p,,,0.1071362199182113,1000000,0.008096069447886,,seconds,185.39936709403992,185.19678240641952,megabytes,88270.0,88270.0,96.0,95.82451253481894,0.255705088,0.255705088,0.815625,0.7778562412952643,success,sgd,1.0,1000000,1e-06,0.002,0.9,0.008096069447886,
1D-exponential-2048p,,,0.1058102476301117,1000000,0.0090490956221863,,seconds,186.2659957408905,186.15615905821323,megabytes,88270.0,88270.0,96.0,95.64080459770116,0.25565184,0.25565184,0.82578125,0.7782462284482771,success,sgd,1.0,1000000,1e-06,0.002,0.9,0.0090490956221863,
1D-exponential-2048p,,,0.0588102388983479,1000000,0.0075744644131012,,seconds,185.81301474571228,185.6184517145157,megabytes,88270.0,88270.0,96.0,95.33380480905234,0.255725568,0.255725568,0.82734375,0.7785106524045265,success,sgd,1.0,1000000,1e-06,0.002,0.9,0.0075744644131012,
1D-exponential-2048p,,,0.0399529887740426,1000000,0.008683706599852,,seconds,185.32133626937863,185.3506961669773,megabytes,88270.0,88270.0,96.0,95.74115983026874,0.255602688,0.255602688,0.8140625,0.7793427333804799,success,sgd,1.0,1000000,1e-06,0.002,0.9,0.008683706599852,
1D-exponential-2048p,,,0.0955207098570351,1000000,0.0075469434940157,,seconds,184.95183992385864,184.84910311177373,megabytes,88270.0,88270.0,96.0,95.60917941585537,0.255627264,0.255627264,0.815625,0.7792387430458971,success,sgd,1.0,1000000,1e-06,0.002,0.9,0.0075469434940157,
1D-exponential-2048p,,,0.0203365244760129,1000000,0.0104157639468045,,seconds,185.6610944271088,185.49290835671127,megabytes,88270.0,88270.0,96.0,95.68980169971672,0.255688704,0.255688704,0.83203125,0.7781847556657226,success,sgd,1.0,1000000,1e-06,0.002,0.9,0.0104157639468045,
1D-exponential-2048p,,,0.0634073059622044,1000000,0.0112858791407429,,seconds,185.11402916908264,184.99383515305817,megabytes,88270.0,88270.0,96.0,95.44683908045975,0.259551232,0.259551232,0.8171875,0.7789129849137928,success,sgd,1.0,1000000,1e-06,0.002,0.9,0.0112858791407429,
1D-exponential-2048p,,,0.0241353732963235,1000000,0.0075722280564164,,seconds,185.02088356018064,184.9498195387423,megabytes,88270.0,88270.0,96.0,95.487922705314,0.253874176,0.253874176,0.82734375,0.779101247987117,success,sgd,1.0,1000000,1e-06,0.002,0.9,0.0075722280564164,
1D-exponential-2048p,,,0.0295910149537018,1000000,0.0086035232176837,,seconds,186.1513087749481,186.04187188111248,megabytes,88270.0,88270.0,96.0,95.10077519379846,0.253919232,0.253919232,0.81328125,0.7795639534883719,success,sgd,1.0,1000000,1e-06,0.002,0.9,0.0086035232176837,
1D-exponential-2048p,,,0.111872573264316,1000000,0.0089608808374231,,seconds,188.12583255767825,187.8698448240757,megabytes,88270.0,88270.0,96.0,94.5375191424196,0.254066688,0.254066688,0.8125,0.778631077718224,success,sgd,1.0,1000000,1e-06,0.002,0.9,0.0089608808374231,
1D-exponential-2048p,,,0.0499979118426326,1000000,0.0084785064713945,,seconds,185.44230222702024,185.29638695716855,megabytes,88270.0,88270.0,96.0,95.4656,0.25389056,0.25389056,0.83515625,0.7779362499999997,success,sgd,1.0,1000000,1e-06,0.002,0.9,0.0084785064713945,
1D-exponential-2048p,,,0.0487582205653314,1000000,0.0091392674822639,,seconds,185.02536010742188,184.8068708255887,megabytes,88270.0,88270.0,96.0,95.65517241379312,0.25399296,0.25399296,0.81328125,0.7780111187304077,success,sgd,1.0,1000000,1e-06,0.002,0.9,0.0091392674822639,
1D-exponential-2048p,,,0.0227102281284112,1000000,0.0095368294301321,,seconds,184.44708943367004,184.39805555343628,megabytes,88270.0,88270.0,96.0,95.76279069767442,0.253943808,0.253943808,0.825,0.7796269379844953,success,sgd,1.0,1000000,1e-06,0.002,0.9,0.0095368294301321,
1D-exponential-2048p,,,0.0297337465271871,1000000,0.0081628039817804,,seconds,185.3218650817871,185.08251940831545,megabytes,88270.0,88270.0,96.0,95.5782945736434,0.25413632,0.25413632,0.8140625,0.7784096414728686,success,sgd,1.0,1000000,1e-06,0.002,0.9,0.0081628039817804,
1D-exponential-2048p,,,0.0076312929414261,1000000,0.0062086498441676,,seconds,185.6677861213684,185.45205540582535,megabytes,88270.0,88270.0,96.0,95.5031847133758,0.254046208,0.254046208,0.83359375,0.778042894108281,success,sgd,1.0,1000000,1e-06,0.002,0.9,0.0062086498441676,
1D-exponential-2048p,,,0.0315891395922021,1000000,0.011343837543621,,seconds,184.62357640266416,184.59930038638413,megabytes,88270.0,88270.0,96.0,95.7809076682316,0.253939712,0.253939712,0.81953125,0.7792265747261341,success,sgd,1.0,1000000,1e-06,0.002,0.9,0.011343837543621,
1D-exponential-2048p,,,0.0227518418611204,1000000,0.0123566409216941,,seconds,185.2242136001587,185.05141650512812,megabytes,88270.0,88270.0,96.0,95.4935275080906,0.253997056,0.253997056,0.8109375,0.7782387742718446,success,sgd,1.0,1000000,1e-06,0.002,0.9,0.0123566409216941,
1D-exponential-2048p,,,0.1289198002492746,1000000,0.0098312814198268,,seconds,185.41848278045651,185.34979708120227,megabytes,88270.0,88270.0,96.0,95.65818759936408,0.254906368,0.254906368,0.8375,0.7789708366454693,success,sgd,1.0,1000000,1e-06,0.002,0.9,0.0098312814198268,
1D-exponential-32p,,,0.1769439609871583,1000000,1.7540847766172067e-05,,seconds,36.81398820877075,36.72037675976753,megabytes,88268.0,88268.0,86.0,83.86127167630057,0.246665216,0.246665216,0.81484375,0.7778901734104046,success,sgd,0.1,1000000,1e-06,0.002,0.9,1.7540847766172067e-05,
1D-exponential-32p,,,0.0446741699125256,1000000,1.7351550603995113e-05,,seconds,36.919517040252686,36.76969859562814,megabytes,88268.0,88268.0,85.0,84.07386363636364,0.2466816,0.2466816,0.82265625,0.7761674360795454,success,sgd,0.1,1000000,1e-06,0.002,0.9,1.7351550603995113e-05,
1D-exponential-32p,,,0.0459864612950746,1000000,1.7097610114829632e-05,,seconds,36.53289937973023,36.464698599651456,megabytes,88268.0,88268.0,85.0,83.93023255813954,0.246812672,0.246812672,0.815625,0.7787018531976742,success,sgd,0.1,1000000,1e-06,0.002,0.9,1.7097610114829632e-05,
1D-exponential-32p,,,0.0667717401532897,1000000,1.6917817114858168e-05,,seconds,36.50172829627991,36.31546179018915,megabytes,88268.0,88268.0,86.0,84.59883720930233,0.24700928,0.24700928,0.81640625,0.7755586845930232,success,sgd,0.1,1000000,1e-06,0.002,0.9,1.6917817114858168e-05,
1D-exponential-32p,,,0.0454465985066989,1000000,1.7639327784106608e-05,,seconds,36.52479147911072,36.39426055364311,megabytes,88268.0,88268.0,86.0,84.54117647058824,0.247558144,0.247558144,0.82109375,0.7782950367647062,success,sgd,0.1,1000000,1e-06,0.002,0.9,1.7639327784106608e-05,
1D-exponential-32p,,,0.1137143368983317,1000000,1.9255490985468785e-05,,seconds,36.51455736160278,36.37915088608861,megabytes,88268.0,88268.0,86.0,85.14619883040936,0.24690688,0.24690688,0.81875,0.7777092470760231,success,sgd,0.1,1000000,1e-06,0.002,0.9,1.9255490985468785e-05,
1D-exponential-32p,,,0.0355529555564834,1000000,1.728113905986362e-05,,seconds,36.45721507072449,36.45876138657332,megabytes,88268.0,88268.0,86.0,84.48795180722891,0.246910976,0.246910976,0.828125,0.7805487575301205,success,sgd,0.1,1000000,1e-06,0.002,0.9,1.728113905986362e-05,
1D-exponential-32p,,,0.0285677493353756,1000000,1.6874411893642953e-05,,seconds,36.8674943447113,36.68200557306409,megabytes,88268.0,88268.0,86.0,84.12345679012346,0.247136256,0.247136256,0.8234375,0.7733892746913579,success,sgd,0.1,1000000,1e-06,0.002,0.9,1.6874411893642953e-05,
1D-exponential-32p,,,0.030189194287904,1000000,1.6940156683515162e-05,,seconds,36.69816780090332,36.57244244404137,megabytes,88268.0,88268.0,86.0,84.08484848484848,0.246976512,0.246976512,0.809375,0.7744839015151515,success,sgd,0.1,1000000,1e-06,0.002,0.9,1.6940156683515162e-05,
1D-exponential-32p,,,0.035393794734923,1000000,1.711308992979595e-05,,seconds,37.0515763759613,36.96015442349017,megabytes,88268.0,88268.0,85.0,83.48214285714286,0.246972416,0.246972416,0.81328125,0.7788504464285714,success,sgd,0.1,1000000,1e-06,0.002,0.9,1.711308992979595e-05,
1D-exponential-32p,,,0.0356888946319677,1000000,1.7631727336317535e-05,,seconds,36.81651139259338,36.82101742550731,megabytes,88268.0,88268.0,85.0,83.46153846153847,0.24702976,0.24702976,0.82421875,0.7797475961538461,success,sgd,0.1,1000000,1e-06,0.002,0.9,1.7631727336317535e-05,
1D-exponential-32p,,,0.0500630214196415,1000000,1.7399902035686523e-05,,seconds,36.65100288391113,36.47889654710889,megabytes,88268.0,88268.0,86.0,84.59880239520957,0.247054336,0.247054336,0.85546875,0.7747567365269457,success,sgd,0.1,1000000,1e-06,0.002,0.9,1.7399902035686523e-05,
1D-exponential-32p,,,0.1345717495577036,1000000,1.8077508533884056e-05,,seconds,36.90107202529907,36.73959071934223,megabytes,88268.0,88268.0,86.0,83.68711656441718,0.247140352,0.247140352,0.815625,0.7760688266871171,success,sgd,0.1,1000000,1e-06,0.002,0.9,1.8077508533884056e-05,
1D-exponential-32p,,,0.1548872846820656,1000000,1.74174305028851e-05,,seconds,36.4293737411499,36.3517363127321,megabytes,88268.0,88268.0,86.0,84.70930232558139,0.246943744,0.246943744,0.81953125,0.7757676235465117,success,sgd,0.1,1000000,1e-06,0.002,0.9,1.74174305028851e-05,
1D-exponential-32p,,,0.0703185225415214,1000000,1.7723219251240606e-05,,seconds,36.61963224411011,36.598747342824936,megabytes,88268.0,88268.0,86.0,83.96341463414635,0.247021568,0.247021568,0.81796875,0.7797494283536586,success,sgd,0.1,1000000,1e-06,0.002,0.9,1.7723219251240606e-05,
1D-exponential-32p,,,0.0518719940429487,1000000,1.741679297774498e-05,,seconds,36.48673582077026,36.47609933465719,megabytes,88268.0,88268.0,86.0,84.56024096385542,0.247037952,0.247037952,0.81171875,0.7772402108433735,success,sgd,0.1,1000000,1e-06,0.002,0.9,1.741679297774498e-05,
1D-exponential-32p,,,0.1068859123914653,1000000,1.7667710996595534e-05,,seconds,36.46521878242493,36.427445689216256,megabytes,88268.0,88268.0,86.0,84.26785714285714,0.24705024,0.24705024,0.81328125,0.7796409970238094,success,sgd,0.1,1000000,1e-06,0.002,0.9,1.7667710996595534e-05,
1D-exponential-32p,,,0.0317272665161777,1000000,1.6995488584368004e-05,,seconds,36.3881459236145,36.19626950658858,megabytes,88268.0,88268.0,86.0,84.96551724137932,0.247246848,0.247246848,0.82578125,0.7758530890804596,success,sgd,0.1,1000000,1e-06,0.002,0.9,1.6995488584368004e-05,
1D-exponential-32p,,,0.0896168088687266,1000000,1.726251211112835e-05,,seconds,36.72190928459168,36.55901204049587,megabytes,88268.0,88268.0,86.0,84.10240963855422,0.247136256,0.247136256,0.81796875,0.7737292921686744,success,sgd,0.1,1000000,1e-06,0.002,0.9,1.726251211112835e-05,
1D-exponential-32p,,,0.029277276462737,1000000,1.741567568582086e-05,,seconds,36.70020413398743,36.55919695831835,megabytes,88268.0,88268.0,86.0,84.22485207100591,0.247095296,0.247095296,0.81796875,0.7761973002958579,success,sgd,0.1,1000000,1e-06,0.002,0.9,1.741567568582086e-05,
1D-exponential-32p,,,0.0353038741321082,1000000,1.7487925679832202e-05,,seconds,36.65591812133789,36.603144789114594,megabytes,88268.0,88268.0,86.0,84.2560975609756,0.247107584,0.247107584,0.815625,0.7770769817073171,success,sgd,0.1,1000000,1e-06,0.002,0.9,1.7487925679832202e-05,
1D-exponential-32p,,,0.1398663763145388,1000000,1.739072797303003e-05,,seconds,36.49040198326111,36.3883293569088,megabytes,88268.0,88268.0,86.0,84.3905325443787,0.247144448,0.247144448,0.81953125,0.7783468934911242,success,sgd,0.1,1000000,1e-06,0.002,0.9,1.739072797303003e-05,
1D-exponential-32p,,,0.0748253043924258,1000000,1.7458534074419656e-05,,seconds,36.66406345367432,36.65513074025512,megabytes,88268.0,88268.0,85.0,83.85119047619048,0.247160832,0.247160832,0.8125,0.7801153273809524,success,sgd,0.1,1000000,1e-06,0.002,0.9,1.7458534074419656e-05,
1D-exponential-32p,,,0.0592819239910992,1000000,1.751319112874557e-05,,seconds,36.59605169296265,36.43495384603739,megabytes,88268.0,88268.0,86.0,84.54437869822485,0.247238656,0.247238656,0.81796875,0.774329696745562,success,sgd,0.1,1000000,1e-06,0.002,0.9,1.751319112874557e-05,
1D-exponential-32p,,,0.0300580680285523,1000000,1.7181444910766035e-05,,seconds,36.64619326591492,36.46748265810311,megabytes,88268.0,88268.0,86.0,84.51190476190476,0.247304192,0.247304192,0.815625,0.7750279017857145,success,sgd,0.1,1000000,1e-06,0.002,0.9,1.7181444910766035e-05,
1D-exponential-32p,,,0.0382158279797944,1000000,1.73538145966081e-05,,seconds,36.444493770599365,36.44549798592925,megabytes,88268.0,88268.0,86.0,84.25748502994011,0.247271424,0.247271424,0.8140625,0.781633607784431,success,sgd,0.1,1000000,1e-06,0.002,0.9,1.73538145966081e-05,
1D-exponential-32p,,,0.0144008711678715,1000000,1.790513274583379e-05,,seconds,36.59166693687439,36.455039305612445,megabytes,88268.0,88268.0,86.0,84.56470588235294,0.247287808,0.247287808,0.81640625,0.7765624999999997,success,sgd,0.1,1000000,1e-06,0.002,0.9,1.790513274583379e-05,
1D-exponential-32p,,,0.0439869880991885,1000000,1.686090048278582e-05,,seconds,36.74376654624939,36.61189438402653,megabytes,88268.0,88268.0,86.0,84.10909090909091,0.247328768,0.247328768,0.81796875,0.775487689393939,success,sgd,0.1,1000000,1e-06,0.002,0.9,1.686090048278582e-05,
1D-exponential-32p,,,0.0520732740153511,1000000,1.6874582731860837e-05,,seconds,36.54481101036072,36.370086947456,megabytes,88268.0,88268.0,86.0,84.53801169590643,0.247463936,0.247463936,0.81640625,0.7724643640350878,success,sgd,0.1,1000000,1e-06,0.002,0.9,1.6874582731860837e-05,
1D-exponential-32p,,,0.1687954111667442,1000000,1.7990186106086886e-05,,seconds,36.737389087677,36.6832120269537,megabytes,88268.0,88268.0,86.0,84.03048780487805,0.247414784,0.247414784,0.84140625,0.778172637195122,success,sgd,0.1,1000000,1e-06,0.002,0.9,1.7990186106086886e-05,
1D-exponential-64p,,,0.1839070702435731,1000000,2.452659050650296e-05,,seconds,44.946455001831055,44.84013654664159,megabytes,88268.0,88268.0,80.0,78.21428571428571,0.258056192,0.258056192,0.82109375,0.7768526785714287,success,sgd,0.1,1000000,1e-06,0.002,0.9,2.452659050650296e-05,
1D-exponential-64p,,,0.0391905270891249,1000000,2.411232707956862e-05,,seconds,44.75860142707825,44.6715529114008,megabytes,88268.0,88268.0,81.0,79.6256157635468,0.248127488,0.248127488,0.821875,0.7784328817733988,success,sgd,0.1,1000000,1e-06,0.002,0.9,2.411232707956862e-05,
1D-exponential-64p,,,0.0466736514729691,1000000,2.380527096110304e-05,,seconds,44.54170298576355,44.35612489283085,megabytes,88268.0,88268.0,81.0,80.27962085308057,0.24846336,0.24846336,0.821875,0.7753517476303312,success,sgd,0.1,1000000,1e-06,0.002,0.9,2.380527096110304e-05,
1D-exponential-64p,,,0.0501420631331093,1000000,2.3383302257388805e-05,,seconds,44.38363981246948,44.275952169671655,megabytes,88268.0,88268.0,81.0,80.35377358490567,0.24813568,0.24813568,0.84765625,0.778475088443396,success,sgd,0.1,1000000,1e-06,0.002,0.9,2.3383302257388805e-05,
1D-exponential-64p,,,0.0558384974275695,1000000,2.4585965223647597e-05,,seconds,44.495083808898926,44.36024058237672,megabytes,88268.0,88268.0,81.0,80.1563981042654,0.248180736,0.248180736,0.82890625,0.7789803021327014,success,sgd,0.1,1000000,1e-06,0.002,0.9,2.4585965223647597e-05,
1D-exponential-64p,,,0.1142503635368422,1000000,2.7123141697711478e-05,,seconds,44.831557273864746,44.653120493516326,megabytes,88268.0,88268.0,81.0,79.54679802955665,0.248254464,0.248254464,0.815625,0.7762584667487678,success,sgd,0.1,1000000,1e-06,0.002,0.9,2.7123141697711478e-05,
1D-exponential-64p,,,0.0271425626311219,1000000,2.3942086678924813e-05,,seconds,44.65374565124512,44.49695017002523,megabytes,88268.0,88268.0,81.0,79.78743961352657,0.248180736,0.248180736,0.8234375,0.7764077596618361,success,sgd,0.1,1000000,1e-06,0.002,0.9,2.3942086678924813e-05,
1D-exponential-64p,,,0.0313549873212064,1000000,2.3581529811654672e-05,,seconds,44.63292121887207,44.5993956066668,megabytes,88268.0,88268.0,81.0,78.97058823529412,0.2482176,0.2482176,0.82265625,0.7788219975490196,success,sgd,0.1,1000000,1e-06,0.002,0.9,2.3581529811654672e-05,
1D-exponential-64p,,,0.030794415908263,1000000,2.3465948909838143e-05,,seconds,44.80779552459717,44.66719659790397,megabytes,88268.0,88268.0,81.0,79.39603960396039,0.248336384,0.248336384,0.84296875,0.7768370977722773,success,sgd,0.1,1000000,1e-06,0.002,0.9,2.3465948909838143e-05,
1D-exponential-64p,,,0.0353670192547149,1000000,2.3859041161654583e-05,,seconds,44.61050128936768,44.40384731441736,megabytes,88268.0,88268.0,81.0,79.85645933014354,0.24850432,0.24850432,0.8125,0.7754822069377992,success,sgd,0.1,1000000,1e-06,0.002,0.9,2.3859041161654583e-05,
1D-exponential-64p,,,0.0362830194501739,1000000,2.4594133645368595e-05,,seconds,44.45996308326721,44.41366657242179,megabytes,88268.0,88268.0,80.0,79.33014354066985,0.248344576,0.248344576,0.81484375,0.778663277511962,success,sgd,0.1,1000000,1e-06,0.002,0.9,2.4594133645368595e-05,
1D-exponential-64p,,,0.0434256394318052,1000000,2.4216147056581467e-05,,seconds,44.60611033439636,44.559502862393856,megabytes,88268.0,88268.0,81.0,79.63725490196079,0.24825856,0.24825856,0.81953125,0.7778684129901956,success,sgd,0.1,1000000,1e-06,0.002,0.9,2.4216147056581467e-05,
1D-exponential-64p,,,0.1349506395836999,1000000,2.5516153971099025e-05,,seconds,44.69642448425293,44.7033553943038,megabytes,88268.0,88268.0,81.0,79.465,0.248266752,0.248266752,0.8140625,0.78083984375,success,sgd,0.1,1000000,1e-06,0.002,0.9,2.5516153971099025e-05,
1D-exponential-64p,,,0.1150266245992942,1000000,2.439070750384277e-05,,seconds,44.53867602348328,44.48474925756455,megabytes,88268.0,88268.0,81.0,79.70048309178743,0.248332288,0.248332288,0.81796875,0.7791893115942028,success,sgd,0.1,1000000,1e-06,0.002,0.9,2.439070750384277e-05,
1D-exponential-64p,,,0.058452315696005,1000000,2.4786703854972684e-05,,seconds,44.64015340805054,44.43691545538604,megabytes,88268.0,88268.0,81.0,79.79227053140097,0.24838144,0.24838144,0.82890625,0.7768870772946859,success,sgd,0.1,1000000,1e-06,0.002,0.9,2.4786703854972684e-05,
1D-exponential-64p,,,0.0520465295152541,1000000,2.43214725501914e-05,,seconds,44.52694129943848,44.38223365694285,megabytes,88268.0,88268.0,81.0,80.1256038647343,0.248291328,0.248291328,0.8375,0.7773248792270537,success,sgd,0.1,1000000,1e-06,0.002,0.9,2.43214725501914e-05,
1D-exponential-64p,,,0.1078501893862679,1000000,2.4689330101519392e-05,,seconds,45.01667141914368,44.86946579255164,megabytes,88268.0,88268.0,81.0,79.09644670050761,0.24836096,0.24836096,0.81875,0.7765902601522839,success,sgd,0.1,1000000,1e-06,0.002,0.9,2.4689330101519392e-05,
1D-exponential-64p,,,0.0374868842247995,1000000,2.3775969581022097e-05,,seconds,44.73402690887451,44.60446546413005,megabytes,88268.0,88268.0,81.0,79.5990099009901,0.248324096,0.248324096,0.8203125,0.7774791150990098,success,sgd,0.1,1000000,1e-06,0.002,0.9,2.3775969581022097e-05,
1D-exponential-64p,,,0.0895972164488997,1000000,2.414167227085329e-05,,seconds,44.66255569458008,44.480467081069946,megabytes,88268.0,88268.0,81.0,79.69902912621359,0.248487936,0.248487936,0.8234375,0.7757243628640778,success,sgd,0.1,1000000,1e-06,0.002,0.9,2.414167227085329e-05,
1D-exponential-64p,,,0.0231767246590486,1000000,2.460452627630039e-05,,seconds,44.626784563064575,44.47048877179623,megabytes,88268.0,88268.0,81.0,79.89855072463769,0.248307712,0.248307712,0.82109375,0.778823218599034,success,sgd,0.1,1000000,1e-06,0.002,0.9,2.460452627630039e-05,
1D-exponential-64p,,,0.0356331721300011,1000000,2.438935160025233e-05,,seconds,44.362539529800415,44.295128820464015,megabytes,88268.0,88268.0,81.0,80.17535545023696,0.248369152,0.248369152,0.82265625,0.7777769549763032,success,sgd,0.1,1000000,1e-06,0.002,0.9,2.438935160025233e-05,
1D-exponential-64p,,,0.1207540012270137,1000000,2.431760525793341e-05,,seconds,44.339054107666016,44.345847522839904,megabytes,88268.0,88268.0,81.0,80.14354066985646,0.24829952,0.24829952,0.81875,0.7808986244019143,success,sgd,0.1,1000000,1e-06,0.002,0.9,2.431760525793341e-05,
1D-exponential-64p,,,0.0634522566172643,1000000,2.4344682862000645e-05,,seconds,44.761828899383545,44.58427968062461,megabytes,88268.0,88268.0,81.0,79.40686274509804,0.248610816,0.248610816,0.81875,0.7753025428921566,success,sgd,0.1,1000000,1e-06,0.002,0.9,2.4344682862000645e-05,
1D-exponential-64p,,,0.0510491432405106,1000000,2.4379600440470752e-05,,seconds,44.824671506881714,44.63701513409615,megabytes,88268.0,88268.0,81.0,79.45049504950495,0.248561664,0.248561664,0.81484375,0.7754370358910886,success,sgd,0.1,1000000,1e-06,0.002,0.9,2.4379600440470752e-05,
1D-exponential-64p,,,0.0302214555121299,1000000,2.392861420678163e-05,,seconds,44.766550064086914,44.67829606682062,megabytes,88268.0,88268.0,80.0,78.5940594059406,0.248414208,0.248414208,0.81171875,0.7758818069306924,success,sgd,0.1,1000000,1e-06,0.002,0.9,2.392861420678163e-05,
1D-exponential-64p,,,0.033139382656296,1000000,2.4208402230292496e-05,,seconds,44.830984115600586,44.76552954688668,megabytes,88268.0,88268.0,81.0,79.24747474747475,0.248434688,0.248434688,0.8171875,0.7782709911616157,success,sgd,0.1,1000000,1e-06,0.002,0.9,2.4208402230292496e-05,
1D-exponential-64p,,,0.0137657079101365,1000000,2.503345578073737e-05,,seconds,44.71626400947571,44.67102168500424,megabytes,88268.0,88268.0,81.0,79.49751243781094,0.248487936,0.248487936,0.8453125,0.7793260261194026,success,sgd,0.1,1000000,1e-06,0.002,0.9,2.503345578073737e-05,
1D-exponential-64p,,,0.0508917238552127,1000000,2.3714371227010775e-05,,seconds,44.73710894584656,44.6286364402622,megabytes,88268.0,88268.0,81.0,79.74509803921569,0.24846336,0.24846336,0.81875,0.776474417892157,success,sgd,0.1,1000000,1e-06,0.002,0.9,2.3714371227010775e-05,
1D-exponential-64p,,,0.0388127182424526,1000000,2.3293710063133395e-05,,seconds,44.4924578666687,44.497144777327776,megabytes,88268.0,88268.0,81.0,79.86407766990291,0.248532992,0.248532992,0.81875,0.7803549757281552,success,sgd,0.1,1000000,1e-06,0.002,0.9,2.3293710063133395e-05,
1D-exponential-64p,,,0.1305432396287655,1000000,2.5236914737162105e-05,,seconds,44.47546887397766,44.43401782400906,megabytes,88268.0,88268.0,81.0,79.98550724637681,0.248553472,0.248553472,0.8109375,0.7788005736714978,success,sgd,0.1,1000000,1e-06,0.002,0.9,2.5236914737162105e-05,
1D-exponential-128p,,,0.1814194424352951,1000000,3.181473545627223e-05,,seconds,51.38925194740296,51.32330653071404,megabytes,88268.0,88268.0,82.0,77.9063829787234,0.259772416,0.259772416,0.815625,0.7767553191489363,success,sgd,0.1,1000000,1e-06,0.002,0.9,3.181473545627223e-05,
1D-exponential-128p,,,0.0419527928016876,1000000,3.0925225980102096e-05,,seconds,49.29764080047608,49.25380054116249,megabytes,88268.0,88268.0,83.0,80.5330396475771,0.249647104,0.249647104,0.81484375,0.7787238436123347,success,sgd,0.1,1000000,1e-06,0.002,0.9,3.0925225980102096e-05,
1D-exponential-128p,,,0.0511895058518662,1000000,3.142730336002688e-05,,seconds,51.179054498672485,51.05008376948536,megabytes,88268.0,88268.0,86.0,78.39148936170213,0.249561088,0.249561088,0.81796875,0.7791555851063828,success,sgd,0.1,1000000,1e-06,0.002,0.9,3.142730336002688e-05,
1D-exponential-128p,,,0.0579518097613686,1000000,3.108178738500539e-05,,seconds,50.053842306137085,49.8096088655293,megabytes,88268.0,88268.0,83.0,79.86343612334802,0.249622528,0.249622528,0.840625,0.7747453193832603,success,sgd,0.1,1000000,1e-06,0.002,0.9,3.108178738500539e-05,
1D-exponential-128p,,,0.045962879958721,1000000,3.143021502052096e-05,,seconds,51.019750118255615,50.9738183375448,megabytes,88268.0,88268.0,82.0,78.38461538461539,0.249593856,0.249593856,0.81796875,0.7800514155982908,success,sgd,0.1,1000000,1e-06,0.002,0.9,3.143021502052096e-05,
1D-exponential-128p,,,0.11472797517207,1000000,3.624883905786375e-05,,seconds,49.54396414756775,49.36307909525931,megabytes,88268.0,88268.0,85.0,80.41891891891892,0.249634816,0.249634816,0.8328125,0.7755736204954947,success,sgd,0.1,1000000,1e-06,0.002,0.9,3.624883905786375e-05,
1D-exponential-128p,,,0.0284991412965407,1000000,3.0860818273455944e-05,,seconds,51.11829733848572,50.92541258782149,megabytes,88268.0,88268.0,86.0,78.5,0.249860096,0.249860096,0.8203125,0.7764143318965517,success,sgd,0.1,1000000,1e-06,0.002,0.9,3.0860818273455944e-05,
1D-exponential-128p,,,0.0300043475864949,1000000,3.0386535532728623e-05,,seconds,49.925020694732666,49.89104131050408,megabytes,88268.0,88268.0,82.0,79.73799126637554,0.249626624,0.249626624,0.8453125,0.7797113810043672,success,sgd,0.1,1000000,1e-06,0.002,0.9,3.0386535532728623e-05,
1D-exponential-128p,,,0.030861259663309,1000000,3.025891223835667e-05,,seconds,50.85667085647583,50.86482096835971,megabytes,88268.0,88268.0,82.0,78.80349344978166,0.249655296,0.249655296,0.81484375,0.7801924126637549,success,sgd,0.1,1000000,1e-06,0.002,0.9,3.025891223835667e-05,
1D-exponential-128p,,,0.0336548499212281,1000000,3.112088883883046e-05,,seconds,49.80835175514221,49.68504266627133,megabytes,88268.0,88268.0,82.0,79.84070796460178,0.249724928,0.249724928,0.825,0.7784706858407077,success,sgd,0.1,1000000,1e-06,0.002,0.9,3.112088883883046e-05,
1D-exponential-128p,,,0.0344306227578848,1000000,3.122048790318753e-05,,seconds,51.01650166511536,50.89407689869404,megabytes,88268.0,88268.0,86.0,78.84051724137932,0.249622528,0.249622528,0.81484375,0.7761887122844832,success,sgd,0.1,1000000,1e-06,0.002,0.9,3.122048790318753e-05,
1D-exponential-128p,,,0.0467001072112686,1000000,3.10075479887294e-05,,seconds,49.58238220214844,49.55748685263097,megabytes,88268.0,88268.0,82.0,80.08407079646018,0.249679872,0.249679872,0.81640625,0.779863799778761,success,sgd,0.1,1000000,1e-06,0.002,0.9,3.10075479887294e-05,
1D-exponential-128p,,,0.1248635084764449,1000000,3.425622577205694e-05,,seconds,51.0195369720459,50.85031236149371,megabytes,88268.0,88268.0,82.0,78.65948275862068,0.249716736,0.249716736,0.85078125,0.7764008620689653,success,sgd,0.1,1000000,1e-06,0.002,0.9,3.425622577205694e-05,
1D-exponential-128p,,,0.1240804722690111,1000000,3.1661559737594207e-05,,seconds,50.16448855400085,50.10612461157143,megabytes,88268.0,88268.0,84.0,79.59555555555555,0.249708544,0.249708544,0.81328125,0.7789999999999999,success,sgd,0.1,1000000,1e-06,0.002,0.9,3.1661559737594207e-05,
1D-exponential-128p,,,0.0587372833206582,1000000,3.158807057626241e-05,,seconds,51.486252546310425,51.37355410680175,megabytes,88268.0,88268.0,84.0,78.7125,0.249683968,0.249683968,0.81875,0.7781575520833327,success,sgd,0.1,1000000,1e-06,0.002,0.9,3.158807057626241e-05,
1D-exponential-128p,,,0.0573312283180612,1000000,3.1454653256400905e-05,,seconds,50.26264691352844,50.216747753322124,megabytes,88268.0,88268.0,82.0,78.94827586206897,0.249737216,0.249737216,0.81953125,0.7776333512931036,success,sgd,0.1,1000000,1e-06,0.002,0.9,3.1454653256400905e-05,
1D-exponential-128p,,,0.0989989282029725,1000000,3.1584161093665935e-05,,seconds,50.896313190460205,50.71867052838206,megabytes,88268.0,88268.0,83.0,78.96929824561404,0.249954304,0.249954304,0.8234375,0.7769599780701754,success,sgd,0.1,1000000,1e-06,0.002,0.9,3.1584161093665935e-05,
1D-exponential-128p,,,0.0345003647831645,1000000,3.102637483044821e-05,,seconds,49.43685793876648,49.342167468741536,megabytes,88268.0,88268.0,85.0,80.57534246575342,0.249757696,0.249757696,0.81875,0.7784460616438357,success,sgd,0.1,1000000,1e-06,0.002,0.9,3.102637483044821e-05,
1D-exponential-128p,,,0.0827434726523005,1000000,3.1739470542198096e-05,,seconds,50.95124840736389,50.8294031471014,megabytes,88268.0,88268.0,82.0,78.93478260869566,0.249778176,0.249778176,0.82421875,0.7792968750000003,success,sgd,0.1,1000000,1e-06,0.002,0.9,3.1739470542198096e-05,
1D-exponential-128p,,,0.0290270045231053,1000000,3.15624402339498e-05,,seconds,50.71778678894043,50.57855743356049,megabytes,88268.0,88268.0,83.0,78.56066945606695,0.249819136,0.249819136,0.8140625,0.7759610355648527,success,sgd,0.1,1000000,1e-06,0.002,0.9,3.15624402339498e-05,
1D-exponential-128p,,,0.0357311137116607,1000000,3.113422558175325e-05,,seconds,51.15772461891174,51.10961389169097,megabytes,88268.0,88268.0,85.0,78.19915254237289,0.249880576,0.249880576,0.83984375,0.7790320444915255,success,sgd,0.1,1000000,1e-06,0.002,0.9,3.113422558175325e-05,
1D-exponential-128p,,,0.120784534426478,1000000,3.1559561725754575e-05,,seconds,50.516000509262085,50.33174734003842,megabytes,88268.0,88268.0,82.0,79.08620689655173,0.249962496,0.249962496,0.8234375,0.7775188577586205,success,sgd,0.1,1000000,1e-06,0.002,0.9,3.1559561725754575e-05,
1D-exponential-128p,,,0.0579142097022102,1000000,3.13578109659215e-05,,seconds,51.09083533287048,50.94921813905239,megabytes,88268.0,88268.0,81.0,78.51282051282051,0.249909248,0.249909248,0.82265625,0.7776475694444442,success,sgd,0.1,1000000,1e-06,0.002,0.9,3.13578109659215e-05,
1D-exponential-128p,,,0.051190713758968,1000000,3.130824431600822e-05,,seconds,49.81009244918823,49.79074652493,megabytes,88268.0,88268.0,84.0,80.09821428571429,0.24987648,0.24987648,0.81953125,0.7797921316964286,success,sgd,0.1,1000000,1e-06,0.002,0.9,3.130824431600822e-05,
1D-exponential-128p,,,0.0302778594324307,1000000,3.0509509446408157e-05,,seconds,51.404783487319946,51.33700118213892,megabytes,88268.0,88268.0,85.0,78.22083333333333,0.24993792,0.24993792,0.82421875,0.7760742187499996,success,sgd,0.1,1000000,1e-06,0.002,0.9,3.0509509446408157e-05,
1D-exponential-128p,,,0.0381332520274066,1000000,3.099317952197564e-05,,seconds,49.621697664260864,49.48054241761565,megabytes,88268.0,88268.0,82.0,79.98237885462555,0.25004032,0.25004032,0.81953125,0.7764592511013214,success,sgd,0.1,1000000,1e-06,0.002,0.9,3.099317952197564e-05,
1D-exponential-128p,,,0.0139950978076708,1000000,3.182924414882476e-05,,seconds,50.349069356918335,50.30871278233826,megabytes,88268.0,88268.0,82.0,79.87214611872146,0.249995264,0.249995264,0.8171875,0.7807577054794524,success,sgd,0.1,1000000,1e-06,0.002,0.9,3.182924414882476e-05,
1D-exponential-128p,,,0.0510191050628539,1000000,3.118329724419564e-05,,seconds,50.092535972595215,49.96434370800853,megabytes,88268.0,88268.0,84.0,79.64782608695653,0.250077184,0.250077184,0.8140625,0.7765896739130435,success,sgd,0.1,1000000,1e-06,0.002,0.9,3.118329724419564e-05,
1D-exponential-128p,,,0.0447723668658447,1000000,3.077230083757796e-05,,seconds,50.78518795967102,50.62344953790307,megabytes,88268.0,88268.0,81.0,79.01762114537445,0.250064896,0.250064896,0.8359375,0.7756367015418506,success,sgd,0.1,1000000,1e-06,0.002,0.9,3.077230083757796e-05,
1D-exponential-128p,,,0.1500038484913128,1000000,3.39420610733477e-05,,seconds,49.82967472076416,49.81952763348818,megabytes,88268.0,88268.0,82.0,79.58974358974359,0.250023936,0.250023936,0.821875,0.7795272435897442,success,sgd,0.1,1000000,1e-06,0.002,0.9,3.39420610733477e-05,
1D-exponential-256p,,,0.1767075204046293,1000000,1.2612943005666178e-05,,seconds,53.24967193603516,53.14164212346077,megabytes,88268.0,88268.0,84.0,82.3265306122449,0.261267456,0.261267456,0.81015625,0.7746077806122449,success,sgd,0.1,1000000,1e-06,0.002,0.9,1.2612943005666178e-05,
1D-exponential-256p,,,0.0405286975247011,1000000,2.8334644122937507e-06,,seconds,52.51776552200317,52.41340679116547,megabytes,88268.0,88268.0,84.0,83.65217391304348,0.250703872,0.250703872,0.81875,0.7779211956521737,success,sgd,0.1,1000000,1e-06,0.002,0.9,2.8334644122937507e-06,
1D-exponential-256p,,,0.0511608523294504,1000000,5.2066101911843225e-06,,seconds,52.730913162231445,52.687328500673175,megabytes,88268.0,88268.0,84.0,82.93469387755103,0.250609664,0.250609664,0.8203125,0.779030612244898,success,sgd,0.1,1000000,1e-06,0.002,0.9,5.2066101911843225e-06,
1D-exponential-256p,,,0.0538567318369823,1000000,9.67651653947893e-06,,seconds,52.88677072525024,52.69443115964532,megabytes,88268.0,88268.0,84.0,82.82786885245902,0.250888192,0.250888192,0.84609375,0.7745229252049182,success,sgd,0.1,1000000,1e-06,0.002,0.9,9.67651653947893e-06,
1D-exponential-256p,,,0.0481632657448983,1000000,2.636841429970254e-06,,seconds,52.92531085014343,52.77217200025916,megabytes,88268.0,88268.0,84.0,82.87190082644628,0.25061376,0.25061376,0.81328125,0.7762493543388428,success,sgd,0.1,1000000,1e-06,0.002,0.9,2.636841429970254e-06,
1D-exponential-256p,,,0.1148200285401816,1000000,4.576506641210813e-05,,seconds,52.77532935142517,52.67460022866726,megabytes,88268.0,88268.0,84.0,83.06147540983606,0.250638336,0.250638336,0.8421875,0.7767097848360659,success,sgd,0.1,1000000,1e-06,0.002,0.9,4.576506641210813e-05,
1D-exponential-256p,,,0.0277391586664771,1000000,4.2603854401505e-06,,seconds,52.83505010604858,52.737006194889545,megabytes,88268.0,88268.0,85.0,83.8099173553719,0.250707968,0.250707968,0.81875,0.7782767303719007,success,sgd,0.1,1000000,1e-06,0.002,0.9,4.2603854401505e-06,
1D-exponential-256p,,,0.0306220473712592,1000000,3.648667967512385e-06,,seconds,52.95904612541199,52.88791720569134,megabytes,88268.0,88268.0,84.0,82.94117647058823,0.250802176,0.250802176,0.83515625,0.7781840861344534,success,sgd,0.1,1000000,1e-06,0.002,0.9,3.648667967512385e-06,
1D-exponential-256p,,,0.0313592585203626,1000000,3.178338980616403e-06,,seconds,53.0177845954895,52.83499182760716,megabytes,88268.0,88268.0,84.0,82.86666666666666,0.2507776,0.2507776,0.81796875,0.7752115885416665,success,sgd,0.1,1000000,1e-06,0.002,0.9,3.178338980616403e-06,
1D-exponential-256p,,,0.0340034781352903,1000000,1.0476980788521744e-05,,seconds,52.83948063850403,52.64721950702369,megabytes,88268.0,88268.0,85.0,84.03658536585365,0.250925056,0.250925056,0.8171875,0.7765688516260166,success,sgd,0.1,1000000,1e-06,0.002,0.9,1.0476980788521744e-05,
1D-exponential-256p,,,0.0370146826662933,1000000,5.837921690775375e-06,,seconds,53.077547550201416,52.91198843531311,megabytes,88268.0,88268.0,84.0,82.69327731092437,0.250662912,0.250662912,0.81796875,0.7765723476890758,success,sgd,0.1,1000000,1e-06,0.002,0.9,5.837921690775375e-06,
1D-exponential-256p,,,0.0450075935101318,1000000,2.392014218125124e-06,,seconds,53.12724423408508,53.01089100725949,megabytes,88268.0,88268.0,85.0,83.40851063829787,0.2506752,0.2506752,0.81875,0.7781050531914893,success,sgd,0.1,1000000,1e-06,0.002,0.9,2.392014218125124e-06,
1D-exponential-256p,,,0.1300967828548765,1000000,2.024333592208729e-05,,seconds,52.59212899208069,52.42410731315613,megabytes,88268.0,88268.0,85.0,84.41338582677166,0.250703872,0.250703872,0.84453125,0.7771222933070865,success,sgd,0.1,1000000,1e-06,0.002,0.9,2.024333592208729e-05,
1D-exponential-256p,,,0.1194193202401836,1000000,2.766343212140463e-06,,seconds,52.66870665550232,52.63733016513288,megabytes,88268.0,88268.0,84.0,83.0,0.250753024,0.250753024,0.81484375,0.7786233281893007,success,sgd,0.1,1000000,1e-06,0.002,0.9,2.766343212140463e-06,
1D-exponential-256p,,,0.0587514514948301,1000000,7.409081732982149e-06,,seconds,53.09340572357178,52.919940300285816,megabytes,88268.0,88268.0,84.0,82.88655462184875,0.250884096,0.250884096,0.81484375,0.7748227415966387,success,sgd,0.1,1000000,1e-06,0.002,0.9,7.409081732982149e-06,
1D-exponential-256p,,,0.0546235408052017,1000000,3.001798212406779e-06,,seconds,52.71645164489746,52.69667568616569,megabytes,88268.0,88268.0,85.0,84.03305785123968,0.250789888,0.250789888,0.8203125,0.7794873450413223,success,sgd,0.1,1000000,1e-06,0.002,0.9,3.001798212406779e-06,
1D-exponential-256p,,,0.1035027497876138,1000000,5.6280743023322086e-06,,seconds,52.86635613441467,52.86707198806107,megabytes,88268.0,88268.0,85.0,83.46666666666667,0.250781696,0.250781696,0.81953125,0.7789192708333332,success,sgd,0.1,1000000,1e-06,0.002,0.9,5.6280743023322086e-06,
1D-exponential-256p,,,0.0359162103334015,1000000,2.581947256418063e-06,,seconds,52.79240012168884,52.78066010028124,megabytes,88268.0,88268.0,84.0,82.90376569037657,0.250769408,0.250769408,0.8265625,0.7782819037656903,success,sgd,0.1,1000000,1e-06,0.002,0.9,2.581947256418063e-06,
1D-exponential-256p,,,0.0793941410374998,1000000,3.330972928774823e-06,,seconds,53.073765993118286,52.92545753717423,megabytes,88268.0,88268.0,85.0,83.36324786324786,0.254541824,0.254541824,0.8203125,0.7768863514957263,success,sgd,0.1,1000000,1e-06,0.002,0.9,3.330972928774823e-06,
1D-exponential-256p,,,0.0289504967202351,1000000,2.600827210629408e-05,,seconds,52.79412341117859,52.69986478984356,megabytes,88268.0,88268.0,85.0,83.90871369294605,0.250937344,0.250937344,0.815625,0.7771427645228213,success,sgd,0.1,1000000,1e-06,0.002,0.9,2.600827210629408e-05,
1D-exponential-256p,,,0.0344733490959684,1000000,3.4032479855501176e-06,,seconds,52.62296485900879,52.47130995988846,megabytes,88268.0,88268.0,85.0,84.2672064777328,0.250957824,0.250957824,0.81484375,0.7767143218623483,success,sgd,0.1,1000000,1e-06,0.002,0.9,3.4032479855501176e-06,
1D-exponential-256p,,,0.1297066438790501,1000000,3.6812297568888607e-06,,seconds,52.798423051834106,52.73728318884969,megabytes,88268.0,88268.0,84.0,83.0672268907563,0.25096192,0.25096192,0.82109375,0.7783908876050418,success,sgd,0.1,1000000,1e-06,0.002,0.9,3.6812297568888607e-06,
1D-exponential-256p,,,0.0606185533518713,1000000,2.872887034726873e-06,,seconds,52.74417185783386,52.7125360686332,megabytes,88268.0,88268.0,85.0,84.00416666666666,0.251006976,0.251006976,0.821875,0.7794791666666664,success,sgd,0.1,1000000,1e-06,0.002,0.9,2.872887034726873e-06,
1D-exponential-256p,,,0.0559211337220585,1000000,5.293725085026251e-06,,seconds,53.0377721786499,52.86623924970627,megabytes,88268.0,88268.0,85.0,83.61864406779661,0.25110528,0.25110528,0.8171875,0.7759898040254232,success,sgd,0.1,1000000,1e-06,0.002,0.9,5.293725085026251e-06,
1D-exponential-256p,,,0.0302363420846377,1000000,2.538797905591135e-06,,seconds,52.89006948471069,52.73909908533096,megabytes,88268.0,88268.0,85.0,83.65,0.25106432,0.25106432,0.81953125,0.7779394531250003,success,sgd,0.1,1000000,1e-06,0.002,0.9,2.538797905591135e-06,
1D-exponential-256p,,,0.0367935730942148,1000000,2.5000794391435086e-06,,seconds,53.14988660812378,52.995670687407255,megabytes,88268.0,88268.0,85.0,83.16450216450217,0.251060224,0.251060224,0.85234375,0.778040449134199,success,sgd,0.1,1000000,1e-06,0.002,0.9,2.5000794391435086e-06,
1D-exponential-256p,,,0.013961248754355,1000000,3.753244444586797e-06,,seconds,52.81588888168335,52.72768447548151,megabytes,88268.0,88268.0,85.0,83.8744769874477,0.251117568,0.251117568,0.81953125,0.7774777719665277,success,sgd,0.1,1000000,1e-06,0.002,0.9,3.753244444586797e-06,
1D-exponential-256p,,,0.0513247142677058,1000000,9.792629427701908e-06,,seconds,52.70009970664978,52.664541291072965,megabytes,88268.0,88268.0,84.0,82.9625,0.251113472,0.251113472,0.83046875,0.7794042968749993,success,sgd,0.1,1000000,1e-06,0.002,0.9,9.792629427701908e-06,
1D-exponential-256p,,,0.0431735855283646,1000000,3.998084028870233e-06,,seconds,53.12024807929993,53.05739082954824,megabytes,88268.0,88268.0,84.0,82.5065502183406,0.251142144,0.251142144,0.82265625,0.7786265010917026,success,sgd,0.1,1000000,1e-06,0.002,0.9,3.998084028870233e-06,
1D-exponential-256p,,,0.1500354284596498,1000000,2.2930206251721332e-05,,seconds,52.98862147331238,52.83738453872502,megabytes,88268.0,88268.0,85.0,83.61603375527426,0.251203584,0.251203584,0.81875,0.7764306434599153,success,sgd,0.1,1000000,1e-06,0.002,0.9,2.2930206251721332e-05,
1D-exponential-512p,,,0.1791864611600578,1000000,6.322988072995561e-05,,seconds,69.46092510223389,69.44992011040449,megabytes,88270.0,88270.0,86.0,84.9221183800623,0.262590464,0.262590464,0.81484375,0.777755062305296,success,sgd,0.1,1000000,1e-06,0.002,0.9,6.322988072995561e-05,
1D-exponential-512p,,,0.0413418636942684,96254,9.9995655305157e-07,,seconds,6.7674877643585205,6.653903214260936,megabytes,88270.0,88270.0,87.0,84.93333333333334,0.251748352,0.251748352,0.8265625,0.7661979166666666,success,sgd,0.1,1000000,1e-06,0.002,0.9,9.9995655305157e-07,
1D-exponential-512p,,,0.048840575830589,588049,9.99982590827428e-07,,seconds,40.759774923324585,40.60988765396178,megabytes,88270.0,88270.0,87.0,86.12698412698413,0.251691008,0.251691008,0.8171875,0.7775132275132275,success,sgd,0.1,1000000,1e-06,0.002,0.9,9.99982590827428e-07,
1D-exponential-512p,,,0.0551746799854208,1000000,0.0001671351928727,,seconds,69.23218393325806,69.06823180802166,megabytes,88270.0,88270.0,86.0,85.36507936507937,0.251785216,0.251785216,0.8171875,0.7769394841269843,success,sgd,0.1,1000000,1e-06,0.002,0.9,0.0001671351928727,
1D-exponential-512p,,,0.0494026941555743,121964,9.999883498881866e-07,,seconds,8.47865080833435,8.455314889550209,megabytes,88270.0,88270.0,86.0,83.10810810810811,0.25182208,0.25182208,0.79921875,0.7726140202702703,success,sgd,0.1,1000000,1e-06,0.002,0.9,9.999883498881866e-07,
1D-exponential-512p,,,0.1151657609154963,1000000,0.000334490157741,,seconds,69.44623446464539,69.34183245897293,megabytes,88270.0,88270.0,87.0,85.3921568627451,0.251899904,0.251899904,0.8296875,0.7782628676470583,success,sgd,0.1,1000000,1e-06,0.002,0.9,0.000334490157741,
1D-exponential-512p,,,0.0285197968930055,1000000,0.0001987216023583,,seconds,69.31791615486145,69.31119117885828,megabytes,88270.0,88270.0,86.0,85.16612377850163,0.251695104,0.251695104,0.81875,0.7772037866449513,success,sgd,0.1,1000000,1e-06,0.002,0.9,0.0001987216023583,
1D-exponential-512p,,,0.0302820759403841,410095,9.999735221183225e-07,,seconds,28.590524673461918,28.46990382485092,megabytes,88270.0,88270.0,86.0,84.58536585365853,0.251772928,0.251772928,0.8203125,0.775755843495935,success,sgd,0.1,1000000,1e-06,0.002,0.9,9.999735221183225e-07,
1D-exponential-512p,,,0.03136136073511,246745,9.999851460452094e-07,,seconds,17.256851196289062,17.125370040535927,megabytes,88270.0,88270.0,87.0,84.48,0.251854848,0.251854848,0.81484375,0.7716354166666665,success,sgd,0.1,1000000,1e-06,0.002,0.9,9.999851460452094e-07,
1D-exponential-512p,,,0.0338946257451045,1000000,0.0003207167299748,,seconds,69.41663885116577,69.21540974080563,megabytes,88270.0,88270.0,86.0,85.20645161290322,0.252014592,0.252014592,0.81796875,0.7770992943548379,success,sgd,0.1,1000000,1e-06,0.002,0.9,0.0003207167299748,
1D-exponential-512p,,,0.0361912481870118,1000000,1.6213540906098724e-06,,seconds,69.34088850021362,69.18508132174611,megabytes,88270.0,88270.0,86.0,85.23076923076923,0.251854848,0.251854848,0.815625,0.777293669871795,success,sgd,0.1,1000000,1e-06,0.002,0.9,1.6213540906098724e-06,
1D-exponential-512p,,,0.0467617155619768,67396,9.999004348581975e-07,,seconds,4.805884599685669,4.6285593789070845,megabytes,88270.0,88270.0,86.0,82.26086956521739,0.25174016,0.25174016,0.83515625,0.7516644021739131,success,sgd,0.1,1000000,1e-06,0.002,0.9,9.999004348581975e-07,
1D-exponential-512p,,,0.1329496398494626,1000000,0.0002962297960008,,seconds,69.22734928131104,69.12271198444068,megabytes,88270.0,88270.0,87.0,85.51592356687898,0.251854848,0.251854848,0.83359375,0.779518312101911,success,sgd,0.1,1000000,1e-06,0.002,0.9,0.0002962297960008,
1D-exponential-512p,,,0.1217080308275607,236957,9.999997277969647e-07,,seconds,16.36599612236023,16.338455207645893,megabytes,88270.0,88270.0,86.0,84.60526315789474,0.251871232,0.251871232,0.81875,0.7763363486842108,success,sgd,0.1,1000000,1e-06,0.002,0.9,9.999997277969647e-07,
1D-exponential-512p,,,0.0615035845303664,1000000,0.0001215246249505,,seconds,69.09968209266663,69.05623648501933,megabytes,88270.0,88270.0,86.0,85.35238095238095,0.251887616,0.251887616,0.83359375,0.7793898809523812,success,sgd,0.1,1000000,1e-06,0.002,0.9,0.0001215246249505,
1D-exponential-512p,,,0.0533942961449252,186393,9.999836159592169e-07,,seconds,12.800705194473268,12.80810983106494,megabytes,88270.0,88270.0,87.0,85.54838709677419,0.251908096,0.251908096,0.81015625,0.7803553427419356,success,sgd,0.1,1000000,1e-06,0.002,0.9,9.999836159592169e-07,
1D-exponential-512p,,,0.1012609105941592,1000000,1.4444412989275102e-06,,seconds,69.35029721260071,69.25488042272627,megabytes,88270.0,88270.0,87.0,85.68627450980392,0.251973632,0.251973632,0.81640625,0.7778620302287576,success,sgd,0.1,1000000,1e-06,0.002,0.9,1.4444412989275102e-06,
1D-exponential-512p,,,0.0351793927797732,739367,9.999856747009038e-07,,seconds,51.26090335845947,51.069493712857366,megabytes,88270.0,88270.0,87.0,86.12017167381974,0.252121088,0.252121088,0.81953125,0.7769581545064377,success,sgd,0.1,1000000,1e-06,0.002,0.9,9.999856747009038e-07,
1D-exponential-512p,,,0.0826870815055405,200436,9.99989014687071e-07,,seconds,13.865357160568236,13.85335585102439,megabytes,88270.0,88270.0,87.0,85.01587301587301,0.251875328,0.251875328,0.81484375,0.7792286706349207,success,sgd,0.1,1000000,1e-06,0.002,0.9,9.99989014687071e-07,
1D-exponential-512p,,,0.028801365494676,1000000,0.0003099208959937,,seconds,69.51183080673218,69.39503896608949,megabytes,88270.0,88270.0,87.0,85.80132450331126,0.251961344,0.251961344,0.81796875,0.7769246688741724,success,sgd,0.1,1000000,1e-06,0.002,0.9,0.0003099208959937,
1D-exponential-512p,,,0.0344773560589974,205421,9.999546554874394e-07,,seconds,14.31873869895935,14.233943317085505,megabytes,88270.0,88270.0,87.0,84.76190476190476,0.251932672,0.251932672,0.8171875,0.7729786706349204,success,sgd,0.1,1000000,1e-06,0.002,0.9,9.999546554874394e-07,
1D-exponential-512p,,,0.1251891408168081,157579,9.99939345848296e-07,,seconds,10.994045734405518,10.916141206398606,megabytes,88270.0,88270.0,86.0,83.66666666666667,0.25194496,0.25194496,0.81171875,0.7764973958333331,success,sgd,0.1,1000000,1e-06,0.002,0.9,9.99939345848296e-07,
1D-exponential-512p,,,0.0619320669363499,136292,9.999502602591236e-07,,seconds,9.646415948867798,9.477650959044697,megabytes,88270.0,88270.0,86.0,84.02439024390245,0.25208832,0.25208832,0.821875,0.7582507621951219,success,sgd,0.1,1000000,1e-06,0.002,0.9,9.999502602591236e-07,
1D-exponential-512p,,,0.0559314704570096,590124,9.9998912516325e-07,,seconds,40.99557781219482,40.82300364971161,megabytes,88270.0,88270.0,87.0,85.68852459016394,0.252100608,0.252100608,0.81796875,0.7762508538251364,success,sgd,0.1,1000000,1e-06,0.002,0.9,9.9998912516325e-07,
1D-exponential-512p,,,0.0302370667535851,97637,9.998734875200793e-07,,seconds,6.95480751991272,6.775760618969798,megabytes,88270.0,88270.0,86.0,82.36666666666666,0.252178432,0.252178432,0.8140625,0.7542447916666666,success,sgd,0.1,1000000,1e-06,0.002,0.9,9.998734875200793e-07,
1D-exponential-512p,,,0.0367946583063257,79315,9.999092275677017e-07,,seconds,5.643946886062622,5.508168118074536,megabytes,88270.0,88270.0,87.0,81.66666666666667,0.252043264,0.252043264,0.80703125,0.7569010416666669,success,sgd,0.1,1000000,1e-06,0.002,0.9,9.999092275677017e-07,
1D-exponential-512p,,,0.0139650094622321,867231,9.999978754050666e-07,,seconds,60.11683750152588,59.921745672822,megabytes,88270.0,88270.0,87.0,85.98897058823529,0.252297216,0.252297216,0.81953125,0.7774730009191176,success,sgd,0.1,1000000,1e-06,0.002,0.9,9.999978754050666e-07,
1D-exponential-512p,,,0.0516823876616859,1000000,0.0002569949615214,,seconds,69.21328568458557,69.19035105966032,megabytes,88270.0,88270.0,87.0,86.12861736334405,0.252030976,0.252030976,0.8328125,0.7796246985530546,success,sgd,0.1,1000000,1e-06,0.002,0.9,0.0002569949615214,
1D-exponential-512p,,,0.0431775561290302,260003,9.999937774445844e-07,,seconds,17.94298768043518,17.901707811281085,megabytes,88270.0,88270.0,86.0,85.62352941176471,0.25204736,0.25204736,0.8328125,0.776516544117647,success,sgd,0.1,1000000,1e-06,0.002,0.9,9.999937774445844e-07,
1D-exponential-512p,,,0.1478615967476446,1000000,0.0003218450343052,,seconds,69.1228723526001,69.02771464549005,megabytes,88270.0,88270.0,86.0,85.61635220125787,0.25206784,0.25206784,0.81875,0.7789062500000005,success,sgd,0.1,1000000,1e-06,0.002,0.9,0.0003218450343052,
1D-exponential-1024p,,,0.1796597709903018,1000000,0.0011514651815502,,seconds,93.16712546348572,92.9961967971176,megabytes,88270.0,88270.0,92.0,87.90887290167866,0.265162752,0.299843584,0.81640625,0.7756463579136692,success,sgd,0.1,1000000,1e-06,0.002,0.9,0.0011514651815502,
1D-exponential-1024p,,,0.0413427242470541,348099,9.999731554312316e-07,,seconds,31.084535837173465,30.95832726545632,megabytes,88270.0,88270.0,92.0,90.36496350364963,0.16695296,0.16695296,0.8203125,0.7773836678832118,success,sgd,0.1,1000000,1e-06,0.002,0.9,9.999731554312316e-07,
1D-exponential-1024p,,,0.0513363598288943,1000000,0.0013254875455785,,seconds,91.66865396499634,91.63943751901388,megabytes,88270.0,88270.0,91.0,88.37831325301205,0.252923904,0.252923904,0.82890625,0.7796592620481928,success,sgd,0.1,1000000,1e-06,0.002,0.9,0.0013254875455785,
1D-exponential-1024p,,,0.057563739379384,1000000,0.0016050729920202,,seconds,90.3850245475769,90.31639681756496,megabytes,88270.0,88270.0,91.0,89.3582474226804,0.253652992,0.253652992,0.8171875,0.7776115496134025,success,sgd,0.1,1000000,1e-06,0.002,0.9,0.0016050729920202,
1D-exponential-1024p,,,0.0482037811127861,466594,9.999575295103996e-07,,seconds,42.52221751213074,42.413655461743474,megabytes,88270.0,88270.0,90.0,89.45505617977528,0.165548032,0.165548032,0.80859375,0.7755091292134831,success,sgd,0.1,1000000,1e-06,0.002,0.9,9.999575295103996e-07,
1D-exponential-1024p,,,0.1132957719064282,1000000,0.0012759433732221,,seconds,88.92414808273315,88.73045713081956,megabytes,88270.0,88270.0,92.0,90.92689295039165,0.252014592,0.252014592,0.8171875,0.7766726501305488,success,sgd,0.1,1000000,1e-06,0.002,0.9,0.0012759433732221,
1D-exponential-1024p,,,0.0279374208649601,1000000,0.0013529028608043,,seconds,87.15887880325317,87.15304278768599,megabytes,88270.0,88270.0,94.0,92.59681697612731,0.251797504,0.251797504,0.81953125,0.7796398375331564,success,sgd,0.1,1000000,1e-06,0.002,0.9,0.0013529028608043,
1D-exponential-1024p,,,0.0306289034033184,1000000,0.0009330817621015,,seconds,92.0042486190796,91.81352711468936,megabytes,88270.0,88270.0,90.0,88.89800995024876,0.252018688,0.252018688,0.8265625,0.7768637282338307,success,sgd,0.1,1000000,1e-06,0.002,0.9,0.0009330817621015,
1D-exponential-1024p,,,0.0312186281716003,945050,9.99970884625668e-07,,seconds,83.47365021705627,83.34240438044071,megabytes,88270.0,88270.0,93.0,91.99718309859156,0.251785216,0.251785216,0.8171875,0.7779357394366204,success,sgd,0.1,1000000,1e-06,0.002,0.9,9.99970884625668e-07,
1D-exponential-1024p,,,0.033782481040652,1000000,0.0013265757970949,,seconds,89.98427748680115,89.89024170674384,megabytes,88270.0,88270.0,92.0,90.66066838046272,0.251797504,0.251797504,0.81640625,0.778239476221079,success,sgd,0.1,1000000,1e-06,0.002,0.9,0.0013265757970949,
1D-exponential-1024p,,,0.0365219631023906,1000000,0.0010108533655151,,seconds,91.69934558868408,91.50035153888166,megabytes,88270.0,88270.0,92.0,88.86,0.251961344,0.251961344,0.8140625,0.7779355468750003,success,sgd,0.1,1000000,1e-06,0.002,0.9,0.0010108533655151,
1D-exponential-1024p,,,0.0467620859298808,224229,9.999424215777182e-07,,seconds,19.878822803497314,19.87607281282544,megabytes,88270.0,88270.0,93.0,91.57303370786516,0.165617664,0.165617664,0.81875,0.77938904494382,success,sgd,0.1,1000000,1e-06,0.002,0.9,9.999424215777182e-07,
1D-exponential-1024p,,,0.1296645419077556,1000000,0.0012486958657231,,seconds,90.84116864204408,90.84157541021705,megabytes,88270.0,88270.0,91.0,89.11253196930946,0.251920384,0.251920384,0.8203125,0.7786464993606141,success,sgd,0.1,1000000,1e-06,0.002,0.9,0.0012486958657231,
1D-exponential-1024p,,,0.1217261723695436,923714,9.999573909192575e-07,,seconds,83.00772523880005,82.81297193653882,megabytes,88270.0,88270.0,91.0,90.40374331550802,0.252137472,0.252137472,0.821875,0.7770575701871658,success,sgd,0.1,1000000,1e-06,0.002,0.9,9.999573909192575e-07,
1D-exponential-1024p,,,0.0610598589926419,1000000,0.0010300774955818,,seconds,90.18288922309875,90.106514101848,megabytes,88270.0,88270.0,91.0,89.83547557840618,0.251904,0.251904,0.81796875,0.7787556233933165,success,sgd,0.1,1000000,1e-06,0.002,0.9,0.0010300774955818,
1D-exponential-1024p,,,0.0533949782566165,736514,9.999988923178709e-07,,seconds,67.17756581306458,67.14309647865593,megabytes,88270.0,88270.0,92.0,89.02090592334494,0.251940864,0.251940864,0.8328125,0.7784407665505225,success,sgd,0.1,1000000,1e-06,0.002,0.9,9.999988923178709e-07,
1D-exponential-1024p,,,0.1020981887259928,1000000,0.000933899861656,,seconds,91.6883580684662,91.6367194801569,megabytes,88270.0,88270.0,90.0,88.61259079903148,0.251953152,0.251953152,0.81796875,0.7795683262711868,success,sgd,0.1,1000000,1e-06,0.002,0.9,0.000933899861656,
1D-exponential-1024p,,,0.0345182602383779,1000000,0.0014137313782733,,seconds,90.33303236961363,90.22874503210188,megabytes,88270.0,88270.0,92.0,90.86910994764398,0.251879424,0.251879424,0.8171875,0.777895942408377,success,sgd,0.1,1000000,1e-06,0.002,0.9,0.0014137313782733,
1D-exponential-1024p,,,0.082686468376209,711831,9.999845907684475e-07,,seconds,64.70512318611145,64.6454496961087,megabytes,88270.0,88270.0,92.0,89.02158273381295,0.251912192,0.251912192,0.81796875,0.7796425359712228,success,sgd,0.1,1000000,1e-06,0.002,0.9,9.999845907684475e-07,
1D-exponential-1024p,,,0.027523849224769,1000000,0.0012309134536691,,seconds,89.24909210205078,89.20481994375587,megabytes,88270.0,88270.0,92.0,91.1005291005291,0.251891712,0.251891712,0.83046875,0.7793857473544971,success,sgd,0.1,1000000,1e-06,0.002,0.9,0.0012309134536691,
1D-exponential-1024p,,,0.0351560343720686,809440,9.999852241249104e-07,,seconds,74.46926236152649,74.32566806487739,megabytes,88270.0,88270.0,92.0,88.82208588957056,0.251887616,0.251887616,0.815625,0.778407783742332,success,sgd,0.1,1000000,1e-06,0.002,0.9,9.999852241249104e-07,
1D-exponential-1024p,,,0.1251904393521399,537181,9.999604127573965e-07,,seconds,48.28870749473572,48.170822681859136,megabytes,88270.0,88270.0,92.0,90.22429906542057,0.16566272,0.16566272,0.81796875,0.7784316588785053,success,sgd,0.1,1000000,1e-06,0.002,0.9,9.999604127573965e-07,
1D-exponential-1024p,,,0.0619328813757081,517024,9.999586492874025e-07,,seconds,46.74600696563721,46.72556257434189,megabytes,88270.0,88270.0,91.0,89.23,0.165650432,0.165650432,0.8125,0.7785820312499996,success,sgd,0.1,1000000,1e-06,0.002,0.9,9.999586492874025e-07,
1D-exponential-1024p,,,0.0561254277867275,1000000,0.0009826310212974,,seconds,91.35198068618774,91.16615311056376,megabytes,88270.0,88270.0,91.0,88.9047619047619,0.252198912,0.252198912,0.81953125,0.7781191259398498,success,sgd,0.1,1000000,1e-06,0.002,0.9,0.0009826310212974,
1D-exponential-1024p,,,0.0302376169816093,350747,9.99973981660916e-07,,seconds,32.25813698768616,32.093184573575854,megabytes,88270.0,88270.0,90.0,88.48571428571428,0.16574464,0.16574464,0.8171875,0.7735100446428571,success,sgd,0.1,1000000,1e-06,0.002,0.9,9.99973981660916e-07,
1D-exponential-1024p,,,0.0367955839430079,286475,9.999635019608134e-07,,seconds,25.48112845420837,25.4654586520046,megabytes,88270.0,88270.0,92.0,91.1842105263158,0.165937152,0.165937152,0.81640625,0.7799410635964911,success,sgd,0.1,1000000,1e-06,0.002,0.9,9.999635019608134e-07,
1D-exponential-1024p,,,0.0135683124665961,1000000,0.0008157133568301,,seconds,89.11966824531555,88.94055120646954,megabytes,88270.0,88270.0,92.0,90.68020304568527,0.253128704,0.253128704,0.821875,0.7781408629441624,success,sgd,0.1,1000000,1e-06,0.002,0.9,0.0008157133568301,
1D-exponential-1024p,,,0.0538243780538861,1000000,0.0015484205146282,,seconds,91.41055512428284,91.37656389549376,megabytes,88270.0,88270.0,91.0,88.91348600508906,0.252121088,0.252121088,0.821875,0.7789619115776081,success,sgd,0.1,1000000,1e-06,0.002,0.9,0.0015484205146282,
1D-exponential-1024p,,,0.0427690323505975,957064,9.99975363795348e-07,,seconds,86.67820596694946,86.59822104871273,megabytes,88270.0,88270.0,91.0,89.58021390374331,0.251940864,0.251940864,0.815625,0.7793532754010698,success,sgd,0.1,1000000,1e-06,0.002,0.9,9.99975363795348e-07,
1D-exponential-1024p,,,0.1497339762273036,1000000,0.0013630682418027,,seconds,90.9071888923645,90.80122701451182,megabytes,88270.0,88270.0,91.0,89.0989847715736,0.2520064,0.2520064,0.840625,0.7801098508883249,success,sgd,0.1,1000000,1e-06,0.002,0.9,0.0013630682418027,
1D-exponential-2048p,,,0.1802554410614916,1000000,0.0044760938591626,,seconds,187.1150369644165,186.89842034131289,megabytes,88270.0,88270.0,96.0,94.62055837563452,0.265289728,0.265289728,0.83359375,0.7773149984137058,success,sgd,0.1,1000000,1e-06,0.002,0.9,0.0044760938591626,
1D-exponential-2048p,,,0.0431208399547416,1000000,0.0035604943423629,,seconds,186.1695342063904,186.15438346378505,megabytes,88270.0,88270.0,96.0,95.05058365758757,0.253468672,0.253468672,0.825,0.7802559581712055,success,sgd,0.1,1000000,1e-06,0.002,0.9,0.0035604943423629,
1D-exponential-2048p,,,0.0385155266543422,1000000,0.0052057444828161,,seconds,185.95776915550232,185.84037272259596,megabytes,88270.0,88270.0,96.0,95.02067183462532,0.25331712,0.25331712,0.8125,0.779417999031008,success,sgd,0.1,1000000,1e-06,0.002,0.9,0.0052057444828161,
1D-exponential-2048p,,,0.0453882318136038,1000000,0.005782998169457,,seconds,186.04162335395813,185.8682778980583,megabytes,88270.0,88270.0,95.0,94.9021879021879,0.254275584,0.254275584,0.82734375,0.7796020350707845,success,sgd,0.1,1000000,1e-06,0.002,0.9,0.005782998169457,
1D-exponential-2048p,,,0.0440261286355305,1000000,0.0034385243341703,,seconds,185.79811120033264,185.7363743521273,megabytes,88270.0,88270.0,96.0,94.92939666238767,0.253267968,0.253267968,0.81953125,0.7792331915917844,success,sgd,0.1,1000000,1e-06,0.002,0.9,0.0034385243341703,
1D-exponential-2048p,,,0.1073220135757268,1000000,0.0042380213585529,,seconds,186.48912620544436,186.43049095384777,megabytes,88270.0,88270.0,96.0,95.0974358974359,0.254390272,0.254390272,0.81640625,0.779303886217949,success,sgd,0.1,1000000,1e-06,0.002,0.9,0.0042380213585529,
1D-exponential-2048p,,,0.0200845327802104,1000000,0.0048224047980592,,seconds,185.99123334884644,185.89154235832396,megabytes,88270.0,88270.0,96.0,95.15728900255756,0.254410752,0.254410752,0.81953125,0.7801750319693088,success,sgd,0.1,1000000,1e-06,0.002,0.9,0.0048224047980592,
1D-exponential-2048p,,,0.0219638295890487,1000000,0.0054804038038339,,seconds,185.9210364818573,185.87517636083064,megabytes,88270.0,88270.0,96.0,94.90198511166253,0.254398464,0.254398464,0.84140625,0.7793288616625302,success,sgd,0.1,1000000,1e-06,0.002,0.9,0.0054804038038339,
1D-exponential-2048p,,,0.0236262947138455,1000000,0.0055995376801775,,seconds,185.63195395469663,185.54731214419007,megabytes,88270.0,88270.0,96.0,94.9375,0.25434112,0.25434112,0.8328125,0.7785445232780608,success,sgd,0.1,1000000,1e-06,0.002,0.9,0.0055995376801775,
1D-exponential-2048p,,,0.031039261231117,1000000,0.0045323320223194,,seconds,186.6042172908783,186.487258117646,megabytes,88270.0,88270.0,96.0,95.24778761061948,0.254439424,0.254439424,0.82109375,0.7804183786346406,success,sgd,0.1,1000000,1e-06,0.002,0.9,0.0045323320223194,
1D-exponential-2048p,,,0.0364274053392431,1000000,0.0043206866730338,,seconds,186.1213562488556,185.9527902714908,megabytes,88270.0,88270.0,96.0,95.21166032953106,0.25440256,0.25440256,0.83828125,0.7775536676172374,success,sgd,0.1,1000000,1e-06,0.002,0.9,0.0043206866730338,
1D-exponential-2048p,,,0.0467618992023819,836847,9.99997473674493e-07,,seconds,155.6993579864502,155.69497959129512,megabytes,88270.0,88270.0,96.0,94.9249617151608,0.254533632,0.254533632,0.825,0.778933767228178,success,sgd,0.1,1000000,1e-06,0.002,0.9,9.99997473674493e-07,
1D-exponential-2048p,,,0.117189080855715,1000000,0.0040475865555848,,seconds,185.95102500915527,185.76812089420852,megabytes,88270.0,88270.0,96.0,95.24525916561316,0.254640128,0.254640128,0.83515625,0.7788371128318586,success,sgd,0.1,1000000,1e-06,0.002,0.9,0.0040475865555848,
1D-exponential-2048p,,,0.1136112430356132,1000000,0.0045557226995323,,seconds,186.33443093299863,186.3243878595531,megabytes,88270.0,88270.0,96.0,95.14993646759848,0.25341952,0.25341952,0.8453125,0.779673602287166,success,sgd,0.1,1000000,1e-06,0.002,0.9,0.0045557226995323,
1D-exponential-2048p,,,0.0603917473870207,1000000,0.0039876044020326,,seconds,185.5302829742432,185.4622173178941,megabytes,88270.0,88270.0,96.0,95.23499361430396,0.254582784,0.254582784,0.8171875,0.781070402298851,success,sgd,0.1,1000000,1e-06,0.002,0.9,0.0039876044020326,
1D-exponential-2048p,,,0.0469570450548254,1000000,0.0043739781996561,,seconds,186.10677099227905,185.9025178384036,megabytes,88270.0,88270.0,96.0,95.07152145643693,0.254660608,0.254660608,0.8296875,0.778149382314694,success,sgd,0.1,1000000,1e-06,0.002,0.9,0.0043739781996561,
1D-exponential-2048p,,,0.1024071383636933,1000000,0.0039843354485791,,seconds,185.338312625885,185.26408735103905,megabytes,88270.0,88270.0,95.0,94.94186046511628,0.254464,0.254464,0.8375,0.7795451792635653,success,sgd,0.1,1000000,1e-06,0.002,0.9,0.0039843354485791,
1D-exponential-2048p,,,0.0258847300007102,1000000,0.0052413996875709,,seconds,185.7173318862915,185.7136175222695,megabytes,88270.0,88270.0,96.0,95.36135508155584,0.254488576,0.254488576,0.834375,0.7787533328105382,success,sgd,0.1,1000000,1e-06,0.002,0.9,0.0052413996875709,
1D-exponential-2048p,,,0.0732873145869188,1000000,0.0055674563114991,,seconds,185.1756510734558,185.14759166166183,megabytes,88270.0,88270.0,96.0,95.04010349288488,0.254521344,0.254521344,0.81953125,0.7798411222509695,success,sgd,0.1,1000000,1e-06,0.002,0.9,0.0055674563114991,
1D-exponential-2048p,,,0.0232629461326088,1000000,0.0039491101536777,,seconds,185.21246361732483,185.17800303548572,megabytes,88270.0,88270.0,95.0,94.92587939698493,0.25638912,0.25638912,0.825,0.7782290358040204,success,sgd,0.1,1000000,1e-06,0.002,0.9,0.0039491101536777,
1D-exponential-2048p,,,0.0359700209448369,1000000,0.0045132076394865,,seconds,185.13813185691836,185.14339986629784,megabytes,88270.0,88270.0,96.0,95.0948717948718,0.25546752,0.25546752,0.828125,0.7796804887820517,success,sgd,0.1,1000000,1e-06,0.002,0.9,0.0045132076394865,
1D-exponential-2048p,,,0.1300966446088415,1000000,0.0043956720648082,,seconds,186.12697958946228,185.9998379163444,megabytes,88270.0,88270.0,96.0,95.05526992287918,0.255430656,0.255430656,0.83671875,0.780024903598972,success,sgd,0.1,1000000,1e-06,0.002,0.9,0.0043956720648082,
1D-exponential-2048p,,,0.0588593040251526,1000000,0.0041888742010629,,seconds,185.56742095947263,185.4781356249005,megabytes,88270.0,88270.0,95.0,94.88389513108616,0.257306624,0.257306624,0.815625,0.7791071707240969,success,sgd,0.1,1000000,1e-06,0.002,0.9,0.0041888742010629,
1D-exponential-2048p,,,0.0573139208395216,1000000,0.0047656580584111,,seconds,186.15028738975525,185.97580090351403,megabytes,88270.0,88270.0,95.0,94.8602287166455,0.257396736,0.257396736,0.8234375,0.7789866581956795,success,sgd,0.1,1000000,1e-06,0.002,0.9,0.0047656580584111,
1D-exponential-2048p,,,0.0290203381823221,1000000,0.0036683049377144,,seconds,185.5432686805725,185.35140591859815,megabytes,88270.0,88270.0,95.0,94.87373737373736,0.256638976,0.256638976,0.82109375,0.7794063683712126,success,sgd,0.1,1000000,1e-06,0.002,0.9,0.0036683049377144,
1D-exponential-2048p,,,0.0367808653821079,1000000,0.0002124094830879,,seconds,185.9428837299347,185.9455448705703,megabytes,88270.0,88270.0,95.0,94.85767326732672,0.254595072,0.254595072,0.81953125,0.7801274365717821,success,sgd,0.1,1000000,1e-06,0.002,0.9,0.0002124094830879,
1D-exponential-2048p,,,0.009520527201205,1000000,0.0035120377328426,,seconds,185.88786101341248,185.76612728834152,megabytes,88270.0,88270.0,95.0,94.85714285714286,0.256524288,0.256524288,0.82265625,0.7786099478508224,success,sgd,0.1,1000000,1e-06,0.002,0.9,0.0035120377328426,
1D-exponential-2048p,,,0.0398353947682857,1000000,0.0054626796205248,,seconds,185.9503285884857,185.76692312955856,megabytes,88270.0,88270.0,95.0,94.85607008760952,0.2566144,0.2566144,0.81875,0.7787009152065079,success,sgd,0.1,1000000,1e-06,0.002,0.9,0.0054626796205248,
1D-exponential-2048p,,,0.0344645330100507,1000000,0.00601958964538,,seconds,185.8297219276428,185.63028927333653,megabytes,88270.0,88270.0,95.0,94.88520408163264,0.256745472,0.256745472,0.81875,0.7780084103954086,success,sgd,0.1,1000000,1e-06,0.002,0.9,0.00601958964538,
1D-exponential-2048p,,,0.1446044475016877,1000000,0.0047473523921356,,seconds,186.1563980579376,186.04199398495257,megabytes,88270.0,88270.0,95.0,94.95030303030305,0.256602112,0.256602112,0.8234375,0.7790880681818195,success,sgd,0.1,1000000,1e-06,0.002,0.9,0.0047473523921356,
1D-exponential-32p,,,0.1612446828499206,1000000,1.5044753996879694e-06,,seconds,36.641830921173096,36.5490172598511,megabytes,88268.0,88268.0,86.0,84.32911392405063,0.249905152,0.249905152,0.8125,0.7777788765822784,success,sgd,0.01,1000000,1e-06,0.002,0.9,1.5044753996879694e-06,
1D-exponential-32p,,,0.0207853261883348,1000000,1.435582491638984e-06,,seconds,36.74020314216614,36.53450439311564,megabytes,88268.0,88268.0,86.0,84.66037735849056,0.248082432,0.248082432,0.8171875,0.7752997248427675,success,sgd,0.01,1000000,1e-06,0.002,0.9,1.435582491638984e-06,
1D-exponential-32p,,,0.0244621731150838,1000000,1.4318579732464016e-06,,seconds,36.751431465148926,36.71780163794756,megabytes,88268.0,88268.0,85.0,84.08227848101266,0.247898112,0.247898112,0.815625,0.7781200553797465,success,sgd,0.01,1000000,1e-06,0.002,0.9,1.4318579732464016e-06,
1D-exponential-32p,,,0.0447166312044434,1000000,1.42251603635396e-06,,seconds,36.73155188560486,36.62976128049195,megabytes,88268.0,88268.0,85.0,83.9746835443038,0.247873536,0.247873536,0.81953125,0.7780063291139238,success,sgd,0.01,1000000,1e-06,0.002,0.9,1.42251603635396e-06,
1D-exponential-32p,,,0.0282987535508551,1000000,1.4611684259763651e-06,,seconds,36.6912100315094,36.51492277346552,megabytes,88268.0,88268.0,85.0,83.9320987654321,0.248020992,0.248020992,0.81640625,0.7736448688271602,success,sgd,0.01,1000000,1e-06,0.002,0.9,1.4611684259763651e-06,
1D-exponential-32p,,,0.1038173010513991,1000000,1.6116584211158985e-06,,seconds,36.72192621231079,36.52947923541069,megabytes,88268.0,88268.0,86.0,83.98148148148148,0.248139776,0.248139776,0.815625,0.7739969135802469,success,sgd,0.01,1000000,1e-06,0.002,0.9,1.6116584211158985e-06,
1D-exponential-32p,,,0.0196431705965645,1000000,1.4386449302559774e-06,,seconds,36.66472673416138,36.56261989101768,megabytes,88268.0,88268.0,85.0,83.86875,0.24799232,0.24799232,0.81796875,0.7813281249999997,success,sgd,0.01,1000000,1e-06,0.002,0.9,1.4386449302559774e-06,
1D-exponential-32p,,,0.0060983537137698,1000000,1.2930002167289943e-06,,seconds,36.71669888496399,36.67290442623198,megabytes,88268.0,88268.0,85.0,83.85443037974683,0.24803328,0.24803328,0.81796875,0.7777442642405064,success,sgd,0.01,1000000,1e-06,0.002,0.9,1.2930002167289943e-06,
1D-exponential-32p,,,0.0062327577301496,1000000,1.3371549240675166e-06,,seconds,36.71141695976257,36.56925377994776,megabytes,88268.0,88268.0,86.0,83.9113924050633,0.248029184,0.248029184,0.815625,0.7773882515822782,success,sgd,0.01,1000000,1e-06,0.002,0.9,1.3371549240675166e-06,
1D-exponential-32p,,,0.0220539670324385,1000000,1.2401337975495322e-06,,seconds,36.62908029556274,36.4088719971478,megabytes,88268.0,88268.0,86.0,84.26219512195122,0.248225792,0.248225792,0.81484375,0.7740091463414632,success,sgd,0.01,1000000,1e-06,0.002,0.9,1.2401337975495322e-06,
1D-exponential-32p,,,0.0207874422748615,1000000,1.3914490118683633e-06,,seconds,36.57505297660828,36.445829754695296,megabytes,88268.0,88268.0,86.0,84.70186335403727,0.248029184,0.248029184,0.81484375,0.7777659161490682,success,sgd,0.01,1000000,1e-06,0.002,0.9,1.3914490118683633e-06,
1D-exponential-32p,,,0.0262221401306801,1000000,1.4598057241956415e-06,,seconds,36.60008478164673,36.45911982096732,megabytes,88268.0,88268.0,86.0,84.57961783439491,0.248131584,0.248131584,0.84609375,0.7766869028662419,success,sgd,0.01,1000000,1e-06,0.002,0.9,1.4598057241956415e-06,
1D-exponential-32p,,,0.1237882074992136,1000000,1.5458280566885728e-06,,seconds,36.425541400909424,36.42295778170228,megabytes,88268.0,88268.0,86.0,84.937106918239,0.248164352,0.248164352,0.8140625,0.7808028694968551,success,sgd,0.01,1000000,1e-06,0.002,0.9,1.5458280566885728e-06,
1D-exponential-32p,,,0.1365884140393851,1000000,1.5097067205800483e-06,,seconds,36.38765478134155,36.35884232632816,megabytes,88268.0,88268.0,86.0,84.7888198757764,0.248041472,0.248041472,0.81953125,0.7771739130434778,success,sgd,0.01,1000000,1e-06,0.002,0.9,1.5097067205800483e-06,
1D-exponential-32p,,,0.0585098674510739,1000000,1.4567172773144022e-06,,seconds,36.81311106681824,36.75045177340508,megabytes,88268.0,88268.0,85.0,83.9423076923077,0.248078336,0.248078336,0.81953125,0.7795673076923071,success,sgd,0.01,1000000,1e-06,0.002,0.9,1.4567172773144022e-06,
1D-exponential-32p,,,0.0315620748674224,1000000,1.4613015825275483e-06,,seconds,36.79674410820007,36.647681975737214,megabytes,88268.0,88268.0,85.0,83.77215189873418,0.248090624,0.248090624,0.8203125,0.7750445015822787,success,sgd,0.01,1000000,1e-06,0.002,0.9,1.4613015825275483e-06,
1D-exponential-32p,,,0.0939973948143401,1000000,1.4833673627922662e-06,,seconds,36.71978139877319,36.62192956916988,megabytes,88268.0,88268.0,85.0,83.937106918239,0.248147968,0.248147968,0.81796875,0.7768867924528301,success,sgd,0.01,1000000,1e-06,0.002,0.9,1.4833673627922662e-06,
1D-exponential-32p,,,0.0114647176026199,1000000,1.395866725243814e-06,,seconds,36.66123652458191,36.52903179079294,megabytes,88268.0,88268.0,86.0,84.52866242038216,0.248131584,0.248131584,0.81796875,0.7771447054140126,success,sgd,0.01,1000000,1e-06,0.002,0.9,1.395866725243814e-06,
1D-exponential-32p,,,0.0653788976409852,1000000,1.5075675548999772e-06,,seconds,36.51710104942322,36.46079906076193,megabytes,88268.0,88268.0,86.0,84.61635220125787,0.248160256,0.248160256,0.8140625,0.7777761399371069,success,sgd,0.01,1000000,1e-06,0.002,0.9,1.5075675548999772e-06,
1D-exponential-32p,,,0.0214149822180367,1000000,1.4322306704851183e-06,,seconds,36.21460843086243,36.18892521597445,megabytes,88268.0,88268.0,86.0,85.34756097560975,0.248184832,0.248184832,0.82578125,0.7801638719512195,success,sgd,0.01,1000000,1e-06,0.002,0.9,1.4322306704851183e-06,
1D-exponential-32p,,,0.0154085526045468,1000000,1.4140754460539492e-06,,seconds,36.3464252948761,36.320727467536926,megabytes,88268.0,88268.0,86.0,84.68125,0.248213504,0.248213504,0.815625,0.7779248046875,success,sgd,0.01,1000000,1e-06,0.002,0.9,1.4140754460539492e-06,
1D-exponential-32p,,,0.1175933347207751,1000000,1.5116249424038373e-06,,seconds,36.26064133644104,36.21030695177615,megabytes,88268.0,88268.0,86.0,85.33536585365853,0.248233984,0.248233984,0.8125,0.7777867759146342,success,sgd,0.01,1000000,1e-06,0.002,0.9,1.5116249424038373e-06,
1D-exponential-32p,,,0.0538585490194426,1000000,1.4846089675808132e-06,,seconds,37.00738883018494,36.87964662909508,megabytes,88268.0,88268.0,85.0,83.52941176470588,0.248205312,0.248205312,0.8171875,0.7762357026143794,success,sgd,0.01,1000000,1e-06,0.002,0.9,1.4846089675808132e-06,
1D-exponential-32p,,,0.0412676371998049,1000000,1.4513230749441394e-06,,seconds,36.85556602478027,36.717378003522754,megabytes,88268.0,88268.0,85.0,83.8343949044586,0.248225792,0.248225792,0.8171875,0.7765425955414013,success,sgd,0.01,1000000,1e-06,0.002,0.9,1.4513230749441394e-06,
1D-exponential-32p,,,0.0055400475612385,1000000,1.3796245046040622e-06,,seconds,36.55365014076233,36.52613227069378,megabytes,88268.0,88268.0,85.0,84.4390243902439,0.248250368,0.248250368,0.8265625,0.7808022103658536,success,sgd,0.01,1000000,1e-06,0.002,0.9,1.3796245046040622e-06,
1D-exponential-32p,,,0.0149242949544949,1000000,1.4330669147450444e-06,,seconds,36.74750375747681,36.72437413409352,megabytes,88268.0,88268.0,86.0,83.85714285714286,0.248254464,0.248254464,0.815625,0.7801339285714285,success,sgd,0.01,1000000,1e-06,0.002,0.9,1.4330669147450444e-06,
1D-exponential-32p,,,0.0049639763449864,1000000,1.4108524898872997e-06,,seconds,36.873799324035645,36.684875877574086,megabytes,88268.0,88268.0,85.0,83.81528662420382,0.248410112,0.248410112,0.81484375,0.773999800955414,success,sgd,0.01,1000000,1e-06,0.002,0.9,1.4108524898872997e-06,
1D-exponential-32p,,,0.0237099170600408,1000000,1.3734708495629844e-06,,seconds,36.56687664985657,36.535903465002775,megabytes,88268.0,88268.0,86.0,84.24074074074075,0.248274944,0.248274944,0.80859375,0.7775173611111116,success,sgd,0.01,1000000,1e-06,0.002,0.9,1.3734708495629844e-06,
1D-exponential-32p,,,0.0258994542674067,1000000,1.426189197667494e-06,,seconds,36.67936849594116,36.63728796876967,megabytes,88268.0,88268.0,85.0,83.86708860759494,0.248332288,0.248332288,0.84296875,0.7795688291139242,success,sgd,0.01,1000000,1e-06,0.002,0.9,1.426189197667494e-06,
1D-exponential-32p,,,0.1538352278071156,1000000,1.5303111191917371e-06,,seconds,36.69429993629456,36.53297724947333,megabytes,88268.0,88268.0,85.0,84.11180124223603,0.24836096,0.24836096,0.821875,0.7756453804347824,success,sgd,0.01,1000000,1e-06,0.002,0.9,1.5303111191917371e-06,
1D-exponential-64p,,,0.167439391060426,1000000,1.8357500094502887e-06,,seconds,44.77186107635498,44.67921937815845,megabytes,88268.0,88268.0,81.0,78.985,0.259231744,0.259231744,0.81796875,0.7756562500000003,success,sgd,0.01,1000000,1e-06,0.002,0.9,1.8357500094502887e-06,
1D-exponential-64p,,,0.0148465863591229,1000000,1.4040922696027004e-06,,seconds,44.718377113342285,44.7002475913614,megabytes,88268.0,88268.0,81.0,79.41711229946524,0.249561088,0.249561088,0.8375,0.7797292780748667,success,sgd,0.01,1000000,1e-06,0.002,0.9,1.4040922696027004e-06,
1D-exponential-64p,,,0.0249084565095521,1000000,1.638921876480157e-06,,seconds,44.54362964630127,44.47838984616101,megabytes,88268.0,88268.0,81.0,79.90673575129534,0.249479168,0.249479168,0.81953125,0.777323510362694,success,sgd,0.01,1000000,1e-06,0.002,0.9,1.638921876480157e-06,
1D-exponential-64p,,,0.0277830553493789,1000000,1.5706610238010924e-06,,seconds,44.7957923412323,44.68771454133093,megabytes,88268.0,88268.0,81.0,79.24598930481284,0.249581568,0.249581568,0.81640625,0.7788059826203207,success,sgd,0.01,1000000,1e-06,0.002,0.9,1.5706610238010924e-06,
1D-exponential-64p,,,0.0383382164504622,1000000,1.5442062155567587e-06,,seconds,44.6136519908905,44.60363173112273,megabytes,88268.0,88268.0,81.0,79.66137566137566,0.249491456,0.249491456,0.8171875,0.7806010251322753,success,sgd,0.01,1000000,1e-06,0.002,0.9,1.5442062155567587e-06,
1D-exponential-64p,,,0.1041486414212842,1000000,2.072430319299836e-06,,seconds,44.55379819869995,44.51394609361887,megabytes,88268.0,88268.0,81.0,79.70899470899471,0.249597952,0.249597952,0.8171875,0.7786995701058204,success,sgd,0.01,1000000,1e-06,0.002,0.9,2.072430319299836e-06,
1D-exponential-64p,,,0.0111038389203561,856118,9.999991274656562e-07,,seconds,38.18504405021668,38.02341210655868,megabytes,88268.0,88268.0,81.0,80.11515151515151,0.249618432,0.249618432,0.815625,0.7775852272727275,success,sgd,0.01,1000000,1e-06,0.002,0.9,9.999991274656562e-07,
1D-exponential-64p,,,0.0088122447797316,1000000,1.2824430799812403e-06,,seconds,44.55229592323303,44.35084873624146,megabytes,88268.0,88268.0,81.0,79.7704081632653,0.249905152,0.249905152,0.82578125,0.7756816007653066,success,sgd,0.01,1000000,1e-06,0.002,0.9,1.2824430799812403e-06,
1D-exponential-64p,,,0.0065157667979466,1000000,1.185759071435414e-06,,seconds,44.71499848365784,44.53427645377815,megabytes,88268.0,88268.0,81.0,79.46596858638743,0.249675776,0.249675776,0.8171875,0.7745827879581152,success,sgd,0.01,1000000,1e-06,0.002,0.9,1.185759071435414e-06,
1D-exponential-64p,,,0.0216537113641245,940289,9.999990522049944e-07,,seconds,42.20146489143372,42.01598955877125,megabytes,88268.0,88268.0,81.0,79.4080459770115,0.249757696,0.249757696,0.8171875,0.7755971623563219,success,sgd,0.01,1000000,1e-06,0.002,0.9,9.999990522049944e-07,
1D-exponential-64p,,,0.0210998786961851,1000000,1.3073266219167002e-06,,seconds,44.489373207092285,44.44789994321764,megabytes,88268.0,88268.0,81.0,79.79473684210527,0.24967168,0.24967168,0.85078125,0.7772944078947367,success,sgd,0.01,1000000,1e-06,0.002,0.9,1.3073266219167002e-06,
1D-exponential-64p,,,0.0190862940516754,1000000,1.4770810894877317e-06,,seconds,44.76210975646973,44.65050258114934,megabytes,88268.0,88268.0,81.0,79.66666666666667,0.24958976,0.24958976,0.8171875,0.7761863425925926,success,sgd,0.01,1000000,1e-06,0.002,0.9,1.4770810894877317e-06,
1D-exponential-64p,,,0.124038240995786,1000000,1.9453547415875165e-06,,seconds,44.251312255859375,44.1827384904027,megabytes,88268.0,88268.0,81.0,80.29353233830845,0.24961024,0.24961024,0.81328125,0.7769162002487556,success,sgd,0.01,1000000,1e-06,0.002,0.9,1.9453547415875165e-06,
1D-exponential-64p,,,0.096451256423085,1000000,1.7829566344467173e-06,,seconds,44.62431979179382,44.49070736020804,megabytes,88268.0,88268.0,81.0,79.93782383419689,0.249659392,0.249659392,0.8171875,0.776453205958549,success,sgd,0.01,1000000,1e-06,0.002,0.9,1.7829566344467173e-06,
1D-exponential-64p,,,0.046325441163087,1000000,1.4900535915439688e-06,,seconds,44.59334635734558,44.44322281330824,megabytes,88268.0,88268.0,81.0,79.85051546391753,0.249614336,0.249614336,0.815625,0.7773840206185566,success,sgd,0.01,1000000,1e-06,0.002,0.9,1.4900535915439688e-06,
1D-exponential-64p,,,0.0315865763572457,1000000,1.5878823544603804e-06,,seconds,44.7945556640625,44.62696264125407,megabytes,88268.0,88268.0,81.0,79.6063829787234,0.249634816,0.249634816,0.8171875,0.7758518949468083,success,sgd,0.01,1000000,1e-06,0.002,0.9,1.5878823544603804e-06,
1D-exponential-64p,,,0.0947173724737991,1000000,1.653258663602356e-06,,seconds,44.6364688873291,44.49159166403115,megabytes,88268.0,88268.0,81.0,79.66145833333333,0.249561088,0.249561088,0.82109375,0.7775309244791672,success,sgd,0.01,1000000,1e-06,0.002,0.9,1.653258663602356e-06,
1D-exponential-64p,,,0.0170200345658492,1000000,1.5258799299105185e-06,,seconds,44.46835732460022,44.40449577011168,megabytes,88268.0,88268.0,81.0,79.98958333333333,0.249585664,0.249585664,0.815625,0.7790242513020825,success,sgd,0.01,1000000,1e-06,0.002,0.9,1.5258799299105185e-06,
1D-exponential-64p,,,0.0652298688276082,1000000,1.8254481268197807e-06,,seconds,44.7589418888092,44.74661540053785,megabytes,88268.0,88268.0,81.0,79.12021857923497,0.257728512,0.257728512,0.8140625,0.7786287568306013,success,sgd,0.01,1000000,1e-06,0.002,0.9,1.8254481268197807e-06,
1D-exponential-64p,,,0.0149945366862611,848347,9.999993180017123e-07,,seconds,37.82858371734619,37.73003665544093,megabytes,88268.0,88268.0,81.0,79.6319018404908,0.249618432,0.249618432,0.815625,0.7775306748466257,success,sgd,0.01,1000000,1e-06,0.002,0.9,9.999993180017123e-07,
1D-exponential-64p,,,0.0155733906923064,1000000,1.3564797138573234e-06,,seconds,44.23107576370239,44.188656363636255,megabytes,88268.0,88268.0,81.0,80.35175879396985,0.249634816,0.249634816,0.8171875,0.7790789886934673,success,sgd,0.01,1000000,1e-06,0.002,0.9,1.3564797138573234e-06,
1D-exponential-64p,,,0.0984185893497603,1000000,1.7906816658498895e-06,,seconds,44.6804826259613,44.51084343530238,megabytes,88268.0,88268.0,81.0,80.01587301587301,0.253796352,0.253796352,0.81953125,0.7758308531746037,success,sgd,0.01,1000000,1e-06,0.002,0.9,1.7906816658498895e-06,
1D-exponential-64p,,,0.0420564512031716,1000000,1.628617289588841e-06,,seconds,44.35778880119324,44.340649496763945,megabytes,88268.0,88268.0,81.0,80.1938775510204,0.252309504,0.252309504,0.815625,0.7784996811224496,success,sgd,0.01,1000000,1e-06,0.002,0.9,1.628617289588841e-06,
1D-exponential-64p,,,0.032481797676785,1000000,1.515866750363019e-06,,seconds,44.527703285217285,44.4933058321476,megabytes,88268.0,88268.0,81.0,79.81675392670157,0.252338176,0.252338176,0.81875,0.7777895942408377,success,sgd,0.01,1000000,1e-06,0.002,0.9,1.515866750363019e-06,
1D-exponential-64p,,,0.0055812613621136,1000000,1.0981537728937794e-06,,seconds,44.72851872444153,44.60775136761367,megabytes,88268.0,88268.0,81.0,79.25,0.252325888,0.252325888,0.82421875,0.776496010638298,success,sgd,0.01,1000000,1e-06,0.002,0.9,1.0981537728937794e-06,
1D-exponential-64p,,,0.0099268082232756,1000000,1.3182162910629522e-06,,seconds,44.3583710193634,44.356590474024415,megabytes,88268.0,88268.0,81.0,80.04040404040404,0.252403712,0.252403712,0.81953125,0.7784209280303028,success,sgd,0.01,1000000,1e-06,0.002,0.9,1.3182162910629522e-06,
1D-exponential-64p,,,0.0041382257256015,956583,9.999991497171846e-07,,seconds,42.499104738235474,42.31155655346811,megabytes,88268.0,88268.0,81.0,80.17368421052632,0.252493824,0.252493824,0.83359375,0.7747080592105263,success,sgd,0.01,1000000,1e-06,0.002,0.9,9.999991497171846e-07,
1D-exponential-64p,,,0.0305401310542546,1000000,1.609380427653611e-06,,seconds,44.656782388687134,44.52086453512311,megabytes,88268.0,88268.0,81.0,79.86387434554973,0.252403712,0.252403712,0.82265625,0.7777405104712042,success,sgd,0.01,1000000,1e-06,0.002,0.9,1.609380427653611e-06,
1D-exponential-64p,,,0.0124647607671431,1000000,1.4655463286369456e-06,,seconds,44.41375684738159,44.29607016034424,megabytes,88268.0,88268.0,81.0,80.06598984771574,0.252485632,0.252485632,0.81328125,0.7776015228426392,success,sgd,0.01,1000000,1e-06,0.002,0.9,1.4655463286369456e-06,
1D-exponential-64p,,,0.1150169562744928,1000000,1.8964358027175487e-06,,seconds,44.506882667541504,44.39277258142829,megabytes,88268.0,88268.0,81.0,79.97409326424871,0.252567552,0.252567552,0.81640625,0.7764572538860111,success,sgd,0.01,1000000,1e-06,0.002,0.9,1.8964358027175487e-06,
1D-exponential-128p,,,0.1651462869946482,1000000,2.488058115441663e-06,,seconds,51.34958600997925,51.23532542772591,megabytes,88268.0,88268.0,86.0,78.0730593607306,0.263491584,0.263491584,0.81640625,0.7756492579908681,success,sgd,0.01,1000000,1e-06,0.002,0.9,2.488058115441663e-06,
1D-exponential-128p,,,0.0177217261699646,7368,9.991844210255756e-07,,seconds,0.4392702579498291,0.3642918430268764,megabytes,88268.0,88268.0,81.0,63.5,0.168861696,0.168861696,0.771875,0.6296875,success,sgd,0.01,1000000,1e-06,0.002,0.9,9.991844210255756e-07,
1D-exponential-128p,,,0.0294133544845439,1000000,1.9661061839647e-06,,seconds,50.80304312705994,50.81217943318188,megabytes,88268.0,88268.0,82.0,78.57407407407408,0.253452288,0.253452288,0.81875,0.7804796006944448,success,sgd,0.01,1000000,1e-06,0.002,0.9,1.9661061839647e-06,
1D-exponential-128p,,,0.0355971497640846,1000000,2.042305617513868e-06,,seconds,49.65037655830383,49.61090491898358,megabytes,88268.0,88268.0,83.0,80.39908256880734,0.253558784,0.253558784,0.81953125,0.7803433199541283,success,sgd,0.01,1000000,1e-06,0.002,0.9,2.042305617513868e-06,
1D-exponential-128p,,,0.028330648877949,8648,9.996530338510063e-07,,seconds,0.6548521518707275,0.4534295033663511,megabytes,88268.0,88268.0,56.0,32.666666666666664,0.169435136,0.169435136,0.77109375,0.51015625,success,sgd,0.01,1000000,1e-06,0.002,0.9,9.996530338510063e-07,
1D-exponential-128p,,,0.1045619264491334,1000000,2.9283988685183523e-06,,seconds,49.16593074798584,49.018316408619285,megabytes,88268.0,88268.0,86.0,80.62910798122066,0.253566976,0.253566976,0.8140625,0.7782643779342725,success,sgd,0.01,1000000,1e-06,0.002,0.9,2.9283988685183523e-06,
1D-exponential-128p,,,0.0123891069154864,46336,9.998763020103105e-07,,seconds,2.5424375534057617,2.416484886780381,megabytes,88268.0,88268.0,77.0,73.9090909090909,0.25337856,0.25337856,0.79921875,0.7294744318181817,success,sgd,0.01,1000000,1e-06,0.002,0.9,9.998763020103105e-07,
1D-exponential-128p,,,0.0074248066997328,17768,9.998335459983255e-07,,seconds,1.0878593921661377,0.8977329712361097,megabytes,88268.0,88268.0,80.0,69.4,0.169316352,0.169316352,0.7828125,0.6373437500000001,success,sgd,0.01,1000000,1e-06,0.002,0.9,9.998335459983255e-07,
1D-exponential-128p,,,0.0065332871479787,15764,9.998637656699263e-07,,seconds,0.942497730255127,0.7993629463016987,megabytes,88268.0,88268.0,80.0,69.0,0.169037824,0.169037824,0.80546875,0.6537109375,success,sgd,0.01,1000000,1e-06,0.002,0.9,9.998637656699263e-07,
1D-exponential-128p,,,0.0199303877130488,187602,9.99988556881604e-07,,seconds,9.360683917999268,9.26750234887004,megabytes,88268.0,88268.0,83.0,79.475,0.253595648,0.253595648,0.8109375,0.7713085937499999,success,sgd,0.01,1000000,1e-06,0.002,0.9,9.99988556881604e-07,
1D-exponential-128p,,,0.0189401168538337,15389,9.996810728812974e-07,,seconds,0.8672690391540527,0.8046261444687843,megabytes,88268.0,88268.0,77.0,59.75,0.168701952,0.168701952,0.790625,0.71796875,success,sgd,0.01,1000000,1e-06,0.002,0.9,9.996810728812974e-07,
1D-exponential-128p,,,0.0224956988273875,6252,9.985122616797905e-07,,seconds,0.4392774105072021,0.3213814254850149,megabytes,88268.0,88268.0,77.0,50.0,0.168497152,0.168497152,0.82265625,0.572265625,success,sgd,0.01,1000000,1e-06,0.002,0.9,9.985122616797905e-07,
1D-exponential-128p,,,0.1138616910476096,1000000,2.7459319460521475e-06,,seconds,50.78826928138733,50.65645657852292,megabytes,88268.0,88268.0,82.0,79.07870370370371,0.253591552,0.253591552,0.8140625,0.7781177662037041,success,sgd,0.01,1000000,1e-06,0.002,0.9,2.7459319460521475e-06,
1D-exponential-128p,,,0.1055369657297275,1000000,2.304581809383877e-06,,seconds,49.828277349472046,49.808805018663406,megabytes,88268.0,88268.0,86.0,79.78260869565217,0.253599744,0.253599744,0.815625,0.7778683574879226,success,sgd,0.01,1000000,1e-06,0.002,0.9,2.304581809383877e-06,
1D-exponential-128p,,,0.0465154333246511,1000000,1.6891420127041025e-06,,seconds,50.7705352306366,50.66712038218975,megabytes,88268.0,88268.0,82.0,79.55607476635514,0.25362432,0.25362432,0.8203125,0.7791252920560745,success,sgd,0.01,1000000,1e-06,0.002,0.9,1.6891420127041025e-06,
1D-exponential-128p,,,0.036780121404946,1000000,1.4113452196349678e-06,,seconds,49.13619637489319,49.04436965472996,megabytes,88268.0,88268.0,85.0,80.8,0.253575168,0.253575168,0.82734375,0.7776599702380954,success,sgd,0.01,1000000,1e-06,0.002,0.9,1.4113452196349678e-06,
1D-exponential-128p,,,0.0858005057503429,1000000,2.117027395958995e-06,,seconds,50.41115999221802,50.39112211018801,megabytes,88268.0,88268.0,82.0,79.33173076923077,0.254062592,0.254062592,0.8171875,0.7796349158653846,success,sgd,0.01,1000000,1e-06,0.002,0.9,2.117027395958995e-06,
1D-exponential-128p,,,0.0139986920202895,39610,9.997993447348596e-07,,seconds,1.9536092281341555,1.9376856964081528,megabytes,88268.0,88268.0,83.0,75.875,0.169017344,0.169017344,0.8015625,0.76689453125,success,sgd,0.01,1000000,1e-06,0.002,0.9,9.997993447348596e-07,
1D-exponential-128p,,,0.0582830992375417,1000000,2.293050211230544e-06,,seconds,51.06296396255493,50.967604169622064,megabytes,88268.0,88268.0,82.0,78.5296803652968,0.253698048,0.253698048,0.81640625,0.7771332762557084,success,sgd,0.01,1000000,1e-06,0.002,0.9,2.293050211230544e-06,
1D-exponential-128p,,,0.0207167807976257,560423,9.999888734668305e-07,,seconds,27.84560537338257,27.704972868785266,megabytes,88268.0,88268.0,83.0,79.9322033898305,0.253681664,0.253681664,0.81484375,0.7770789194915252,success,sgd,0.01,1000000,1e-06,0.002,0.9,9.999888734668305e-07,
1D-exponential-128p,,,0.0156145795533389,5789,9.99948331701263e-07,,seconds,0.4467360973358154,0.3036323711276054,megabytes,88268.0,88268.0,77.0,55.5,0.168792064,0.168792064,0.7671875,0.4828125,success,sgd,0.01,1000000,1e-06,0.002,0.9,9.99948331701263e-07,
1D-exponential-128p,,,0.0984116456344068,1000000,2.374939055218048e-06,,seconds,49.91569304466248,49.72339569218457,megabytes,88268.0,88268.0,83.0,79.99521531100478,0.25382912,0.25382912,0.81484375,0.7767793062200958,success,sgd,0.01,1000000,1e-06,0.002,0.9,2.374939055218048e-06,
1D-exponential-128p,,,0.0365255338942793,1000000,1.199483418691034e-06,,seconds,51.06565308570862,50.95691520161927,megabytes,88268.0,88268.0,82.0,78.39545454545454,0.253739008,0.253739008,0.81796875,0.7777698863636362,success,sgd,0.01,1000000,1e-06,0.002,0.9,1.199483418691034e-06,
1D-exponential-128p,,,0.0325607752727579,1000000,1.5840625320028096e-06,,seconds,49.453256368637085,49.25343066640198,megabytes,88268.0,88268.0,83.0,80.49029126213593,0.253939712,0.253939712,0.83359375,0.77549302184466,success,sgd,0.01,1000000,1e-06,0.002,0.9,1.5840625320028096e-06,
1D-exponential-128p,,,0.0055906364475517,7958,9.988864792022436e-07,,seconds,0.4352462291717529,0.4167773146182298,megabytes,88268.0,88268.0,77.0,43.0,0.168947712,0.168947712,0.78046875,0.7359375,success,sgd,0.01,1000000,1e-06,0.002,0.9,9.988864792022436e-07,
1D-exponential-128p,,,0.0149105504883592,7199,9.988340880344142e-07,,seconds,0.4320025444030761,0.3607527501881122,megabytes,88268.0,88268.0,80.0,60.0,0.168984576,0.168984576,0.775,0.63046875,success,sgd,0.01,1000000,1e-06,0.002,0.9,9.988340880344142e-07,
1D-exponential-128p,,,0.0043773313289582,21382,9.99527339699235e-07,,seconds,1.2966632843017578,1.117947354912758,megabytes,88268.0,88268.0,77.0,69.83333333333333,0.169385984,0.169385984,0.8140625,0.66953125,success,sgd,0.01,1000000,1e-06,0.002,0.9,9.99527339699235e-07,
1D-exponential-128p,,,0.0306076555898971,1000000,1.954263388911008e-06,,seconds,49.70360517501831,49.67720970325172,megabytes,88268.0,88268.0,84.0,80.08411214953271,0.253796352,0.253796352,0.81796875,0.780746203271028,success,sgd,0.01,1000000,1e-06,0.002,0.9,1.954263388911008e-06,
1D-exponential-128p,,,0.0184097768775126,1000000,1.3037563600154842e-06,,seconds,50.87179517745972,50.7809079233557,megabytes,88268.0,88268.0,82.0,78.94907407407408,0.254234624,0.254234624,0.81953125,0.778421585648148,success,sgd,0.01,1000000,1e-06,0.002,0.9,1.3037563600154842e-06,
1D-exponential-128p,,,0.1345653941242615,1000000,2.6857005637118177e-06,,seconds,49.367937088012695,49.17459326051176,megabytes,88268.0,88268.0,86.0,80.9377990430622,0.254021632,0.254021632,0.81640625,0.7762522428229669,success,sgd,0.01,1000000,1e-06,0.002,0.9,2.6857005637118177e-06,
1D-exponential-256p,,,0.1603375517241999,113247,9.999998018912845e-07,,seconds,6.564863204956055,6.419219831004739,megabytes,88268.0,88268.0,84.0,75.85714285714286,0.26486784,0.26486784,0.81640625,0.7443080357142859,success,sgd,0.01,1000000,1e-06,0.002,0.9,9.999998018912845e-07,
1D-exponential-256p,,,0.0162597885572051,17296,9.9939928987745e-07,,seconds,1.081934690475464,0.9055537022650242,megabytes,88268.0,88268.0,84.0,75.0,0.169259008,0.169259008,0.81484375,0.6370312499999999,success,sgd,0.01,1000000,1e-06,0.002,0.9,9.9939928987745e-07,
1D-exponential-256p,,,0.0294237504476143,78292,9.999215953503094e-07,,seconds,4.280316114425659,4.096101744100452,megabytes,88268.0,88268.0,84.0,81.52631578947368,0.25444352,0.25444352,0.80859375,0.7452713815789473,success,sgd,0.01,1000000,1e-06,0.002,0.9,9.999215953503094e-07,
1D-exponential-256p,,,0.0315131377236376,133233,9.999872519347165e-07,,seconds,7.020790338516235,6.969660885632038,megabytes,88268.0,88268.0,84.0,81.25,0.254406656,0.254406656,0.81328125,0.7744140625000001,success,sgd,0.01,1000000,1e-06,0.002,0.9,9.999872519347165e-07,
1D-exponential-256p,,,0.0306463530705271,19978,9.99608439318601e-07,,seconds,1.1507186889648438,1.0455990359187126,megabytes,88268.0,88268.0,84.0,67.0,0.169127936,0.169127936,0.7921875,0.7218749999999999,success,sgd,0.01,1000000,1e-06,0.002,0.9,9.99608439318601e-07,
1D-exponential-256p,,,0.1046869901204537,1000000,1.758405356961353e-05,,seconds,52.72110414505005,52.703727753832936,megabytes,88268.0,88268.0,84.0,82.8711111111111,0.254513152,0.254513152,0.81875,0.7808645833333333,success,sgd,0.01,1000000,1e-06,0.002,0.9,1.758405356961353e-05,
1D-exponential-256p,,,0.0116667785327264,207072,9.999155093978092e-07,,seconds,10.942853450775146,10.825758334249258,megabytes,88268.0,88268.0,85.0,83.8,0.254398464,0.254398464,0.82109375,0.7690625,success,sgd,0.01,1000000,1e-06,0.002,0.9,9.999155093978092e-07,
1D-exponential-256p,,,0.0080780496744154,57294,9.99845215334706e-07,,seconds,3.136964797973633,2.995781956240535,megabytes,88268.0,88268.0,84.0,80.5,0.254353408,0.254353408,0.81484375,0.7376674107142858,success,sgd,0.01,1000000,1e-06,0.002,0.9,9.99845215334706e-07,
1D-exponential-256p,,,0.0071057755551326,42429,9.998518790299869e-07,,seconds,2.2844862937927246,2.217650637030601,megabytes,88268.0,88268.0,84.0,77.9,0.254263296,0.254263296,0.80078125,0.7476562500000001,success,sgd,0.01,1000000,1e-06,0.002,0.9,9.998518790299869e-07,
1D-exponential-256p,,,0.0202703486080326,1000000,2.2600817802234945e-05,,seconds,52.89588737487793,52.87455600313842,megabytes,88268.0,88268.0,85.0,83.56306306306307,0.254349312,0.254349312,0.83515625,0.7798986486486484,success,sgd,0.01,1000000,1e-06,0.002,0.9,2.2600817802234945e-05,
1D-exponential-256p,,,0.0216655056547828,78144,9.99799312018062e-07,,seconds,4.206694841384888,4.083181479945779,megabytes,88268.0,88268.0,84.0,81.0,0.254296064,0.254296064,0.81171875,0.7516036184210526,success,sgd,0.01,1000000,1e-06,0.002,0.9,9.99799312018062e-07,
1D-exponential-256p,,,0.0207516773574569,14109,9.99984310114608e-07,,seconds,0.86985182762146,0.7392513453960419,megabytes,88268.0,88268.0,85.0,57.0,0.168751104,0.168751104,0.78125,0.648828125,success,sgd,0.01,1000000,1e-06,0.002,0.9,9.99984310114608e-07,
1D-exponential-256p,,,0.1191400696685817,906422,9.9999569706578e-07,,seconds,48.01695871353149,47.97126987203956,megabytes,88268.0,88268.0,85.0,83.38308457711443,0.254799872,0.254799872,0.81484375,0.7768229166666669,success,sgd,0.01,1000000,1e-06,0.002,0.9,9.9999569706578e-07,
1D-exponential-256p,,,0.1008553738306981,41055,9.997254540054023e-07,,seconds,2.380581378936768,2.1947026159614325,megabytes,88268.0,88268.0,83.0,77.0,0.25432064,0.25432064,0.79765625,0.6973958333333334,success,sgd,0.01,1000000,1e-06,0.002,0.9,9.997254540054023e-07,
1D-exponential-256p,,,0.0465643723383783,196529,9.999609280530288e-07,,seconds,10.454538583755491,10.336766062304378,megabytes,88268.0,88268.0,84.0,81.82222222222222,0.254394368,0.254394368,0.815625,0.766875,success,sgd,0.01,1000000,1e-06,0.002,0.9,9.999609280530288e-07,
1D-exponential-256p,,,0.0341291597958743,30964,9.9991669862085e-07,,seconds,1.71034836769104,1.6240889076143503,megabytes,88268.0,88268.0,85.0,75.42857142857143,0.254205952,0.254205952,0.803125,0.7330357142857142,success,sgd,0.01,1000000,1e-06,0.002,0.9,9.9991669862085e-07,
1D-exponential-256p,,,0.0903351210120719,85995,9.999553285297584e-07,,seconds,4.688778400421143,4.53649034909904,megabytes,88268.0,88268.0,85.0,80.8,0.254369792,0.254369792,0.8109375,0.7475,success,sgd,0.01,1000000,1e-06,0.002,0.9,9.999553285297584e-07,
1D-exponential-256p,,,0.0154436004097973,108691,9.999034391286794e-07,,seconds,5.772258043289185,5.765163382515311,megabytes,88268.0,88268.0,84.0,80.04347826086956,0.254431232,0.254431232,0.8046875,0.7804687499999999,success,sgd,0.01,1000000,1e-06,0.002,0.9,9.999034391286794e-07,
1D-exponential-256p,,,0.0549791617640067,43376,9.998262154211129e-07,,seconds,2.277973175048828,2.268441235646605,megabytes,88268.0,88268.0,85.0,75.5,0.254418944,0.254418944,0.79375,0.7771874999999999,success,sgd,0.01,1000000,1e-06,0.002,0.9,9.998262154211129e-07,
1D-exponential-256p,,,0.0206897268167761,1000000,3.479921573850581e-05,,seconds,52.67858934402466,52.633410105481744,megabytes,88268.0,88268.0,85.0,83.33478260869565,0.25495552,0.25495552,0.82734375,0.7789436141304351,success,sgd,0.01,1000000,1e-06,0.002,0.9,3.479921573850581e-05,
1D-exponential-256p,,,0.0143124467127065,25026,9.99441665332454e-07,,seconds,1.4362473487854004,1.3094982337206602,megabytes,88268.0,88268.0,85.0,72.66666666666667,0.1703936,0.1703936,0.8,0.7348958333333333,success,sgd,0.01,1000000,1e-06,0.002,0.9,9.99441665332454e-07,
1D-exponential-256p,,,0.1074176216423083,24903,9.997139156147197e-07,,seconds,1.4405755996704102,1.3027642574161291,megabytes,88268.0,88268.0,84.0,76.83333333333333,0.170348544,0.170348544,0.80546875,0.7322916666666667,success,sgd,0.01,1000000,1e-06,0.002,0.9,9.997139156147197e-07,
1D-exponential-256p,,,0.0392382431642799,22133,9.99548743057844e-07,,seconds,1.425395965576172,1.158432574942708,megabytes,88268.0,88268.0,85.0,67.66666666666667,0.17037312,0.17037312,0.8140625,0.6701822916666668,success,sgd,0.01,1000000,1e-06,0.002,0.9,9.99548743057844e-07,
1D-exponential-256p,,,0.0374090253480684,51036,9.998973199013778e-07,,seconds,2.701194524765014,2.667778907343745,megabytes,88268.0,88268.0,85.0,76.83333333333333,0.25452544,0.25452544,0.8140625,0.7683593750000001,success,sgd,0.01,1000000,1e-06,0.002,0.9,9.998973199013778e-07,
1D-exponential-256p,,,0.0055929245109504,19718,9.99967318502283e-07,,seconds,1.2002379894256592,1.0319257620722055,megabytes,88268.0,88268.0,84.0,66.2,0.170418176,0.170418176,0.8125,0.71046875,success,sgd,0.01,1000000,1e-06,0.002,0.9,9.99967318502283e-07,
1D-exponential-256p,,,0.0135388705595449,16075,9.992862064398831e-07,,seconds,0.9280068874359132,0.8469697404652834,megabytes,88268.0,88268.0,84.0,72.0,0.16908288,0.16908288,0.80546875,0.7111328124999999,success,sgd,0.01,1000000,1e-06,0.002,0.9,9.992862064398831e-07,
1D-exponential-256p,,,0.0043859369712137,80634,9.999722856393196e-07,,seconds,4.258573532104492,4.217717593535781,megabytes,88268.0,88268.0,85.0,82.05263157894737,0.254644224,0.254644224,0.809375,0.7696546052631581,success,sgd,0.01,1000000,1e-06,0.002,0.9,9.999722856393196e-07,
1D-exponential-256p,,,0.0309236436464549,175814,9.999795809063062e-07,,seconds,9.34004521369934,9.184951853007078,megabytes,88268.0,88268.0,84.0,83.18604651162791,0.254656512,0.254656512,0.8140625,0.7666424418604652,success,sgd,0.01,1000000,1e-06,0.002,0.9,9.999795809063062e-07,
1D-exponential-256p,,,0.0168263977792311,41594,9.999468628805237e-07,,seconds,2.294243574142456,2.206207599490881,megabytes,88268.0,88268.0,84.0,77.33333333333333,0.254582784,0.254582784,0.78984375,0.7430555555555555,success,sgd,0.01,1000000,1e-06,0.002,0.9,9.999468628805237e-07,
1D-exponential-256p,,,0.1346460529448238,1000000,1.3161482510363375e-06,,seconds,52.771531105041504,52.69201814197004,megabytes,88268.0,88268.0,85.0,83.42105263157895,0.255254528,0.255254528,0.81875,0.77887541118421,success,sgd,0.01,1000000,1e-06,0.002,0.9,1.3161482510363375e-06,
1D-exponential-512p,,,0.1627865252673961,888970,9.999886499956328e-07,,seconds,62.15506052970886,62.12097731605172,megabytes,88270.0,88270.0,86.0,84.44961240310077,0.266645504,0.266645504,0.82734375,0.7769016472868218,success,sgd,0.01,1000000,1e-06,0.002,0.9,9.999886499956328e-07,
1D-exponential-512p,,,0.0170512223347919,51775,9.999451569068227e-07,,seconds,3.583871841430664,3.556073386222124,megabytes,88270.0,88270.0,87.0,82.75,0.255451136,0.255451136,0.81015625,0.768603515625,success,sgd,0.01,1000000,1e-06,0.002,0.9,9.999451569068227e-07,
1D-exponential-512p,,,0.0270919646765631,284665,9.99974908252807e-07,,seconds,19.726332426071167,19.643120484426618,megabytes,88270.0,88270.0,86.0,84.74712643678161,0.255295488,0.255295488,0.81875,0.7764457614942534,success,sgd,0.01,1000000,1e-06,0.002,0.9,9.99974908252807e-07,
1D-exponential-512p,,,0.0325923820258573,756273,9.999679135025655e-07,,seconds,52.263631105422974,52.2115764208138,megabytes,88270.0,88270.0,86.0,85.12389380530973,0.255811584,0.255811584,0.81640625,0.7787645188053104,success,sgd,0.01,1000000,1e-06,0.002,0.9,9.999679135025655e-07,
1D-exponential-512p,,,0.031864618417538,60731,9.999464678812938e-07,,seconds,4.381937980651856,4.204908994957805,megabytes,88270.0,88270.0,86.0,80.72222222222223,0.255418368,0.255418368,0.80546875,0.7416666666666668,success,sgd,0.01,1000000,1e-06,0.002,0.9,9.999464678812938e-07,
1D-exponential-512p,,,0.1049955850876832,1000000,0.0001217340771245,,seconds,69.40708327293396,69.23369579575956,megabytes,88270.0,88270.0,86.0,85.26440677966102,0.255803392,0.255803392,0.81875,0.777984639830509,success,sgd,0.01,1000000,1e-06,0.002,0.9,0.0001217340771245,
1D-exponential-512p,,,0.0124048443473979,940449,9.999548597271092e-07,,seconds,64.97062110900879,64.96946588903666,megabytes,88270.0,88270.0,86.0,85.31316725978648,0.255377408,0.255377408,0.8203125,0.7806605871886122,success,sgd,0.01,1000000,1e-06,0.002,0.9,9.999548597271092e-07,
1D-exponential-512p,,,0.0077414763107577,185290,9.999368699696822e-07,,seconds,12.94990086555481,12.817307855933905,megabytes,88270.0,88270.0,86.0,84.8,0.25540608,0.25540608,0.81640625,0.7717329545454544,success,sgd,0.01,1000000,1e-06,0.002,0.9,9.999368699696822e-07,
1D-exponential-512p,,,0.0071072112940724,126286,9.998957226047236e-07,,seconds,8.83436131477356,8.690744996070862,megabytes,88270.0,88270.0,86.0,84.3,0.255397888,0.255397888,0.81640625,0.7634765625000001,success,sgd,0.01,1000000,1e-06,0.002,0.9,9.998957226047236e-07,
1D-exponential-512p,,,0.0201781484562103,1000000,0.0001296877058905,,seconds,69.33647203445435,69.19439489021897,megabytes,88270.0,88270.0,86.0,85.160409556314,0.255393792,0.255393792,0.81796875,0.7785276237201366,success,sgd,0.01,1000000,1e-06,0.002,0.9,0.0001296877058905,
1D-exponential-512p,,,0.0208410407370194,373250,9.999244656579848e-07,,seconds,25.828433752059937,25.82392675988376,megabytes,88270.0,88270.0,86.0,84.78899082568807,0.255459328,0.255459328,0.81484375,0.7790567660550461,success,sgd,0.01,1000000,1e-06,0.002,0.9,9.999244656579848e-07,
1D-exponential-512p,,,0.0225212728686763,34252,9.99812838472323e-07,,seconds,2.5147407054901123,2.352992547675967,megabytes,88270.0,88270.0,86.0,82.27272727272727,0.255287296,0.255287296,0.80859375,0.7175426136363636,success,sgd,0.01,1000000,1e-06,0.002,0.9,9.99812838472323e-07,
1D-exponential-512p,,,0.1219138645619722,1000000,0.0001022922203803,,seconds,69.25720930099487,69.13501796126366,megabytes,88270.0,88270.0,86.0,85.43097643097643,0.255533056,0.255533056,0.82734375,0.7774752735690238,success,sgd,0.01,1000000,1e-06,0.002,0.9,0.0001022922203803,
1D-exponential-512p,,,0.1031607289621573,113507,9.99877847374451e-07,,seconds,7.914354801177978,7.82964021153748,megabytes,88270.0,88270.0,86.0,84.73529411764706,0.255434752,0.255434752,0.81015625,0.7702895220588237,success,sgd,0.01,1000000,1e-06,0.002,0.9,9.99877847374451e-07,
1D-exponential-512p,,,0.0493499164713671,1000000,5.727627392237137e-05,,seconds,69.3666090965271,69.21515989862382,megabytes,88270.0,88270.0,86.0,85.38775510204081,0.255483904,0.255483904,0.81640625,0.7779310161564619,success,sgd,0.01,1000000,1e-06,0.002,0.9,5.727627392237137e-05,
1D-exponential-512p,,,0.0328773639852601,99952,9.99856027979332e-07,,seconds,6.920341491699219,6.914987130090594,megabytes,88270.0,88270.0,86.0,83.55172413793103,0.25546752,0.25546752,0.8125,0.7796605603448276,success,sgd,0.01,1000000,1e-06,0.002,0.9,9.99856027979332e-07,
1D-exponential-512p,,,0.0880866136745141,485640,9.99942707332758e-07,,seconds,33.82746410369873,33.633659264072776,megabytes,88270.0,88270.0,86.0,84.98601398601399,0.255676416,0.255676416,0.81484375,0.7746558129370626,success,sgd,0.01,1000000,1e-06,0.002,0.9,9.99942707332758e-07,
1D-exponential-512p,,,0.0147029790973857,346036,9.99988245097048e-07,,seconds,23.88012313842773,23.876384127885103,megabytes,88270.0,88270.0,86.0,85.28846153846153,0.255565824,0.255565824,0.81328125,0.7817608173076924,success,sgd,0.01,1000000,1e-06,0.002,0.9,9.99988245097048e-07,
1D-exponential-512p,,,0.0582725668619561,111696,9.9993801536747e-07,,seconds,7.794321060180664,7.797005340456963,megabytes,88270.0,88270.0,86.0,83.9,0.25550848,0.25550848,0.803125,0.7796875,success,sgd,0.01,1000000,1e-06,0.002,0.9,9.9993801536747e-07,
1D-exponential-512p,,,0.0207148651692745,1000000,0.0001371495431444,,seconds,69.0925362110138,69.06389748863876,megabytes,88270.0,88270.0,87.0,86.12666666666667,0.255537152,0.255537152,0.8171875,0.7779479166666662,success,sgd,0.01,1000000,1e-06,0.002,0.9,0.0001371495431444,
1D-exponential-512p,,,0.0143151175924548,84866,9.997562453951652e-07,,seconds,5.83121919631958,5.828563451766968,megabytes,88270.0,88270.0,87.0,83.92307692307692,0.255512576,0.255512576,0.81484375,0.7803185096153846,success,sgd,0.01,1000000,1e-06,0.002,0.9,9.997562453951652e-07,
1D-exponential-512p,,,0.1028677095445975,74615,9.99998892961763e-07,,seconds,5.304891347885132,5.138588791713119,megabytes,88270.0,88270.0,86.0,83.78260869565217,0.2555904,0.2555904,0.8125,0.7528192934782609,success,sgd,0.01,1000000,1e-06,0.002,0.9,9.99998892961763e-07,
1D-exponential-512p,,,0.040584245523998,72562,9.999390561683774e-07,,seconds,5.134320497512817,5.008400835096836,megabytes,88270.0,88270.0,86.0,83.45454545454545,0.255647744,0.255647744,0.8125,0.7542258522727273,success,sgd,0.01,1000000,1e-06,0.002,0.9,9.999390561683774e-07,
1D-exponential-512p,,,0.0374148147309677,225929,9.9989355032863e-07,,seconds,15.695745706558228,15.605894984677434,megabytes,88270.0,88270.0,86.0,84.71641791044776,0.25563136,0.25563136,0.815625,0.7711870335820894,success,sgd,0.01,1000000,1e-06,0.002,0.9,9.9989355032863e-07,
1D-exponential-512p,,,0.0055934838149905,54159,9.998149581846468e-07,,seconds,3.779081344604492,3.7602688800543542,megabytes,88270.0,88270.0,86.0,81.33333333333333,0.25561088,0.25561088,0.81015625,0.7727604166666666,success,sgd,0.01,1000000,1e-06,0.002,0.9,9.998149581846468e-07,
1D-exponential-512p,,,0.0135405655684062,44899,9.999921764698989e-07,,seconds,3.197887897491455,3.0840990468859677,megabytes,88270.0,88270.0,86.0,79.85714285714286,0.25561088,0.25561088,0.81171875,0.7499441964285715,success,sgd,0.01,1000000,1e-06,0.002,0.9,9.999921764698989e-07,
1D-exponential-512p,,,0.0043881048383612,331814,9.99998988397387e-07,,seconds,23.0557963848114,22.902056762948632,megabytes,88270.0,88270.0,86.0,85.72727272727273,0.255717376,0.255717376,0.81640625,0.772964015151515,success,sgd,0.01,1000000,1e-06,0.002,0.9,9.99998988397387e-07,
1D-exponential-512p,,,0.0309511759310441,1000000,2.0806842609923743e-05,,seconds,69.23258972167969,69.20466827228665,megabytes,88270.0,88270.0,86.0,85.41156462585035,0.255614976,0.255614976,0.8171875,0.7790417729591844,success,sgd,0.01,1000000,1e-06,0.002,0.9,2.0806842609923743e-05,
1D-exponential-512p,,,0.0168282086205505,145630,9.999588477900114e-07,,seconds,10.1222722530365,10.078091721981764,megabytes,88270.0,88270.0,86.0,85.19047619047619,0.255537152,0.255537152,0.8359375,0.7780133928571429,success,sgd,0.01,1000000,1e-06,0.002,0.9,9.999588477900114e-07,
1D-exponential-512p,,,0.1321698449443128,1000000,0.0001013649377285,,seconds,69.36518812179565,69.21484292298555,megabytes,88270.0,88270.0,86.0,85.41836734693878,0.255639552,0.255639552,0.81953125,0.7793207908163263,success,sgd,0.01,1000000,1e-06,0.002,0.9,0.0001013649377285,
1D-exponential-1024p,,,0.1624259855449383,1000000,0.0003642671631934,,seconds,91.21875882148744,91.04375948384404,megabytes,88270.0,88270.0,91.0,89.2265625,0.269197312,0.30234624,0.8125,0.7755126953125004,success,sgd,0.01,1000000,1e-06,0.002,0.9,0.0003642671631934,
1D-exponential-1024p,,,0.0170519718042418,170030,9.999934649340105e-07,,seconds,15.275387525558472,15.118851473554969,megabytes,88270.0,88270.0,91.0,89.6,0.170582016,0.170582016,0.83359375,0.7724158653846155,success,sgd,0.01,1000000,1e-06,0.002,0.9,9.999934649340105e-07,
1D-exponential-1024p,,,0.028284096980941,1000000,1.5641696309234814e-05,,seconds,90.9401364326477,90.73840271495284,megabytes,88270.0,88270.0,91.0,89.39267015706807,0.256950272,0.256950272,0.81640625,0.7785238056282726,success,sgd,0.01,1000000,1e-06,0.002,0.9,1.5641696309234814e-05,
1D-exponential-1024p,,,0.0337091522108849,1000000,0.0004967234811868,,seconds,91.14207196235655,91.0778353586793,megabytes,88270.0,88270.0,92.0,88.71059431524547,0.25714688,0.25714688,0.82265625,0.7794593830749355,success,sgd,0.01,1000000,1e-06,0.002,0.9,0.0004967234811868,
1D-exponential-1024p,,,0.0306567736120812,217172,9.999966101699882e-07,,seconds,19.85075354576111,19.822770351544023,megabytes,88270.0,88270.0,90.0,87.51190476190476,0.170594304,0.170594304,0.81484375,0.7759579613095239,success,sgd,0.01,1000000,1e-06,0.002,0.9,9.999966101699882e-07,
1D-exponential-1024p,,,0.1040423107756743,1000000,0.0004385172754902,,seconds,87.8544397354126,87.70762484148145,megabytes,88270.0,88270.0,93.0,92.15027322404372,0.25675776,0.25675776,0.815625,0.7778176229508202,success,sgd,0.01,1000000,1e-06,0.002,0.9,0.0004385172754902,
1D-exponential-1024p,,,0.0123490956233843,1000000,0.0004858581857648,,seconds,87.45530843734741,87.36662574112415,megabytes,88270.0,88270.0,93.0,91.7945205479452,0.257232896,0.257232896,0.8265625,0.778169948630137,success,sgd,0.01,1000000,1e-06,0.002,0.9,0.0004858581857648,
1D-exponential-1024p,,,0.0077422513792407,680797,9.99997443618435e-07,,seconds,60.726452350616455,60.57998010702431,megabytes,88270.0,88270.0,92.0,91.32567049808428,0.25683968,0.25683968,0.81640625,0.7775233477011498,success,sgd,0.01,1000000,1e-06,0.002,0.9,9.99997443618435e-07,
1D-exponential-1024p,,,0.0069567001599103,428489,9.99980732239719e-07,,seconds,38.73198866844177,38.59950120188296,megabytes,88270.0,88270.0,91.0,89.36686390532545,0.170860544,0.170860544,0.8421875,0.7790218195266272,success,sgd,0.01,1000000,1e-06,0.002,0.9,9.99980732239719e-07,
1D-exponential-1024p,,,0.0205260336149816,1000000,0.0004561320483122,,seconds,90.92441606521606,90.86391758546232,megabytes,88270.0,88270.0,91.0,89.48148148148148,0.25782272,0.25782272,0.815625,0.7799685846560843,success,sgd,0.01,1000000,1e-06,0.002,0.9,0.0004561320483122,
1D-exponential-1024p,,,0.0211302032967071,1000000,0.0003718756702659,,seconds,90.84213972091676,90.64992125891148,megabytes,88270.0,88270.0,90.0,89.2860824742268,0.256847872,0.256847872,0.815625,0.776783988402063,success,sgd,0.01,1000000,1e-06,0.002,0.9,0.0003718756702659,
1D-exponential-1024p,,,0.0225216696376793,118294,9.999642236353963e-07,,seconds,10.842816591262816,10.75986834615469,megabytes,88270.0,88270.0,90.0,87.08695652173913,0.17072128,0.17072128,0.809375,0.7749490489130433,success,sgd,0.01,1000000,1e-06,0.002,0.9,9.999642236353963e-07,
1D-exponential-1024p,,,0.1210891012500508,1000000,0.000422747952617,,seconds,85.81365251541138,85.79843689128757,megabytes,88270.0,88270.0,94.0,93.47894736842105,0.256917504,0.256917504,0.8171875,0.7793297697368421,success,sgd,0.01,1000000,1e-06,0.002,0.9,0.000422747952617,
1D-exponential-1024p,,,0.1031617645387635,373288,9.999209369759665e-07,,seconds,33.67737936973572,33.5409711394459,megabytes,88270.0,88270.0,91.0,90.0952380952381,0.1709056,0.1709056,0.8171875,0.7774128401360543,success,sgd,0.01,1000000,1e-06,0.002,0.9,9.999209369759665e-07,
1D-exponential-1024p,,,0.0489547543135866,1000000,0.0003770387633251,,seconds,90.38804960250854,90.24841906316578,megabytes,88270.0,88270.0,91.0,90.04591836734694,0.257040384,0.257040384,0.81640625,0.7769312021683673,success,sgd,0.01,1000000,1e-06,0.002,0.9,0.0003770387633251,
1D-exponential-1024p,,,0.0328779000925411,351124,9.999529146532357e-07,,seconds,30.61845827102661,30.55444142408669,megabytes,88270.0,88270.0,93.0,91.74264705882354,0.170954752,0.170954752,0.8140625,0.7783547794117649,success,sgd,0.01,1000000,1e-06,0.002,0.9,9.999529146532357e-07,
1D-exponential-1024p,,,0.0886979220180808,1000000,0.0003412075268435,,seconds,90.10262942314148,90.0572453532368,megabytes,88270.0,88270.0,91.0,90.21447721179624,0.257040384,0.257040384,0.83046875,0.7792748827077753,success,sgd,0.01,1000000,1e-06,0.002,0.9,0.0003412075268435,
1D-exponential-1024p,,,0.0147198289264529,1000000,0.0003830744774018,,seconds,91.70799112319946,91.62570686452092,megabytes,88270.0,88270.0,93.0,88.7279792746114,0.258011136,0.258011136,0.82265625,0.7790378076424861,success,sgd,0.01,1000000,1e-06,0.002,0.9,0.0003830744774018,
1D-exponential-1024p,,,0.0582713266287223,333825,9.99994615668547e-07,,seconds,30.495925664901733,30.30818592943251,megabytes,88270.0,88270.0,89.0,88.23484848484848,0.171098112,0.171098112,0.81875,0.7755622632575762,success,sgd,0.01,1000000,1e-06,0.002,0.9,9.99994615668547e-07,
1D-exponential-1024p,,,0.0203725206615279,1000000,0.0004462838849035,,seconds,89.93248271942139,89.80643616616726,megabytes,88270.0,88270.0,91.0,90.31978319783198,0.256987136,0.256987136,0.81328125,0.7781122967479681,success,sgd,0.01,1000000,1e-06,0.002,0.9,0.0004462838849035,
1D-exponential-1024p,,,0.0150085280464004,320013,9.999858529837471e-07,,seconds,29.52254557609558,29.350024335086346,megabytes,88270.0,88270.0,90.0,88.11290322580645,0.17113088,0.17113088,0.81328125,0.7720514112903222,success,sgd,0.01,1000000,1e-06,0.002,0.9,9.999858529837471e-07,
1D-exponential-1024p,,,0.1028684994641767,272834,9.999169578572369e-07,,seconds,24.825470209121704,24.74074481613934,megabytes,88270.0,88270.0,90.0,88.67307692307692,0.171016192,0.171016192,0.81328125,0.775413161057692,success,sgd,0.01,1000000,1e-06,0.002,0.9,9.999169578572369e-07,
1D-exponential-1024p,,,0.0405848434746455,252823,9.99911579667112e-07,,seconds,22.81518292427063,22.6122806686908,megabytes,88270.0,88270.0,91.0,90.0,0.1713152,0.1713152,0.8109375,0.7726941747572816,success,sgd,0.01,1000000,1e-06,0.002,0.9,9.99911579667112e-07,
1D-exponential-1024p,,,0.0368414231291566,989249,9.99965816996367e-07,,seconds,89.90485048294067,89.85866355523467,megabytes,88270.0,88270.0,91.0,89.04736842105264,0.257036288,0.257036288,0.8265625,0.7793421052631578,success,sgd,0.01,1000000,1e-06,0.002,0.9,9.99965816996367e-07,
1D-exponential-1024p,,,0.0055936102435162,168958,9.998906357542049e-07,,seconds,15.651201963424684,15.482901826500893,megabytes,88270.0,88270.0,90.0,87.25757575757575,0.171024384,0.171024384,0.81640625,0.7700402462121214,success,sgd,0.01,1000000,1e-06,0.002,0.9,9.998906357542049e-07,
1D-exponential-1024p,,,0.0135409810665686,149563,9.998637360952623e-07,,seconds,13.354864358901978,13.34771322645247,megabytes,88270.0,88270.0,92.0,89.59649122807018,0.170975232,0.170975232,0.81484375,0.7788103070175437,success,sgd,0.01,1000000,1e-06,0.002,0.9,9.998637360952623e-07,
1D-exponential-1024p,,,0.0044422765073467,1000000,0.0002890087080919,,seconds,89.8722403049469,89.86129666492343,megabytes,88270.0,88270.0,90.0,89.38726790450929,0.25708544,0.25708544,0.82890625,0.7803174734748016,success,sgd,0.01,1000000,1e-06,0.002,0.9,0.0002890087080919,
1D-exponential-1024p,,,0.032481296519332,1000000,0.0004883093480183,,seconds,91.67945837974548,91.57415031641722,megabytes,88270.0,88270.0,91.0,88.4311224489796,0.257060864,0.257060864,0.81484375,0.7777861926020412,success,sgd,0.01,1000000,1e-06,0.002,0.9,0.0004883093480183,
1D-exponential-1024p,,,0.0164225570625387,475921,9.99951733789825e-07,,seconds,43.04389643669128,42.87213323637843,megabytes,88270.0,88270.0,91.0,89.9438202247191,0.171184128,0.171184128,0.81640625,0.7738017907303371,success,sgd,0.01,1000000,1e-06,0.002,0.9,9.99951733789825e-07,
1D-exponential-1024p,,,0.1342167216186812,1000000,0.0004366799534418,,seconds,90.80572843551636,90.65575371310116,megabytes,88270.0,88270.0,90.0,89.25198938992042,0.25714688,0.25714688,0.81796875,0.7789373342175072,success,sgd,0.01,1000000,1e-06,0.002,0.9,0.0004366799534418,
1D-exponential-2048p,,,0.1651289893845605,1000000,0.001364510922871,,seconds,187.6021168231964,187.4279560185969,megabytes,88270.0,88270.0,95.0,94.46467391304348,0.27121664,0.27121664,0.815625,0.7772227411684788,success,sgd,0.01,1000000,1e-06,0.002,0.9,0.001364510922871,
1D-exponential-2048p,,,0.0172375804188634,615439,9.999263570486954e-07,,seconds,114.78697633743286,114.59828501753508,megabytes,88270.0,88270.0,95.0,94.88793103448276,0.2586624,0.2586624,0.81328125,0.7781384698275862,success,sgd,0.01,1000000,1e-06,0.002,0.9,9.999263570486954e-07,
1D-exponential-2048p,,,0.0278897705208464,1000000,0.0016577074588053,,seconds,186.0501296520233,186.01062974333763,megabytes,88270.0,88270.0,95.0,94.8683510638298,0.259149824,0.259149824,0.84296875,0.7793197307180852,success,sgd,0.01,1000000,1e-06,0.002,0.9,0.0016577074588053,
1D-exponential-2048p,,,0.037486933668648,1000000,0.0017897674572606,,seconds,185.93829345703125,185.89134411513805,megabytes,88270.0,88270.0,95.0,94.89466666666668,0.259145728,0.259145728,0.8140625,0.7791697916666664,success,sgd,0.01,1000000,1e-06,0.002,0.9,0.0017897674572606,
1D-exponential-2048p,,,0.0309590875286651,824118,9.999852386119675e-07,,seconds,153.19619846343994,153.0047728922218,megabytes,88270.0,88270.0,96.0,95.01155115511553,0.259219456,0.259219456,0.8125,0.7781082405115514,success,sgd,0.01,1000000,1e-06,0.002,0.9,9.999852386119675e-07,
1D-exponential-2048p,,,0.1049551842296627,1000000,0.0013927245412489,,seconds,186.7822372913361,186.74793143570423,megabytes,88270.0,88270.0,96.0,94.9669312169312,0.259301376,0.259301376,0.82734375,0.7800770916005282,success,sgd,0.01,1000000,1e-06,0.002,0.9,0.0013927245412489,
1D-exponential-2048p,,,0.0125663408667266,1000000,0.0015896336704994,,seconds,186.39686846733093,186.24506610631943,megabytes,88270.0,88270.0,96.0,94.8629579375848,0.259231744,0.259231744,0.81953125,0.778747243894165,success,sgd,0.01,1000000,1e-06,0.002,0.9,0.0015896336704994,
1D-exponential-2048p,,,0.0099472149718818,1000000,0.0017376462774727,,seconds,186.32603240013125,186.2606867235154,megabytes,88270.0,88270.0,95.0,94.92276422764228,0.259289088,0.259289088,0.815625,0.7798579352981033,success,sgd,0.01,1000000,1e-06,0.002,0.9,0.0017376462774727,
1D-exponential-2048p,,,0.0084293432325104,1000000,0.0016654933968593,,seconds,185.693234205246,185.6148222237825,megabytes,88270.0,88270.0,96.0,95.05291723202173,0.259248128,0.259248128,0.834375,0.779520013568522,success,sgd,0.01,1000000,1e-06,0.002,0.9,0.0016654933968593,
1D-exponential-2048p,,,0.0212843507571567,1000000,0.001471592314965,,seconds,186.7776265144348,186.59667738340795,megabytes,88270.0,88270.0,96.0,95.43523316062176,0.259293184,0.259293184,0.82421875,0.7798089378238331,success,sgd,0.01,1000000,1e-06,0.002,0.9,0.001471592314965,
1D-exponential-2048p,,,0.0226126289301851,1000000,0.00140758442935,,seconds,186.42654514312744,186.31314825825396,megabytes,88270.0,88270.0,96.0,94.95912806539508,0.259203072,0.259203072,0.82109375,0.7787178559264314,success,sgd,0.01,1000000,1e-06,0.002,0.9,0.00140758442935,
1D-exponential-2048p,,,0.0225221870523205,415380,9.99992936875044e-07,,seconds,77.55646443367004,77.35636316426098,megabytes,88270.0,88270.0,96.0,94.59934853420197,0.258473984,0.258473984,0.81015625,0.7766261197068398,success,sgd,0.01,1000000,1e-06,0.002,0.9,9.99992936875044e-07,
1D-exponential-2048p,,,0.1175185436574205,1000000,0.0013298196032822,,seconds,185.57897114753723,185.42014463804665,megabytes,88270.0,88270.0,96.0,95.36245110821382,0.260120576,0.260120576,0.8171875,0.7785599331812256,success,sgd,0.01,1000000,1e-06,0.002,0.9,0.0013298196032822,
1D-exponential-2048p,,,0.1024258002081409,1000000,0.0013202396401722,,seconds,186.4753074645996,186.32531894370916,megabytes,88270.0,88270.0,96.0,95.35496183206106,0.260120576,0.260120576,0.815625,0.7789360687022886,success,sgd,0.01,1000000,1e-06,0.002,0.9,0.0013202396401722,
1D-exponential-2048p,,,0.0498569610013351,1000000,0.0012938243085078,,seconds,186.49653720855716,186.3001022655517,megabytes,88270.0,88270.0,95.0,94.8359375,0.259784704,0.259784704,0.8203125,0.7785502115885419,success,sgd,0.01,1000000,1e-06,0.002,0.9,0.0012938243085078,
1D-exponential-2048p,,,0.0344403208707128,1000000,0.0012888666752209,,seconds,186.11219787597656,185.99168519116935,megabytes,88270.0,88270.0,96.0,95.08233731739708,0.259301376,0.259301376,0.81953125,0.7795505478087663,success,sgd,0.01,1000000,1e-06,0.002,0.9,0.0012888666752209,
1D-exponential-2048p,,,0.0904194632576877,1000000,0.0012555035494947,,seconds,185.2778160572052,185.08428813889623,megabytes,88270.0,88270.0,96.0,95.22429906542057,0.259497984,0.259497984,0.83046875,0.7791889185580777,success,sgd,0.01,1000000,1e-06,0.002,0.9,0.0012555035494947,
1D-exponential-2048p,,,0.0144773850922665,1000000,0.0017427298905598,,seconds,186.28168368339536,186.15266696177423,megabytes,88270.0,88270.0,96.0,94.8765100671141,0.259342336,0.259342336,0.825,0.7786335989932889,success,sgd,0.01,1000000,1e-06,0.002,0.9,0.0017427298905598,
1D-exponential-2048p,,,0.0571559396824671,1000000,8.757704343909934e-05,,seconds,185.65061211586,185.633725181222,megabytes,88270.0,88270.0,95.0,94.82525951557092,0.42930176,0.42930176,0.81875,0.7805647166955014,success,sgd,0.01,1000000,1e-06,0.002,0.9,8.757704343909934e-05,
1D-exponential-2048p,,,0.0197196626206425,1000000,0.0013265260351867,,seconds,185.68998789787287,185.50432252138853,megabytes,88270.0,88270.0,95.0,94.85281385281384,0.428376064,0.428376064,0.81328125,0.777296401515151,success,sgd,0.01,1000000,1e-06,0.002,0.9,0.0013265260351867,
1D-exponential-2048p,,,0.0158437348358893,1000000,0.001263462750473,,seconds,185.33428978919983,185.27099926397204,megabytes,88270.0,88270.0,96.0,95.006237006237,0.428363776,0.428363776,0.81953125,0.7784693347193349,success,sgd,0.01,1000000,1e-06,0.002,0.9,0.001263462750473,
1D-exponential-2048p,,,0.1035332150214992,1000000,2.8983153111911117e-05,,seconds,186.1585643291473,186.3348836787045,megabytes,88270.0,88270.0,95.0,94.98886414253896,0.428613632,0.428613632,0.83359375,0.7783825167037862,success,sgd,0.01,1000000,1e-06,0.002,0.9,2.8983153111911117e-05,
1D-exponential-2048p,,,0.0405855957664554,951173,9.999447433522725e-07,,seconds,177.08946704864502,176.88054038584232,megabytes,88270.0,88270.0,95.0,94.85049019607844,0.428249088,0.428249088,0.8140625,0.7768516390931375,success,sgd,0.01,1000000,1e-06,0.002,0.9,9.999447433522725e-07,
1D-exponential-2048p,,,0.0394404649408018,1000000,0.0014712771305596,,seconds,186.2664864063263,186.14802506566048,megabytes,88270.0,88270.0,95.0,94.91255605381166,0.428056576,0.428056576,0.81796875,0.7784157791479824,success,sgd,0.01,1000000,1e-06,0.002,0.9,0.0014712771305596,
1D-exponential-2048p,,,0.005647976923708,589300,9.99957659370554e-07,,seconds,109.42040157318117,109.29876342602074,megabytes,88270.0,88270.0,95.0,94.97697368421052,0.428081152,0.428081152,0.8125,0.7789113898026314,success,sgd,0.01,1000000,1e-06,0.002,0.9,9.99957659370554e-07,
1D-exponential-2048p,,,0.0135379004323924,528893,9.999239515289737e-07,,seconds,98.51975679397584,98.42246080935,megabytes,88270.0,88270.0,95.0,94.95652173913044,0.428040192,0.428040192,0.8171875,0.7767900815217386,success,sgd,0.01,1000000,1e-06,0.002,0.9,9.999239515289737e-07,
1D-exponential-2048p,,,0.0047769436476158,1000000,0.0012962834491931,,seconds,186.1881535053253,185.99151646904647,megabytes,88270.0,88270.0,95.0,94.890756302521,0.428060672,0.428060672,0.815625,0.7775341386554624,success,sgd,0.01,1000000,1e-06,0.002,0.9,0.0012962834491931,
1D-exponential-2048p,,,0.0353849031860051,1000000,0.0017239368078492,,seconds,185.94159770011905,186.0473962482065,megabytes,88270.0,88270.0,95.0,94.99757869249396,0.428077056,0.428077056,0.81171875,0.7794245611380152,success,sgd,0.01,1000000,1e-06,0.002,0.9,0.0017239368078492,
1D-exponential-2048p,,,0.0198887233972092,1000000,0.0017578692922211,,seconds,185.81534266471863,185.7974824272096,megabytes,88270.0,88270.0,95.0,94.99436090225564,0.4281344,0.4281344,0.8171875,0.7794216987781959,success,sgd,0.01,1000000,1e-06,0.002,0.9,0.0017578692922211,
1D-exponential-2048p,,,0.134996884912457,1000000,0.0015021545104443,,seconds,186.55304384231567,186.4372450653464,megabytes,88270.0,88270.0,95.0,94.90725806451611,0.428580864,0.428580864,0.81328125,0.778783392137097,success,sgd,0.01,1000000,1e-06,0.002,0.9,0.0015021545104443,
