dataset,mu_size,nu_size,cost,iterations,error,cost_rerr,time_unit,time,time_counter,gpu_mem_unit,peak_gpu_mem,combined_peak_gpu_ram,peak_gpu_util_pct,mean_gpu_util_pct,peak_ram_MiB,combined_peak_ram_MiB,max_cpu_util_pct,mean_cpu_util_pct,status,name,reg,maxiter,tol,learning_rate,momentum,residual_l2,exception
1D-exp-vs-gaussian-32p,32,32,0.0566921510874755,1000000,7.790650956198743e-06,,seconds,41.45993232727051,41.281485222280025,megabytes,548.0,548.0,83.0,76.72067039106145,0.115884032,0.115884032,0.8140625,0.7775488826815636,success,sgd,0.001,1000000,1e-06,0.002,0.9,7.790650956198743e-06,
1D-exp-vs-gaussian-32p,32,32,0.0528023199415524,1000000,5.380945612157638e-06,,seconds,42.63711452484131,42.53529746085405,megabytes,548.0,548.0,79.0,74.50246305418719,0.115683328,0.115683328,0.82421875,0.7774438115763542,success,sgd,0.001,1000000,1e-06,0.002,0.9,5.380945612157638e-06,
1D-exp-vs-gaussian-32p,32,32,0.619245421203668,1000000,3.79068222467216e-05,,seconds,43.05203866958618,43.0067335665226,megabytes,548.0,548.0,81.0,73.91866028708134,0.115593216,0.115593216,0.82421875,0.7777511961722491,success,sgd,0.001,1000000,1e-06,0.002,0.9,3.79068222467216e-05,
1D-exp-vs-gaussian-32p,32,32,0.1983261560584977,214734,9.999919210142875e-07,,seconds,8.7260262966156,8.709099970757961,megabytes,548.0,548.0,79.0,77.17948717948718,0.04605952,0.04605952,0.81328125,0.7730168269230768,success,sgd,0.001,1000000,1e-06,0.002,0.9,9.999919210142875e-07,
1D-exp-vs-gaussian-32p,32,32,0.5064602710198095,1000000,3.037527277978956e-05,,seconds,42.33277320861816,42.182151440531015,megabytes,548.0,548.0,84.0,75.48469387755102,0.115634176,0.115634176,0.815625,0.7780771683673469,success,sgd,0.001,1000000,1e-06,0.002,0.9,3.037527277978956e-05,
1D-exp-vs-gaussian-32p,32,32,0.319919198046282,1000000,7.299616390287197e-06,,seconds,42.650694608688354,42.54935308173299,megabytes,548.0,548.0,79.0,74.5960591133005,0.11563008,0.11563008,0.81875,0.7757812499999993,success,sgd,0.001,1000000,1e-06,0.002,0.9,7.299616390287197e-06,
1D-exp-vs-gaussian-32p,32,32,0.3536750469351237,1000000,1.2880858630072462e-05,,seconds,42.75105571746826,42.57843881472945,megabytes,548.0,548.0,78.0,74.74626865671642,0.115761152,0.115761152,0.82265625,0.7775691853233831,success,sgd,0.001,1000000,1e-06,0.002,0.9,1.2880858630072462e-05,
1D-exp-vs-gaussian-32p,32,32,0.0149076496869065,1000000,4.677948664529939e-06,,seconds,40.32123160362244,40.24898153543472,megabytes,548.0,548.0,83.0,78.08196721311475,0.11575296,0.11575296,0.82265625,0.779410006830601,success,sgd,0.001,1000000,1e-06,0.002,0.9,4.677948664529939e-06,
1D-exp-vs-gaussian-32p,32,32,0.9213572942434622,1000000,2.8917878826042678e-05,,seconds,41.91235828399658,41.800855442881584,megabytes,548.0,548.0,83.0,75.93582887700535,0.115740672,0.115740672,0.82109375,0.7768215240641714,success,sgd,0.001,1000000,1e-06,0.002,0.9,2.8917878826042678e-05,
1D-exp-vs-gaussian-32p,32,32,0.0534739558993914,112882,9.99993958503783e-07,,seconds,4.495846748352051,4.472840148955584,megabytes,548.0,548.0,80.0,76.95,0.04595712,0.04595712,0.80703125,0.7761718750000001,success,sgd,0.001,1000000,1e-06,0.002,0.9,9.99993958503783e-07,
1D-exp-vs-gaussian-32p,32,32,0.0859775738714172,1000000,1.066156785498868e-05,,seconds,42.08009219169617,41.91075608879328,megabytes,548.0,548.0,79.0,75.84126984126983,0.115765248,0.115765248,0.82109375,0.7766286375661379,success,sgd,0.001,1000000,1e-06,0.002,0.9,1.066156785498868e-05,
1D-exp-vs-gaussian-32p,32,32,0.2197166281652471,1000000,1.0175312548120042e-05,,seconds,40.44211792945862,40.323554422706366,megabytes,548.0,548.0,83.0,77.70899470899471,0.115666944,0.115666944,0.82265625,0.7763062169312168,success,sgd,0.001,1000000,1e-06,0.002,0.9,1.0175312548120042e-05,
1D-exp-vs-gaussian-32p,32,32,0.0046167358433883,1000000,0.1746514086142147,,seconds,40.795745849609375,40.64763244986534,megabytes,548.0,548.0,81.0,77.88764044943821,0.115683328,0.115683328,0.81953125,0.7779845505617984,success,sgd,0.001,1000000,1e-06,0.002,0.9,0.1746514086142147,
1D-exp-vs-gaussian-32p,32,32,0.2109410746627895,1000000,1.755261426994758e-05,,seconds,41.823670864105225,41.66606839746237,megabytes,548.0,548.0,82.0,75.48453608247422,0.115748864,0.115748864,0.8234375,0.7772229381443301,success,sgd,0.001,1000000,1e-06,0.002,0.9,1.755261426994758e-05,
1D-exp-vs-gaussian-32p,32,32,0.0282889370869519,1000000,7.737708302311879e-06,,seconds,41.50942397117615,41.45849402621389,megabytes,548.0,548.0,78.0,76.1421052631579,0.115843072,0.115843072,0.81796875,0.7786143092105263,success,sgd,0.001,1000000,1e-06,0.002,0.9,7.737708302311879e-06,
1D-exp-vs-gaussian-32p,32,32,0.4416569792521914,1000000,2.1168829417162384e-05,,seconds,40.84309244155884,40.84662539511919,megabytes,548.0,548.0,80.0,77.24309392265194,0.115806208,0.115806208,0.846875,0.7784875690607738,success,sgd,0.001,1000000,1e-06,0.002,0.9,2.1168829417162384e-05,
1D-exp-vs-gaussian-32p,32,32,0.2532414185978587,1000000,9.711362503955162e-06,,seconds,42.10294270515442,42.06167425215244,megabytes,548.0,548.0,78.0,75.50515463917526,0.115847168,0.115847168,0.8375,0.7799492590206187,success,sgd,0.001,1000000,1e-06,0.002,0.9,9.711362503955162e-06,
1D-exp-vs-gaussian-32p,32,32,0.0570301791181783,1000000,1.209594527398561e-05,,seconds,41.72145199775696,41.58051139861345,megabytes,548.0,548.0,80.0,75.9746192893401,0.115789824,0.115789824,0.82421875,0.7763324873096445,success,sgd,0.001,1000000,1e-06,0.002,0.9,1.209594527398561e-05,
1D-exp-vs-gaussian-32p,32,32,0.7717974231283152,1000000,8.48983519550311e-06,,seconds,42.530096769332886,42.3795214407146,megabytes,548.0,548.0,78.0,74.58415841584159,0.115810304,0.115810304,0.82890625,0.7755491955445543,success,sgd,0.001,1000000,1e-06,0.002,0.9,8.48983519550311e-06,
1D-exp-vs-gaussian-32p,32,32,0.2718413346061384,1000000,0.6870382815439912,,seconds,42.06799936294556,41.93821555003524,megabytes,548.0,548.0,82.0,75.54040404040404,0.115757056,0.115757056,0.81484375,0.7756313131313132,success,sgd,0.001,1000000,1e-06,0.002,0.9,0.6870382815439912,
1D-exp-vs-gaussian-32p,32,32,0.883129746844199,1000000,2.3943748322677076e-05,,seconds,42.5138680934906,42.44068564474583,megabytes,548.0,548.0,78.0,74.70243902439024,0.11577344,0.11577344,0.8421875,0.7771760670731712,success,sgd,0.001,1000000,1e-06,0.002,0.9,2.3943748322677076e-05,
1D-exp-vs-gaussian-32p,32,32,0.6249371687430789,1000000,1.770340165921108e-05,,seconds,41.27554416656494,41.12476648017764,megabytes,548.0,548.0,81.0,76.665,0.115802112,0.115802112,0.82109375,0.7752148437500002,success,sgd,0.001,1000000,1e-06,0.002,0.9,1.770340165921108e-05,
1D-exp-vs-gaussian-32p,32,32,0.7841796546148548,1000000,2.1000303992787373e-05,,seconds,42.55634808540344,42.51216256245971,megabytes,548.0,548.0,83.0,74.8755980861244,0.115830784,0.115830784,0.82421875,0.7807677930622005,success,sgd,0.001,1000000,1e-06,0.002,0.9,2.1000303992787373e-05,
1D-exp-vs-gaussian-32p,32,32,0.1736453688688995,1000000,2.19261583410559e-05,,seconds,42.190868616104126,42.04815478250384,megabytes,548.0,548.0,79.0,75.64467005076142,0.115826688,0.115826688,0.81953125,0.775535374365482,success,sgd,0.001,1000000,1e-06,0.002,0.9,2.19261583410559e-05,
1D-exp-vs-gaussian-32p,32,32,0.0082850997247402,1000000,1.0832210450940455e-06,,seconds,40.92531180381775,40.81041846424341,megabytes,548.0,548.0,79.0,77.44973544973546,0.115826688,0.115826688,0.83828125,0.7806878306878307,success,sgd,0.001,1000000,1e-06,0.002,0.9,1.0832210450940455e-06,
1D-exp-vs-gaussian-32p,32,32,0.066520632074663,1000000,4.059993663441728e-06,,seconds,40.93129777908325,40.827192194759846,megabytes,548.0,548.0,79.0,76.94871794871794,0.11583488,0.11583488,0.82421875,0.7772916666666667,success,sgd,0.001,1000000,1e-06,0.002,0.9,4.059993663441728e-06,
1D-exp-vs-gaussian-32p,32,32,0.7525294709194139,1000000,0.2268496719060279,,seconds,42.436182498931885,42.248104479163885,megabytes,548.0,548.0,78.0,75.25247524752476,0.116023296,0.116023296,0.82265625,0.7757077660891089,success,sgd,0.001,1000000,1e-06,0.002,0.9,0.2268496719060279,
1D-exp-vs-gaussian-32p,32,32,0.0143004991256141,1000000,3.564073725104944e-06,,seconds,42.33056235313416,42.154174730181694,megabytes,548.0,548.0,78.0,75.45049504950495,0.115929088,0.115929088,0.8203125,0.7749767945544552,success,sgd,0.001,1000000,1e-06,0.002,0.9,3.564073725104944e-06,
1D-exp-vs-gaussian-32p,32,32,0.1171427713814769,1000000,2.084225564020753e-05,,seconds,40.64631009101868,40.47033222019672,megabytes,548.0,548.0,80.0,77.28497409326425,0.116047872,0.116047872,0.8203125,0.7757164831606216,success,sgd,0.001,1000000,1e-06,0.002,0.9,2.084225564020753e-05,
1D-exp-vs-gaussian-32p,32,32,0.0092770168436683,1000000,2.2482739445489875e-06,,seconds,41.99724221229553,41.92413626611233,megabytes,548.0,548.0,80.0,75.58247422680412,0.115994624,0.115994624,0.8140625,0.7784874355670102,success,sgd,0.001,1000000,1e-06,0.002,0.9,2.2482739445489875e-06,
1D-exp-vs-gaussian-32p,32,32,0.0095998173187396,1000000,0.6396152479357539,,seconds,42.12728929519653,42.00301596149802,megabytes,548.0,548.0,79.0,75.23469387755102,0.287268864,0.287268864,0.825,0.7773078762755101,success,sgd,0.001,1000000,1e-06,0.002,0.9,0.6396152479357539,
1D-exp-vs-gaussian-64p,64,64,0.0457491241295025,1000000,7.273505675987277e-06,,seconds,44.35604810714722,44.3190612308681,megabytes,548.0,548.0,81.0,80.33953488372093,0.110329856,0.110329856,0.82109375,0.7784738372093029,success,sgd,0.001,1000000,1e-06,0.002,0.9,7.273505675987277e-06,
1D-exp-vs-gaussian-64p,64,64,0.0519544562827328,1000000,6.40085747861393e-06,,seconds,44.65971636772156,44.52310364320874,megabytes,548.0,548.0,81.0,80.0,0.1101824,0.1101824,0.81796875,0.7773899322660102,success,sgd,0.001,1000000,1e-06,0.002,0.9,6.40085747861393e-06,
1D-exp-vs-gaussian-64p,64,64,0.5697817971763884,1000000,3.730353094155807e-05,,seconds,44.3089075088501,44.294240333139896,megabytes,548.0,548.0,82.0,80.7548076923077,0.109694976,0.109694976,0.82265625,0.777009465144231,success,sgd,0.001,1000000,1e-06,0.002,0.9,3.730353094155807e-05,
1D-exp-vs-gaussian-64p,64,64,0.1727516822447374,452562,9.999963192650915e-07,,seconds,20.18903946876526,20.06483155861497,megabytes,548.0,548.0,82.0,80.42553191489361,0.109645824,0.109645824,0.81484375,0.7758477393617019,success,sgd,0.001,1000000,1e-06,0.002,0.9,9.999963192650915e-07,
1D-exp-vs-gaussian-64p,64,64,0.4637344377941902,1000000,3.0161379291800656e-05,,seconds,44.56677508354187,44.39889145642519,megabytes,548.0,548.0,82.0,80.57476635514018,0.109789184,0.109789184,0.82265625,0.7762412383177568,success,sgd,0.001,1000000,1e-06,0.002,0.9,3.0161379291800656e-05,
1D-exp-vs-gaussian-64p,64,64,0.3520196687491209,1000000,2.867126944665909e-05,,seconds,44.43640112876892,44.28893029689789,megabytes,548.0,548.0,81.0,80.12037037037037,0.10973184,0.10973184,0.81796875,0.7757631655092591,success,sgd,0.001,1000000,1e-06,0.002,0.9,2.867126944665909e-05,
1D-exp-vs-gaussian-64p,64,64,0.3871678826353943,1000000,1.492500896412703e-05,,seconds,44.80480766296387,44.69986227527261,megabytes,548.0,548.0,82.0,79.76616915422886,0.10973184,0.10973184,0.81640625,0.7794465174129351,success,sgd,0.001,1000000,1e-06,0.002,0.9,1.492500896412703e-05,
1D-exp-vs-gaussian-64p,64,64,0.017516680703465,1000000,3.9302322195253385e-06,,seconds,44.42923402786255,44.36168351769447,megabytes,548.0,548.0,81.0,80.17209302325581,0.109740032,0.109740032,0.82109375,0.7772674418604653,success,sgd,0.001,1000000,1e-06,0.002,0.9,3.9302322195253385e-06,
1D-exp-vs-gaussian-64p,64,64,0.8672156084324405,1000000,3.099825671472546e-05,,seconds,44.6919686794281,44.6225341707468,megabytes,548.0,548.0,82.0,80.26442307692308,0.10973184,0.10973184,0.82578125,0.7792480468749997,success,sgd,0.001,1000000,1e-06,0.002,0.9,3.099825671472546e-05,
1D-exp-vs-gaussian-64p,64,64,0.0534521450694005,250302,9.999948003342336e-07,,seconds,11.167004823684692,11.084580551832914,megabytes,548.0,548.0,81.0,78.78181818181818,0.109543424,0.109543424,0.82265625,0.7761363636363637,success,sgd,0.001,1000000,1e-06,0.002,0.9,9.999948003342336e-07,
1D-exp-vs-gaussian-64p,64,64,0.085010052778164,1000000,1.212632957831838e-05,,seconds,44.77318286895752,44.62942163273692,megabytes,548.0,548.0,81.0,79.53846153846153,0.10975232,0.10975232,0.8203125,0.7778846153846148,success,sgd,0.001,1000000,1e-06,0.002,0.9,1.212632957831838e-05,
1D-exp-vs-gaussian-64p,64,64,0.2186453052809499,1000000,2.422425174001857e-05,,seconds,44.52692604064941,44.519080597907305,megabytes,548.0,548.0,81.0,79.85507246376811,0.109748224,0.109748224,0.8171875,0.7785288345410623,success,sgd,0.001,1000000,1e-06,0.002,0.9,2.422425174001857e-05,
1D-exp-vs-gaussian-64p,64,64,0.0025084911373064,1000000,1.0667525840944951e-05,,seconds,44.80943298339844,44.62043918296695,megabytes,548.0,548.0,82.0,79.98058252427184,0.109920256,0.109920256,0.815625,0.7758495145631065,success,sgd,0.001,1000000,1e-06,0.002,0.9,1.0667525840944951e-05,
1D-exp-vs-gaussian-64p,64,64,0.2367363058421993,1000000,1.9095711042623725e-05,,seconds,44.50740504264832,44.492395270615816,megabytes,548.0,548.0,82.0,80.35377358490567,0.109776896,0.109776896,0.821875,0.7800228478773594,success,sgd,0.001,1000000,1e-06,0.002,0.9,1.9095711042623725e-05,
1D-exp-vs-gaussian-64p,64,64,0.0275130417306498,1000000,7.271265234587866e-06,,seconds,44.76177620887756,44.67027949541807,megabytes,548.0,548.0,82.0,79.7864077669903,0.109797376,0.109797376,0.8171875,0.7769493325242718,success,sgd,0.001,1000000,1e-06,0.002,0.9,7.271265234587866e-06,
1D-exp-vs-gaussian-64p,64,64,0.4394808919967123,1000000,2.462413563102573e-05,,seconds,44.58773708343506,44.534100394696,megabytes,548.0,548.0,81.0,79.81428571428572,0.109830144,0.109830144,0.815625,0.7787202380952377,success,sgd,0.001,1000000,1e-06,0.002,0.9,2.462413563102573e-05,
1D-exp-vs-gaussian-64p,64,64,0.2513714413634125,1000000,9.581315591892402e-06,,seconds,44.414852142333984,44.331763342022896,megabytes,548.0,548.0,82.0,80.85116279069767,0.109801472,0.109801472,0.82578125,0.7809992732558138,success,sgd,0.001,1000000,1e-06,0.002,0.9,9.581315591892402e-06,
1D-exp-vs-gaussian-64p,64,64,0.0443301648846542,1000000,1.2792042573837365e-05,,seconds,44.38329291343689,44.35283940285444,megabytes,548.0,548.0,82.0,80.7867298578199,0.10985472,0.10985472,0.81328125,0.7779620853080569,success,sgd,0.001,1000000,1e-06,0.002,0.9,1.2792042573837365e-05,
1D-exp-vs-gaussian-64p,64,64,0.7690961458798996,1000000,3.274288587969267e-05,,seconds,44.6742000579834,44.593265525996685,megabytes,548.0,548.0,82.0,80.68571428571428,0.109862912,0.109862912,0.82109375,0.7783296130952387,success,sgd,0.001,1000000,1e-06,0.002,0.9,3.274288587969267e-05,
1D-exp-vs-gaussian-64p,64,64,0.570837278647785,1000000,5.302901254350953e-05,,seconds,44.62498188018799,44.59568133577704,megabytes,548.0,548.0,82.0,80.35545023696683,0.109903872,0.109903872,0.8140625,0.7798281990521331,success,sgd,0.001,1000000,1e-06,0.002,0.9,5.302901254350953e-05,
1D-exp-vs-gaussian-64p,64,64,0.8808851309255602,1000000,5.7263233233515946e-05,,seconds,44.74145746231079,44.59097643196583,megabytes,548.0,548.0,82.0,80.45971563981043,0.109912064,0.109912064,0.82109375,0.7775436907582938,success,sgd,0.001,1000000,1e-06,0.002,0.9,5.7263233233515946e-05,
1D-exp-vs-gaussian-64p,64,64,0.6228001047355541,1000000,1.6867258018967486e-05,,seconds,44.50914216041565,44.34854643419385,megabytes,548.0,548.0,82.0,80.44954128440367,0.109989888,0.109989888,0.821875,0.7763367259174311,success,sgd,0.001,1000000,1e-06,0.002,0.9,1.6867258018967486e-05,
1D-exp-vs-gaussian-64p,64,64,0.7334881210012936,1000000,2.3303796218018028e-05,,seconds,44.7424533367157,44.65356951579452,megabytes,548.0,548.0,82.0,80.15533980582525,0.1099776,0.1099776,0.821875,0.7775599211165047,success,sgd,0.001,1000000,1e-06,0.002,0.9,2.3303796218018028e-05,
1D-exp-vs-gaussian-64p,64,64,0.1717622043065268,1000000,2.2485623871824277e-05,,seconds,44.39039611816406,44.31999430805445,megabytes,548.0,548.0,82.0,80.77102803738318,0.1099776,0.1099776,0.81953125,0.7782016647196262,success,sgd,0.001,1000000,1e-06,0.002,0.9,2.2485623871824277e-05,
1D-exp-vs-gaussian-64p,64,64,0.0077383483429428,1000000,4.848745928672812e-06,,seconds,44.786255836486816,44.60846753790975,megabytes,548.0,548.0,82.0,80.45933014354067,0.110153728,0.110153728,0.81484375,0.7756466806220097,success,sgd,0.001,1000000,1e-06,0.002,0.9,4.848745928672812e-06,
1D-exp-vs-gaussian-64p,64,64,0.0657053173022273,1000000,5.262429631871176e-06,,seconds,44.67481207847595,44.57101383060217,megabytes,548.0,548.0,82.0,79.70531400966183,0.110030848,0.110030848,0.8171875,0.7759133454106277,success,sgd,0.001,1000000,1e-06,0.002,0.9,5.262429631871176e-06,
1D-exp-vs-gaussian-64p,64,64,0.6490074254774523,1000000,2.4590999900394667e-05,,seconds,44.63534092903137,44.59886051341891,megabytes,548.0,548.0,82.0,80.09756097560975,0.110055424,0.110055424,0.82421875,0.7774771341463413,success,sgd,0.001,1000000,1e-06,0.002,0.9,2.4590999900394667e-05,
1D-exp-vs-gaussian-64p,64,64,0.013710776899628,1000000,3.098285160289231e-06,,seconds,44.847201347351074,44.67215768620372,megabytes,548.0,548.0,82.0,80.24170616113744,0.110145536,0.110145536,0.8203125,0.7765699052132702,success,sgd,0.001,1000000,1e-06,0.002,0.9,3.098285160289231e-06,
1D-exp-vs-gaussian-64p,64,64,0.1352306619592938,1000000,2.0955048024853746e-05,,seconds,44.34009051322937,44.30982448905706,megabytes,548.0,548.0,82.0,80.90454545454546,0.110030848,0.110030848,0.83515625,0.7781356534090905,success,sgd,0.001,1000000,1e-06,0.002,0.9,2.0955048024853746e-05,
1D-exp-vs-gaussian-64p,64,64,0.0091013757406827,1000000,1.915687503402682e-06,,seconds,45.01965403556824,44.86797861754894,megabytes,548.0,548.0,81.0,79.765,0.110010368,0.110010368,0.81328125,0.7755234375,success,sgd,0.001,1000000,1e-06,0.002,0.9,1.915687503402682e-06,
1D-exp-vs-gaussian-64p,64,64,0.0093592872541746,1000000,1.0887350441319809e-05,,seconds,44.85711908340454,44.80677917972207,megabytes,548.0,548.0,82.0,79.88613861386139,0.110030848,0.110030848,0.8234375,0.7764387376237621,success,sgd,0.001,1000000,1e-06,0.002,0.9,1.0887350441319809e-05,
1D-exp-vs-gaussian-128p,128,128,0.0505842467699707,1000000,1.059913490734291e-05,,seconds,50.484121561050415,50.28966638445854,megabytes,548.0,548.0,85.0,80.0349344978166,0.110354432,0.110354432,0.8234375,0.7737377183406116,success,sgd,0.001,1000000,1e-06,0.002,0.9,1.059913490734291e-05,
1D-exp-vs-gaussian-128p,128,128,0.051819146410583,1000000,1.7353053050019514e-05,,seconds,50.47305059432984,50.42336244881153,megabytes,548.0,548.0,84.0,79.48510638297873,0.109920256,0.109920256,0.815625,0.7766422872340424,success,sgd,0.001,1000000,1e-06,0.002,0.9,1.7353053050019514e-05,
1D-exp-vs-gaussian-128p,128,128,0.5690112891956403,1000000,5.4355978732656536e-05,,seconds,50.7210750579834,50.69363912567496,megabytes,548.0,548.0,86.0,79.57613168724279,0.287551488,0.287551488,0.8421875,0.7791184413580249,success,sgd,0.001,1000000,1e-06,0.002,0.9,5.4355978732656536e-05,
1D-exp-vs-gaussian-128p,128,128,0.1861264758797973,1000000,1.1242038861405605e-05,,seconds,50.39988660812378,50.25864711776376,megabytes,548.0,548.0,85.0,79.30962343096235,0.287535104,0.287535104,0.83515625,0.7750032688284522,success,sgd,0.001,1000000,1e-06,0.002,0.9,1.1242038861405605e-05,
1D-exp-vs-gaussian-128p,128,128,0.4830930594516601,1000000,4.441391744736555e-05,,seconds,50.90687394142151,50.71430180966854,megabytes,548.0,548.0,86.0,79.27235772357723,0.287698944,0.287698944,0.81953125,0.7742282774390241,success,sgd,0.001,1000000,1e-06,0.002,0.9,4.441391744736555e-05,
1D-exp-vs-gaussian-128p,128,128,0.3514902535677366,1000000,4.231082750212312e-05,,seconds,50.12884545326233,49.96214795857668,megabytes,548.0,548.0,86.0,80.15948275862068,0.287735808,0.287735808,0.846875,0.777027209051724,success,sgd,0.001,1000000,1e-06,0.002,0.9,4.231082750212312e-05,
1D-exp-vs-gaussian-128p,128,128,0.3866877551798383,1000000,3.776669436461544e-05,,seconds,50.383081674575806,50.24471769481897,megabytes,548.0,548.0,84.0,80.02118644067797,0.287535104,0.287535104,0.81875,0.7774827860169498,success,sgd,0.001,1000000,1e-06,0.002,0.9,3.776669436461544e-05,
1D-exp-vs-gaussian-128p,128,128,0.017455247651804,1000000,1.0400482913540594e-05,,seconds,50.61672639846802,50.49915465712547,megabytes,548.0,548.0,86.0,79.06611570247934,0.28755968,0.28755968,0.825,0.7786802685950409,success,sgd,0.001,1000000,1e-06,0.002,0.9,1.0400482913540594e-05,
1D-exp-vs-gaussian-128p,128,128,0.866721205287485,1000000,7.639009290171679e-05,,seconds,50.22364091873169,50.10877100005746,megabytes,548.0,548.0,86.0,79.77731092436974,0.287555584,0.287555584,0.82109375,0.777248555672269,success,sgd,0.001,1000000,1e-06,0.002,0.9,7.639009290171679e-05,
1D-exp-vs-gaussian-128p,128,128,0.0474276099761478,727388,9.9997950607384e-07,,seconds,36.84629988670349,36.74761102721095,megabytes,548.0,548.0,85.0,79.5284090909091,0.287461376,0.287461376,0.85,0.779776278409091,success,sgd,0.001,1000000,1e-06,0.002,0.9,9.9997950607384e-07,
1D-exp-vs-gaussian-128p,128,128,0.0780764723205028,1000000,1.6990936436945458e-05,,seconds,49.16802620887756,49.00529458001256,megabytes,548.0,548.0,84.0,80.9656652360515,0.287551488,0.287551488,0.8203125,0.7763646727467813,success,sgd,0.001,1000000,1e-06,0.002,0.9,1.6990936436945458e-05,
1D-exp-vs-gaussian-128p,128,128,0.2184019549142123,1000000,2.053694145414189e-05,,seconds,50.583725929260254,50.52940671518445,megabytes,548.0,548.0,85.0,79.13636363636364,0.287563776,0.287563776,0.82421875,0.7792097107438015,success,sgd,0.001,1000000,1e-06,0.002,0.9,2.053694145414189e-05,
1D-exp-vs-gaussian-128p,128,128,0.0023880512506765,1000000,1.558974404668974e-05,,seconds,50.55190920829773,50.36811896041036,megabytes,548.0,548.0,82.0,79.94092827004219,0.287711232,0.287711232,0.85078125,0.7749736286919832,success,sgd,0.001,1000000,1e-06,0.002,0.9,1.558974404668974e-05,
1D-exp-vs-gaussian-128p,128,128,0.2364022623007731,1000000,2.708446766822797e-05,,seconds,50.54275178909302,50.43112195655704,megabytes,548.0,548.0,85.0,79.89958158995816,0.287547392,0.287547392,0.8234375,0.7789062499999999,success,sgd,0.001,1000000,1e-06,0.002,0.9,2.708446766822797e-05,
1D-exp-vs-gaussian-128p,128,128,0.0274044015367554,1000000,1.032413979725904e-05,,seconds,48.70453906059265,48.69345807284117,megabytes,548.0,548.0,85.0,81.43290043290044,0.287547392,0.287547392,0.82109375,0.7791768127705627,success,sgd,0.001,1000000,1e-06,0.002,0.9,1.032413979725904e-05,
1D-exp-vs-gaussian-128p,128,128,0.4389233222512363,1000000,3.435789607746804e-05,,seconds,49.78122806549072,49.64719970524311,megabytes,548.0,548.0,82.0,80.17916666666666,0.287522816,0.287522816,0.82265625,0.7789029947916671,success,sgd,0.001,1000000,1e-06,0.002,0.9,3.435789607746804e-05,
1D-exp-vs-gaussian-128p,128,128,0.2509444175906845,1000000,2.0766931453395247e-05,,seconds,50.93298959732056,50.81993106752634,megabytes,548.0,548.0,82.0,79.20967741935483,0.287543296,0.287543296,0.8265625,0.7775390624999999,success,sgd,0.001,1000000,1e-06,0.002,0.9,2.0766931453395247e-05,
1D-exp-vs-gaussian-128p,128,128,0.0498049102061576,1000000,1.900988561985214e-05,,seconds,50.171310901641846,50.047547709196806,megabytes,548.0,548.0,82.0,80.36796536796537,0.287526912,0.287526912,0.81328125,0.7777022456709956,success,sgd,0.001,1000000,1e-06,0.002,0.9,1.900988561985214e-05,
1D-exp-vs-gaussian-128p,128,128,0.743533420018536,1000000,4.761536775390919e-05,,seconds,50.47690486907959,50.44376328215003,megabytes,548.0,548.0,82.0,79.025,0.2875392,0.2875392,0.8203125,0.7789778645833331,success,sgd,0.001,1000000,1e-06,0.002,0.9,4.761536775390919e-05,
1D-exp-vs-gaussian-128p,128,128,0.5924482831899177,1000000,6.824245414858002e-05,,seconds,50.09498333930969,49.9574845135212,megabytes,548.0,548.0,83.0,79.96137339055794,0.287506432,0.287506432,0.81953125,0.7781618830472103,success,sgd,0.001,1000000,1e-06,0.002,0.9,6.824245414858002e-05,
1D-exp-vs-gaussian-128p,128,128,0.8802546406867084,1000000,4.514279804040021e-05,,seconds,50.51882839202881,50.445546962320805,megabytes,548.0,548.0,86.0,79.8781512605042,0.287502336,0.287502336,0.84609375,0.7799074317226886,success,sgd,0.001,1000000,1e-06,0.002,0.9,4.514279804040021e-05,
1D-exp-vs-gaussian-128p,128,128,0.6222101304728328,1000000,4.276472217672962e-05,,seconds,49.72634506225586,49.56273239478469,megabytes,548.0,548.0,83.0,80.39148936170213,0.28755968,0.28755968,0.8359375,0.7754488031914891,success,sgd,0.001,1000000,1e-06,0.002,0.9,4.276472217672962e-05,
1D-exp-vs-gaussian-128p,128,128,0.7327761119577093,1000000,5.840120499178426e-05,,seconds,50.20822095870972,50.184701435267925,megabytes,548.0,548.0,85.0,79.30252100840336,0.287531008,0.287531008,0.82421875,0.7802849264705882,success,sgd,0.001,1000000,1e-06,0.002,0.9,5.840120499178426e-05,
1D-exp-vs-gaussian-128p,128,128,0.1712668844346514,1000000,2.3984280829650027e-05,,seconds,50.16999912261963,50.0974276214838,megabytes,548.0,548.0,82.0,79.99565217391304,0.287506432,0.287506432,0.82109375,0.7786005434782605,success,sgd,0.001,1000000,1e-06,0.002,0.9,2.3984280829650027e-05,
1D-exp-vs-gaussian-128p,128,128,0.0076949920405841,1000000,7.662950936452927e-06,,seconds,50.668771266937256,50.489543966948986,megabytes,548.0,548.0,85.0,79.19409282700423,0.287657984,0.287657984,0.8171875,0.7765295358649782,success,sgd,0.001,1000000,1e-06,0.002,0.9,7.662950936452927e-06,
1D-exp-vs-gaussian-128p,128,128,0.0720434135467244,1000000,1.3836304227719254e-05,,seconds,48.677387952804565,48.60905535519123,megabytes,548.0,548.0,86.0,81.43612334801762,0.28751872,0.28751872,0.84609375,0.7785724118942732,success,sgd,0.001,1000000,1e-06,0.002,0.9,1.3836304227719254e-05,
1D-exp-vs-gaussian-128p,128,128,0.6475285727712424,1000000,3.575234027612924e-05,,seconds,49.49226522445679,49.42507905140519,megabytes,548.0,548.0,86.0,80.68281938325991,0.287522816,0.287522816,0.825,0.7781387665198239,success,sgd,0.001,1000000,1e-06,0.002,0.9,3.575234027612924e-05,
1D-exp-vs-gaussian-128p,128,128,0.0136828304089452,1000000,7.867156442155145e-06,,seconds,50.533496379852295,50.45003433525562,megabytes,548.0,548.0,82.0,79.27118644067797,0.287473664,0.287473664,0.82578125,0.779343220338984,success,sgd,0.001,1000000,1e-06,0.002,0.9,7.867156442155145e-06,
1D-exp-vs-gaussian-128p,128,128,0.1252087899859405,1000000,3.130031877880055e-05,,seconds,50.31057167053223,50.15116902068257,megabytes,548.0,548.0,85.0,79.8051948051948,0.287502336,0.287502336,0.83125,0.7761295995670995,success,sgd,0.001,1000000,1e-06,0.002,0.9,3.130031877880055e-05,
1D-exp-vs-gaussian-128p,128,128,0.0087476487992367,1000000,4.506865303671164e-06,,seconds,49.28394913673401,49.19648664444685,megabytes,548.0,548.0,83.0,80.51965065502183,0.287510528,0.287510528,0.81640625,0.7767706058951969,success,sgd,0.001,1000000,1e-06,0.002,0.9,4.506865303671164e-06,
1D-exp-vs-gaussian-128p,128,128,0.0090281362484803,1000000,1.3810254166310426e-05,,seconds,50.136430740356445,50.00393353775144,megabytes,548.0,548.0,84.0,79.96536796536796,0.287494144,0.287494144,0.83984375,0.7780708874458869,success,sgd,0.001,1000000,1e-06,0.002,0.9,1.3810254166310426e-05,
1D-exp-vs-gaussian-256p,256,256,0.0480322624600435,1000000,1.9447571266381397e-05,,seconds,53.02688264846802,53.03072964772582,megabytes,550.0,550.0,85.0,82.76666666666667,0.287719424,0.287719424,0.83984375,0.780901692708334,success,sgd,0.001,1000000,1e-06,0.002,0.9,1.9447571266381397e-05,
1D-exp-vs-gaussian-256p,256,256,0.0517727336305268,1000000,2.3756587092903956e-05,,seconds,52.8796181678772,52.72519228607416,megabytes,550.0,550.0,84.0,82.63562753036437,0.287469568,0.287469568,0.83671875,0.7766447368421059,success,sgd,0.001,1000000,1e-06,0.002,0.9,2.3756587092903956e-05,
1D-exp-vs-gaussian-256p,256,256,0.5680438269615131,1000000,0.0001010081699598,,seconds,52.91247200965881,52.82167737931013,megabytes,550.0,550.0,84.0,83.04878048780488,0.28747776,0.28747776,0.821875,0.7767721036585361,success,sgd,0.001,1000000,1e-06,0.002,0.9,0.0001010081699598,
1D-exp-vs-gaussian-256p,256,256,0.1796076386853863,1000000,1.7535941981477413e-05,,seconds,52.886499643325806,52.87697934731841,megabytes,550.0,550.0,85.0,82.8641975308642,0.287449088,0.287449088,0.821875,0.7809960133744854,success,sgd,0.001,1000000,1e-06,0.002,0.9,1.7535941981477413e-05,
1D-exp-vs-gaussian-256p,256,256,0.4827340796330555,1000000,5.95246700091878e-05,,seconds,52.832515239715576,52.65696816146374,megabytes,550.0,550.0,84.0,82.92771084337349,0.28762112,0.28762112,0.82265625,0.7761954066265064,success,sgd,0.001,1000000,1e-06,0.002,0.9,5.95246700091878e-05,
1D-exp-vs-gaussian-256p,256,256,0.351205920139515,1000000,5.655434509012154e-05,,seconds,52.945759534835815,52.80479615926743,megabytes,550.0,550.0,85.0,83.3991935483871,0.287440896,0.287440896,0.82265625,0.7778635332661298,success,sgd,0.001,1000000,1e-06,0.002,0.9,5.655434509012154e-05,
1D-exp-vs-gaussian-256p,256,256,0.3863840524147554,1000000,6.702575376559716e-05,,seconds,53.14929604530335,53.01510821655393,megabytes,550.0,550.0,84.0,82.6625,0.287432704,0.287432704,0.84296875,0.7778352864583339,success,sgd,0.001,1000000,1e-06,0.002,0.9,6.702575376559716e-05,
1D-exp-vs-gaussian-256p,256,256,0.0174379913889895,1000000,1.9572712326795248e-05,,seconds,52.93614053726196,52.88911760225892,megabytes,550.0,550.0,85.0,83.22764227642277,0.287399936,0.287399936,0.81640625,0.7774930132113819,success,sgd,0.001,1000000,1e-06,0.002,0.9,1.9572712326795248e-05,
1D-exp-vs-gaussian-256p,256,256,0.8790672592721469,1000000,9.8899515048386e-05,,seconds,52.96314525604248,52.832540810108185,megabytes,550.0,550.0,84.0,83.01626016260163,0.287391744,0.287391744,0.81328125,0.7771595528455285,success,sgd,0.001,1000000,1e-06,0.002,0.9,9.8899515048386e-05,
1D-exp-vs-gaussian-256p,256,256,0.0504519818918877,1000000,7.898325013305907e-06,,seconds,52.93260145187378,52.78479029610753,megabytes,550.0,550.0,85.0,83.2753036437247,0.287420416,0.287420416,0.8234375,0.7768851214574897,success,sgd,0.001,1000000,1e-06,0.002,0.9,7.898325013305907e-06,
1D-exp-vs-gaussian-256p,256,256,0.0813719582305133,1000000,2.351393484132068e-05,,seconds,52.98996376991272,52.8400219231844,megabytes,550.0,550.0,84.0,82.87295081967213,0.287428608,0.287428608,0.83515625,0.7764856557377043,success,sgd,0.001,1000000,1e-06,0.002,0.9,2.351393484132068e-05,
1D-exp-vs-gaussian-256p,256,256,0.2182867573458257,1000000,3.638191353491136e-05,,seconds,52.92408108711243,52.837581884115934,megabytes,550.0,550.0,85.0,83.66532258064517,0.287404032,0.287404032,0.85234375,0.778698336693548,success,sgd,0.001,1000000,1e-06,0.002,0.9,3.638191353491136e-05,
1D-exp-vs-gaussian-256p,256,256,0.0025006416736016,1000000,2.927130444589532e-05,,seconds,52.85005712509155,52.69526825100184,megabytes,550.0,550.0,84.0,83.08661417322834,0.28745728,0.28745728,0.83828125,0.7760857529527557,success,sgd,0.001,1000000,1e-06,0.002,0.9,2.927130444589532e-05,
1D-exp-vs-gaussian-256p,256,256,0.2361894775499741,1000000,4.880002034658427e-05,,seconds,52.76168608665466,52.7398289591074,megabytes,550.0,550.0,85.0,83.11904761904762,0.287440896,0.287440896,0.82109375,0.7781901041666659,success,sgd,0.001,1000000,1e-06,0.002,0.9,4.880002034658427e-05,
1D-exp-vs-gaussian-256p,256,256,0.0273719697613122,1000000,1.938298923784715e-05,,seconds,52.78045320510864,52.74762089923024,megabytes,550.0,550.0,84.0,83.072,0.287432704,0.287432704,0.84375,0.7790374999999998,success,sgd,0.001,1000000,1e-06,0.002,0.9,1.938298923784715e-05,
1D-exp-vs-gaussian-256p,256,256,0.4386021874613026,1000000,6.086995092510815e-05,,seconds,52.9832227230072,52.84768895432353,megabytes,550.0,550.0,85.0,83.0040650406504,0.287412224,0.287412224,0.8171875,0.7779757367886172,success,sgd,0.001,1000000,1e-06,0.002,0.9,6.086995092510815e-05,
1D-exp-vs-gaussian-256p,256,256,0.2507854274614391,1000000,3.644678389851986e-05,,seconds,52.79465556144714,52.77820086106658,megabytes,550.0,550.0,84.0,83.01984126984127,0.287444992,0.287444992,0.821875,0.778996155753968,success,sgd,0.001,1000000,1e-06,0.002,0.9,3.644678389851986e-05,
1D-exp-vs-gaussian-256p,256,256,0.0468744390526615,1000000,2.6181388118101875e-05,,seconds,53.09344291687012,52.92302359268069,megabytes,550.0,550.0,85.0,82.96265560165975,0.287563776,0.287563776,0.8140625,0.7772821576763487,success,sgd,0.001,1000000,1e-06,0.002,0.9,2.6181388118101875e-05,
1D-exp-vs-gaussian-256p,256,256,0.7430537660180985,1000000,8.331556229999198e-05,,seconds,53.02848267555237,52.918150402605534,megabytes,550.0,550.0,84.0,82.82040816326531,0.287399936,0.287399936,0.82109375,0.7782748724489791,success,sgd,0.001,1000000,1e-06,0.002,0.9,8.331556229999198e-05,
1D-exp-vs-gaussian-256p,256,256,0.5914308986216049,1000000,9.975424256502724e-05,,seconds,52.87983870506287,52.82449377700687,megabytes,550.0,550.0,85.0,83.2479674796748,0.287485952,0.287485952,0.81953125,0.7789951727642278,success,sgd,0.001,1000000,1e-06,0.002,0.9,9.975424256502724e-05,
1D-exp-vs-gaussian-256p,256,256,0.8674274077456379,1000000,7.919928301074553e-05,,seconds,52.93930006027222,52.785905823111534,megabytes,550.0,550.0,84.0,83.03688524590164,0.287469568,0.287469568,0.82109375,0.7782978995901638,success,sgd,0.001,1000000,1e-06,0.002,0.9,7.919928301074553e-05,
1D-exp-vs-gaussian-256p,256,256,0.6324223486712117,1000000,5.76954189962521e-05,,seconds,52.99508595466614,52.98067642748356,megabytes,550.0,550.0,85.0,83.10655737704919,0.287514624,0.287514624,0.8421875,0.7801325563524586,success,sgd,0.001,1000000,1e-06,0.002,0.9,5.76954189962521e-05,
1D-exp-vs-gaussian-256p,256,256,0.7323979507095959,1000000,7.612226291964497e-05,,seconds,52.83120727539063,52.73910858854652,megabytes,550.0,550.0,84.0,83.01204819277109,0.287526912,0.287526912,0.8375,0.7763899347389559,success,sgd,0.001,1000000,1e-06,0.002,0.9,7.612226291964497e-05,
1D-exp-vs-gaussian-256p,256,256,0.1647951590791342,1000000,4.507559311977719e-05,,seconds,52.9244556427002,52.855484783649445,megabytes,550.0,550.0,85.0,83.06530612244897,0.287506432,0.287506432,0.8265625,0.779939413265306,success,sgd,0.001,1000000,1e-06,0.002,0.9,4.507559311977719e-05,
1D-exp-vs-gaussian-256p,256,256,0.0076840197204686,1000000,1.4800361653768977e-05,,seconds,53.01570439338684,52.88721477240324,megabytes,550.0,550.0,84.0,83.0,0.2875392,0.2875392,0.821875,0.7763474190283397,success,sgd,0.001,1000000,1e-06,0.002,0.9,1.4800361653768977e-05,
1D-exp-vs-gaussian-256p,256,256,0.0686909182624548,1000000,2.5485632266397472e-05,,seconds,52.87964725494385,52.72902860864997,megabytes,550.0,550.0,85.0,83.31854838709677,0.287547392,0.287547392,0.81953125,0.7766255040322579,success,sgd,0.001,1000000,1e-06,0.002,0.9,2.5485632266397472e-05,
1D-exp-vs-gaussian-256p,256,256,0.6467822156193275,1000000,6.45051521403006e-05,,seconds,52.78056478500366,52.78790250048041,megabytes,550.0,550.0,85.0,83.02439024390245,0.287563776,0.287563776,0.8328125,0.7794112042682928,success,sgd,0.001,1000000,1e-06,0.002,0.9,6.45051521403006e-05,
1D-exp-vs-gaussian-256p,256,256,0.0135515138329185,1000000,1.5127942610714271e-05,,seconds,52.78401875495911,52.76828642562032,megabytes,550.0,550.0,85.0,83.40650406504065,0.287547392,0.287547392,0.821875,0.7773755081300813,success,sgd,0.001,1000000,1e-06,0.002,0.9,1.5127942610714271e-05,
1D-exp-vs-gaussian-256p,256,256,0.1250944859668628,1000000,4.209007513051229e-05,,seconds,52.90626645088196,52.79768311232328,megabytes,550.0,550.0,84.0,83.07317073170732,0.287584256,0.287584256,0.8421875,0.7771944867886178,success,sgd,0.001,1000000,1e-06,0.002,0.9,4.209007513051229e-05,
1D-exp-vs-gaussian-256p,256,256,0.0087427928255216,1000000,1.0860756753528546e-05,,seconds,52.803417682647705,52.78035452589393,megabytes,550.0,550.0,85.0,83.11382113821138,0.28760064,0.28760064,0.81875,0.7805386178861783,success,sgd,0.001,1000000,1e-06,0.002,0.9,1.0860756753528546e-05,
1D-exp-vs-gaussian-256p,256,256,0.0089454717671691,1000000,2.402962948678989e-05,,seconds,53.07983994483948,52.89989085122943,megabytes,550.0,550.0,84.0,82.79098360655738,0.287801344,0.287801344,0.81953125,0.7770331711065572,success,sgd,0.001,1000000,1e-06,0.002,0.9,2.402962948678989e-05,
1D-exp-vs-gaussian-512p,512,512,0.0492583469534075,1000000,4.5515825355203975e-05,,seconds,69.3699152469635,69.24082891643047,megabytes,558.0,558.0,86.0,85.01869158878505,0.288129024,0.288129024,0.8171875,0.775508664330218,success,sgd,0.001,1000000,1e-06,0.002,0.9,4.5515825355203975e-05,
1D-exp-vs-gaussian-512p,512,512,0.0503908516397138,1000000,4.782548385111255e-05,,seconds,69.36160135269165,69.20735705271363,megabytes,558.0,558.0,86.0,84.790625,0.287977472,0.287977472,0.81796875,0.7783227539062504,success,sgd,0.001,1000000,1e-06,0.002,0.9,4.782548385111255e-05,
1D-exp-vs-gaussian-512p,512,512,0.5704040783387863,1000000,0.0001945164857573,,seconds,69.55613446235657,69.4201530776918,megabytes,558.0,558.0,86.0,84.7753164556962,0.287977472,0.287977472,0.82109375,0.7768122033227852,success,sgd,0.001,1000000,1e-06,0.002,0.9,0.0001945164857573,
1D-exp-vs-gaussian-512p,512,512,0.1828916254003458,1000000,4.333270220478755e-05,,seconds,69.26575946807861,69.139164339751,megabytes,558.0,558.0,86.0,85.06461538461538,0.288038912,0.288038912,0.828125,0.7762764423076919,success,sgd,0.001,1000000,1e-06,0.002,0.9,4.333270220478755e-05,
1D-exp-vs-gaussian-512p,512,512,0.4771741393651227,1000000,0.0001099933296906,,seconds,69.31714296340942,69.27578337863088,megabytes,558.0,558.0,86.0,84.94099378881988,0.288059392,0.288059392,0.84140625,0.7811165566770187,success,sgd,0.001,1000000,1e-06,0.002,0.9,0.0001099933296906,
1D-exp-vs-gaussian-512p,512,512,0.3464292231375231,1000000,9.47821015500962e-05,,seconds,69.40132069587708,69.31429005786777,megabytes,558.0,558.0,86.0,85.06191950464397,0.288108544,0.288108544,0.84765625,0.7764391447368417,success,sgd,0.001,1000000,1e-06,0.002,0.9,9.47821015500962e-05,
1D-exp-vs-gaussian-512p,512,512,0.381309939233445,1000000,0.0001115775187458,,seconds,69.32333493232727,69.27854393422604,megabytes,558.0,558.0,86.0,84.9601226993865,0.288116736,0.288116736,0.82265625,0.7782304447852763,success,sgd,0.001,1000000,1e-06,0.002,0.9,0.0001115775187458,
1D-exp-vs-gaussian-512p,512,512,0.0174313960440554,1000000,4.194678543939074e-05,,seconds,69.28426098823547,69.2288025431335,megabytes,558.0,558.0,86.0,84.97839506172839,0.288157696,0.288157696,0.821875,0.7786892361111113,success,sgd,0.001,1000000,1e-06,0.002,0.9,4.194678543939074e-05,
1D-exp-vs-gaussian-512p,512,512,0.8781038256765568,1000000,0.0001604147716479,,seconds,69.36324286460876,69.32343050464988,megabytes,558.0,558.0,86.0,84.90825688073394,0.288206848,0.288206848,0.82265625,0.7789373088685012,success,sgd,0.001,1000000,1e-06,0.002,0.9,0.0001604147716479,
1D-exp-vs-gaussian-512p,512,512,0.0489481054347844,1000000,3.133716063792108e-05,,seconds,69.53501510620117,69.38903350010514,megabytes,558.0,558.0,86.0,84.72585669781931,0.288219136,0.288219136,0.82109375,0.7775676596573207,success,sgd,0.001,1000000,1e-06,0.002,0.9,3.133716063792108e-05,
1D-exp-vs-gaussian-512p,512,512,0.0813359157878515,1000000,5.349662151417948e-05,,seconds,69.42176675796509,69.26064275950193,megabytes,558.0,558.0,86.0,84.98776758409785,0.288251904,0.288251904,0.8171875,0.7768683103975532,success,sgd,0.001,1000000,1e-06,0.002,0.9,5.349662151417948e-05,
1D-exp-vs-gaussian-512p,512,512,0.2152261153589302,1000000,7.034964171772521e-05,,seconds,69.41151356697083,69.35106983408332,megabytes,558.0,558.0,86.0,84.85714285714286,0.28827648,0.28827648,0.83671875,0.777535423136646,success,sgd,0.001,1000000,1e-06,0.002,0.9,7.034964171772521e-05,
1D-exp-vs-gaussian-512p,512,512,0.0024711474202532,1000000,5.828277709884821e-05,,seconds,69.4705376625061,69.41188224032521,megabytes,558.0,558.0,86.0,84.88235294117646,0.28827648,0.28827648,0.81484375,0.7790707236842107,success,sgd,0.001,1000000,1e-06,0.002,0.9,5.828277709884821e-05,
1D-exp-vs-gaussian-512p,512,512,0.2358199772997458,1000000,9.411153094130598e-05,,seconds,69.54928088188171,69.37142481654882,megabytes,558.0,558.0,86.0,84.80674846625767,0.288493568,0.288493568,0.8171875,0.7773245782208587,success,sgd,0.001,1000000,1e-06,0.002,0.9,9.411153094130598e-05,
1D-exp-vs-gaussian-512p,512,512,0.0283012035259052,1000000,4.042466780070482e-05,,seconds,69.30049443244934,69.22251462191343,megabytes,558.0,558.0,86.0,85.05588235294118,0.288350208,0.288350208,0.84375,0.7769324448529413,success,sgd,0.001,1000000,1e-06,0.002,0.9,4.042466780070482e-05,
1D-exp-vs-gaussian-512p,512,512,0.4334604208638294,1000000,0.0001007412531677,,seconds,69.33817219734192,69.15940462052822,megabytes,558.0,558.0,86.0,85.00884955752213,0.288620544,0.288620544,0.8203125,0.7771686025073745,success,sgd,0.001,1000000,1e-06,0.002,0.9,0.0001007412531677,
1D-exp-vs-gaussian-512p,512,512,0.2506064727259807,1000000,7.004821456223974e-05,,seconds,69.3307957649231,69.14877549558878,megabytes,558.0,558.0,86.0,85.15,0.288575488,0.288575488,0.8234375,0.7766750919117648,success,sgd,0.001,1000000,1e-06,0.002,0.9,7.004821456223974e-05,
1D-exp-vs-gaussian-512p,512,512,0.046816930759708,1000000,6.0961163513146777e-05,,seconds,69.4540183544159,69.35400424897671,megabytes,558.0,558.0,86.0,84.81515151515151,0.288436224,0.288436224,0.825,0.7781415719696966,success,sgd,0.001,1000000,1e-06,0.002,0.9,6.0961163513146777e-05,
1D-exp-vs-gaussian-512p,512,512,0.7484254862391121,1000000,0.0001361853944732,,seconds,69.41048169136047,69.40702487528324,megabytes,558.0,558.0,86.0,84.78247734138972,0.2884608,0.2884608,0.821875,0.7804805513595163,success,sgd,0.001,1000000,1e-06,0.002,0.9,0.0001361853944732,
1D-exp-vs-gaussian-512p,512,512,0.5902275270216173,1000000,0.0001473810591913,,seconds,69.58935260772705,69.42027169838548,megabytes,558.0,558.0,86.0,84.91566265060241,0.288538624,0.288538624,0.81640625,0.7774472891566262,success,sgd,0.001,1000000,1e-06,0.002,0.9,0.0001473810591913,
1D-exp-vs-gaussian-512p,512,512,0.8666209923784902,1000000,0.0001298619051161,,seconds,69.19572401046753,69.18653275817633,megabytes,558.0,558.0,86.0,85.10787172011662,0.288362496,0.288362496,0.81875,0.7786784803206993,success,sgd,0.001,1000000,1e-06,0.002,0.9,0.0001298619051161,
1D-exp-vs-gaussian-512p,512,512,0.6265661910300413,1000000,0.0001090501932612,,seconds,69.36408352851868,69.33022595196962,megabytes,558.0,558.0,86.0,84.96407185628742,0.28839936,0.28839936,0.81875,0.7792033121257478,success,sgd,0.001,1000000,1e-06,0.002,0.9,0.0001090501932612,
1D-exp-vs-gaussian-512p,512,512,0.7376147067982358,1000000,0.0001252232919349,,seconds,69.58304047584534,69.41022276505828,megabytes,558.0,558.0,86.0,84.87311178247734,0.288546816,0.288546816,0.82109375,0.7762721865558908,success,sgd,0.001,1000000,1e-06,0.002,0.9,0.0001252232919349,
1D-exp-vs-gaussian-512p,512,512,0.1644407253758009,1000000,7.856974938828053e-05,,seconds,69.35464024543762,69.239690952003,megabytes,558.0,558.0,86.0,85.14201183431953,0.288411648,0.288411648,0.8171875,0.7778014053254437,success,sgd,0.001,1000000,1e-06,0.002,0.9,7.856974938828053e-05,
1D-exp-vs-gaussian-512p,512,512,0.0076815254301169,1000000,3.4400526824451376e-05,,seconds,69.42227363586426,69.3280813805759,megabytes,558.0,558.0,86.0,84.89253731343284,0.288411648,0.288411648,0.81875,0.7784748134328362,success,sgd,0.001,1000000,1e-06,0.002,0.9,3.4400526824451376e-05,
1D-exp-vs-gaussian-512p,512,512,0.0686605001130989,1000000,5.0558214804069286e-05,,seconds,69.5869517326355,69.40713920071721,megabytes,558.0,558.0,86.0,84.78247734138972,0.288690176,0.288690176,0.84609375,0.7778464879154081,success,sgd,0.001,1000000,1e-06,0.002,0.9,5.0558214804069286e-05,
1D-exp-vs-gaussian-512p,512,512,0.6453531089312277,1000000,0.0001311995805219,,seconds,69.40391874313354,69.33971718326211,megabytes,558.0,558.0,86.0,84.94642857142857,0.288538624,0.288538624,0.8203125,0.7780970982142854,success,sgd,0.001,1000000,1e-06,0.002,0.9,0.0001311995805219,
1D-exp-vs-gaussian-512p,512,512,0.0135538439709991,1000000,3.5064296373621576e-05,,seconds,69.20255136489868,69.18302236124873,megabytes,558.0,558.0,86.0,84.94294294294295,0.28854272,0.28854272,0.81875,0.7796452702702711,success,sgd,0.001,1000000,1e-06,0.002,0.9,3.5064296373621576e-05,
1D-exp-vs-gaussian-512p,512,512,0.1249327865080599,1000000,7.164939842514921e-05,,seconds,69.61979603767395,69.4595846645534,megabytes,558.0,558.0,86.0,84.8176291793313,0.288620544,0.288620544,0.81953125,0.7776358282674776,success,sgd,0.001,1000000,1e-06,0.002,0.9,7.164939842514921e-05,
1D-exp-vs-gaussian-512p,512,512,0.0087437757584589,1000000,3.171481839646534e-05,,seconds,69.28028893470764,69.1679018586874,megabytes,558.0,558.0,86.0,84.9578313253012,0.288591872,0.288591872,0.8171875,0.7767907567771086,success,sgd,0.001,1000000,1e-06,0.002,0.9,3.171481839646534e-05,
1D-exp-vs-gaussian-512p,512,512,0.0089039066966971,1000000,5.630545991694457e-05,,seconds,69.54732584953308,69.41254938393831,megabytes,558.0,558.0,86.0,84.80182926829268,0.288616448,0.288616448,0.81953125,0.777017435213415,success,sgd,0.001,1000000,1e-06,0.002,0.9,5.630545991694457e-05,
1D-exp-vs-gaussian-1024p,1024,1024,0.0485943744383434,1000000,0.000109608553161,,seconds,91.3129653930664,91.30780370533466,megabytes,584.0,584.0,91.0,89.34669811320755,0.288935936,0.288935936,0.8203125,0.7784806161556616,success,sgd,0.001,1000000,1e-06,0.002,0.9,0.000109608553161,
1D-exp-vs-gaussian-1024p,1024,1024,0.0503506423773543,1000000,0.0001231968145389,,seconds,87.91588020324707,87.871362965554,megabytes,584.0,584.0,94.0,93.09026128266034,0.288821248,0.288821248,0.81953125,0.777803963776722,success,sgd,0.001,1000000,1e-06,0.002,0.9,0.0001231968145389,
1D-exp-vs-gaussian-1024p,1024,1024,0.5585529357145305,1000000,0.0004745669867424,,seconds,88.10737752914429,87.96724943816662,megabytes,584.0,584.0,94.0,93.03341288782816,0.288874496,0.288874496,0.821875,0.7778620972553704,success,sgd,0.001,1000000,1e-06,0.002,0.9,0.0004745669867424,
1D-exp-vs-gaussian-1024p,1024,1024,0.1813002041362173,1000000,0.0001262789778097,,seconds,91.56171441078186,91.4912353940308,megabytes,584.0,584.0,92.0,89.77962085308057,0.288845824,0.288845824,0.8484375,0.7781287026066355,success,sgd,0.001,1000000,1e-06,0.002,0.9,0.0001262789778097,
1D-exp-vs-gaussian-1024p,1024,1024,0.4784160226918368,1000000,0.0002087803420247,,seconds,88.46797513961792,88.39519548043609,megabytes,584.0,584.0,93.0,92.71021377672209,0.288935936,0.288935936,0.83125,0.7788208877672202,success,sgd,0.001,1000000,1e-06,0.002,0.9,0.0002087803420247,
1D-exp-vs-gaussian-1024p,1024,1024,0.345380844563017,1000000,0.0002037618873816,,seconds,87.95375227928162,87.85154252499342,megabytes,584.0,584.0,94.0,93.07228915662652,0.288923648,0.288923648,0.81796875,0.7775470632530123,success,sgd,0.001,1000000,1e-06,0.002,0.9,0.0002037618873816,
1D-exp-vs-gaussian-1024p,1024,1024,0.381776497286921,1000000,0.0002168938467269,,seconds,91.80787014961244,91.71107246354222,megabytes,584.0,584.0,92.0,89.46744186046512,0.289005568,0.289005568,0.8296875,0.7786173691860464,success,sgd,0.001,1000000,1e-06,0.002,0.9,0.0002168938467269,
1D-exp-vs-gaussian-1024p,1024,1024,0.017428962305394,1000000,0.0001201842724816,,seconds,87.85141658782959,87.80687234550714,megabytes,584.0,584.0,94.0,92.89294403892944,0.289005568,0.289005568,0.81796875,0.7797198144768862,success,sgd,0.001,1000000,1e-06,0.002,0.9,0.0001201842724816,
1D-exp-vs-gaussian-1024p,1024,1024,0.8717357965166334,1000000,0.0002923520736982,,seconds,88.70366835594177,88.57929825037718,megabytes,584.0,584.0,94.0,92.70217917675544,0.289103872,0.289103872,0.8265625,0.7795702179176754,success,sgd,0.001,1000000,1e-06,0.002,0.9,0.0002923520736982,
1D-exp-vs-gaussian-1024p,1024,1024,0.0489820470375425,1000000,0.000109714550824,,seconds,91.7370092868805,91.60663425922394,megabytes,584.0,584.0,92.0,89.43720930232558,0.289083392,0.289083392,0.82265625,0.7776689680232566,success,sgd,0.001,1000000,1e-06,0.002,0.9,0.000109714550824,
1D-exp-vs-gaussian-1024p,1024,1024,0.0812842500075968,1000000,0.0001172400814203,,seconds,87.99943900108337,87.91307974979281,megabytes,584.0,584.0,94.0,92.880195599022,0.289144832,0.289144832,0.82109375,0.7769674511002447,success,sgd,0.001,1000000,1e-06,0.002,0.9,0.0001172400814203,
1D-exp-vs-gaussian-1024p,1024,1024,0.2151033981311214,1000000,0.0001547614617425,,seconds,92.23862719535828,92.0870149731636,megabytes,584.0,584.0,91.0,89.36175115207374,0.289153024,0.289153024,0.81796875,0.777599366359447,success,sgd,0.001,1000000,1e-06,0.002,0.9,0.0001547614617425,
1D-exp-vs-gaussian-1024p,1024,1024,0.0024128345574181,1000000,0.0001471239735186,,seconds,88.00305557250977,87.88542244210839,megabytes,584.0,584.0,94.0,92.97380952380952,0.289206272,0.289206272,0.81953125,0.7774646577380947,success,sgd,0.001,1000000,1e-06,0.002,0.9,0.0001471239735186,
1D-exp-vs-gaussian-1024p,1024,1024,0.233281298538834,1000000,0.0001954848059962,,seconds,91.95878481864928,91.85664720088243,megabytes,584.0,584.0,91.0,89.63425925925925,0.289140736,0.289140736,0.821875,0.7783691406249995,success,sgd,0.001,1000000,1e-06,0.002,0.9,0.0001954848059962,
1D-exp-vs-gaussian-1024p,1024,1024,0.0282778925494916,1000000,0.0001009894068835,,seconds,91.53992247581482,91.40396761894226,megabytes,584.0,584.0,91.0,89.57870370370371,0.289181696,0.289181696,0.81640625,0.7787615740740741,success,sgd,0.001,1000000,1e-06,0.002,0.9,0.0001009894068835,
1D-exp-vs-gaussian-1024p,1024,1024,0.4328002075697285,1000000,0.000185021165923,,seconds,92.45549368858336,92.44611302763224,megabytes,584.0,584.0,90.0,89.59060402684564,0.289169408,0.289169408,0.8203125,0.7795966163310961,success,sgd,0.001,1000000,1e-06,0.002,0.9,0.000185021165923,
1D-exp-vs-gaussian-1024p,1024,1024,0.2488468515011624,1000000,0.0001382386362838,,seconds,91.66855835914612,91.53799021616578,megabytes,584.0,584.0,91.0,89.5091743119266,0.28921856,0.28921856,0.8234375,0.7779117689220189,success,sgd,0.001,1000000,1e-06,0.002,0.9,0.0001382386362838,
1D-exp-vs-gaussian-1024p,1024,1024,0.0467816024325463,1000000,0.0001453569544875,,seconds,87.96929574012756,87.79722407087684,megabytes,584.0,584.0,94.0,93.07962529274003,0.289337344,0.289337344,0.81875,0.7782786885245904,success,sgd,0.001,1000000,1e-06,0.002,0.9,0.0001453569544875,
1D-exp-vs-gaussian-1024p,1024,1024,0.7462253347337118,1000000,0.0002485178804484,,seconds,91.69862604141235,91.63403705507515,megabytes,584.0,584.0,92.0,89.49885583524028,0.289230848,0.289230848,0.82109375,0.7785719393592674,success,sgd,0.001,1000000,1e-06,0.002,0.9,0.0002485178804484,
1D-exp-vs-gaussian-1024p,1024,1024,0.5853605153565287,1000000,0.0002575402740885,,seconds,88.60059118270874,88.46594613417983,megabytes,584.0,584.0,94.0,92.78177458033574,0.2891776,0.2891776,0.8203125,0.7773062799760191,success,sgd,0.001,1000000,1e-06,0.002,0.9,0.0002575402740885,
1D-exp-vs-gaussian-1024p,1024,1024,0.8679187957344718,1000000,0.0002470389701669,,seconds,91.61983466148376,91.57541912049057,megabytes,584.0,584.0,91.0,89.64883720930233,0.289284096,0.289284096,0.81953125,0.7794349563953497,success,sgd,0.001,1000000,1e-06,0.002,0.9,0.0002470389701669,
1D-exp-vs-gaussian-1024p,1024,1024,0.6255201392058338,1000000,0.0001971090849239,,seconds,92.28227090835573,92.14713990315796,megabytes,584.0,584.0,91.0,89.59132420091325,0.289271808,0.289271808,0.81875,0.778383632990867,success,sgd,0.001,1000000,1e-06,0.002,0.9,0.0001971090849239,
1D-exp-vs-gaussian-1024p,1024,1024,0.7361193433222697,1000000,0.0002249299031688,,seconds,89.00916767120361,88.9319695532322,megabytes,584.0,584.0,94.0,91.99289099526068,0.289394688,0.289394688,0.846875,0.7775103672985786,success,sgd,0.001,1000000,1e-06,0.002,0.9,0.0002249299031688,
1D-exp-vs-gaussian-1024p,1024,1024,0.1638365891939767,1000000,0.0002204568568777,,seconds,91.93591928482056,91.91613812372088,megabytes,584.0,584.0,92.0,89.39407744874715,0.289345536,0.289345536,0.81953125,0.7794081007972663,success,sgd,0.001,1000000,1e-06,0.002,0.9,0.0002204568568777,
1D-exp-vs-gaussian-1024p,1024,1024,0.0076843715933973,1000000,0.0001063216093205,,seconds,88.37196946144104,88.21086325496435,megabytes,584.0,584.0,94.0,92.8578313253012,0.289439744,0.289439744,0.821875,0.7789683734939754,success,sgd,0.001,1000000,1e-06,0.002,0.9,0.0001063216093205,
1D-exp-vs-gaussian-1024p,1024,1024,0.0686044577563454,1000000,0.0001184390542059,,seconds,92.29680514335632,92.13760843127966,megabytes,584.0,584.0,90.0,89.04395604395604,0.289435648,0.289435648,0.8203125,0.7781559065934062,success,sgd,0.001,1000000,1e-06,0.002,0.9,0.0001184390542059,
1D-exp-vs-gaussian-1024p,1024,1024,0.6418576852878121,1000000,0.0003167267120448,,seconds,88.04617428779602,87.87266873940825,megabytes,584.0,584.0,94.0,93.16359447004608,0.289624064,0.289624064,0.81875,0.7765715005760367,success,sgd,0.001,1000000,1e-06,0.002,0.9,0.0003167267120448,
1D-exp-vs-gaussian-1024p,1024,1024,0.0135921265738659,1000000,0.0001168125659011,,seconds,87.96696305274963,87.88829033821821,megabytes,584.0,584.0,94.0,92.94272076372314,0.289488896,0.289488896,0.81953125,0.7783841736276855,success,sgd,0.001,1000000,1e-06,0.002,0.9,0.0001168125659011,
1D-exp-vs-gaussian-1024p,1024,1024,0.1259701888051586,1000000,0.0001720261064633,,seconds,91.59217476844788,91.44801744818687,megabytes,584.0,584.0,92.0,89.57603686635944,0.289509376,0.289509376,0.8265625,0.7775291618663593,success,sgd,0.001,1000000,1e-06,0.002,0.9,0.0001720261064633,
1D-exp-vs-gaussian-1024p,1024,1024,0.0087575224606476,1000000,0.000109106711612,,seconds,91.58021378517152,91.50589253380896,megabytes,584.0,584.0,92.0,89.4862385321101,0.289492992,0.289492992,0.821875,0.7781124569954121,success,sgd,0.001,1000000,1e-06,0.002,0.9,0.000109106711612,
1D-exp-vs-gaussian-1024p,1024,1024,0.0091222382911928,1000000,0.0001462868942677,,seconds,91.50437808036804,91.40215875580908,megabytes,584.0,584.0,92.0,89.78738317757009,0.289570816,0.289570816,0.81953125,0.7790541033878515,success,sgd,0.001,1000000,1e-06,0.002,0.9,0.0001462868942677,
1D-exp-vs-gaussian-2048p,2048,2048,0.0484792524814715,1000000,0.0003305564154193,,seconds,188.36623620986936,188.23617094755173,megabytes,680.0,680.0,95.0,94.897465437788,0.289521664,0.289521664,0.8234375,0.7787820420506918,success,sgd,0.001,1000000,1e-06,0.002,0.9,0.0003305564154193,
1D-exp-vs-gaussian-2048p,2048,2048,0.0501850656629232,1000000,0.000379131429137,,seconds,187.68737936019895,187.68402561172843,megabytes,680.0,680.0,96.0,95.0379746835443,0.289570816,0.289570816,0.815625,0.7784126869965486,success,sgd,0.001,1000000,1e-06,0.002,0.9,0.000379131429137,
1D-exp-vs-gaussian-2048p,2048,2048,0.5533511456001001,1000000,0.0008816442372082,,seconds,189.6280961036682,189.50162962451577,megabytes,680.0,680.0,95.0,94.89576174112256,0.289611776,0.289611776,0.81875,0.7783424613402053,success,sgd,0.001,1000000,1e-06,0.002,0.9,0.0008816442372082,
1D-exp-vs-gaussian-2048p,2048,2048,0.1821636500093731,1000000,0.0003741121612081,,seconds,190.5712547302246,190.45381463691592,megabytes,680.0,680.0,95.0,94.87657142857142,0.289640448,0.289640448,0.840625,0.7783294642857144,success,sgd,0.001,1000000,1e-06,0.002,0.9,0.0003741121612081,
1D-exp-vs-gaussian-2048p,2048,2048,0.4764812278105403,1000000,0.0004953119685346,,seconds,188.86035084724423,188.70416980981827,megabytes,680.0,680.0,95.0,94.90057803468208,0.289693696,0.289693696,0.84296875,0.7780644869942194,success,sgd,0.001,1000000,1e-06,0.002,0.9,0.0004953119685346,
1D-exp-vs-gaussian-2048p,2048,2048,0.3434574380451155,1000000,0.0004911083278627,,seconds,190.18227458000183,190.01743537932637,megabytes,680.0,680.0,95.0,94.8738425925926,0.289746944,0.289746944,0.8375,0.7780210141782403,success,sgd,0.001,1000000,1e-06,0.002,0.9,0.0004911083278627,
1D-exp-vs-gaussian-2048p,2048,2048,0.3761499119953395,1000000,0.0005982927054695,,seconds,189.3197178840637,189.12994369864464,megabytes,680.0,680.0,95.0,94.895227008149,0.289804288,0.289804288,0.81640625,0.7787616414435391,success,sgd,0.001,1000000,1e-06,0.002,0.9,0.0005982927054695,
1D-exp-vs-gaussian-2048p,2048,2048,0.0172984289026549,1000000,0.0003869825582029,,seconds,190.33349752426147,190.1534086540341,megabytes,680.0,680.0,95.0,94.84174311926606,0.28985344,0.28985344,0.8203125,0.7790415352637617,success,sgd,0.001,1000000,1e-06,0.002,0.9,0.0003869825582029,
1D-exp-vs-gaussian-2048p,2048,2048,0.8654541198754753,1000000,0.0006252635122422,,seconds,189.23423051834104,189.1035488322377,megabytes,680.0,680.0,95.0,94.88657407407408,0.2896896,0.2896896,0.81875,0.7777551721643512,success,sgd,0.001,1000000,1e-06,0.002,0.9,0.0006252635122422,
1D-exp-vs-gaussian-2048p,2048,2048,0.0495184174567599,1000000,0.0003692124547838,,seconds,190.28533172607425,190.1830157637596,megabytes,680.0,680.0,95.0,94.875,0.289714176,0.289714176,0.81953125,0.7787637973050466,success,sgd,0.001,1000000,1e-06,0.002,0.9,0.0003692124547838,
1D-exp-vs-gaussian-2048p,2048,2048,0.0806487930327514,1000000,0.0003520506891667,,seconds,189.6008470058441,189.45263356342912,megabytes,680.0,680.0,95.0,94.84106728538283,0.289746944,0.289746944,0.82421875,0.7770854480858469,success,sgd,0.001,1000000,1e-06,0.002,0.9,0.0003520506891667,
1D-exp-vs-gaussian-2048p,2048,2048,0.2144600424444644,1000000,0.0004246006206653,,seconds,190.08907079696652,190.0310839563608,megabytes,680.0,680.0,95.0,94.84792626728112,0.289697792,0.289697792,0.82109375,0.7785210253456224,success,sgd,0.001,1000000,1e-06,0.002,0.9,0.0004246006206653,
1D-exp-vs-gaussian-2048p,2048,2048,0.0023196559955049,1000000,0.0004175153232103,,seconds,190.0423390865326,189.8660978525877,megabytes,680.0,680.0,95.0,94.92165898617512,0.28985344,0.28985344,0.825,0.778883748559908,success,sgd,0.001,1000000,1e-06,0.002,0.9,0.0004175153232103,
1D-exp-vs-gaussian-2048p,2048,2048,0.2297153353465558,1000000,0.0005955773053918,,seconds,190.2440574169159,190.185258731246,megabytes,680.0,680.0,95.0,94.90753424657534,0.289746944,0.289746944,0.821875,0.7796607448630148,success,sgd,0.001,1000000,1e-06,0.002,0.9,0.0005955773053918,
1D-exp-vs-gaussian-2048p,2048,2048,0.0279670072296243,1000000,0.000313932488482,,seconds,189.16685509681705,189.10710215941072,megabytes,680.0,680.0,95.0,94.88901734104046,0.289779712,0.289779712,0.84375,0.778488981213873,success,sgd,0.001,1000000,1e-06,0.002,0.9,0.000313932488482,
1D-exp-vs-gaussian-2048p,2048,2048,0.4331714075098205,1000000,0.0004466314111697,,seconds,190.0934672355652,189.9921647161245,megabytes,680.0,680.0,95.0,94.91724137931034,0.289828864,0.289828864,0.821875,0.7798168103448276,success,sgd,0.001,1000000,1e-06,0.002,0.9,0.0004466314111697,
1D-exp-vs-gaussian-2048p,2048,2048,0.2482523713441977,1000000,0.0003533179915629,,seconds,189.30131888389587,189.1432860903442,megabytes,680.0,680.0,95.0,94.85616438356163,0.289882112,0.289882112,0.821875,0.7791069135273967,success,sgd,0.001,1000000,1e-06,0.002,0.9,0.0003533179915629,
1D-exp-vs-gaussian-2048p,2048,2048,0.0444902023751163,1000000,0.0005176264950169,,seconds,190.62844228744507,190.4622993245721,megabytes,680.0,680.0,95.0,94.92461197339246,0.290025472,0.290025472,0.82265625,0.77827830515521,success,sgd,0.001,1000000,1e-06,0.002,0.9,0.0005176264950169,
1D-exp-vs-gaussian-2048p,2048,2048,0.7435565317266944,1000000,0.0005552074237975,,seconds,188.90277910232544,188.7468060366809,megabytes,680.0,680.0,95.0,94.93728222996516,0.289906688,0.289906688,0.81640625,0.7776577018002334,success,sgd,0.001,1000000,1e-06,0.002,0.9,0.0005552074237975,
1D-exp-vs-gaussian-2048p,2048,2048,0.5831062330223746,1000000,0.0005691200997438,,seconds,189.84000325202945,189.70308361575007,megabytes,680.0,680.0,95.0,94.88850574712644,0.28993536,0.28993536,0.821875,0.7793058548850575,success,sgd,0.001,1000000,1e-06,0.002,0.9,0.0005691200997438,
1D-exp-vs-gaussian-2048p,2048,2048,0.8657743638382351,1000000,0.0005373919882567,,seconds,188.62705731391907,188.50483724102375,megabytes,680.0,680.0,95.0,94.87251461988303,0.289980416,0.289980416,0.815625,0.7780710891812855,success,sgd,0.001,1000000,1e-06,0.002,0.9,0.0005373919882567,
1D-exp-vs-gaussian-2048p,2048,2048,0.6260416693760524,1000000,0.000454020188301,,seconds,189.57044625282288,189.4678354486823,megabytes,680.0,680.0,95.0,94.86527293844368,0.290009088,0.290009088,0.8265625,0.7796394091173048,success,sgd,0.001,1000000,1e-06,0.002,0.9,0.000454020188301,
1D-exp-vs-gaussian-2048p,2048,2048,0.7351068514245196,1000000,0.0004964736520643,,seconds,188.63036274909973,188.5766788944602,megabytes,680.0,680.0,95.0,94.88785046728972,0.290045952,0.290045952,0.8484375,0.7786461375584105,success,sgd,0.001,1000000,1e-06,0.002,0.9,0.0004964736520643,
1D-exp-vs-gaussian-2048p,2048,2048,0.160936855949052,1000000,0.0005912723006885,,seconds,190.1367893218994,190.14254096522927,megabytes,680.0,680.0,95.0,94.88078703703704,0.290082816,0.290082816,0.821875,0.7796260127314816,success,sgd,0.001,1000000,1e-06,0.002,0.9,0.0005912723006885,
1D-exp-vs-gaussian-2048p,2048,2048,0.0077184813994992,1000000,0.0003439724440498,,seconds,188.90051698684687,188.8336704224348,megabytes,680.0,680.0,95.0,94.92494226327943,0.297578496,0.297578496,0.83828125,0.7784163900115469,success,sgd,0.001,1000000,1e-06,0.002,0.9,0.0003439724440498,
1D-exp-vs-gaussian-2048p,2048,2048,0.0688180764271458,1000000,0.0003467151974277,,seconds,190.16220879554749,190.04174720868468,megabytes,680.0,680.0,95.0,94.88127853881278,0.290848768,0.290848768,0.82890625,0.7787706906392695,success,sgd,0.001,1000000,1e-06,0.002,0.9,0.0003467151974277,
1D-exp-vs-gaussian-2048p,2048,2048,0.6384772962083725,1000000,0.0006668443583883,,seconds,189.31622457504272,189.1846749745309,megabytes,680.0,680.0,95.0,94.91224018475752,0.290852864,0.290852864,0.8171875,0.7789405311778287,success,sgd,0.001,1000000,1e-06,0.002,0.9,0.0006668443583883,
1D-exp-vs-gaussian-2048p,2048,2048,0.0136591381378921,1000000,0.0003908991645406,,seconds,190.1051185131073,190.0922948345542,megabytes,680.0,680.0,95.0,94.8607305936073,0.290865152,0.290865152,0.8390625,0.7773669377853885,success,sgd,0.001,1000000,1e-06,0.002,0.9,0.0003908991645406,
1D-exp-vs-gaussian-2048p,2048,2048,0.1245346847058953,1000000,0.0004746474700936,,seconds,189.5943665504456,189.44172953814268,megabytes,680.0,680.0,95.0,94.91044776119404,0.290832384,0.290832384,0.840625,0.7788416690585537,success,sgd,0.001,1000000,1e-06,0.002,0.9,0.0004746474700936,
1D-exp-vs-gaussian-2048p,2048,2048,0.0088411373635109,1000000,0.0003587003284726,,seconds,190.03913402557373,190.0362798124552,megabytes,680.0,680.0,95.0,94.94137931034484,0.29085696,0.29085696,0.83515625,0.779234913793103,success,sgd,0.001,1000000,1e-06,0.002,0.9,0.0003587003284726,
1D-exp-vs-gaussian-2048p,2048,2048,0.0087545650161033,1000000,0.0004116629017505,,seconds,189.83760738372803,189.6930902116001,megabytes,680.0,680.0,95.0,94.93012600229096,0.2957312,0.2957312,0.83359375,0.7778976947308136,success,sgd,0.001,1000000,1e-06,0.002,0.9,0.0004116629017505,
1D-exp-vs-cauchy-32p,32,32,0.1661162107335697,197816,9.999985350428508e-07,,seconds,7.925955295562744,7.834670517593622,megabytes,550.0,550.0,80.0,78.05405405405405,0.225230848,0.225230848,0.81953125,0.7702491554054055,success,sgd,0.001,1000000,1e-06,0.002,0.9,9.999985350428508e-07,
1D-exp-vs-cauchy-32p,32,32,0.2845837501841619,176979,9.999985035886326e-07,,seconds,7.170638084411621,7.073111619800329,megabytes,550.0,550.0,80.0,76.23529411764706,0.224845824,0.224845824,0.8046875,0.7657398897058825,success,sgd,0.001,1000000,1e-06,0.002,0.9,9.999985035886326e-07,
1D-exp-vs-cauchy-32p,32,32,0.6878176559889249,192937,9.999988270557223e-07,,seconds,7.809126138687134,7.678086444735527,megabytes,550.0,550.0,80.0,77.0,0.225226752,0.225226752,0.81640625,0.7660684121621623,success,sgd,0.001,1000000,1e-06,0.002,0.9,9.999988270557223e-07,
1D-exp-vs-cauchy-32p,32,32,0.6541648767096829,233149,9.99996640826906e-07,,seconds,9.546925783157349,9.539568342268469,megabytes,550.0,550.0,82.0,75.88888888888889,0.290209792,0.290209792,0.81640625,0.7766145833333333,success,sgd,0.001,1000000,1e-06,0.002,0.9,9.99996640826906e-07,
1D-exp-vs-cauchy-32p,32,32,0.1859183420932192,193025,9.999986597359334e-07,,seconds,8.197763681411743,8.056139539927244,megabytes,550.0,550.0,82.0,74.94871794871794,0.29005824,0.29005824,0.81171875,0.7644831730769232,success,sgd,0.001,1000000,1e-06,0.002,0.9,9.999986597359334e-07,
1D-exp-vs-cauchy-32p,32,32,0.2652086686498698,178663,9.999998968177766e-07,,seconds,7.278629779815674,7.136535853147507,megabytes,550.0,550.0,80.0,77.73529411764706,0.225243136,0.225243136,0.80859375,0.7579733455882355,success,sgd,0.001,1000000,1e-06,0.002,0.9,9.999998968177766e-07,
1D-exp-vs-cauchy-32p,32,32,0.3850186620417349,174708,9.999988959225735e-07,,seconds,7.174954414367676,7.140870947390795,megabytes,550.0,550.0,79.0,76.02941176470588,0.224882688,0.224882688,0.8109375,0.7740808823529414,success,sgd,0.001,1000000,1e-06,0.002,0.9,9.999988959225735e-07,
1D-exp-vs-cauchy-32p,32,32,0.3956011882087629,173971,9.99999473009083e-07,,seconds,7.158915519714356,7.028434406965971,megabytes,550.0,550.0,79.0,77.18181818181819,0.225189888,0.225189888,0.81484375,0.7648674242424244,success,sgd,0.001,1000000,1e-06,0.002,0.9,9.99999473009083e-07,
1D-exp-vs-cauchy-32p,32,32,0.4531736864396367,178005,9.999974636173148e-07,,seconds,7.270858287811279,7.210459094494581,megabytes,550.0,550.0,79.0,75.55882352941177,0.225288192,0.225288192,0.81796875,0.772173713235294,success,sgd,0.001,1000000,1e-06,0.002,0.9,9.999974636173148e-07,
1D-exp-vs-cauchy-32p,32,32,0.451398218407182,176768,9.999970126378314e-07,,seconds,7.544671058654785,7.39886499196291,megabytes,550.0,550.0,78.0,73.64864864864865,0.225325056,0.225325056,0.809375,0.763576858108108,success,sgd,0.001,1000000,1e-06,0.002,0.9,9.999970126378314e-07,
1D-exp-vs-cauchy-32p,32,32,0.1808046799455033,189328,9.999991462564346e-07,,seconds,7.956908464431763,7.766636200249195,megabytes,550.0,550.0,78.0,74.89189189189189,0.224940032,0.224940032,0.8171875,0.7658994932432431,success,sgd,0.001,1000000,1e-06,0.002,0.9,9.999991462564346e-07,
1D-exp-vs-cauchy-32p,32,32,0.3165554619848127,175903,9.99998961906098e-07,,seconds,7.342180252075195,7.146383635699749,megabytes,550.0,550.0,79.0,75.97297297297297,0.225349632,0.225349632,0.809375,0.7648437499999999,success,sgd,0.001,1000000,1e-06,0.002,0.9,9.99998961906098e-07,
1D-exp-vs-cauchy-32p,32,32,0.724570917953794,1000000,0.0442131376275334,,seconds,40.581435441970825,40.430414620786905,megabytes,550.0,550.0,80.0,77.67368421052632,0.292323328,0.292323328,0.8203125,0.7757935855263157,success,sgd,0.001,1000000,1e-06,0.002,0.9,0.0442131376275334,
1D-exp-vs-cauchy-32p,32,32,0.4974780295890933,178652,9.999951036765363e-07,,seconds,7.624078035354614,7.464523304253817,megabytes,550.0,550.0,80.0,73.38461538461539,0.290045952,0.290045952,0.81015625,0.7614583333333335,success,sgd,0.001,1000000,1e-06,0.002,0.9,9.999951036765363e-07,
1D-exp-vs-cauchy-32p,32,32,0.1266081040247545,208066,9.999981563892977e-07,,seconds,8.793367624282837,8.672817658632994,megabytes,550.0,550.0,80.0,74.34146341463415,0.290148352,0.290148352,0.84921875,0.7643864329268292,success,sgd,0.001,1000000,1e-06,0.002,0.9,9.999981563892977e-07,
1D-exp-vs-cauchy-32p,32,32,0.1061163320559573,214890,9.999990361570506e-07,,seconds,9.019487857818604,8.862943649291992,megabytes,550.0,550.0,83.0,75.11904761904762,0.290123776,0.290123776,0.8125,0.7617001488095239,success,sgd,0.001,1000000,1e-06,0.002,0.9,9.999990361570506e-07,
1D-exp-vs-cauchy-32p,32,32,0.1051326275366999,233403,9.999979454255771e-07,,seconds,10.031070947647097,9.896837554872036,megabytes,550.0,550.0,78.0,73.57142857142857,0.290226176,0.290226176,0.81484375,0.7643654336734694,success,sgd,0.001,1000000,1e-06,0.002,0.9,9.999979454255771e-07,
1D-exp-vs-cauchy-32p,32,32,0.6542585351201402,184761,9.999987476370778e-07,,seconds,7.996225118637085,7.895014438778162,megabytes,550.0,550.0,79.0,72.7560975609756,0.289857536,0.289857536,0.81171875,0.7693788109756098,success,sgd,0.001,1000000,1e-06,0.002,0.9,9.999987476370778e-07,
1D-exp-vs-cauchy-32p,32,32,0.1866178419458527,190406,9.999942766106315e-07,,seconds,8.125903844833374,7.886408690363169,megabytes,550.0,550.0,78.0,74.02702702702703,0.225275904,0.225275904,0.81015625,0.761402027027027,success,sgd,0.001,1000000,1e-06,0.002,0.9,9.999942766106315e-07,
1D-exp-vs-cauchy-32p,32,32,0.0038397467644706,1000000,0.6861786552902632,,seconds,41.75341749191284,41.687161706388,megabytes,550.0,550.0,79.0,76.46192893401015,0.292360192,0.292360192,0.821875,0.7772009835025383,success,sgd,0.001,1000000,1e-06,0.002,0.9,0.6861786552902632,
1D-exp-vs-cauchy-32p,32,32,0.1571276964983989,194566,9.999996108908883e-07,,seconds,7.989434719085693,7.821141365915537,megabytes,550.0,550.0,79.0,75.97368421052632,0.290193408,0.290193408,0.80390625,0.7575246710526317,success,sgd,0.001,1000000,1e-06,0.002,0.9,9.999996108908883e-07,
1D-exp-vs-cauchy-32p,32,32,0.1069496190681176,219214,9.999951597135233e-07,,seconds,9.336530447006226,9.29736678674817,megabytes,550.0,550.0,80.0,73.52173913043478,0.290127872,0.290127872,0.8140625,0.7757302989130433,success,sgd,0.001,1000000,1e-06,0.002,0.9,9.999951597135233e-07,
1D-exp-vs-cauchy-32p,32,32,0.1124831634605237,220122,9.999953572328453e-07,,seconds,9.502274751663208,9.403166070580482,megabytes,550.0,550.0,75.0,73.66666666666667,0.290226176,0.290226176,0.8234375,0.7717830882352941,success,sgd,0.001,1000000,1e-06,0.002,0.9,9.999953572328453e-07,
1D-exp-vs-cauchy-32p,32,32,0.2068715511525161,195937,9.99997694964338e-07,,seconds,7.984908103942871,7.962079368531704,megabytes,550.0,550.0,81.0,75.72972972972973,0.225316864,0.225316864,0.81953125,0.7807643581081081,success,sgd,0.001,1000000,1e-06,0.002,0.9,9.99997694964338e-07,
1D-exp-vs-cauchy-32p,32,32,0.1959511717050631,185691,9.999996558259876e-07,,seconds,7.614041328430176,7.592106096446514,megabytes,550.0,550.0,79.0,75.72222222222223,0.225234944,0.225234944,0.79765625,0.7771050347222224,success,sgd,0.001,1000000,1e-06,0.002,0.9,9.999996558259876e-07,
1D-exp-vs-cauchy-32p,32,32,0.1369335976606899,198159,9.99999094457544e-07,,seconds,8.191832780838013,8.120899770408869,megabytes,550.0,550.0,79.0,75.69047619047619,0.289910784,0.289910784,0.80546875,0.7699776785714286,success,sgd,0.001,1000000,1e-06,0.002,0.9,9.99999094457544e-07,
1D-exp-vs-cauchy-32p,32,32,0.0833486616931799,422090,9.999984046955056e-07,,seconds,17.67416763305664,17.56959607079625,megabytes,550.0,550.0,78.0,75.89285714285714,0.291418112,0.291418112,0.8140625,0.7733258928571429,success,sgd,0.001,1000000,1e-06,0.002,0.9,9.999984046955056e-07,
1D-exp-vs-cauchy-32p,32,32,0.5068046772986113,181190,9.999982672781825e-07,,seconds,7.726536273956299,7.455130618065596,megabytes,550.0,550.0,79.0,73.55555555555556,0.225726464,0.225726464,0.81640625,0.7526692708333332,success,sgd,0.001,1000000,1e-06,0.002,0.9,9.999982672781825e-07,
1D-exp-vs-cauchy-32p,32,32,0.5878203768985102,182997,9.999964579956888e-07,,seconds,7.7572197914123535,7.588983904570341,megabytes,550.0,550.0,78.0,75.91666666666667,0.225394688,0.225394688,0.803125,0.7648437499999999,success,sgd,0.001,1000000,1e-06,0.002,0.9,9.999964579956888e-07,
1D-exp-vs-cauchy-32p,32,32,0.3201994276031719,176211,9.99996586694289e-07,,seconds,7.352859497070312,7.197781823575497,megabytes,550.0,550.0,79.0,75.0,0.225087488,0.225087488,0.8203125,0.7640165441176472,success,sgd,0.001,1000000,1e-06,0.002,0.9,9.99996586694289e-07,
1D-exp-vs-cauchy-32p,32,32,0.2295916351737197,1000000,0.6379374250163827,,seconds,41.43670630455017,41.29547094926238,megabytes,550.0,550.0,83.0,76.984375,0.292560896,0.292560896,0.815625,0.7768269856770829,success,sgd,0.001,1000000,1e-06,0.002,0.9,0.6379374250163827,
1D-exp-vs-cauchy-64p,64,64,0.1489871996642471,318349,9.999962593465206e-07,,seconds,14.331589937210085,14.218680199235678,megabytes,550.0,550.0,82.0,79.11940298507463,0.291475456,0.291475456,0.81171875,0.7713386194029852,success,sgd,0.001,1000000,1e-06,0.002,0.9,9.999962593465206e-07,
1D-exp-vs-cauchy-64p,64,64,0.2819957933577279,270562,9.999959999279044e-07,,seconds,12.146528720855711,12.111657075583937,megabytes,550.0,550.0,80.0,79.0909090909091,0.290451456,0.290451456,0.81640625,0.7756249999999999,success,sgd,0.001,1000000,1e-06,0.002,0.9,9.999959999279044e-07,
1D-exp-vs-cauchy-64p,64,64,0.6359936802250294,294758,9.999984145441724e-07,,seconds,13.276594400405884,13.159685641527176,megabytes,550.0,550.0,81.0,78.62295081967213,0.290545664,0.290545664,0.815625,0.7690061475409833,success,sgd,0.001,1000000,1e-06,0.002,0.9,9.999984145441724e-07,
1D-exp-vs-cauchy-64p,64,64,0.7001489527542963,378396,9.999962589555304e-07,,seconds,17.06270980834961,16.912251390516758,megabytes,550.0,550.0,82.0,79.48717948717949,0.291581952,0.291581952,0.82109375,0.7732371794871796,success,sgd,0.001,1000000,1e-06,0.002,0.9,9.999962589555304e-07,
1D-exp-vs-cauchy-64p,64,64,0.1624000603999269,306044,9.9999747740584e-07,,seconds,13.664663553237917,13.614290468394756,megabytes,550.0,550.0,82.0,79.86363636363636,0.290607104,0.290607104,0.815625,0.7768821022727272,success,sgd,0.001,1000000,1e-06,0.002,0.9,9.9999747740584e-07,
1D-exp-vs-cauchy-64p,64,64,0.2913323741302993,273821,9.99999754711276e-07,,seconds,12.22202467918396,12.217116747051476,megabytes,550.0,550.0,82.0,79.05084745762711,0.291520512,0.291520512,0.815625,0.7810778601694917,success,sgd,0.001,1000000,1e-06,0.002,0.9,9.99999754711276e-07,
1D-exp-vs-cauchy-64p,64,64,0.4185024060447448,261732,9.999997549405618e-07,,seconds,11.798075675964355,11.68909516185522,megabytes,550.0,550.0,81.0,79.05263157894737,0.290582528,0.290582528,0.8140625,0.7736979166666665,success,sgd,0.001,1000000,1e-06,0.002,0.9,9.999997549405618e-07,
1D-exp-vs-cauchy-64p,64,64,0.4291517091037702,257076,9.999997710634066e-07,,seconds,11.57131838798523,11.456733852624891,megabytes,550.0,550.0,81.0,79.08928571428571,0.290603008,0.290603008,0.81484375,0.7695172991071431,success,sgd,0.001,1000000,1e-06,0.002,0.9,9.999997710634066e-07,
1D-exp-vs-cauchy-64p,64,64,0.4146193308822852,256344,9.999976659530582e-07,,seconds,11.598551750183104,11.423746202141048,megabytes,550.0,550.0,81.0,78.3157894736842,0.290783232,0.290783232,0.8171875,0.7634320175438598,success,sgd,0.001,1000000,1e-06,0.002,0.9,9.999976659530582e-07,
1D-exp-vs-cauchy-64p,64,64,0.4490681875909824,257637,9.99996646418846e-07,,seconds,11.578046798706056,11.561924058943989,megabytes,550.0,550.0,81.0,77.75925925925925,0.29063168,0.29063168,0.803125,0.7761284722222224,success,sgd,0.001,1000000,1e-06,0.002,0.9,9.99996646418846e-07,
1D-exp-vs-cauchy-64p,64,64,0.1782306162357107,304148,9.99998904732266e-07,,seconds,13.77854061126709,13.60574984177947,megabytes,550.0,550.0,81.0,78.49230769230769,0.291852288,0.291852288,0.8171875,0.7707211538461538,success,sgd,0.001,1000000,1e-06,0.002,0.9,9.99998904732266e-07,
1D-exp-vs-cauchy-64p,64,64,0.3143549573771464,263581,9.999957933420171e-07,,seconds,11.968403816223145,11.821481332182884,megabytes,550.0,550.0,80.0,78.49090909090908,0.290750464,0.290750464,0.8171875,0.7666193181818182,success,sgd,0.001,1000000,1e-06,0.002,0.9,9.999957933420171e-07,
1D-exp-vs-cauchy-64p,64,64,0.7329307255490486,1000000,1.8984643714009125e-05,,seconds,44.92284512519837,44.75325021147728,megabytes,550.0,550.0,81.0,79.79904306220095,0.293023744,0.293023744,0.8203125,0.7752317583732061,success,sgd,0.001,1000000,1e-06,0.002,0.9,1.8984643714009125e-05,
1D-exp-vs-cauchy-64p,64,64,0.5367886317281164,266210,9.999970140258946e-07,,seconds,12.001935482025146,11.960379388183355,megabytes,550.0,550.0,80.0,78.49090909090908,0.290820096,0.290820096,0.809375,0.7759659090909089,success,sgd,0.001,1000000,1e-06,0.002,0.9,9.999970140258946e-07,
1D-exp-vs-cauchy-64p,64,64,0.123772034902648,345887,9.999974728364426e-07,,seconds,15.558734893798828,15.433169033378364,megabytes,550.0,550.0,81.0,79.10666666666667,0.291885056,0.291885056,0.81328125,0.7705729166666665,success,sgd,0.001,1000000,1e-06,0.002,0.9,9.999974728364426e-07,
1D-exp-vs-cauchy-64p,64,64,0.1031844102682963,364290,9.999974874560898e-07,,seconds,16.232781171798706,16.16521405801177,megabytes,550.0,550.0,81.0,79.7560975609756,0.291872768,0.291872768,0.82890625,0.775609756097561,success,sgd,0.001,1000000,1e-06,0.002,0.9,9.999974874560898e-07,
1D-exp-vs-cauchy-64p,64,64,0.1020179295003017,408468,9.99998227448705e-07,,seconds,18.3739492893219,18.24114340916276,megabytes,550.0,550.0,81.0,79.38636363636364,0.290947072,0.290947072,0.81796875,0.7747336647727273,success,sgd,0.001,1000000,1e-06,0.002,0.9,9.99998227448705e-07,
1D-exp-vs-cauchy-64p,64,64,0.6046105778207109,276807,9.999960077540173e-07,,seconds,12.387621641159058,12.239672888070343,megabytes,550.0,550.0,82.0,80.12698412698413,0.291794944,0.291794944,0.8078125,0.7656125992063493,success,sgd,0.001,1000000,1e-06,0.002,0.9,9.999960077540173e-07,
1D-exp-vs-cauchy-64p,64,64,0.1836512892266574,304302,9.99999867049668e-07,,seconds,13.560333251953123,13.537429001182318,megabytes,550.0,550.0,81.0,79.12307692307692,0.290885632,0.290885632,0.8109375,0.7731009615384615,success,sgd,0.001,1000000,1e-06,0.002,0.9,9.99999867049668e-07,
1D-exp-vs-cauchy-64p,64,64,0.0243908022824082,1000000,2.8094338133744876e-05,,seconds,44.7999119758606,44.76935194432736,megabytes,550.0,550.0,82.0,79.8755980861244,0.29294592,0.29294592,0.81875,0.7800500897129184,success,sgd,0.001,1000000,1e-06,0.002,0.9,2.8094338133744876e-05,
1D-exp-vs-cauchy-64p,64,64,0.1544834452657848,315207,9.99998071080167e-07,,seconds,14.24233078956604,14.098666198551657,megabytes,550.0,550.0,81.0,78.65151515151516,0.29186048,0.29186048,0.81640625,0.7694720643939393,success,sgd,0.001,1000000,1e-06,0.002,0.9,9.99998071080167e-07,
1D-exp-vs-cauchy-64p,64,64,0.1041173142370601,371454,9.999990455289591e-07,,seconds,16.61697244644165,16.540625512599945,megabytes,550.0,550.0,81.0,78.9620253164557,0.291033088,0.291033088,0.8140625,0.776414161392405,success,sgd,0.001,1000000,1e-06,0.002,0.9,9.999990455289591e-07,
1D-exp-vs-cauchy-64p,64,64,0.0998148067653404,370494,9.999957340859446e-07,,seconds,16.596155643463135,16.51093928143382,megabytes,550.0,550.0,82.0,79.15189873417721,0.292016128,0.292016128,0.81484375,0.7725573575949368,success,sgd,0.001,1000000,1e-06,0.002,0.9,9.999957340859446e-07,
1D-exp-vs-cauchy-64p,64,64,0.203290445381658,312094,9.999956348015924e-07,,seconds,14.094104528427124,13.922413043677809,megabytes,550.0,550.0,82.0,78.85074626865672,0.291188736,0.291188736,0.82109375,0.7704640858208956,success,sgd,0.001,1000000,1e-06,0.002,0.9,9.999956348015924e-07,
1D-exp-vs-cauchy-64p,64,64,0.193281228680917,293515,9.99999582767333e-07,,seconds,13.109122276306152,13.064893025904894,megabytes,550.0,550.0,82.0,78.55555555555556,0.291999744,0.291999744,0.81484375,0.7766865079365081,success,sgd,0.001,1000000,1e-06,0.002,0.9,9.99999582767333e-07,
1D-exp-vs-cauchy-64p,64,64,0.1342642911679106,324274,9.999971916164562e-07,,seconds,14.474663257598875,14.380828261375427,megabytes,550.0,550.0,82.0,79.28571428571429,0.291139584,0.291139584,0.81640625,0.7724888392857144,success,sgd,0.001,1000000,1e-06,0.002,0.9,9.999971916164562e-07,
1D-exp-vs-cauchy-64p,64,64,0.0713149276206038,874718,9.99997868274159e-07,,seconds,38.945701122283936,38.87718060612679,megabytes,550.0,550.0,82.0,79.76881720430107,0.293163008,0.293163008,0.8171875,0.7790070564516128,success,sgd,0.001,1000000,1e-06,0.002,0.9,9.99997868274159e-07,
1D-exp-vs-cauchy-64p,64,64,0.5460612107755137,261635,9.9999823947714e-07,,seconds,11.78651213645935,11.64948908239603,megabytes,550.0,550.0,82.0,79.14285714285714,0.291065856,0.291065856,0.80546875,0.7643136160714288,success,sgd,0.001,1000000,1e-06,0.002,0.9,9.9999823947714e-07,
1D-exp-vs-cauchy-64p,64,64,0.6312401699370939,268460,9.999977582598683e-07,,seconds,11.999629497528076,11.9261840172112,megabytes,550.0,550.0,82.0,79.88135593220339,0.291188736,0.291188736,0.81953125,0.7747219279661018,success,sgd,0.001,1000000,1e-06,0.002,0.9,9.999977582598683e-07,
1D-exp-vs-cauchy-64p,64,64,0.2887220705302442,266176,9.999994537597123e-07,,seconds,11.908364534378052,11.752312559634449,megabytes,550.0,550.0,82.0,80.43548387096774,0.291172352,0.291172352,0.80546875,0.7679183467741931,success,sgd,0.001,1000000,1e-06,0.002,0.9,9.999994537597123e-07,
1D-exp-vs-cauchy-64p,64,64,0.4921975757616553,1000000,1.9470833942238838e-05,,seconds,44.86424922943115,44.73891565576196,megabytes,550.0,550.0,81.0,79.57142857142857,0.293306368,0.293306368,0.81640625,0.7768489583333339,success,sgd,0.001,1000000,1e-06,0.002,0.9,1.9470833942238838e-05,
1D-exp-vs-cauchy-128p,128,128,0.1554236918684076,546994,9.99998465910885e-07,,seconds,26.86133074760437,26.71805392578244,megabytes,550.0,550.0,84.0,80.6,0.293183488,0.293183488,0.82109375,0.7730649038461541,success,sgd,0.001,1000000,1e-06,0.002,0.9,9.99998465910885e-07,
1D-exp-vs-cauchy-128p,128,128,0.2814281597305115,425916,9.99998796266638e-07,,seconds,21.359126806259155,21.202801678329703,megabytes,550.0,550.0,81.0,80.05,0.292294656,0.292294656,0.81484375,0.7711796874999999,success,sgd,0.001,1000000,1e-06,0.002,0.9,9.99998796266638e-07,
1D-exp-vs-cauchy-128p,128,128,0.6353367275918714,460261,9.999997395818307e-07,,seconds,22.42057228088379,22.286990970373157,megabytes,550.0,550.0,85.0,81.29807692307692,0.292323328,0.292323328,0.81953125,0.7749924879807696,success,sgd,0.001,1000000,1e-06,0.002,0.9,9.999997395818307e-07,
1D-exp-vs-cauchy-128p,128,128,0.6742324064746126,650194,9.99998799700988e-07,,seconds,31.23729085922241,31.09043449535966,megabytes,550.0,550.0,84.0,82.23611111111111,0.293236736,0.293236736,0.8203125,0.7733181423611107,success,sgd,0.001,1000000,1e-06,0.002,0.9,9.99998799700988e-07,
1D-exp-vs-cauchy-128p,128,128,0.1716741921289865,517899,9.999995375936817e-07,,seconds,25.12709951400757,24.96025051176548,megabytes,550.0,550.0,83.0,81.54166666666667,0.292544512,0.292544512,0.8140625,0.7716406249999999,success,sgd,0.001,1000000,1e-06,0.002,0.9,9.999995375936817e-07,
1D-exp-vs-cauchy-128p,128,128,0.2906210531749369,432649,9.999991789802873e-07,,seconds,21.706033945083615,21.6815721206367,megabytes,550.0,550.0,85.0,79.56862745098039,0.293285888,0.293285888,0.80859375,0.7785768995098039,success,sgd,0.001,1000000,1e-06,0.002,0.9,9.999991789802873e-07,
1D-exp-vs-cauchy-128p,128,128,0.4178737100128986,396500,9.999988743031502e-07,,seconds,19.58567357063293,19.540231462568045,megabytes,550.0,550.0,83.0,80.26373626373626,0.291500032,0.291500032,0.8171875,0.7759014423076926,success,sgd,0.001,1000000,1e-06,0.002,0.9,9.999988743031502e-07,
1D-exp-vs-cauchy-128p,128,128,0.4286430263106293,387939,9.9999729535032e-07,,seconds,19.60509943962097,19.433493498712775,megabytes,550.0,550.0,86.0,79.19565217391305,0.292614144,0.292614144,0.81328125,0.7713485054347826,success,sgd,0.001,1000000,1e-06,0.002,0.9,9.9999729535032e-07,
1D-exp-vs-cauchy-128p,128,128,0.4141461704839481,386796,9.999991222032203e-07,,seconds,19.062976837158203,18.978184703737497,megabytes,550.0,550.0,84.0,80.43820224719101,0.29251584,0.29251584,0.815625,0.7739290730337074,success,sgd,0.001,1000000,1e-06,0.002,0.9,9.999991222032203e-07,
1D-exp-vs-cauchy-128p,128,128,0.4676689844577396,385881,9.999999719633451e-07,,seconds,19.564623594284058,19.50693577900529,megabytes,550.0,550.0,84.0,78.54255319148936,0.292540416,0.292540416,0.8171875,0.7755651595744678,success,sgd,0.001,1000000,1e-06,0.002,0.9,9.999999719633451e-07,
1D-exp-vs-cauchy-128p,128,128,0.1689454819648815,506247,9.999980738554125e-07,,seconds,25.28366494178772,25.190291367471215,megabytes,550.0,550.0,82.0,79.77966101694915,0.293486592,0.293486592,0.81953125,0.7743246822033899,success,sgd,0.001,1000000,1e-06,0.002,0.9,9.999980738554125e-07,
1D-exp-vs-cauchy-128p,128,128,0.3138901661485918,410060,9.999987480451698e-07,,seconds,20.78843760490417,20.610529866069555,megabytes,550.0,550.0,84.0,79.03061224489795,0.292827136,0.292827136,0.82265625,0.7698262117346935,success,sgd,0.001,1000000,1e-06,0.002,0.9,9.999987480451698e-07,
1D-exp-vs-cauchy-128p,128,128,0.731491487235495,1000000,3.487477150143334e-05,,seconds,49.52981400489807,49.45971826463938,megabytes,550.0,550.0,83.0,80.5646551724138,0.293707776,0.293707776,0.81875,0.7779431573275863,success,sgd,0.001,1000000,1e-06,0.002,0.9,3.487477150143334e-05,
1D-exp-vs-cauchy-128p,128,128,0.5362200536422413,400316,9.999977208787109e-07,,seconds,20.539345741271973,20.37105680629611,megabytes,550.0,550.0,81.0,78.45544554455445,0.292859904,0.292859904,0.82265625,0.7702738242574257,success,sgd,0.001,1000000,1e-06,0.002,0.9,9.999977208787109e-07,
1D-exp-vs-cauchy-128p,128,128,0.1230749712827933,610526,9.99998882722155e-07,,seconds,30.49568891525269,30.376409828662872,megabytes,550.0,550.0,83.0,79.8169014084507,0.293605376,0.293605376,0.81796875,0.7764029489436618,success,sgd,0.001,1000000,1e-06,0.002,0.9,9.99998882722155e-07,
1D-exp-vs-cauchy-128p,128,128,0.1023946609007888,652821,9.999990251665766e-07,,seconds,32.96905446052551,32.829138204455376,megabytes,550.0,550.0,83.0,79.68589743589743,0.293605376,0.293605376,0.821875,0.7757912660256407,success,sgd,0.001,1000000,1e-06,0.002,0.9,9.999990251665766e-07,
1D-exp-vs-cauchy-128p,128,128,0.1011553858199009,755868,9.9999763935668e-07,,seconds,37.5569634437561,37.55018109828234,megabytes,550.0,550.0,83.0,79.92655367231639,0.29362176,0.29362176,0.82265625,0.7815413135593214,success,sgd,0.001,1000000,1e-06,0.002,0.9,9.9999763935668e-07,
1D-exp-vs-cauchy-128p,128,128,0.6272801223218861,420983,9.999972396721217e-07,,seconds,21.38020086288452,21.19667057693005,megabytes,550.0,550.0,86.0,79.1826923076923,0.292859904,0.292859904,0.82109375,0.77265625,success,sgd,0.001,1000000,1e-06,0.002,0.9,9.999972396721217e-07,
1D-exp-vs-cauchy-128p,128,128,0.1726590160283728,506498,9.999993844812857e-07,,seconds,25.65213179588318,25.646482419222597,megabytes,550.0,550.0,84.0,78.65354330708661,0.292777984,0.292777984,0.81796875,0.7809301181102359,success,sgd,0.001,1000000,1e-06,0.002,0.9,9.999993844812857e-07,
1D-exp-vs-cauchy-128p,128,128,0.0242035428802476,1000000,7.301516739274488e-05,,seconds,50.0633180141449,50.04071066901088,megabytes,550.0,550.0,86.0,80.29113924050633,0.293711872,0.293711872,0.81484375,0.7785436445147679,success,sgd,0.001,1000000,1e-06,0.002,0.9,7.301516739274488e-05,
1D-exp-vs-cauchy-128p,128,128,0.1538369971640422,538966,9.99999773785255e-07,,seconds,26.90290641784668,26.78804027289152,megabytes,550.0,550.0,85.0,79.89922480620154,0.293675008,0.293675008,0.8171875,0.7754178779069771,success,sgd,0.001,1000000,1e-06,0.002,0.9,9.99999773785255e-07,
1D-exp-vs-cauchy-128p,128,128,0.1033632573468196,669402,9.99996945416619e-07,,seconds,33.77394819259644,33.71572136133909,megabytes,550.0,550.0,83.0,79.6890243902439,0.293728256,0.293728256,0.815625,0.7761337652439028,success,sgd,0.001,1000000,1e-06,0.002,0.9,9.99996945416619e-07,
1D-exp-vs-cauchy-128p,128,128,0.0990536970328985,665146,9.99998055043426e-07,,seconds,32.807377338409424,32.763021513819695,megabytes,550.0,550.0,84.0,80.54777070063695,0.29382656,0.29382656,0.8140625,0.7793491242038213,success,sgd,0.001,1000000,1e-06,0.002,0.9,9.99998055043426e-07,
1D-exp-vs-cauchy-128p,128,128,0.2023526500016373,526668,9.999981450937518e-07,,seconds,26.527549982070923,26.385656639933583,megabytes,550.0,550.0,86.0,79.86507936507937,0.293773312,0.293773312,0.8171875,0.7753472222222221,success,sgd,0.001,1000000,1e-06,0.002,0.9,9.999981450937518e-07,
1D-exp-vs-cauchy-128p,128,128,0.1926626196211695,483249,9.999988363300036e-07,,seconds,24.2070734500885,24.128478173166517,megabytes,550.0,550.0,83.0,79.61739130434782,0.292990976,0.292990976,0.815625,0.7763315217391303,success,sgd,0.001,1000000,1e-06,0.002,0.9,9.999988363300036e-07,
1D-exp-vs-cauchy-128p,128,128,0.1406246148999301,563548,9.999998545005597e-07,,seconds,28.946518659591675,28.89979138597846,megabytes,550.0,550.0,84.0,77.92567567567568,0.293883904,0.293883904,0.81875,0.7789379222972972,success,sgd,0.001,1000000,1e-06,0.002,0.9,9.999998545005597e-07,
1D-exp-vs-cauchy-128p,128,128,0.0698878516109992,1000000,7.181743020014041e-05,,seconds,48.76511025428772,48.64384401962161,megabytes,550.0,550.0,86.0,81.5701754385965,0.29403136,0.29403136,0.825,0.7761513157894744,success,sgd,0.001,1000000,1e-06,0.002,0.9,7.181743020014041e-05,
1D-exp-vs-cauchy-128p,128,128,0.5456070960740529,388350,9.999994814432374e-07,,seconds,20.09708309173584,20.01956321671605,megabytes,550.0,550.0,81.0,76.94285714285714,0.293093376,0.293093376,0.8109375,0.7784895833333337,success,sgd,0.001,1000000,1e-06,0.002,0.9,9.999994814432374e-07,
1D-exp-vs-cauchy-128p,128,128,0.6078360296827465,405815,9.999982106201582e-07,,seconds,20.150672912597656,20.006448414176702,megabytes,550.0,550.0,83.0,80.09375,0.293072896,0.293072896,0.8109375,0.7722005208333332,success,sgd,0.001,1000000,1e-06,0.002,0.9,9.999982106201582e-07,
1D-exp-vs-cauchy-128p,128,128,0.3024975613730074,416032,9.999968649679334e-07,,seconds,21.01527738571167,20.93969820812345,megabytes,550.0,550.0,86.0,79.10891089108911,0.293101568,0.293101568,0.81328125,0.7741800742574255,success,sgd,0.001,1000000,1e-06,0.002,0.9,9.999968649679334e-07,
1D-exp-vs-cauchy-128p,128,128,0.4904784164609629,1000000,2.9757602993704217e-05,,seconds,49.85881280899048,49.85412102565169,megabytes,550.0,550.0,86.0,79.92857142857143,0.29413376,0.29413376,0.82109375,0.7807805934873953,success,sgd,0.001,1000000,1e-06,0.002,0.9,2.9757602993704217e-05,
1D-exp-vs-cauchy-256p,256,256,0.1517278530687886,982181,9.999998104177343e-07,,seconds,52.08186197280884,52.042311090976,megabytes,552.0,552.0,84.0,82.8225806451613,0.294293504,0.294293504,0.825,0.7789566532258059,success,sgd,0.001,1000000,1e-06,0.002,0.9,9.999998104177343e-07,
1D-exp-vs-cauchy-256p,256,256,0.2813052434234949,701100,9.999981887641454e-07,,seconds,37.14330577850342,37.00133901834488,megabytes,552.0,552.0,85.0,83.22404371584699,0.294211584,0.294211584,0.81875,0.7768912226775956,success,sgd,0.001,1000000,1e-06,0.002,0.9,9.999981887641454e-07,
1D-exp-vs-cauchy-256p,256,256,0.6351724734438096,740129,9.999978959466045e-07,,seconds,39.327117681503296,39.18067145720124,megabytes,552.0,552.0,85.0,82.80319148936171,0.294232064,0.294232064,0.81875,0.7747132646276591,success,sgd,0.001,1000000,1e-06,0.002,0.9,9.999978959466045e-07,
1D-exp-vs-cauchy-256p,256,256,0.6864751627179555,1000000,1.494874399880528e-06,,seconds,52.99458360671997,52.86223863437772,megabytes,552.0,552.0,84.0,83.0,0.294322176,0.294322176,0.8203125,0.7756622314453119,success,sgd,0.001,1000000,1e-06,0.002,0.9,1.494874399880528e-06,
1D-exp-vs-cauchy-256p,256,256,0.1715001452351822,921046,9.999978204636272e-07,,seconds,48.87792420387268,48.76487623900175,megabytes,552.0,552.0,85.0,83.02127659574468,0.294346752,0.294346752,0.821875,0.7762832446808509,success,sgd,0.001,1000000,1e-06,0.002,0.9,9.999978204636272e-07,
1D-exp-vs-cauchy-256p,256,256,0.2904601989331821,712639,9.999980186513948e-07,,seconds,37.753684759140015,37.64551321789622,megabytes,552.0,552.0,85.0,83.06486486486486,0.29431808,0.29431808,0.821875,0.7751097972972976,success,sgd,0.001,1000000,1e-06,0.002,0.9,9.999980186513948e-07,
1D-exp-vs-cauchy-256p,256,256,0.4177306207781127,617964,9.999998541736969e-07,,seconds,32.771278381347656,32.703305795788765,megabytes,552.0,552.0,84.0,82.84713375796179,0.294322176,0.294322176,0.81640625,0.7768312101910826,success,sgd,0.001,1000000,1e-06,0.002,0.9,9.999998541736969e-07,
1D-exp-vs-cauchy-256p,256,256,0.4285264653774693,596971,9.999992426843312e-07,,seconds,31.666577577590942,31.5436366610229,megabytes,552.0,552.0,85.0,82.68831168831169,0.294354944,0.294354944,0.809375,0.775999391233766,success,sgd,0.001,1000000,1e-06,0.002,0.9,9.999992426843312e-07,
1D-exp-vs-cauchy-256p,256,256,0.4229559880861475,595398,9.999997198098824e-07,,seconds,31.640788555145264,31.46761996671557,megabytes,552.0,552.0,85.0,82.94701986754967,0.294539264,0.294539264,0.8171875,0.7738358857615893,success,sgd,0.001,1000000,1e-06,0.002,0.9,9.999997198098824e-07,
1D-exp-vs-cauchy-256p,256,256,0.4579600431555068,589234,9.999984150006836e-07,,seconds,31.216848611831665,31.216887835413218,megabytes,552.0,552.0,84.0,82.58904109589041,0.294436864,0.294436864,0.834375,0.7809342893835615,success,sgd,0.001,1000000,1e-06,0.002,0.9,9.999984150006836e-07,
1D-exp-vs-cauchy-256p,256,256,0.1731257708952858,893850,9.99997785838858e-07,,seconds,47.34635925292969,47.2392773590982,megabytes,552.0,552.0,85.0,83.11504424778761,0.29454336,0.29454336,0.82109375,0.7781526548672568,success,sgd,0.001,1000000,1e-06,0.002,0.9,9.99997785838858e-07,
1D-exp-vs-cauchy-256p,256,256,0.3137901343579177,660546,9.999985649080609e-07,,seconds,34.87066841125488,34.748349506407976,megabytes,552.0,552.0,85.0,83.29310344827586,0.29452288,0.29452288,0.815625,0.775089798850575,success,sgd,0.001,1000000,1e-06,0.002,0.9,9.999985649080609e-07,
1D-exp-vs-cauchy-256p,256,256,0.7180681460964558,1000000,6.260981821844303e-05,,seconds,52.82241773605347,52.82283055782318,megabytes,552.0,552.0,84.0,82.7915057915058,0.294576128,0.294576128,0.81875,0.7797991071428566,success,sgd,0.001,1000000,1e-06,0.002,0.9,6.260981821844303e-05,
1D-exp-vs-cauchy-256p,256,256,0.5360832889329951,615220,9.999982887869452e-07,,seconds,32.805166721343994,32.63952022045851,megabytes,552.0,552.0,84.0,82.27450980392157,0.294576128,0.294576128,0.81875,0.7754442401960784,success,sgd,0.001,1000000,1e-06,0.002,0.9,9.999982887869452e-07,
1D-exp-vs-cauchy-256p,256,256,0.1229163242996671,1000000,1.4180491456133172e-06,,seconds,53.06804084777832,52.88941299915314,megabytes,552.0,552.0,85.0,83.00389105058366,0.294735872,0.294735872,0.81640625,0.7758055690661481,success,sgd,0.001,1000000,1e-06,0.002,0.9,1.4180491456133172e-06,
1D-exp-vs-cauchy-256p,256,256,0.1021891050618475,1000000,2.041805831182e-06,,seconds,52.98100471496582,52.88639770075679,megabytes,552.0,552.0,84.0,82.94861660079052,0.294612992,0.294612992,0.83515625,0.7780570652173916,success,sgd,0.001,1000000,1e-06,0.002,0.9,2.041805831182e-06,
1D-exp-vs-cauchy-256p,256,256,0.100653714347897,1000000,1.911127051621112e-05,,seconds,53.22060585021973,53.05317335575819,megabytes,552.0,552.0,84.0,82.5378486055777,0.29462528,0.29462528,0.81484375,0.7766621015936257,success,sgd,0.001,1000000,1e-06,0.002,0.9,1.911127051621112e-05,
1D-exp-vs-cauchy-256p,256,256,0.6154766485900426,656814,9.99998184259442e-07,,seconds,34.78324103355408,34.742246363312006,megabytes,552.0,552.0,84.0,82.58579881656804,0.294506496,0.294506496,0.83828125,0.777542529585799,success,sgd,0.001,1000000,1e-06,0.002,0.9,9.99998184259442e-07,
1D-exp-vs-cauchy-256p,256,256,0.1724986648764772,894350,9.999993822432425e-07,,seconds,47.23541712760925,47.06737867370248,megabytes,552.0,552.0,84.0,83.1097046413502,0.294764544,0.294764544,0.82109375,0.7755373154008438,success,sgd,0.001,1000000,1e-06,0.002,0.9,9.999993822432425e-07,
1D-exp-vs-cauchy-256p,256,256,0.0219230589623356,1000000,0.0001840345875642,,seconds,53.161120891571045,53.01068712770939,megabytes,552.0,552.0,85.0,82.64658634538152,0.29466624,0.29466624,0.81796875,0.7759036144578316,success,sgd,0.001,1000000,1e-06,0.002,0.9,0.0001840345875642,
1D-exp-vs-cauchy-256p,256,256,0.1497390174800145,962458,9.999994479995213e-07,,seconds,50.9240882396698,50.81263107061386,megabytes,552.0,552.0,85.0,83.13306451612904,0.294699008,0.294699008,0.8203125,0.7771767893145163,success,sgd,0.001,1000000,1e-06,0.002,0.9,9.999994479995213e-07,
1D-exp-vs-cauchy-256p,256,256,0.1051443514727188,1000000,2.53985360661293e-06,,seconds,52.90749859809876,52.77429482340813,megabytes,552.0,552.0,84.0,82.7734375,0.294756352,0.294756352,0.821875,0.7788543701171877,success,sgd,0.001,1000000,1e-06,0.002,0.9,2.53985360661293e-06,
1D-exp-vs-cauchy-256p,256,256,0.0988556830300376,1000000,2.326937104830137e-06,,seconds,53.0577437877655,52.97202111780644,megabytes,552.0,552.0,85.0,83.13492063492063,0.294756352,0.294756352,0.81796875,0.7799386160714294,success,sgd,0.001,1000000,1e-06,0.002,0.9,2.326937104830137e-06,
1D-exp-vs-cauchy-256p,256,256,0.1960042287731966,933573,9.999992597875726e-07,,seconds,49.48532485961914,49.37828627228737,megabytes,552.0,552.0,85.0,82.85106382978724,0.294776832,0.294776832,0.815625,0.7766988031914892,success,sgd,0.001,1000000,1e-06,0.002,0.9,9.999992597875726e-07,
1D-exp-vs-cauchy-256p,256,256,0.1925289366859401,839156,9.999994834621146e-07,,seconds,44.648733139038086,44.50725241005421,megabytes,552.0,552.0,84.0,82.5308056872038,0.294825984,0.294825984,0.81875,0.7757886552132702,success,sgd,0.001,1000000,1e-06,0.002,0.9,9.999994834621146e-07,
1D-exp-vs-cauchy-256p,256,256,0.1369219310818597,1000000,1.047561349727565e-06,,seconds,52.74651312828064,52.6799669675529,megabytes,552.0,552.0,85.0,83.21969696969697,0.294903808,0.294903808,0.815625,0.7785688920454549,success,sgd,0.001,1000000,1e-06,0.002,0.9,1.047561349727565e-06,
1D-exp-vs-cauchy-256p,256,256,0.0667679674405578,1000000,0.0002093211332165,,seconds,52.874844789505005,52.731990449130535,megabytes,552.0,552.0,85.0,83.05813953488372,0.294920192,0.294920192,0.8203125,0.7766291182170542,success,sgd,0.001,1000000,1e-06,0.002,0.9,0.0002093211332165,
1D-exp-vs-cauchy-256p,256,256,0.5350184535602855,588731,9.999989998714387e-07,,seconds,31.208824157714844,31.087239526212212,megabytes,552.0,552.0,84.0,82.37748344370861,0.294842368,0.294842368,0.8265625,0.7739083195364238,success,sgd,0.001,1000000,1e-06,0.002,0.9,9.999989998714387e-07,
1D-exp-vs-cauchy-256p,256,256,0.6077255306211824,626159,9.999996543180505e-07,,seconds,33.321696758270264,33.251892793923616,megabytes,552.0,552.0,84.0,82.25641025641026,0.294842368,0.294842368,0.8171875,0.7772686298076928,success,sgd,0.001,1000000,1e-06,0.002,0.9,9.999996543180505e-07,
1D-exp-vs-cauchy-256p,256,256,0.3023806230285886,673652,9.99999320582016e-07,,seconds,35.76612710952759,35.6422699354589,megabytes,552.0,552.0,85.0,82.88372093023256,0.29485056,0.29485056,0.81953125,0.7775572311046514,success,sgd,0.001,1000000,1e-06,0.002,0.9,9.99999320582016e-07,
1D-exp-vs-cauchy-256p,256,256,0.4899810167537863,1000000,5.817899984469401e-05,,seconds,53.149969816207886,52.97152782604098,megabytes,552.0,552.0,84.0,82.9090909090909,0.2951168,0.2951168,0.81953125,0.7770164278656124,success,sgd,0.001,1000000,1e-06,0.002,0.9,5.817899984469401e-05,
1D-exp-vs-cauchy-512p,512,512,0.1528570357211071,1000000,2.864754874334603e-05,,seconds,69.19349431991577,69.06602672114968,megabytes,558.0,558.0,86.0,85.12536443148689,0.295206912,0.295206912,0.81953125,0.7762299562682212,success,sgd,0.001,1000000,1e-06,0.002,0.9,2.864754874334603e-05,
1D-exp-vs-cauchy-512p,512,512,0.2778100811429512,1000000,1.4456642245306075e-06,,seconds,69.60838270187378,69.44928357377648,megabytes,558.0,558.0,86.0,84.83132530120481,0.295251968,0.295251968,0.82421875,0.7778143825301208,success,sgd,0.001,1000000,1e-06,0.002,0.9,1.4456642245306075e-06,
1D-exp-vs-cauchy-512p,512,512,0.6410918744017375,1000000,1.6455160608136327e-06,,seconds,69.48254299163818,69.44188537448645,megabytes,558.0,558.0,86.0,84.8429003021148,0.293326848,0.293326848,0.8203125,0.7797677492447133,success,sgd,0.001,1000000,1e-06,0.002,0.9,1.6455160608136327e-06,
1D-exp-vs-cauchy-512p,512,512,0.6796833106834952,1000000,0.0001475939255248,,seconds,69.62423849105835,69.4601601883769,megabytes,558.0,558.0,86.0,84.7643504531722,0.293380096,0.293380096,0.82265625,0.7779503398791539,success,sgd,0.001,1000000,1e-06,0.002,0.9,0.0001475939255248,
1D-exp-vs-cauchy-512p,512,512,0.1686331389855651,1000000,1.6094742420513605e-05,,seconds,69.47304725646973,69.3706244789064,megabytes,558.0,558.0,86.0,84.71428571428571,0.293421056,0.293421056,0.8234375,0.7781344984802424,success,sgd,0.001,1000000,1e-06,0.002,0.9,1.6094742420513605e-05,
1D-exp-vs-cauchy-512p,512,512,0.2866859467154209,1000000,1.5425425886124524e-06,,seconds,69.3575587272644,69.34501929208636,megabytes,558.0,558.0,86.0,85.05671641791045,0.293429248,0.293429248,0.82109375,0.7777145522388065,success,sgd,0.001,1000000,1e-06,0.002,0.9,1.5425425886124524e-06,
1D-exp-vs-cauchy-512p,512,512,0.4130672642976494,995865,9.999992032891096e-07,,seconds,69.24563884735107,69.09623420238495,megabytes,558.0,558.0,86.0,84.937125748503,0.293502976,0.293502976,0.82265625,0.7773343937125746,success,sgd,0.001,1000000,1e-06,0.002,0.9,9.999992032891096e-07,
1D-exp-vs-cauchy-512p,512,512,0.4284931794101387,945690,9.999988139373849e-07,,seconds,65.68287873268127,65.60492856428027,megabytes,558.0,558.0,86.0,84.72523961661342,0.293490688,0.293490688,0.82109375,0.7773886781150163,success,sgd,0.001,1000000,1e-06,0.002,0.9,9.999988139373849e-07,
1D-exp-vs-cauchy-512p,512,512,0.4229244054480864,943649,9.99999493604117e-07,,seconds,65.59845232963562,65.46067804098129,megabytes,558.0,558.0,86.0,84.99038461538461,0.29356032,0.29356032,0.8203125,0.7767778445512823,success,sgd,0.001,1000000,1e-06,0.002,0.9,9.99999493604117e-07,
1D-exp-vs-cauchy-512p,512,512,0.4627109562007592,922740,9.99998768287673e-07,,seconds,64.00976037979126,63.97623632848263,megabytes,558.0,558.0,86.0,85.0688524590164,0.293568512,0.293568512,0.8171875,0.7791854508196712,success,sgd,0.001,1000000,1e-06,0.002,0.9,9.99998768287673e-07,
1D-exp-vs-cauchy-512p,512,512,0.172879652851659,1000000,1.128991255276597e-05,,seconds,69.13125419616699,69.06345495209098,megabytes,558.0,558.0,86.0,85.30409356725146,0.293695488,0.293695488,0.8140625,0.7784539473684212,success,sgd,0.001,1000000,1e-06,0.002,0.9,1.128991255276597e-05,
1D-exp-vs-cauchy-512p,512,512,0.3102108585062816,1000000,1.1908192147452966e-06,,seconds,69.4368987083435,69.37459907308221,megabytes,558.0,558.0,86.0,84.88719512195122,0.29364224,0.29364224,0.8265625,0.7778725228658532,success,sgd,0.001,1000000,1e-06,0.002,0.9,1.1908192147452966e-06,
1D-exp-vs-cauchy-512p,512,512,0.7177183557151534,1000000,0.0001229635547776,,seconds,69.45473051071167,69.41590435802937,megabytes,558.0,558.0,86.0,84.74922600619195,0.29364224,0.29364224,0.8234375,0.7783330108359136,success,sgd,0.001,1000000,1e-06,0.002,0.9,0.0001229635547776,
1D-exp-vs-cauchy-512p,512,512,0.5360448082164139,972979,9.999999943898011e-07,,seconds,67.50906467437744,67.40684085711837,megabytes,558.0,558.0,86.0,85.16564417177914,0.29362176,0.29362176,0.83671875,0.7790907783742327,success,sgd,0.001,1000000,1e-06,0.002,0.9,9.999999943898011e-07,
1D-exp-vs-cauchy-512p,512,512,0.1226099660378914,1000000,7.145611859339364e-05,,seconds,69.61078834533691,69.50906617194414,megabytes,558.0,558.0,86.0,84.76086956521739,0.29364224,0.29364224,0.81953125,0.7775475543478257,success,sgd,0.001,1000000,1e-06,0.002,0.9,7.145611859339364e-05,
1D-exp-vs-cauchy-512p,512,512,0.098894753883565,1000000,9.21477723707345e-05,,seconds,69.24547266960144,69.11176768690348,megabytes,558.0,558.0,86.0,85.26822157434403,0.293650432,0.293650432,0.81953125,0.7784256559766766,success,sgd,0.001,1000000,1e-06,0.002,0.9,9.21477723707345e-05,
1D-exp-vs-cauchy-512p,512,512,0.0963468828466167,1000000,0.0001854970754114,,seconds,69.59589838981628,69.46639700978994,megabytes,558.0,558.0,86.0,84.78086419753086,0.293670912,0.293670912,0.8171875,0.7758559992283954,success,sgd,0.001,1000000,1e-06,0.002,0.9,0.0001854970754114,
1D-exp-vs-cauchy-512p,512,512,0.6154357708278339,1000000,1.1005995064949434e-06,,seconds,69.3186547756195,69.32228974252939,megabytes,558.0,558.0,86.0,84.91768292682927,0.2936832,0.2936832,0.825,0.7785846989329267,success,sgd,0.001,1000000,1e-06,0.002,0.9,1.1005995064949434e-06,
1D-exp-vs-cauchy-512p,512,512,0.1747895773376412,1000000,1.1461010093259816e-05,,seconds,69.31696319580078,69.28739408403635,megabytes,558.0,558.0,86.0,85.1117824773414,0.293830656,0.293830656,0.81953125,0.7789440143504541,success,sgd,0.001,1000000,1e-06,0.002,0.9,1.1461010093259816e-05,
1D-exp-vs-cauchy-512p,512,512,0.0191226296786802,1000000,0.000252488271765,,seconds,69.61683917045593,69.4580042399466,megabytes,558.0,558.0,86.0,84.80246913580247,0.2937856,0.2937856,0.84140625,0.7755666473765429,success,sgd,0.001,1000000,1e-06,0.002,0.9,0.000252488271765,
1D-exp-vs-cauchy-512p,512,512,0.1492477822241407,1000000,2.335164838413883e-05,,seconds,69.38269758224487,69.38597312197089,megabytes,558.0,558.0,86.0,84.79503105590062,0.293855232,0.293855232,0.8265625,0.7798452057453417,success,sgd,0.001,1000000,1e-06,0.002,0.9,2.335164838413883e-05,
1D-exp-vs-cauchy-512p,512,512,0.101555946619694,1000000,0.0001151500690054,,seconds,69.39645099639893,69.40348277240992,megabytes,558.0,558.0,86.0,84.93251533742331,0.293855232,0.293855232,0.8203125,0.7805142829754602,success,sgd,0.001,1000000,1e-06,0.002,0.9,0.0001151500690054,
1D-exp-vs-cauchy-512p,512,512,0.0976609965118617,1000000,0.0001074408542526,,seconds,69.55371642112732,69.48926166817546,megabytes,558.0,558.0,86.0,84.82866043613707,0.293965824,0.293965824,0.81484375,0.7780957943925236,success,sgd,0.001,1000000,1e-06,0.002,0.9,0.0001074408542526,
1D-exp-vs-cauchy-512p,512,512,0.1956561791627099,1000000,1.7731368471666258e-05,,seconds,69.56027173995972,69.3820216357708,megabytes,558.0,558.0,86.0,84.82926829268293,0.294068224,0.294068224,0.81640625,0.7765934641768294,success,sgd,0.001,1000000,1e-06,0.002,0.9,1.7731368471666258e-05,
1D-exp-vs-cauchy-512p,512,512,0.1924281053228579,1000000,4.478642627215526e-06,,seconds,69.26794958114624,69.25017901137471,megabytes,558.0,558.0,86.0,84.86850152905198,0.293998592,0.293998592,0.81875,0.7789492545871558,success,sgd,0.001,1000000,1e-06,0.002,0.9,4.478642627215526e-06,
1D-exp-vs-cauchy-512p,512,512,0.1361351037329548,1000000,3.712272507328303e-05,,seconds,69.41208171844482,69.24118065088987,megabytes,558.0,558.0,86.0,84.90963855421687,0.294166528,0.294166528,0.8171875,0.7765013177710842,success,sgd,0.001,1000000,1e-06,0.002,0.9,3.712272507328303e-05,
1D-exp-vs-cauchy-512p,512,512,0.0625061608517026,1000000,0.0003037356643709,,seconds,69.1814272403717,69.08968080207705,megabytes,558.0,558.0,86.0,85.04093567251462,0.294014976,0.294014976,0.81796875,0.7777937682748542,success,sgd,0.001,1000000,1e-06,0.002,0.9,0.0003037356643709,
1D-exp-vs-cauchy-512p,512,512,0.534986320462274,908740,9.99999739172217e-07,,seconds,63.23011255264282,63.06006072834134,megabytes,558.0,558.0,86.0,84.72909698996655,0.294137856,0.294137856,0.8234375,0.7769544314381268,success,sgd,0.001,1000000,1e-06,0.002,0.9,9.99999739172217e-07,
1D-exp-vs-cauchy-512p,512,512,0.6076936066843446,983002,9.999990364828224e-07,,seconds,68.31962466239929,68.21722739562392,megabytes,558.0,558.0,86.0,84.77846153846154,0.294055936,0.294055936,0.81875,0.7775216346153845,success,sgd,0.001,1000000,1e-06,0.002,0.9,9.999990364828224e-07,
1D-exp-vs-cauchy-512p,512,512,0.3023435305418562,1000000,1.2677387028039022e-06,,seconds,69.50181674957275,69.41596234589815,megabytes,558.0,558.0,86.0,84.94864048338368,0.294055936,0.294055936,0.81640625,0.7764114425981876,success,sgd,0.001,1000000,1e-06,0.002,0.9,1.2677387028039022e-06,
1D-exp-vs-cauchy-512p,512,512,0.4896685206313413,1000000,0.0001069572402005,,seconds,69.28295421600342,69.12377061322331,megabytes,558.0,558.0,86.0,85.00293255131965,0.294084608,0.294084608,0.82109375,0.7765143878299119,success,sgd,0.001,1000000,1e-06,0.002,0.9,0.0001069572402005,
1D-exp-vs-cauchy-1024p,1024,1024,0.1449355801614868,1000000,0.000241746213078,,seconds,90.64105749130248,90.58624590933324,megabytes,584.0,584.0,91.0,89.75409836065573,0.294260736,0.294260736,0.8203125,0.7784342066744735,success,sgd,0.001,1000000,1e-06,0.002,0.9,0.000241746213078,
1D-exp-vs-cauchy-1024p,1024,1024,0.277258821382126,1000000,2.1452178280972915e-05,,seconds,89.68615651130676,89.58893808349967,megabytes,584.0,584.0,93.0,92.07209302325582,0.294330368,0.294330368,0.81953125,0.7784520348837205,success,sgd,0.001,1000000,1e-06,0.002,0.9,2.1452178280972915e-05,
1D-exp-vs-cauchy-1024p,1024,1024,0.6361930139849292,1000000,0.0003006038910884,,seconds,91.63693809509276,91.60348333790898,megabytes,584.0,584.0,91.0,89.08616780045351,0.29431808,0.29431808,0.821875,0.7782897534013609,success,sgd,0.001,1000000,1e-06,0.002,0.9,0.0003006038910884,
1D-exp-vs-cauchy-1024p,1024,1024,0.6810350081981474,1000000,0.0003370637041261,,seconds,87.96523904800415,87.86299957334995,megabytes,584.0,584.0,94.0,92.89952153110048,0.294408192,0.294408192,0.82421875,0.7791753887559809,success,sgd,0.001,1000000,1e-06,0.002,0.9,0.0003370637041261,
1D-exp-vs-cauchy-1024p,1024,1024,0.165813971166669,1000000,0.0001643691433031,,seconds,88.2107994556427,88.03801142424345,megabytes,586.0,586.0,94.0,92.88701923076924,0.294567936,0.294567936,0.81953125,0.775766225961539,success,sgd,0.001,1000000,1e-06,0.002,0.9,0.0001643691433031,
1D-exp-vs-cauchy-1024p,1024,1024,0.2860362653119037,1000000,2.629498860965636e-05,,seconds,87.93919730186462,87.85285963118076,megabytes,586.0,586.0,94.0,93.1355140186916,0.2945024,0.2945024,0.825,0.7789993428738325,success,sgd,0.001,1000000,1e-06,0.002,0.9,2.629498860965636e-05,
1D-exp-vs-cauchy-1024p,1024,1024,0.4152941816589539,1000000,3.5364849024927644e-06,,seconds,91.7009735107422,91.62825213745236,megabytes,586.0,586.0,91.0,89.39359267734554,0.294510592,0.294510592,0.82421875,0.7783127145308918,success,sgd,0.001,1000000,1e-06,0.002,0.9,3.5364849024927644e-06,
1D-exp-vs-cauchy-1024p,1024,1024,0.4284427440526015,1000000,2.3910681429994634e-06,,seconds,88.02806282043457,87.88056110963225,megabytes,586.0,586.0,94.0,93.01425178147268,0.294555648,0.294555648,0.8203125,0.7779654097387179,success,sgd,0.001,1000000,1e-06,0.002,0.9,2.3910681429994634e-06,
1D-exp-vs-cauchy-1024p,1024,1024,0.42063757496816,1000000,2.340908494213704e-06,,seconds,88.18798637390137,88.13523546978831,megabytes,586.0,586.0,94.0,92.84466019417476,0.294567936,0.294567936,0.81875,0.7777874696601945,success,sgd,0.001,1000000,1e-06,0.002,0.9,2.340908494213704e-06,
1D-exp-vs-cauchy-1024p,1024,1024,0.4626675750402594,1000000,2.119336596174429e-06,,seconds,87.86494064331055,87.82243384420872,megabytes,586.0,586.0,94.0,93.14553990610328,0.294658048,0.294658048,0.81953125,0.7783725792253515,success,sgd,0.001,1000000,1e-06,0.002,0.9,2.119336596174429e-06,
1D-exp-vs-cauchy-1024p,1024,1024,0.168282945028216,1000000,0.0001633035433098,,seconds,88.0811767578125,88.01869634538889,megabytes,586.0,586.0,94.0,92.96428571428572,0.29458432,0.29458432,0.82109375,0.7768043154761901,success,sgd,0.001,1000000,1e-06,0.002,0.9,0.0001633035433098,
1D-exp-vs-cauchy-1024p,1024,1024,0.3099872613634017,1000000,8.728733062463188e-06,,seconds,88.17285180091858,88.01566941663623,megabytes,586.0,586.0,94.0,92.73722627737226,0.294588416,0.294588416,0.8203125,0.7781763229927005,success,sgd,0.001,1000000,1e-06,0.002,0.9,8.728733062463188e-06,
1D-exp-vs-cauchy-1024p,1024,1024,0.7168090678077025,1000000,0.0002707142329669,,seconds,91.82503581047058,91.6491216160357,megabytes,586.0,586.0,92.0,89.37641723356009,0.294760448,0.294760448,0.82421875,0.7778840702947851,success,sgd,0.001,1000000,1e-06,0.002,0.9,0.0002707142329669,
1D-exp-vs-cauchy-1024p,1024,1024,0.5332959110161007,1000000,3.231328028643118e-06,,seconds,91.6844892501831,91.58165141567588,megabytes,586.0,586.0,91.0,89.25396825396825,0.294658048,0.294658048,0.81875,0.779072774943312,success,sgd,0.001,1000000,1e-06,0.002,0.9,3.231328028643118e-06,
1D-exp-vs-cauchy-1024p,1024,1024,0.1131269534298869,1000000,0.0003337017870375,,seconds,88.17693018913269,88.02190715819597,megabytes,586.0,586.0,94.0,92.88598574821852,0.294633472,0.294633472,0.8328125,0.7778447891923992,success,sgd,0.001,1000000,1e-06,0.002,0.9,0.0003337017870375,
1D-exp-vs-cauchy-1024p,1024,1024,0.0907269933511412,1000000,0.0003329167566044,,seconds,87.9332423210144,87.81164641678333,megabytes,586.0,586.0,94.0,93.01882352941176,0.29466624,0.29466624,0.8203125,0.7774742647058823,success,sgd,0.001,1000000,1e-06,0.002,0.9,0.0003329167566044,
1D-exp-vs-cauchy-1024p,1024,1024,0.0845283607825589,1000000,0.0004363263989736,,seconds,88.02484464645386,87.97994745150208,megabytes,586.0,586.0,94.0,93.04275534441804,0.294637568,0.294637568,0.82265625,0.7792421318289788,success,sgd,0.001,1000000,1e-06,0.002,0.9,0.0004363263989736,
1D-exp-vs-cauchy-1024p,1024,1024,0.6152037918451503,1000000,7.836706171371105e-06,,seconds,88.0012776851654,87.84263498336077,megabytes,586.0,586.0,94.0,93.08830548926014,0.294715392,0.294715392,0.81953125,0.7761429743436747,success,sgd,0.001,1000000,1e-06,0.002,0.9,7.836706171371105e-06,
1D-exp-vs-cauchy-1024p,1024,1024,0.1709574371376169,1000000,0.0001503383957681,,seconds,88.17749094963074,88.02777467295527,megabytes,586.0,586.0,94.0,92.88997555012224,0.294694912,0.294694912,0.821875,0.7782759015892416,success,sgd,0.001,1000000,1e-06,0.002,0.9,0.0001503383957681,
1D-exp-vs-cauchy-1024p,1024,1024,0.0174673208909452,1000000,0.0004465174863053,,seconds,91.56827664375304,91.50026324018836,megabytes,586.0,586.0,91.0,89.3208430913349,0.29478912,0.29478912,0.821875,0.7774882903981268,success,sgd,0.001,1000000,1e-06,0.002,0.9,0.0004465174863053,
1D-exp-vs-cauchy-1024p,1024,1024,0.1443791802787368,1000000,0.0002135931663194,,seconds,88.15409421920776,87.98123798519373,megabytes,586.0,586.0,94.0,92.82566585956415,0.294969344,0.294969344,0.81953125,0.7761728208232441,success,sgd,0.001,1000000,1e-06,0.002,0.9,0.0002135931663194,
1D-exp-vs-cauchy-1024p,1024,1024,0.0914513438270274,1000000,0.0003779285891645,,seconds,91.49786162376404,91.44200671836734,megabytes,586.0,586.0,92.0,89.48705882352941,0.29487104,0.29487104,0.8203125,0.7780055147058822,success,sgd,0.001,1000000,1e-06,0.002,0.9,0.0003779285891645,
1D-exp-vs-cauchy-1024p,1024,1024,0.0884223483228426,1000000,0.0003603016293243,,seconds,88.22778296470642,88.09273650869727,megabytes,586.0,586.0,94.0,92.82367149758454,0.294862848,0.294862848,0.81953125,0.778089145531401,success,sgd,0.001,1000000,1e-06,0.002,0.9,0.0003603016293243,
1D-exp-vs-cauchy-1024p,1024,1024,0.19124636400431,1000000,0.0003140148234128,,seconds,87.82882571220398,87.70502997562289,megabytes,586.0,586.0,94.0,93.0071599045346,0.294969344,0.294969344,0.81796875,0.777446300715991,success,sgd,0.001,1000000,1e-06,0.002,0.9,0.0003140148234128,
1D-exp-vs-cauchy-1024p,1024,1024,0.1894299116884443,1000000,0.0001119209201412,,seconds,87.85321950912476,87.83585641533136,megabytes,586.0,586.0,94.0,93.08767772511848,0.295002112,0.295002112,0.82109375,0.7788118335308056,success,sgd,0.001,1000000,1e-06,0.002,0.9,0.0001119209201412,
1D-exp-vs-cauchy-1024p,1024,1024,0.1292560761416002,1000000,0.0002529246344432,,seconds,88.10351943969727,88.07826217636466,megabytes,586.0,586.0,94.0,92.89901477832512,0.29495296,0.29495296,0.821875,0.7780865147783242,success,sgd,0.001,1000000,1e-06,0.002,0.9,0.0002529246344432,
1D-exp-vs-cauchy-1024p,1024,1024,0.0600265618277327,1000000,0.0005648684315324,,seconds,87.48451852798462,87.47349533066154,megabytes,586.0,586.0,94.0,93.44954128440368,0.294965248,0.294965248,0.82265625,0.7795334002293584,success,sgd,0.001,1000000,1e-06,0.002,0.9,0.0005648684315324,
1D-exp-vs-cauchy-1024p,1024,1024,0.5375570463960103,1000000,1.966654015719614e-06,,seconds,92.95061421394348,92.9132993593812,megabytes,586.0,586.0,90.0,87.94855967078189,0.295145472,0.295145472,0.82890625,0.7778099279835388,success,sgd,0.001,1000000,1e-06,0.002,0.9,1.966654015719614e-06,
1D-exp-vs-cauchy-1024p,1024,1024,0.6104658574414586,1000000,3.130515577046173e-06,,seconds,87.08123707771301,87.08304197713733,megabytes,586.0,586.0,94.0,93.74235807860262,0.295002112,0.295002112,0.82109375,0.7793514601528384,success,sgd,0.001,1000000,1e-06,0.002,0.9,3.130515577046173e-06,
1D-exp-vs-cauchy-1024p,1024,1024,0.3020279350737699,1000000,1.2412886284132063e-05,,seconds,87.97465634346008,87.87407737597823,megabytes,586.0,586.0,94.0,93.2387706855792,0.295010304,0.295010304,0.8203125,0.779572990543736,success,sgd,0.001,1000000,1e-06,0.002,0.9,1.2412886284132063e-05,
1D-exp-vs-cauchy-1024p,1024,1024,0.4915826419025198,1000000,0.0002448682786693,,seconds,91.6104564666748,91.59380457922816,megabytes,586.0,586.0,92.0,89.37995337995338,0.295026688,0.295026688,0.821875,0.7800863199300706,success,sgd,0.001,1000000,1e-06,0.002,0.9,0.0002448682786693,
1D-exp-vs-cauchy-2048p,2048,2048,0.1318580186438558,1000000,0.0010375835695758,,seconds,188.1480963230133,188.07971619442105,megabytes,682.0,682.0,95.0,94.88914027149322,0.295190528,0.295190528,0.82109375,0.7790547228506786,success,sgd,0.001,1000000,1e-06,0.002,0.9,0.0010375835695758,
1D-exp-vs-cauchy-2048p,2048,2048,0.2778119479904961,1000000,1.2921849867542554e-06,,seconds,187.1789622306824,187.05308846756816,megabytes,682.0,682.0,96.0,94.9803012746234,0.295276544,0.295276544,0.82421875,0.7785432358053308,success,sgd,0.001,1000000,1e-06,0.002,0.9,1.2921849867542554e-06,
1D-exp-vs-cauchy-2048p,2048,2048,0.6322735420942287,1000000,0.0009117167853734,,seconds,189.5233950614929,189.3977173790336,megabytes,682.0,682.0,95.0,94.91304347826087,0.295309312,0.295309312,0.83671875,0.7798153246567511,success,sgd,0.001,1000000,1e-06,0.002,0.9,0.0009117167853734,
1D-exp-vs-cauchy-2048p,2048,2048,0.6778103503702059,1000000,0.0008350210346151,,seconds,190.30481672286987,190.14550812914968,megabytes,682.0,682.0,95.0,94.85664739884392,0.3040256,0.3040256,0.81953125,0.7792205563583804,success,sgd,0.001,1000000,1e-06,0.002,0.9,0.0008350210346151,
1D-exp-vs-cauchy-2048p,2048,2048,0.1548045196347864,1000000,0.0009056319892384,,seconds,189.0550503730774,188.95271126180887,megabytes,682.0,682.0,95.0,94.91319444444444,0.30406656,0.30406656,0.82578125,0.7784993489583347,success,sgd,0.001,1000000,1e-06,0.002,0.9,0.0009056319892384,
1D-exp-vs-cauchy-2048p,2048,2048,0.2843635694867281,1000000,0.0006941107838626,,seconds,189.92648220062256,189.7499409765005,megabytes,682.0,682.0,95.0,94.85977011494252,0.304205824,0.304205824,0.82109375,0.7791783405172419,success,sgd,0.001,1000000,1e-06,0.002,0.9,0.0006941107838626,
1D-exp-vs-cauchy-2048p,2048,2048,0.4096772464135997,1000000,0.0007546419391151,,seconds,189.2039465904236,189.0285194888711,megabytes,682.0,682.0,95.0,94.9022118742724,0.304254976,0.304254976,0.8234375,0.7788143917345761,success,sgd,0.001,1000000,1e-06,0.002,0.9,0.0007546419391151,
1D-exp-vs-cauchy-2048p,2048,2048,0.4271750009336618,1000000,6.794231569572574e-06,,seconds,189.47023105621335,189.36791579425332,megabytes,682.0,682.0,95.0,94.9446366782007,0.304218112,0.304218112,0.82421875,0.7780988682237606,success,sgd,0.001,1000000,1e-06,0.002,0.9,6.794231569572574e-06,
1D-exp-vs-cauchy-2048p,2048,2048,0.420652579465565,1000000,1.5966764714801866e-06,,seconds,188.61350178718567,188.49531669169664,megabytes,682.0,682.0,95.0,94.91108545034642,0.304238592,0.304238592,0.815625,0.7781466512702082,success,sgd,0.001,1000000,1e-06,0.002,0.9,1.5966764714801866e-06,
1D-exp-vs-cauchy-2048p,2048,2048,0.4611063547716693,1000000,1.5590140767540438e-05,,seconds,189.51030588150024,189.44497890397903,megabytes,682.0,682.0,95.0,94.91657142857144,0.304197632,0.304197632,0.846875,0.7787624999999999,success,sgd,0.001,1000000,1e-06,0.002,0.9,1.5590140767540438e-05,
1D-exp-vs-cauchy-2048p,2048,2048,0.1592933321693377,1000000,0.0008120379340817,,seconds,188.6475110054016,188.62274280563,megabytes,682.0,682.0,95.0,94.86866359447004,0.304222208,0.304222208,0.8171875,0.7803130400345619,success,sgd,0.001,1000000,1e-06,0.002,0.9,0.0008120379340817,
1D-exp-vs-cauchy-2048p,2048,2048,0.3102160938407413,950022,9.999987680662108e-07,,seconds,179.8073480129242,179.72480307891965,megabytes,682.0,682.0,95.0,94.87515299877602,0.304242688,0.304242688,0.8484375,0.7788192319461442,success,sgd,0.001,1000000,1e-06,0.002,0.9,9.999987680662108e-07,
1D-exp-vs-cauchy-2048p,2048,2048,0.7152968439150926,1000000,0.0007024241729583,,seconds,189.45561623573303,189.39304069057107,megabytes,682.0,682.0,95.0,94.8574739281576,0.304246784,0.304246784,0.8390625,0.7792584009269975,success,sgd,0.001,1000000,1e-06,0.002,0.9,0.0007024241729583,
1D-exp-vs-cauchy-2048p,2048,2048,0.528481424981194,1000000,0.0008379096961889,,seconds,189.9137351512909,189.7985602281988,megabytes,682.0,682.0,95.0,94.94591484464902,0.304263168,0.304263168,0.81953125,0.778885572497123,success,sgd,0.001,1000000,1e-06,0.002,0.9,0.0008379096961889,
1D-exp-vs-cauchy-2048p,2048,2048,0.0969440674262009,1000000,0.0011534533818616,,seconds,188.59812188148496,188.5606633424759,megabytes,682.0,682.0,95.0,94.89411764705882,0.304279552,0.304279552,0.83046875,0.778840992647058,success,sgd,0.001,1000000,1e-06,0.002,0.9,0.0011534533818616,
1D-exp-vs-cauchy-2048p,2048,2048,0.0769201276065821,1000000,0.001088559068715,,seconds,189.252121925354,189.10155246779323,megabytes,682.0,682.0,95.0,94.90152403282532,0.304336896,0.304336896,0.81796875,0.7772686474208681,success,sgd,0.001,1000000,1e-06,0.002,0.9,0.001088559068715,
1D-exp-vs-cauchy-2048p,2048,2048,0.0687699157785546,1000000,0.001166435682551,,seconds,188.37431001663208,188.2801541276276,megabytes,682.0,682.0,95.0,94.88028169014083,0.304320512,0.304320512,0.8421875,0.7788292253521125,success,sgd,0.001,1000000,1e-06,0.002,0.9,0.001166435682551,
1D-exp-vs-cauchy-2048p,2048,2048,0.6093239309366811,1000000,0.000913444853141,,seconds,189.75110793113708,189.60971508547664,megabytes,682.0,682.0,95.0,94.89158016147636,0.30439424,0.30439424,0.8203125,0.7783601859861591,success,sgd,0.001,1000000,1e-06,0.002,0.9,0.000913444853141,
1D-exp-vs-cauchy-2048p,2048,2048,0.1609195484920216,1000000,0.0008574000204654,,seconds,188.73939275741577,188.5977454446256,megabytes,682.0,682.0,95.0,94.94158878504672,0.304398336,0.304398336,0.8234375,0.7786643910630836,success,sgd,0.001,1000000,1e-06,0.002,0.9,0.0008574000204654,
1D-exp-vs-cauchy-2048p,2048,2048,0.0136010465847218,1000000,0.0005373514072539,,seconds,189.72881031036377,189.70608799532056,megabytes,682.0,682.0,95.0,94.8720930232558,0.304427008,0.304427008,0.85078125,0.7779778343023243,success,sgd,0.001,1000000,1e-06,0.002,0.9,0.0005373514072539,
1D-exp-vs-cauchy-2048p,2048,2048,0.1321971322010546,1000000,0.0009940910421574,,seconds,188.84912061691284,188.684993326664,megabytes,682.0,682.0,95.0,94.92450638792104,0.304541696,0.304541696,0.81484375,0.776693162020905,success,sgd,0.001,1000000,1e-06,0.002,0.9,0.0009940910421574,
1D-exp-vs-cauchy-2048p,2048,2048,0.0759648674419192,1000000,0.0011524230832976,,seconds,189.46472024917605,189.31572207808492,megabytes,682.0,682.0,95.0,94.91244239631337,0.304504832,0.304504832,0.8171875,0.7791834677419358,success,sgd,0.001,1000000,1e-06,0.002,0.9,0.0011524230832976,
1D-exp-vs-cauchy-2048p,2048,2048,0.0734993144347664,1000000,0.0011223248381764,,seconds,188.1227753162384,188.0205776207149,megabytes,682.0,682.0,95.0,94.88681446907816,0.30455808,0.30455808,0.82734375,0.7789709743290549,success,sgd,0.001,1000000,1e-06,0.002,0.9,0.0011223248381764,
1D-exp-vs-cauchy-2048p,2048,2048,0.1816566858740604,1000000,0.0008126475973711,,seconds,189.63508343696597,189.5691211670637,megabytes,682.0,682.0,95.0,94.9430894308943,0.304652288,0.304652288,0.8234375,0.7785006533101041,success,sgd,0.001,1000000,1e-06,0.002,0.9,0.0008126475973711,
1D-exp-vs-cauchy-2048p,2048,2048,0.1853966906433062,1000000,0.0004812671844904,,seconds,188.29970169067383,188.2472414933145,megabytes,682.0,682.0,95.0,94.9287356321839,0.304607232,0.304607232,0.83984375,0.7786215876436793,success,sgd,0.001,1000000,1e-06,0.002,0.9,0.0004812671844904,
1D-exp-vs-cauchy-2048p,2048,2048,0.1158861274698276,1000000,0.0010631783843369,,seconds,189.15878558158877,189.0049351453781,megabytes,682.0,682.0,95.0,94.88735632183908,0.304644096,0.304644096,0.81875,0.7782929238505759,success,sgd,0.001,1000000,1e-06,0.002,0.9,0.0010631783843369,
1D-exp-vs-cauchy-2048p,2048,2048,0.0544145811788848,1000000,0.0006941813305798,,seconds,189.10928893089292,188.9360103085637,megabytes,682.0,682.0,95.0,94.92307692307692,0.304738304,0.304738304,0.825,0.7781241030424794,success,sgd,0.001,1000000,1e-06,0.002,0.9,0.0006941813305798,
1D-exp-vs-cauchy-2048p,2048,2048,0.5364584862578291,1000000,4.16416803282252e-05,,seconds,189.53851175308228,189.43640940263867,megabytes,682.0,682.0,95.0,94.87854710556186,0.304611328,0.304611328,0.8203125,0.7780735669693528,success,sgd,0.001,1000000,1e-06,0.002,0.9,4.16416803282252e-05,
1D-exp-vs-cauchy-2048p,2048,2048,0.6025811054255079,1000000,0.0008107851198112,,seconds,189.1054515838623,189.0744579732418,megabytes,682.0,682.0,95.0,94.91810841983852,0.304656384,0.304656384,0.840625,0.7790278979238756,success,sgd,0.001,1000000,1e-06,0.002,0.9,0.0008107851198112,
1D-exp-vs-cauchy-2048p,2048,2048,0.3014427325979408,994394,9.999963341093577e-07,,seconds,187.97603034973145,187.9170752838254,megabytes,682.0,682.0,95.0,94.8800461361015,0.304676864,0.304676864,0.81796875,0.7782709775086502,success,sgd,0.001,1000000,1e-06,0.002,0.9,9.999963341093577e-07,
1D-exp-vs-cauchy-2048p,2048,2048,0.4891021794542327,1000000,0.000630642672427,,seconds,189.44802498817444,189.38760117813945,megabytes,682.0,682.0,95.0,94.8892733564014,0.304644096,0.304644096,0.8171875,0.7787954152249138,success,sgd,0.001,1000000,1e-06,0.002,0.9,0.000630642672427,
