dataset,mu_size,nu_size,cost,iterations,error,cost_rerr,time_unit,time,time_counter,gpu_mem_unit,peak_gpu_mem,combined_peak_gpu_ram,peak_gpu_util_pct,mean_gpu_util_pct,peak_ram_MiB,combined_peak_ram_MiB,max_cpu_util_pct,mean_cpu_util_pct,status,name,reg,maxiter,tol,learning_rate,momentum,residual_l2,exception
1D-exp-vs-cauchy-32p,,,0.2582869818135378,1000000,0.0001629611684459,,seconds,37.9103593826294,37.70946598425508,megabytes,88270.0,88270.0,83.0,81.86021505376344,0.43661312,0.43661312,0.81171875,0.773605510752688,success,sgd,1.0,1000000,1e-06,0.002,0.9,0.0001629611684459,
1D-exp-vs-cauchy-32p,,,0.3990017180545216,1000000,0.0001635188667514,,seconds,37.79468321800232,37.70861391723156,megabytes,88270.0,88270.0,83.0,81.8695652173913,0.436088832,0.436088832,0.8078125,0.7793138586956517,success,sgd,1.0,1000000,1e-06,0.002,0.9,0.0001635188667514,
1D-exp-vs-cauchy-32p,,,0.7891552240435221,1000000,0.0001618758846446,,seconds,38.75181770324707,38.65433597564697,megabytes,88270.0,88270.0,81.0,79.72641509433963,0.436187136,0.436187136,0.81484375,0.7764740566037732,success,sgd,1.0,1000000,1e-06,0.002,0.9,0.0001618758846446,
1D-exp-vs-cauchy-32p,,,0.7315071448416988,1000000,0.0001602970023852,,seconds,37.14279818534851,36.84848023019731,megabytes,88270.0,88270.0,84.0,83.18181818181819,0.384630784,0.384630784,0.80390625,0.772185724431818,success,sgd,1.0,1000000,1e-06,0.002,0.9,0.0001602970023852,
1D-exp-vs-cauchy-32p,,,0.268600208039197,1000000,0.0001636368439661,,seconds,37.71488952636719,37.56173548661173,megabytes,88270.0,88270.0,83.0,82.42857142857143,0.381448192,0.381448192,0.8171875,0.7767020089285713,success,sgd,1.0,1000000,1e-06,0.002,0.9,0.0001636368439661,
1D-exp-vs-cauchy-32p,,,0.3604928171145898,1000000,0.0001630780681769,,seconds,37.93436527252197,37.90858764387667,megabytes,88270.0,88270.0,82.0,81.42268041237114,0.377434112,0.377434112,0.82265625,0.7812419458762885,success,sgd,1.0,1000000,1e-06,0.002,0.9,0.0001630780681769,
1D-exp-vs-cauchy-32p,,,0.4941732557397418,1000000,0.0001623839191301,,seconds,37.677865982055664,37.508697574958205,megabytes,88270.0,88270.0,83.0,82.29126213592232,0.369549312,0.369549312,0.81953125,0.7727245145631069,success,sgd,1.0,1000000,1e-06,0.002,0.9,0.0001623839191301,
1D-exp-vs-cauchy-32p,,,0.5248408679384629,1000000,0.000162236641526,,seconds,37.07711052894592,36.97349196858704,megabytes,88270.0,88270.0,84.0,82.68,0.353148928,0.353148928,0.8234375,0.7744218749999997,success,sgd,1.0,1000000,1e-06,0.002,0.9,0.000162236641526,
1D-exp-vs-cauchy-32p,,,0.5839769585654155,1000000,0.0001632331061273,,seconds,37.50406217575073,37.46813243068755,megabytes,88270.0,88270.0,83.0,82.47727272727273,0.248332288,0.248332288,0.8140625,0.7787020596590909,success,sgd,1.0,1000000,1e-06,0.002,0.9,0.0001632331061273,
1D-exp-vs-cauchy-32p,,,0.5817439072647924,1000000,0.0001623407448601,,seconds,37.010111808776855,36.97530478425324,megabytes,88270.0,88270.0,84.0,83.19047619047619,0.248414208,0.248414208,0.8078125,0.7776506696428569,success,sgd,1.0,1000000,1e-06,0.002,0.9,0.0001623407448601,
1D-exp-vs-cauchy-32p,,,0.2826627717550686,1000000,0.0001634174534338,,seconds,37.580782651901245,37.47954306006432,megabytes,88270.0,88270.0,83.0,82.55555555555556,0.248434688,0.248434688,0.81484375,0.7758777006172838,success,sgd,1.0,1000000,1e-06,0.002,0.9,0.0001634174534338,
1D-exp-vs-cauchy-32p,,,0.4474053973925985,1000000,0.0001635226373128,,seconds,37.15632033348084,36.93569188378751,megabytes,88270.0,88270.0,84.0,83.05660377358491,0.24860672,0.24860672,0.8078125,0.7722951061320752,success,sgd,1.0,1000000,1e-06,0.002,0.9,0.0001635226373128,
1D-exp-vs-cauchy-32p,,,0.7256317917945464,1000000,0.0001574412300253,,seconds,37.259116649627686,37.363827945664525,megabytes,88270.0,88270.0,83.0,82.58108108108108,0.248578048,0.248578048,0.8046875,0.7794552364864864,success,sgd,1.0,1000000,1e-06,0.002,0.9,0.0001574412300253,
1D-exp-vs-cauchy-32p,,,0.6159682804313339,1000000,0.0001612793961874,,seconds,36.932393312454224,36.950761042535305,megabytes,88270.0,88270.0,84.0,83.53846153846153,0.248684544,0.248684544,0.80390625,0.7782881181318678,success,sgd,1.0,1000000,1e-06,0.002,0.9,0.0001612793961874,
1D-exp-vs-cauchy-32p,,,0.2079126063135952,1000000,0.0001628921626179,,seconds,37.58570742607117,37.620416624471545,megabytes,88270.0,88270.0,83.0,81.74038461538461,0.248713216,0.248713216,0.815625,0.7800255408653844,success,sgd,1.0,1000000,1e-06,0.002,0.9,0.0001628921626179,
1D-exp-vs-cauchy-32p,,,0.1763624520679816,1000000,0.0001633126691328,,seconds,37.28129839897156,37.35362393967807,megabytes,88270.0,88270.0,83.0,82.48351648351648,0.248598528,0.248598528,0.80546875,0.778253777472527,success,sgd,1.0,1000000,1e-06,0.002,0.9,0.0001633126691328,
1D-exp-vs-cauchy-32p,,,0.1629790403178121,1000000,0.0001620969433883,,seconds,38.78156518936157,38.67719969153404,megabytes,88270.0,88270.0,82.0,80.22988505747126,0.248655872,0.248655872,0.8125,0.7760955459770116,success,sgd,1.0,1000000,1e-06,0.002,0.9,0.0001620969433883,
1D-exp-vs-cauchy-32p,,,0.7716051151367169,1000000,0.000161582008454,,seconds,37.759716272354126,37.71224965527654,megabytes,88270.0,88270.0,83.0,81.73033707865169,0.24866816,0.24866816,0.82265625,0.7790291432584272,success,sgd,1.0,1000000,1e-06,0.002,0.9,0.000161582008454,
1D-exp-vs-cauchy-32p,,,0.2750095217446743,1000000,0.0001635999842287,,seconds,38.440767765045166,38.42369677498937,megabytes,88270.0,88270.0,82.0,80.42342342342343,0.248672256,0.248672256,0.8109375,0.777090371621622,success,sgd,1.0,1000000,1e-06,0.002,0.9,0.0001635999842287,
1D-exp-vs-cauchy-32p,,,0.0412154074066304,1000000,0.0001601402992184,,seconds,36.74960279464722,36.88604339398444,megabytes,88270.0,88270.0,84.0,83.66666666666667,0.248664064,0.248664064,0.81171875,0.7794540229885059,success,sgd,1.0,1000000,1e-06,0.002,0.9,0.0001601402992184,
1D-exp-vs-cauchy-32p,,,0.2508420364628797,1000000,0.0001633714437681,,seconds,38.36401462554932,38.36315646953881,megabytes,88270.0,88270.0,82.0,80.34042553191489,0.248713216,0.248713216,0.81015625,0.7810505319148938,success,sgd,1.0,1000000,1e-06,0.002,0.9,0.0001633714437681,
1D-exp-vs-cauchy-32p,,,0.1790896846137163,1000000,0.0001628446646398,,seconds,37.23745918273926,37.08297405578196,megabytes,88270.0,88270.0,84.0,82.97058823529412,0.248733696,0.248733696,0.8125,0.7742647058823531,success,sgd,1.0,1000000,1e-06,0.002,0.9,0.0001628446646398,
1D-exp-vs-cauchy-32p,,,0.182722051816042,1000000,0.00016284809274,,seconds,38.79594397544861,38.60737716406584,megabytes,88270.0,88270.0,82.0,80.13483146067416,0.24887296,0.24887296,0.80234375,0.7711551966292135,success,sgd,1.0,1000000,1e-06,0.002,0.9,0.00016284809274,
1D-exp-vs-cauchy-32p,,,0.2671218967209709,1000000,0.0001638276578726,,seconds,37.20372915267944,37.233314296230674,megabytes,88270.0,88270.0,84.0,82.26315789473684,0.24879104,0.24879104,0.80859375,0.7816885964912278,success,sgd,1.0,1000000,1e-06,0.002,0.9,0.0001638276578726,
1D-exp-vs-cauchy-32p,,,0.2981240602029429,1000000,0.0001635638059923,,seconds,38.548588514328,38.58365701511502,megabytes,88270.0,88270.0,82.0,79.54639175257732,0.248832,0.248832,0.80234375,0.7800821520618558,success,sgd,1.0,1000000,1e-06,0.002,0.9,0.0001635638059923,
1D-exp-vs-cauchy-32p,,,0.2270574623019181,1000000,0.0001633337796341,,seconds,37.128012895584106,37.10268326289952,megabytes,88270.0,88270.0,84.0,82.95294117647059,0.248856576,0.248856576,0.809375,0.7767830882352943,success,sgd,1.0,1000000,1e-06,0.002,0.9,0.0001633337796341,
1D-exp-vs-cauchy-32p,,,0.101681457838464,1000000,0.0001637452701948,,seconds,38.37754726409912,38.47679436579347,megabytes,88270.0,88270.0,82.0,79.96330275229357,0.24891392,0.24891392,0.80703125,0.7784403669724774,success,sgd,1.0,1000000,1e-06,0.002,0.9,0.0001637452701948,
1D-exp-vs-cauchy-32p,,,0.6464153985662413,1000000,0.0001610954111848,,seconds,37.05390644073486,36.88999549858272,megabytes,88270.0,88270.0,85.0,83.69565217391305,0.248823808,0.248823808,0.8125,0.7729279891304346,success,sgd,1.0,1000000,1e-06,0.002,0.9,0.0001610954111848,
1D-exp-vs-cauchy-32p,,,0.7251650059287003,1000000,0.0001595653273594,,seconds,37.632081270217896,37.53742018900812,megabytes,88270.0,88270.0,83.0,81.83211678832117,0.248815616,0.248815616,0.80859375,0.7753649635036496,success,sgd,1.0,1000000,1e-06,0.002,0.9,0.0001595653273594,
1D-exp-vs-cauchy-32p,,,0.4385772547132332,1000000,0.0001635759814459,,seconds,37.09904360771179,36.94256147183478,megabytes,88270.0,88270.0,85.0,82.96330275229357,0.248868864,0.248868864,0.82109375,0.7754945527522936,success,sgd,1.0,1000000,1e-06,0.002,0.9,0.0001635759814459,
1D-exp-vs-cauchy-32p,,,0.5636407273222466,1000000,0.0001614868010464,,seconds,37.52022314071655,37.48933801986277,megabytes,88270.0,88270.0,83.0,81.8586956521739,0.24889344,0.24889344,0.821875,0.7811650815217391,success,sgd,1.0,1000000,1e-06,0.002,0.9,0.0001614868010464,
1D-exp-vs-cauchy-64p,,,0.246654008244474,1000000,0.0002309553708792,,seconds,44.972989320755005,44.82968318462372,megabytes,88270.0,88270.0,81.0,79.64227642276423,0.2599936,0.353140736,0.809375,0.7702997967479678,success,sgd,1.0,1000000,1e-06,0.002,0.9,0.0002309553708792,
1D-exp-vs-cauchy-64p,,,0.3980474426245382,1000000,0.0002318665036449,,seconds,43.88813328742981,43.933938367292285,megabytes,88270.0,88270.0,81.0,80.4074074074074,0.250130432,0.250130432,0.80078125,0.7771990740740741,success,sgd,1.0,1000000,1e-06,0.002,0.9,0.0002318665036449,
1D-exp-vs-cauchy-64p,,,0.7385809862005603,1000000,0.0002297956169983,,seconds,44.107030153274536,44.16583294421434,megabytes,88270.0,88270.0,81.0,80.05660377358491,0.250277888,0.250277888,0.80703125,0.7777270047169809,success,sgd,1.0,1000000,1e-06,0.002,0.9,0.0002297956169983,
1D-exp-vs-cauchy-64p,,,0.7777276455059183,1000000,0.0002304043140711,,seconds,44.28930592536926,44.11454857327044,megabytes,88270.0,88270.0,81.0,79.94262295081967,0.250228736,0.250228736,0.81796875,0.7774526127049178,success,sgd,1.0,1000000,1e-06,0.002,0.9,0.0002304043140711,
1D-exp-vs-cauchy-64p,,,0.248719436947464,1000000,0.0002316291214971,,seconds,44.12801790237427,44.1640647854656,megabytes,88270.0,88270.0,81.0,79.78358208955224,0.250261504,0.250261504,0.8171875,0.7797166511194028,success,sgd,1.0,1000000,1e-06,0.002,0.9,0.0002316291214971,
1D-exp-vs-cauchy-64p,,,0.3871894613603486,1000000,0.0002320530388447,,seconds,43.94152998924256,44.180402444675565,megabytes,88270.0,88270.0,81.0,79.54237288135593,0.25030656,0.25030656,0.81171875,0.7813691737288141,success,sgd,1.0,1000000,1e-06,0.002,0.9,0.0002320530388447,
1D-exp-vs-cauchy-64p,,,0.5276292874926817,1000000,0.000231741126184,,seconds,44.382630348205566,44.29802080988884,megabytes,88270.0,88270.0,81.0,80.22522522522523,0.25034752,0.25034752,0.8078125,0.7757038288288285,success,sgd,1.0,1000000,1e-06,0.002,0.9,0.000231741126184,
1D-exp-vs-cauchy-64p,,,0.5574201315313263,1000000,0.0002313734948458,,seconds,44.35107946395874,44.27525462396443,megabytes,88270.0,88270.0,81.0,80.18103448275862,0.250195968,0.250195968,0.81015625,0.7780307112068967,success,sgd,1.0,1000000,1e-06,0.002,0.9,0.0002313734948458,
1D-exp-vs-cauchy-64p,,,0.5487108023249423,1000000,0.0002311960046978,,seconds,43.804935455322266,43.96516539901495,megabytes,88270.0,88270.0,81.0,80.68817204301075,0.250155008,0.250155008,0.80546875,0.7782510080645162,success,sgd,1.0,1000000,1e-06,0.002,0.9,0.0002311960046978,
1D-exp-vs-cauchy-64p,,,0.5802757079351675,1000000,0.0002307953651027,,seconds,44.29302406311035,44.19800263457,megabytes,88270.0,88270.0,81.0,80.02542372881356,0.250273792,0.250273792,0.8125,0.7789261122881355,success,sgd,1.0,1000000,1e-06,0.002,0.9,0.0002307953651027,
1D-exp-vs-cauchy-64p,,,0.2822694422948542,1000000,0.0002313194231752,,seconds,44.387656927108765,44.26536573842168,megabytes,88270.0,88270.0,81.0,79.61016949152543,0.250032128,0.250032128,0.81328125,0.7754833156779662,success,sgd,1.0,1000000,1e-06,0.002,0.9,0.0002313194231752,
1D-exp-vs-cauchy-64p,,,0.4465199287005774,1000000,0.0002318809116256,,seconds,44.17779088020325,44.20205017738044,megabytes,88270.0,88270.0,81.0,80.15517241379311,0.250077184,0.250077184,0.81171875,0.7799636314655171,success,sgd,1.0,1000000,1e-06,0.002,0.9,0.0002318809116256,
1D-exp-vs-cauchy-64p,,,0.7721804589394389,1000000,0.0002279627714511,,seconds,44.43026852607727,44.378289049491286,megabytes,88270.0,88270.0,81.0,79.87755102040816,0.2501632,0.2501632,0.8078125,0.7788424744897956,success,sgd,1.0,1000000,1e-06,0.002,0.9,0.0002279627714511,
1D-exp-vs-cauchy-64p,,,0.6548752318709679,1000000,0.0002308047276689,,seconds,44.325013160705566,44.197402745485306,megabytes,88270.0,88270.0,81.0,79.95454545454545,0.250114048,0.250114048,0.809375,0.776491477272727,success,sgd,1.0,1000000,1e-06,0.002,0.9,0.0002308047276689,
1D-exp-vs-cauchy-64p,,,0.2078895472140541,1000000,0.0002304450739696,,seconds,44.70158338546753,44.49066016636789,megabytes,88270.0,88270.0,81.0,79.59482758620689,0.250236928,0.250236928,0.8125,0.771214978448276,success,sgd,1.0,1000000,1e-06,0.002,0.9,0.0002304450739696,
1D-exp-vs-cauchy-64p,,,0.1762207694209412,1000000,0.0002310420838972,,seconds,44.118374824523926,44.13197606801987,megabytes,88270.0,88270.0,81.0,80.24,0.250138624,0.250138624,0.83515625,0.78196875,success,sgd,1.0,1000000,1e-06,0.002,0.9,0.0002310420838972,
1D-exp-vs-cauchy-64p,,,0.163363226254136,1000000,0.0002292976505393,,seconds,44.59499549865723,44.38609175011516,megabytes,88270.0,88270.0,81.0,78.90756302521008,0.2501632,0.2501632,0.80546875,0.7753085609243695,success,sgd,1.0,1000000,1e-06,0.002,0.9,0.0002292976505393,
1D-exp-vs-cauchy-64p,,,0.7235788494368806,1000000,0.0002291379380297,,seconds,44.30154991149902,44.10163553059101,megabytes,88270.0,88270.0,81.0,79.85401459854015,0.250150912,0.250150912,0.809375,0.7751539689781018,success,sgd,1.0,1000000,1e-06,0.002,0.9,0.0002291379380297,
1D-exp-vs-cauchy-64p,,,0.2743176654293686,1000000,0.0002317169547452,,seconds,44.00183343887329,44.14968434907496,megabytes,88270.0,88270.0,81.0,79.87777777777778,0.250109952,0.250109952,0.8140625,0.7774652777777781,success,sgd,1.0,1000000,1e-06,0.002,0.9,0.0002317169547452,
1D-exp-vs-cauchy-64p,,,0.0388789702748365,1000000,0.0002278932954445,,seconds,44.05517959594727,44.096960082650185,megabytes,88270.0,88270.0,81.0,80.46511627906976,0.250191872,0.250191872,0.81171875,0.7786034399224806,success,sgd,1.0,1000000,1e-06,0.002,0.9,0.0002278932954445,
1D-exp-vs-cauchy-64p,,,0.2505094681277109,1000000,0.0002311998786949,,seconds,44.35836935043335,44.21892756968737,megabytes,88270.0,88270.0,81.0,79.59183673469387,0.250253312,0.250253312,0.8296875,0.7730389030612244,success,sgd,1.0,1000000,1e-06,0.002,0.9,0.0002311998786949,
1D-exp-vs-cauchy-64p,,,0.1792045998014127,1000000,0.0002303236816522,,seconds,44.1936411857605,44.04945545271039,megabytes,88270.0,88270.0,81.0,80.55,0.250277888,0.250277888,0.803125,0.7731445312499999,success,sgd,1.0,1000000,1e-06,0.002,0.9,0.0002303236816522,
1D-exp-vs-cauchy-64p,,,0.174812507941312,1000000,0.0002306712413448,,seconds,44.47444367408752,44.44109411723912,megabytes,88270.0,88270.0,81.0,79.99056603773585,0.250175488,0.250175488,0.81171875,0.7776901533018867,success,sgd,1.0,1000000,1e-06,0.002,0.9,0.0002306712413448,
1D-exp-vs-cauchy-64p,,,0.2657850512192583,1000000,0.000232529326097,,seconds,44.4055814743042,44.29278299212456,megabytes,88270.0,88270.0,81.0,79.79220779220779,0.250220544,0.250220544,0.8078125,0.7760704139610386,success,sgd,1.0,1000000,1e-06,0.002,0.9,0.000232529326097,
1D-exp-vs-cauchy-64p,,,0.297528808346696,1000000,0.0002316286022958,,seconds,44.3088366985321,44.245648853480816,megabytes,88270.0,88270.0,81.0,79.44117647058823,0.250241024,0.250241024,0.81328125,0.7754442401960784,success,sgd,1.0,1000000,1e-06,0.002,0.9,0.0002316286022958,
1D-exp-vs-cauchy-64p,,,0.2268413175579137,1000000,0.0002311001587508,,seconds,43.93221092224121,44.09150910750032,megabytes,88270.0,88270.0,81.0,80.54901960784314,0.250290176,0.250290176,0.8078125,0.7792432598039215,success,sgd,1.0,1000000,1e-06,0.002,0.9,0.0002311001587508,
1D-exp-vs-cauchy-64p,,,0.0928618515787584,1000000,0.0002319985269362,,seconds,44.421611070632935,44.239390444010496,megabytes,88270.0,88270.0,81.0,80.2967032967033,0.250335232,0.250335232,0.8046875,0.7705099587912089,success,sgd,1.0,1000000,1e-06,0.002,0.9,0.0002319985269362,
1D-exp-vs-cauchy-64p,,,0.6843208703497529,1000000,0.0002303423097914,,seconds,44.17942476272583,44.0072728805244,megabytes,88270.0,88270.0,81.0,79.83333333333333,0.250351616,0.250351616,0.81796875,0.7741373697916666,success,sgd,1.0,1000000,1e-06,0.002,0.9,0.0002303423097914,
1D-exp-vs-cauchy-64p,,,0.7675768745111744,1000000,0.0002287510279725,,seconds,44.266647815704346,44.27856995910406,megabytes,88270.0,88270.0,81.0,79.76767676767676,0.250359808,0.250359808,0.8109375,0.7789220328282827,success,sgd,1.0,1000000,1e-06,0.002,0.9,0.0002287510279725,
1D-exp-vs-cauchy-64p,,,0.4109000871674255,1000000,0.0002315748788633,,seconds,44.30115914344788,44.12818275205791,megabytes,88270.0,88270.0,81.0,80.26436781609195,0.250380288,0.250380288,0.80546875,0.7729256465517246,success,sgd,1.0,1000000,1e-06,0.002,0.9,0.0002315748788633,
1D-exp-vs-cauchy-64p,,,0.5146885885654583,1000000,0.0002328282691909,,seconds,44.38848352432251,44.43618424795568,megabytes,88270.0,88270.0,81.0,79.91525423728814,0.25044992,0.25044992,0.81796875,0.7806673728813558,success,sgd,1.0,1000000,1e-06,0.002,0.9,0.0002328282691909,
1D-exp-vs-cauchy-128p,,,0.2522776159570907,1000000,0.0003266836608329,,seconds,48.98114252090454,48.99791047349572,megabytes,88270.0,88270.0,86.0,80.93939393939394,0.261726208,0.261726208,0.81171875,0.7763612689393937,success,sgd,1.0,1000000,1e-06,0.002,0.9,0.0003266836608329,
1D-exp-vs-cauchy-128p,,,0.3976256179511181,1000000,0.0003293684310496,,seconds,51.81919503211975,51.86575222201645,megabytes,88270.0,88270.0,84.0,78.30645161290323,0.251592704,0.251592704,0.81015625,0.7797442036290323,success,sgd,1.0,1000000,1e-06,0.002,0.9,0.0003293684310496,
1D-exp-vs-cauchy-128p,,,0.7371801061418423,1000000,0.0003301063123008,,seconds,50.76386284828186,50.98640647530556,megabytes,88270.0,88270.0,83.0,78.22137404580153,0.251584512,0.251584512,0.80859375,0.7804568225190842,success,sgd,1.0,1000000,1e-06,0.002,0.9,0.0003301063123008,
1D-exp-vs-cauchy-128p,,,0.7512587225829865,1000000,0.0003270242702263,,seconds,51.46805024147034,51.30980133637786,megabytes,88270.0,88270.0,83.0,78.96551724137932,0.251670528,0.251670528,0.8125,0.775895743534483,success,sgd,1.0,1000000,1e-06,0.002,0.9,0.0003270242702263,
1D-exp-vs-cauchy-128p,,,0.2580505395258422,1000000,0.0003285528303807,,seconds,51.43323826789856,51.25407096371055,megabytes,88270.0,88270.0,86.0,79.14782608695653,0.251711488,0.251711488,0.8140625,0.7765081521739127,success,sgd,1.0,1000000,1e-06,0.002,0.9,0.0003285528303807,
1D-exp-vs-cauchy-128p,,,0.3866954978961582,1000000,0.0003302348873547,,seconds,51.23216891288757,51.19300396554172,megabytes,88270.0,88270.0,83.0,79.55660377358491,0.251768832,0.251768832,0.8078125,0.7796801297169816,success,sgd,1.0,1000000,1e-06,0.002,0.9,0.0003302348873547,
1D-exp-vs-cauchy-128p,,,0.5267826539832317,1000000,0.0003308224249955,,seconds,50.70891571044922,50.736897425726056,megabytes,88270.0,88270.0,84.0,80.07766990291262,0.251715584,0.251715584,0.80859375,0.7797936893203887,success,sgd,1.0,1000000,1e-06,0.002,0.9,0.0003308224249955,
1D-exp-vs-cauchy-128p,,,0.5565863770529583,1000000,0.0003299467375443,,seconds,51.77243041992188,51.78693221136928,megabytes,88270.0,88270.0,86.0,78.40650406504065,0.251662336,0.251662336,0.81640625,0.7804115853658541,success,sgd,1.0,1000000,1e-06,0.002,0.9,0.0003299467375443,
1D-exp-vs-cauchy-128p,,,0.5479157849821704,1000000,0.0003295006386014,,seconds,51.10280752182007,51.193222776055336,megabytes,88270.0,88270.0,83.0,79.22413793103448,0.25165824,0.25165824,0.8296875,0.7783001077586201,success,sgd,1.0,1000000,1e-06,0.002,0.9,0.0003295006386014,
1D-exp-vs-cauchy-128p,,,0.5974735358554087,1000000,0.0003300375981669,,seconds,51.31405448913574,51.11909906566143,megabytes,88270.0,88270.0,83.0,78.81343283582089,0.251674624,0.251674624,0.81015625,0.7747609608208954,success,sgd,1.0,1000000,1e-06,0.002,0.9,0.0003300375981669,
1D-exp-vs-cauchy-128p,,,0.2750057450694819,1000000,0.0003276121222292,,seconds,50.30119228363037,50.3954456076026,megabytes,88270.0,88270.0,83.0,79.7987012987013,0.251691008,0.251691008,0.809375,0.778946834415584,success,sgd,1.0,1000000,1e-06,0.002,0.9,0.0003276121222292,
1D-exp-vs-cauchy-128p,,,0.4460129026451105,1000000,0.0003294213412409,,seconds,50.93752598762512,51.10838702507317,megabytes,88270.0,88270.0,83.0,79.55238095238096,0.251731968,0.251731968,0.8078125,0.7808779761904756,success,sgd,1.0,1000000,1e-06,0.002,0.9,0.0003294213412409,
1D-exp-vs-cauchy-128p,,,0.7708397344474213,1000000,0.0003321018691663,,seconds,51.36829924583435,51.369351767003536,megabytes,88270.0,88270.0,83.0,78.91111111111111,0.251793408,0.251793408,0.80546875,0.781695601851852,success,sgd,1.0,1000000,1e-06,0.002,0.9,0.0003321018691663,
1D-exp-vs-cauchy-128p,,,0.6537523401685487,1000000,0.0003303861083661,,seconds,50.594751834869385,50.7239115126431,megabytes,88270.0,88270.0,83.0,79.7578125,0.251797504,0.251797504,0.80703125,0.7795410156249997,success,sgd,1.0,1000000,1e-06,0.002,0.9,0.0003303861083661,
1D-exp-vs-cauchy-128p,,,0.2081578671322774,1000000,0.0003259709474504,,seconds,50.82622718811035,50.88222553953528,megabytes,88270.0,88270.0,83.0,79.496,0.251809792,0.251809792,0.81484375,0.7800937499999997,success,sgd,1.0,1000000,1e-06,0.002,0.9,0.0003259709474504,
1D-exp-vs-cauchy-128p,,,0.1766001976440219,1000000,0.0003268221903112,,seconds,51.163522720336914,51.05115778930485,megabytes,88270.0,88270.0,82.0,79.02684563758389,0.251850752,0.251850752,0.81328125,0.7781617030201343,success,sgd,1.0,1000000,1e-06,0.002,0.9,0.0003268221903112,
1D-exp-vs-cauchy-128p,,,0.1639313574492302,1000000,0.0003242790348572,,seconds,51.12322354316712,50.99152626097202,megabytes,88270.0,88270.0,83.0,78.99230769230769,0.251904,0.251904,0.809375,0.77546875,success,sgd,1.0,1000000,1e-06,0.002,0.9,0.0003242790348572,
1D-exp-vs-cauchy-128p,,,0.7449714897518154,1000000,0.0003296492669591,,seconds,51.295490026474,51.13833670690656,megabytes,88270.0,88270.0,82.0,79.14615384615385,0.251957248,0.251957248,0.81015625,0.777722355769231,success,sgd,1.0,1000000,1e-06,0.002,0.9,0.0003296492669591,
1D-exp-vs-cauchy-128p,,,0.2648071960643199,1000000,0.0003283374772055,,seconds,50.571940660476685,50.7164944242686,megabytes,88270.0,88270.0,86.0,79.84745762711864,0.251969536,0.251969536,0.81875,0.7797868114406777,success,sgd,1.0,1000000,1e-06,0.002,0.9,0.0003283374772055,
1D-exp-vs-cauchy-128p,,,0.0413407967608995,1000000,0.0003267996493431,,seconds,50.8887927532196,50.98213138617575,megabytes,88270.0,88270.0,83.0,79.26190476190476,0.252059648,0.252059648,0.8203125,0.7784164186507939,success,sgd,1.0,1000000,1e-06,0.002,0.9,0.0003267996493431,
1D-exp-vs-cauchy-128p,,,0.2505848619009203,1000000,0.0003272484935814,,seconds,51.24896788597107,51.03773621842265,megabytes,88270.0,88270.0,85.0,79.72592592592592,0.252002304,0.252002304,0.81484375,0.7714236111111112,success,sgd,1.0,1000000,1e-06,0.002,0.9,0.0003272484935814,
1D-exp-vs-cauchy-128p,,,0.1796325906193267,1000000,0.0003256642153296,,seconds,51.17227363586426,50.98302342183888,megabytes,88270.0,88270.0,86.0,79.36029411764706,0.25196544,0.25196544,0.80703125,0.7723747702205884,success,sgd,1.0,1000000,1e-06,0.002,0.9,0.0003256642153296,
1D-exp-vs-cauchy-128p,,,0.1752437750275428,1000000,0.0003261493443676,,seconds,50.76278710365296,50.72408654168248,megabytes,88270.0,88270.0,85.0,79.69491525423729,0.251949056,0.251949056,0.81015625,0.7775423728813561,success,sgd,1.0,1000000,1e-06,0.002,0.9,0.0003261493443676,
1D-exp-vs-cauchy-128p,,,0.2655266804535526,1000000,0.0003306628887362,,seconds,51.2811803817749,51.40030746906996,megabytes,88270.0,88270.0,82.0,79.34821428571429,0.251977728,0.251977728,0.80703125,0.7811732700892856,success,sgd,1.0,1000000,1e-06,0.002,0.9,0.0003306628887362,
1D-exp-vs-cauchy-128p,,,0.2974183793538124,1000000,0.0003282575990206,,seconds,50.87614440917969,50.904180485755205,megabytes,88270.0,88270.0,83.0,79.05185185185185,0.252002304,0.252002304,0.81015625,0.7801851851851853,success,sgd,1.0,1000000,1e-06,0.002,0.9,0.0003282575990206,
1D-exp-vs-cauchy-128p,,,0.2328250110424054,1000000,0.0003268848781623,,seconds,51.27853560447693,51.14108011685312,megabytes,88270.0,88270.0,85.0,78.8688524590164,0.251809792,0.251809792,0.8171875,0.7746990266393442,success,sgd,1.0,1000000,1e-06,0.002,0.9,0.0003268848781623,
1D-exp-vs-cauchy-128p,,,0.0946667498406916,1000000,0.0003295558044258,,seconds,50.17770218849182,50.584052911028266,megabytes,88270.0,88270.0,83.0,79.55813953488372,0.248991744,0.248991744,0.815625,0.7811167635658913,success,sgd,1.0,1000000,1e-06,0.002,0.9,0.0003295558044258,
1D-exp-vs-cauchy-128p,,,0.6832311482868623,1000000,0.0003292802940408,,seconds,51.27481985092163,51.09249131381512,megabytes,88270.0,88270.0,83.0,79.62096774193549,0.249126912,0.249126912,0.80703125,0.774741683467742,success,sgd,1.0,1000000,1e-06,0.002,0.9,0.0003292802940408,
1D-exp-vs-cauchy-128p,,,0.7441202400775259,1000000,0.0003266935928245,,seconds,50.308233976364136,50.24216809310019,megabytes,88270.0,88270.0,83.0,80.09316770186335,0.249044992,0.249044992,0.828125,0.7789984472049689,success,sgd,1.0,1000000,1e-06,0.002,0.9,0.0003266935928245,
1D-exp-vs-cauchy-128p,,,0.4235734014930924,1000000,0.000329448483155,,seconds,51.61592030525208,51.44618598930538,megabytes,88270.0,88270.0,83.0,78.35714285714286,0.249143296,0.249143296,0.83828125,0.778814935064935,success,sgd,1.0,1000000,1e-06,0.002,0.9,0.000329448483155,
1D-exp-vs-cauchy-128p,,,0.5137143409176264,1000000,0.0003391400049271,,seconds,50.73518919944763,50.82546241208911,megabytes,88270.0,88270.0,83.0,79.77966101694915,0.249131008,0.249131008,0.803125,0.7778535487288137,success,sgd,1.0,1000000,1e-06,0.002,0.9,0.0003391400049271,
1D-exp-vs-cauchy-256p,,,0.2497463580695248,1000000,0.0004614182340723,,seconds,53.46056795120239,53.29022824391723,megabytes,88270.0,88270.0,84.0,82.54961832061069,0.259960832,0.259960832,0.81171875,0.7696624522900762,success,sgd,1.0,1000000,1e-06,0.002,0.9,0.0004614182340723,
1D-exp-vs-cauchy-256p,,,0.3971332375198563,1000000,0.0004683386181599,,seconds,52.59202408790589,52.54486004821956,megabytes,88270.0,88270.0,84.0,83.32638888888889,0.249626624,0.249626624,0.81328125,0.7784722222222216,success,sgd,1.0,1000000,1e-06,0.002,0.9,0.0004683386181599,
1D-exp-vs-cauchy-256p,,,0.7351926870018609,1000000,0.0004772876487775,,seconds,52.66578435897827,52.683710031211376,megabytes,88270.0,88270.0,84.0,83.53225806451613,0.249675776,0.249675776,0.8078125,0.7806199596774194,success,sgd,1.0,1000000,1e-06,0.002,0.9,0.0004772876487775,
1D-exp-vs-cauchy-256p,,,0.7619747532747276,1000000,0.0004711579923374,,seconds,54.077521085739136,53.96653251349926,megabytes,88270.0,88270.0,84.0,80.8695652173913,0.249622528,0.249622528,0.81328125,0.774643342391305,success,sgd,1.0,1000000,1e-06,0.002,0.9,0.0004711579923374,
1D-exp-vs-cauchy-256p,,,0.2583096621417239,1000000,0.0004654379222029,,seconds,52.94235444068909,52.74422920309007,megabytes,88270.0,88270.0,84.0,83.27642276422765,0.249720832,0.249720832,0.81640625,0.7746824186991869,success,sgd,1.0,1000000,1e-06,0.002,0.9,0.0004654379222029,
1D-exp-vs-cauchy-256p,,,0.3862051032020579,1000000,0.0004709273160177,,seconds,52.76577663421631,52.58779430016875,megabytes,88270.0,88270.0,84.0,83.52830188679245,0.249778176,0.249778176,0.809375,0.7764789701257863,success,sgd,1.0,1000000,1e-06,0.002,0.9,0.0004709273160177,
1D-exp-vs-cauchy-256p,,,0.5256563711771288,1000000,0.0004743972587166,,seconds,52.82872939109802,52.813022093847394,megabytes,88270.0,88270.0,84.0,82.77037037037037,0.24963072,0.24963072,0.81015625,0.778431712962963,success,sgd,1.0,1000000,1e-06,0.002,0.9,0.0004743972587166,
1D-exp-vs-cauchy-256p,,,0.5553765183845029,1000000,0.000472432769923,,seconds,52.764434814453125,52.67384510673583,megabytes,88270.0,88270.0,85.0,83.78448275862068,0.249614336,0.249614336,0.809375,0.7781182650862067,success,sgd,1.0,1000000,1e-06,0.002,0.9,0.000472432769923,
1D-exp-vs-cauchy-256p,,,0.5550580933826788,1000000,0.0004717916530027,,seconds,52.979703187942505,52.80983778089285,megabytes,88270.0,88270.0,84.0,83.05755395683454,0.249659392,0.249659392,0.815625,0.7753934352517987,success,sgd,1.0,1000000,1e-06,0.002,0.9,0.0004717916530027,
1D-exp-vs-cauchy-256p,,,0.5870389794684907,1000000,0.000472764360867,,seconds,52.71829462051392,52.55362196825445,megabytes,88270.0,88270.0,85.0,82.71171171171171,0.249679872,0.249679872,0.8125,0.7743032094594596,success,sgd,1.0,1000000,1e-06,0.002,0.9,0.000472764360867,
1D-exp-vs-cauchy-256p,,,0.2787003800759308,1000000,0.00046302509449,,seconds,52.6731276512146,52.63925536349416,megabytes,88270.0,88270.0,84.0,83.49137931034483,0.249675776,0.249675776,0.81171875,0.7779566271551722,success,sgd,1.0,1000000,1e-06,0.002,0.9,0.00046302509449,
1D-exp-vs-cauchy-256p,,,0.4452913887158023,1000000,0.0004685297551646,,seconds,52.90643000602722,52.7195943724364,megabytes,88270.0,88270.0,85.0,83.67701863354037,0.249782272,0.249782272,0.81875,0.7745487189440995,success,sgd,1.0,1000000,1e-06,0.002,0.9,0.0004685297551646,
1D-exp-vs-cauchy-256p,,,0.7575753421355302,1000000,0.0004868723933652,,seconds,52.52300262451172,52.584427919238806,megabytes,88270.0,88270.0,84.0,83.09160305343511,0.249745408,0.249745408,0.8078125,0.7781727099236639,success,sgd,1.0,1000000,1e-06,0.002,0.9,0.0004868723933652,
1D-exp-vs-cauchy-256p,,,0.6521205658569222,1000000,0.0004760312843163,,seconds,52.71272253990173,52.75014637224376,megabytes,88270.0,88270.0,84.0,82.75555555555556,0.249798656,0.249798656,0.81328125,0.777349537037037,success,sgd,1.0,1000000,1e-06,0.002,0.9,0.0004760312843163,
1D-exp-vs-cauchy-256p,,,0.2087497811654024,1000000,0.0004597498509926,,seconds,52.82503628730774,52.71856767311692,megabytes,88270.0,88270.0,84.0,82.88157894736842,0.249757696,0.249757696,0.81328125,0.7777086759868421,success,sgd,1.0,1000000,1e-06,0.002,0.9,0.0004597498509926,
1D-exp-vs-cauchy-256p,,,0.1775111428475423,1000000,0.0004610286223805,,seconds,52.890082597732544,52.71079145558178,megabytes,88270.0,88270.0,84.0,82.73717948717949,0.249880576,0.249880576,0.8078125,0.7755859375000003,success,sgd,1.0,1000000,1e-06,0.002,0.9,0.0004610286223805,
1D-exp-vs-cauchy-256p,,,0.1649885644363593,1000000,0.0004570931973405,,seconds,52.60540556907654,52.58401449769735,megabytes,88270.0,88270.0,84.0,83.5670731707317,0.249909248,0.249909248,0.81875,0.7793016387195121,success,sgd,1.0,1000000,1e-06,0.002,0.9,0.0004570931973405,
1D-exp-vs-cauchy-256p,,,0.7316509093480041,1000000,0.0004757956214056,,seconds,52.84613132476807,52.64960774220526,megabytes,88270.0,88270.0,84.0,82.85611510791367,0.249995264,0.249995264,0.80546875,0.7733363309352519,success,sgd,1.0,1000000,1e-06,0.002,0.9,0.0004757956214056,
1D-exp-vs-cauchy-256p,,,0.2650250721088801,1000000,0.0004649465064371,,seconds,52.74072480201721,52.612076956778765,megabytes,88270.0,88270.0,84.0,83.06060606060606,0.249954304,0.249954304,0.81875,0.7781901041666668,success,sgd,1.0,1000000,1e-06,0.002,0.9,0.0004649465064371,
1D-exp-vs-cauchy-256p,,,0.0445662871572331,1000000,0.0004691600382168,,seconds,52.88584494590759,52.72601479850709,megabytes,88270.0,88270.0,85.0,83.71544715447155,0.24999936,0.24999936,0.8171875,0.7748666158536587,success,sgd,1.0,1000000,1e-06,0.002,0.9,0.0004691600382168,
1D-exp-vs-cauchy-256p,,,0.2475896307370755,1000000,0.0004622278654672,,seconds,52.67226505279541,52.60385784134269,megabytes,88270.0,88270.0,84.0,83.25174825174825,0.249823232,0.249823232,0.80859375,0.777059659090909,success,sgd,1.0,1000000,1e-06,0.002,0.9,0.0004622278654672,
1D-exp-vs-cauchy-256p,,,0.1819579148454413,1000000,0.0004588209230754,,seconds,52.78928971290589,52.62546091154218,megabytes,88270.0,88270.0,84.0,83.41129032258064,0.249892864,0.249892864,0.81953125,0.7751071068548383,success,sgd,1.0,1000000,1e-06,0.002,0.9,0.0004588209230754,
1D-exp-vs-cauchy-256p,,,0.176179257726755,1000000,0.0004596838316564,,seconds,52.951576709747314,52.74947699345648,megabytes,88270.0,88270.0,85.0,83.80701754385964,0.249901056,0.249901056,0.80546875,0.7718407346491228,success,sgd,1.0,1000000,1e-06,0.002,0.9,0.0004596838316564,
1D-exp-vs-cauchy-256p,,,0.2596081311208857,1000000,0.0004686614615991,,seconds,52.96243929862976,52.74618034437299,megabytes,88270.0,88270.0,85.0,83.70370370370371,0.250032128,0.250032128,0.8125,0.7741203703703705,success,sgd,1.0,1000000,1e-06,0.002,0.9,0.0004686614615991,
1D-exp-vs-cauchy-256p,,,0.2974521174285855,1000000,0.0004647337089908,,seconds,52.66530013084412,52.66601088270545,megabytes,88270.0,88270.0,84.0,82.91428571428571,0.249929728,0.249929728,0.81171875,0.7810825892857137,success,sgd,1.0,1000000,1e-06,0.002,0.9,0.0004647337089908,
1D-exp-vs-cauchy-256p,,,0.2303345284119562,1000000,0.0004614646921719,,seconds,52.53846335411072,52.392245737835765,megabytes,88270.0,88270.0,84.0,83.79230769230769,0.249942016,0.249942016,0.803125,0.7776562500000004,success,sgd,1.0,1000000,1e-06,0.002,0.9,0.0004614646921719,
1D-exp-vs-cauchy-256p,,,0.0979545699543594,1000000,0.0004633776013494,,seconds,52.9204363822937,52.733705177903175,megabytes,88270.0,88270.0,84.0,83.30496453900709,0.250048512,0.250048512,0.81171875,0.7729443705673762,success,sgd,1.0,1000000,1e-06,0.002,0.9,0.0004633776013494,
1D-exp-vs-cauchy-256p,,,0.67158621951743,1000000,0.0004729067596507,,seconds,52.34146928787232,52.4459755923599,megabytes,88270.0,88270.0,84.0,83.0990099009901,0.250032128,0.250032128,0.81484375,0.7804996905940594,success,sgd,1.0,1000000,1e-06,0.002,0.9,0.0004729067596507,
1D-exp-vs-cauchy-256p,,,0.742188462763987,1000000,0.000471440692333,,seconds,52.81143856048584,52.67774406820536,megabytes,88270.0,88270.0,84.0,83.25806451612904,0.25001984,0.25001984,0.81484375,0.7763923891129031,success,sgd,1.0,1000000,1e-06,0.002,0.9,0.000471440692333,
1D-exp-vs-cauchy-256p,,,0.4229531574455747,1000000,0.0004688655510005,,seconds,53.96635556221008,54.18213310837746,megabytes,88270.0,88270.0,84.0,79.97457627118644,0.250089472,0.250089472,0.81796875,0.7793034957627116,success,sgd,1.0,1000000,1e-06,0.002,0.9,0.0004688655510005,
1D-exp-vs-cauchy-256p,,,0.5141666150052561,1000000,0.0004965263292334,,seconds,53.99413347244263,53.82205036841333,megabytes,88270.0,88270.0,84.0,81.17829457364341,0.250089472,0.250089472,0.81171875,0.7762536337209304,success,sgd,1.0,1000000,1e-06,0.002,0.9,0.0004965263292334,
1D-exp-vs-cauchy-512p,,,0.2511890930673462,1000000,0.0005667694048232,,seconds,69.38511610031128,69.51582632400095,megabytes,88272.0,88272.0,86.0,85.11643835616438,0.261349376,0.261349376,0.81171875,0.7762574914383562,success,sgd,1.0,1000000,1e-06,0.002,0.9,0.0005667694048232,
1D-exp-vs-cauchy-512p,,,0.3930810099039457,1000000,0.0006063522655804,,seconds,69.02112030982971,69.01993389241397,megabytes,88272.0,88272.0,86.0,85.51256281407035,0.165138432,0.165138432,0.809375,0.7794990577889449,success,sgd,1.0,1000000,1e-06,0.002,0.9,0.0006063522655804,
1D-exp-vs-cauchy-512p,,,0.7376847754243816,1000000,0.0006518794382656,,seconds,69.12385320663452,69.26543727330863,megabytes,88272.0,88272.0,86.0,85.24293785310735,0.165216256,0.165216256,0.8171875,0.778866525423729,success,sgd,1.0,1000000,1e-06,0.002,0.9,0.0006518794382656,
1D-exp-vs-cauchy-512p,,,0.7536263952228968,1000000,0.0006487598301883,,seconds,69.30555176734924,69.14573086239398,megabytes,88272.0,88272.0,86.0,85.43636363636364,0.164929536,0.164929536,0.81328125,0.776368371212121,success,sgd,1.0,1000000,1e-06,0.002,0.9,0.0006487598301883,
1D-exp-vs-cauchy-512p,,,0.2563383051064224,1000000,0.0005892919786006,,seconds,69.23099422454834,69.07739570736885,megabytes,88272.0,88272.0,86.0,84.99428571428571,0.164941824,0.164941824,0.81640625,0.7755625,success,sgd,1.0,1000000,1e-06,0.002,0.9,0.0005892919786006,
1D-exp-vs-cauchy-512p,,,0.3818060015485518,1000000,0.0006153144746613,,seconds,69.14003920555115,69.10206207446754,megabytes,88272.0,88272.0,86.0,85.05339805825243,0.165179392,0.165179392,0.81171875,0.7809352245145633,success,sgd,1.0,1000000,1e-06,0.002,0.9,0.0006153144746613,
1D-exp-vs-cauchy-512p,,,0.5191941815979514,1000000,0.0006338861681552,,seconds,68.83639335632324,68.89679228700697,megabytes,88272.0,88272.0,86.0,85.51700680272108,0.165085184,0.165085184,0.8109375,0.7791666666666668,success,sgd,1.0,1000000,1e-06,0.002,0.9,0.0006338861681552,
1D-exp-vs-cauchy-512p,,,0.5531660182947016,1000000,0.0006311233480238,,seconds,69.12308979034424,69.0899268463254,megabytes,88272.0,88272.0,86.0,85.3913043478261,0.165199872,0.165199872,0.815625,0.7785212862318842,success,sgd,1.0,1000000,1e-06,0.002,0.9,0.0006311233480238,
1D-exp-vs-cauchy-512p,,,0.5528660750680048,1000000,0.0006287244661804,,seconds,69.0617949962616,69.12819289416075,megabytes,88272.0,88272.0,86.0,85.41752577319588,0.164851712,0.164851712,0.81953125,0.7816406249999998,success,sgd,1.0,1000000,1e-06,0.002,0.9,0.0006287244661804,
1D-exp-vs-cauchy-512p,,,0.5890645131238965,1000000,0.0006355740325365,,seconds,69.12868404388428,69.1195262633264,megabytes,88272.0,88272.0,86.0,85.13265306122449,0.164851712,0.164851712,0.81796875,0.7775829081632659,success,sgd,1.0,1000000,1e-06,0.002,0.9,0.0006355740325365,
1D-exp-vs-cauchy-512p,,,0.2786389139591958,1000000,0.0005759295650974,,seconds,69.23748445510864,69.05873387306929,megabytes,88272.0,88272.0,86.0,85.56521739130434,0.16480256,0.16480256,0.825,0.7774068322981366,success,sgd,1.0,1000000,1e-06,0.002,0.9,0.0005759295650974,
1D-exp-vs-cauchy-512p,,,0.4408045399988017,1000000,0.0006075986116435,,seconds,69.07874178886414,69.0312603097409,megabytes,88272.0,88272.0,86.0,85.6264367816092,0.164769792,0.164769792,0.80625,0.7778241738505749,success,sgd,1.0,1000000,1e-06,0.002,0.9,0.0006075986116435,
1D-exp-vs-cauchy-512p,,,0.7574527948187701,1000000,0.0006814689112799,,seconds,69.25520610809326,69.18220233917236,megabytes,88272.0,88272.0,86.0,85.49484536082474,0.164655104,0.164655104,0.815625,0.7804848582474226,success,sgd,1.0,1000000,1e-06,0.002,0.9,0.0006814689112799,
1D-exp-vs-cauchy-512p,,,0.6490863505742065,1000000,0.0006474387923463,,seconds,69.12170243263245,69.14134867675602,megabytes,88272.0,88272.0,86.0,85.33908045977012,0.16461824,0.16461824,0.81015625,0.7816226652298852,success,sgd,1.0,1000000,1e-06,0.002,0.9,0.0006474387923463,
1D-exp-vs-cauchy-512p,,,0.2102469634642639,1000000,0.0005593293315384,,seconds,69.32539439201355,69.1128736063838,megabytes,88272.0,88272.0,86.0,84.76271186440678,0.16492544,0.16492544,0.81328125,0.7743953036723165,success,sgd,1.0,1000000,1e-06,0.002,0.9,0.0005593293315384,
1D-exp-vs-cauchy-512p,,,0.1775954750825622,1000000,0.0005658546326409,,seconds,69.35487866401672,69.25579031743109,megabytes,88272.0,88272.0,86.0,85.54368932038835,0.248987648,0.248987648,0.8171875,0.7798543689320386,success,sgd,1.0,1000000,1e-06,0.002,0.9,0.0005658546326409,
1D-exp-vs-cauchy-512p,,,0.1661492972150154,1000000,0.0005492550130002,,seconds,68.8525218963623,69.04106939025223,megabytes,88272.0,88272.0,86.0,85.37853107344633,0.163807232,0.163807232,0.821875,0.7822078036723168,success,sgd,1.0,1000000,1e-06,0.002,0.9,0.0005492550130002,
1D-exp-vs-cauchy-512p,,,0.7280450050864531,1000000,0.0006530197210804,,seconds,69.4307131767273,69.34224033541977,megabytes,88272.0,88272.0,86.0,85.40609137055837,0.16381952,0.16381952,0.80625,0.7786960659898481,success,sgd,1.0,1000000,1e-06,0.002,0.9,0.0006530197210804,
1D-exp-vs-cauchy-512p,,,0.2676189748319835,1000000,0.000588183752764,,seconds,68.8978762626648,68.96615608222783,megabytes,88272.0,88272.0,86.0,85.41379310344827,0.16367616,0.16367616,0.8109375,0.7788200431034484,success,sgd,1.0,1000000,1e-06,0.002,0.9,0.000588183752764,
1D-exp-vs-cauchy-512p,,,0.0505837134602071,1000000,0.0006038149175163,,seconds,68.93785238265991,69.058932621032,megabytes,88272.0,88272.0,86.0,85.47972972972973,0.1636352,0.1636352,0.81171875,0.7803051097972968,success,sgd,1.0,1000000,1e-06,0.002,0.9,0.0006038149175163,
1D-exp-vs-cauchy-512p,,,0.2478914213560572,1000000,0.0005727009193002,,seconds,69.18130373954773,69.09382099099457,megabytes,88272.0,88272.0,86.0,85.3719512195122,0.163643392,0.163643392,0.828125,0.7788586128048783,success,sgd,1.0,1000000,1e-06,0.002,0.9,0.0005727009193002,
1D-exp-vs-cauchy-512p,,,0.1822200843807296,1000000,0.0005556765309835,,seconds,68.95967531204224,68.97873376123607,megabytes,88272.0,88272.0,86.0,85.2909090909091,0.163704832,0.163704832,0.8109375,0.779744318181818,success,sgd,1.0,1000000,1e-06,0.002,0.9,0.0005556765309835,
1D-exp-vs-cauchy-512p,,,0.1782565218424742,1000000,0.0005591259529591,,seconds,69.1145601272583,69.08059752732515,megabytes,88272.0,88272.0,86.0,85.51677852348993,0.163692544,0.163692544,0.8109375,0.7782718120805366,success,sgd,1.0,1000000,1e-06,0.002,0.9,0.0005591259529591,
1D-exp-vs-cauchy-512p,,,0.2601462114553194,1000000,0.000596264024749,,seconds,69.22653222084045,69.0407421886921,megabytes,88272.0,88272.0,86.0,85.63698630136986,0.163905536,0.163905536,0.80859375,0.775765196917808,success,sgd,1.0,1000000,1e-06,0.002,0.9,0.000596264024749,
1D-exp-vs-cauchy-512p,,,0.2973776253941096,1000000,0.000586956758031,,seconds,68.98986864089966,69.2058287281543,megabytes,88272.0,88272.0,86.0,85.5,0.163745792,0.163745792,0.81171875,0.780057347074468,success,sgd,1.0,1000000,1e-06,0.002,0.9,0.000586956758031,
1D-exp-vs-cauchy-512p,,,0.2308001575594205,1000000,0.0005686533972128,,seconds,69.32699489593506,69.16429639048874,megabytes,88272.0,88272.0,86.0,85.41025641025641,0.163831808,0.163831808,0.80859375,0.7772916666666666,success,sgd,1.0,1000000,1e-06,0.002,0.9,0.0005686533972128,
1D-exp-vs-cauchy-512p,,,0.1032487563784649,1000000,0.0005412580533039,,seconds,69.0679612159729,69.07639418914914,megabytes,88272.0,88272.0,86.0,85.42281879194631,0.163745792,0.163745792,0.80390625,0.7796245805369124,success,sgd,1.0,1000000,1e-06,0.002,0.9,0.0005412580533039,
1D-exp-vs-cauchy-512p,,,0.6684716398575727,1000000,0.000642976209995,,seconds,69.28411817550659,69.10931218415499,megabytes,88272.0,88272.0,86.0,85.46913580246914,0.163741696,0.163741696,0.80859375,0.775877700617284,success,sgd,1.0,1000000,1e-06,0.002,0.9,0.000642976209995,
1D-exp-vs-cauchy-512p,,,0.7385117114327489,1000000,0.0006487915378732,,seconds,69.18142294883728,69.09918424487114,megabytes,88272.0,88272.0,86.0,85.43558282208589,0.16369664,0.16369664,0.82421875,0.7759442101226993,success,sgd,1.0,1000000,1e-06,0.002,0.9,0.0006487915378732,
1D-exp-vs-cauchy-512p,,,0.4218183588550488,1000000,0.0006101071761418,,seconds,68.89726567268372,69.04554684646428,megabytes,88272.0,88272.0,86.0,85.44845360824742,0.16367616,0.16367616,0.8109375,0.7796190399484539,success,sgd,1.0,1000000,1e-06,0.002,0.9,0.0006101071761418,
1D-exp-vs-cauchy-512p,,,0.5154939796427506,1000000,0.0006861781621778,,seconds,69.09412384033203,69.13455675728619,megabytes,88272.0,88272.0,86.0,85.44252873563218,0.163659776,0.163659776,0.8171875,0.7795258620689658,success,sgd,1.0,1000000,1e-06,0.002,0.9,0.0006861781621778,
1D-exp-vs-cauchy-1024p,,,0.2506897868543842,1000000,0.0001390688747006,,seconds,91.6191942691803,91.559699928388,megabytes,88272.0,88272.0,91.0,88.70781893004116,0.262565888,0.262565888,0.82734375,0.7738908179012354,success,sgd,1.0,1000000,1e-06,0.002,0.9,0.0001390688747006,
1D-exp-vs-cauchy-1024p,,,0.3932004696659021,1000000,0.0001326149232364,,seconds,91.64219188690186,91.52178288809957,megabytes,88272.0,88272.0,92.0,88.5021645021645,0.251240448,0.251240448,0.8078125,0.7769480519480515,success,sgd,1.0,1000000,1e-06,0.002,0.9,0.0001326149232364,
1D-exp-vs-cauchy-1024p,,,0.7139644921962573,1000000,0.0021627451205204,,seconds,87.70999646186829,87.78619577176869,megabytes,88272.0,88272.0,92.0,91.49818181818182,0.25044992,0.25044992,0.81796875,0.7811874999999997,success,sgd,1.0,1000000,1e-06,0.002,0.9,0.0021627451205204,
1D-exp-vs-cauchy-1024p,,,0.7396822831373288,1000000,0.0022527243247536,,seconds,88.29448556900024,88.3756030574441,megabytes,88272.0,88272.0,92.0,91.66829268292685,0.2504704,0.2504704,0.8125,0.779081554878049,success,sgd,1.0,1000000,1e-06,0.002,0.9,0.0022527243247536,
1D-exp-vs-cauchy-1024p,,,0.2487548606239271,1000000,0.0007871280849309,,seconds,88.93325519561768,88.9943970721215,megabytes,88272.0,88272.0,92.0,90.63948497854078,0.25051136,0.25051136,0.81015625,0.7790168991416312,success,sgd,1.0,1000000,1e-06,0.002,0.9,0.0007871280849309,
1D-exp-vs-cauchy-1024p,,,0.3693619391806991,1000000,0.0013154026996267,,seconds,90.67396903038023,90.94708583131433,megabytes,88272.0,88272.0,92.0,89.26943005181347,0.25061376,0.25061376,0.80859375,0.7787686204663214,success,sgd,1.0,1000000,1e-06,0.002,0.9,0.0013154026996267,
1D-exp-vs-cauchy-1024p,,,0.5091077188510413,1000000,0.0014145167298289,,seconds,88.03198957443237,88.05420023202896,megabytes,88272.0,88272.0,92.0,91.48803827751196,0.25063424,0.25063424,0.8109375,0.7813658791866035,success,sgd,1.0,1000000,1e-06,0.002,0.9,0.0014145167298289,
1D-exp-vs-cauchy-1024p,,,0.5526097939428195,1000000,0.0005201744073874,,seconds,91.79256105422974,91.89281939901412,megabytes,88272.0,88272.0,91.0,88.65917602996255,0.250679296,0.250679296,0.8140625,0.7806999063670412,success,sgd,1.0,1000000,1e-06,0.002,0.9,0.0005201744073874,
1D-exp-vs-cauchy-1024p,,,0.5527449749290714,1000000,0.0002565683482939,,seconds,90.75481057167052,90.81853937357664,megabytes,88272.0,88272.0,91.0,89.12711864406779,0.250769408,0.250769408,0.8265625,0.7793068061440677,success,sgd,1.0,1000000,1e-06,0.002,0.9,0.0002565683482939,
1D-exp-vs-cauchy-1024p,,,0.5877407828034462,1000000,0.0006300088213421,,seconds,91.07783389091492,90.88616360910235,megabytes,88272.0,88272.0,91.0,89.2905982905983,0.250744832,0.250744832,0.8078125,0.776312099358974,success,sgd,1.0,1000000,1e-06,0.002,0.9,0.0006300088213421,
1D-exp-vs-cauchy-1024p,,,0.2786214527995037,1000000,7.074893314114555e-05,,seconds,89.10619521141052,88.92502988874912,megabytes,88272.0,88272.0,92.0,90.58984375,0.250667008,0.250667008,0.8140625,0.7771026611328121,success,sgd,1.0,1000000,1e-06,0.002,0.9,7.074893314114555e-05,
1D-exp-vs-cauchy-1024p,,,0.443099743656388,1000000,2.622260754488878e-05,,seconds,90.79686427116394,90.86944475769997,megabytes,88272.0,88272.0,91.0,89.12616822429906,0.250486784,0.250486784,0.8078125,0.7807644567757002,success,sgd,1.0,1000000,1e-06,0.002,0.9,2.622260754488878e-05,
1D-exp-vs-cauchy-1024p,,,0.7493650705151527,1000000,0.0020230636002439,,seconds,91.26382279396056,91.18573798239233,megabytes,88272.0,88272.0,91.0,89.12053571428571,0.250556416,0.250556416,0.82265625,0.7786481584821426,success,sgd,1.0,1000000,1e-06,0.002,0.9,0.0020230636002439,
1D-exp-vs-cauchy-1024p,,,0.6319485527007507,1000000,0.0016087841685006,,seconds,88.709552526474,88.64055864140391,megabytes,88272.0,88272.0,92.0,91.49765258215965,0.250568704,0.250568704,0.81015625,0.7777362089201878,success,sgd,1.0,1000000,1e-06,0.002,0.9,0.0016087841685006,
1D-exp-vs-cauchy-1024p,,,0.2094325451556223,1000000,0.0002845881951579,,seconds,89.80366063117981,89.71797316893935,megabytes,88272.0,88272.0,92.0,89.99173553719008,0.250642432,0.250642432,0.81640625,0.7778150826446282,success,sgd,1.0,1000000,1e-06,0.002,0.9,0.0002845881951579,
1D-exp-vs-cauchy-1024p,,,0.1707605364170449,1000000,0.0003904827873054,,seconds,91.84744548797607,91.73323498107492,megabytes,88272.0,88272.0,91.0,88.5603217158177,0.250642432,0.250642432,0.8140625,0.7789376675603218,success,sgd,1.0,1000000,1e-06,0.002,0.9,0.0003904827873054,
1D-exp-vs-cauchy-1024p,,,0.1622977701758501,1000000,0.0007157253243425,,seconds,88.78122162818909,88.5973634943366,megabytes,88272.0,88272.0,92.0,91.28142076502732,0.252473344,0.252473344,0.81640625,0.77755293715847,success,sgd,1.0,1000000,1e-06,0.002,0.9,0.0007157253243425,
1D-exp-vs-cauchy-1024p,,,0.7092970878804385,1000000,0.0019189498892014,,seconds,91.72634267807008,91.72093320824206,megabytes,88272.0,88272.0,92.0,88.48556430446195,0.250478592,0.250478592,0.81640625,0.7799848261154858,success,sgd,1.0,1000000,1e-06,0.002,0.9,0.0019189498892014,
1D-exp-vs-cauchy-1024p,,,0.2622025920013739,1000000,0.0004336922300506,,seconds,89.13345694541931,88.95675677061081,megabytes,88272.0,88272.0,92.0,90.48169014084507,0.250580992,0.250580992,0.81875,0.7776892605633804,success,sgd,1.0,1000000,1e-06,0.002,0.9,0.0004336922300506,
1D-exp-vs-cauchy-1024p,,,0.0381672221166902,1000000,0.0014008802250079,,seconds,91.02673196792604,90.88484711013734,megabytes,88272.0,88272.0,91.0,88.97783933518005,0.250535936,0.250535936,0.8359375,0.7795533240997224,success,sgd,1.0,1000000,1e-06,0.002,0.9,0.0014008802250079,
1D-exp-vs-cauchy-1024p,,,0.2477196873283704,1000000,0.0001149603788072,,seconds,91.80248379707336,91.60894759371875,megabytes,88272.0,88272.0,91.0,88.62032085561498,0.250667008,0.250667008,0.81640625,0.7766878342245989,success,sgd,1.0,1000000,1e-06,0.002,0.9,0.0001149603788072,
1D-exp-vs-cauchy-1024p,,,0.1794567708698402,1000000,0.0004549282994167,,seconds,91.3963224887848,91.26468972675502,megabytes,88272.0,88272.0,91.0,88.70879120879121,0.250630144,0.250630144,0.81484375,0.7779082245879119,success,sgd,1.0,1000000,1e-06,0.002,0.9,0.0004549282994167,
1D-exp-vs-cauchy-1024p,,,0.1741979435500124,1000000,0.0004308481299839,,seconds,90.43609762191772,90.2778517305851,megabytes,88272.0,88272.0,92.0,89.25906735751295,0.2505728,0.2505728,0.81796875,0.7778153335492235,success,sgd,1.0,1000000,1e-06,0.002,0.9,0.0004308481299839,
1D-exp-vs-cauchy-1024p,,,0.2408552557800417,1000000,0.0018008954896986,,seconds,91.92518067359924,91.91577877290548,megabytes,88272.0,88272.0,91.0,88.5778364116095,0.25059328,0.25059328,0.81328125,0.779724604221636,success,sgd,1.0,1000000,1e-06,0.002,0.9,0.0018008954896986,
1D-exp-vs-cauchy-1024p,,,0.2963557452482838,1000000,4.920127328523747e-05,,seconds,92.23658657073976,92.1009705364704,megabytes,88272.0,88272.0,92.0,87.87301587301587,0.250576896,0.250576896,0.828125,0.7774057539682534,success,sgd,1.0,1000000,1e-06,0.002,0.9,4.920127328523747e-05,
1D-exp-vs-cauchy-1024p,,,0.229500555298351,1000000,0.0001634092591244,,seconds,91.67787742614746,91.6740476358682,megabytes,88272.0,88272.0,92.0,88.70923913043478,0.250605568,0.250605568,0.81875,0.7791440217391307,success,sgd,1.0,1000000,1e-06,0.002,0.9,0.0001634092591244,
1D-exp-vs-cauchy-1024p,,,0.0880840523450806,1000000,0.0014963816683878,,seconds,87.17224669456482,87.00827277451754,megabytes,88272.0,88272.0,93.0,92.01685393258428,0.250703872,0.250703872,0.81875,0.7788074964887644,success,sgd,1.0,1000000,1e-06,0.002,0.9,0.0014963816683878,
1D-exp-vs-cauchy-1024p,,,0.6689049057373597,1000000,0.0007540893578588,,seconds,91.0486991405487,90.8433966934681,megabytes,88272.0,88272.0,91.0,88.85989010989012,0.250863616,0.250863616,0.81484375,0.7780606112637366,success,sgd,1.0,1000000,1e-06,0.002,0.9,0.0007540893578588,
1D-exp-vs-cauchy-1024p,,,0.7283482832605139,1000000,0.0015409182256403,,seconds,88.56827902793884,88.40270596183836,megabytes,88272.0,88272.0,92.0,90.75280898876404,0.25071616,0.25071616,0.8171875,0.7779735779494377,success,sgd,1.0,1000000,1e-06,0.002,0.9,0.0015409182256403,
1D-exp-vs-cauchy-1024p,,,0.4227580839501844,1000000,0.0001093318279215,,seconds,91.38000774383544,91.32497884146868,megabytes,88272.0,88272.0,91.0,88.65940054495913,0.250671104,0.250671104,0.83203125,0.7794426941416895,success,sgd,1.0,1000000,1e-06,0.002,0.9,0.0001093318279215,
1D-exp-vs-cauchy-1024p,,,0.5112981883477713,1000000,0.0018138420356603,,seconds,90.60133385658264,90.57990600541234,megabytes,88272.0,88272.0,91.0,89.04324324324324,0.250707968,0.250707968,0.81484375,0.78020481418919,success,sgd,1.0,1000000,1e-06,0.002,0.9,0.0018138420356603,
1D-exp-vs-cauchy-2048p,,,0.0435084266083899,1000000,0.0129944659226482,,seconds,185.7438099384308,185.5738204605877,megabytes,88272.0,88272.0,96.0,94.70687237026648,0.263749632,0.263749632,0.82421875,0.7766786465638146,success,sgd,1.0,1000000,1e-06,0.002,0.9,0.0129944659226482,
1D-exp-vs-cauchy-2048p,,,0.1679380124499372,1000000,0.0170341282492905,,seconds,185.26671862602237,185.1863337121904,megabytes,88272.0,88272.0,96.0,95.38095238095238,0.252035072,0.252035072,0.8265625,0.7799798044217687,success,sgd,1.0,1000000,1e-06,0.002,0.9,0.0170341282492905,
1D-exp-vs-cauchy-2048p,,,0.5951906509987226,1000000,0.0128149970882557,,seconds,184.6268231868744,184.57424737513065,megabytes,88272.0,88272.0,96.0,95.37364130434784,0.25196544,0.25196544,0.82578125,0.7798339843749993,success,sgd,1.0,1000000,1e-06,0.002,0.9,0.0128149970882557,
1D-exp-vs-cauchy-2048p,,,0.6495345829184002,1000000,0.0113013861599632,,seconds,185.8965814113617,185.79202619194984,megabytes,88272.0,88272.0,96.0,95.08882521489971,0.252010496,0.252010496,0.83125,0.7788368553008603,success,sgd,1.0,1000000,1e-06,0.002,0.9,0.0113013861599632,
1D-exp-vs-cauchy-2048p,,,0.0833027849257661,1000000,0.0145115908020435,,seconds,184.71560859680176,184.70038107037544,megabytes,88272.0,88272.0,96.0,95.23389355742296,0.255676416,0.255676416,0.82265625,0.7801962972689074,success,sgd,1.0,1000000,1e-06,0.002,0.9,0.0145115908020435,
1D-exp-vs-cauchy-2048p,,,0.2161796862933035,1000000,0.0153501413601472,,seconds,185.63462138175964,185.46736171096563,megabytes,88272.0,88272.0,96.0,95.26970954356848,0.25577472,0.25577472,0.8375,0.7785356154910091,success,sgd,1.0,1000000,1e-06,0.002,0.9,0.0153501413601472,
1D-exp-vs-cauchy-2048p,,,0.353127209476386,1000000,0.0155762727558057,,seconds,184.87876081466675,184.68474154360592,megabytes,88272.0,88272.0,96.0,95.33701657458565,0.254902272,0.254902272,0.8171875,0.7781206837016567,success,sgd,1.0,1000000,1e-06,0.002,0.9,0.0155762727558057,
1D-exp-vs-cauchy-2048p,,,0.354067733799214,1000000,0.0169975404978576,,seconds,185.80772852897644,185.66574509255588,megabytes,88272.0,88272.0,96.0,95.15602836879432,0.255627264,0.255627264,0.8140625,0.77961990248227,success,sgd,1.0,1000000,1e-06,0.002,0.9,0.0169975404978576,
1D-exp-vs-cauchy-2048p,,,0.3428708075512704,1000000,0.0175662497668533,,seconds,185.05353903770447,184.84114281088117,megabytes,88272.0,88272.0,96.0,95.16548797736915,0.254984192,0.254984192,0.82265625,0.779193555516266,success,sgd,1.0,1000000,1e-06,0.002,0.9,0.0175662497668533,
1D-exp-vs-cauchy-2048p,,,0.3908921782862554,1000000,0.0167844496958072,,seconds,185.5976779460907,185.4264770038426,megabytes,88272.0,88272.0,96.0,95.4041095890411,0.255746048,0.255746048,0.8140625,0.7775385273972603,success,sgd,1.0,1000000,1e-06,0.002,0.9,0.0167844496958072,
1D-exp-vs-cauchy-2048p,,,0.0531208812276111,1000000,0.0147457259746775,,seconds,184.9244129657745,184.89531657285988,megabytes,88272.0,88272.0,96.0,95.21388101983004,0.255655936,0.255655936,0.82265625,0.77961446529745,success,sgd,1.0,1000000,1e-06,0.002,0.9,0.0147457259746775,
1D-exp-vs-cauchy-2048p,,,0.1839653918522882,1000000,0.0184748410752789,,seconds,185.39504766464236,185.20162086747587,megabytes,88272.0,88272.0,96.0,95.39973082099596,0.255766528,0.255766528,0.840625,0.7790429424629881,success,sgd,1.0,1000000,1e-06,0.002,0.9,0.0184748410752789,
1D-exp-vs-cauchy-2048p,,,0.6935944405127152,1000000,0.0092231310251181,,seconds,184.74966263771057,184.6571571864188,megabytes,88272.0,88272.0,96.0,95.22301136363636,0.255696896,0.255696896,0.81640625,0.7792746803977277,success,sgd,1.0,1000000,1e-06,0.002,0.9,0.0092231310251181,
1D-exp-vs-cauchy-2048p,,,0.4770519401965259,1000000,0.0149949999345904,,seconds,185.44059681892395,185.4330468736589,megabytes,88272.0,88272.0,96.0,95.1813031161473,0.256749568,0.256749568,0.81484375,0.7798800460339947,success,sgd,1.0,1000000,1e-06,0.002,0.9,0.0149949999345904,
1D-exp-vs-cauchy-2048p,,,0.0412352677967574,1000000,0.0118137908847136,,seconds,184.68476796150208,184.4806381519884,megabytes,88272.0,88272.0,96.0,95.31571627260084,0.2558976,0.2558976,0.82421875,0.7782510431154381,success,sgd,1.0,1000000,1e-06,0.002,0.9,0.0118137908847136,
1D-exp-vs-cauchy-2048p,,,0.0412735381886583,1000000,0.0126837880068054,,seconds,185.07763051986691,184.92800428159532,megabytes,88272.0,88272.0,96.0,95.31748251748252,0.256827392,0.256827392,0.834375,0.7787860576923072,success,sgd,1.0,1000000,1e-06,0.002,0.9,0.0126837880068054,
1D-exp-vs-cauchy-2048p,,,0.0464326566444958,1000000,0.0097868862488695,,seconds,184.44032096862796,184.42288235388696,megabytes,88272.0,88272.0,96.0,95.36401673640168,0.256864256,0.256864256,0.8125,0.7794107391910736,success,sgd,1.0,1000000,1e-06,0.002,0.9,0.0097868862488695,
1D-exp-vs-cauchy-2048p,,,0.5641247768915412,1000000,0.0138236066998682,,seconds,184.937695980072,184.87959196045995,megabytes,88272.0,88272.0,96.0,95.36783216783216,0.256888832,0.256888832,0.8140625,0.7802414772727281,success,sgd,1.0,1000000,1e-06,0.002,0.9,0.0138236066998682,
1D-exp-vs-cauchy-2048p,,,0.0801077438506052,1000000,0.0148527881434553,,seconds,184.653347492218,184.4839731231332,megabytes,88272.0,88272.0,96.0,95.26441631504925,0.256991232,0.256991232,0.840625,0.7790765646976094,success,sgd,1.0,1000000,1e-06,0.002,0.9,0.0148527881434553,
1D-exp-vs-cauchy-2048p,,,0.0245936727342922,1000000,0.0082055890797775,,seconds,184.9293611049652,184.76892394572496,megabytes,88272.0,88272.0,96.0,95.41527777777776,0.25696256,0.25696256,0.8234375,0.7786621093750005,success,sgd,1.0,1000000,1e-06,0.002,0.9,0.0082055890797775,
1D-exp-vs-cauchy-2048p,,,0.049316043606845,1000000,0.0141956196363223,,seconds,184.6624052524567,184.5801121518016,megabytes,88272.0,88272.0,96.0,95.2354609929078,0.256872448,0.256872448,0.82421875,0.7788885195035463,success,sgd,1.0,1000000,1e-06,0.002,0.9,0.0141956196363223,
1D-exp-vs-cauchy-2048p,,,0.0416228401124186,1000000,0.0113721489646787,,seconds,185.1044065952301,184.89150402881205,megabytes,88272.0,88272.0,96.0,95.29661016949152,0.25704448,0.25704448,0.8328125,0.7780102401129945,success,sgd,1.0,1000000,1e-06,0.002,0.9,0.0113721489646787,
1D-exp-vs-cauchy-2048p,,,0.0402068459168752,1000000,0.0120705095419368,,seconds,184.56040024757385,184.4513779040426,megabytes,88272.0,88272.0,96.0,95.39477303988996,0.256933888,0.256933888,0.82421875,0.7798250515818439,success,sgd,1.0,1000000,1e-06,0.002,0.9,0.0120705095419368,
1D-exp-vs-cauchy-2048p,,,0.1451336446715404,1000000,0.0131238667168312,,seconds,185.09077739715576,184.94560566917065,megabytes,88272.0,88272.0,96.0,95.41666666666669,0.25696256,0.25696256,0.81328125,0.7780438866120208,success,sgd,1.0,1000000,1e-06,0.002,0.9,0.0131238667168312,
1D-exp-vs-cauchy-2048p,,,0.0770310079949897,1000000,0.0156635924703477,,seconds,184.8303713798523,184.6726104076952,megabytes,88272.0,88272.0,96.0,95.22301136363636,0.257024,0.257024,0.83046875,0.7783203125,success,sgd,1.0,1000000,1e-06,0.002,0.9,0.0156635924703477,
1D-exp-vs-cauchy-2048p,,,0.0451695823913549,1000000,0.0136046951147968,,seconds,184.87702989578247,184.73307422921064,megabytes,88272.0,88272.0,96.0,95.38683127572016,0.257011712,0.257011712,0.82421875,0.7784797239369001,success,sgd,1.0,1000000,1e-06,0.002,0.9,0.0136046951147968,
1D-exp-vs-cauchy-2048p,,,0.0691499866972774,1000000,0.0075615116699559,,seconds,184.4461181163788,184.41887439601123,megabytes,88272.0,88272.0,96.0,95.34297520661156,0.256249856,0.256249856,0.84140625,0.7798994920798896,success,sgd,1.0,1000000,1e-06,0.002,0.9,0.0075615116699559,
1D-exp-vs-cauchy-2048p,,,0.4689943473025292,1000000,0.0162783925096562,,seconds,184.7337749004364,184.6503856703639,megabytes,88272.0,88272.0,96.0,95.29254571026723,0.256290816,0.256290816,0.8140625,0.7784788150492261,success,sgd,1.0,1000000,1e-06,0.002,0.9,0.0162783925096562,
1D-exp-vs-cauchy-2048p,,,0.5507657462180856,1000000,0.0144955313467363,,seconds,184.2855930328369,184.1939247921109,megabytes,88272.0,88272.0,96.0,95.3109243697479,0.256274432,0.256274432,0.82890625,0.7790222338935575,success,sgd,1.0,1000000,1e-06,0.002,0.9,0.0144955313467363,
1D-exp-vs-cauchy-2048p,,,0.196462780796962,1000000,0.0173979847944387,,seconds,184.77731823921204,184.7444983851165,megabytes,88272.0,88272.0,96.0,95.3484419263456,0.257024,0.257024,0.82265625,0.7793798689801696,success,sgd,1.0,1000000,1e-06,0.002,0.9,0.0173979847944387,
1D-exp-vs-cauchy-2048p,,,0.4718144369188461,1000000,0.0090538136666973,,seconds,184.39890718460083,184.23923677951095,megabytes,88272.0,88272.0,96.0,95.25035360678925,0.257011712,0.257011712,0.815625,0.7790311173974537,success,sgd,1.0,1000000,1e-06,0.002,0.9,0.0090538136666973,
1D-exp-vs-cauchy-32p,,,0.1997996234348066,1000000,1.6489673875275647e-05,,seconds,36.40234327316284,36.31104672141373,megabytes,88270.0,88270.0,86.0,85.26436781609195,0.246964224,0.246964224,0.80390625,0.77507183908046,success,sgd,0.1,1000000,1e-06,0.002,0.9,1.6489673875275647e-05,
1D-exp-vs-cauchy-32p,,,0.3201717294157427,1000000,1.652873278262355e-05,,seconds,36.43625044822693,36.46461554244161,megabytes,88270.0,88270.0,86.0,84.16666666666667,0.247062528,0.247062528,0.80546875,0.7803276909722221,success,sgd,0.1,1000000,1e-06,0.002,0.9,1.652873278262355e-05,
1D-exp-vs-cauchy-32p,,,0.7178242614729187,1000000,1.622824939323687e-05,,seconds,36.2271740436554,36.08811129629612,megabytes,88270.0,88270.0,86.0,85.3157894736842,0.247078912,0.247078912,0.8046875,0.7731578947368423,success,sgd,0.1,1000000,1e-06,0.002,0.9,1.622824939323687e-05,
1D-exp-vs-cauchy-32p,,,0.6803456095545986,1000000,1.6179592997209864e-05,,seconds,36.507216691970825,36.289300641044974,megabytes,88270.0,88270.0,86.0,84.25287356321839,0.247042048,0.247042048,0.8171875,0.7712104885057469,success,sgd,0.1,1000000,1e-06,0.002,0.9,1.6179592997209864e-05,
1D-exp-vs-cauchy-32p,,,0.2175561221450872,1000000,1.6600685144823736e-05,,seconds,36.67160201072693,36.577265372499824,megabytes,88270.0,88270.0,86.0,84.55263157894737,0.246964224,0.246964224,0.803125,0.7763569078947367,success,sgd,0.1,1000000,1e-06,0.002,0.9,1.6600685144823736e-05,
1D-exp-vs-cauchy-32p,,,0.297545743431807,1000000,1.649251194568262e-05,,seconds,36.38273906707764,36.31756158545613,megabytes,88270.0,88270.0,86.0,85.23913043478261,0.246996992,0.246996992,0.8078125,0.7753057065217387,success,sgd,0.1,1000000,1e-06,0.002,0.9,1.649251194568262e-05,
1D-exp-vs-cauchy-32p,,,0.4183158822213662,1000000,1.6340955370867008e-05,,seconds,36.490234375,36.48784818127751,megabytes,88270.0,88270.0,86.0,84.33333333333333,0.247054336,0.247054336,0.8109375,0.7806842672413792,success,sgd,0.1,1000000,1e-06,0.002,0.9,1.6340955370867008e-05,
1D-exp-vs-cauchy-32p,,,0.4313906662617539,1000000,1.6322830202851473e-05,,seconds,36.66911935806274,36.45906499773264,megabytes,88270.0,88270.0,86.0,85.53271028037383,0.247144448,0.247144448,0.80703125,0.7705461448598129,success,sgd,0.1,1000000,1e-06,0.002,0.9,1.6322830202851473e-05,
1D-exp-vs-cauchy-32p,,,0.4894931423056166,1000000,1.64273927870463e-05,,seconds,36.918864488601685,36.79941831342876,megabytes,88270.0,88270.0,85.0,84.24324324324324,0.247140352,0.247140352,0.80234375,0.7738281249999999,success,sgd,0.1,1000000,1e-06,0.002,0.9,1.64273927870463e-05,
1D-exp-vs-cauchy-32p,,,0.487039362325862,1000000,1.6316074203830036e-05,,seconds,36.21066975593567,36.26441949792206,megabytes,88270.0,88270.0,86.0,85.2289156626506,0.24725504,0.24725504,0.8125,0.7828124999999999,success,sgd,0.1,1000000,1e-06,0.002,0.9,1.6316074203830036e-05,
1D-exp-vs-cauchy-32p,,,0.2159014927347774,1000000,1.6509790238722157e-05,,seconds,36.73318457603455,36.64863887242973,megabytes,88270.0,88270.0,85.0,84.60550458715596,0.247296,0.247296,0.8125,0.7794724770642201,success,sgd,0.1,1000000,1e-06,0.002,0.9,1.6509790238722157e-05,
1D-exp-vs-cauchy-32p,,,0.3539528286491628,1000000,1.651266884676571e-05,,seconds,36.5303692817688,36.48320065252483,megabytes,88270.0,88270.0,86.0,84.84146341463415,0.24735744,0.24735744,0.80625,0.7786490091463417,success,sgd,0.1,1000000,1e-06,0.002,0.9,1.651266884676571e-05,
1D-exp-vs-cauchy-32p,,,0.7052371384205498,1000000,1.6762108325274203e-05,,seconds,36.27539587020874,36.217296194285154,megabytes,88270.0,88270.0,86.0,85.23255813953489,0.24737792,0.24737792,0.803125,0.7779614825581397,success,sgd,0.1,1000000,1e-06,0.002,0.9,1.6762108325274203e-05,
1D-exp-vs-cauchy-32p,,,0.5308052664450795,1000000,1.6183372433100867e-05,,seconds,36.02649736404419,36.32264835387468,megabytes,88270.0,88270.0,86.0,85.5049504950495,0.24745984,0.24745984,0.80859375,0.7796720297029706,success,sgd,0.1,1000000,1e-06,0.002,0.9,1.6183372433100867e-05,
1D-exp-vs-cauchy-32p,,,0.1582640559357692,1000000,1.6623930355967314e-05,,seconds,36.37855744361877,36.35107082314789,megabytes,88270.0,88270.0,86.0,84.96153846153847,0.247525376,0.247525376,0.8046875,0.778455528846154,success,sgd,0.1,1000000,1e-06,0.002,0.9,1.6623930355967314e-05,
1D-exp-vs-cauchy-32p,,,0.1360726805267594,1000000,1.6767585133646865e-05,,seconds,36.60457110404968,36.43816725723445,megabytes,88270.0,88270.0,86.0,83.85321100917432,0.247373824,0.247373824,0.81796875,0.7727279243119264,success,sgd,0.1,1000000,1e-06,0.002,0.9,1.6767585133646865e-05,
1D-exp-vs-cauchy-32p,,,0.1306901873926351,1000000,1.6914375526803434e-05,,seconds,36.4311261177063,36.25264713913202,megabytes,88270.0,88270.0,86.0,84.55208333333333,0.2475008,0.2475008,0.80625,0.7726155598958332,success,sgd,0.1,1000000,1e-06,0.002,0.9,1.6914375526803434e-05,
1D-exp-vs-cauchy-32p,,,0.6864451094701383,1000000,1.6192986325071154e-05,,seconds,36.16045951843262,36.27191066928208,megabytes,88270.0,88270.0,86.0,85.09302325581395,0.247455744,0.247455744,0.8,0.7766260901162789,success,sgd,0.1,1000000,1e-06,0.002,0.9,1.6192986325071154e-05,
1D-exp-vs-cauchy-32p,,,0.2192691760514742,1000000,1.6585496274108486e-05,,seconds,36.51973104476929,36.37625953555107,megabytes,88270.0,88270.0,86.0,85.05154639175258,0.247468032,0.247468032,0.8078125,0.7756604381443295,success,sgd,0.1,1000000,1e-06,0.002,0.9,1.6585496274108486e-05,
1D-exp-vs-cauchy-32p,,,0.0379770358869805,1000000,2.2026041530766567e-05,,seconds,36.48483324050903,36.53106743656099,megabytes,88270.0,88270.0,86.0,84.40697674418605,0.247476224,0.247476224,0.809375,0.7797420058139538,success,sgd,0.1,1000000,1e-06,0.002,0.9,2.2026041530766567e-05,
1D-exp-vs-cauchy-32p,,,0.1912010284494029,1000000,1.6554899397742427e-05,,seconds,36.564422369003296,36.55318295396864,megabytes,88270.0,88270.0,86.0,84.3,0.247492608,0.247492608,0.81015625,0.7791761363636364,success,sgd,0.1,1000000,1e-06,0.002,0.9,1.6554899397742427e-05,
1D-exp-vs-cauchy-32p,,,0.1369260394525681,1000000,1.676209258627711e-05,,seconds,36.410439014434814,36.35814229771495,megabytes,88270.0,88270.0,86.0,84.28205128205128,0.247574528,0.247574528,0.80234375,0.7767294337606837,success,sgd,0.1,1000000,1e-06,0.002,0.9,1.676209258627711e-05,
1D-exp-vs-cauchy-32p,,,0.1424374238297678,1000000,1.6759829129601676e-05,,seconds,36.185950756073,36.23561844602227,megabytes,88270.0,88270.0,86.0,85.05434782608695,0.247558144,0.247558144,0.809375,0.7799677309782609,success,sgd,0.1,1000000,1e-06,0.002,0.9,1.6759829129601676e-05,
1D-exp-vs-cauchy-32p,,,0.2329945350121257,1000000,1.6662081366069312e-05,,seconds,36.1438364982605,36.0500082205981,megabytes,88270.0,88270.0,86.0,85.10344827586206,0.247574528,0.247574528,0.8078125,0.7780262212643678,success,sgd,0.1,1000000,1e-06,0.002,0.9,1.6662081366069312e-05,
1D-exp-vs-cauchy-32p,,,0.2307751212571922,1000000,1.6553968986360672e-05,,seconds,36.17836904525757,36.273398976773024,megabytes,88270.0,88270.0,86.0,84.73863636363636,0.247619584,0.247619584,0.81328125,0.7795454545454544,success,sgd,0.1,1000000,1e-06,0.002,0.9,1.6553968986360672e-05,
1D-exp-vs-cauchy-32p,,,0.1704298302332595,1000000,1.6595195512532128e-05,,seconds,36.04467797279358,36.119489248842,megabytes,88270.0,88270.0,86.0,85.04347826086956,0.24764416,0.24764416,0.803125,0.7767889492753625,success,sgd,0.1,1000000,1e-06,0.002,0.9,1.6595195512532128e-05,
1D-exp-vs-cauchy-32p,,,0.0949063191649361,1000000,1.9987834628336147e-05,,seconds,36.15520453453064,36.094616428017616,megabytes,88270.0,88270.0,86.0,85.20454545454545,0.24762368,0.24762368,0.81875,0.778995028409091,success,sgd,0.1,1000000,1e-06,0.002,0.9,1.9987834628336147e-05,
1D-exp-vs-cauchy-32p,,,0.5424754138623109,1000000,1.6163721180349835e-05,,seconds,36.40412402153015,36.343160877004266,megabytes,88270.0,88270.0,86.0,85.2127659574468,0.247537664,0.247537664,0.8078125,0.7764710771276596,success,sgd,0.1,1000000,1e-06,0.002,0.9,1.6163721180349835e-05,
1D-exp-vs-cauchy-32p,,,0.6217012570297259,1000000,1.599761094416342e-05,,seconds,36.589531898498535,36.49295066483319,megabytes,88270.0,88270.0,86.0,84.19626168224299,0.247590912,0.247590912,0.81640625,0.7765917056074767,success,sgd,0.1,1000000,1e-06,0.002,0.9,1.599761094416342e-05,
1D-exp-vs-cauchy-32p,,,0.356195145096114,1000000,1.6520909837547846e-05,,seconds,37.84652876853943,38.06053676456213,megabytes,88270.0,88270.0,86.0,79.45535714285714,0.2476032,0.2476032,0.80625,0.7812779017857147,success,sgd,0.1,1000000,1e-06,0.002,0.9,1.6520909837547846e-05,
1D-exp-vs-cauchy-32p,,,0.5553428995556474,1000000,1.7229926228744602e-05,,seconds,36.53452205657959,36.39579217880964,megabytes,88270.0,88270.0,86.0,84.57317073170732,0.247599104,0.247599104,0.796875,0.7727324695121949,success,sgd,0.1,1000000,1e-06,0.002,0.9,1.7229926228744602e-05,
1D-exp-vs-cauchy-64p,,,0.1845610443298937,1000000,2.4240435781355525e-05,,seconds,45.07962918281555,45.046836238354445,megabytes,88270.0,88270.0,80.0,78.71818181818182,0.25833472,0.25833472,0.8125,0.7736434659090914,success,sgd,0.1,1000000,1e-06,0.002,0.9,2.4240435781355525e-05,
1D-exp-vs-cauchy-64p,,,0.3187775963309509,1000000,2.3714313177456187e-05,,seconds,44.492939472198486,44.266596384346485,megabytes,88270.0,88270.0,81.0,79.01886792452831,0.248983552,0.248983552,0.81171875,0.7718307783018868,success,sgd,0.1,1000000,1e-06,0.002,0.9,2.3714313177456187e-05,
1D-exp-vs-cauchy-64p,,,0.6667023771533652,1000000,2.3163629061227965e-05,,seconds,44.34598255157471,44.40629188716412,megabytes,88270.0,88270.0,80.0,79.22988505747126,0.24868864,0.24868864,0.8140625,0.7805316091954021,success,sgd,0.1,1000000,1e-06,0.002,0.9,2.3163629061227965e-05,
1D-exp-vs-cauchy-64p,,,0.7268898491209626,1000000,2.3509649247553527e-05,,seconds,44.53486895561218,44.35472168214619,megabytes,88270.0,88270.0,81.0,79.74242424242425,0.248786944,0.248786944,0.80859375,0.7748401988636366,success,sgd,0.1,1000000,1e-06,0.002,0.9,2.3509649247553527e-05,
1D-exp-vs-cauchy-64p,,,0.195714741511762,1000000,2.4097714130745488e-05,,seconds,44.47260999679565,44.48298982903361,megabytes,88270.0,88270.0,80.0,79.4424778761062,0.248819712,0.248819712,0.8265625,0.7817892699115047,success,sgd,0.1,1000000,1e-06,0.002,0.9,2.4097714130745488e-05,
1D-exp-vs-cauchy-64p,,,0.3249286495756562,1000000,2.3732352628844164e-05,,seconds,44.194987535476685,44.23098669759929,megabytes,88270.0,88270.0,80.0,79.35849056603773,0.24879104,0.24879104,0.80234375,0.7794074292452828,success,sgd,0.1,1000000,1e-06,0.002,0.9,2.3732352628844164e-05,
1D-exp-vs-cauchy-64p,,,0.4527907767651961,1000000,2.3470191455554133e-05,,seconds,44.52484154701233,44.30688899569213,megabytes,88270.0,88270.0,80.0,79.89320388349515,0.249167872,0.249167872,0.81328125,0.7706538228155336,success,sgd,0.1,1000000,1e-06,0.002,0.9,2.3470191455554133e-05,
1D-exp-vs-cauchy-64p,,,0.4656824227262867,1000000,2.3421723229878568e-05,,seconds,44.34062647819519,44.33356783166528,megabytes,88270.0,88270.0,81.0,79.8695652173913,0.248991744,0.248991744,0.81875,0.7800475543478264,success,sgd,0.1,1000000,1e-06,0.002,0.9,2.3421723229878568e-05,
1D-exp-vs-cauchy-64p,,,0.4518299543198614,1000000,2.341755717924423e-05,,seconds,44.535889863967896,44.38078216463328,megabytes,88270.0,88270.0,81.0,79.65648854961832,0.24897536,0.24897536,0.8109375,0.7755605916030535,success,sgd,0.1,1000000,1e-06,0.002,0.9,2.341755717924423e-05,
1D-exp-vs-cauchy-64p,,,0.4854706571964029,1000000,2.331861990270994e-05,,seconds,44.41175317764282,44.3458451051265,megabytes,88270.0,88270.0,81.0,79.39583333333333,0.249081856,0.249081856,0.8109375,0.7774902343749996,success,sgd,0.1,1000000,1e-06,0.002,0.9,2.331861990270994e-05,
1D-exp-vs-cauchy-64p,,,0.2147511435384873,1000000,2.4022095856590377e-05,,seconds,44.6549015045166,44.53266184963286,megabytes,88270.0,88270.0,81.0,79.25,0.248844288,0.248844288,0.80703125,0.7780682963709674,success,sgd,0.1,1000000,1e-06,0.002,0.9,2.4022095856590377e-05,
1D-exp-vs-cauchy-64p,,,0.3527098190385229,1000000,2.365508361563234e-05,,seconds,44.42932033538818,44.44352513924241,megabytes,88270.0,88270.0,80.0,79.3211009174312,0.24887296,0.24887296,0.8203125,0.7802178899082565,success,sgd,0.1,1000000,1e-06,0.002,0.9,2.365508361563234e-05,
1D-exp-vs-cauchy-64p,,,0.7516622618694244,1000000,2.6228095948853504e-05,,seconds,44.42046475410461,44.462030086666346,megabytes,88270.0,88270.0,80.0,79.60606060606061,0.248881152,0.248881152,0.81015625,0.7791824494949493,success,sgd,0.1,1000000,1e-06,0.002,0.9,2.6228095948853504e-05,
1D-exp-vs-cauchy-64p,,,0.5708786386467708,1000000,2.3245592010639704e-05,,seconds,44.42743730545044,44.50051357410848,megabytes,88270.0,88270.0,81.0,79.34782608695652,0.248905728,0.248905728,0.803125,0.7799456521739129,success,sgd,0.1,1000000,1e-06,0.002,0.9,2.3245592010639704e-05,
1D-exp-vs-cauchy-64p,,,0.1572179771394936,1000000,2.4704501987820838e-05,,seconds,44.74216151237488,44.58747926354408,megabytes,88270.0,88270.0,81.0,79.23762376237623,0.24887296,0.24887296,0.81171875,0.7748452970297033,success,sgd,0.1,1000000,1e-06,0.002,0.9,2.4704501987820838e-05,
1D-exp-vs-cauchy-64p,,,0.134947792456502,1000000,2.4976252235358068e-05,,seconds,44.31986856460571,44.202863086014986,megabytes,88270.0,88270.0,81.0,79.54368932038835,0.248860672,0.248860672,0.8046875,0.7756143810679608,success,sgd,0.1,1000000,1e-06,0.002,0.9,2.4976252235358068e-05,
1D-exp-vs-cauchy-64p,,,0.1298010631540396,1000000,2.5896245869216785e-05,,seconds,44.73132920265198,44.75566215626896,megabytes,88270.0,88270.0,80.0,78.89473684210526,0.248881152,0.248881152,0.80625,0.778559680451128,success,sgd,0.1,1000000,1e-06,0.002,0.9,2.5896245869216785e-05,
1D-exp-vs-cauchy-64p,,,0.6374864019950851,1000000,2.305813093907119e-05,,seconds,44.060561418533325,44.25565304607153,megabytes,88270.0,88270.0,81.0,79.4087591240876,0.248938496,0.248938496,0.81171875,0.780132299270073,success,sgd,0.1,1000000,1e-06,0.002,0.9,2.305813093907119e-05,
1D-exp-vs-cauchy-64p,,,0.2178748992137671,1000000,2.4057833849264075e-05,,seconds,44.550710678100586,44.38325796090066,megabytes,88270.0,88270.0,80.0,79.35643564356435,0.248987648,0.248987648,0.8125,0.7759050123762378,success,sgd,0.1,1000000,1e-06,0.002,0.9,2.4057833849264075e-05,
1D-exp-vs-cauchy-64p,,,0.0346064692518861,1000000,3.776315359492654e-05,,seconds,44.40996050834656,44.30990054644644,megabytes,88270.0,88270.0,80.0,79.58333333333333,0.248922112,0.248922112,0.81015625,0.7767485119047616,success,sgd,0.1,1000000,1e-06,0.002,0.9,3.776315359492654e-05,
1D-exp-vs-cauchy-64p,,,0.1900403330382063,1000000,2.4206209627278028e-05,,seconds,44.48880410194397,44.52233081124723,megabytes,88270.0,88270.0,80.0,79.32038834951456,0.249012224,0.249012224,0.80234375,0.7792779126213594,success,sgd,0.1,1000000,1e-06,0.002,0.9,2.4206209627278028e-05,
1D-exp-vs-cauchy-64p,,,0.1359363870531924,1000000,2.5167193622652303e-05,,seconds,44.43979954719544,44.24727592803538,megabytes,88270.0,88270.0,81.0,79.79411764705883,0.249090048,0.249090048,0.80859375,0.7747625612745103,success,sgd,0.1,1000000,1e-06,0.002,0.9,2.5167193622652303e-05,
1D-exp-vs-cauchy-64p,,,0.1319268763449375,1000000,2.5111618184907897e-05,,seconds,44.48637771606445,44.47728521749377,megabytes,88270.0,88270.0,81.0,79.56410256410257,0.248958976,0.248958976,0.81171875,0.7787560096153846,success,sgd,0.1,1000000,1e-06,0.002,0.9,2.5111618184907897e-05,
1D-exp-vs-cauchy-64p,,,0.2310778699328405,1000000,2.4169419451420085e-05,,seconds,44.260215520858765,44.34306691773236,megabytes,88270.0,88270.0,80.0,79.41836734693878,0.248946688,0.248946688,0.81171875,0.7785634566326528,success,sgd,0.1,1000000,1e-06,0.002,0.9,2.4169419451420085e-05,
1D-exp-vs-cauchy-64p,,,0.2295139206912343,1000000,2.392979337530915e-05,,seconds,44.6966118812561,44.50992898456752,megabytes,88270.0,88270.0,80.0,79.20979020979021,0.24899584,0.24899584,0.8140625,0.7766881555944057,success,sgd,0.1,1000000,1e-06,0.002,0.9,2.392979337530915e-05,
1D-exp-vs-cauchy-64p,,,0.169326335065769,1000000,2.435524035630516e-05,,seconds,44.49326658248901,44.42411369457841,megabytes,88270.0,88270.0,81.0,79.57,0.248938496,0.248938496,0.803125,0.7765468750000001,success,sgd,0.1,1000000,1e-06,0.002,0.9,2.435524035630516e-05,
1D-exp-vs-cauchy-64p,,,0.0847539709882838,1000000,3.721623669472699e-05,,seconds,44.821821451187134,44.65623892843723,megabytes,88270.0,88270.0,80.0,79.0873786407767,0.249012224,0.249012224,0.83359375,0.7749620752427189,success,sgd,0.1,1000000,1e-06,0.002,0.9,3.721623669472699e-05,
1D-exp-vs-cauchy-64p,,,0.58222704033063,1000000,2.319366360734294e-05,,seconds,44.43659543991089,44.36596895568073,megabytes,88270.0,88270.0,81.0,79.4954128440367,0.2490368,0.2490368,0.8109375,0.7765625000000002,success,sgd,0.1,1000000,1e-06,0.002,0.9,2.319366360734294e-05,
1D-exp-vs-cauchy-64p,,,0.6655957698260008,1000000,2.2998008830034525e-05,,seconds,44.62562036514282,44.45772638171911,megabytes,88270.0,88270.0,80.0,79.3917525773196,0.249126912,0.249126912,0.82578125,0.7741301546391753,success,sgd,0.1,1000000,1e-06,0.002,0.9,2.2998008830034525e-05,
1D-exp-vs-cauchy-64p,,,0.3258983647656984,1000000,2.36493670978374e-05,,seconds,44.69190335273743,44.47717587463558,megabytes,88270.0,88270.0,81.0,79.375,0.249167872,0.249167872,0.81796875,0.7709716796874999,success,sgd,0.1,1000000,1e-06,0.002,0.9,2.36493670978374e-05,
1D-exp-vs-cauchy-64p,,,0.5059563415895408,1000000,2.50360989703407e-05,,seconds,44.24607944488525,44.47347548045218,megabytes,88270.0,88270.0,81.0,79.58823529411765,0.249110528,0.249110528,0.81796875,0.7803002450980392,success,sgd,0.1,1000000,1e-06,0.002,0.9,2.50360989703407e-05,
1D-exp-vs-cauchy-128p,,,0.1909967589559738,1000000,3.684221869387506e-05,,seconds,47.93224048614502,47.7819312158972,megabytes,88270.0,88270.0,87.0,83.04395604395604,0.260370432,0.260370432,0.8140625,0.7657967032967031,success,sgd,0.1,1000000,1e-06,0.002,0.9,3.684221869387506e-05,
1D-exp-vs-cauchy-128p,,,0.318296847372105,1000000,3.4208511636925266e-05,,seconds,49.65016198158264,49.83624625951052,megabytes,88270.0,88270.0,86.0,81.64220183486239,0.250007552,0.250007552,0.81171875,0.7790567660550457,success,sgd,0.1,1000000,1e-06,0.002,0.9,3.4208511636925266e-05,
1D-exp-vs-cauchy-128p,,,0.6659878460150613,1000000,3.3700135461033306e-05,,seconds,48.12274312973023,48.20309108681977,megabytes,88270.0,88270.0,86.0,83.48571428571428,0.250073088,0.250073088,0.81640625,0.7804687500000002,success,sgd,0.1,1000000,1e-06,0.002,0.9,3.3700135461033306e-05,
1D-exp-vs-cauchy-128p,,,0.7009368125560015,1000000,3.4824869656609615e-05,,seconds,49.64696621894837,49.52958199568093,megabytes,88270.0,88270.0,86.0,81.45801526717557,0.250048512,0.250048512,0.8140625,0.7753458969465652,success,sgd,0.1,1000000,1e-06,0.002,0.9,3.4824869656609615e-05,
1D-exp-vs-cauchy-128p,,,0.2051920733447255,1000000,3.578647445752961e-05,,seconds,48.293949842453,48.10850736312568,megabytes,88270.0,88270.0,86.0,83.46564885496183,0.250212352,0.250212352,0.80703125,0.7745109732824429,success,sgd,0.1,1000000,1e-06,0.002,0.9,3.578647445752961e-05,
1D-exp-vs-cauchy-128p,,,0.3243752823744595,1000000,3.427552272481358e-05,,seconds,50.75866103172302,50.577358450740576,megabytes,88270.0,88270.0,86.0,79.62595419847328,0.250294272,0.250294272,0.8359375,0.7756739026717555,success,sgd,0.1,1000000,1e-06,0.002,0.9,3.427552272481358e-05,
1D-exp-vs-cauchy-128p,,,0.452214096414595,1000000,3.3792258466994326e-05,,seconds,48.09441804885864,48.13544439896941,megabytes,88270.0,88270.0,86.0,83.57894736842105,0.250220544,0.250220544,0.8046875,0.7801192434210525,success,sgd,0.1,1000000,1e-06,0.002,0.9,3.3792258466994326e-05,
1D-exp-vs-cauchy-128p,,,0.4651709145540459,1000000,3.366932120440415e-05,,seconds,49.905094385147095,49.92813378572464,megabytes,88270.0,88270.0,86.0,81.38655462184875,0.250134528,0.250134528,0.81640625,0.7809151785714282,success,sgd,0.1,1000000,1e-06,0.002,0.9,3.366932120440415e-05,
1D-exp-vs-cauchy-128p,,,0.4513451359851602,1000000,3.365265391663858e-05,,seconds,49.01540327072144,48.850547790527344,megabytes,88270.0,88270.0,86.0,82.2439024390244,0.250146816,0.250146816,0.80703125,0.775990853658537,success,sgd,0.1,1000000,1e-06,0.002,0.9,3.365265391663858e-05,
1D-exp-vs-cauchy-128p,,,0.5040130801247714,1000000,3.359444289179465e-05,,seconds,49.83255910873413,49.60204538144171,megabytes,88270.0,88270.0,86.0,81.5748031496063,0.250396672,0.250396672,0.83125,0.7729638287401575,success,sgd,0.1,1000000,1e-06,0.002,0.9,3.359444289179465e-05,
1D-exp-vs-cauchy-128p,,,0.2057391781316331,1000000,3.5785066574031183e-05,,seconds,48.668251514434814,48.46605863235891,megabytes,88270.0,88270.0,86.0,82.74436090225564,0.250228736,0.250228736,0.81640625,0.7728912124060154,success,sgd,0.1,1000000,1e-06,0.002,0.9,3.5785066574031183e-05,
1D-exp-vs-cauchy-128p,,,0.3522652934093171,1000000,3.400280425991247e-05,,seconds,49.52427101135254,49.47457077912986,megabytes,88270.0,88270.0,86.0,81.83870967741936,0.250212352,0.250212352,0.8140625,0.7779485887096773,success,sgd,0.1,1000000,1e-06,0.002,0.9,3.400280425991247e-05,
1D-exp-vs-cauchy-128p,,,0.7502593424226369,1000000,4.687211923323064e-05,,seconds,49.05763220787048,48.92625732906163,megabytes,88270.0,88270.0,86.0,81.55038759689923,0.250269696,0.250269696,0.81640625,0.7765201065891473,success,sgd,0.1,1000000,1e-06,0.002,0.9,4.687211923323064e-05,
1D-exp-vs-cauchy-128p,,,0.5702801748141462,1000000,3.352508880740715e-05,,seconds,50.31182050704956,50.18407443724573,megabytes,88270.0,88270.0,86.0,80.29508196721312,0.25028608,0.25028608,0.80859375,0.7767033811475412,success,sgd,0.1,1000000,1e-06,0.002,0.9,3.352508880740715e-05,
1D-exp-vs-cauchy-128p,,,0.156761547473106,1000000,3.84273158885104e-05,,seconds,48.89124393463135,48.88923501968384,megabytes,88270.0,88270.0,86.0,81.90566037735849,0.25030656,0.25030656,0.815625,0.7775943396226415,success,sgd,0.1,1000000,1e-06,0.002,0.9,3.84273158885104e-05,
1D-exp-vs-cauchy-128p,,,0.1344828292719286,1000000,3.908318951817602e-05,,seconds,50.01632308959961,49.85668855719268,megabytes,88270.0,88270.0,87.0,81.20714285714286,0.250384384,0.250384384,0.80859375,0.7738113839285715,success,sgd,0.1,1000000,1e-06,0.002,0.9,3.908318951817602e-05,
1D-exp-vs-cauchy-128p,,,0.1293311057990948,1000000,4.2732262007721966e-05,,seconds,48.571940422058105,48.652466006577015,megabytes,88270.0,88270.0,86.0,82.432,0.250384384,0.250384384,0.8046875,0.77759375,success,sgd,0.1,1000000,1e-06,0.002,0.9,4.2732262007721966e-05,
1D-exp-vs-cauchy-128p,,,0.6600667186062664,1000000,3.343695905787649e-05,,seconds,50.63190054893494,50.67512513324618,megabytes,88270.0,88270.0,86.0,80.21428571428571,0.2504704,0.2504704,0.80859375,0.7806152343750004,success,sgd,0.1,1000000,1e-06,0.002,0.9,3.343695905787649e-05,
1D-exp-vs-cauchy-128p,,,0.2071674626001751,1000000,3.559484898317708e-05,,seconds,48.4264223575592,48.56839053146541,megabytes,88270.0,88270.0,86.0,83.0,0.25051136,0.25051136,0.81015625,0.7792388613861386,success,sgd,0.1,1000000,1e-06,0.002,0.9,3.559484898317708e-05,
1D-exp-vs-cauchy-128p,,,0.0350555332439069,1000000,8.004867354091169e-05,,seconds,49.41966652870178,49.41501609608531,megabytes,88270.0,88270.0,86.0,81.76691729323308,0.250601472,0.250601472,0.8078125,0.7800810620300753,success,sgd,0.1,1000000,1e-06,0.002,0.9,8.004867354091169e-05,
1D-exp-vs-cauchy-128p,,,0.1895822475168433,1000000,3.650293228202103e-05,,seconds,49.00099802017212,49.00892669148743,megabytes,88270.0,88270.0,87.0,82.0677966101695,0.250425344,0.250425344,0.8109375,0.7820113877118647,success,sgd,0.1,1000000,1e-06,0.002,0.9,3.650293228202103e-05,
1D-exp-vs-cauchy-128p,,,0.1354833531697372,1000000,3.995259605706335e-05,,seconds,49.94134330749512,49.72566061839461,megabytes,88270.0,88270.0,86.0,80.83333333333333,0.250589184,0.250589184,0.81171875,0.7747953869047619,success,sgd,0.1,1000000,1e-06,0.002,0.9,3.995259605706335e-05,
1D-exp-vs-cauchy-128p,,,0.1314761716659163,1000000,3.963735262027145e-05,,seconds,48.368080377578735,48.2467679399997,megabytes,88270.0,88270.0,86.0,82.79661016949153,0.250437632,0.250437632,0.809375,0.7784957627118642,success,sgd,0.1,1000000,1e-06,0.002,0.9,3.963735262027145e-05,
1D-exp-vs-cauchy-128p,,,0.2304634705376533,1000000,3.574576731525099e-05,,seconds,50.65179681777954,50.41428184509277,megabytes,88270.0,88270.0,86.0,79.70833333333333,0.250683392,0.250683392,0.80625,0.7745954241071429,success,sgd,0.1,1000000,1e-06,0.002,0.9,3.574576731525099e-05,
1D-exp-vs-cauchy-128p,,,0.229051397435356,1000000,3.521967218188889e-05,,seconds,48.42235970497131,48.36795565858483,megabytes,88270.0,88270.0,87.0,82.78102189781022,0.2504704,0.2504704,0.80703125,0.7779710310218972,success,sgd,0.1,1000000,1e-06,0.002,0.9,3.521967218188889e-05,
1D-exp-vs-cauchy-128p,,,0.1757654651962989,1000000,3.711232850186268e-05,,seconds,50.05147385597229,49.98878606595099,megabytes,88270.0,88270.0,86.0,81.16521739130435,0.250486784,0.250486784,0.81640625,0.777085597826087,success,sgd,0.1,1000000,1e-06,0.002,0.9,3.711232850186268e-05,
1D-exp-vs-cauchy-128p,,,0.0842522205713653,1000000,8.585786937329928e-05,,seconds,48.277679443359375,48.06516137905419,megabytes,88270.0,88270.0,86.0,83.45378151260505,0.25055232,0.25055232,0.80625,0.7716714810924369,success,sgd,0.1,1000000,1e-06,0.002,0.9,8.585786937329928e-05,
1D-exp-vs-cauchy-128p,,,0.5817054089653478,1000000,3.33773717864992e-05,,seconds,50.719773054122925,50.62340670824051,megabytes,88270.0,88270.0,86.0,79.91452991452991,0.250544128,0.250544128,0.80859375,0.7748130341880344,success,sgd,0.1,1000000,1e-06,0.002,0.9,3.33773717864992e-05,
1D-exp-vs-cauchy-128p,,,0.6421257340326654,1000000,3.310184076095919e-05,,seconds,48.59726810455322,48.36824956163764,megabytes,88270.0,88270.0,86.0,83.14173228346456,0.250687488,0.250687488,0.80703125,0.7734928641732284,success,sgd,0.1,1000000,1e-06,0.002,0.9,3.310184076095919e-05,
1D-exp-vs-cauchy-128p,,,0.3396811800620011,1000000,3.4060721755516114e-05,,seconds,49.95255613327026,50.02119890972972,megabytes,88270.0,88270.0,86.0,81.22123893805309,0.250544128,0.250544128,0.8046875,0.7788232853982298,success,sgd,0.1,1000000,1e-06,0.002,0.9,3.4060721755516114e-05,
1D-exp-vs-cauchy-128p,,,0.504483090597344,1000000,4.494616146042645e-05,,seconds,48.56519603729248,48.5462197996676,megabytes,88270.0,88270.0,86.0,82.35766423357664,0.250540032,0.250540032,0.8125,0.7800467609489052,success,sgd,0.1,1000000,1e-06,0.002,0.9,4.494616146042645e-05,
1D-exp-vs-cauchy-256p,,,0.1871055904704649,1000000,5.047748217134036e-05,,seconds,53.366042613983154,53.2102990411222,megabytes,88270.0,88270.0,84.0,82.448,0.261763072,0.261763072,0.81171875,0.7728124999999999,success,sgd,0.1,1000000,1e-06,0.002,0.9,5.047748217134036e-05,
1D-exp-vs-cauchy-256p,,,0.317965445873603,1000000,4.339419244715959e-05,,seconds,52.47744798660278,52.48728831857443,megabytes,88270.0,88270.0,84.0,82.9622641509434,0.251277312,0.251277312,0.8125,0.7817167845911949,success,sgd,0.1,1000000,1e-06,0.002,0.9,4.339419244715959e-05,
1D-exp-vs-cauchy-256p,,,0.6655820719713632,1000000,4.654748348252221e-05,,seconds,52.62033820152283,52.7760977037251,megabytes,88270.0,88270.0,84.0,83.416,0.251285504,0.251285504,0.81171875,0.7800750000000001,success,sgd,0.1,1000000,1e-06,0.002,0.9,4.654748348252221e-05,
1D-exp-vs-cauchy-256p,,,0.7128710045866165,1000000,5.602747508491409e-05,,seconds,52.496118783950806,52.47684215568006,megabytes,88270.0,88270.0,84.0,83.3984375,0.251293696,0.251293696,0.8140625,0.7783142089843751,success,sgd,0.1,1000000,1e-06,0.002,0.9,5.602747508491409e-05,
1D-exp-vs-cauchy-256p,,,0.2048525515214324,1000000,4.601219618422703e-05,,seconds,52.85775971412659,52.62819148786366,megabytes,88270.0,88270.0,84.0,83.60283687943263,0.251584512,0.251584512,0.81484375,0.7748947251773046,success,sgd,0.1,1000000,1e-06,0.002,0.9,4.601219618422703e-05,
1D-exp-vs-cauchy-256p,,,0.3240433506100955,1000000,4.273209731170933e-05,,seconds,52.693350315094,52.52500628866255,megabytes,88270.0,88270.0,84.0,83.52884615384616,0.25147392,0.25147392,0.8140625,0.7731370192307695,success,sgd,0.1,1000000,1e-06,0.002,0.9,4.273209731170933e-05,
1D-exp-vs-cauchy-256p,,,0.4518705327332924,1000000,4.254113679677033e-05,,seconds,52.78234624862671,52.66647047363222,megabytes,88270.0,88270.0,84.0,82.88709677419355,0.251314176,0.251314176,0.81015625,0.7768838205645161,success,sgd,0.1,1000000,1e-06,0.002,0.9,4.254113679677033e-05,
1D-exp-vs-cauchy-256p,,,0.464836911152729,1000000,4.2599712485672765e-05,,seconds,52.64507079124451,52.67949052900076,megabytes,88270.0,88270.0,85.0,83.6,0.251379712,0.251379712,0.8171875,0.7799999999999999,success,sgd,0.1,1000000,1e-06,0.002,0.9,4.2599712485672765e-05,
1D-exp-vs-cauchy-256p,,,0.4599091200427833,1000000,4.263845632001919e-05,,seconds,52.841105461120605,52.692293131724,megabytes,88270.0,88270.0,84.0,82.93382352941177,0.25137152,0.25137152,0.83125,0.7739430147058822,success,sgd,0.1,1000000,1e-06,0.002,0.9,4.263845632001919e-05,
1D-exp-vs-cauchy-256p,,,0.4941042406867312,1000000,4.274660849101773e-05,,seconds,52.48280310630798,52.61544984020293,megabytes,88270.0,88270.0,85.0,83.4885496183206,0.251428864,0.251428864,0.81640625,0.7772364026717558,success,sgd,0.1,1000000,1e-06,0.002,0.9,4.274660849101773e-05,
1D-exp-vs-cauchy-256p,,,0.2096035208282019,1000000,4.781468948089778e-05,,seconds,53.10809516906738,52.96214905567467,megabytes,88270.0,88270.0,84.0,83.21951219512195,0.25143296,0.25143296,0.81640625,0.776814977134146,success,sgd,0.1,1000000,1e-06,0.002,0.9,4.781468948089778e-05,
1D-exp-vs-cauchy-256p,,,0.3519335544228594,1000000,4.338036990986165e-05,,seconds,52.610342264175415,52.63036447763443,megabytes,88270.0,88270.0,85.0,83.55333333333333,0.251445248,0.251445248,0.828125,0.780390625,success,sgd,0.1,1000000,1e-06,0.002,0.9,4.338036990986165e-05,
1D-exp-vs-cauchy-256p,,,0.7365650265833465,1000000,0.0001449237807905,,seconds,53.12925624847412,53.11414407752454,megabytes,88270.0,88270.0,84.0,82.15333333333334,0.251449344,0.251449344,0.81015625,0.7802291666666668,success,sgd,0.1,1000000,1e-06,0.002,0.9,0.0001449237807905,
1D-exp-vs-cauchy-256p,,,0.5699183491113093,1000000,4.373335252924525e-05,,seconds,53.07104325294495,53.13496633805335,megabytes,88270.0,88270.0,84.0,81.359375,0.25151488,0.25151488,0.81171875,0.7793640136718749,success,sgd,0.1,1000000,1e-06,0.002,0.9,4.373335252924525e-05,
1D-exp-vs-cauchy-256p,,,0.1563168792686269,1000000,5.406941731618154e-05,,seconds,52.70561099052429,52.84153097867966,megabytes,88270.0,88270.0,84.0,82.6015625,0.25153536,0.25153536,0.81328125,0.7795898437500001,success,sgd,0.1,1000000,1e-06,0.002,0.9,5.406941731618154e-05,
1D-exp-vs-cauchy-256p,,,0.1340882369981036,1000000,5.329965516335498e-05,,seconds,52.40523958206177,52.487379712983966,megabytes,88270.0,88270.0,84.0,83.4812030075188,0.251551744,0.251551744,0.81328125,0.7792410714285711,success,sgd,0.1,1000000,1e-06,0.002,0.9,5.329965516335498e-05,
1D-exp-vs-cauchy-256p,,,0.128753354504276,1000000,6.505381575957578e-05,,seconds,52.76812481880188,52.75000231340528,megabytes,88270.0,88270.0,84.0,83.25806451612904,0.251584512,0.251584512,0.8203125,0.7800529233870966,success,sgd,0.1,1000000,1e-06,0.002,0.9,6.505381575957578e-05,
1D-exp-vs-cauchy-256p,,,0.6480349316111427,1000000,4.517780846409792e-05,,seconds,52.73755621910095,52.62440248206258,megabytes,88270.0,88270.0,84.0,83.3529411764706,0.251625472,0.251625472,0.81015625,0.7770909926470589,success,sgd,0.1,1000000,1e-06,0.002,0.9,4.517780846409792e-05,
1D-exp-vs-cauchy-256p,,,0.2068325263349751,1000000,4.572379769660855e-05,,seconds,52.481581687927246,52.57832654751837,megabytes,88270.0,88270.0,84.0,82.8108108108108,0.251662336,0.251662336,0.81015625,0.7788288288288288,success,sgd,0.1,1000000,1e-06,0.002,0.9,4.572379769660855e-05,
1D-exp-vs-cauchy-256p,,,0.0345289390812368,1000000,0.0001311550707655,,seconds,52.59395599365234,52.64662047289312,megabytes,88270.0,88270.0,85.0,83.63888888888889,0.251764736,0.251764736,0.809375,0.780447048611111,success,sgd,0.1,1000000,1e-06,0.002,0.9,0.0001311550707655,
1D-exp-vs-cauchy-256p,,,0.1853124159456267,1000000,4.876158210807078e-05,,seconds,52.98620676994324,52.8321068957448,megabytes,88270.0,88270.0,84.0,82.55384615384615,0.251580416,0.251580416,0.80546875,0.7763581730769231,success,sgd,0.1,1000000,1e-06,0.002,0.9,4.876158210807078e-05,
1D-exp-vs-cauchy-256p,,,0.1369030348852529,1000000,5.749451963417971e-05,,seconds,52.99327325820923,52.77212936989963,megabytes,88270.0,88270.0,84.0,83.24166666666666,0.2518016,0.2518016,0.81171875,0.7717317708333336,success,sgd,0.1,1000000,1e-06,0.002,0.9,5.749451963417971e-05,
1D-exp-vs-cauchy-256p,,,0.1310527927620898,1000000,5.527827406477848e-05,,seconds,52.88046193122864,52.96721892617643,megabytes,88270.0,88270.0,84.0,83.26950354609929,0.251604992,0.251604992,0.8125,0.7797983156028376,success,sgd,0.1,1000000,1e-06,0.002,0.9,5.527827406477848e-05,
1D-exp-vs-cauchy-256p,,,0.2240260396425447,1000000,4.442686589827814e-05,,seconds,52.752976179122925,52.59564099647105,megabytes,88270.0,88270.0,85.0,83.5959595959596,0.25165824,0.25165824,0.8171875,0.7754103535353535,success,sgd,0.1,1000000,1e-06,0.002,0.9,4.442686589827814e-05,
1D-exp-vs-cauchy-256p,,,0.2287073291334553,1000000,4.5715965489743566e-05,,seconds,52.69082283973694,52.60564203560352,megabytes,88270.0,88270.0,83.0,82.63358778625954,0.25165824,0.25165824,0.82109375,0.779639790076336,success,sgd,0.1,1000000,1e-06,0.002,0.9,4.5715965489743566e-05,
1D-exp-vs-cauchy-256p,,,0.1718896761375732,1000000,5.013574364829592e-05,,seconds,52.64814782142639,52.74070726893842,megabytes,88270.0,88270.0,85.0,83.22881355932203,0.251686912,0.251686912,0.8140625,0.7782971398305084,success,sgd,0.1,1000000,1e-06,0.002,0.9,5.013574364829592e-05,
1D-exp-vs-cauchy-256p,,,0.0832460214336161,1000000,0.0001329486202235,,seconds,52.72952795028687,52.82774670794606,megabytes,88270.0,88270.0,84.0,83.28813559322033,0.25174016,0.25174016,0.80859375,0.7808593749999998,success,sgd,0.1,1000000,1e-06,0.002,0.9,0.0001329486202235,
1D-exp-vs-cauchy-256p,,,0.5709012085618059,1000000,4.354782075707804e-05,,seconds,52.65974998474121,52.57634258642793,megabytes,88270.0,88270.0,84.0,83.0,0.251768832,0.251768832,0.81171875,0.7743906250000003,success,sgd,0.1,1000000,1e-06,0.002,0.9,4.354782075707804e-05,
1D-exp-vs-cauchy-256p,,,0.6417751351420945,1000000,4.481591899477997e-05,,seconds,52.80332922935486,52.8768501970917,megabytes,88270.0,88270.0,84.0,83.36111111111111,0.251793408,0.251793408,0.8046875,0.7797037760416665,success,sgd,0.1,1000000,1e-06,0.002,0.9,4.481591899477997e-05,
1D-exp-vs-cauchy-256p,,,0.3393534085389668,1000000,4.304418860154607e-05,,seconds,52.54676365852356,52.61072663031519,megabytes,88270.0,88270.0,85.0,83.21374045801527,0.251813888,0.251813888,0.81171875,0.7779222328244273,success,sgd,0.1,1000000,1e-06,0.002,0.9,4.304418860154607e-05,
1D-exp-vs-cauchy-256p,,,0.5039041663115514,1000000,0.0001306344126524,,seconds,52.61626935005188,52.56671770848334,megabytes,88270.0,88270.0,84.0,82.9136690647482,0.251797504,0.251797504,0.8046875,0.7780800359712227,success,sgd,0.1,1000000,1e-06,0.002,0.9,0.0001306344126524,
1D-exp-vs-cauchy-512p,,,0.1895237207693027,1000000,3.011633705785446e-06,,seconds,69.85112118721008,69.80040341056883,megabytes,88272.0,88272.0,86.0,85.07936507936508,0.26294272,0.26294272,0.81796875,0.7758267195767194,success,sgd,0.1,1000000,1e-06,0.002,0.9,3.011633705785446e-06,
1D-exp-vs-cauchy-512p,,,0.3150163250665805,1000000,4.403022279199659e-06,,seconds,69.31554651260376,69.237259298563,megabytes,88272.0,88272.0,86.0,85.30952380952381,0.166887424,0.166887424,0.80625,0.777432105654762,success,sgd,0.1,1000000,1e-06,0.002,0.9,4.403022279199659e-06,
1D-exp-vs-cauchy-512p,,,0.6713655837752818,1000000,0.0001824875135725,,seconds,69.27471923828125,69.22018968127668,megabytes,88272.0,88272.0,86.0,85.26486486486486,0.166879232,0.166879232,0.81015625,0.7795354729729724,success,sgd,0.1,1000000,1e-06,0.002,0.9,0.0001824875135725,
1D-exp-vs-cauchy-512p,,,0.7053905268736997,1000000,0.000584462750218,,seconds,69.2780237197876,69.0754285287112,megabytes,88272.0,88272.0,86.0,85.70469798657719,0.166785024,0.166785024,0.81640625,0.7771969379194631,success,sgd,0.1,1000000,1e-06,0.002,0.9,0.000584462750218,
1D-exp-vs-cauchy-512p,,,0.2028500566370953,1000000,1.7603588185786798e-06,,seconds,69.42512440681458,69.19788516126573,megabytes,88272.0,88272.0,86.0,85.25850340136054,0.16674816,0.16674816,0.81484375,0.7726509353741491,success,sgd,0.1,1000000,1e-06,0.002,0.9,1.7603588185786798e-06,
1D-exp-vs-cauchy-512p,,,0.3207817267273128,1000000,3.399691203546517e-06,,seconds,69.27040386199951,69.09754385985434,megabytes,88272.0,88272.0,86.0,85.56,0.16646144,0.16646144,0.8140625,0.7768164062500006,success,sgd,0.1,1000000,1e-06,0.002,0.9,3.399691203546517e-06,
1D-exp-vs-cauchy-512p,,,0.4476795683045511,1000000,7.438273485463759e-06,,seconds,69.14056849479675,69.05987136438489,megabytes,88272.0,88272.0,86.0,85.49740932642487,0.166080512,0.166080512,0.8125,0.7782869170984459,success,sgd,0.1,1000000,1e-06,0.002,0.9,7.438273485463759e-06,
1D-exp-vs-cauchy-512p,,,0.4652708754069262,1000000,9.349040037269888e-06,,seconds,69.09302568435669,69.21580783091486,megabytes,88272.0,88272.0,86.0,85.43835616438356,0.166100992,0.166100992,0.8078125,0.7803938356164385,success,sgd,0.1,1000000,1e-06,0.002,0.9,9.349040037269888e-06,
1D-exp-vs-cauchy-512p,,,0.4603497074238918,1000000,9.502708259544873e-06,,seconds,69.39378929138184,69.17286266200244,megabytes,88272.0,88272.0,86.0,85.3010752688172,0.166453248,0.166453248,0.8125,0.7749873991935484,success,sgd,0.1,1000000,1e-06,0.002,0.9,9.502708259544873e-06,
1D-exp-vs-cauchy-512p,,,0.4993007631426509,1000000,1.0895948035639282e-05,,seconds,69.19412159919739,69.18447786569595,megabytes,88272.0,88272.0,86.0,85.43548387096774,0.166117376,0.166117376,0.8125,0.7793766801075266,success,sgd,0.1,1000000,1e-06,0.002,0.9,1.0895948035639282e-05,
1D-exp-vs-cauchy-512p,,,0.2102186485781657,1000000,3.0394414673512157e-06,,seconds,68.92599034309387,69.12655557692051,megabytes,88272.0,88272.0,86.0,85.58638743455498,0.165892096,0.165892096,0.81328125,0.780804155759162,success,sgd,0.1,1000000,1e-06,0.002,0.9,3.0394414673512157e-06,
1D-exp-vs-cauchy-512p,,,0.3489023423865782,1000000,6.15851533497805e-06,,seconds,69.03303599357605,69.10309097915888,megabytes,88272.0,88272.0,86.0,85.58682634730539,0.165748736,0.165748736,0.80703125,0.7778115643712576,success,sgd,0.1,1000000,1e-06,0.002,0.9,6.15851533497805e-06,
1D-exp-vs-cauchy-512p,,,0.7359299367455094,1000000,0.0005580919177568,,seconds,69.08712887763977,69.13761834800243,megabytes,88272.0,88272.0,86.0,85.22660098522168,0.250474496,0.250474496,0.81484375,0.7801647167487689,success,sgd,0.1,1000000,1e-06,0.002,0.9,0.0005580919177568,
1D-exp-vs-cauchy-512p,,,0.5703161243793005,1000000,1.3732399893919057e-05,,seconds,69.28836393356323,69.20545844733715,megabytes,88272.0,88272.0,86.0,85.42613636363636,0.165322752,0.165322752,0.82890625,0.778995028409091,success,sgd,0.1,1000000,1e-06,0.002,0.9,1.3732399893919057e-05,
1D-exp-vs-cauchy-512p,,,0.158333406226482,1000000,2.403919933039986e-06,,seconds,69.13894534111023,69.10082335211337,megabytes,88272.0,88272.0,86.0,85.20603015075378,0.165289984,0.165289984,0.809375,0.7777520414572859,success,sgd,0.1,1000000,1e-06,0.002,0.9,2.403919933039986e-06,
1D-exp-vs-cauchy-512p,,,0.1333737032458555,1000000,1.270750787240194e-06,,seconds,69.33765578269958,69.2201110124588,megabytes,88272.0,88272.0,86.0,85.45112781954887,0.164995072,0.164995072,0.81015625,0.7791764567669175,success,sgd,0.1,1000000,1e-06,0.002,0.9,1.270750787240194e-06,
1D-exp-vs-cauchy-512p,,,0.1297320983691896,1000000,2.049795229603095e-06,,seconds,68.9806797504425,69.00053259916604,megabytes,88272.0,88272.0,86.0,85.54193548387097,0.164786176,0.164786176,0.8125,0.7805897177419358,success,sgd,0.1,1000000,1e-06,0.002,0.9,2.049795229603095e-06,
1D-exp-vs-cauchy-512p,,,0.6483969814512902,1000000,1.9575059193944805e-05,,seconds,69.16106152534485,69.18293712101877,megabytes,88272.0,88272.0,86.0,85.62068965517241,0.164806656,0.164806656,0.8125,0.7791487068965521,success,sgd,0.1,1000000,1e-06,0.002,0.9,1.9575059193944805e-05,
1D-exp-vs-cauchy-512p,,,0.2098758577657275,1000000,2.033689541770736e-06,,seconds,71.56806778907776,71.46279962547123,megabytes,88272.0,88272.0,86.0,81.57485029940119,0.164827136,0.164827136,0.815625,0.7778115643712571,success,sgd,0.1,1000000,1e-06,0.002,0.9,2.033689541770736e-06,
1D-exp-vs-cauchy-512p,,,0.0313010024483152,1000000,0.00043453903117,,seconds,69.25486898422241,69.119090301916,megabytes,88272.0,88272.0,86.0,85.45833333333333,0.164880384,0.164880384,0.8125,0.7770941840277783,success,sgd,0.1,1000000,1e-06,0.002,0.9,0.00043453903117,
1D-exp-vs-cauchy-512p,,,0.1859335899756472,1000000,2.38840979085559e-06,,seconds,69.28385210037231,69.16276559047401,megabytes,88272.0,88272.0,86.0,85.44805194805195,0.164872192,0.164872192,0.81484375,0.7763392857142859,success,sgd,0.1,1000000,1e-06,0.002,0.9,2.38840979085559e-06,
1D-exp-vs-cauchy-512p,,,0.1367466067025307,1000000,1.8713980090689945e-06,,seconds,69.21602177619934,69.22805507667363,megabytes,88272.0,88272.0,86.0,85.17142857142858,0.164806656,0.164806656,0.80546875,0.7772410714285711,success,sgd,0.1,1000000,1e-06,0.002,0.9,1.8713980090689945e-06,
1D-exp-vs-cauchy-512p,,,0.1328685292181499,1000000,1.5555929618148935e-06,,seconds,69.25888967514038,69.17655717208982,megabytes,88272.0,88272.0,86.0,85.52356020942409,0.16488448,0.16488448,0.8171875,0.7782272578534039,success,sgd,0.1,1000000,1e-06,0.002,0.9,1.5555929618148935e-06,
1D-exp-vs-cauchy-512p,,,0.2240083705822728,1000000,0.0002872514634781,,seconds,69.33524227142334,69.17586503736675,megabytes,88272.0,88272.0,86.0,85.56849315068493,0.16492544,0.16492544,0.83046875,0.7781357020547944,success,sgd,0.1,1000000,1e-06,0.002,0.9,0.0002872514634781,
1D-exp-vs-cauchy-512p,,,0.2292550090998464,1000000,2.791259240840308e-06,,seconds,69.08786582946777,69.15715413168073,megabytes,88272.0,88272.0,86.0,85.62130177514793,0.164909056,0.164909056,0.81015625,0.7799787352071009,success,sgd,0.1,1000000,1e-06,0.002,0.9,2.791259240840308e-06,
1D-exp-vs-cauchy-512p,,,0.1725391717343105,1000000,2.2165821768042843e-06,,seconds,69.20444297790527,69.1193801406771,megabytes,88272.0,88272.0,86.0,85.58757062146893,0.165015552,0.165015552,0.82890625,0.7758298022598872,success,sgd,0.1,1000000,1e-06,0.002,0.9,2.2165821768042843e-06,
1D-exp-vs-cauchy-512p,,,0.0771646631927706,1000000,0.0005691810017987,,seconds,69.30604839324951,69.13660721480846,megabytes,88272.0,88272.0,86.0,85.57065217391305,0.164999168,0.164999168,0.80546875,0.7760614809782609,success,sgd,0.1,1000000,1e-06,0.002,0.9,0.0005691810017987,
1D-exp-vs-cauchy-512p,,,0.5713008948269443,1000000,1.5022060195217108e-05,,seconds,69.27173185348511,69.22210963070393,megabytes,88272.0,88272.0,86.0,85.4702380952381,0.164716544,0.164716544,0.81328125,0.7794549851190472,success,sgd,0.1,1000000,1e-06,0.002,0.9,1.5022060195217108e-05,
1D-exp-vs-cauchy-512p,,,0.6421334379076307,1000000,2.002292487652209e-05,,seconds,69.20412111282349,69.04030467197299,megabytes,88272.0,88272.0,86.0,85.52127659574468,0.164728832,0.164728832,0.8125,0.7771068816489362,success,sgd,0.1,1000000,1e-06,0.002,0.9,2.002292487652209e-05,
1D-exp-vs-cauchy-512p,,,0.3398333379019435,1000000,5.165512594304401e-06,,seconds,69.03927659988403,69.06337418034673,megabytes,88272.0,88272.0,86.0,84.9715909090909,0.164851712,0.164851712,0.80625,0.778524502840909,success,sgd,0.1,1000000,1e-06,0.002,0.9,5.165512594304401e-06,
1D-exp-vs-cauchy-512p,,,0.5033095774405036,1000000,0.0005020363881716,,seconds,69.36195015907288,69.31204337067902,megabytes,88272.0,88272.0,86.0,85.41624365482234,0.164835328,0.164835328,0.80859375,0.7796716370558382,success,sgd,0.1,1000000,1e-06,0.002,0.9,0.0005020363881716,
1D-exp-vs-cauchy-1024p,,,0.1886584717556909,834649,9.9997369830539e-07,,seconds,73.86083769798279,73.6627289429307,megabytes,88272.0,88272.0,93.0,91.2,0.182755328,0.214614016,0.81015625,0.7693790064102562,success,sgd,0.1,1000000,1e-06,0.002,0.9,9.9997369830539e-07,
1D-exp-vs-cauchy-1024p,,,0.3150167922632705,825908,9.999732300220625e-07,,seconds,72.13239693641663,72.28575957752764,megabytes,88272.0,88272.0,93.0,92.2919254658385,0.1664,0.1664,0.81640625,0.7785131987577638,success,sgd,0.1,1000000,1e-06,0.002,0.9,9.999732300220625e-07,
1D-exp-vs-cauchy-1024p,,,0.6578108325860874,1000000,0.0023343395811756,,seconds,89.34622955322266,89.35810179822147,megabytes,88272.0,88272.0,93.0,89.63793103448276,0.251670528,0.251670528,0.81171875,0.7786772629310346,success,sgd,0.1,1000000,1e-06,0.002,0.9,0.0023343395811756,
1D-exp-vs-cauchy-1024p,,,0.7063548943323209,1000000,0.0021984902443658,,seconds,89.15528678894043,89.16224814206362,megabytes,88272.0,88272.0,93.0,91.19689119170984,0.251727872,0.251727872,0.82109375,0.7785824158031086,success,sgd,0.1,1000000,1e-06,0.002,0.9,0.0021984902443658,
1D-exp-vs-cauchy-1024p,,,0.2016233828963318,1000000,0.0009450082023549,,seconds,86.14745163917542,85.9176628421992,megabytes,88272.0,88272.0,94.0,93.49765258215965,0.25202688,0.25202688,0.81953125,0.777582159624413,success,sgd,0.1,1000000,1e-06,0.002,0.9,0.0009450082023549,
1D-exp-vs-cauchy-1024p,,,0.3135400092762139,1000000,0.0017323071937322,,seconds,88.90276432037354,89.0083241853863,megabytes,88272.0,88272.0,93.0,91.27058823529411,0.251789312,0.251789312,0.82109375,0.7801991421568629,success,sgd,0.1,1000000,1e-06,0.002,0.9,0.0017323071937322,
1D-exp-vs-cauchy-1024p,,,0.4408615522943871,1000000,0.0018555249103406,,seconds,86.11308026313782,85.98129539191723,megabytes,88272.0,88272.0,94.0,93.66346153846152,0.251871232,0.251871232,0.80703125,0.7773024338942308,success,sgd,0.1,1000000,1e-06,0.002,0.9,0.0018555249103406,
1D-exp-vs-cauchy-1024p,,,0.4649991568042482,1000000,2.0137276052725716e-05,,seconds,89.2883198261261,89.1398137845099,megabytes,88272.0,88272.0,93.0,91.01234567901234,0.251895808,0.251895808,0.8125,0.7786136831275723,success,sgd,0.1,1000000,1e-06,0.002,0.9,2.0137276052725716e-05,
1D-exp-vs-cauchy-1024p,,,0.4581473734997318,986290,9.99987761964169e-07,,seconds,86.90074396133423,86.76737221702933,megabytes,88272.0,88272.0,93.0,92.6951219512195,0.251940864,0.251940864,0.81171875,0.7790491615853662,success,sgd,0.1,1000000,1e-06,0.002,0.9,9.99987761964169e-07,
1D-exp-vs-cauchy-1024p,,,0.4983421596054667,1000000,6.229557370744238e-05,,seconds,88.36726880073547,88.4486235063523,megabytes,88272.0,88272.0,93.0,91.1952380952381,0.251961344,0.251961344,0.8171875,0.7795424107142856,success,sgd,0.1,1000000,1e-06,0.002,0.9,6.229557370744238e-05,
1D-exp-vs-cauchy-1024p,,,0.2102155898443902,738988,9.999570434485176e-07,,seconds,63.561659812927246,63.82574427500367,megabytes,88272.0,88272.0,94.0,93.00613496932516,0.166404096,0.166404096,0.8109375,0.7802243098159508,success,sgd,0.1,1000000,1e-06,0.002,0.9,9.999570434485176e-07,
1D-exp-vs-cauchy-1024p,,,0.3489126114444849,605039,9.999859989016032e-07,,seconds,53.56485915184021,53.55385102145374,megabytes,88272.0,88272.0,93.0,91.392,0.166391808,0.166391808,0.8125,0.7796500000000001,success,sgd,0.1,1000000,1e-06,0.002,0.9,9.999859989016032e-07,
1D-exp-vs-cauchy-1024p,,,0.7375898579843476,1000000,0.0018431379834715,,seconds,88.67017149925232,88.76102764904499,megabytes,88272.0,88272.0,93.0,91.32710280373831,0.25171968,0.25171968,0.80859375,0.7793516355140182,success,sgd,0.1,1000000,1e-06,0.002,0.9,0.0018431379834715,
1D-exp-vs-cauchy-1024p,,,0.5559701333808694,1000000,0.0020673744542318,,seconds,88.88549828529358,88.87853774055839,megabytes,88272.0,88272.0,93.0,91.2528735632184,0.251785216,0.251785216,0.828125,0.7808578783524901,success,sgd,0.1,1000000,1e-06,0.002,0.9,0.0020673744542318,
1D-exp-vs-cauchy-1024p,,,0.1583269075349593,1000000,2.4148484345645948e-06,,seconds,88.72146558761597,88.53565622866154,megabytes,88272.0,88272.0,93.0,91.17857142857144,0.2518016,0.2518016,0.83984375,0.777527436755952,success,sgd,0.1,1000000,1e-06,0.002,0.9,2.4148484345645948e-06,
1D-exp-vs-cauchy-1024p,,,0.1283061416875065,1000000,0.0004458138768698,,seconds,89.45733666419983,89.39452664367855,megabytes,88272.0,88272.0,93.0,90.64601769911503,0.250761216,0.250761216,0.81640625,0.7787864122418882,success,sgd,0.1,1000000,1e-06,0.002,0.9,0.0004458138768698,
1D-exp-vs-cauchy-1024p,,,0.1098993278186561,1000000,0.0012600310214802,,seconds,86.93020486831665,86.84167517349124,megabytes,88272.0,88272.0,94.0,93.0,0.25079808,0.25079808,0.8140625,0.7778204055059519,success,sgd,0.1,1000000,1e-06,0.002,0.9,0.0012600310214802,
1D-exp-vs-cauchy-1024p,,,0.6348833783386356,1000000,0.0022902624066777,,seconds,87.26141929626465,87.109106419608,megabytes,88272.0,88272.0,94.0,92.44476744186046,0.250793984,0.250793984,0.81484375,0.7783248546511629,success,sgd,0.1,1000000,1e-06,0.002,0.9,0.0022902624066777,
1D-exp-vs-cauchy-1024p,,,0.2098396057975581,1000000,2.212458316463464e-06,,seconds,86.13522505760193,86.00549993477762,megabytes,88272.0,88272.0,94.0,93.6,0.250834944,0.250834944,0.81796875,0.7788035714285713,success,sgd,0.1,1000000,1e-06,0.002,0.9,2.212458316463464e-06,
1D-exp-vs-cauchy-1024p,,,0.0215375501867606,1000000,0.0014720666715852,,seconds,90.16804575920104,90.17343369871378,megabytes,88272.0,88272.0,93.0,90.08732394366196,0.250871808,0.250871808,0.815625,0.7788688380281698,success,sgd,0.1,1000000,1e-06,0.002,0.9,0.0014720666715852,
1D-exp-vs-cauchy-1024p,,,0.1868972097443161,844943,9.999982585690018e-07,,seconds,75.35881114006042,75.31111557967961,megabytes,88272.0,88272.0,93.0,91.07615894039736,0.25092096,0.25092096,0.81640625,0.7788286423841059,success,sgd,0.1,1000000,1e-06,0.002,0.9,9.999982585690018e-07,
1D-exp-vs-cauchy-1024p,,,0.133356671960151,1000000,0.000304473713795,,seconds,88.52582383155823,88.38885774835944,megabytes,88272.0,88272.0,93.0,92.19061583577712,0.250966016,0.250966016,0.815625,0.7789154142228737,success,sgd,0.1,1000000,1e-06,0.002,0.9,0.000304473713795,
1D-exp-vs-cauchy-1024p,,,0.1275752708324402,1000000,0.0004591167897354,,seconds,88.18028736114502,88.04481667652726,megabytes,88272.0,88272.0,93.0,91.77337110481588,0.25081856,0.25081856,0.83359375,0.7782157400849855,success,sgd,0.1,1000000,1e-06,0.002,0.9,0.0004591167897354,
1D-exp-vs-cauchy-1024p,,,0.2158077978246908,1000000,0.0020229358417881,,seconds,91.77885723114014,91.750977313146,megabytes,88272.0,88272.0,92.0,88.78306878306879,0.250847232,0.250847232,0.821875,0.7801008597883601,success,sgd,0.1,1000000,1e-06,0.002,0.9,0.0020229358417881,
1D-exp-vs-cauchy-1024p,,,0.2292446053523076,706890,9.999984384606578e-07,,seconds,61.663233041763306,61.66183447279036,megabytes,88272.0,88272.0,93.0,92.45901639344262,0.250875904,0.250875904,0.81953125,0.7797643442622949,success,sgd,0.1,1000000,1e-06,0.002,0.9,9.999984384606578e-07,
1D-exp-vs-cauchy-1024p,,,0.1725380736772144,919281,9.999675393206998e-07,,seconds,84.04030108451843,83.93078821897507,megabytes,88272.0,88272.0,92.0,89.22686567164179,0.250904576,0.250904576,0.81484375,0.7772481343283586,success,sgd,0.1,1000000,1e-06,0.002,0.9,9.999675393206998e-07,
1D-exp-vs-cauchy-1024p,,,0.0648382110122487,1000000,0.0014439167234676,,seconds,86.08991479873657,85.9175029322505,megabytes,88272.0,88272.0,94.0,93.37388724035608,0.25104384,0.25104384,0.8390625,0.7778097181008901,success,sgd,0.1,1000000,1e-06,0.002,0.9,0.0014439167234676,
1D-exp-vs-cauchy-1024p,,,0.5711909774852707,1000000,0.0003222019816897,,seconds,89.2017138004303,89.1059026028961,megabytes,88272.0,88272.0,93.0,90.69642857142856,0.250970112,0.250970112,0.8125,0.7785667782738089,success,sgd,0.1,1000000,1e-06,0.002,0.9,0.0003222019816897,
1D-exp-vs-cauchy-1024p,,,0.6329554635344752,1000000,0.0020557107339028,,seconds,86.25117540359497,86.09665513038635,megabytes,88272.0,88272.0,94.0,93.48991354466858,0.250986496,0.250986496,0.83359375,0.7789647874639771,success,sgd,0.1,1000000,1e-06,0.002,0.9,0.0020557107339028,
1D-exp-vs-cauchy-1024p,,,0.3398382021496294,810975,9.999804148243844e-07,,seconds,72.58027362823486,72.53312481194735,megabytes,88272.0,88272.0,93.0,90.37455830388691,0.250990592,0.250990592,0.81328125,0.7800242932862185,success,sgd,0.1,1000000,1e-06,0.002,0.9,9.999804148243844e-07,
1D-exp-vs-cauchy-1024p,,,0.5051918072186931,1000000,0.0016456557098213,,seconds,87.52748489379883,87.36842367053032,megabytes,88272.0,88272.0,93.0,92.1818181818182,0.25104384,0.25104384,0.81640625,0.7771719208211147,success,sgd,0.1,1000000,1e-06,0.002,0.9,0.0016456557098213,
1D-exp-vs-cauchy-2048p,,,0.0612150557575371,1000000,0.0054790379455531,,seconds,186.6992933750153,186.65950318798423,megabytes,88272.0,88272.0,95.0,94.46935933147633,0.263827456,0.263827456,0.81171875,0.7774460306406686,success,sgd,0.1,1000000,1e-06,0.002,0.9,0.0054790379455531,
1D-exp-vs-cauchy-2048p,,,0.21171100093384,1000000,0.0083716479198412,,seconds,187.335955619812,187.1863097883761,megabytes,88272.0,88272.0,95.0,94.93543956043956,0.252133376,0.252133376,0.8140625,0.7793977506868137,success,sgd,0.1,1000000,1e-06,0.002,0.9,0.0083716479198412,
1D-exp-vs-cauchy-2048p,,,0.6503987455098286,1000000,0.0069993732737678,,seconds,186.48885345458984,186.3610596507788,megabytes,88272.0,88272.0,95.0,94.87306064880111,0.252071936,0.252071936,0.81484375,0.7790671279971789,success,sgd,0.1,1000000,1e-06,0.002,0.9,0.0069993732737678,
1D-exp-vs-cauchy-2048p,,,0.6969069156960956,1000000,0.0062297436227424,,seconds,187.7029480934143,187.5235583335161,megabytes,88272.0,88272.0,95.0,94.8468085106383,0.252198912,0.252198912,0.81171875,0.7788851950354609,success,sgd,0.1,1000000,1e-06,0.002,0.9,0.0062297436227424,
1D-exp-vs-cauchy-2048p,,,0.1017424010660233,1000000,0.0074149192819575,,seconds,186.32613158226013,186.24432930536568,megabytes,88272.0,88272.0,95.0,94.84142857142857,0.254111744,0.254111744,0.81484375,0.7789040178571427,success,sgd,0.1,1000000,1e-06,0.002,0.9,0.0074149192819575,
1D-exp-vs-cauchy-2048p,,,0.2641236320296022,1000000,0.0078453143113087,,seconds,187.5515022277832,187.3802843540907,megabytes,88272.0,88272.0,95.0,94.92479108635098,0.254255104,0.254255104,0.82890625,0.7788409644846795,success,sgd,0.1,1000000,1e-06,0.002,0.9,0.0078453143113087,
1D-exp-vs-cauchy-2048p,,,0.4045704664868728,1000000,0.0079653265545796,,seconds,186.46910095214844,186.37372949160635,megabytes,88272.0,88272.0,95.0,94.87849162011172,0.254226432,0.254226432,0.80859375,0.7783126745810057,success,sgd,0.1,1000000,1e-06,0.002,0.9,0.0079653265545796,
1D-exp-vs-cauchy-2048p,,,0.4125569435507996,1000000,0.0085565036297735,,seconds,187.69426584243772,187.4965889006853,megabytes,88272.0,88272.0,95.0,94.89009497964722,0.254160896,0.254160896,0.809375,0.7779946149932153,success,sgd,0.1,1000000,1e-06,0.002,0.9,0.0085565036297735,
1D-exp-vs-cauchy-2048p,,,0.4033125332263494,1000000,0.0087418840714048,,seconds,186.32954287528992,186.1981315910816,megabytes,88272.0,88272.0,95.0,94.84475524475523,0.25411584,0.25411584,0.81171875,0.7784659090909092,success,sgd,0.1,1000000,1e-06,0.002,0.9,0.0087418840714048,
1D-exp-vs-cauchy-2048p,,,0.4496977162843759,1000000,0.0085216684309691,,seconds,192.24404621124268,192.20062646642327,megabytes,88272.0,88272.0,95.0,92.48127600554784,0.254164992,0.254164992,0.8140625,0.7796549930651873,success,sgd,0.1,1000000,1e-06,0.002,0.9,0.0085216684309691,
1D-exp-vs-cauchy-2048p,,,0.0783973310820666,1000000,0.0060803980761783,,seconds,186.5876910686493,186.50924124009907,megabytes,88272.0,88272.0,95.0,94.84900284900284,0.254193664,0.254193664,0.81328125,0.7783564814814822,success,sgd,0.1,1000000,1e-06,0.002,0.9,0.0060803980761783,
1D-exp-vs-cauchy-2048p,,,0.2691594414499382,1000000,0.0085013860918546,,seconds,187.36746072769165,187.22563481330872,megabytes,88272.0,88272.0,95.0,94.83960948396094,0.254251008,0.254251008,0.8234375,0.779233132845189,success,sgd,0.1,1000000,1e-06,0.002,0.9,0.0085013860918546,
1D-exp-vs-cauchy-2048p,,,0.7272375432807138,1000000,0.0050461739676874,,seconds,186.07284021377563,186.0517207197845,megabytes,88272.0,88272.0,95.0,94.95518207282912,0.25427968,0.25427968,0.8109375,0.7787957370448184,success,sgd,0.1,1000000,1e-06,0.002,0.9,0.0050461739676874,
1D-exp-vs-cauchy-2048p,,,0.5330213312549149,1000000,0.0078594560487249,,seconds,187.17595195770264,187.11077910102904,megabytes,88272.0,88272.0,95.0,94.85390070921986,0.254345216,0.254345216,0.81328125,0.7793306737588653,success,sgd,0.1,1000000,1e-06,0.002,0.9,0.0078594560487249,
1D-exp-vs-cauchy-2048p,,,0.0462211088352563,1000000,0.0053727561071118,,seconds,186.072957277298,185.97233112342656,megabytes,88272.0,88272.0,95.0,94.88779803646564,0.254328832,0.254328832,0.825,0.778987333450211,success,sgd,0.1,1000000,1e-06,0.002,0.9,0.0053727561071118,
1D-exp-vs-cauchy-2048p,,,0.0474077493543451,1000000,0.0066042606285267,,seconds,186.8493549823761,186.68693681061268,megabytes,88272.0,88272.0,95.0,94.88128491620112,0.25444352,0.25444352,0.82421875,0.7794496333798882,success,sgd,0.1,1000000,1e-06,0.002,0.9,0.0066042606285267,
1D-exp-vs-cauchy-2048p,,,0.0407165845494798,1000000,0.0054230489383733,,seconds,185.9688971042633,185.7508872896433,megabytes,88272.0,88272.0,95.0,94.9072463768116,0.254644224,0.254644224,0.81484375,0.7777298460144927,success,sgd,0.1,1000000,1e-06,0.002,0.9,0.0054230489383733,
1D-exp-vs-cauchy-2048p,,,0.6250056795809245,1000000,0.007512746163314,,seconds,186.71842169761655,186.56882170028985,megabytes,88272.0,88272.0,95.0,94.84263233190272,0.254500864,0.254500864,0.8109375,0.7781764127324745,success,sgd,0.1,1000000,1e-06,0.002,0.9,0.007512746163314,
1D-exp-vs-cauchy-2048p,,,0.1011763976944044,1000000,0.0075195722435062,,seconds,185.74597930908203,185.64173335582015,megabytes,88272.0,88272.0,95.0,94.94900849858357,0.254533632,0.254533632,0.82578125,0.7799386951133142,success,sgd,0.1,1000000,1e-06,0.002,0.9,0.0075195722435062,
1D-exp-vs-cauchy-2048p,,,0.015072673344748,1000000,0.0044802172114541,,seconds,186.539124250412,186.4777392335236,megabytes,88272.0,88272.0,95.0,94.8880918220947,0.254570496,0.254570496,0.815625,0.7798713235294111,success,sgd,0.1,1000000,1e-06,0.002,0.9,0.0044802172114541,
1D-exp-vs-cauchy-2048p,,,0.0671137596265099,1000000,0.0065155390037757,,seconds,185.82176160812375,185.76426865905523,megabytes,88272.0,88272.0,95.0,94.83936324167873,0.254435328,0.254435328,0.81328125,0.7795744392185244,success,sgd,0.1,1000000,1e-06,0.002,0.9,0.0065155390037757,
1D-exp-vs-cauchy-2048p,,,0.0411083812021448,1000000,0.0052087926834453,,seconds,189.7576651573181,189.5583114735782,megabytes,88272.0,88272.0,95.0,93.4917808219178,0.255475712,0.255475712,0.8125,0.7782908818493153,success,sgd,0.1,1000000,1e-06,0.002,0.9,0.0052087926834453,
1D-exp-vs-cauchy-2048p,,,0.0424924848547995,1000000,0.0060719145454065,,seconds,185.8455119132996,185.8332326859236,megabytes,88272.0,88272.0,95.0,94.89913544668588,0.255373312,0.255373312,0.8140625,0.7789220100864553,success,sgd,0.1,1000000,1e-06,0.002,0.9,0.0060719145454065,
1D-exp-vs-cauchy-2048p,,,0.1553930527452503,1000000,0.0067800324945981,,seconds,187.1409089565277,186.9598620198667,megabytes,88272.0,88272.0,95.0,94.92176386913228,0.255516672,0.255516672,0.82109375,0.7792763157894731,success,sgd,0.1,1000000,1e-06,0.002,0.9,0.0067800324945981,
1D-exp-vs-cauchy-2048p,,,0.1059389400301614,1000000,0.0075871962907457,,seconds,186.03918313980105,185.9674182944,megabytes,88272.0,88272.0,95.0,94.87569832402237,0.255479808,0.255479808,0.8265625,0.7789280726256984,success,sgd,0.1,1000000,1e-06,0.002,0.9,0.0075871962907457,
1D-exp-vs-cauchy-2048p,,,0.0585961787028663,1000000,0.0062538637153807,,seconds,186.6427416801453,186.49077684246004,megabytes,88272.0,88272.0,95.0,94.87752161383284,0.255492096,0.255492096,0.8109375,0.7793317723342935,success,sgd,0.1,1000000,1e-06,0.002,0.9,0.0062538637153807,
1D-exp-vs-cauchy-2048p,,,0.0650483770691356,1000000,0.0044663232441641,,seconds,185.9418385028839,185.75909052230415,megabytes,88272.0,88272.0,95.0,94.88789237668162,0.255565824,0.255565824,0.82109375,0.7781506913303435,success,sgd,0.1,1000000,1e-06,0.002,0.9,0.0044663232441641,
1D-exp-vs-cauchy-2048p,,,0.5333622913531034,1000000,0.0084861666357431,,seconds,186.55910515785217,186.37071978859603,megabytes,88272.0,88272.0,95.0,94.83623188405797,0.255614976,0.255614976,0.82890625,0.7777321105072474,success,sgd,0.1,1000000,1e-06,0.002,0.9,0.0084861666357431,
1D-exp-vs-cauchy-2048p,,,0.6199540302520367,1000000,0.0079596141321572,,seconds,186.0579857826233,185.9983017798513,megabytes,88272.0,88272.0,95.0,94.91255289139632,0.255553536,0.255553536,0.83359375,0.7806924365303248,success,sgd,0.1,1000000,1e-06,0.002,0.9,0.0079596141321572,
1D-exp-vs-cauchy-2048p,,,0.2602660438827611,1000000,0.0085428862082439,,seconds,186.47487711906436,186.38718409463763,megabytes,88272.0,88272.0,95.0,94.8905109489051,0.25552896,0.25552896,0.8140625,0.7787522810218979,success,sgd,0.1,1000000,1e-06,0.002,0.9,0.0085428862082439,
1D-exp-vs-cauchy-2048p,,,0.4955825600007633,1000000,0.0047601022785997,,seconds,186.1201069355011,185.97811125405133,megabytes,88272.0,88272.0,96.0,94.89867841409692,0.260530176,0.260530176,0.83359375,0.778497843245227,success,sgd,0.1,1000000,1e-06,0.002,0.9,0.0047601022785997,
1D-exp-vs-cauchy-32p,,,0.1693452177709599,1000000,1.6216606604079036e-06,,seconds,36.77725410461426,36.70578087493777,megabytes,88270.0,88270.0,85.0,83.71264367816092,0.291315712,0.291315712,0.8203125,0.7776760057471264,success,sgd,0.01,1000000,1e-06,0.002,0.9,1.6216606604079036e-06,
1D-exp-vs-cauchy-32p,,,0.2879282487138871,1000000,1.6027806501917808e-06,,seconds,36.536357164382935,36.48921389691532,megabytes,88270.0,88270.0,86.0,84.64117647058823,0.29343744,0.29343744,0.828125,0.7781066176470588,success,sgd,0.01,1000000,1e-06,0.002,0.9,1.6027806501917808e-06,
1D-exp-vs-cauchy-32p,,,0.6911638475986652,1000000,1.6391943263558475e-06,,seconds,36.63224411010742,36.52075596526265,megabytes,88270.0,88270.0,86.0,84.15882352941176,0.293322752,0.293322752,0.81640625,0.7770772058823525,success,sgd,0.01,1000000,1e-06,0.002,0.9,1.6391943263558475e-06,
1D-exp-vs-cauchy-32p,,,0.6574659919597177,1000000,1.6692409073462058e-06,,seconds,36.57512378692627,36.53706114925444,megabytes,88270.0,88270.0,86.0,84.34131736526946,0.291373056,0.291373056,0.81796875,0.7772876122754494,success,sgd,0.01,1000000,1e-06,0.002,0.9,1.6692409073462058e-06,
1D-exp-vs-cauchy-32p,,,0.1891103717368304,1000000,1.6190113265148686e-06,,seconds,36.92268705368042,36.88065220043063,megabytes,88270.0,88270.0,85.0,83.6508875739645,0.291426304,0.291426304,0.81640625,0.7809448964497042,success,sgd,0.01,1000000,1e-06,0.002,0.9,1.6190113265148686e-06,
1D-exp-vs-cauchy-32p,,,0.2684641605937859,1000000,1.6132822333076086e-06,,seconds,36.868876218795776,36.68287602066994,megabytes,88270.0,88270.0,86.0,84.13609467455622,0.291659776,0.291659776,0.8171875,0.7740338387573962,success,sgd,0.01,1000000,1e-06,0.002,0.9,1.6132822333076086e-06,
1D-exp-vs-cauchy-32p,,,0.3883554382198474,1000000,1.6144647380025432e-06,,seconds,36.843461751937866,36.78482708148658,megabytes,88270.0,88270.0,85.0,83.57396449704142,0.29149184,0.29149184,0.81953125,0.7778014053254435,success,sgd,0.01,1000000,1e-06,0.002,0.9,1.6144647380025432e-06,
1D-exp-vs-cauchy-32p,,,0.399127296377047,1000000,1.6139117280621903e-06,,seconds,37.22676658630371,37.13443697243929,megabytes,88270.0,88270.0,84.0,83.16571428571429,0.291479552,0.291479552,0.81796875,0.7776428571428573,success,sgd,0.01,1000000,1e-06,0.002,0.9,1.6139117280621903e-06,
1D-exp-vs-cauchy-32p,,,0.4567064196656034,1000000,1.624240211097559e-06,,seconds,37.01801085472107,36.87012839876115,megabytes,88270.0,88270.0,85.0,83.52352941176471,0.29155328,0.29155328,0.821875,0.7769393382352942,success,sgd,0.01,1000000,1e-06,0.002,0.9,1.624240211097559e-06,
1D-exp-vs-cauchy-32p,,,0.4549365268756231,1000000,1.6316220108005272e-06,,seconds,37.00364756584168,36.823344852775335,megabytes,88270.0,88270.0,86.0,83.77245508982035,0.29171712,0.29171712,0.8171875,0.7741205089820357,success,sgd,0.01,1000000,1e-06,0.002,0.9,1.6316220108005272e-06,
1D-exp-vs-cauchy-32p,,,0.1840892427377568,1000000,1.6204412621984153e-06,,seconds,36.80775737762451,36.76363071240485,megabytes,88270.0,88270.0,86.0,84.07784431137725,0.291659776,0.291659776,0.821875,0.7773858532934134,success,sgd,0.01,1000000,1e-06,0.002,0.9,1.6204412621984153e-06,
1D-exp-vs-cauchy-32p,,,0.3200366780110194,1000000,1.610670920251064e-06,,seconds,36.82908272743225,36.75546466745436,megabytes,88270.0,88270.0,86.0,83.67455621301775,0.291713024,0.291713024,0.81796875,0.7795580621301775,success,sgd,0.01,1000000,1e-06,0.002,0.9,1.610670920251064e-06,
1D-exp-vs-cauchy-32p,,,0.6899816690318333,1000000,8.160241795213365e-06,,seconds,36.54746150970459,36.4058156888932,megabytes,88270.0,88270.0,86.0,84.45086705202313,0.29177856,0.29177856,0.8171875,0.7742142341040468,success,sgd,0.01,1000000,1e-06,0.002,0.9,8.160241795213365e-06,
1D-exp-vs-cauchy-32p,,,0.5008929770887224,1000000,1.6264675278079344e-06,,seconds,36.985167264938354,36.83533436432481,megabytes,88270.0,88270.0,85.0,83.49411764705883,0.291831808,0.291831808,0.85625,0.7767647058823531,success,sgd,0.01,1000000,1e-06,0.002,0.9,1.6264675278079344e-06,
1D-exp-vs-cauchy-32p,,,0.1297287621446465,1000000,1.642186734054378e-06,,seconds,36.67753911018372,36.55296593531966,megabytes,88270.0,88270.0,86.0,84.73837209302326,0.291844096,0.291844096,0.815625,0.7752725290697678,success,sgd,0.01,1000000,1e-06,0.002,0.9,1.642186734054378e-06,
1D-exp-vs-cauchy-32p,,,0.1092512532559887,1000000,1.6583323846615605e-06,,seconds,36.69341588020325,36.58873455412686,megabytes,88270.0,88270.0,86.0,84.06626506024097,0.291749888,0.291749888,0.81796875,0.7766236822289159,success,sgd,0.01,1000000,1e-06,0.002,0.9,1.6583323846615605e-06,
1D-exp-vs-cauchy-32p,,,0.1080460464925173,1000000,1.6813240753266435e-06,,seconds,36.599790811538696,36.589263666421175,megabytes,88270.0,88270.0,86.0,84.26347305389221,0.291762176,0.291762176,0.81328125,0.7777460703592813,success,sgd,0.01,1000000,1e-06,0.002,0.9,1.6813240753266435e-06,
1D-exp-vs-cauchy-32p,,,0.6576892430605265,1000000,1.6299611722081652e-06,,seconds,36.66258072853088,36.55451926589012,megabytes,88270.0,88270.0,86.0,84.2202380952381,0.291790848,0.291790848,0.821875,0.7776041666666664,success,sgd,0.01,1000000,1e-06,0.002,0.9,1.6299611722081652e-06,
1D-exp-vs-cauchy-32p,,,0.1898075412358021,1000000,1.6152211085770631e-06,,seconds,36.88895726203919,36.77099253423512,megabytes,88270.0,88270.0,86.0,84.10909090909091,0.291770368,0.291770368,0.81875,0.77844696969697,success,sgd,0.01,1000000,1e-06,0.002,0.9,1.6152211085770631e-06,
1D-exp-vs-cauchy-32p,,,0.0308849159266617,1000000,2.056756805224994e-05,,seconds,36.826430559158325,36.72630681656301,megabytes,88270.0,88270.0,86.0,83.74850299401197,0.29181952,0.29181952,0.81640625,0.7773343937125752,success,sgd,0.01,1000000,1e-06,0.002,0.9,2.056756805224994e-05,
1D-exp-vs-cauchy-32p,,,0.1604370112720843,1000000,1.6276098319962038e-06,,seconds,36.428030014038086,36.41392680443823,megabytes,88270.0,88270.0,86.0,84.64327485380117,0.291831808,0.291831808,0.81640625,0.7808433845029241,success,sgd,0.01,1000000,1e-06,0.002,0.9,1.6276098319962038e-06,
1D-exp-vs-cauchy-32p,,,0.1101091644750402,1000000,1.6629925408768551e-06,,seconds,36.43118834495544,36.35843329504132,megabytes,88270.0,88270.0,86.0,84.35672514619883,0.29184,0.29184,0.8140625,0.7761056286549707,success,sgd,0.01,1000000,1e-06,0.002,0.9,1.6629925408768551e-06,
1D-exp-vs-cauchy-32p,,,0.1155917005828987,1000000,1.665154875362598e-06,,seconds,36.49591374397278,36.39816943183541,megabytes,88270.0,88270.0,86.0,84.81976744186046,0.291872768,0.291872768,0.8171875,0.7772847020348835,success,sgd,0.01,1000000,1e-06,0.002,0.9,1.665154875362598e-06,
1D-exp-vs-cauchy-32p,,,0.2098099077501094,1000000,1.6329603026729563e-06,,seconds,36.537299156188965,36.38535144366324,megabytes,88270.0,88270.0,86.0,84.25,0.291868672,0.291868672,0.81484375,0.7764534883720937,success,sgd,0.01,1000000,1e-06,0.002,0.9,1.6329603026729563e-06,
1D-exp-vs-cauchy-32p,,,0.1992399579553935,1000000,1.606835662215275e-06,,seconds,36.56036424636841,36.49732213653624,megabytes,88270.0,88270.0,86.0,84.24260355029585,0.291966976,0.291966976,0.81796875,0.7781573594674557,success,sgd,0.01,1000000,1e-06,0.002,0.9,1.606835662215275e-06,
1D-exp-vs-cauchy-32p,,,0.1402072550366019,1000000,1.6334928058274637e-06,,seconds,36.588969230651855,36.50524672679603,megabytes,88270.0,88270.0,86.0,84.01190476190476,0.291995648,0.291995648,0.8171875,0.7782691592261903,success,sgd,0.01,1000000,1e-06,0.002,0.9,1.6334928058274637e-06,
1D-exp-vs-cauchy-32p,,,0.0856038532653779,1000000,2.1622633659002656e-06,,seconds,36.5753345489502,36.489080192521214,megabytes,88270.0,88270.0,86.0,84.47928994082841,0.292040704,0.292040704,0.821875,0.7777089497041417,success,sgd,0.01,1000000,1e-06,0.002,0.9,2.1622633659002656e-06,
1D-exp-vs-cauchy-32p,,,0.5104633946309174,1000000,1.622397755278522e-06,,seconds,36.75796604156494,36.492566825822,megabytes,88270.0,88270.0,86.0,84.29714285714286,0.292098048,0.292098048,0.8140625,0.7740669642857145,success,sgd,0.01,1000000,1e-06,0.002,0.9,1.622397755278522e-06,
1D-exp-vs-cauchy-32p,,,0.5913875235346598,1000000,1.6091513299512997e-06,,seconds,36.369471311569214,36.366617385298014,megabytes,88270.0,88270.0,86.0,84.84393063583815,0.291938304,0.291938304,0.8171875,0.7772353684971101,success,sgd,0.01,1000000,1e-06,0.002,0.9,1.6091513299512997e-06,
1D-exp-vs-cauchy-32p,,,0.3236267030447771,1000000,1.6096812461170913e-06,,seconds,36.597586154937744,36.49064786918461,megabytes,88270.0,88270.0,86.0,84.35502958579882,0.291975168,0.291975168,0.8203125,0.7790957840236689,success,sgd,0.01,1000000,1e-06,0.002,0.9,1.6096812461170913e-06,
1D-exp-vs-cauchy-32p,,,0.5448137494162728,1000000,9.994269359034878e-06,,seconds,36.71978783607483,36.70631142146885,megabytes,88270.0,88270.0,86.0,83.92121212121212,0.292016128,0.292016128,0.8171875,0.7789820075757573,success,sgd,0.01,1000000,1e-06,0.002,0.9,9.994269359034878e-06,
1D-exp-vs-cauchy-64p,,,0.1529451064247665,1000000,2.4680306407325726e-06,,seconds,45.31930184364319,45.17140326648951,megabytes,88270.0,88270.0,81.0,78.63592233009709,0.302813184,0.302813184,0.8359375,0.7745942050970874,success,sgd,0.01,1000000,1e-06,0.002,0.9,2.4680306407325726e-06,
1D-exp-vs-cauchy-64p,,,0.286072469770208,1000000,2.3469821520825097e-06,,seconds,44.69897723197937,44.637119414284825,megabytes,88270.0,88270.0,80.0,78.60194174757281,0.29319168,0.29319168,0.8171875,0.7790579490291264,success,sgd,0.01,1000000,1e-06,0.002,0.9,2.3469821520825097e-06,
1D-exp-vs-cauchy-64p,,,0.6399110513147245,1000000,2.3726146609317644e-06,,seconds,44.79728865623474,44.63957095704973,megabytes,88270.0,88270.0,80.0,78.74757281553399,0.293298176,0.293298176,0.8203125,0.775178246359223,success,sgd,0.01,1000000,1e-06,0.002,0.9,2.3726146609317644e-06,
1D-exp-vs-cauchy-64p,,,0.7038849568065416,1000000,2.511514433122087e-06,,seconds,44.47497487068176,44.48009442351759,megabytes,88270.0,88270.0,81.0,79.57894736842105,0.293265408,0.293265408,0.840625,0.7805808911483251,success,sgd,0.01,1000000,1e-06,0.002,0.9,2.511514433122087e-06,
1D-exp-vs-cauchy-64p,,,0.1663211410751011,1000000,2.4383483219066483e-06,,seconds,44.65183448791504,44.595648378133774,megabytes,88270.0,88270.0,81.0,79.18840579710145,0.293326848,0.293326848,0.81796875,0.7779513888888886,success,sgd,0.01,1000000,1e-06,0.002,0.9,2.4383483219066483e-06,
1D-exp-vs-cauchy-64p,,,0.2953109365999526,1000000,2.356579706951848e-06,,seconds,44.975934743881226,44.836149111390114,megabytes,88270.0,88270.0,80.0,78.67676767676768,0.293298176,0.293298176,0.81484375,0.7765072601010102,success,sgd,0.01,1000000,1e-06,0.002,0.9,2.356579706951848e-06,
1D-exp-vs-cauchy-64p,,,0.4225485129084712,1000000,2.3264394846351057e-06,,seconds,44.73674845695496,44.64506830461323,megabytes,88270.0,88270.0,81.0,79.60487804878049,0.293371904,0.293371904,0.815625,0.7775800304878047,success,sgd,0.01,1000000,1e-06,0.002,0.9,2.3264394846351057e-06,
1D-exp-vs-cauchy-64p,,,0.4332719694013613,1000000,2.3262436965362337e-06,,seconds,44.63376808166504,44.598609713837504,megabytes,88270.0,88270.0,81.0,79.72330097087378,0.293425152,0.293425152,0.8203125,0.7825546116504855,success,sgd,0.01,1000000,1e-06,0.002,0.9,2.3262436965362337e-06,
1D-exp-vs-cauchy-64p,,,0.4187584507758377,1000000,2.324697538152532e-06,,seconds,44.82335543632507,44.71249010041356,megabytes,88270.0,88270.0,81.0,79.34482758620689,0.2934784,0.2934784,0.81796875,0.7794450431034474,success,sgd,0.01,1000000,1e-06,0.002,0.9,2.324697538152532e-06,
1D-exp-vs-cauchy-64p,,,0.4531914306237917,1000000,2.3225208313379548e-06,,seconds,44.758437156677246,44.70694172568619,megabytes,88270.0,88270.0,80.0,78.57352941176471,0.293507072,0.293507072,0.81640625,0.7783088235294113,success,sgd,0.01,1000000,1e-06,0.002,0.9,2.3225208313379548e-06,
1D-exp-vs-cauchy-64p,,,0.1822378884765594,1000000,2.4272596502894964e-06,,seconds,44.86344861984253,44.72062834911048,megabytes,88270.0,88270.0,81.0,78.5960591133005,0.293285888,0.293285888,0.815625,0.7764585899014775,success,sgd,0.01,1000000,1e-06,0.002,0.9,2.4272596502894964e-06,
1D-exp-vs-cauchy-64p,,,0.3184920541383237,1000000,2.336709156711991e-06,,seconds,44.694658041000366,44.516531547531486,megabytes,88270.0,88270.0,80.0,79.02870813397129,0.29351936,0.29351936,0.81875,0.7760802930622004,success,sgd,0.01,1000000,1e-06,0.002,0.9,2.336709156711991e-06,
1D-exp-vs-cauchy-64p,,,0.7361939669589156,1000000,1.997162096960285e-05,,seconds,44.80908155441284,44.657697919756174,megabytes,88270.0,88270.0,81.0,79.41951219512195,0.29335552,0.29335552,0.81328125,0.7755945121951217,success,sgd,0.01,1000000,1e-06,0.002,0.9,1.997162096960285e-05,
1D-exp-vs-cauchy-64p,,,0.5408473693959587,1000000,2.3381924561263507e-06,,seconds,44.57764554023743,44.509234350174665,megabytes,88270.0,88270.0,81.0,79.6047619047619,0.293363712,0.293363712,0.81484375,0.7767596726190478,success,sgd,0.01,1000000,1e-06,0.002,0.9,2.3381924561263507e-06,
1D-exp-vs-cauchy-64p,,,0.1276524106762726,1000000,2.5542797758735983e-06,,seconds,44.753907442092896,44.69568810984492,megabytes,88270.0,88270.0,81.0,79.39408866995073,0.293359616,0.293359616,0.81796875,0.7785406403940889,success,sgd,0.01,1000000,1e-06,0.002,0.9,2.5542797758735983e-06,
1D-exp-vs-cauchy-64p,,,0.1070301995285245,1000000,2.618271646269357e-06,,seconds,44.652697801589966,44.53106602281332,megabytes,88270.0,88270.0,81.0,79.47087378640776,0.293376,0.293376,0.81484375,0.7782425667475728,success,sgd,0.01,1000000,1e-06,0.002,0.9,2.618271646269357e-06,
1D-exp-vs-cauchy-64p,,,0.1056906717364064,1000000,2.759744637264774e-06,,seconds,44.48889017105103,44.35815237089992,megabytes,88270.0,88270.0,80.0,79.35211267605634,0.29343744,0.29343744,0.81796875,0.7778205692488258,success,sgd,0.01,1000000,1e-06,0.002,0.9,2.759744637264774e-06,
1D-exp-vs-cauchy-64p,,,0.6086088366184205,1000000,2.3422533048915424e-06,,seconds,44.695075035095215,44.51617653481662,megabytes,88270.0,88270.0,80.0,78.86602870813397,0.293625856,0.293625856,0.81875,0.7774820574162682,success,sgd,0.01,1000000,1e-06,0.002,0.9,2.3422533048915424e-06,
1D-exp-vs-cauchy-64p,,,0.1876017838414745,1000000,2.43223375971643e-06,,seconds,44.39615988731384,44.38872943073511,megabytes,88270.0,88270.0,80.0,79.11320754716981,0.299470848,0.299470848,0.8171875,0.7771189563679235,success,sgd,0.01,1000000,1e-06,0.002,0.9,2.43223375971643e-06,
1D-exp-vs-cauchy-64p,,,0.0268621163702236,1000000,2.9180858263304205e-05,,seconds,44.82596373558045,44.79493749141693,megabytes,88270.0,88270.0,80.0,78.44776119402985,0.293486592,0.293486592,0.84375,0.7793843283582091,success,sgd,0.01,1000000,1e-06,0.002,0.9,2.9180858263304205e-05,
1D-exp-vs-cauchy-64p,,,0.1584546712848882,1000000,2.4648685681560622e-06,,seconds,44.65879774093628,44.473139366135,megabytes,88270.0,88270.0,81.0,79.85714285714286,0.294793216,0.294793216,0.81875,0.7773846726190473,success,sgd,0.01,1000000,1e-06,0.002,0.9,2.4648685681560622e-06,
1D-exp-vs-cauchy-64p,,,0.1079521166707881,1000000,2.6382184417879823e-06,,seconds,44.454949378967285,44.34050237573683,megabytes,88270.0,88270.0,81.0,79.92957746478874,0.293523456,0.293523456,0.8171875,0.7777508802816907,success,sgd,0.01,1000000,1e-06,0.002,0.9,2.6382184417879823e-06,
1D-exp-vs-cauchy-64p,,,0.1036676987675176,1000000,2.633559183976424e-06,,seconds,44.68233299255371,44.62624845840037,megabytes,88270.0,88270.0,81.0,79.62926829268292,0.293449728,0.293449728,0.81640625,0.7791844512195123,success,sgd,0.01,1000000,1e-06,0.002,0.9,2.633559183976424e-06,
1D-exp-vs-cauchy-64p,,,0.2070159737690458,1000000,2.456715875016132e-06,,seconds,44.69180655479431,44.677548656240106,megabytes,88270.0,88270.0,80.0,78.92610837438424,0.29349888,0.29349888,0.8140625,0.7776708743842373,success,sgd,0.01,1000000,1e-06,0.002,0.9,2.456715875016132e-06,
1D-exp-vs-cauchy-64p,,,0.1972991392109949,1000000,2.4001896349892885e-06,,seconds,44.88435935974121,44.75861790031195,megabytes,88270.0,88270.0,81.0,79.0,0.295518208,0.295518208,0.81796875,0.7770872201492535,success,sgd,0.01,1000000,1e-06,0.002,0.9,2.4001896349892885e-06,
1D-exp-vs-cauchy-64p,,,0.1382143773741156,1000000,2.4923664788296304e-06,,seconds,44.72245502471924,44.55931757390499,megabytes,88270.0,88270.0,81.0,79.54326923076923,0.293515264,0.293515264,0.81796875,0.7767427884615385,success,sgd,0.01,1000000,1e-06,0.002,0.9,2.4923664788296304e-06,
1D-exp-vs-cauchy-64p,,,0.0743587557299754,1000000,6.686712511140008e-06,,seconds,44.75440716743469,44.705319391563535,megabytes,88270.0,88270.0,81.0,79.28571428571429,0.293556224,0.293556224,0.8203125,0.7803379002463052,success,sgd,0.01,1000000,1e-06,0.002,0.9,6.686712511140008e-06,
1D-exp-vs-cauchy-64p,,,0.5501798036093991,1000000,2.339161253972773e-06,,seconds,44.531569480896,44.431641133502126,megabytes,88270.0,88270.0,81.0,79.53809523809524,0.293593088,0.293593088,0.81640625,0.7787760416666673,success,sgd,0.01,1000000,1e-06,0.002,0.9,2.339161253972773e-06,
1D-exp-vs-cauchy-64p,,,0.6352674987727198,1000000,2.327682457085417e-06,,seconds,44.89655303955078,44.76138407550752,megabytes,88270.0,88270.0,81.0,79.15346534653466,0.29362176,0.29362176,0.8140625,0.7791383044554459,success,sgd,0.01,1000000,1e-06,0.002,0.9,2.327682457085417e-06,
1D-exp-vs-cauchy-64p,,,0.2928217892998752,1000000,2.3368882120620795e-06,,seconds,44.847654819488525,44.68805863335729,megabytes,88270.0,88270.0,81.0,79.47549019607843,0.293670912,0.293670912,0.81484375,0.7747089460784311,success,sgd,0.01,1000000,1e-06,0.002,0.9,2.3368882120620795e-06,
1D-exp-vs-cauchy-64p,,,0.4949975121612217,1000000,1.976242146751837e-05,,seconds,44.72592926025391,44.60646819137037,megabytes,88270.0,88270.0,81.0,79.56038647342996,0.293658624,0.293658624,0.8140625,0.7770229468599029,success,sgd,0.01,1000000,1e-06,0.002,0.9,1.976242146751837e-05,
1D-exp-vs-cauchy-128p,,,0.1595818543120076,1000000,4.1628526782410665e-06,,seconds,49.24678063392639,49.17708755098283,megabytes,88270.0,88270.0,83.0,80.49565217391304,0.304631808,0.304631808,0.834375,0.7755910326086957,success,sgd,0.01,1000000,1e-06,0.002,0.9,4.1628526782410665e-06,
1D-exp-vs-cauchy-128p,,,0.2856363094708214,1000000,3.5523143248544544e-06,,seconds,50.66825127601624,50.49785136058927,megabytes,88270.0,88270.0,82.0,80.08035714285714,0.295890944,0.295890944,0.85,0.7773472377232141,success,sgd,0.01,1000000,1e-06,0.002,0.9,3.5523143248544544e-06,
1D-exp-vs-cauchy-128p,,,0.6392685664492554,1000000,3.534045202876926e-06,,seconds,50.849403381347656,50.826057463884354,megabytes,88270.0,88270.0,82.0,78.79574468085106,0.294658048,0.294658048,0.81796875,0.7799335106382981,success,sgd,0.01,1000000,1e-06,0.002,0.9,3.534045202876926e-06,
1D-exp-vs-cauchy-128p,,,0.6779864896932415,1000000,4.110968139938476e-06,,seconds,50.88172626495361,50.726515563204885,megabytes,88270.0,88270.0,82.0,79.53478260869565,0.294674432,0.294674432,0.8125,0.7751766304347827,success,sgd,0.01,1000000,1e-06,0.002,0.9,4.110968139938476e-06,
1D-exp-vs-cauchy-128p,,,0.1758027737252766,1000000,3.998426857888355e-06,,seconds,50.45126366615296,50.43837212026119,megabytes,88270.0,88270.0,84.0,79.58222222222223,0.29474816,0.29474816,0.8421875,0.7795069444444442,success,sgd,0.01,1000000,1e-06,0.002,0.9,3.998426857888355e-06,
1D-exp-vs-cauchy-128p,,,0.2947605529031568,1000000,3.568132088285799e-06,,seconds,51.06511545181274,51.03263105452061,megabytes,88270.0,88270.0,82.0,79.22881355932203,0.29478912,0.29478912,0.8203125,0.7803131620762704,success,sgd,0.01,1000000,1e-06,0.002,0.9,3.568132088285799e-06,
1D-exp-vs-cauchy-128p,,,0.4220149630671412,1000000,3.403070861660852e-06,,seconds,51.450122117996216,51.31524063460529,megabytes,88270.0,88270.0,82.0,78.08196721311475,0.294862848,0.294862848,0.81953125,0.778618084016393,success,sgd,0.01,1000000,1e-06,0.002,0.9,3.403070861660852e-06,
1D-exp-vs-cauchy-128p,,,0.4328271016267011,1000000,3.3764351726422023e-06,,seconds,51.363961935043335,51.207549810409546,megabytes,88270.0,88270.0,82.0,78.92148760330579,0.29483008,0.29483008,0.82109375,0.7772533574380172,success,sgd,0.01,1000000,1e-06,0.002,0.9,3.3764351726422023e-06,
1D-exp-vs-cauchy-128p,,,0.4183441147249801,1000000,3.373721629214353e-06,,seconds,51.10465717315674,50.95379042066634,megabytes,88270.0,88270.0,82.0,79.01694915254237,0.294805504,0.294805504,0.8265625,0.7768538135593217,success,sgd,0.01,1000000,1e-06,0.002,0.9,3.373721629214353e-06,
1D-exp-vs-cauchy-128p,,,0.4718406914560235,1000000,3.3647994725139903e-06,,seconds,51.51973295211792,51.426334677264094,megabytes,88270.0,88270.0,85.0,78.71255060728745,0.294801408,0.294801408,0.81953125,0.7784191548582999,success,sgd,0.01,1000000,1e-06,0.002,0.9,3.3647994725139903e-06,
1D-exp-vs-cauchy-128p,,,0.1731413607117679,1000000,3.934228314740225e-06,,seconds,51.14374327659607,51.07260926440358,megabytes,88270.0,88270.0,82.0,78.9873949579832,0.294825984,0.294825984,0.828125,0.7788176207983192,success,sgd,0.01,1000000,1e-06,0.002,0.9,3.934228314740225e-06,
1D-exp-vs-cauchy-128p,,,0.3181208920744326,1000000,3.4845196088044397e-06,,seconds,50.77226614952088,50.68001873418689,megabytes,88270.0,88270.0,87.0,79.7695652173913,0.2948096,0.2948096,0.821875,0.7766745923913047,success,sgd,0.01,1000000,1e-06,0.002,0.9,3.4845196088044397e-06,
1D-exp-vs-cauchy-128p,,,0.7348132163878403,1000000,4.275688300264845e-05,,seconds,51.0250256061554,50.898127207532525,megabytes,88270.0,88270.0,83.0,79.16379310344827,0.295145472,0.295145472,0.81875,0.7784718480603444,success,sgd,0.01,1000000,1e-06,0.002,0.9,4.275688300264845e-05,
1D-exp-vs-cauchy-128p,,,0.5403177319001471,1000000,3.3847867078218574e-06,,seconds,50.92114782333374,50.82781661488116,megabytes,88270.0,88270.0,84.0,79.66233766233766,0.294895616,0.294895616,0.815625,0.778422619047619,success,sgd,0.01,1000000,1e-06,0.002,0.9,3.3847867078218574e-06,
1D-exp-vs-cauchy-128p,,,0.1271889516812494,1000000,4.55502662871967e-06,,seconds,50.97796869277954,50.972689028829336,megabytes,88270.0,88270.0,83.0,78.94514767932489,0.294912,0.294912,0.82265625,0.7815203059071727,success,sgd,0.01,1000000,1e-06,0.002,0.9,4.55502662871967e-06,
1D-exp-vs-cauchy-128p,,,0.1064765961524647,1000000,4.855173895982142e-06,,seconds,50.96036672592163,50.90575435198844,megabytes,88270.0,88270.0,82.0,79.65531914893617,0.294916096,0.294916096,0.83125,0.7801496010638297,success,sgd,0.01,1000000,1e-06,0.002,0.9,4.855173895982142e-06,
1D-exp-vs-cauchy-128p,,,0.1051014051568682,1000000,5.777147173370131e-06,,seconds,51.08172559738159,50.90734229236841,megabytes,88270.0,88270.0,82.0,79.36286919831224,0.295026688,0.295026688,0.82109375,0.7764636075949362,success,sgd,0.01,1000000,1e-06,0.002,0.9,5.777147173370131e-06,
1D-exp-vs-cauchy-128p,,,0.6312873434967621,1000000,3.4353454308414288e-06,,seconds,50.82848000526428,50.7788399271667,megabytes,88270.0,88270.0,82.0,79.63948497854078,0.294981632,0.294981632,0.853125,0.7776589324034338,success,sgd,0.01,1000000,1e-06,0.002,0.9,3.4353454308414288e-06,
1D-exp-vs-cauchy-128p,,,0.1768133723942277,1000000,3.938573232784157e-06,,seconds,50.64821743965149,50.46105231158435,megabytes,88270.0,88270.0,83.0,79.58149779735683,0.295247872,0.295247872,0.81875,0.776806855726872,success,sgd,0.01,1000000,1e-06,0.002,0.9,3.938573232784157e-06,
1D-exp-vs-cauchy-128p,,,0.0269179576392886,1000000,8.187909046405252e-05,,seconds,50.77545976638794,50.649793004617095,megabytes,88270.0,88270.0,86.0,79.54185022026432,0.295112704,0.295112704,0.81640625,0.7779322687224671,success,sgd,0.01,1000000,1e-06,0.002,0.9,8.187909046405252e-05,
1D-exp-vs-cauchy-128p,,,0.1580112354573778,1000000,4.114497533655201e-06,,seconds,51.18299722671509,51.02024583518505,megabytes,88270.0,88270.0,82.0,79.05907172995781,0.294989824,0.294989824,0.82421875,0.7777887658227846,success,sgd,0.01,1000000,1e-06,0.002,0.9,4.114497533655201e-06,
1D-exp-vs-cauchy-128p,,,0.1074423907258234,1000000,4.990028590704457e-06,,seconds,51.28520798683167,51.19477545842528,megabytes,88270.0,88270.0,84.0,78.875,0.295002112,0.295002112,0.81953125,0.7781575520833338,success,sgd,0.01,1000000,1e-06,0.002,0.9,4.990028590704457e-06,
1D-exp-vs-cauchy-128p,,,0.103145360433063,1000000,4.95249170503553e-06,,seconds,50.90938758850098,50.8774376437068,megabytes,88270.0,88270.0,85.0,78.67521367521367,0.295047168,0.295047168,0.81875,0.7786558493589743,success,sgd,0.01,1000000,1e-06,0.002,0.9,4.95249170503553e-06,
1D-exp-vs-cauchy-128p,,,0.2063067025252682,1000000,4.028274217402467e-06,,seconds,51.02550292015076,51.00786907784641,megabytes,88270.0,88270.0,85.0,79.35744680851064,0.296136704,0.296136704,0.8375,0.7798005319148934,success,sgd,0.01,1000000,1e-06,0.002,0.9,4.028274217402467e-06,
1D-exp-vs-cauchy-128p,,,0.1968585909682778,1000000,3.821924584330579e-06,,seconds,51.42673778533936,51.33499262295664,megabytes,88270.0,88270.0,82.0,78.10288065843622,0.295030784,0.295030784,0.81640625,0.7777295524691356,success,sgd,0.01,1000000,1e-06,0.002,0.9,3.821924584330579e-06,
1D-exp-vs-cauchy-128p,,,0.1447834312452124,1000000,4.259835311958801e-06,,seconds,51.240893602371216,51.15671760775149,megabytes,88270.0,88270.0,82.0,79.22594142259415,0.295038976,0.295038976,0.815625,0.7771214696652717,success,sgd,0.01,1000000,1e-06,0.002,0.9,4.259835311958801e-06,
1D-exp-vs-cauchy-128p,,,0.0733103576204972,1000000,6.905241509245753e-05,,seconds,50.91297864913941,50.75994516350329,megabytes,88270.0,88270.0,82.0,78.82608695652173,0.295100416,0.295100416,0.81640625,0.777751358695652,success,sgd,0.01,1000000,1e-06,0.002,0.9,6.905241509245753e-05,
1D-exp-vs-cauchy-128p,,,0.549744057453351,1000000,3.3603852765327943e-06,,seconds,51.312095165252686,51.309930527582765,megabytes,88270.0,88270.0,82.0,78.93388429752066,0.295059456,0.295059456,0.82421875,0.7790353822314047,success,sgd,0.01,1000000,1e-06,0.002,0.9,3.3603852765327943e-06,
1D-exp-vs-cauchy-128p,,,0.6118641100960885,1000000,3.40248580561951e-06,,seconds,50.943482398986816,50.744359677657485,megabytes,88270.0,88270.0,82.0,79.57575757575758,0.295264256,0.295264256,0.81640625,0.7755580357142855,success,sgd,0.01,1000000,1e-06,0.002,0.9,3.40248580561951e-06,
1D-exp-vs-cauchy-128p,,,0.3067106325438518,1000000,3.5033429353279745e-06,,seconds,51.01702833175659,50.84847121685743,megabytes,88270.0,88270.0,82.0,79.58369098712447,0.295251968,0.295251968,0.84140625,0.776136668454936,success,sgd,0.01,1000000,1e-06,0.002,0.9,3.5033429353279745e-06,
1D-exp-vs-cauchy-128p,,,0.4934680246974744,1000000,3.871961547340365e-05,,seconds,50.77555060386658,50.7012934256345,megabytes,88270.0,88270.0,82.0,78.8640350877193,0.295153664,0.295153664,0.81796875,0.7798348410087717,success,sgd,0.01,1000000,1e-06,0.002,0.9,3.871961547340365e-05,
1D-exp-vs-cauchy-256p,,,0.1558415286709112,1000000,8.654587646143103e-06,,seconds,53.359813928604126,53.20379754528403,megabytes,88270.0,88270.0,84.0,82.21138211382114,0.306159616,0.306159616,0.828125,0.7747586382113827,success,sgd,0.01,1000000,1e-06,0.002,0.9,8.654587646143103e-06,
1D-exp-vs-cauchy-256p,,,0.2854914332496388,1000000,5.695058714802854e-06,,seconds,52.737006187438965,52.66416322998703,megabytes,88270.0,88270.0,84.0,83.12244897959184,0.29577216,0.29577216,0.8171875,0.7786862244897961,success,sgd,0.01,1000000,1e-06,0.002,0.9,5.695058714802854e-06,
1D-exp-vs-cauchy-256p,,,0.6390753708433662,1000000,5.625166102513541e-06,,seconds,52.88508868217468,52.85503710992634,megabytes,88270.0,88270.0,85.0,83.67083333333333,0.295763968,0.295763968,0.81875,0.7789941406250002,success,sgd,0.01,1000000,1e-06,0.002,0.9,5.625166102513541e-06,
1D-exp-vs-cauchy-256p,,,0.6901613057828702,1000000,1.0105184072552455e-05,,seconds,52.845908403396606,52.735446728765965,megabytes,88270.0,88270.0,84.0,83.13223140495867,0.295809024,0.295809024,0.8140625,0.7780120092975212,success,sgd,0.01,1000000,1e-06,0.002,0.9,1.0105184072552455e-05,
1D-exp-vs-cauchy-256p,,,0.1756159180182615,1000000,7.705289113869132e-06,,seconds,53.1163182258606,53.01422588340938,megabytes,88270.0,88270.0,85.0,83.45726495726495,0.295841792,0.295841792,0.815625,0.776375534188034,success,sgd,0.01,1000000,1e-06,0.002,0.9,7.705289113869132e-06,
1D-exp-vs-cauchy-256p,,,0.2945892881643808,1000000,5.754105750197907e-06,,seconds,52.90067267417908,52.860835982486606,megabytes,88270.0,88270.0,85.0,83.47679324894514,0.295919616,0.295919616,0.8171875,0.7800435126582277,success,sgd,0.01,1000000,1e-06,0.002,0.9,5.754105750197907e-06,
1D-exp-vs-cauchy-256p,,,0.4218526581154018,1000000,5.105745931112425e-06,,seconds,53.0473997592926,53.00301018543541,megabytes,88270.0,88270.0,84.0,82.57203389830508,0.295796736,0.295796736,0.8140625,0.7788731461864405,success,sgd,0.01,1000000,1e-06,0.002,0.9,5.105745931112425e-06,
1D-exp-vs-cauchy-256p,,,0.4326870975904044,1000000,4.992097105714069e-06,,seconds,52.749847412109375,52.74382660724223,megabytes,88270.0,88270.0,85.0,84.02057613168725,0.295821312,0.295821312,0.81640625,0.7802887088477362,success,sgd,0.01,1000000,1e-06,0.002,0.9,4.992097105714069e-06,
1D-exp-vs-cauchy-256p,,,0.4271286702458056,1000000,4.99287167917302e-06,,seconds,52.70833659172058,52.69553488306701,megabytes,88270.0,88270.0,84.0,83.33469387755102,0.29579264,0.29579264,0.81640625,0.7775829081632649,success,sgd,0.01,1000000,1e-06,0.002,0.9,4.99287167917302e-06,
1D-exp-vs-cauchy-256p,,,0.4621089050758744,1000000,4.9286687172187e-06,,seconds,52.82809519767761,52.70956073515117,megabytes,88270.0,88270.0,85.0,84.02049180327869,0.295870464,0.295870464,0.8328125,0.7769755379098366,success,sgd,0.01,1000000,1e-06,0.002,0.9,4.9286687172187e-06,
1D-exp-vs-cauchy-256p,,,0.1772843675962119,1000000,7.482057575230487e-06,,seconds,52.91664505004883,52.77197125554085,megabytes,88270.0,88270.0,85.0,83.81481481481481,0.295825408,0.295825408,0.85078125,0.7787872942386832,success,sgd,0.01,1000000,1e-06,0.002,0.9,7.482057575230487e-06,
1D-exp-vs-cauchy-256p,,,0.31799328487237,1000000,5.4282374155027495e-06,,seconds,52.84441947937012,52.75106170028448,megabytes,88270.0,88270.0,85.0,83.80737704918033,0.295878656,0.295878656,0.81796875,0.7787397540983607,success,sgd,0.01,1000000,1e-06,0.002,0.9,5.4282374155027495e-06,
1D-exp-vs-cauchy-256p,,,0.7213305101405806,1000000,9.815324833712434e-05,,seconds,52.797770738601685,52.61050623096526,megabytes,88270.0,88270.0,85.0,83.34538152610442,0.29612032,0.29612032,0.81328125,0.7759130271084339,success,sgd,0.01,1000000,1e-06,0.002,0.9,9.815324833712434e-05,
1D-exp-vs-cauchy-256p,,,0.5401571147734012,1000000,5.004815850861113e-06,,seconds,52.60751724243164,52.60278926044703,megabytes,88270.0,88270.0,84.0,83.26612903225806,0.295944192,0.295944192,0.81484375,0.7795016381048389,success,sgd,0.01,1000000,1e-06,0.002,0.9,5.004815850861113e-06,
1D-exp-vs-cauchy-256p,,,0.1269673041903341,1000000,1.1350546234180236e-05,,seconds,52.84937739372253,52.70825353451073,megabytes,88270.0,88270.0,84.0,83.07723577235772,0.295948288,0.295948288,0.815625,0.775358866869919,success,sgd,0.01,1000000,1e-06,0.002,0.9,1.1350546234180236e-05,
1D-exp-vs-cauchy-256p,,,0.1062169236675893,1000000,1.3555390517154802e-05,,seconds,52.84531617164612,52.748098546639085,megabytes,88270.0,88270.0,84.0,83.01639344262296,0.296034304,0.296034304,0.840625,0.779050332991803,success,sgd,0.01,1000000,1e-06,0.002,0.9,1.3555390517154802e-05,
1D-exp-vs-cauchy-256p,,,0.1046423332025298,1000000,2.5058660707258943e-05,,seconds,52.85188841819763,52.67870706133544,megabytes,88270.0,88270.0,85.0,83.8744939271255,0.296083456,0.296083456,0.8203125,0.7772963056680159,success,sgd,0.01,1000000,1e-06,0.002,0.9,2.5058660707258943e-05,
1D-exp-vs-cauchy-256p,,,0.6194584369025753,1000000,5.160429521945139e-06,,seconds,53.00735688209534,52.958216493949294,megabytes,88270.0,88270.0,84.0,82.9324894514768,0.296116224,0.296116224,0.81796875,0.7782140031645569,success,sgd,0.01,1000000,1e-06,0.002,0.9,5.160429521945139e-06,
1D-exp-vs-cauchy-256p,,,0.1766377417433534,1000000,7.406777290680945e-06,,seconds,52.78797292709351,52.72912256605923,megabytes,88270.0,88270.0,84.0,82.95901639344262,0.296132608,0.296132608,0.815625,0.7779072745901633,success,sgd,0.01,1000000,1e-06,0.002,0.9,7.406777290680945e-06,
1D-exp-vs-cauchy-256p,,,0.0249745285148936,1000000,0.0001850757104955,,seconds,52.7961905002594,52.67503948882222,megabytes,88270.0,88270.0,85.0,84.26016260162602,0.296198144,0.296198144,0.84375,0.7781091209349589,success,sgd,0.01,1000000,1e-06,0.002,0.9,0.0001850757104955,
1D-exp-vs-cauchy-256p,,,0.1538799543777985,1000000,8.313677941047294e-06,,seconds,53.043564558029175,52.92571042664349,megabytes,88270.0,88270.0,84.0,83.03361344537815,0.295989248,0.295989248,0.81640625,0.7764410451680671,success,sgd,0.01,1000000,1e-06,0.002,0.9,8.313677941047294e-06,
1D-exp-vs-cauchy-256p,,,0.1091323124668594,1000000,1.5332386132800184e-05,,seconds,52.804770946502686,52.67620984651148,megabytes,88270.0,88270.0,85.0,84.17959183673469,0.296050688,0.296050688,0.81953125,0.7780803571428574,success,sgd,0.01,1000000,1e-06,0.002,0.9,1.5332386132800184e-05,
1D-exp-vs-cauchy-256p,,,0.102876562663112,1000000,1.4542909372843545e-05,,seconds,52.64356350898743,52.63354882784188,megabytes,88270.0,88270.0,85.0,84.4089068825911,0.296030208,0.296030208,0.83359375,0.7793427378542511,success,sgd,0.01,1000000,1e-06,0.002,0.9,1.4542909372843545e-05,
1D-exp-vs-cauchy-256p,,,0.1999683313191769,1000000,7.801962598262927e-06,,seconds,52.84142589569092,52.836654946208,megabytes,88270.0,88270.0,85.0,83.78991596638656,0.296103936,0.296103936,0.8171875,0.7799960609243697,success,sgd,0.01,1000000,1e-06,0.002,0.9,7.801962598262927e-06,
1D-exp-vs-cauchy-256p,,,0.1967011884322619,1000000,6.8653481410129615e-06,,seconds,52.78208589553833,52.76796353794634,megabytes,88270.0,88270.0,84.0,83.05809128630706,0.296153088,0.296153088,0.82109375,0.7801380964730288,success,sgd,0.01,1000000,1e-06,0.002,0.9,6.8653481410129615e-06,
1D-exp-vs-cauchy-256p,,,0.1410419730127966,1000000,9.159286677533344e-06,,seconds,53.02265167236328,52.86511273495853,megabytes,88270.0,88270.0,85.0,83.82157676348548,0.2961408,0.2961408,0.81640625,0.7775641856846474,success,sgd,0.01,1000000,1e-06,0.002,0.9,9.159286677533344e-06,
1D-exp-vs-cauchy-256p,,,0.070493078020496,1000000,0.0002023535846351,,seconds,53.011638879776,52.95617303065956,megabytes,88270.0,88270.0,85.0,83.49367088607595,0.29620224,0.29620224,0.8484375,0.7794270833333332,success,sgd,0.01,1000000,1e-06,0.002,0.9,0.0002023535846351,
1D-exp-vs-cauchy-256p,,,0.5391315401281171,1000000,4.8776548033686e-06,,seconds,52.96666669845581,52.815410347655416,megabytes,88270.0,88270.0,84.0,83.2928870292887,0.296239104,0.296239104,0.8171875,0.7771476202928875,success,sgd,0.01,1000000,1e-06,0.002,0.9,4.8776548033686e-06,
1D-exp-vs-cauchy-256p,,,0.6117283632037567,1000000,4.998214664033442e-06,,seconds,53.29135847091675,53.11765559762716,megabytes,88270.0,88270.0,85.0,83.35169491525424,0.296271872,0.296271872,0.81875,0.7777211334745764,success,sgd,0.01,1000000,1e-06,0.002,0.9,4.998214664033442e-06,
1D-exp-vs-cauchy-256p,,,0.306570787110936,1000000,5.499218287006703e-06,,seconds,52.99252676963806,52.84180366061628,megabytes,88270.0,88270.0,85.0,83.45188284518828,0.296267776,0.296267776,0.8171875,0.7767684361924682,success,sgd,0.01,1000000,1e-06,0.002,0.9,5.499218287006703e-06,
1D-exp-vs-cauchy-256p,,,0.4929705390736266,1000000,8.573936208503547e-05,,seconds,53.17853045463562,53.01508344709873,megabytes,88270.0,88270.0,84.0,82.72532188841201,0.296251392,0.296251392,0.81796875,0.7778198766094427,success,sgd,0.01,1000000,1e-06,0.002,0.9,8.573936208503547e-05,
1D-exp-vs-cauchy-512p,,,0.1572985036917077,1000000,2.1613694758459803e-05,,seconds,70.00375986099243,69.87544579803944,megabytes,88272.0,88272.0,86.0,84.61708860759494,0.30744576,0.30744576,0.81953125,0.7758381131329111,success,sgd,0.01,1000000,1e-06,0.002,0.9,2.1613694758459803e-05,
1D-exp-vs-cauchy-512p,,,0.2819504779100237,1000000,8.300088135219214e-06,,seconds,69.32100701332092,69.32723129726946,megabytes,88272.0,88272.0,86.0,85.04516129032258,0.296390656,0.296390656,0.8171875,0.7800075604838714,success,sgd,0.01,1000000,1e-06,0.002,0.9,8.300088135219214e-06,
1D-exp-vs-cauchy-512p,,,0.6448891754903978,1000000,1.2305794973256186e-05,,seconds,69.4559314250946,69.32195222005248,megabytes,88272.0,88272.0,86.0,85.06070287539936,0.296370176,0.296370176,0.8546875,0.777491014376997,success,sgd,0.01,1000000,1e-06,0.002,0.9,1.2305794973256186e-05,
1D-exp-vs-cauchy-512p,,,0.6829492230419525,1000000,0.0002887261418354,,seconds,69.44166827201843,69.33987246453762,megabytes,88272.0,88272.0,87.0,85.17948717948718,0.296411136,0.296411136,0.8359375,0.7785782251602564,success,sgd,0.01,1000000,1e-06,0.002,0.9,0.0002887261418354,
1D-exp-vs-cauchy-512p,,,0.1729202460370046,1000000,1.39828479070104e-05,,seconds,69.36167883872986,69.2539067659527,megabytes,88272.0,88272.0,86.0,85.33015873015873,0.296415232,0.296415232,0.8203125,0.7775595238095234,success,sgd,0.01,1000000,1e-06,0.002,0.9,1.39828479070104e-05,
1D-exp-vs-cauchy-512p,,,0.2907786397472472,1000000,8.207430092803966e-06,,seconds,69.13315081596375,69.12731957994401,megabytes,88272.0,88272.0,87.0,85.43260188087774,0.296394752,0.296394752,0.821875,0.7800817985893417,success,sgd,0.01,1000000,1e-06,0.002,0.9,8.207430092803966e-06,
1D-exp-vs-cauchy-512p,,,0.4171490313691999,1000000,7.1337145814511325e-06,,seconds,69.14528679847717,69.0397884733975,megabytes,88272.0,88272.0,86.0,85.46913580246914,0.296464384,0.296464384,0.84765625,0.7771484375000002,success,sgd,0.01,1000000,1e-06,0.002,0.9,7.1337145814511325e-06,
1D-exp-vs-cauchy-512p,,,0.4326149452712602,1000000,6.7095561467536646e-06,,seconds,69.07986664772034,68.94341871514916,megabytes,88272.0,88272.0,86.0,85.6219512195122,0.296542208,0.296542208,0.81640625,0.777570026676829,success,sgd,0.01,1000000,1e-06,0.002,0.9,6.7095561467536646e-06,
1D-exp-vs-cauchy-512p,,,0.4270576881677368,1000000,6.689368852798425e-06,,seconds,69.17760944366455,69.07735171541572,megabytes,88272.0,88272.0,86.0,85.51713395638629,0.29659136,0.29659136,0.81875,0.7789573598130838,success,sgd,0.01,1000000,1e-06,0.002,0.9,6.689368852798425e-06,
1D-exp-vs-cauchy-512p,,,0.4668200260173107,1000000,6.657881881590085e-06,,seconds,69.06850743293762,69.04058447107673,megabytes,88272.0,88272.0,86.0,85.53726708074534,0.29667328,0.29667328,0.81875,0.7810850155279496,success,sgd,0.01,1000000,1e-06,0.002,0.9,6.657881881590085e-06,
1D-exp-vs-cauchy-512p,,,0.1770953405156186,1000000,1.4936286991153057e-05,,seconds,69.33072805404663,69.31837066449225,megabytes,88272.0,88272.0,86.0,85.03870967741935,0.2967552,0.2967552,0.81640625,0.7792893145161293,success,sgd,0.01,1000000,1e-06,0.002,0.9,1.4936286991153057e-05,
1D-exp-vs-cauchy-512p,,,0.3143655016523409,1000000,7.7577814308353e-06,,seconds,69.23225998878479,69.17590227350593,megabytes,88272.0,88272.0,86.0,85.30817610062893,0.296726528,0.296726528,0.8171875,0.7791150746855353,success,sgd,0.01,1000000,1e-06,0.002,0.9,7.7577814308353e-06,
1D-exp-vs-cauchy-512p,,,0.7210177617011693,1000000,0.0002453900339677,,seconds,69.24843978881836,69.24894371815026,megabytes,88272.0,88272.0,86.0,85.21337579617834,0.296800256,0.296800256,0.8171875,0.7804712380573249,success,sgd,0.01,1000000,1e-06,0.002,0.9,0.0002453900339677,
1D-exp-vs-cauchy-512p,,,0.5400707635229003,1000000,7.334951652453037e-06,,seconds,69.14690399169922,69.06347621232271,megabytes,88272.0,88272.0,86.0,85.4968944099379,0.296845312,0.296845312,0.815625,0.779449728260869,success,sgd,0.01,1000000,1e-06,0.002,0.9,7.334951652453037e-06,
1D-exp-vs-cauchy-512p,,,0.1276578457688785,1000000,3.865853292163007e-05,,seconds,69.3662645816803,69.23074231296778,megabytes,88272.0,88272.0,86.0,85.33227848101266,0.296910848,0.296910848,0.81875,0.7768369264240508,success,sgd,0.01,1000000,1e-06,0.002,0.9,3.865853292163007e-05,
1D-exp-vs-cauchy-512p,,,0.1042347993552693,1000000,4.251562366719815e-05,,seconds,69.30318117141724,69.26834164001048,megabytes,88272.0,88272.0,87.0,85.4888888888889,0.296681472,0.296681472,0.81875,0.7794494047619046,success,sgd,0.01,1000000,1e-06,0.002,0.9,4.251562366719815e-05,
1D-exp-vs-cauchy-512p,,,0.1026838844052851,1000000,0.0001091714619417,,seconds,69.39013981819153,69.36174179241061,megabytes,88272.0,88272.0,86.0,85.19417475728156,0.296689664,0.296689664,0.8203125,0.7784283980582525,success,sgd,0.01,1000000,1e-06,0.002,0.9,0.0001091714619417,
1D-exp-vs-cauchy-512p,,,0.619359473687199,1000000,8.238533781344412e-06,,seconds,69.45908856391907,69.2839403487742,megabytes,88272.0,88272.0,86.0,85.2984126984127,0.296722432,0.296722432,0.81796875,0.778132440476191,success,sgd,0.01,1000000,1e-06,0.002,0.9,8.238533781344412e-06,
1D-exp-vs-cauchy-512p,,,0.1790144956418113,1000000,1.3481666391126142e-05,,seconds,69.3813591003418,69.27758936397731,megabytes,88272.0,88272.0,86.0,85.02912621359224,0.252571648,0.252571648,0.82734375,0.7775864684466016,success,sgd,0.01,1000000,1e-06,0.002,0.9,1.3481666391126142e-05,
1D-exp-vs-cauchy-512p,,,0.0231851617085486,1000000,0.0004045275738791,,seconds,69.65382862091064,69.46647121571004,megabytes,88272.0,88272.0,86.0,85.15878378378379,0.250724352,0.250724352,0.83515625,0.7762061866554054,success,sgd,0.01,1000000,1e-06,0.002,0.9,0.0004045275738791,
1D-exp-vs-cauchy-512p,,,0.1536463479670619,1000000,1.821419256095369e-05,,seconds,69.30066990852356,69.1627702228725,megabytes,88272.0,88272.0,86.0,85.23717948717949,0.250650624,0.250650624,0.83125,0.7778946314102562,success,sgd,0.01,1000000,1e-06,0.002,0.9,1.821419256095369e-05,
1D-exp-vs-cauchy-512p,,,0.1071675693322552,1000000,6.002876360193724e-05,,seconds,69.26574039459229,69.27343943715096,megabytes,88272.0,88272.0,86.0,85.18241042345277,0.250671104,0.250671104,0.8265625,0.7810057003257335,success,sgd,0.01,1000000,1e-06,0.002,0.9,6.002876360193724e-05,
1D-exp-vs-cauchy-512p,,,0.1031914049394334,1000000,5.331677443399698e-05,,seconds,69.3823173046112,69.28581332787871,megabytes,88272.0,88272.0,86.0,85.29545454545455,0.250679296,0.250679296,0.82578125,0.7751116071428565,success,sgd,0.01,1000000,1e-06,0.002,0.9,5.331677443399698e-05,
1D-exp-vs-cauchy-512p,,,0.199802054852881,1000000,1.5249561662859569e-05,,seconds,69.5543429851532,69.37324454076588,megabytes,88272.0,88272.0,86.0,85.10526315789474,0.250732544,0.250732544,0.8234375,0.7786800986842106,success,sgd,0.01,1000000,1e-06,0.002,0.9,1.5249561662859569e-05,
1D-exp-vs-cauchy-512p,,,0.1965653442344085,1000000,1.1960800173119762e-05,,seconds,69.44542336463928,69.3367602173239,megabytes,88272.0,88272.0,86.0,85.18954248366013,0.250621952,0.250621952,0.85234375,0.778546262254902,success,sgd,0.01,1000000,1e-06,0.002,0.9,1.1960800173119762e-05,
1D-exp-vs-cauchy-512p,,,0.1407378013786455,1000000,2.2550533745431976e-05,,seconds,69.46219301223755,69.35369396954775,megabytes,88272.0,88272.0,86.0,85.21967213114755,0.250753024,0.250753024,0.81796875,0.7794031762295084,success,sgd,0.01,1000000,1e-06,0.002,0.9,2.2550533745431976e-05,
1D-exp-vs-cauchy-512p,,,0.067861330778359,1000000,0.0005016821213664,,seconds,69.31225490570068,69.29565817117691,megabytes,88272.0,88272.0,86.0,85.11074918566776,0.250793984,0.250793984,0.81875,0.7786670399022801,success,sgd,0.01,1000000,1e-06,0.002,0.9,0.0005016821213664,
1D-exp-vs-cauchy-512p,,,0.5390581659148928,1000000,6.68577112328679e-06,,seconds,69.30370450019836,69.14477975666523,megabytes,88272.0,88272.0,87.0,85.26517571884985,0.250642432,0.250642432,0.82265625,0.7781699281150156,success,sgd,0.01,1000000,1e-06,0.002,0.9,6.68577112328679e-06,
1D-exp-vs-cauchy-512p,,,0.6116491117862373,1000000,7.267053311624501e-06,,seconds,69.44257760047913,69.24951211363077,megabytes,88272.0,88272.0,86.0,85.18770226537217,0.25085952,0.25085952,0.815625,0.7777558656957927,success,sgd,0.01,1000000,1e-06,0.002,0.9,7.267053311624501e-06,
1D-exp-vs-cauchy-512p,,,0.306488014875186,1000000,7.849810895939853e-06,,seconds,69.60973811149597,69.44772568717599,megabytes,88272.0,88272.0,86.0,85.12913907284768,0.2506752,0.2506752,0.834375,0.7751784975165561,success,sgd,0.01,1000000,1e-06,0.002,0.9,7.849810895939853e-06,
1D-exp-vs-cauchy-512p,,,0.4927212944090096,1000000,0.0002256351542929,,seconds,69.17224311828613,69.15201038494706,megabytes,88272.0,88272.0,86.0,85.37820512820512,0.250699776,0.250699776,0.82421875,0.7778069911858978,success,sgd,0.01,1000000,1e-06,0.002,0.9,0.0002256351542929,
1D-exp-vs-cauchy-1024p,,,0.156805579274855,662025,9.999801919003128e-07,,seconds,61.20856714248657,61.10109040141106,megabytes,88272.0,88272.0,91.0,87.6037037037037,0.263528448,0.263528448,0.834375,0.7764583333333331,success,sgd,0.01,1000000,1e-06,0.002,0.9,9.999801919003128e-07,
1D-exp-vs-cauchy-1024p,,,0.2820633579103213,473389,9.999786712030672e-07,,seconds,42.77648329734802,42.57296558842063,megabytes,88272.0,88272.0,92.0,90.35675675675677,0.166752256,0.166752256,0.83515625,0.7774239864864868,success,sgd,0.01,1000000,1e-06,0.002,0.9,9.999786712030672e-07,
1D-exp-vs-cauchy-1024p,,,0.6379932793398353,1000000,0.0008777483674513,,seconds,89.98671698570251,89.95943762548268,megabytes,88272.0,88272.0,91.0,90.03980099502488,0.252076032,0.252076032,0.815625,0.7789664956467661,success,sgd,0.01,1000000,1e-06,0.002,0.9,0.0008777483674513,
1D-exp-vs-cauchy-1024p,,,0.6836967703245017,1000000,0.0008328193764508,,seconds,92.42920184135436,92.32937765680254,megabytes,88272.0,88272.0,90.0,88.52884615384616,0.252137472,0.252137472,0.82109375,0.776778470552885,success,sgd,0.01,1000000,1e-06,0.002,0.9,0.0008328193764508,
1D-exp-vs-cauchy-1024p,,,0.1743889145852967,696236,9.999816375285438e-07,,seconds,62.3597948551178,62.32629322633147,megabytes,88272.0,88272.0,92.0,90.04676258992805,0.252116992,0.252116992,0.81875,0.7807385341726615,success,sgd,0.01,1000000,1e-06,0.002,0.9,9.999816375285438e-07,
1D-exp-vs-cauchy-1024p,,,0.2908814235726018,899509,9.999844197181923e-07,,seconds,82.6099762916565,82.46768169850111,megabytes,88272.0,88272.0,92.0,88.86197183098592,0.25225216,0.25225216,0.81875,0.7777618838028169,success,sgd,0.01,1000000,1e-06,0.002,0.9,9.999844197181923e-07,
1D-exp-vs-cauchy-1024p,,,0.4195409068319154,1000000,1.1726241708990476e-06,,seconds,90.29451727867126,90.23885581456123,megabytes,88272.0,88272.0,91.0,89.67179487179487,0.252276736,0.252276736,0.81875,0.7804106570512822,success,sgd,0.01,1000000,1e-06,0.002,0.9,1.1726241708990476e-06,
1D-exp-vs-cauchy-1024p,,,0.4326989242950337,667533,9.999928137592772e-07,,seconds,61.41053581237793,61.284649638459086,megabytes,88272.0,88272.0,91.0,88.66666666666667,0.252309504,0.252309504,0.825,0.7783682463369963,success,sgd,0.01,1000000,1e-06,0.002,0.9,9.999928137592772e-07,
1D-exp-vs-cauchy-1024p,,,0.4249050440804273,585598,9.999844511741976e-07,,seconds,53.48558712005615,53.32328198105097,megabytes,88272.0,88272.0,91.0,89.1030042918455,0.25235456,0.25235456,0.82578125,0.7766127950643773,success,sgd,0.01,1000000,1e-06,0.002,0.9,9.999844511741976e-07,
1D-exp-vs-cauchy-1024p,,,0.4669027621258965,720862,9.999911032887035e-07,,seconds,64.94843673706055,64.76766231097281,megabytes,88272.0,88272.0,92.0,90.8900709219858,0.252452864,0.252452864,0.85,0.7780668218085113,success,sgd,0.01,1000000,1e-06,0.002,0.9,9.999911032887035e-07,
1D-exp-vs-cauchy-1024p,,,0.1773440689177507,590102,9.999479667901294e-07,,seconds,53.69228482246399,53.58866589516401,megabytes,88272.0,88272.0,91.0,89.02978723404256,0.252198912,0.252198912,0.81640625,0.7786735372340424,success,sgd,0.01,1000000,1e-06,0.002,0.9,9.999479667901294e-07,
1D-exp-vs-cauchy-1024p,,,0.3144737780972922,402624,9.999645608091703e-07,,seconds,36.3249237537384,36.202095311135054,megabytes,88272.0,88272.0,92.0,90.75949367088609,0.166825984,0.166825984,0.8140625,0.7767306170886081,success,sgd,0.01,1000000,1e-06,0.002,0.9,9.999645608091703e-07,
1D-exp-vs-cauchy-1024p,,,0.7196693033040262,1000000,0.0007095217696995,,seconds,90.00854969024658,89.90140737220645,megabytes,88272.0,88272.0,91.0,89.77604166666667,0.252186624,0.252186624,0.815625,0.7778849283854169,success,sgd,0.01,1000000,1e-06,0.002,0.9,0.0007095217696995,
1D-exp-vs-cauchy-1024p,,,0.5372151794534176,1000000,1.715803407451343e-05,,seconds,91.94858288764954,91.95987155102192,megabytes,88272.0,88272.0,90.0,88.74074074074075,0.252178432,0.252178432,0.8265625,0.7794328703703695,success,sgd,0.01,1000000,1e-06,0.002,0.9,1.715803407451343e-05,
1D-exp-vs-cauchy-1024p,,,0.1283961494427389,810866,9.999216041726014e-07,,seconds,73.40200972557068,73.33006805554032,megabytes,88272.0,88272.0,92.0,89.47648902821317,0.2522112,0.2522112,0.81640625,0.7784286833855799,success,sgd,0.01,1000000,1e-06,0.002,0.9,9.999216041726014e-07,
1D-exp-vs-cauchy-1024p,,,0.1049468920730723,968335,9.999708200850453e-07,,seconds,89.30613255500793,89.25964074768126,megabytes,88272.0,88272.0,90.0,88.48743718592965,0.25227264,0.25227264,0.81796875,0.7790789886934673,success,sgd,0.01,1000000,1e-06,0.002,0.9,9.999708200850453e-07,
1D-exp-vs-cauchy-1024p,,,0.0936415332874106,1000000,0.0008074711310812,,seconds,90.92440843582152,90.77381647750737,megabytes,88272.0,88272.0,91.0,89.00251889168766,0.252284928,0.252284928,0.82421875,0.7775976070528966,success,sgd,0.01,1000000,1e-06,0.002,0.9,0.0008074711310812,
1D-exp-vs-cauchy-1024p,,,0.6163001021659724,1000000,0.0007038544627265,,seconds,89.37978148460388,89.26027149520814,megabytes,88272.0,88272.0,92.0,91.26439790575915,0.25227264,0.25227264,0.82265625,0.7785647087696335,success,sgd,0.01,1000000,1e-06,0.002,0.9,0.0007038544627265,
1D-exp-vs-cauchy-1024p,,,0.1792120259911854,655583,9.999765513909929e-07,,seconds,58.934305906295776,58.82936512120068,megabytes,88272.0,88272.0,91.0,89.88446215139442,0.252321792,0.252321792,0.82265625,0.7777328187250999,success,sgd,0.01,1000000,1e-06,0.002,0.9,9.999765513909929e-07,
1D-exp-vs-cauchy-1024p,,,0.0184091000635631,1000000,0.0005700816903662,,seconds,91.6087930202484,91.39910140261054,megabytes,88272.0,88272.0,92.0,88.86548223350253,0.252608512,0.252608512,0.81640625,0.7784997620558382,success,sgd,0.01,1000000,1e-06,0.002,0.9,0.0005700816903662,
1D-exp-vs-cauchy-1024p,,,0.1549293902742537,667759,9.999901335728205e-07,,seconds,61.41752362251282,61.316867649555206,megabytes,88272.0,88272.0,90.0,88.84328358208955,0.252440576,0.252440576,0.81640625,0.7782328591417913,success,sgd,0.01,1000000,1e-06,0.002,0.9,9.999901335728205e-07,
1D-exp-vs-cauchy-1024p,,,0.1083135983660785,959066,9.999709460163956e-07,,seconds,87.83529567718506,87.74865714646876,megabytes,88272.0,88272.0,90.0,88.87631578947368,0.252448768,0.252448768,0.83046875,0.7791200657894741,success,sgd,0.01,1000000,1e-06,0.002,0.9,9.999709460163956e-07,
1D-exp-vs-cauchy-1024p,,,0.1041529973427113,972101,9.999103885008224e-07,,seconds,88.69683265686035,88.62451827526093,megabytes,88272.0,88272.0,91.0,89.04113110539846,0.252391424,0.252391424,0.81796875,0.7807298361182516,success,sgd,0.01,1000000,1e-06,0.002,0.9,9.999103885008224e-07,
1D-exp-vs-cauchy-1024p,,,0.1976075051769625,1000000,0.0007875287956813,,seconds,89.28401970863342,89.1867387611419,megabytes,88272.0,88272.0,93.0,91.68217054263566,0.252383232,0.252383232,0.81953125,0.77875080749354,success,sgd,0.01,1000000,1e-06,0.002,0.9,0.0007875287956813,
1D-exp-vs-cauchy-1024p,,,0.1967454555780629,567798,9.999444016164091e-07,,seconds,51.821905851364136,51.71675748936832,megabytes,88272.0,88272.0,92.0,88.86899563318778,0.252387328,0.252387328,0.81875,0.7774460971615718,success,sgd,0.01,1000000,1e-06,0.002,0.9,9.999444016164091e-07,
1D-exp-vs-cauchy-1024p,,,0.1411237706371846,721664,9.999316595421349e-07,,seconds,64.10134935379028,64.04629915766418,megabytes,88272.0,88272.0,93.0,92.55442176870748,0.252403712,0.252403712,0.8171875,0.7786431760204084,success,sgd,0.01,1000000,1e-06,0.002,0.9,9.999316595421349e-07,
1D-exp-vs-cauchy-1024p,,,0.0603549422598637,1000000,0.0007474946239274,,seconds,90.6300904750824,90.45251824334264,megabytes,88272.0,88272.0,92.0,89.35606060606061,0.252448768,0.252448768,0.8265625,0.7773496685606067,success,sgd,0.01,1000000,1e-06,0.002,0.9,0.0007474946239274,
1D-exp-vs-cauchy-1024p,,,0.5417647054410115,921422,9.999998770205594e-07,,seconds,84.76452016830444,84.6978457365185,megabytes,88272.0,88272.0,92.0,88.67733333333334,0.252440576,0.252440576,0.8203125,0.7783499999999993,success,sgd,0.01,1000000,1e-06,0.002,0.9,9.999998770205594e-07,
1D-exp-vs-cauchy-1024p,,,0.6144306782989541,1000000,9.24553947148075e-06,,seconds,88.66124272346497,88.66686831973493,megabytes,88272.0,88272.0,92.0,90.87435897435896,0.25243648,0.25243648,0.81875,0.779186698717949,success,sgd,0.01,1000000,1e-06,0.002,0.9,9.24553947148075e-06,
1D-exp-vs-cauchy-1024p,,,0.3065937718106762,463523,9.999741718973638e-07,,seconds,41.216330766677856,41.16900093667209,megabytes,88272.0,88272.0,93.0,92.23936170212764,0.167149568,0.167149568,0.8203125,0.778191489361702,success,sgd,0.01,1000000,1e-06,0.002,0.9,9.999741718973638e-07,
1D-exp-vs-cauchy-1024p,,,0.4943054038624673,1000000,0.0006302982351709,,seconds,91.58609819412231,91.43784515745938,megabytes,88272.0,88272.0,92.0,88.89672544080605,0.252485632,0.252485632,0.8203125,0.7770052739294718,success,sgd,0.01,1000000,1e-06,0.002,0.9,0.0006302982351709,
1D-exp-vs-cauchy-2048p,,,0.1034458892357458,1000000,0.0020703422027404,,seconds,186.67249131202695,186.6234450284392,megabytes,88272.0,88272.0,95.0,94.4077922077922,0.265486336,0.265486336,0.81328125,0.7772047483766223,success,sgd,0.01,1000000,1e-06,0.002,0.9,0.0020703422027404,
1D-exp-vs-cauchy-2048p,,,0.2708875315300856,1000000,0.0019899790296559,,seconds,186.26002621650696,186.07511879876256,megabytes,88272.0,88272.0,96.0,94.99493670886076,0.253906944,0.253906944,0.83359375,0.778642207278481,success,sgd,0.01,1000000,1e-06,0.002,0.9,0.0019899790296559,
1D-exp-vs-cauchy-2048p,,,0.6335765378487367,1000000,0.0026169491023165,,seconds,185.86376118659973,185.860665101558,megabytes,88272.0,88272.0,95.0,94.86193548387097,0.25362432,0.25362432,0.8140625,0.7791794354838709,success,sgd,0.01,1000000,1e-06,0.002,0.9,0.0026169491023165,
1D-exp-vs-cauchy-2048p,,,0.6825106130651639,1000000,0.002374437362843,,seconds,186.59121918678284,186.43188665993512,megabytes,88272.0,88272.0,96.0,94.98709677419356,0.253607936,0.253607936,0.81953125,0.7788296370967731,success,sgd,0.01,1000000,1e-06,0.002,0.9,0.002374437362843,
1D-exp-vs-cauchy-2048p,,,0.1273012262177758,1000000,0.0024413313131272,,seconds,185.88746619224548,185.786432268098,megabytes,88272.0,88272.0,95.0,94.85806451612903,0.253689856,0.253689856,0.82421875,0.7789808467741937,success,sgd,0.01,1000000,1e-06,0.002,0.9,0.0024413313131272,
1D-exp-vs-cauchy-2048p,,,0.2744006454924894,1000000,0.0026323175162925,,seconds,186.26670956611636,186.1672978606075,megabytes,88272.0,88272.0,96.0,95.04015056461732,0.253812736,0.253812736,0.82421875,0.7795336025721464,success,sgd,0.01,1000000,1e-06,0.002,0.9,0.0026323175162925,
1D-exp-vs-cauchy-2048p,,,0.3982741689554597,1000000,0.0027238241567867,,seconds,186.00240445137024,185.867461476475,megabytes,88272.0,88272.0,95.0,94.91332470892628,0.253902848,0.253902848,0.8359375,0.778893111254851,success,sgd,0.01,1000000,1e-06,0.002,0.9,0.0027238241567867,
1D-exp-vs-cauchy-2048p,,,0.4113207550684171,1000000,0.0026913475017105,,seconds,186.4602611064911,186.28021347895265,megabytes,88272.0,88272.0,96.0,94.96272493573264,0.254889984,0.254889984,0.83515625,0.7781872589974287,success,sgd,0.01,1000000,1e-06,0.002,0.9,0.0026913475017105,
1D-exp-vs-cauchy-2048p,,,0.4067463151989099,1000000,0.0025270727490485,,seconds,185.9814488887787,185.809058656916,megabytes,88272.0,88272.0,95.0,94.92764857881136,0.254066688,0.254066688,0.8140625,0.77795542635659,success,sgd,0.01,1000000,1e-06,0.002,0.9,0.0025270727490485,
1D-exp-vs-cauchy-2048p,,,0.4441153558659911,1000000,0.0027444484866567,,seconds,186.27892231941223,186.23864373750985,megabytes,88272.0,88272.0,96.0,94.9421593830334,0.254001152,0.254001152,0.82109375,0.7792506828406175,success,sgd,0.01,1000000,1e-06,0.002,0.9,0.0027444484866567,
1D-exp-vs-cauchy-2048p,,,0.1306781667251845,1000000,0.0019960047510907,,seconds,186.22541213035583,186.11286708153784,megabytes,88272.0,88272.0,95.0,94.9397435897436,0.254103552,0.254103552,0.81796875,0.7797035256410259,success,sgd,0.01,1000000,1e-06,0.002,0.9,0.0019960047510907,
1D-exp-vs-cauchy-2048p,,,0.3144414364229962,1000000,1.9526952975479864e-06,,seconds,186.36451268196103,186.1904362458736,megabytes,88272.0,88272.0,96.0,94.87516087516089,0.254779392,0.254779392,0.83671875,0.7787192326254819,success,sgd,0.01,1000000,1e-06,0.002,0.9,1.9526952975479864e-06,
1D-exp-vs-cauchy-2048p,,,0.7216938950827326,1000000,0.0019615406674929,,seconds,185.88964009284973,185.81974324770272,megabytes,88272.0,88272.0,95.0,94.85845347313236,0.254058496,0.254058496,0.83046875,0.7792195691349935,success,sgd,0.01,1000000,1e-06,0.002,0.9,0.0019615406674929,
1D-exp-vs-cauchy-2048p,,,0.5215933202542022,1000000,0.0027815646050584,,seconds,186.38857102394104,186.189238389954,megabytes,88272.0,88272.0,96.0,94.88657105606258,0.254349312,0.254349312,0.8359375,0.778378626140808,success,sgd,0.01,1000000,1e-06,0.002,0.9,0.0027815646050584,
1D-exp-vs-cauchy-2048p,,,0.0729563493936342,1000000,0.0020713921182774,,seconds,185.69784116744995,185.5523400790989,megabytes,88272.0,88272.0,95.0,94.84595635430038,0.254173184,0.254173184,0.8328125,0.7789624117458288,success,sgd,0.01,1000000,1e-06,0.002,0.9,0.0020713921182774,
1D-exp-vs-cauchy-2048p,,,0.0573531724940285,1000000,0.0019704782319074,,seconds,185.83491396903992,185.81833751313388,megabytes,88272.0,88272.0,95.0,94.88960205391528,0.254820352,0.254820352,0.81875,0.7796363526957645,success,sgd,0.01,1000000,1e-06,0.002,0.9,0.0019704782319074,
1D-exp-vs-cauchy-2048p,,,0.0503937014352143,1000000,0.002010498490862,,seconds,185.62618136405945,185.45849281176925,megabytes,88272.0,88272.0,95.0,94.95024875621893,0.25423872,0.25423872,0.81953125,0.7784893889925375,success,sgd,0.01,1000000,1e-06,0.002,0.9,0.002010498490862,
1D-exp-vs-cauchy-2048p,,,0.6070894267583247,1000000,0.0027618616002079,,seconds,185.97997951507568,185.7814415190369,megabytes,88272.0,88272.0,95.0,94.86340206185568,0.258043904,0.258043904,0.815625,0.7782810486469073,success,sgd,0.01,1000000,1e-06,0.002,0.9,0.0027618616002079,
1D-exp-vs-cauchy-2048p,,,0.1312559880003746,1000000,0.0023403988957554,,seconds,185.51092195510864,185.44964036159217,megabytes,88272.0,88272.0,95.0,94.87169811320754,0.257892352,0.257892352,0.83125,0.7789838836477994,success,sgd,0.01,1000000,1e-06,0.002,0.9,0.0023403988957554,
1D-exp-vs-cauchy-2048p,,,0.013260652115478,1000000,0.0015659289665754,,seconds,186.01964473724365,185.81750535033643,megabytes,88272.0,88272.0,95.0,94.88324873096448,0.257245184,0.257245184,0.81953125,0.7784888562817259,success,sgd,0.01,1000000,1e-06,0.002,0.9,0.0015659289665754,
1D-exp-vs-cauchy-2048p,,,0.1055585734200659,1000000,0.0020438939710204,,seconds,185.68967390060425,185.5310717560351,megabytes,88272.0,88272.0,95.0,94.94987146529564,0.257785856,0.257785856,0.8390625,0.7794615600899738,success,sgd,0.01,1000000,1e-06,0.002,0.9,0.0020438939710204,
1D-exp-vs-cauchy-2048p,,,0.0556141186964556,1000000,0.0020411233360171,,seconds,185.6317086219788,185.61804221011695,megabytes,88272.0,88272.0,95.0,94.86683107274968,0.257810432,0.257810432,0.81796875,0.7785517493834772,success,sgd,0.01,1000000,1e-06,0.002,0.9,0.0020411233360171,
1D-exp-vs-cauchy-2048p,,,0.0542478703082883,1000000,0.0020238961626395,,seconds,185.73978781700131,185.54692661203444,megabytes,88272.0,88272.0,95.0,94.93116395494368,0.25802752,0.25802752,0.81640625,0.7791673185231532,success,sgd,0.01,1000000,1e-06,0.002,0.9,0.0020238961626395,
1D-exp-vs-cauchy-2048p,,,0.1656168961806624,1000000,0.0023288135354925,,seconds,186.00557470321652,185.95841405168176,megabytes,88272.0,88272.0,95.0,94.93333333333334,0.257871872,0.257871872,0.8375,0.7792246462264161,success,sgd,0.01,1000000,1e-06,0.002,0.9,0.0023288135354925,
1D-exp-vs-cauchy-2048p,,,0.1578213813008436,1000000,0.0018956267052402,,seconds,185.69502806663516,185.57843184284863,megabytes,88272.0,88272.0,95.0,94.89209535759096,0.257839104,0.257839104,0.81875,0.7789983924090345,success,sgd,0.01,1000000,1e-06,0.002,0.9,0.0018956267052402,
1D-exp-vs-cauchy-2048p,,,0.0907500364012062,1000000,0.0020553470718895,,seconds,185.75024318695068,185.73691985197365,megabytes,88272.0,88272.0,95.0,94.92503176620076,0.256958464,0.256958464,0.82109375,0.780259291613723,success,sgd,0.01,1000000,1e-06,0.002,0.9,0.0020553470718895,
1D-exp-vs-cauchy-2048p,,,0.0550241576995883,1000000,0.001733419946302,,seconds,185.70956778526303,185.5451463293284,megabytes,88272.0,88272.0,95.0,94.91645244215938,0.256937984,0.256937984,0.81640625,0.7790799726863753,success,sgd,0.01,1000000,1e-06,0.002,0.9,0.001733419946302,
1D-exp-vs-cauchy-2048p,,,0.5197056666216429,1000000,0.0028260425796256,,seconds,185.69348859786987,185.6586103476584,megabytes,88272.0,88272.0,95.0,94.93576826196474,0.256057344,0.256057344,0.8203125,0.7788383579974809,success,sgd,0.01,1000000,1e-06,0.002,0.9,0.0028260425796256,
1D-exp-vs-cauchy-2048p,,,0.5966497715269934,1000000,0.0028739681191506,,seconds,185.34415650367737,185.26475939154625,megabytes,88272.0,88272.0,95.0,94.87662337662336,0.256032768,0.256032768,0.83046875,0.7798660714285732,success,sgd,0.01,1000000,1e-06,0.002,0.9,0.0028739681191506,
1D-exp-vs-cauchy-2048p,,,0.2948320246013084,1000000,0.0017903686420026,,seconds,185.45640969276428,185.45237198658288,megabytes,88272.0,88272.0,95.0,94.84119106699752,0.256049152,0.256049152,0.834375,0.780273922146402,success,sgd,0.01,1000000,1e-06,0.002,0.9,0.0017903686420026,
1D-exp-vs-cauchy-2048p,,,0.4921125433073046,1000000,0.0017665532081022,,seconds,185.54657244682312,185.3594376873225,megabytes,88272.0,88272.0,95.0,94.85375,0.25612288,0.25612288,0.815625,0.7785478515624998,success,sgd,0.01,1000000,1e-06,0.002,0.9,0.0017665532081022,
